id_zapisi,data,vremya,filial,master,usluga,cena,id_klienta,kanal_zapisi,status
1,01.01.2026,16:45,Заречная,Тимур Аскеров,Стрижка мужская,1400,5828,телефон,выполнена
2,01.01.2026,14:00,Центр,Артём Соколов,Стрижка мужская,1400,5814,телефон,выполнена
3,01.01.2026,13:45,Центр,Артём Соколов,Стрижка мужская,1400,5576,телефон,выполнена
4,01.01.2026,13:30,Северный,Данила Ким,Бритьё опасной бритвой,1300,5647,онлайн,выполнена
5,01.01.2026,19:45,Северный,Олег Рыбак,Стрижка мужская,1400 р.,6444,телефон,выполнена
6,01.01.2026,16:30,Северный,Роман Швец,Стрижка мужская,1400 р.,6405,телефон,выполнена
7,2026-01-01,12:15,Северный,Данила Ким,Стрижка мужская,1120,5580,онлайн,выполнена
8,01.01.2026,10:00,Заречная,Марк Дёмин,Стрижка + борода,2100,5372,телефон,выполнена
9,01.01.2026,19:45,Центр,иван петров,Бритьё опасной бритвой,1300,5392,без записи,выполнена
10,01.01.2026,15:45,Центр,иван петров,Стрижка + борода,2100,5831,без записи,выполнена
11,01.01.2026,14:15,Центр, Иван Петров,Тонирование,1620,6167,онлайн,выполнена
12,2026-01-01,15:00,Заречная,Тимур А.,Стрижка мужская,1190,6328,телефон,выполнена
13,01.01.2026,11:00,Северный,Д. Ким,Стрижка детская,1000,5150,онлайн,выполнена
14,02.01.2026,14:30,Центр,Артём Соколов,Стрижка + борода,2100,5607,онлайн,неявка
15,02.01.2026,14:15,Центр,Артём Соколов,Оформление бороды,900,5855,онлайн,выполнена
16,02.01.2026,11:45,Северный,Олег Рыбак,Оформление бороды,900,6043,телефон,выполнена
17,02.01.2026,18:15,Заречная,Тимур А.,Стрижка мужская,1400,5264,телефон,выполнена
18,02.01.2026,18:15,Заречная,ТИМУР АСКЕРОВ,Оформление бороды,900 р.,6029,онлайн,выполнена
19,02.01.2026,11:00,Заречная,Марк Дёмин,Стрижка + борода,2100,5330,телефон,выполнена
20,02.01.2026,18:15,Северный,Олег Рыбак,Стрижка мужская,1400,6131,телефон,выполнена
21,02.01.2026,15:00,Северный,Роман Швец,Стрижка + борода,1890,5664,онлайн,выполнена
22,02.01.2026,18:45,Центр,Лев Гаврилов,Стрижка + борода,2100,6422,онлайн,выполнена
23,02.01.2026,18:30,Заречная,Тимур Аскеров,Камуфляж седины,1600,5526,онлайн,выполнена
24,2026-01-02,15:15,Центр,Артём Соколов,Стрижка мужская,1400,5755,без записи,выполнена
25,02.01.2026,17:30,Центр,иван петров,Стрижка + борода,2100 р.,6334,телефон,выполнена
26,02.01.2026,12:45,Северный,Олег Рыбак,Оформление бороды,900,5862,онлайн,выполнена
27,02.01.2026,11:00,Центр,Артём Соколов,Стрижка детская,1000,5773,телефон,выполнена
28,02.01.2026,12:45,Центр,Артём Соколов,Стрижка мужская,1400,5504,онлайн,выполнена
29,03.01.2026,17:15,Центр,Иван П.,Стрижка мужская,1400,5940,телефон,отменена
30,03.01.2026,12:30,Центр,иван петров,Стрижка мужская,1400,6128,онлайн,выполнена
31,2026-01-03,20:30,Центр, Иван Петров,Стрижка детская,1100,5119,без записи,выполнена
32,03.01.2026,19:15,Центр,Лев Гаврилов,Стрижка мужская,1540 р.,6269,без записи,выполнена
33,2026-01-03,18:00,Северный,Олег Рыбак,Стрижка мужская,1400,6421,без записи,выполнена
34,03.01.2026,17:45,Центр,Лев Гаврилов,Стрижка мужская,1400,5091,онлайн,выполнена
35,03.01.2026,18:00,Центр,Артём Соколов,Оформление бороды,900,5026,без записи,выполнена
36,03.01.2026,17:30,Северный,Роман Швец,Стрижка мужская,1120,5804,телефон,выполнена
37,03.01.2026,11:15,Северный,Д. Ким,Стрижка детская,1100,5270,онлайн,выполнена
38,03.01.2026,15:45,Северный,Д. Ким,Стрижка детская,1000,5285,телефон,выполнена
39,03.01.2026,20:00,Центр,Лев Гаврилов,Стрижка мужская,1540,5023,телефон,выполнена
40,03.01.2026,17:30,Центр,Лев Гаврилов,Камуфляж седины,1600,6052,без записи,выполнена
41,2026-01-03,13:45,Заречная,Марк Дёмин,Стрижка мужская,1400,5675,телефон,выполнена
42,2026-01-03,12:30,Заречная,Марк Дёмин,Камуфляж седины,1440,5252,онлайн,выполнена
43,03.01.2026,13:15,Заречная,Марк Дёмин,Стрижка мужская,1400,5406,онлайн,выполнена
44,03.01.2026,14:15,Заречная,Марк Дёмин,Стрижка + борода,1680,5829,онлайн,выполнена
45,03.01.2026,17:45,Центр,Лев Гаврилов,Камуфляж седины,1600,5995,без записи,выполнена
46,03.01.2026,10:00,Центр,Артём Соколов,Стрижка + борода,2100,6065,онлайн,выполнена
47,2026-01-03,11:00,Заречная,Тимур Аскеров,Стрижка мужская,1400,5490,телефон,выполнена
48,03.01.2026,15:00,Заречная,Марк Дёмин,Оформление бороды,900,5202,онлайн,выполнена
49,03.01.2026,16:15,Центр,Артём Соколов,Стрижка + борода,2100,6375,телефон,выполнена
50,03.01.2026,18:00,Северный,Олег Рыбак,Бритьё опасной бритвой,1430,6014,онлайн,выполнена
51,03.01.2026,14:30,Северный,Роман Швец,Оформление бороды,990,5561,онлайн,выполнена
52,2026-01-03,13:15,Центр,Лев Гаврилов,Стрижка мужская,1400,5606,без записи,выполнена
53,03.01.2026,11:00,Заречная,Марк Дёмин,Оформление бороды,990,5180,онлайн,выполнена
54,2026-01-03,18:00,Северный,Олег Рыбак,Стрижка мужская,"1190,00",5963,онлайн,выполнена
55,2026-01-03,14:45,Центр,Лев Гаврилов,Камуфляж седины,1600,6059,телефон,выполнена
56,03.01.2026,17:30,Центр,Артём Соколов,Оформление бороды,900,5484,онлайн,выполнена
57,04.01.2026,17:45,Северный,Данила Ким,Стрижка + борода,1680,5539,онлайн,выполнена
58,04.01.2026,17:30,Центр,иван петров,Стрижка мужская,1540,6021,онлайн,выполнена
59,04.01.2026,18:00,Центр,Артём Соколов,Оформление бороды,"990,00",6034,без записи,выполнена
60,04.01.2026,15:00,Центр,Артём Соколов,Стрижка мужская,1400,6393,онлайн,выполнена
61,04.01.2026,20:15,Северный,Данила Ким,Стрижка мужская,1400,6305,телефон,выполнена
62,04.01.2026,17:15,Центр,Артём Соколов,Стрижка мужская,1400,5820,онлайн,выполнена
63,04.01.2026,15:30,Центр,Иван П.,Оформление бороды,900,6063,онлайн,выполнена
64,04.01.2026,10:30,Северный,Роман Швец,Камуфляж седины,"1600,00",5922,онлайн,выполнена
65,04.01.2026,10:30,Центр,иван петров,Стрижка + борода,2100,6412,без записи,выполнена
66,2026-01-04,16:30,Заречная,Марк Дёмин,Стрижка мужская,1540,5261,телефон,выполнена
67,04.01.2026,19:30,Северный,Д. Ким,Стрижка мужская,1540,5767,онлайн,выполнена
68,2026-01-04,13:15,Северный,Олег Рыбак,Камуфляж седины,1360,5267,без записи,выполнена
69,04.01.2026,12:00,Центр,Лев Гаврилов,Камуфляж седины,"1600,00",5558,без записи,отменена
70,2026-01-04,13:45,Заречная,Марк Дёмин,Оформление бороды,900,5080,онлайн,выполнена
71,04.01.2026,19:45,Центр,иван петров,Стрижка детская,1000 р.,5789,онлайн,отменена
72,04.01.2026,19:45,Центр,иван петров,Стрижка + борода,"2100,00",5617,онлайн,выполнена
73,04.01.2026,12:30,Центр,иван петров,Стрижка мужская,1400,6005,онлайн,выполнена
74,04.01.2026,11:00,Центр,Артём Соколов,Стрижка мужская,1400 р.,6444,онлайн,выполнена
75,05.01.2026,18:30,Центр,Артём Соколов,Оформление бороды,900,5516,онлайн,выполнена
76,05.01.2026,18:30,Северный,Д. Ким,Стрижка мужская,"1400,00",5257,без записи,выполнена
77,2026-01-05,15:45,Северный,Олег Рыбак,Оформление бороды,810,5366,телефон,выполнена
78,05.01.2026,19:45,Северный,Д. Ким,Камуфляж седины,1600,5074,телефон,выполнена
79,2026-01-05,19:45,Заречная,Марк Дёмин,Стрижка мужская,1400,5570,онлайн,выполнена
80,05.01.2026,14:00,Заречная,Марк Дёмин,Стрижка + борода,2100 р.,5750,телефон,выполнена
81,05.01.2026,18:45,Центр,Иван Петров,Стрижка мужская,1400,5850,онлайн,выполнена
82,05.01.2026,17:00,Центр,Иван Петров,Стрижка детская,1000 р.,5193,онлайн,выполнена
83,06.01.2026,18:30,Северный,Олег Рыбак,Стрижка мужская,1400,6014,без записи,выполнена
84,06.01.2026,19:00,Центр,Лев Гаврилов,Стрижка мужская,1400,5035,телефон,выполнена
85,06.01.2026,14:00,Центр,Иван П.,Камуфляж седины,1600,5786,онлайн,выполнена
86,06.01.2026,16:45,Центр,Артём Соколов,Стрижка мужская,1400,6019,телефон,выполнена
87,06.01.2026,16:15,Центр,Артём Соколов,Камуфляж седины,1600,5144,онлайн,выполнена
88,2026-01-06,13:30,Заречная,Марк Дёмин,Оформление бороды,900,6288,онлайн,выполнена
89,06.01.2026,15:00,Заречная,Тимур А.,Стрижка + борода,2100,5066,онлайн,выполнена
90,06.01.2026,18:45,Северный,Роман Швец,Стрижка мужская,1400,5144,онлайн,выполнена
91,06.01.2026,14:15,Центр, Иван Петров,Стрижка мужская,1400 р.,5702,онлайн,выполнена
92,06.01.2026,16:45,Северный,Олег Рыбак,Стрижка мужская,1400,5148,онлайн,выполнена
93,2026-01-06,15:15,Центр,Иван Петров,Стрижка мужская,1400,5241,без записи,выполнена
94,2026-01-07,13:45,Заречная,ТИМУР АСКЕРОВ,Оформление бороды,900,6020,телефон,выполнена
95,07.01.2026,14:30,Центр,Артём Соколов,Стрижка мужская,1400 р.,6250,телефон,выполнена
96,07.01.2026,11:30,Северный,Роман Швец,Стрижка мужская,1400,5412,онлайн,выполнена
97,07.01.2026,19:00,Заречная,Марк Дёмин,Стрижка мужская,1400,5932,онлайн,выполнена
98,2026-01-07,14:00,Центр,Артём Соколов,Оформление бороды,900,5502,без записи,отменена
99,07.01.2026,16:15,Северный,Олег Рыбак,Оформление бороды,900,5141,телефон,отменена
100,07.01.2026,16:45,Центр, Иван Петров,Стрижка мужская,1190,6241,онлайн,отменена
101,07.01.2026,13:15,Заречная,Марк Дёмин,Оформление бороды,720,5293,без записи,выполнена
102,07.01.2026,19:45,Заречная,Тимур Аскеров,Стрижка + борода,2100,5033,телефон,выполнена
103,07.01.2026,11:15,Центр,Лев Гаврилов,Стрижка + борода,2100,5479,без записи,выполнена
104,08.01.2026,19:15,Центр,Иван Петров,Стрижка мужская,1400 р.,5495,телефон,выполнена
105,08.01.2026,16:00,Северный,Роман Швец,Стрижка мужская,"1400,00",5026,онлайн,выполнена
106,08.01.2026,14:45,Центр,Иван Петров,Камуфляж седины,1600,5906,онлайн,выполнена
107,08.01.2026,15:45,Заречная,Тимур А.,Стрижка мужская,1260,5468,онлайн,выполнена
108,08.01.2026,18:45,Центр,Артём Соколов,Стрижка мужская,1400,5765,телефон,выполнена
109,2026-01-08,17:30,Центр,Иван Петров,Стрижка + борода,2100,5471,без записи,выполнена
110,08.01.2026,17:00,Заречная,Марк Дёмин,Стрижка мужская,1400,6365,онлайн,выполнена
111,08.01.2026,17:30,Северный,Олег Рыбак,Оформление бороды,900,5046,онлайн,выполнена
112,08.01.2026,12:00,Заречная,ТИМУР АСКЕРОВ,Стрижка детская,1000,5033,онлайн,выполнена
113,08.01.2026,17:00,Центр,Лев Гаврилов,Оформление бороды,900,5814,телефон,выполнена
114,08.01.2026,16:00,Северный,Олег Рыбак,Бритьё опасной бритвой,1300,5774,онлайн,выполнена
115,08.01.2026,14:00,Заречная,ТИМУР АСКЕРОВ,Стрижка детская,1000,6440,телефон,выполнена
116,08.01.2026,11:45,Центр,Лев Гаврилов,Стрижка мужская,1400,5674,онлайн,выполнена
117,08.01.2026,13:45,Центр,Лев Гаврилов,Стрижка мужская,1400,5934,онлайн,выполнена
118,2026-01-09,16:45,Центр,Иван П.,Стрижка + борода,1680,5731,онлайн,выполнена
119,09.01.2026,15:30,Центр,иван петров,Стрижка машинкой,700,5305,телефон,выполнена
120,09.01.2026,11:00,Центр,Артём Соколов,Стрижка мужская,1400,5498,онлайн,выполнена
121,09.01.2026,18:30,Северный,Олег Рыбак,Оформление бороды,900,6209,телефон,выполнена
122,09.01.2026,15:15,Северный,Данила Ким,Стрижка + борода,2100 р.,5294,без записи,выполнена
123,09.01.2026,12:00,Центр,Артём Соколов,Стрижка мужская,1400,5742,онлайн,выполнена
124,09.01.2026,15:45,Заречная,Марк Дёмин,Стрижка + борода,"2100,00",6444,без записи,выполнена
125,2026-01-09,13:30,Центр,Лев Гаврилов,Стрижка мужская,"1400,00",6109,телефон,выполнена
126,2026-01-09,20:00,Заречная,Тимур А.,Стрижка + борода,"1680,00",5322,телефон,выполнена
127,2026-01-09,18:00,Заречная,Тимур А.,Стрижка + борода,2100,5074,онлайн,выполнена
128,2026-01-09,16:30,Северный,Олег Рыбак,Стрижка + борода,2100,5721,онлайн,выполнена
129,09.01.2026,17:30,Северный,Данила Ким,Стрижка мужская,1400 р.,6177,телефон,выполнена
130,09.01.2026,11:15,Центр,иван петров,Стрижка мужская,1400 р.,6220,без записи,выполнена
131,09.01.2026,13:15,Северный,Данила Ким,Оформление бороды,"900,00",5762,онлайн,выполнена
132,09.01.2026,13:45,Центр,Лев Гаврилов,Стрижка мужская,1400,5653,онлайн,выполнена
133,2026-01-09,20:45,Заречная,Тимур Аскеров,Оформление бороды,900,5950,онлайн,выполнена
134,09.01.2026,19:45,Заречная,Марк Дёмин,Стрижка + борода,1890 р.,6079,телефон,выполнена
135,09.01.2026,14:00,Северный,Д. Ким,Стрижка мужская,1400,6009,без записи,выполнена
136,09.01.2026,15:00,Северный,Олег Рыбак,Стрижка детская,1000 р.,5812,телефон,выполнена
137,09.01.2026,13:00,Заречная ,ТИМУР АСКЕРОВ,Стрижка + борода,2100,5086,онлайн,выполнена
138,2026-01-10,16:30,Заречная,Марк Дёмин,Стрижка + борода,2100,6007,онлайн,выполнена
139,10.01.2026,17:15,Центр,Лев Гаврилов,Стрижка мужская,1260,5696,телефон,выполнена
140,10.01.2026,15:45,Заречная,Тимур А.,Оформление бороды,765 р.,6295,онлайн,выполнена
141,10.01.2026,11:45,Заречная,Марк Дёмин,Стрижка мужская,1540 р.,5522,без записи,выполнена
142,10.01.2026,16:15,Центр,Иван П.,Оформление бороды,900,6413,телефон,выполнена
143,2026-01-10,13:00,Центр,Лев Гаврилов,Стрижка мужская,1400,6348,телефон,выполнена
144,10.01.2026,14:15,Центр,Лев Гаврилов,Бритьё опасной бритвой,1430 р.,5536,телефон,выполнена
145,10.01.2026,20:45,Северный,Роман Швец,Стрижка + борода,1680,5267,онлайн,выполнена
146,2026-01-10,18:00,Центр,Артём Соколов,Стрижка + борода,1785,6406,телефон,выполнена
147,10.01.2026,14:45,Северный,Роман Швец,Стрижка мужская,1400,5010,онлайн,выполнена
148,10.01.2026,15:45,Центр, Иван Петров,Стрижка мужская,1540,5384,телефон,выполнена
149,10.01.2026,17:00,Северный,Роман Швец,Стрижка мужская,1400,5388,без записи,выполнена
150,2026-01-10,11:00,Центр,Лев Гаврилов,Стрижка мужская,"1400,00",5570,телефон,выполнена
151,10.01.2026,18:15,Северный,Роман Швец,Стрижка + борода,2100,5051,онлайн,выполнена
152,10.01.2026,17:15,Центр,Лев Гаврилов,Оформление бороды,"900,00",5997,телефон,выполнена
153,10.01.2026,13:00,Заречная,Тимур А.,Бритьё опасной бритвой,"1300,00",5549,телефон,выполнена
154,10.01.2026,17:45,Центр,Лев Гаврилов,Оформление бороды,900,6034,без записи,выполнена
155,10.01.2026,17:15,Заречная,ТИМУР АСКЕРОВ,Стрижка + борода,2100,5175,онлайн,выполнена
156,2026-01-10,20:45,Центр,Лев Гаврилов,Стрижка мужская,1540,5649,онлайн,отменена
157,10.01.2026,12:00,Центр,Артём Соколов,Стрижка + борода,2100,5355,онлайн,выполнена
158,2026-01-10,16:45,Северный,Роман Швец,Стрижка + борода,2100,5201,телефон,выполнена
159,10.01.2026,18:15,Центр,иван петров,Оформление бороды,900,6194,без записи,выполнена
160,10.01.2026,19:00,Заречная,Марк Дёмин,Стрижка мужская,1400,5542,онлайн,отменена
161,10.01.2026,18:00,Северный,Роман Швец,Бритьё опасной бритвой,1300,5624,телефон,выполнена
162,10.01.2026,12:15,Северный,Роман Швец,Бритьё опасной бритвой,1300,6387,онлайн,выполнена
163,10.01.2026,19:00,Центр,Артём Соколов,Оформление бороды,990,6394,без записи,выполнена
164,10.01.2026,18:15,Центр, Иван Петров,Стрижка мужская,"1400,00",5090,онлайн,выполнена
165,11.01.2026,15:15,Центр,Иван П.,Стрижка мужская,1260,5171,телефон,выполнена
166,11.01.2026,15:30,Заречная,Тимур Аскеров,Стрижка + борода,2100,6084,онлайн,выполнена
167,2026-01-11,19:45,Заречная,ТИМУР АСКЕРОВ,Стрижка мужская,1540,5932,онлайн,выполнена
168,11.01.2026,14:30,Северный,Д. Ким,Стрижка + борода,2100,5155,без записи,выполнена
169,11.01.2026,18:00,Заречная,ТИМУР АСКЕРОВ,Стрижка мужская,1400,5497,онлайн,выполнена
170,11.01.2026,13:30,Северный,Роман Швец,Стрижка + борода,2310,5906,онлайн,выполнена
171,11.01.2026,17:15,Северный,Роман Швец,Стрижка детская,1000,6321,без записи,выполнена
172,11.01.2026,19:30,Центр,Артём Соколов,Стрижка мужская,1400,6288,онлайн,выполнена
173,11.01.2026,19:00,Центр,иван петров,Стрижка мужская,1400 р.,6372,онлайн,выполнена
174,11.01.2026,20:30,Заречная,Марк Дёмин,Стрижка мужская,1400,5798,телефон,выполнена
175,11.01.2026,11:00,Центр,Иван П.,Оформление бороды,"900,00",5034,онлайн,выполнена
176,11.01.2026,19:45,Центр,Иван Петров,Стрижка мужская,1400,6141,онлайн,неявка
177,11.01.2026,19:45,Центр,Артём Соколов,Стрижка мужская,1400 р.,5574,онлайн,выполнена
178,2026-01-11,17:45,Центр,иван петров,Бритьё опасной бритвой,1300,5762,онлайн,выполнена
179,11.01.2026,18:15,Центр,Лев Гаврилов,Стрижка мужская,1400,5700,без записи,выполнена
180,11.01.2026,20:45,Северный,Данила Ким,Бритьё опасной бритвой,1300,6172,онлайн,выполнена
181,11.01.2026,17:00,Северный,Д. Ким,,1400,5259,онлайн,выполнена
182,2026-01-11,20:00,Центр, Иван Петров,Стрижка мужская,1540,6302,онлайн,выполнена
183,11.01.2026,18:15,Центр,Лев Гаврилов,Стрижка + борода,2100 р.,6343,онлайн,выполнена
184,11.01.2026,20:00,Северный,Д. Ким,Оформление бороды,900,6104,телефон,выполнена
185,2026-01-11,12:00,Центр,иван петров,Стрижка мужская,1400,5803,онлайн,выполнена
186,11.01.2026,16:30,Заречная,Марк Дёмин,Стрижка мужская,1540,6145,онлайн,выполнена
187,12.01.2026,11:30,Заречная,Марк Дёмин,Стрижка мужская,1400,5564,онлайн,выполнена
188,12.01.2026,15:00,Центр,Лев Гаврилов,Стрижка мужская,1400,5309,онлайн,выполнена
189,2026-01-12,10:15,Центр,Лев Гаврилов,Оформление бороды,900,5271,онлайн,выполнена
190,12.01.2026,11:15,Центр,Лев Гаврилов,Стрижка мужская,1260,5062,телефон,выполнена
191,12.01.2026,14:45,Северный,Олег Рыбак,Стрижка + борода,2100,5830,онлайн,выполнена
192,12.01.2026,13:30,Северный,Роман Швец,Стрижка детская,1000,5415,без записи,выполнена
193,12.01.2026,16:15,Северный,Олег Рыбак,Стрижка мужская,1400,5773,телефон,выполнена
194,13.01.2026,20:45,Центр,Артём Соколов,Стрижка + борода,2100,6288,телефон,выполнена
195,13.01.2026,14:00,Центр,Артём Соколов,Стрижка мужская,1400,5511,телефон,выполнена
196,13.01.2026,16:45,Северный,Данила Ким,Оформление бороды,900,5074,онлайн,выполнена
197,13.01.2026,16:00,Центр,Артём Соколов,Стрижка детская,1000,5951,онлайн,выполнена
198,13.01.2026,12:00,Заречная,Марк Дёмин,Стрижка мужская,1400,5781,онлайн,выполнена
199,13.01.2026,11:45,Центр,Иван Петров,Стрижка мужская,1400,5969,телефон,выполнена
200,13.01.2026,19:00,Заречная,Тимур А.,Стрижка детская,1000,5097,телефон,выполнена
201,13.01.2026,15:45,Заречная,Марк Дёмин,Стрижка мужская,1400,5191,онлайн,выполнена
202,13.01.2026,10:00,Центр,Артём Соколов,Стрижка + борода,2100,5219,онлайн,выполнена
203,14.01.2026,16:45,Заречная,Тимур А.,Оформление бороды,900,5428,онлайн,выполнена
204,2026-01-14,18:30,Центр,иван петров,Оформление бороды,900,5155,телефон,неявка
205,14.01.2026,17:15,Северный,Данила Ким,Бритьё опасной бритвой,1300,5062,онлайн,выполнена
206,14.01.2026,18:15,Центр, Иван Петров,Стрижка мужская,1120,6020,онлайн,выполнена
207,14.01.2026,14:00,Центр,Артём Соколов,Стрижка детская,1000,6231,онлайн,выполнена
208,14.01.2026,17:30,Заречная,Тимур Аскеров,Стрижка мужская,1400,5284,онлайн,выполнена
209,14.01.2026,15:30,Северный,Д. Ким,Стрижка + борода,1785,6433,онлайн,выполнена
210,14.01.2026,15:30,Заречная,Марк Дёмин,Стрижка + борода,2100 р.,5016,онлайн,выполнена
211,14.01.2026,16:00,Северный,Д. Ким,Стрижка + борода,2100,5578,без записи,выполнена
212,14.01.2026,14:00,Заречная,Тимур Аскеров,Стрижка мужская,"1400,00",6263,без записи,выполнена
213,2026-01-14,12:30,Центр,Лев Гаврилов,Оформление бороды,900,5884,телефон,отменена
214,2026-01-14,16:00,Северный,Олег Рыбак,Камуфляж седины,1360,5300,телефон,выполнена
215,14.01.2026,16:45,Центр,Иван П.,Стрижка + борода,2100,5468,телефон,выполнена
216,2026-01-15,20:00,Центр,Артём Соколов,Стрижка мужская,1400,5205,без записи,выполнена
217,15.01.2026,18:30,Северный,Данила Ким,Оформление бороды,900,6235,без записи,выполнена
218,15.01.2026,19:30,Северный,Роман Швец,Бритьё опасной бритвой,1300 р.,5153,онлайн,выполнена
219,15.01.2026,18:15,Северный,Олег Рыбак,Стрижка + борода,1680,6421,без записи,выполнена
220,15.01.2026,18:15,Центр,Артём Соколов,Стрижка детская,1000,5096,онлайн,выполнена
221,15.01.2026,12:30,Северный,Д. Ким,Оформление бороды,900 р.,5726,без записи,выполнена
222,2026-01-15,20:45,Заречная,Тимур Аскеров,,1000,5379,без записи,выполнена
223,15.01.2026,19:15,Заречная,Тимур А.,Стрижка + борода,1785,6299,без записи,выполнена
224,15.01.2026,11:45,Заречная,Тимур Аскеров,Оформление бороды,900,5812,онлайн,выполнена
225,15.01.2026,17:30,Заречная,Марк Дёмин,Бритьё опасной бритвой,1300,5803,онлайн,выполнена
226,15.01.2026,11:15,Центр,Артём Соколов,Стрижка мужская,1400,5223,без записи,выполнена
227,2026-01-15,14:15,Центр,Иван П.,Оформление бороды,900,5149,онлайн,выполнена
228,15.01.2026,20:15,Заречная,Марк Дёмин,Стрижка мужская,1120,5772,онлайн,выполнена
229,15.01.2026,16:45,Центр,Артём Соколов,Стрижка мужская,1400,5239,онлайн,выполнена
230,16.01.2026,11:45,Северный,Роман Швец,Стрижка мужская,1120,5123,онлайн,выполнена
231,16.01.2026,20:30,Центр,Артём Соколов,Оформление бороды,900,5401,без записи,выполнена
232,16.01.2026,11:00,Центр,Лев Гаврилов,Стрижка + борода,1890,6391,онлайн,выполнена
233,16.01.2026,12:15,Центр,Артём Соколов,,2100,5106,без записи,выполнена
234,16.01.2026,20:15,Северный,Роман Швец,Стрижка мужская,1400,6348,онлайн,выполнена
235,16.01.2026,14:45,Центр,Артём Соколов,Стрижка детская,1000,5920,телефон,выполнена
236,16.01.2026,11:00,Центр,Артём Соколов,Стрижка + борода,2100,5085,без записи,выполнена
237,16.01.2026,11:45,Центр,Иван П.,Стрижка мужская,1190,6150,телефон,отменена
238,16.01.2026,19:15,Центр,Лев Гаврилов,Оформление бороды,900,5443,онлайн,выполнена
239,2026-01-16,13:30,Северный,Роман Швец,Стрижка мужская,1400,5415,онлайн,выполнена
240,2026-01-16,19:00,Заречная,Марк Дёмин,Стрижка + борода,2100,5937,телефон,выполнена
241,16.01.2026,17:00,Северный,Олег Рыбак,Стрижка + борода,1785,5773,телефон,выполнена
242,16.01.2026,13:45,Заречная,Тимур А.,Стрижка мужская,1400,5537,онлайн,выполнена
243,16.01.2026,11:45,Заречная,Марк Дёмин,Стрижка + борода,2100,5379,телефон,выполнена
244,16.01.2026,18:15,Заречная,Марк Дёмин,Стрижка мужская,"1400,00",5709,телефон,выполнена
245,2026-01-16,13:15,Заречная,Марк Дёмин,Стрижка мужская,1400,5958,телефон,выполнена
246,16.01.2026,14:45,Северный,Данила Ким,Стрижка + борода,"2100,00",5582,онлайн,выполнена
247,16.01.2026,17:00,Северный,Д. Ким,Стрижка + борода,2100,6143,онлайн,выполнена
248,16.01.2026,13:00,Заречная,Тимур Аскеров,Стрижка + борода,2100,6398,телефон,выполнена
249,17.01.2026,16:15,Северный,Данила Ким,Стрижка мужская,1400,5175,телефон,выполнена
250,17.01.2026,16:30,Центр,Лев Гаврилов,Стрижка машинкой,700,5788,без записи,выполнена
251,17.01.2026,15:30,Заречная,ТИМУР АСКЕРОВ,Оформление бороды,765,5974,онлайн,выполнена
252,17.01.2026,12:15,Северный,Олег Рыбак,Оформление бороды,900,5182,без записи,выполнена
253,17.01.2026,18:45,Северный,Д. Ким,Стрижка мужская,1400,5008,онлайн,выполнена
254,17.01.2026,13:15,Центр,Артём Соколов,Стрижка + борода,2100,5347,телефон,выполнена
255,17.01.2026,20:45,Северный,Д. Ким,Стрижка + борода,2100,5525,онлайн,выполнена
256,2026-01-17,15:00,Центр,Иван П.,Стрижка мужская,1400,6332,онлайн,выполнена
257,17.01.2026,19:15,Заречная,Марк Дёмин,Стрижка + борода,2100,5070,онлайн,выполнена
258,17.01.2026,17:00,Заречная,Тимур Аскеров,Стрижка мужская,1400,5113,онлайн,выполнена
259,17.01.2026,17:30,Центр,Артём Соколов,Стрижка мужская,1540 р.,5932,телефон,выполнена
260,17.01.2026,19:15,Заречная,Марк Дёмин,Стрижка + борода,2100 р.,6019,без записи,выполнена
261,17.01.2026,13:00,Центр,иван петров,Оформление бороды,900,5888,телефон,выполнена
262,17.01.2026,16:30,Северный,Роман Швец,Стрижка мужская,1190,5449,без записи,выполнена
263,17.01.2026,18:45,Центр,иван петров,Стрижка + борода,1785,5756,онлайн,выполнена
264,17.01.2026,19:00,Заречная,ТИМУР АСКЕРОВ,Стрижка мужская,1540,5702,онлайн,выполнена
265,17.01.2026,16:00,Центр,Артём Соколов,Стрижка детская,1100,6237,онлайн,выполнена
266,17.01.2026,16:30,Заречная,ТИМУР АСКЕРОВ,Стрижка + борода,2100,5171,телефон,выполнена
267,17.01.2026,19:15,Центр,Артём Соколов,Стрижка мужская,1400,6266,телефон,отменена
268,17.01.2026,18:30,Северный,Д. Ким,Стрижка + борода,2100 р.,5057,онлайн,выполнена
269,17.01.2026,20:30,Северный,Олег Рыбак,Камуфляж седины,1360,6341,без записи,выполнена
270,17.01.2026,13:30,Северный,Роман Швец,Оформление бороды,900,5593,телефон,выполнена
271,17.01.2026,17:15,Заречная,Марк Дёмин,Стрижка мужская,1400,6130,без записи,выполнена
272,17.01.2026,14:45,Заречная,Марк Дёмин,Стрижка + борода,"2310,00",6220,телефон,выполнена
273,17.01.2026,17:30,Центр,Лев Гаврилов,Стрижка + борода,2310,5713,онлайн,выполнена
274,17.01.2026,13:15,Центр,Иван П.,Стрижка мужская,1400,5603,без записи,выполнена
275,18.01.2026,11:30,Северный,Данила Ким,Стрижка + борода,1785 р.,5820,онлайн,выполнена
276,2026-01-18,18:15,Центр,Лев Гаврилов,Стрижка мужская,1400,6131,телефон,выполнена
277,18.01.2026,18:45,Северный,Олег Рыбак,Стрижка мужская,1400,6382,онлайн,выполнена
278,18.01.2026,18:45,Заречная,ТИМУР АСКЕРОВ,Камуфляж седины,1600,5137,телефон,выполнена
279,18.01.2026,15:15,Центр,Лев Гаврилов,Стрижка мужская,1400,5933,онлайн,выполнена
280,18.01.2026,10:30,Заречная,Марк Дёмин,,900,5800,онлайн,выполнена
281,18.01.2026,17:00,Центр,Лев Гаврилов,Бритьё опасной бритвой,1300,6396,телефон,выполнена
282,18.01.2026,19:15,Северный,Д. Ким,Стрижка мужская,1400,6278,онлайн,выполнена
283,18.01.2026,14:15,Северный,Олег Рыбак,Стрижка + борода,2100,6039,онлайн,выполнена
284,2026-01-18,16:00,Северный,Данила Ким,Камуфляж седины,1600,5799,онлайн,выполнена
285,2026-01-18,11:15,Северный,Д. Ким,Камуфляж седины,1600,6244,онлайн,выполнена
286,2026-01-18,13:30,Центр,Артём Соколов,Стрижка мужская,1400,5900,онлайн,выполнена
287,2026-01-18,13:45,Центр,Артём Соколов,Оформление бороды,900,5424,онлайн,выполнена
288,18.01.2026,16:00,Центр,Артём Соколов,Стрижка мужская,1260,5256,онлайн,выполнена
289,18.01.2026,20:30,Центр,Артём Соколов,Стрижка мужская,1400 р.,5286,телефон,выполнена
290,18.01.2026,18:15,Северный,Д. Ким,Оформление бороды,"900,00",5898,телефон,выполнена
291,18.01.2026,14:45,Северный,Роман Швец,Стрижка мужская,1540 р.,5855,телефон,выполнена
292,18.01.2026,17:00,Заречная,Тимур А.,Стрижка мужская,1400,5001,онлайн,выполнена
293,2026-01-18,18:30,Северный,Олег Рыбак,Стрижка + борода,2100,5735,телефон,отменена
294,18.01.2026,20:15,Северный,Д. Ким,Стрижка мужская,1190,5403,онлайн,выполнена
295,2026-01-18,20:00,Центр,Иван П.,Тонирование,1800,5162,телефон,выполнена
296,18.01.2026,17:15,Заречная,ТИМУР АСКЕРОВ,Оформление бороды,900,6200,без записи,выполнена
297,18.01.2026,15:30,Центр,Артём Соколов,Стрижка + борода,2100 р.,6145,онлайн,выполнена
298,19.01.2026,10:30,Заречная,Марк Дёмин,Стрижка + борода,2100,5792,без записи,выполнена
299,19.01.2026,15:00,Заречная,Тимур Аскеров,Стрижка мужская,1400,5037,без записи,выполнена
300,19.01.2026,10:15,Центр,Артём Соколов,Стрижка + борода,2100,5915,телефон,выполнена
301,19.01.2026,20:45,Заречная,Тимур А.,Стрижка мужская,1400,5401,без записи,выполнена
302,19.01.2026,15:30,Заречная,Марк Дёмин,Стрижка мужская,1260,5499,онлайн,выполнена
303,19.01.2026,18:30,Северный,Д. Ким,Оформление бороды,"900,00",6154,телефон,выполнена
304,19.01.2026,15:45,Центр,Артём Соколов,Стрижка мужская,1400,6415,телефон,выполнена
305,19.01.2026,13:30,Центр, Иван Петров,Стрижка + борода,2100,5005,онлайн,выполнена
306,2026-01-19,19:15,Центр,Артём Соколов,Стрижка + борода,2100,6038,без записи,выполнена
307,2026-01-19,15:15,Северный,Роман Швец,Стрижка мужская,1400,5334,онлайн,выполнена
308,20.01.2026,19:15,Северный,Олег Рыбак,Стрижка мужская,1400,5193,без записи,выполнена
309,2026-01-20,15:00,Центр,Артём Соколов,Стрижка + борода,2100 р.,6096,онлайн,выполнена
310,2026-01-20,16:30,Заречная,Марк Дёмин,Оформление бороды,810,5677,онлайн,выполнена
311,20.01.2026,17:00,Центр,Иван П.,Стрижка + борода,1785,6409,телефон,выполнена
312,2026-01-20,12:30,Северный,Данила Ким,Камуфляж седины,1600,5714,телефон,выполнена
313,20.01.2026,10:15,Центр,Артём Соколов,Стрижка мужская,1260,6214,телефон,выполнена
314,20.01.2026,17:45,Центр,иван петров,Стрижка + борода,2100 р.,5527,онлайн,выполнена
315,20.01.2026,13:30,Заречная,Тимур Аскеров,Стрижка мужская,1190,5916,телефон,выполнена
316,20.01.2026,13:15,Центр,иван петров,Стрижка мужская,1400,5022,онлайн,выполнена
317,20.01.2026,14:30,Центр,Лев Гаврилов,Стрижка мужская,1400,6154,онлайн,отменена
318,20.01.2026,14:30,Северный,Олег Рыбак,Стрижка мужская,1400,5450,без записи,выполнена
319,20.01.2026,17:00,Северный,Олег Рыбак,Стрижка машинкой,"700,00",6347,онлайн,выполнена
320,21.01.2026,19:00,Заречная,Тимур А.,Стрижка + борода,2100,5300,онлайн,выполнена
321,21.01.2026,18:30,Северный,Олег Рыбак,Тонирование,1800,5833,онлайн,выполнена
322,21.01.2026,11:30,Северный,Олег Рыбак,Оформление бороды,900,5355,онлайн,выполнена
323,21.01.2026,18:30,Заречная,Тимур Аскеров,Стрижка + борода,"1890,00",5464,телефон,выполнена
324,21.01.2026,19:00,Северный,Д. Ким,Стрижка + борода,2100,5639,онлайн,выполнена
325,21.01.2026,19:30,Заречная,Тимур Аскеров,Стрижка машинкой,560,5187,онлайн,выполнена
326,21.01.2026,12:00,Северный,Данила Ким,Стрижка + борода,"2100,00",5098,телефон,выполнена
327,21.01.2026,14:00,Центр,Иван П.,Стрижка + борода,2100,6332,телефон,выполнена
328,21.01.2026,16:30,Заречная,Тимур Аскеров,Стрижка мужская,1400,6133,онлайн,выполнена
329,2026-01-21,17:00,Заречная,Тимур А.,Оформление бороды,900,6217,без записи,выполнена
330,2026-01-21,11:00,Центр,Иван П.,Оформление бороды,900,5860,онлайн,выполнена
331,21.01.2026,10:45,Северный,Олег Рыбак,Оформление бороды,900,6143,онлайн,выполнена
332,21.01.2026,11:00,Центр,Иван П.,Оформление бороды,900,6019,телефон,выполнена
333,2026-01-21,15:45,Центр,Иван П.,Стрижка мужская,1400,5232,без записи,выполнена
334,2026-01-22,19:30,Центр,Артём Соколов,Тонирование,1800,5906,онлайн,выполнена
335,22.01.2026,10:45,Заречная,Тимур Аскеров,Стрижка + борода,2100,5603,онлайн,выполнена
336,2026-01-22,17:15,Центр,Иван Петров,Стрижка мужская,1400,5097,телефон,выполнена
337,22.01.2026,16:00,Северный,Роман Швец,Бритьё опасной бритвой,1170,5698,онлайн,выполнена
338,22.01.2026,20:45,Северный,Роман Швец,Стрижка мужская,1400,5442,онлайн,выполнена
339,22.01.2026,12:00,Заречная,Тимур А.,Камуфляж седины,1600,5120,онлайн,неявка
340,22.01.2026,11:00,Северный,Данила Ким,Стрижка + борода,2100,5048,телефон,выполнена
341,22.01.2026,11:45,Центр,Лев Гаврилов,Оформление бороды,900,6374,телефон,выполнена
342,22.01.2026,20:45,Центр,иван петров,Стрижка мужская,1400,5978,без записи,выполнена
343,22.01.2026,19:15,Северный,Роман Швец,Бритьё опасной бритвой,1300 р.,6354,без записи,выполнена
344,23.01.2026,12:30,Центр,Лев Гаврилов,Стрижка мужская,1400,6349,онлайн,выполнена
345,23.01.2026,19:45,Центр,Лев Гаврилов,Оформление бороды,900,6033,онлайн,выполнена
346,23.01.2026,17:15,Северный,Роман Швец,,900 р.,6410,телефон,выполнена
347,23.01.2026,16:15,Заречная,Тимур Аскеров,Стрижка мужская,1400,6211,без записи,выполнена
348,23.01.2026,19:45,Центр,Иван Петров,Стрижка + борода,2100,6047,телефон,выполнена
349,23.01.2026,19:15,Заречная,Тимур А.,Стрижка + борода,2100,6387,без записи,выполнена
350,23.01.2026,18:00,Северный,Данила Ким,Стрижка мужская,1400,6284,телефон,выполнена
351,2026-01-23,18:45,Северный,Данила Ким,Оформление бороды,900 р.,6328,онлайн,выполнена
352,2026-01-23,13:30,Центр,Артём Соколов,Стрижка мужская,1400,6048,онлайн,выполнена
353,23.01.2026,11:00,Центр,Артём Соколов,Стрижка мужская,1400,6012,телефон,выполнена
354,23.01.2026,19:45,Центр,Артём Соколов,Стрижка мужская,1400,5812,онлайн,выполнена
355,23.01.2026,10:15,Северный,Данила Ким,Стрижка детская,850,5797,онлайн,выполнена
356,2026-01-23,17:15,Заречная,Марк Дёмин,Стрижка + борода,2100,5928,онлайн,выполнена
357,23.01.2026,11:15,Заречная,ТИМУР АСКЕРОВ,Тонирование,1800,5391,онлайн,выполнена
358,24.01.2026,15:45,Заречная,Тимур Аскеров,Стрижка мужская,1400,5410,без записи,выполнена
359,24.01.2026,18:00,Северный,Роман Швец,Стрижка мужская,1400,6327,онлайн,выполнена
360,24.01.2026,14:00,Заречная,ТИМУР АСКЕРОВ,Камуфляж седины,1600,5535,онлайн,выполнена
361,24.01.2026,11:30,Центр,Артём Соколов,Стрижка + борода,2310,5142,онлайн,выполнена
362,24.01.2026,17:15,Северный,Д. Ким,Оформление бороды,765,5574,онлайн,выполнена
363,24.01.2026,10:15,Северный,Роман Швец,Стрижка мужская,1400,6037,онлайн,выполнена
364,24.01.2026,18:00,Северный,Данила Ким,Стрижка мужская,1400,6209,онлайн,отменена
365,24.01.2026,15:45,Северный,Данила Ким,Стрижка + борода,2100,5988,без записи,выполнена
366,24.01.2026,10:45,Заречная,Тимур Аскеров,Стрижка мужская,1540,5086,онлайн,выполнена
367,24.01.2026,13:00,Заречная,Тимур А.,Бритьё опасной бритвой,1300,5145,телефон,выполнена
368,24.01.2026,11:00,Северный,Данила Ким,Стрижка детская,1000,6041,без записи,выполнена
369,24.01.2026,18:45,Северный,Д. Ким,Оформление бороды,"900,00",5985,без записи,выполнена
370,24.01.2026,14:00,Северный,Олег Рыбак,Камуфляж седины,1600,6145,без записи,выполнена
371,24.01.2026,13:30,Заречная,Тимур Аскеров,Стрижка + борода,2100,5982,онлайн,выполнена
372,2026-01-24,14:15,Центр,Лев Гаврилов,Стрижка детская,1100,5970,телефон,выполнена
373,24.01.2026,19:30,Северный,Роман Швец,Стрижка + борода,1680,5151,телефон,выполнена
374,24.01.2026,11:30,Северный,Данила Ким,Оформление бороды,900,6155,онлайн,выполнена
375,24.01.2026,15:45,Центр,Лев Гаврилов,Стрижка мужская,1540,5472,телефон,выполнена
376,24.01.2026,19:15,Северный,Данила Ким,Стрижка + борода,2310,5836,телефон,выполнена
377,24.01.2026,10:30,Центр,Артём Соколов,Стрижка детская,1000,6178,телефон,выполнена
378,25.01.2026,12:00,Заречная,ТИМУР АСКЕРОВ,Стрижка мужская,1400,5826,телефон,выполнена
379,25.01.2026,14:15,Центр,Артём Соколов,Стрижка детская,1000,5141,без записи,выполнена
380,2026-01-25,20:15,Северный,Данила Ким,Стрижка мужская,1400,5732,онлайн,выполнена
381,25.01.2026,18:00,Центр,Иван Петров,Стрижка детская,1000,6319,телефон,выполнена
382,25.01.2026,17:30,Центр,Артём Соколов,Стрижка мужская,1400,5150,телефон,выполнена
383,2026-01-25,16:45,Северный,Д. Ким,Камуфляж седины,1600,5132,телефон,выполнена
384,25.01.2026,20:00,Центр,иван петров,Камуфляж седины,1760,6135,без записи,выполнена
385,2026-01-25,15:45,Заречная,Марк Дёмин,Стрижка + борода,2100,5337,телефон,выполнена
386,25.01.2026,19:15,Центр, Иван Петров,Стрижка + борода,2100,5773,без записи,выполнена
387,25.01.2026,11:15,Заречная,Марк Дёмин,Стрижка мужская,1400,5375,онлайн,выполнена
388,25.01.2026,17:30,Центр,Артём Соколов,Камуфляж седины,1600,5526,телефон,выполнена
389,2026-01-25,13:00,Заречная,ТИМУР АСКЕРОВ,Стрижка мужская,1540,6290,телефон,выполнена
390,25.01.2026,18:15,Центр,Артём Соколов,Оформление бороды,900,5141,онлайн,выполнена
391,25.01.2026,16:00,Центр,Лев Гаврилов,Стрижка + борода,2310,5869,онлайн,выполнена
392,25.01.2026,17:15,Центр,Иван Петров,Стрижка + борода,2100,6284,онлайн,выполнена
393,25.01.2026,13:00,Центр,Лев Гаврилов,Стрижка мужская,1120,6334,онлайн,выполнена
394,25.01.2026,14:15,Центр,Лев Гаврилов,Бритьё опасной бритвой,1300,5379,онлайн,выполнена
395,25.01.2026,11:00,Заречная,ТИМУР АСКЕРОВ,Стрижка мужская,1400,5924,онлайн,выполнена
396,25.01.2026,20:00,Центр,Артём Соколов,Стрижка мужская,1400 р.,5556,онлайн,выполнена
397,25.01.2026,17:30,Центр,Лев Гаврилов,Стрижка мужская,1400,5728,онлайн,выполнена
398,2026-01-26,20:00,Центр,Артём Соколов,Стрижка + борода,2100,5556,онлайн,выполнена
399,26.01.2026,14:30,Северный,Роман Швец,Тонирование,1800,6043,онлайн,выполнена
400,26.01.2026,20:15,Центр,Лев Гаврилов,Стрижка + борода,2100,5094,без записи,выполнена
401,26.01.2026,16:45,Центр,Иван П.,Стрижка + борода,2100,5723,без записи,выполнена
402,26.01.2026,18:00,Заречная,Марк Дёмин,Стрижка детская,1000,5636,телефон,выполнена
403,26.01.2026,10:15,Северный,Роман Швец,Стрижка мужская,"1400,00",5034,онлайн,выполнена
404,26.01.2026,17:00,Центр,Лев Гаврилов,Стрижка + борода,2100,6444,телефон,выполнена
405,26.01.2026,20:00,Северный,Данила Ким,Стрижка мужская,1400 р.,6219,онлайн,выполнена
406,27.01.2026,20:15,Центр,Лев Гаврилов,Стрижка машинкой,700,5297,телефон,выполнена
407,27.01.2026,12:15,Северный,Данила Ким,Стрижка мужская,1400,5963,онлайн,выполнена
408,27.01.2026,19:15,Центр,Артём Соколов,Стрижка + борода,2100,5687,онлайн,выполнена
409,27.01.2026,18:30,Заречная,Тимур А.,Стрижка + борода,2100,5966,телефон,выполнена
410,27.01.2026,14:45,Центр,Иван Петров,Стрижка мужская,1400,5800,телефон,выполнена
411,27.01.2026,15:00,Центр,Лев Гаврилов,Стрижка детская,850 р.,5269,онлайн,выполнена
412,27.01.2026,12:15,Заречная,ТИМУР АСКЕРОВ,Стрижка детская,1000,5721,онлайн,выполнена
413,27.01.2026,16:45,Центр,Иван Петров,Камуфляж седины,1360,5973,телефон,выполнена
414,27.01.2026,12:45,Центр,Лев Гаврилов,Стрижка машинкой,700,5834,онлайн,выполнена
415,27.01.2026,16:45,Северный,Д. Ким,Стрижка мужская,1400 р.,6285,онлайн,выполнена
416,28.01.2026,18:00,Северный,Д. Ким,Бритьё опасной бритвой,1300,5855,онлайн,выполнена
417,28.01.2026,11:30,Северный,Роман Швец,Стрижка мужская,1120,6429,онлайн,выполнена
418,28.01.2026,19:45,Заречная,Марк Дёмин,Камуфляж седины,1600,5174,онлайн,выполнена
419,28.01.2026,19:15,Заречная,Тимур Аскеров,Оформление бороды,900,6028,без записи,выполнена
420,28.01.2026,15:30,Центр, Иван Петров,Стрижка + борода,2100 р.,6024,без записи,выполнена
421,28.01.2026,20:00,Центр,Артём Соколов,Стрижка мужская,1190,6411,онлайн,выполнена
422,28.01.2026,16:45,Центр,Иван П.,Стрижка мужская,1400,6214,онлайн,выполнена
423,2026-01-28,13:00,Центр,иван петров,Стрижка + борода,2100,6344,онлайн,выполнена
424,28.01.2026,13:30,Центр,Иван Петров,Стрижка мужская,1400 р.,6027,онлайн,выполнена
425,29.01.2026,17:45,Северный,Олег Рыбак,Стрижка мужская,1400,5124,телефон,выполнена
426,29.01.2026,13:30,Центр,Иван Петров,Стрижка + борода,2100,5172,онлайн,выполнена
427,29.01.2026,13:45,Центр,Артём Соколов,Стрижка + борода,2100,6064,телефон,выполнена
428,29.01.2026,18:15,Заречная,ТИМУР АСКЕРОВ,Стрижка детская,1000,5090,телефон,выполнена
429,2026-01-29,12:45,Северный,Данила Ким,Стрижка детская,1000,5539,онлайн,выполнена
430,29.01.2026,12:00,Северный,Д. Ким,Оформление бороды,900,5900,телефон,выполнена
431,2026-01-29,11:30,Центр,Иван П.,Стрижка мужская,1400,5970,онлайн,выполнена
432,2026-01-29,14:00,Заречная,Марк Дёмин,Стрижка мужская,"1400,00",5445,онлайн,выполнена
433,2026-01-29,11:45,Северный,Олег Рыбак,Стрижка машинкой,700,5970,онлайн,выполнена
434,29.01.2026,17:00,Центр,Артём Соколов,Оформление бороды,810,5814,онлайн,выполнена
435,2026-01-29,17:45,Центр,Лев Гаврилов,Камуфляж седины,1600,5903,онлайн,выполнена
436,29.01.2026,18:30,Заречная,Тимур Аскеров,Камуфляж седины,"1600,00",5929,онлайн,выполнена
437,29.01.2026,19:00,Северный,Олег Рыбак,,"1400,00",6232,онлайн,выполнена
438,2026-01-30,17:30,Центр,Лев Гаврилов,Стрижка + борода,2100,6150,онлайн,выполнена
439,30.01.2026,17:45,Центр,Артём Соколов,Стрижка + борода,2100,5281,онлайн,выполнена
440,30.01.2026,10:15,Центр,иван петров,Стрижка машинкой,700,5558,без записи,выполнена
441,30.01.2026,17:30,Заречная,Тимур А.,Стрижка мужская,1400,5034,телефон,выполнена
442,30.01.2026,19:00,Центр,Лев Гаврилов,Стрижка детская,1000,5355,телефон,выполнена
443,2026-01-30,15:15,Северный,Олег Рыбак,Стрижка + борода,2100,5456,телефон,выполнена
444,30.01.2026,20:15,Северный,Данила Ким,Бритьё опасной бритвой,1300,6450,без записи,выполнена
445,2026-01-30,18:15,Северный,Олег Рыбак,,1400,5796,онлайн,выполнена
446,30.01.2026,10:00,Заречная,ТИМУР АСКЕРОВ,Стрижка детская,1000,5479,онлайн,отменена
447,30.01.2026,18:00,Заречная,Марк Дёмин,Стрижка мужская,1400,5249,онлайн,выполнена
448,30.01.2026,14:30,Центр,Лев Гаврилов,Тонирование,1800,5034,телефон,выполнена
449,30.01.2026,15:00,Заречная,ТИМУР АСКЕРОВ,Стрижка мужская,1260,6020,онлайн,выполнена
450,30.01.2026,16:45,Центр,Лев Гаврилов,Оформление бороды,900,5661,онлайн,выполнена
451,2026-01-30,11:45,Северный,Олег Рыбак,Стрижка машинкой,700 р.,6025,онлайн,выполнена
452,30.01.2026,20:30,Центр,Иван П.,Стрижка машинкой,630,5635,онлайн,выполнена
453,31.01.2026,11:45,Центр,Иван Петров,Стрижка мужская,1400,5011,без записи,выполнена
454,2026-01-31,15:45,Центр,иван петров,Стрижка детская,850,5505,онлайн,выполнена
455,31.01.2026,11:15,Центр,иван петров,Стрижка + борода,2100,5523,телефон,выполнена
456,31.01.2026,18:30,Северный,Д. Ким,Стрижка + борода,"2310,00",6328,телефон,выполнена
457,2026-01-31,18:15,Заречная,Тимур Аскеров,Оформление бороды,810,5113,онлайн,выполнена
458,2026-01-31,14:30,Заречная,ТИМУР АСКЕРОВ,Оформление бороды,900,5538,телефон,выполнена
459,31.01.2026,17:15,Заречная,ТИМУР АСКЕРОВ,Стрижка мужская,1400,5756,телефон,выполнена
460,31.01.2026,11:00,Северный,Олег Рыбак,Стрижка + борода,"2100,00",5366,онлайн,выполнена
461,31.01.2026,18:00,Северный,Данила Ким,Стрижка + борода,2100 р.,6363,онлайн,выполнена
462,31.01.2026,14:15,Заречная,ТИМУР АСКЕРОВ,Стрижка + борода,2310,6312,без записи,выполнена
463,31.01.2026,16:00,Северный,Роман Швец,Стрижка + борода,2100,5491,телефон,выполнена
464,31.01.2026,14:45,Центр,Артём Соколов,Стрижка детская,900,5841,онлайн,выполнена
465,31.01.2026,12:15,Северный,Олег Рыбак,Камуфляж седины,1600,6069,онлайн,выполнена
466,31.01.2026,12:30,Заречная,ТИМУР АСКЕРОВ,Стрижка мужская,1400,5098,онлайн,выполнена
467,31.01.2026,15:00,Центр,Артём Соколов,Стрижка мужская,1540,5040,телефон,выполнена
468,31.01.2026,15:45,Центр,Лев Гаврилов,Стрижка мужская,1400,5768,онлайн,выполнена
469,2026-01-31,19:30,Заречная,Марк Дёмин,Стрижка мужская,1400,6356,онлайн,выполнена
470,01.02.2026,18:30,Заречная,Тимур А.,Стрижка + борода,2100,6194,без записи,выполнена
471,01.02.2026,14:00,Северный,Олег Рыбак,Стрижка + борода,2100,5261,онлайн,выполнена
472,01.02.2026,17:45,Центр,Артём Соколов,Стрижка мужская,1400,5528,онлайн,выполнена
473,01.02.2026,10:00,Центр,Артём Соколов,Стрижка мужская,1540,5803,онлайн,выполнена
474,01.02.2026,16:45,Северный,Олег Рыбак,Стрижка мужская,1400,5537,телефон,выполнена
475,01.02.2026,18:45,Заречная,Тимур А.,Бритьё опасной бритвой,"1300,00",5239,онлайн,выполнена
476,01.02.2026,11:15,Северный,Д. Ким,Стрижка + борода,2100,5247,онлайн,выполнена
477,2026-02-01,13:30,Северный,Д. Ким,Стрижка детская,850,5552,телефон,выполнена
478,2026-02-01,19:15,Заречная,Марк Дёмин,Стрижка машинкой,700 р.,6207,онлайн,выполнена
479,01.02.2026,14:00,Северный,Роман Швец,Стрижка + борода,2310,6429,телефон,выполнена
480,2026-02-01,12:00,Центр,Артём Соколов,Стрижка + борода,1890,5151,без записи,выполнена
481,01.02.2026,14:30,Центр,Лев Гаврилов,Тонирование,1800,6026,телефон,выполнена
482,2026-02-01,19:30,Заречная,Марк Дёмин,Стрижка мужская,1540,5652,онлайн,выполнена
483,01.02.2026,13:15,Северный,Олег Рыбак,Стрижка мужская,1540,5393,онлайн,выполнена
484,01.02.2026,14:00,Центр,Артём Соколов,Стрижка мужская,1400,6259,онлайн,выполнена
485,2026-02-01,11:00,Заречная,Тимур А.,Стрижка детская,1000,5615,телефон,выполнена
486,01.02.2026,12:45,Центр,Иван Петров,Стрижка + борода,"2310,00",5637,телефон,выполнена
487,01.02.2026,15:15,Заречная,Марк Дёмин,Оформление бороды,900,5970,без записи,выполнена
488,01.02.2026,16:45,Центр,Артём Соколов,Тонирование,1800,5966,телефон,выполнена
489,02.02.2026,20:30,Центр,Артём Соколов,Стрижка мужская,1400,6176,онлайн,выполнена
490,02.02.2026,16:45,Центр,Лев Гаврилов,Стрижка мужская,"1400,00",6313,без записи,выполнена
491,02.02.2026,18:30,Заречная,Марк Дёмин,Бритьё опасной бритвой,1300,5179,телефон,выполнена
492,02.02.2026,11:15,Центр,Артём Соколов,Стрижка + борода,2100,5991,онлайн,выполнена
493,02.02.2026,20:00,Заречная,Тимур Аскеров,Стрижка детская,1000,5171,онлайн,выполнена
494,02.02.2026,17:30,Северный,Д. Ким,Бритьё опасной бритвой,1300,5476,телефон,выполнена
495,02.02.2026,11:00,Центр,иван петров,Стрижка мужская,1400,6405,телефон,выполнена
496,02.02.2026,17:15,Северный,Роман Швец,Камуфляж седины,1600,5333,онлайн,выполнена
497,02.02.2026,20:30,Центр,Лев Гаврилов,Стрижка + борода,2100,5123,онлайн,выполнена
498,03.02.2026,11:30,Центр,Артём Соколов,Стрижка детская,900,6349,онлайн,выполнена
499,03.02.2026,17:15,Заречная,Марк Дёмин,Стрижка мужская,1400,5056,онлайн,выполнена
500,03.02.2026,14:30,Центр,Артём Соколов,Стрижка + борода,2100 р.,5860,онлайн,выполнена
501,03.02.2026,19:30,Центр,Лев Гаврилов,Оформление бороды,720,5037,телефон,выполнена
502,03.02.2026,17:15,Северный,Данила Ким,Стрижка мужская,1400,6037,онлайн,выполнена
503,2026-02-03,11:30,Центр,Иван П.,Стрижка мужская,1400,5526,онлайн,выполнена
504,03.02.2026,20:15,Центр,Иван Петров,Стрижка мужская,1400,5954,телефон,выполнена
505,2026-02-03,18:45,Северный,Олег Рыбак,Стрижка + борода,2100,5575,телефон,выполнена
506,03.02.2026,10:30,Заречная,Тимур А.,Оформление бороды,900,5121,телефон,выполнена
507,03.02.2026,15:30,Заречная,Тимур Аскеров,Тонирование,1800,5066,телефон,выполнена
508,03.02.2026,12:00,Центр,Лев Гаврилов,Стрижка + борода,2100,5930,онлайн,выполнена
509,03.02.2026,11:15,Заречная,Марк Дёмин,Стрижка мужская,1400,5406,телефон,выполнена
510,04.02.2026,17:15,Центр,иван петров,Оформление бороды,810,6400,телефон,выполнена
511,04.02.2026,16:00,Северный,Роман Швец,Стрижка мужская,1400,5622,телефон,выполнена
512,04.02.2026,12:15,Северный,Олег Рыбак,Стрижка + борода,2100,6194,онлайн,выполнена
513,04.02.2026,17:00,Заречная,ТИМУР АСКЕРОВ,Стрижка + борода,1785,5046,онлайн,выполнена
514,04.02.2026,14:30,Северный,Д. Ким,Оформление бороды,900,5224,телефон,выполнена
515,04.02.2026,12:15,Заречная,Тимур Аскеров,Бритьё опасной бритвой,1300,5988,телефон,выполнена
516,2026-02-04,15:00,Заречная,ТИМУР АСКЕРОВ,Тонирование,1800,5709,онлайн,выполнена
517,04.02.2026,16:00,Центр,Артём Соколов,Оформление бороды,900,6214,без записи,выполнена
518,04.02.2026,14:00,Заречная,Марк Дёмин,Стрижка мужская,"1400,00",5810,онлайн,выполнена
519,04.02.2026,20:45,Северный,Роман Швец,Стрижка машинкой,700,6225,онлайн,выполнена
520,05.02.2026,17:45,Заречная,Марк Дёмин,Оформление бороды,900,6029,телефон,выполнена
521,05.02.2026,18:00,Центр,Артём Соколов,Стрижка мужская,1400,5754,онлайн,выполнена
522,05.02.2026,14:30,Заречная,ТИМУР АСКЕРОВ,Стрижка мужская,1400,5514,телефон,выполнена
523,05.02.2026,13:45,Центр,Артём Соколов,Стрижка мужская,1400,6062,онлайн,выполнена
524,05.02.2026,16:45,Заречная,Марк Дёмин,Стрижка мужская,1400,5864,онлайн,выполнена
525,05.02.2026,13:45,Северный,Роман Швец,Стрижка + борода,2100,5663,телефон,выполнена
526,2026-02-05,16:45,Заречная,Тимур Аскеров,Стрижка детская,1000,5411,без записи,выполнена
527,05.02.2026,17:30,Северный,Д. Ким,Стрижка мужская,1400,5102,онлайн,выполнена
528,05.02.2026,18:15,Заречная,Марк Дёмин,Стрижка мужская,1400,5484,без записи,выполнена
529,05.02.2026,18:45,Центр,Лев Гаврилов,Стрижка мужская,1400,5092,без записи,выполнена
530,05.02.2026,19:00,Центр,Иван П.,Стрижка мужская,1400,5129,онлайн,выполнена
531,05.02.2026,16:15,Центр,Артём Соколов,Стрижка детская,1000 р.,5777,онлайн,отменена
532,2026-02-05,16:00,Заречная,Марк Дёмин,Оформление бороды,900,5087,телефон,выполнена
533,05.02.2026,15:00,Северный,Олег Рыбак,Камуфляж седины,1600,5364,онлайн,выполнена
534,05.02.2026,14:15,Заречная,ТИМУР АСКЕРОВ,Стрижка мужская,1400,6354,без записи,выполнена
535,2026-02-06,18:45,Центр,Артём Соколов,Стрижка мужская,1400,5478,онлайн,выполнена
536,2026-02-06,19:30,Заречная,Тимур А.,Стрижка мужская,1400,6190,онлайн,выполнена
537,06.02.2026,17:15,Центр,Артём Соколов,Стрижка + борода,2100,6332,телефон,выполнена
538,06.02.2026,12:45,Северный,Роман Швец,Стрижка мужская,1400 р.,5379,онлайн,выполнена
539,06.02.2026,18:00,Центр,Иван Петров,Стрижка мужская,"1400,00",6329,без записи,выполнена
540,06.02.2026,17:45,Центр,Артём Соколов,Стрижка + борода,2100,5092,онлайн,выполнена
541,2026-02-06,15:00,Центр,Лев Гаврилов,Стрижка детская,800,5210,онлайн,выполнена
542,2026-02-06,13:30,Северный,Роман Швец,Стрижка детская,1000,6205,без записи,выполнена
543,2026-02-06,15:15,Северный,Олег Рыбак,Стрижка мужская,1400,5290,онлайн,выполнена
544,06.02.2026,18:45,Центр,Лев Гаврилов,Стрижка мужская,1400,5946,без записи,выполнена
545,06.02.2026,10:30,Заречная,Тимур Аскеров,Оформление бороды,900,6236,онлайн,выполнена
546,06.02.2026,11:15,Северный,Роман Швец,Стрижка + борода,2100,5595,онлайн,выполнена
547,2026-02-06,20:15,Центр,Иван Петров,Камуфляж седины,1600,6150,телефон,выполнена
548,06.02.2026,17:30,Северный,Роман Швец,Стрижка детская,900 р.,5142,онлайн,выполнена
549,2026-02-07,14:30,Заречная,Марк Дёмин,Стрижка + борода,2310,5801,онлайн,выполнена
550,2026-02-07,17:30,Центр,Артём Соколов,Стрижка детская,1000,5128,без записи,выполнена
551,07.02.2026,17:15,Северный,Олег Рыбак,Тонирование,1800 р.,5001,без записи,выполнена
552,07.02.2026,14:30,Северный,Олег Рыбак,Стрижка + борода,2100 р.,5830,телефон,выполнена
553,07.02.2026,19:15,Заречная,Тимур Аскеров,Стрижка мужская,1400,5013,онлайн,выполнена
554,07.02.2026,13:15,Заречная,Тимур А.,Стрижка мужская,1540,5767,телефон,выполнена
555,2026-02-07,20:30,Центр,Артём Соколов,Бритьё опасной бритвой,1300,5430,телефон,выполнена
556,07.02.2026,17:30,Центр,Иван Петров,Оформление бороды,900,6266,онлайн,выполнена
557,07.02.2026,20:15,Заречная,Тимур А.,Стрижка мужская,1400,5784,онлайн,выполнена
558,07.02.2026,19:00,Северный,Олег Рыбак,Стрижка мужская,1400,5439,без записи,выполнена
559,07.02.2026,17:15,Центр, Иван Петров,Стрижка мужская,1400,5495,без записи,выполнена
560,07.02.2026,19:30,Заречная,Марк Дёмин,Стрижка мужская,1400,5927,онлайн,выполнена
561,2026-02-07,15:00,Центр,Лев Гаврилов,Оформление бороды,900,5762,онлайн,выполнена
562,2026-02-07,11:30,Центр,Иван П.,Стрижка + борода,2310,5690,без записи,выполнена
563,07.02.2026,15:15,Центр,Лев Гаврилов,Тонирование,1980 р.,5207,телефон,выполнена
564,07.02.2026,16:00,Центр,Иван Петров,Стрижка детская,1100,5086,онлайн,выполнена
565,07.02.2026,18:30,Заречная,Марк Дёмин,Тонирование,1800,5714,онлайн,выполнена
566,07.02.2026,11:30,Северный,Роман Швец,Стрижка мужская,1400,6387,телефон,выполнена
567,07.02.2026,18:45,Центр,Артём Соколов,Стрижка мужская,1400,5100,телефон,выполнена
568,07.02.2026,17:15,Северный,Д. Ким,,1400,5106,без записи,неявка
569,07.02.2026,12:45,Центр,Лев Гаврилов,Стрижка + борода,2100,5115,телефон,выполнена
570,07.02.2026,17:00,Центр,Иван П.,Стрижка + борода,2100,6058,телефон,отменена
571,07.02.2026,17:15,Заречная,Марк Дёмин,Стрижка мужская,1400,5051,онлайн,выполнена
572,07.02.2026,18:30,Северный,Олег Рыбак,Оформление бороды,900,5633,телефон,выполнена
573,07.02.2026,11:45,Центр,Артём Соколов,Стрижка + борода,"2100,00",6402,телефон,выполнена
574,07.02.2026,11:45,Заречная,ТИМУР АСКЕРОВ,Оформление бороды,900,6176,онлайн,выполнена
575,07.02.2026,13:15,Заречная,Марк Дёмин,Бритьё опасной бритвой,1300,5308,онлайн,выполнена
576,07.02.2026,11:30,Северный,Данила Ким,Стрижка + борода,2310,5062,онлайн,выполнена
577,2026-02-08,17:45,Центр,Артём Соколов,Бритьё опасной бритвой,1430,5508,телефон,выполнена
578,08.02.2026,18:30,Северный,Данила Ким,Тонирование,1980,6089,без записи,выполнена
579,08.02.2026,13:30,Центр,Артём Соколов,Тонирование,1980,5412,телефон,выполнена
580,08.02.2026,11:45,Центр,Артём Соколов,Камуфляж седины,1760,5560,онлайн,выполнена
581,08.02.2026,16:15,Заречная,Тимур Аскеров,Стрижка мужская,1400,5530,онлайн,выполнена
582,08.02.2026,17:30,Центр,Артём Соколов,Стрижка детская,1100,5287,телефон,выполнена
583,08.02.2026,16:45,Центр,Артём Соколов,Стрижка мужская,1540,6063,телефон,выполнена
584,08.02.2026,16:00,Центр,Лев Гаврилов,Камуфляж седины,1600,5440,онлайн,выполнена
585,08.02.2026,15:00,Заречная,Тимур А.,Стрижка мужская,1540,5603,онлайн,выполнена
586,08.02.2026,15:45,Северный,Олег Рыбак,Стрижка мужская,1540,5316,телефон,неявка
587,08.02.2026,19:00,Центр,Артём Соколов,Стрижка мужская,1540,5050,онлайн,выполнена
588,08.02.2026,15:45,Заречная,Тимур А.,Стрижка мужская,1400,5415,телефон,выполнена
589,08.02.2026,16:15,Центр,Иван П.,Стрижка + борода,1890,5098,телефон,выполнена
590,08.02.2026,17:15,Центр,Иван Петров,Стрижка + борода,2100,5468,онлайн,выполнена
591,08.02.2026,16:45,Северный,Роман Швец,Стрижка + борода,2100,5974,без записи,выполнена
592,08.02.2026,20:00,Северный,Д. Ким,Стрижка мужская,1260,5164,без записи,выполнена
593,08.02.2026,15:15,Центр,Иван Петров,Стрижка + борода,2100,5388,телефон,выполнена
594,2026-02-08,12:15,Заречная,ТИМУР АСКЕРОВ,Стрижка детская,1100,6256,онлайн,выполнена
595,08.02.2026,13:00,Заречная,ТИМУР АСКЕРОВ,Стрижка + борода,2100 р.,5479,телефон,выполнена
596,08.02.2026,18:15,Северный,Д. Ким,Стрижка детская,850,6119,телефон,выполнена
597,2026-02-08,19:15,Заречная,Тимур А.,Стрижка мужская,1540,6347,телефон,выполнена
598,09.02.2026,19:00,Центр,Артём Соколов,Стрижка мужская,1400,6145,онлайн,выполнена
599,09.02.2026,10:15,Центр,Иван Петров,Стрижка мужская,"1190,00",5714,онлайн,выполнена
600,09.02.2026,11:15,Центр, Иван Петров,Стрижка мужская,1400,6233,онлайн,выполнена
601,2026-02-09,18:00,Центр,Артём Соколов,Стрижка мужская,1400,6090,телефон,выполнена
602,09.02.2026,20:00,Заречная,Тимур А.,Стрижка мужская,"1400,00",5742,онлайн,выполнена
603,09.02.2026,18:30,Центр,Артём Соколов,Бритьё опасной бритвой,1300,5998,онлайн,выполнена
604,09.02.2026,13:30,Северный,Олег Рыбак,Стрижка мужская,1400,6291,онлайн,выполнена
605,2026-02-10,13:45,Заречная,Марк Дёмин,Стрижка мужская,1400,6139,телефон,выполнена
606,10.02.2026,17:00,Центр,Иван Петров,Тонирование,1800,6334,онлайн,выполнена
607,10.02.2026,14:15,Заречная,Тимур А.,Стрижка детская,"1000,00",5635,онлайн,выполнена
608,2026-02-10,16:30,Северный,Д. Ким,Стрижка мужская,1400,6412,без записи,выполнена
609,10.02.2026,18:30,Северный,Д. Ким,Оформление бороды,"810,00",6353,телефон,выполнена
610,10.02.2026,17:45,Северный,Данила Ким,Стрижка + борода,2100,5781,телефон,выполнена
611,10.02.2026,17:30,Заречная,Марк Дёмин,Бритьё опасной бритвой,1105,5435,онлайн,выполнена
612,10.02.2026,13:15,Центр,Артём Соколов,Стрижка мужская,1400,5770,телефон,выполнена
613,10.02.2026,17:15,Центр,Лев Гаврилов,Стрижка + борода,2100,5937,без записи,выполнена
614,11.02.2026,19:45,Заречная,Марк Дёмин,Тонирование,1800,6019,онлайн,выполнена
615,11.02.2026,16:30,Северный,Д. Ким,Стрижка мужская,1400,5098,без записи,выполнена
616,11.02.2026,16:15,Северный,Роман Швец,Стрижка мужская,1400,5679,без записи,выполнена
617,11.02.2026,17:15,Центр,Иван П.,Стрижка + борода,2100,5792,онлайн,выполнена
618,11.02.2026,19:30,Центр,иван петров,Стрижка детская,1000,6146,онлайн,отменена
619,11.02.2026,18:30,Заречная,Тимур А.,Оформление бороды,900 р.,5067,без записи,выполнена
620,11.02.2026,16:45,Северный,Д. Ким,Стрижка мужская,1400,6124,без записи,выполнена
621,11.02.2026,12:45,Центр,Иван Петров,Оформление бороды,720,5222,без записи,выполнена
622,2026-02-11,12:30,Заречная,Марк Дёмин,Оформление бороды,900,5520,онлайн,выполнена
623,11.02.2026,19:30,Заречная,Марк Дёмин,Стрижка мужская,1400,5453,телефон,выполнена
624,11.02.2026,17:15,Центр,Артём Соколов,Стрижка мужская,1400,5448,без записи,выполнена
625,11.02.2026,12:45,Центр,Лев Гаврилов,Оформление бороды,900,5690,онлайн,выполнена
626,2026-02-12,10:15,Центр,Иван Петров,Стрижка мужская,"1400,00",5915,телефон,выполнена
627,12.02.2026,20:45,Центр,Артём Соколов,Стрижка мужская,1400,5180,онлайн,выполнена
628,12.02.2026,17:30,Северный,Данила Ким,Стрижка мужская,1400,5628,онлайн,выполнена
629,12.02.2026,12:00,Северный,Данила Ким,Стрижка мужская,1400,6401,онлайн,выполнена
630,2026-02-12,15:30,Центр,Артём Соколов,Стрижка мужская,1400,6180,онлайн,выполнена
631,12.02.2026,13:15,Центр,Лев Гаврилов,Стрижка детская,1000,6098,онлайн,выполнена
632,12.02.2026,16:45,Центр,Артём Соколов,Стрижка мужская,1400,5803,телефон,выполнена
633,2026-02-12,16:00,Северный,Данила Ким,Стрижка детская,1000,5406,телефон,выполнена
634,12.02.2026,13:45,Центр,Иван Петров,Стрижка мужская,1400,5438,онлайн,выполнена
635,12.02.2026,19:30,Центр,Лев Гаврилов,Оформление бороды,765,5847,без записи,выполнена
636,12.02.2026,18:15,Заречная,ТИМУР АСКЕРОВ,Оформление бороды,900,5154,онлайн,выполнена
637,13.02.2026,15:30,Северный,Д. Ким,Бритьё опасной бритвой,1300,5900,онлайн,выполнена
638,13.02.2026,16:00,Центр,Иван Петров,Стрижка мужская,1400,6412,без записи,выполнена
639,2026-02-13,14:00,Центр, Иван Петров,Стрижка детская,1000 р.,5834,онлайн,выполнена
640,13.02.2026,15:45,Северный,Роман Швец,Стрижка мужская,1400,5332,онлайн,выполнена
641,13.02.2026,17:00,Центр,Артём Соколов,Стрижка детская,1000,5179,без записи,выполнена
642,13.02.2026,16:15,Центр,Иван Петров,Стрижка мужская,1400,6231,онлайн,выполнена
643,13.02.2026,17:00,Северный,Олег Рыбак,Стрижка мужская,1400,5639,без записи,выполнена
644,13.02.2026,14:15,Северный,Д. Ким,Оформление бороды,900,6190,телефон,выполнена
645,2026-02-13,14:30,Центр,Артём Соколов,Стрижка мужская,1120,6433,онлайн,отменена
646,13.02.2026,16:15,Северный,Олег Рыбак,Стрижка + борода,2100,5923,телефон,выполнена
647,13.02.2026,15:15,Северный,Данила Ким,Камуфляж седины,1600,5452,онлайн,выполнена
648,13.02.2026,19:00,Северный,Данила Ким,,2100 р.,6380,онлайн,выполнена
649,13.02.2026,14:15,Центр,Лев Гаврилов,Стрижка + борода,2100 р.,5499,онлайн,отменена
650,2026-02-13,10:00,Заречная,Тимур Аскеров,Стрижка + борода,2100,5840,онлайн,выполнена
651,2026-02-13,17:45,Центр,Артём Соколов,Стрижка детская,1000,5902,без записи,выполнена
652,13.02.2026,16:45,Центр,Лев Гаврилов,Стрижка мужская,"1400,00",5207,телефон,выполнена
653,13.02.2026,19:00,Заречная,Тимур Аскеров,Стрижка мужская,1120,5278,без записи,выполнена
654,13.02.2026,14:15,Заречная,Марк Дёмин,Стрижка мужская,1400,6014,без записи,выполнена
655,13.02.2026,19:00,Центр,Иван Петров,Стрижка мужская,1400,5887,онлайн,выполнена
656,13.02.2026,13:00,Северный,Д. Ким,Бритьё опасной бритвой,1300,5472,онлайн,выполнена
657,14.02.2026,19:45,Северный,Роман Швец,Стрижка мужская,1400,6257,без записи,выполнена
658,2026-02-14,20:00,Северный,Олег Рыбак,Стрижка + борода,2100,6152,онлайн,выполнена
659,2026-02-14,17:45,Северный,Олег Рыбак,Стрижка + борода,2100,5476,без записи,выполнена
660,14.02.2026,10:00,Северный,Олег Рыбак,Бритьё опасной бритвой,1300,5526,онлайн,отменена
661,2026-02-14,20:00,Центр,Лев Гаврилов,Стрижка мужская,1400,5002,онлайн,выполнена
662,14.02.2026,16:15,Центр,Лев Гаврилов,Тонирование,1440,5803,без записи,выполнена
663,14.02.2026,13:15,Северный,Олег Рыбак,Стрижка мужская,1400,5788,онлайн,выполнена
664,2026-02-14,12:30,Центр,Лев Гаврилов,Стрижка + борода,2100,5033,онлайн,выполнена
665,14.02.2026,14:15,Северный,Олег Рыбак,Стрижка мужская,"1540,00",5854,онлайн,выполнена
666,14.02.2026,12:00,Заречная,ТИМУР АСКЕРОВ,Стрижка мужская,1400,5552,телефон,выполнена
667,2026-02-14,15:30,Северный,Олег Рыбак,Стрижка мужская,1400,5730,телефон,выполнена
668,14.02.2026,15:45,Северный,Олег Рыбак,Стрижка + борода,1890,5744,онлайн,выполнена
669,14.02.2026,18:45,Центр,Лев Гаврилов,Камуфляж седины,1600,5409,без записи,выполнена
670,2026-02-14,12:30,Северный,Роман Швец,Стрижка + борода,2310 р.,6254,онлайн,выполнена
671,14.02.2026,16:00,Центр,Лев Гаврилов,Стрижка + борода,2100,5086,онлайн,выполнена
672,14.02.2026,18:00,Центр, Иван Петров,Стрижка + борода,2100,5450,онлайн,выполнена
673,14.02.2026,19:45,Заречная,ТИМУР АСКЕРОВ,Оформление бороды,900,6350,онлайн,выполнена
674,14.02.2026,16:45,Заречная,Тимур Аскеров,Стрижка мужская,1540,6337,телефон,выполнена
675,14.02.2026,12:00,Центр,Лев Гаврилов,Стрижка мужская,"1400,00",5224,онлайн,отменена
676,15.02.2026,18:15,Заречная,Тимур Аскеров,Стрижка мужская,1400,5529,онлайн,выполнена
677,15.02.2026,18:45,Центр,Артём Соколов,Стрижка мужская,1400,5880,телефон,выполнена
678,15.02.2026,17:45,Центр, Иван Петров,Стрижка детская,1000,5999,онлайн,выполнена
679,15.02.2026,13:15,Заречная,Тимур А.,Стрижка мужская,1540,5888,онлайн,выполнена
680,15.02.2026,16:30,Заречная,ТИМУР АСКЕРОВ,Стрижка мужская,1400 р.,5552,онлайн,выполнена
681,15.02.2026,20:45,Заречная,Марк Дёмин,Стрижка мужская,1400,5043,без записи,выполнена
682,15.02.2026,17:45,Заречная,Тимур Аскеров,Стрижка мужская,1400,5034,онлайн,выполнена
683,2026-02-15,14:15,Заречная,Тимур Аскеров,Стрижка + борода,2310,5094,онлайн,выполнена
684,15.02.2026,15:45,Северный,Д. Ким,Стрижка мужская,1400,6198,телефон,выполнена
685,15.02.2026,13:00,Центр,Артём Соколов,Бритьё опасной бритвой,1430,5288,онлайн,неявка
686,15.02.2026,17:00,Центр,Лев Гаврилов,Стрижка + борода,2310,5999,без записи,выполнена
687,15.02.2026,17:30,Северный,Данила Ким,Стрижка мужская,1400,5072,онлайн,выполнена
688,15.02.2026,13:15,Центр, Иван Петров,Стрижка мужская,1400,6251,онлайн,отменена
689,15.02.2026,15:30,Заречная,Марк Дёмин,Бритьё опасной бритвой,1300,6050,телефон,выполнена
690,2026-02-16,13:00,Заречная,Марк Дёмин,Стрижка + борода,2100,5989,без записи,выполнена
691,16.02.2026,10:30,Центр,Иван Петров,Стрижка мужская,1400,6253,телефон,выполнена
692,16.02.2026,17:00,Центр,Иван Петров,Стрижка + борода,2100,5584,онлайн,выполнена
693,16.02.2026,15:00,Заречная,Марк Дёмин,Стрижка мужская,1400,5005,онлайн,выполнена
694,16.02.2026,19:45,Северный,Данила Ким,Стрижка + борода,2100,5193,онлайн,отменена
695,16.02.2026,16:45,Центр, Иван Петров,Оформление бороды,900,5829,онлайн,выполнена
696,16.02.2026,17:00,Северный,Д. Ким,Стрижка + борода,2100,5852,телефон,выполнена
697,2026-02-16,18:45,Центр,Иван П.,Стрижка детская,1000,5077,онлайн,выполнена
698,17.02.2026,11:15,Центр,Иван Петров,Стрижка + борода,2100,5118,телефон,выполнена
699,17.02.2026,15:15,Центр,Лев Гаврилов,Оформление бороды,"900,00",6383,онлайн,выполнена
700,2026-02-17,11:45,Северный,Олег Рыбак,Стрижка мужская,1400,5259,онлайн,выполнена
701,17.02.2026,19:30,Заречная,Марк Дёмин,Стрижка + борода,2100,5237,без записи,выполнена
702,2026-02-17,19:15,Северный,Олег Рыбак,Стрижка мужская,"1400,00",5348,онлайн,выполнена
703,17.02.2026,16:45,Северный,Данила Ким,Стрижка + борода,1785,6304,онлайн,выполнена
704,17.02.2026,18:45,Северный,Д. Ким,Тонирование,1530,5151,онлайн,выполнена
705,17.02.2026,15:00,Северный,Олег Рыбак,Стрижка + борода,2100,6097,онлайн,выполнена
706,17.02.2026,17:30,Центр,Артём Соколов,Стрижка детская,1000,5330,телефон,выполнена
707,17.02.2026,16:00,Северный,Роман Швец,Стрижка + борода,2100 р.,5486,онлайн,выполнена
708,17.02.2026,18:30,Центр,Иван П.,Стрижка мужская,1400,5137,онлайн,выполнена
709,17.02.2026,10:15,Северный,Роман Швец,Стрижка + борода,2100,6142,онлайн,неявка
710,17.02.2026,14:30,Центр, Иван Петров,Стрижка мужская,1400,5447,онлайн,выполнена
711,17.02.2026,17:45,Северный,Данила Ким,Бритьё опасной бритвой,1105,5097,телефон,выполнена
712,18.02.2026,17:30,Северный,Олег Рыбак,Оформление бороды,810,6109,онлайн,выполнена
713,18.02.2026,17:00,Северный,Д. Ким,Стрижка детская,1000,5567,телефон,выполнена
714,18.02.2026,19:30,Центр,Лев Гаврилов,Стрижка + борода,2100,6012,без записи,выполнена
715,2026-02-18,19:45,Заречная,Марк Дёмин,Тонирование,1800 р.,5186,онлайн,выполнена
716,18.02.2026,18:15,Заречная,Марк Дёмин,Стрижка мужская,1400,6085,телефон,выполнена
717,2026-02-18,13:45,Центр,Артём Соколов,Камуфляж седины,1600,5296,онлайн,выполнена
718,18.02.2026,14:45,Северный,Роман Швец,Стрижка мужская,1400,6095,онлайн,выполнена
719,18.02.2026,14:45,Заречная,Марк Дёмин,Оформление бороды,900,6205,телефон,неявка
720,2026-02-18,10:00,Северный,Олег Рыбак,Стрижка + борода,2100,5072,онлайн,выполнена
721,18.02.2026,17:30,Заречная ,Марк Дёмин,Стрижка мужская,1400,6400,онлайн,выполнена
722,18.02.2026,20:30,Северный,Олег Рыбак,Стрижка мужская,1400 р.,6399,телефон,выполнена
723,18.02.2026,15:00,Центр,Лев Гаврилов,Стрижка мужская,1400,5234,телефон,неявка
724,18.02.2026,18:30,Заречная,ТИМУР АСКЕРОВ,Бритьё опасной бритвой,1300,6267,онлайн,выполнена
725,19.02.2026,17:45,Северный,Роман Швец,Стрижка мужская,1260 р.,6172,онлайн,выполнена
726,19.02.2026,14:45,Заречная,Марк Дёмин,Стрижка мужская,1400,5232,онлайн,выполнена
727,19.02.2026,11:45,Заречная,Марк Дёмин,Бритьё опасной бритвой,1300,5754,онлайн,выполнена
728,19.02.2026,19:15,Заречная,Марк Дёмин,Стрижка мужская,1400,6141,без записи,выполнена
729,2026-02-19,18:45,Центр,Иван П.,Оформление бороды,900,6131,онлайн,выполнена
730,19.02.2026,18:15,Заречная,ТИМУР АСКЕРОВ,Стрижка машинкой,700,6172,онлайн,выполнена
731,19.02.2026,17:45,Северный,Д. Ким,Тонирование,1800,5440,онлайн,выполнена
732,19.02.2026,17:00,Северный,Олег Рыбак,Стрижка детская,1000 р.,5507,онлайн,выполнена
733,19.02.2026,14:45,Заречная,Тимур Аскеров,Стрижка мужская,1400,5806,телефон,выполнена
734,2026-02-19,19:15,Центр,Лев Гаврилов,Стрижка мужская,1120,6026,без записи,выполнена
735,19.02.2026,13:30,Центр,Иван П.,Оформление бороды,900,5988,онлайн,выполнена
736,19.02.2026,13:00,Заречная,Тимур Аскеров,Стрижка + борода,2100,6274,телефон,выполнена
737,20.02.2026,13:15,Центр,Артём Соколов,Стрижка мужская,1400,6156,телефон,выполнена
738,20.02.2026,17:15,Заречная,Марк Дёмин,Стрижка + борода,2100 р.,6397,онлайн,выполнена
739,20.02.2026,16:30,Северный,Данила Ким,Оформление бороды,900,5521,телефон,выполнена
740,2026-02-20,18:30,Северный,Д. Ким,Стрижка детская,1000,5026,без записи,выполнена
741,20.02.2026,18:30,Северный,Роман Швец,Стрижка мужская,1400,5774,онлайн,выполнена
742,20.02.2026,19:15,Северный,Роман Швец,Стрижка мужская,1400,6176,без записи,выполнена
743,20.02.2026,17:30,Центр,Иван П.,Стрижка детская,1000,5712,онлайн,выполнена
744,20.02.2026,19:15,Центр,Лев Гаврилов,Оформление бороды,900,5325,телефон,выполнена
745,2026-02-20,18:15,Заречная,Тимур Аскеров,Стрижка мужская,1400,5636,онлайн,выполнена
746,20.02.2026,13:45,Центр,Лев Гаврилов,Камуфляж седины,1600,5108,без записи,выполнена
747,2026-02-20,13:15,Северный,Роман Швец,Оформление бороды,900,6056,телефон,выполнена
748,20.02.2026,19:30,Центр,Лев Гаврилов,Стрижка мужская,1400,6204,онлайн,выполнена
749,20.02.2026,15:30,Центр,Артём Соколов,Стрижка + борода,2100,5701,телефон,выполнена
750,20.02.2026,19:15,Заречная,Тимур А.,Стрижка мужская,1400,5219,онлайн,выполнена
751,2026-02-20,13:00,Заречная,Марк Дёмин,Стрижка мужская,1260,6227,онлайн,выполнена
752,20.02.2026,14:45,Заречная,Марк Дёмин,Стрижка мужская,1400,5772,телефон,неявка
753,20.02.2026,19:45,Северный,Данила Ким,Стрижка машинкой,700 р.,5404,телефон,выполнена
754,20.02.2026,19:15,Северный,Данила Ким,Стрижка мужская,1400,5288,без записи,выполнена
755,21.02.2026,19:45,Заречная,Марк Дёмин,Оформление бороды,900,5523,онлайн,выполнена
756,21.02.2026,20:30,Заречная,Тимур А.,Оформление бороды,990,6017,телефон,выполнена
757,21.02.2026,17:45,Центр,Иван Петров,Стрижка + борода,2100,5661,онлайн,выполнена
758,21.02.2026,18:15,Заречная,Тимур А.,Стрижка мужская,1400,5323,телефон,выполнена
759,21.02.2026,17:00,Северный,Роман Швец,Бритьё опасной бритвой,1300,5968,онлайн,выполнена
760,21.02.2026,15:00,Северный,Данила Ким,,1400,5827,онлайн,выполнена
761,2026-02-21,17:15,Центр,Лев Гаврилов,Стрижка мужская,1400,6280,онлайн,неявка
762,21.02.2026,15:15,Северный,Данила Ким,Стрижка мужская,1540,6271,онлайн,выполнена
763,21.02.2026,17:30,Центр,Артём Соколов,Камуфляж седины,1600,6442,онлайн,выполнена
764,21.02.2026,15:15,Заречная,Тимур А.,Оформление бороды,990,5349,телефон,выполнена
765,21.02.2026,16:00,Центр,Лев Гаврилов,Тонирование,1800,6450,онлайн,выполнена
766,21.02.2026,18:15,Северный,Олег Рыбак,Оформление бороды,900,5002,телефон,выполнена
767,21.02.2026,18:30,Центр,Лев Гаврилов,Оформление бороды,900,5144,без записи,выполнена
768,21.02.2026,18:00,Центр,Лев Гаврилов,Бритьё опасной бритвой,1040,6274,без записи,выполнена
769,21.02.2026,20:30,Центр,Лев Гаврилов,Бритьё опасной бритвой,1300 р.,5268,телефон,выполнена
770,21.02.2026,14:00,Заречная,Тимур Аскеров,Бритьё опасной бритвой,1300,6266,телефон,выполнена
771,21.02.2026,20:30,Северный,Роман Швец,Стрижка мужская,1400 р.,6207,онлайн,выполнена
772,2026-02-21,20:00,Центр,Лев Гаврилов,Тонирование,1800,5147,онлайн,выполнена
773,2026-02-21,18:30,Северный,Д. Ким,Стрижка мужская,"1540,00",6199,онлайн,выполнена
774,21.02.2026,18:00,Северный,Данила Ким,Стрижка мужская,1400,5495,без записи,выполнена
775,21.02.2026,19:15,Центр,Лев Гаврилов,Стрижка мужская,1400,5092,телефон,выполнена
776,2026-02-21,19:00,Центр,Иван Петров,Оформление бороды,900,5735,онлайн,выполнена
777,21.02.2026,20:30,Северный,Роман Швец,Стрижка мужская,1400,5091,онлайн,выполнена
778,21.02.2026,10:00,Заречная,Марк Дёмин,Стрижка + борода,2100,5700,онлайн,неявка
779,21.02.2026,17:15,Центр, Иван Петров,Стрижка + борода,2100,5784,без записи,выполнена
780,21.02.2026,18:15,Центр,Иван Петров,Стрижка мужская,1400,5765,онлайн,выполнена
781,22.02.2026,13:15,Северный,Роман Швец,Оформление бороды,900,5371,онлайн,выполнена
782,22.02.2026,15:15,Северный,Роман Швец,Стрижка + борода,2310,5091,онлайн,выполнена
783,22.02.2026,18:00,Заречная,Тимур Аскеров,Стрижка мужская,1400,5052,онлайн,выполнена
784,2026-02-22,14:30,Центр,Лев Гаврилов,Стрижка мужская,1400,5808,телефон,выполнена
785,2026-02-22,16:30,Северный,Олег Рыбак,Стрижка мужская,1400,5001,телефон,выполнена
786,22.02.2026,15:30,Центр,Иван Петров,Бритьё опасной бритвой,1300,5497,телефон,выполнена
787,22.02.2026,15:45,Центр,Артём Соколов,Стрижка мужская,1400 р.,5467,онлайн,выполнена
788,22.02.2026,16:30,Центр,Артём Соколов,Оформление бороды,900,5418,онлайн,выполнена
789,2026-02-22,20:30,Северный,Роман Швец,Стрижка + борода,2310,5450,без записи,выполнена
790,22.02.2026,17:00,Заречная,Марк Дёмин,Оформление бороды,900,5758,онлайн,выполнена
791,22.02.2026,11:15,Северный,Олег Рыбак,Стрижка мужская,1400,5953,онлайн,выполнена
792,22.02.2026,15:00,Центр,Артём Соколов,Стрижка детская,1000,6349,без записи,выполнена
793,22.02.2026,17:00,Заречная,Марк Дёмин,Оформление бороды,900,5409,без записи,выполнена
794,22.02.2026,12:45,Центр,Артём Соколов,Стрижка мужская,1540,6091,онлайн,выполнена
795,22.02.2026,15:00,Северный,Д. Ким,Стрижка мужская,1540,5120,онлайн,выполнена
796,22.02.2026,15:00,Заречная,Марк Дёмин,Стрижка + борода,2100,5829,без записи,выполнена
797,2026-02-22,15:30,Северный,Роман Швец,Стрижка мужская,1540,5612,онлайн,выполнена
798,22.02.2026,11:45,Заречная,Тимур А.,Стрижка детская,1000,5892,онлайн,выполнена
799,22.02.2026,18:00,Центр,Лев Гаврилов,Стрижка + борода,1680,5420,без записи,выполнена
800,22.02.2026,15:45,Заречная,Марк Дёмин,Камуфляж седины,1600,5129,онлайн,выполнена
801,2026-02-22,15:30,Северный,Д. Ким,Стрижка мужская,1400,6409,онлайн,выполнена
802,22.02.2026,13:15,Северный,Роман Швец,Камуфляж седины,1600,5768,онлайн,выполнена
803,22.02.2026,18:15,Центр, Иван Петров,Стрижка + борода,2100,5632,без записи,выполнена
804,23.02.2026,18:00,Центр,Лев Гаврилов,Камуфляж седины,"1600,00",6344,онлайн,выполнена
805,23.02.2026,20:45,Заречная,Марк Дёмин,Стрижка мужская,1400,5507,телефон,выполнена
806,23.02.2026,11:00,Заречная,Тимур Аскеров,Стрижка детская,1000,5842,телефон,выполнена
807,23.02.2026,17:15,Северный,Роман Швец,Стрижка мужская,1400,5261,онлайн,выполнена
808,23.02.2026,19:00,Заречная,Тимур А.,Стрижка мужская,1400,6307,онлайн,выполнена
809,23.02.2026,15:30,Заречная,Тимур А.,Оформление бороды,900,6063,без записи,выполнена
810,23.02.2026,18:45,Заречная,ТИМУР АСКЕРОВ,Стрижка + борода,2100,6319,онлайн,выполнена
811,23.02.2026,18:45,Северный,Д. Ким,Стрижка детская,900,5754,телефон,выполнена
812,23.02.2026,19:00,Северный,Данила Ким,Бритьё опасной бритвой,1300,6349,онлайн,выполнена
813,23.02.2026,20:30,Центр,Артём Соколов,Камуфляж седины,1600,5389,телефон,выполнена
814,24.02.2026,19:45,Центр,Артём Соколов,Стрижка мужская,1400,5132,онлайн,выполнена
815,24.02.2026,11:45,Северный,Олег Рыбак,Стрижка + борода,2100,5525,онлайн,выполнена
816,24.02.2026,19:30,Заречная,Тимур Аскеров,Стрижка + борода,2100,6061,онлайн,отменена
817,24.02.2026,14:30,Центр,Артём Соколов,Стрижка мужская,1400,5674,онлайн,выполнена
818,24.02.2026,12:30,Центр,Лев Гаврилов,Стрижка детская,1000,6139,телефон,выполнена
819,2026-02-24,18:15,Центр,Иван П.,Стрижка мужская,1120,6197,телефон,выполнена
820,2026-02-24,17:30,Центр,Лев Гаврилов,Стрижка + борода,2100,5926,онлайн,выполнена
821,24.02.2026,14:45,Центр,Лев Гаврилов,Стрижка мужская,1190,6233,телефон,выполнена
822,24.02.2026,20:45,Центр,Лев Гаврилов,Стрижка + борода,2100,6051,онлайн,выполнена
823,24.02.2026,16:45,Центр,Артём Соколов,Стрижка мужская,1400,5409,телефон,выполнена
824,24.02.2026,12:45,Северный,Д. Ким,Стрижка + борода,2100,6006,без записи,выполнена
825,2026-02-24,18:30,Северный,Данила Ким,Стрижка мужская,1260,6302,онлайн,выполнена
826,24.02.2026,17:00,Центр,Иван П.,Стрижка + борода,2100,5098,телефон,выполнена
827,24.02.2026,10:30,Центр,Лев Гаврилов,Стрижка мужская,1400,5563,онлайн,выполнена
828,25.02.2026,16:00,Заречная,Марк Дёмин,Стрижка мужская,1400 р.,6327,телефон,выполнена
829,25.02.2026,14:30,Северный,Д. Ким,Стрижка мужская,1400,5340,онлайн,выполнена
830,25.02.2026,17:45,Центр, Иван Петров,Стрижка мужская,1400,6251,онлайн,выполнена
831,25.02.2026,15:00,Центр,Лев Гаврилов,Оформление бороды,900,5190,телефон,выполнена
832,25.02.2026,18:30,Центр,Иван П.,Стрижка мужская,1400,5514,телефон,выполнена
833,25.02.2026,13:15,Северный,Олег Рыбак,Стрижка мужская,1400,5754,онлайн,выполнена
834,25.02.2026,15:45,Северный,Роман Швец,Камуфляж седины,"1600,00",5276,телефон,выполнена
835,25.02.2026,17:15,Центр,Лев Гаврилов,Тонирование,1800,6340,онлайн,выполнена
836,25.02.2026,20:00,Центр,Артём Соколов,Оформление бороды,720,6221,телефон,выполнена
837,2026-02-25,19:15,Заречная,Тимур Аскеров,Стрижка мужская,1400,5096,онлайн,выполнена
838,25.02.2026,18:30,Северный,Олег Рыбак,Оформление бороды,810,6187,онлайн,выполнена
839,2026-02-25,17:30,Центр,Иван П.,Оформление бороды,900,5604,без записи,выполнена
840,26.02.2026,17:00,Северный,Д. Ким,Оформление бороды,900,6414,онлайн,выполнена
841,26.02.2026,12:45,Заречная,Марк Дёмин,,900,5918,онлайн,выполнена
842,26.02.2026,11:00,Северный,Роман Швец,Стрижка + борода,2100,5211,без записи,выполнена
843,26.02.2026,20:45,Северный,Данила Ким,Стрижка + борода,1785,5742,телефон,выполнена
844,26.02.2026,16:00,Северный,Олег Рыбак,Стрижка мужская,1400 р.,5763,телефон,выполнена
845,26.02.2026,19:00,Центр,Иван П.,Стрижка мужская,1400,5929,онлайн,выполнена
846,26.02.2026,18:45,Северный,Д. Ким,Стрижка мужская,1400,5661,онлайн,выполнена
847,2026-02-26,17:00,Центр,Иван П.,Стрижка + борода,2100,5662,онлайн,выполнена
848,26.02.2026,18:00,Северный,Роман Швец,Стрижка мужская,1400,6043,без записи,выполнена
849,26.02.2026,12:30,Северный,Роман Швец,Стрижка + борода,2100,5123,онлайн,выполнена
850,2026-02-26,14:30,Центр, Иван Петров,Оформление бороды,900,5995,телефон,выполнена
851,26.02.2026,13:45,Центр,иван петров,Стрижка мужская,1400,6063,телефон,выполнена
852,2026-02-26,18:30,Центр,иван петров,Бритьё опасной бритвой,1170,5595,онлайн,выполнена
853,26.02.2026,16:15,Центр,Артём Соколов,Стрижка машинкой,700,6096,онлайн,выполнена
854,26.02.2026,16:15,Центр,Лев Гаврилов,Стрижка мужская,"1400,00",5607,телефон,отменена
855,26.02.2026,17:00,Центр,Лев Гаврилов,Стрижка мужская,1400,5358,онлайн,выполнена
856,27.02.2026,18:00,Северный,Д. Ким,Стрижка + борода,2100,5142,онлайн,выполнена
857,27.02.2026,12:00,Северный,Д. Ким,Стрижка мужская,1190,5814,онлайн,выполнена
858,2026-02-27,13:00,Северный,Олег Рыбак,Стрижка мужская,1400,5450,телефон,выполнена
859,2026-02-27,18:45,Центр,Артём Соколов,Стрижка мужская,1400,5319,телефон,выполнена
860,2026-02-27,10:30,Северный,Роман Швец,Стрижка + борода,2100,6035,онлайн,выполнена
861,27.02.2026,15:00,Центр,Лев Гаврилов,Стрижка + борода,2100 р.,5361,без записи,выполнена
862,27.02.2026,14:30,Центр,Артём Соколов,Стрижка детская,1000,6120,онлайн,выполнена
863,27.02.2026,17:00,Центр,Лев Гаврилов,Оформление бороды,900,5090,онлайн,выполнена
864,27.02.2026,12:15,Центр,Лев Гаврилов,Стрижка мужская,1400,5129,телефон,выполнена
865,27.02.2026,18:15,Центр,Артём Соколов,Стрижка мужская,1400,6289,онлайн,выполнена
866,27.02.2026,18:30,Центр,Иван П.,Стрижка мужская,1120,6378,онлайн,выполнена
867,27.02.2026,16:30,Центр, Иван Петров,Стрижка + борода,2100 р.,5444,телефон,выполнена
868,27.02.2026,15:15,Заречная,Тимур Аскеров,Стрижка мужская,1400,5800,онлайн,выполнена
869,27.02.2026,12:45,Заречная,ТИМУР АСКЕРОВ,Стрижка мужская,1400,5437,онлайн,выполнена
870,27.02.2026,18:00,Центр,Иван П.,Бритьё опасной бритвой,1300,5524,онлайн,выполнена
871,27.02.2026,13:00,Северный,Олег Рыбак,Стрижка мужская,1400 р.,5366,онлайн,выполнена
872,27.02.2026,13:15,Северный,Олег Рыбак,Тонирование,1440,5529,телефон,выполнена
873,28.02.2026,14:15,Центр,Артём Соколов,Стрижка машинкой,700,5073,онлайн,выполнена
874,28.02.2026,16:00,Центр,Иван П.,Стрижка + борода,2310,5122,онлайн,выполнена
875,28.02.2026,19:15,Заречная,Марк Дёмин,Тонирование,1620,5853,телефон,выполнена
876,2026-02-28,14:45,Центр,Артём Соколов,Бритьё опасной бритвой,1430,5397,без записи,выполнена
877,28.02.2026,18:15,Северный,Д. Ким,Стрижка мужская,1400,5950,телефон,отменена
878,28.02.2026,14:15,Северный,Олег Рыбак,Бритьё опасной бритвой,1300,5073,телефон,выполнена
879,28.02.2026,12:45,Центр, Иван Петров,Стрижка мужская,"1400,00",5414,онлайн,неявка
880,2026-02-28,17:30,Заречная,Марк Дёмин,Стрижка детская,1000 р.,5488,онлайн,выполнена
881,28.02.2026,19:15,Заречная,Тимур Аскеров,Стрижка мужская,1400,6106,онлайн,выполнена
882,2026-02-28,12:30,Заречная,ТИМУР АСКЕРОВ,Стрижка + борода,1890,5153,онлайн,выполнена
883,2026-02-28,18:15,Северный,Роман Швец,Стрижка мужская,1400,5637,онлайн,выполнена
884,28.02.2026,17:45,Центр,Иван П.,Камуфляж седины,1600,6277,без записи,выполнена
885,28.02.2026,13:00,Центр,Лев Гаврилов,Стрижка мужская,"1400,00",6244,онлайн,выполнена
886,28.02.2026,19:45,Северный,Олег Рыбак,Стрижка + борода,1785,5459,без записи,выполнена
887,2026-02-28,16:45,Центр,Лев Гаврилов,Оформление бороды,900,5501,телефон,выполнена
888,2026-02-28,18:00,Заречная,Марк Дёмин,Стрижка мужская,1540,6362,онлайн,выполнена
889,2026-02-28,11:45,Заречная,Тимур Аскеров,Стрижка детская,1000,5633,онлайн,выполнена
890,2026-02-28,10:15,Заречная,Марк Дёмин,Камуфляж седины,1600,5346,онлайн,выполнена
891,2026-02-28,16:00,Центр, Иван Петров,Стрижка мужская,1400,6223,телефон,выполнена
892,28.02.2026,19:45,Северный,Олег Рыбак,Стрижка мужская,1540,6319,онлайн,выполнена
893,28.02.2026,16:45,Заречная,Марк Дёмин,Стрижка мужская,1400,5527,онлайн,выполнена
894,28.02.2026,11:30,Центр,Лев Гаврилов,Стрижка детская,800 р.,5193,онлайн,отменена
895,2026-02-28,12:45,Центр,Лев Гаврилов,Бритьё опасной бритвой,1300,5953,телефон,выполнена
896,28.02.2026,17:15,Заречная,Марк Дёмин,Стрижка детская,1000,5988,онлайн,выполнена
897,28.02.2026,18:15,Центр,Иван Петров,Стрижка машинкой,"700,00",5037,телефон,выполнена
898,28.02.2026,18:15,Центр,Лев Гаврилов,Стрижка мужская,1400,5901,телефон,выполнена
899,28.02.2026,18:15,Центр,Артём Соколов,Оформление бороды,900,5104,телефон,выполнена
900,01.03.2026,13:00,Северный,Роман Швец,Тонирование,1800,5234,онлайн,выполнена
901,01.03.2026,15:00,Центр,Лев Гаврилов,Стрижка + борода,1785,5652,телефон,неявка
902,01.03.2026,16:45,Северный,Олег Рыбак,Стрижка + борода,2100,5037,телефон,выполнена
903,01.03.2026,20:00,Заречная,Марк Дёмин,Стрижка мужская,1400,6405,онлайн,выполнена
904,01.03.2026,13:15,Центр,иван петров,Бритьё опасной бритвой,1300,5496,телефон,выполнена
905,01.03.2026,14:15,Заречная,Тимур Аскеров,Оформление бороды,900,5649,без записи,выполнена
906,01.03.2026,18:30,Северный,Олег Рыбак,Стрижка мужская,1400,5708,телефон,выполнена
907,01.03.2026,20:00,Северный,Роман Швец,Стрижка мужская,1400,6035,телефон,выполнена
908,2026-03-01,18:15,Центр,Артём Соколов,Стрижка мужская,1400 р.,5637,телефон,выполнена
909,01.03.2026,20:45,Северный,Данила Ким,Бритьё опасной бритвой,1040,6078,онлайн,выполнена
910,01.03.2026,18:30,Заречная,Марк Дёмин,Камуфляж седины,1600,6396,онлайн,выполнена
911,01.03.2026,19:00,Северный,Д. Ким,Стрижка + борода,2100,5352,телефон,выполнена
912,01.03.2026,10:00,Центр,Лев Гаврилов,Оформление бороды,990,6149,онлайн,выполнена
913,01.03.2026,13:30,Центр,Иван Петров,Стрижка детская,1000,5617,онлайн,выполнена
914,2026-03-01,18:15,Заречная,Тимур Аскеров,Стрижка мужская,1400 р.,6300,онлайн,выполнена
915,01.03.2026,17:30,Северный,Олег Рыбак,Стрижка + борода,2100,5149,без записи,выполнена
916,02.03.2026,15:30,Заречная,ТИМУР АСКЕРОВ,Стрижка мужская,1400,5839,онлайн,выполнена
917,02.03.2026,13:45,Центр,Артём Соколов,Стрижка мужская,1400,5769,телефон,выполнена
918,02.03.2026,15:00,Центр, Иван Петров,Бритьё опасной бритвой,1040 р.,5364,без записи,выполнена
919,02.03.2026,10:45,Центр,Лев Гаврилов,Стрижка машинкой,700,5527,без записи,выполнена
920,02.03.2026,13:30,Заречная,Марк Дёмин,,"1400,00",5517,телефон,выполнена
921,02.03.2026,12:15,Центр,Артём Соколов,Стрижка мужская,1400,5511,телефон,выполнена
922,02.03.2026,16:00,Заречная,ТИМУР АСКЕРОВ,Стрижка мужская,1190,6366,онлайн,выполнена
923,03.03.2026,17:45,Заречная,Марк Дёмин,Камуфляж седины,"1600,00",5085,телефон,выполнена
924,2026-03-03,17:00,Заречная,Тимур Аскеров,Стрижка + борода,2100,5603,онлайн,выполнена
925,03.03.2026,15:45,Центр, Иван Петров,Стрижка мужская,1400,5358,телефон,выполнена
926,03.03.2026,18:45,Центр,Лев Гаврилов,Оформление бороды,900,5900,онлайн,выполнена
927,2026-03-03,19:45,Заречная,Марк Дёмин,Стрижка мужская,1400,5829,онлайн,выполнена
928,03.03.2026,15:45,Центр, Иван Петров,Стрижка мужская,1120,6261,без записи,выполнена
929,03.03.2026,18:00,Северный,Д. Ким,Стрижка мужская,1400 р.,5849,телефон,выполнена
930,03.03.2026,18:15,Северный,Д. Ким,Стрижка машинкой,700,5574,телефон,выполнена
931,03.03.2026,20:00,Центр,Иван Петров,Бритьё опасной бритвой,1300,5708,телефон,выполнена
932,2026-03-03,14:00,Центр,Лев Гаврилов,Оформление бороды,900,6351,онлайн,выполнена
933,03.03.2026,15:15,Северный,Роман Швец,Тонирование,1800,6214,онлайн,выполнена
934,03.03.2026,16:15,Центр,Артём Соколов,Стрижка + борода,2100,5116,онлайн,выполнена
935,03.03.2026,17:15,Северный,Данила Ким,Стрижка мужская,1400,5623,телефон,отменена
936,03.03.2026,17:45,Центр,Лев Гаврилов,Стрижка детская,1000,6300,онлайн,выполнена
937,03.03.2026,16:15,Центр,Иван П.,Оформление бороды,900,6097,онлайн,выполнена
938,04.03.2026,16:45,Центр,Артём Соколов,,1400,5773,онлайн,выполнена
939,04.03.2026,18:15,Северный,Олег Рыбак,Стрижка мужская,1400,5428,телефон,выполнена
940,04.03.2026,12:15,Заречная,Марк Дёмин,Стрижка + борода,2100,6096,онлайн,выполнена
941,04.03.2026,18:15,Центр, Иван Петров,Стрижка + борода,2100,5065,онлайн,выполнена
942,04.03.2026,18:00,Северный,Олег Рыбак,Бритьё опасной бритвой,1300,6147,онлайн,выполнена
943,04.03.2026,13:30,Северный,Роман Швец,Стрижка мужская,1400,6291,онлайн,выполнена
944,04.03.2026,15:00,Центр,Лев Гаврилов,Стрижка мужская,1260,5250,онлайн,выполнена
945,04.03.2026,12:15,Северный,Данила Ким,Стрижка мужская,1400,5458,без записи,выполнена
946,04.03.2026,15:30,Заречная,Тимур Аскеров,Бритьё опасной бритвой,"1300,00",5702,онлайн,выполнена
947,04.03.2026,19:00,Северный,Данила Ким,Стрижка детская,1000,6319,онлайн,выполнена
948,04.03.2026,14:45,Центр,Лев Гаврилов,Бритьё опасной бритвой,1300,5520,телефон,выполнена
949,04.03.2026,15:45,Заречная,Тимур Аскеров,Стрижка + борода,2100,5294,онлайн,выполнена
950,04.03.2026,19:00,Центр,Артём Соколов,Оформление бороды,900 р.,5537,онлайн,выполнена
951,2026-03-04,12:15,Центр,Лев Гаврилов,Стрижка мужская,1400 р.,5038,без записи,выполнена
952,2026-03-04,13:00,Заречная,Марк Дёмин,Оформление бороды,900,6180,онлайн,выполнена
953,04.03.2026,19:15,Центр,Иван П.,Стрижка мужская,1400,5806,онлайн,выполнена
954,05.03.2026,15:45,Северный,Роман Швец,Оформление бороды,900,5323,онлайн,выполнена
955,05.03.2026,20:15,Центр,Артём Соколов,Стрижка детская,1000 р.,5595,телефон,выполнена
956,05.03.2026,20:00,Северный,Д. Ким,Стрижка мужская,1400,5177,телефон,выполнена
957,05.03.2026,19:45,Северный,Роман Швец,Стрижка детская,1000,5574,онлайн,выполнена
958,05.03.2026,14:45,Центр,иван петров,Стрижка мужская,1400,5235,онлайн,выполнена
959,05.03.2026,18:45,Центр,иван петров,Оформление бороды,900 р.,5974,телефон,выполнена
960,05.03.2026,11:00,Северный,Роман Швец,Стрижка мужская,1400,5031,телефон,выполнена
961,05.03.2026,14:45,Северный,Олег Рыбак,Стрижка мужская,1400,5196,онлайн,выполнена
962,05.03.2026,17:15,Северный,Данила Ким,Тонирование,1800,5360,телефон,выполнена
963,2026-03-05,16:15,Заречная,Марк Дёмин,Стрижка мужская,1400,5923,онлайн,выполнена
964,05.03.2026,12:15,Заречная,Марк Дёмин,Стрижка + борода,2100,5847,телефон,выполнена
965,05.03.2026,16:15,Заречная,Тимур Аскеров,Стрижка + борода,2100 р.,5415,без записи,выполнена
966,05.03.2026,10:30,Центр,Иван П.,Камуфляж седины,1360,5350,телефон,выполнена
967,06.03.2026,13:30,Заречная,Марк Дёмин,Стрижка + борода,2100,5137,онлайн,выполнена
968,06.03.2026,13:15,Заречная,ТИМУР АСКЕРОВ,Стрижка мужская,1400,5130,без записи,выполнена
969,2026-03-06,14:30,Заречная,Марк Дёмин,Оформление бороды,900,5094,телефон,выполнена
970,06.03.2026,16:15,Центр,Иван Петров,Стрижка + борода,1680,5105,телефон,выполнена
971,06.03.2026,17:45,Заречная,ТИМУР АСКЕРОВ,Оформление бороды,900,5130,онлайн,выполнена
972,06.03.2026,14:30,Заречная,ТИМУР АСКЕРОВ,Стрижка детская,1000,5059,онлайн,выполнена
973,06.03.2026,18:30,Центр,Артём Соколов,Стрижка мужская,1400,6339,телефон,выполнена
974,06.03.2026,15:45,Заречная,Тимур А.,Стрижка детская,1000,6443,онлайн,выполнена
975,06.03.2026,18:15,Северный,Роман Швец,Стрижка мужская,1190,5333,онлайн,выполнена
976,06.03.2026,18:00,Центр,Иван Петров,Стрижка детская,1000,5735,онлайн,выполнена
977,06.03.2026,17:30,Центр,Лев Гаврилов,Камуфляж седины,1600,6400,онлайн,выполнена
978,2026-03-06,15:45,Центр, Иван Петров,Стрижка + борода,2100,6063,онлайн,выполнена
979,06.03.2026,15:00,Центр,Артём Соколов,Стрижка + борода,2100,5646,без записи,выполнена
980,06.03.2026,16:30,Северный,Олег Рыбак,Оформление бороды,900,5564,онлайн,выполнена
981,2026-03-06,18:15,Центр, Иван Петров,Стрижка мужская,"1260,00",5885,онлайн,выполнена
982,06.03.2026,11:00,Центр,Лев Гаврилов,Бритьё опасной бритвой,1300,5154,онлайн,выполнена
983,06.03.2026,16:45,Центр,Артём Соколов,Стрижка мужская,1400,5294,телефон,выполнена
984,06.03.2026,20:00,Заречная,Марк Дёмин,Стрижка мужская,1400,5194,онлайн,выполнена
985,2026-03-06,15:00,Центр,Артём Соколов,Стрижка мужская,1400,6421,без записи,выполнена
986,2026-03-06,17:15,Центр,Лев Гаврилов,Бритьё опасной бритвой,1300,5463,онлайн,выполнена
987,06.03.2026,12:15,Северный,Данила Ким,Тонирование,1800,6214,телефон,выполнена
988,07.03.2026,18:00,Северный,Олег Рыбак,Стрижка детская,1100,5423,онлайн,выполнена
989,07.03.2026,14:30,Центр,Лев Гаврилов,Стрижка мужская,1540,5057,без записи,выполнена
990,2026-03-07,14:15,Центр,иван петров,Камуфляж седины,1360,5927,онлайн,выполнена
991,07.03.2026,14:00,Заречная,Тимур А.,Стрижка детская,1000 р.,6238,без записи,выполнена
992,07.03.2026,18:00,Центр,Артём Соколов,Стрижка мужская,1540,5348,телефон,выполнена
993,07.03.2026,20:30,Заречная,Тимур А.,Оформление бороды,810,5781,онлайн,выполнена
994,2026-03-07,12:30,Заречная,Марк Дёмин,Стрижка + борода,2100,6205,онлайн,выполнена
995,07.03.2026,14:30,Заречная,Тимур Аскеров,Стрижка + борода,2100,5464,онлайн,выполнена
996,07.03.2026,20:00,Заречная,Марк Дёмин,Стрижка мужская,1400,6412,без записи,выполнена
997,07.03.2026,16:30,Северный,Олег Рыбак,Оформление бороды,900,5944,телефон,выполнена
998,2026-03-07,16:30,Заречная,Марк Дёмин,Стрижка мужская,1400,5057,телефон,выполнена
999,07.03.2026,18:30,Центр,Артём Соколов,Стрижка мужская,1400,6233,онлайн,выполнена
1000,2026-03-07,10:15,Северный,Данила Ким,Стрижка + борода,2310,5074,онлайн,выполнена
1001,07.03.2026,19:15,Заречная,Марк Дёмин,Стрижка + борода,2100,6000,телефон,выполнена
1002,2026-03-07,14:15,Северный,Д. Ким,Стрижка мужская,1400,5846,онлайн,выполнена
1003,07.03.2026,16:00,Северный,Роман Швец,Стрижка мужская,1540,6414,онлайн,выполнена
1004,07.03.2026,12:45,Северный,Роман Швец,Стрижка мужская,1400 р.,6009,онлайн,выполнена
1005,07.03.2026,19:45,Заречная,ТИМУР АСКЕРОВ,Тонирование,1800,5361,онлайн,выполнена
1006,07.03.2026,15:15,Заречная,Тимур А.,Стрижка мужская,1400,6304,телефон,выполнена
1007,07.03.2026,11:45,Центр,Артём Соколов,Оформление бороды,990,6025,телефон,выполнена
1008,08.03.2026,17:00,Северный,Д. Ким,Стрижка мужская,1400,5509,телефон,выполнена
1009,08.03.2026,20:30,Центр,Артём Соколов,Тонирование,1980,5205,без записи,выполнена
1010,08.03.2026,19:15,Заречная,Марк Дёмин,Стрижка мужская,1400,5001,телефон,выполнена
1011,08.03.2026,14:30,Центр,Лев Гаврилов,Оформление бороды,900,5966,телефон,выполнена
1012,08.03.2026,16:45,Заречная,Тимур А.,Стрижка мужская,1120,5982,онлайн,выполнена
1013,08.03.2026,10:45,Заречная,Марк Дёмин,Стрижка машинкой,595,6195,онлайн,выполнена
1014,08.03.2026,16:00,Центр,Артём Соколов,Стрижка мужская,1400,6128,телефон,выполнена
1015,08.03.2026,16:00,Центр,Артём Соколов,Стрижка мужская,"1400,00",6207,без записи,выполнена
1016,08.03.2026,19:00,Заречная,ТИМУР АСКЕРОВ,Стрижка мужская,1400,5523,без записи,выполнена
1017,08.03.2026,19:15,Центр,Лев Гаврилов,Оформление бороды,900 р.,5194,телефон,выполнена
1018,08.03.2026,19:45,Центр,Лев Гаврилов,Стрижка машинкой,"700,00",6021,телефон,выполнена
1019,08.03.2026,18:30,Центр,Лев Гаврилов,Стрижка мужская,1400,5439,онлайн,выполнена
1020,08.03.2026,13:30,Заречная,Тимур А.,Стрижка мужская,1400,5586,онлайн,выполнена
1021,08.03.2026,19:00,Центр,иван петров,Стрижка детская,"1100,00",5185,онлайн,выполнена
1022,08.03.2026,12:45,Заречная,Марк Дёмин,Оформление бороды,900,6360,телефон,выполнена
1023,08.03.2026,15:15,Северный,Роман Швец,Стрижка мужская,1540,5646,онлайн,выполнена
1024,08.03.2026,17:15,Заречная,Марк Дёмин,Стрижка + борода,2100,6444,онлайн,выполнена
1025,08.03.2026,18:45,Заречная,Марк Дёмин,Стрижка мужская,1540,5720,онлайн,выполнена
1026,08.03.2026,14:30,Центр,Лев Гаврилов,Оформление бороды,900,5523,без записи,выполнена
1027,08.03.2026,17:00,Центр,Лев Гаврилов,Стрижка мужская,1540,5265,без записи,выполнена
1028,2026-03-09,17:45,Северный,Д. Ким,Стрижка мужская,1400 р.,5537,без записи,выполнена
1029,09.03.2026,11:00,Северный,Д. Ким,Стрижка детская,1000,5803,онлайн,выполнена
1030,09.03.2026,11:15,Заречная,Тимур А.,Камуфляж седины,1600,6104,телефон,выполнена
1031,09.03.2026,20:00,Центр,Лев Гаврилов,Стрижка мужская,"1120,00",5806,телефон,отменена
1032,09.03.2026,13:45,Центр,Лев Гаврилов,Стрижка + борода,2100,5028,без записи,выполнена
1033,09.03.2026,19:45,Центр,иван петров,Стрижка мужская,"1400,00",6282,телефон,отменена
1034,09.03.2026,14:15,Центр, Иван Петров,Камуфляж седины,1600,5762,телефон,выполнена
1035,10.03.2026,18:30,Северный,Роман Швец,Стрижка + борода,2100,6013,без записи,выполнена
1036,10.03.2026,18:45,Центр,Артём Соколов,Бритьё опасной бритвой,1300,5596,без записи,выполнена
1037,10.03.2026,15:00,Центр,Артём Соколов,Тонирование,1800,5334,телефон,выполнена
1038,10.03.2026,18:15,Центр, Иван Петров,Оформление бороды,900,5937,без записи,выполнена
1039,10.03.2026,14:30,Центр,иван петров,Стрижка + борода,2100,6370,онлайн,выполнена
1040,10.03.2026,12:15,Центр,Иван Петров,Стрижка + борода,1785,6410,онлайн,выполнена
1041,10.03.2026,19:15,Заречная,Марк Дёмин,Стрижка мужская,1400,5420,телефон,выполнена
1042,10.03.2026,18:15,Заречная,Тимур Аскеров,Оформление бороды,900,6169,телефон,выполнена
1043,10.03.2026,19:00,Северный,Роман Швец,Стрижка + борода,2100,5948,телефон,выполнена
1044,10.03.2026,15:45,Центр,Артём Соколов,Стрижка мужская,1400,5149,онлайн,выполнена
1045,10.03.2026,11:45,Центр,Артём Соколов,Стрижка мужская,1400,5192,онлайн,выполнена
1046,2026-03-11,12:15,Центр,Иван Петров,Стрижка мужская,1400,5581,телефон,выполнена
1047,2026-03-11,13:45,Заречная,Марк Дёмин,Стрижка мужская,1400,5963,телефон,отменена
1048,2026-03-11,16:45,Заречная,Марк Дёмин,Оформление бороды,900,5626,онлайн,выполнена
1049,11.03.2026,13:00,Заречная,Тимур Аскеров,Стрижка + борода,2100,5963,онлайн,выполнена
1050,11.03.2026,19:30,Северный,Роман Швец,Стрижка мужская,1120,6343,телефон,выполнена
1051,11.03.2026,15:30,Центр,Иван П.,Стрижка + борода,2100,5487,онлайн,выполнена
1052,11.03.2026,19:00,Центр,Иван П.,Стрижка детская,1000,5969,телефон,выполнена
1053,11.03.2026,18:00,Центр,Лев Гаврилов,Бритьё опасной бритвой,"1300,00",6020,онлайн,выполнена
1054,11.03.2026,17:15,Заречная,Марк Дёмин,Стрижка мужская,1260,6013,телефон,выполнена
1055,11.03.2026,15:30,Северный,Роман Швец,Стрижка + борода,2100,5400,телефон,выполнена
1056,11.03.2026,13:30,Заречная,ТИМУР АСКЕРОВ,Стрижка + борода,2100 р.,5635,телефон,выполнена
1057,11.03.2026,14:00,Центр,Артём Соколов,Стрижка мужская,1400,5237,онлайн,выполнена
1058,2026-03-12,11:00,Центр, Иван Петров,Оформление бороды,900,5674,телефон,выполнена
1059,12.03.2026,14:00,Центр,Лев Гаврилов,Стрижка детская,1000,5573,телефон,выполнена
1060,12.03.2026,18:00,Центр,Лев Гаврилов,Оформление бороды,810,6177,без записи,выполнена
1061,12.03.2026,13:00,Центр,Иван Петров,Стрижка детская,1000 р.,6375,онлайн,выполнена
1062,12.03.2026,12:30,Заречная,ТИМУР АСКЕРОВ,Стрижка мужская,1400,6290,онлайн,выполнена
1063,12.03.2026,20:15,Заречная,Марк Дёмин,Стрижка + борода,2100,5387,онлайн,выполнена
1064,12.03.2026,19:45,Центр,Артём Соколов,Стрижка детская,1000,5687,телефон,выполнена
1065,12.03.2026,11:15,Центр,Иван П.,Камуфляж седины,1600,6194,без записи,выполнена
1066,12.03.2026,19:15,Северный,Олег Рыбак,Стрижка мужская,1400,5046,онлайн,выполнена
1067,12.03.2026,10:45,Заречная,ТИМУР АСКЕРОВ,Стрижка мужская,1400,5183,без записи,выполнена
1068,12.03.2026,18:30,Северный,Роман Швец,Стрижка мужская,1400 р.,5729,онлайн,отменена
1069,12.03.2026,14:15,Северный,Роман Швец,Тонирование,1800 р.,5677,онлайн,выполнена
1070,13.03.2026,13:15,Северный,Д. Ким,Камуфляж седины,1600,6313,онлайн,отменена
1071,13.03.2026,13:45,Заречная,ТИМУР АСКЕРОВ,Стрижка + борода,2100 р.,6297,телефон,выполнена
1072,2026-03-13,20:15,Северный,Роман Швец,Стрижка мужская,1400,5130,телефон,выполнена
1073,13.03.2026,17:00,Центр, Иван Петров,Стрижка + борода,2100,5221,без записи,выполнена
1074,13.03.2026,19:00,Центр,Лев Гаврилов,Тонирование,1800,5360,без записи,выполнена
1075,13.03.2026,18:15,Заречная,Марк Дёмин,Стрижка мужская,1400,6268,онлайн,выполнена
1076,13.03.2026,16:45,Северный,Олег Рыбак,Стрижка + борода,2100,5407,онлайн,выполнена
1077,2026-03-13,15:30,Заречная,Марк Дёмин,Оформление бороды,900,6014,телефон,выполнена
1078,2026-03-13,18:00,Заречная,Тимур Аскеров,Оформление бороды,900,5203,телефон,выполнена
1079,13.03.2026,20:30,Центр,Артём Соколов,Стрижка + борода,2100,5623,телефон,выполнена
1080,13.03.2026,17:30,Заречная,Тимур А.,Оформление бороды,900 р.,5700,без записи,выполнена
1081,13.03.2026,16:15,Центр,Лев Гаврилов,Стрижка мужская,1400,5434,телефон,выполнена
1082,13.03.2026,16:00,Центр, Иван Петров,Стрижка мужская,1400,6290,телефон,выполнена
1083,13.03.2026,17:45,Северный,Д. Ким,Стрижка мужская,1400,5286,онлайн,выполнена
1084,13.03.2026,15:45,Северный,Д. Ким,Стрижка мужская,1400,5795,онлайн,выполнена
1085,13.03.2026,20:00,Центр,Артём Соколов,Стрижка мужская,1400,6311,телефон,выполнена
1086,13.03.2026,16:30,Северный,Роман Швец,Камуфляж седины,1600,5810,онлайн,выполнена
1087,13.03.2026,12:30,Центр,Лев Гаврилов,Стрижка мужская,1400,5912,телефон,выполнена
1088,13.03.2026,10:15,Центр,Артём Соколов,Стрижка мужская,1400,5203,онлайн,выполнена
1089,13.03.2026,13:15,Северный,Роман Швец,Тонирование,1800 р.,5411,онлайн,выполнена
1090,14.03.2026,14:45,Заречная,Марк Дёмин,Оформление бороды,900,6162,онлайн,выполнена
1091,2026-03-14,19:30,Центр, Иван Петров,Бритьё опасной бритвой,1300,5098,онлайн,выполнена
1092,14.03.2026,17:30,Центр,Лев Гаврилов,Стрижка + борода,2100,5982,онлайн,выполнена
1093,14.03.2026,16:15,Заречная,Марк Дёмин,Стрижка мужская,1540,6201,телефон,выполнена
1094,14.03.2026,18:45,Центр,Лев Гаврилов,Оформление бороды,990,5607,телефон,отменена
1095,14.03.2026,12:30,Северный,Роман Швец,Оформление бороды,900,5337,телефон,выполнена
1096,14.03.2026,12:45,Центр,Артём Соколов,Стрижка мужская,1540,5966,без записи,отменена
1097,2026-03-14,12:00,Центр,Артём Соколов,Стрижка мужская,1540,5438,онлайн,выполнена
1098,14.03.2026,13:15,Центр,Лев Гаврилов,Стрижка мужская,1400,5002,телефон,выполнена
1099,14.03.2026,14:30,Заречная,Марк Дёмин,Стрижка мужская,1400,5940,онлайн,выполнена
1100,14.03.2026,18:15,Центр,Артём Соколов,Стрижка мужская,1120,5030,онлайн,выполнена
1101,14.03.2026,16:00,Центр,Артём Соколов,Оформление бороды,990 р.,5020,онлайн,выполнена
1102,14.03.2026,18:45,Центр,Лев Гаврилов,Стрижка мужская,1260,6255,телефон,выполнена
1103,14.03.2026,20:00,Северный,Данила Ким,Бритьё опасной бритвой,"1300,00",5757,телефон,выполнена
1104,14.03.2026,18:45,Северный,Олег Рыбак,Стрижка детская,1100,6091,телефон,выполнена
1105,2026-03-14,19:15,Центр,Иван П.,Оформление бороды,765,5479,без записи,выполнена
1106,14.03.2026,16:45,Центр,иван петров,Оформление бороды,900,5203,онлайн,отменена
1107,14.03.2026,16:15,Северный,Роман Швец,Камуфляж седины,1600,5279,онлайн,неявка
1108,14.03.2026,16:45,Центр,Лев Гаврилов,Стрижка мужская,1400,5317,телефон,выполнена
1109,15.03.2026,19:00,Центр,Артём Соколов,Стрижка мужская,1400,6378,телефон,выполнена
1110,2026-03-15,20:45,Северный,Д. Ким,Стрижка мужская,1540,5906,онлайн,выполнена
1111,15.03.2026,10:30,Северный,Д. Ким,Бритьё опасной бритвой,1300,6069,онлайн,выполнена
1112,15.03.2026,14:15,Северный,Роман Швец,Стрижка мужская,1400,5037,телефон,выполнена
1113,2026-03-15,11:00,Северный,Олег Рыбак,Стрижка + борода,"2100,00",5305,без записи,выполнена
1114,15.03.2026,19:45,Заречная,Марк Дёмин,Оформление бороды,990,5766,телефон,выполнена
1115,15.03.2026,15:15,Северный,Олег Рыбак,Стрижка + борода,1890,6050,онлайн,выполнена
1116,15.03.2026,17:00,Заречная,Марк Дёмин,Стрижка детская,1000,5207,онлайн,выполнена
1117,15.03.2026,16:30,Центр,Артём Соколов,Стрижка мужская,1400,6123,онлайн,выполнена
1118,15.03.2026,18:30,Заречная,Тимур А.,Стрижка мужская,1540,5114,онлайн,отменена
1119,15.03.2026,18:45,Центр,Лев Гаврилов,Бритьё опасной бритвой,"1300,00",5219,без записи,выполнена
1120,15.03.2026,10:00,Центр,Артём Соколов,Стрижка детская,1000,6012,онлайн,отменена
1121,15.03.2026,18:30,Северный,Роман Швец,Стрижка мужская,1540,5928,без записи,выполнена
1122,15.03.2026,18:15,Заречная,ТИМУР АСКЕРОВ,Оформление бороды,900,5988,телефон,выполнена
1123,15.03.2026,13:30,Заречная,Тимур А.,Стрижка мужская,1400,6284,без записи,выполнена
1124,16.03.2026,14:00,Центр,Артём Соколов,Стрижка + борода,2100,5064,телефон,выполнена
1125,16.03.2026,19:00,Центр,Иван П.,Стрижка + борода,2100,5960,телефон,выполнена
1126,16.03.2026,20:45,Центр,Иван П.,Стрижка детская,1000,5841,онлайн,выполнена
1127,16.03.2026,17:00,Северный,Роман Швец,Стрижка + борода,2100,6400,без записи,выполнена
1128,2026-03-16,19:15,Центр,Артём Соколов,Стрижка мужская,1400,6450,телефон,отменена
1129,16.03.2026,19:30,Заречная,Тимур Аскеров,Стрижка мужская,1400,5125,телефон,выполнена
1130,16.03.2026,13:15,Центр,Артём Соколов,Оформление бороды,765,5437,онлайн,выполнена
1131,17.03.2026,13:30,Северный,Д. Ким,Бритьё опасной бритвой,1300,5408,телефон,выполнена
1132,17.03.2026,12:00,Центр,Иван П.,Оформление бороды,900,6232,телефон,выполнена
1133,17.03.2026,14:45,Центр,Лев Гаврилов,Тонирование,1800,5813,без записи,выполнена
1134,17.03.2026,19:15,Заречная,Тимур Аскеров,Камуфляж седины,1600,6109,онлайн,выполнена
1135,17.03.2026,13:00,Северный,Д. Ким,Стрижка мужская,1400 р.,5975,без записи,выполнена
1136,17.03.2026,18:30,Центр, Иван Петров,Стрижка мужская,1400,6087,телефон,выполнена
1137,17.03.2026,18:30,Заречная,Тимур А.,Оформление бороды,900,5455,без записи,выполнена
1138,2026-03-17,16:30,Центр,Лев Гаврилов,Стрижка мужская,1400,5927,телефон,выполнена
1139,2026-03-17,10:15,Заречная,Марк Дёмин,Оформление бороды,900,5778,телефон,выполнена
1140,17.03.2026,14:30,Заречная,ТИМУР АСКЕРОВ,Стрижка мужская,"1190,00",5732,без записи,выполнена
1141,17.03.2026,13:15,Северный,Д. Ким,Стрижка + борода,2100,6025,онлайн,выполнена
1142,18.03.2026,12:30,Северный,Данила Ким,Стрижка детская,1000,6285,без записи,выполнена
1143,18.03.2026,12:00,Северный,Олег Рыбак,Стрижка + борода,2100,6259,телефон,выполнена
1144,18.03.2026,14:15,Северный,Данила Ким,Стрижка + борода,2100,6390,телефон,выполнена
1145,18.03.2026,18:00,Северный,Олег Рыбак,Стрижка + борода,1680,6280,телефон,выполнена
1146,18.03.2026,14:45,Заречная,Марк Дёмин,Камуфляж седины,1600,5441,онлайн,выполнена
1147,2026-03-18,10:30,Северный,Данила Ким,Оформление бороды,900,5956,онлайн,выполнена
1148,18.03.2026,12:45,Заречная,Марк Дёмин,Стрижка + борода,2100,5079,онлайн,выполнена
1149,18.03.2026,12:15,Заречная,ТИМУР АСКЕРОВ,Камуфляж седины,1600,5203,без записи,выполнена
1150,2026-03-18,18:00,Центр,иван петров,Стрижка + борода,2100,5678,телефон,выполнена
1151,18.03.2026,16:00,Северный,Д. Ким,Стрижка детская,1000,6443,телефон,выполнена
1152,2026-03-18,20:00,Центр, Иван Петров,Стрижка + борода,2100,5453,телефон,отменена
1153,18.03.2026,16:45,Заречная,ТИМУР АСКЕРОВ,Стрижка + борода,2100,5923,телефон,выполнена
1154,18.03.2026,17:00,Центр,Лев Гаврилов,Стрижка + борода,2100,5635,телефон,выполнена
1155,2026-03-18,14:30,Центр,Артём Соколов,Стрижка + борода,2100,6214,онлайн,выполнена
1156,18.03.2026,17:30,Центр,Артём Соколов,Оформление бороды,900,5463,без записи,выполнена
1157,18.03.2026,11:15,Северный,Олег Рыбак,Стрижка + борода,2100,6233,телефон,выполнена
1158,2026-03-19,18:45,Заречная,Тимур А.,Бритьё опасной бритвой,1300,5312,телефон,выполнена
1159,19.03.2026,14:00,Заречная,Тимур Аскеров,Оформление бороды,900,5632,онлайн,выполнена
1160,19.03.2026,13:45,Заречная,Марк Дёмин,Стрижка + борода,2100,5729,онлайн,выполнена
1161,19.03.2026,19:00,Центр,Иван Петров,Стрижка детская,1000,5180,онлайн,выполнена
1162,19.03.2026,12:15,Центр,Лев Гаврилов,Стрижка мужская,1400,5784,онлайн,выполнена
1163,19.03.2026,13:45,Заречная,Марк Дёмин,Оформление бороды,900,5994,онлайн,выполнена
1164,19.03.2026,18:30,Заречная,Марк Дёмин,Оформление бороды,900,5064,без записи,выполнена
1165,19.03.2026,13:45,Северный,Д. Ким,Бритьё опасной бритвой,1300,6211,телефон,выполнена
1166,19.03.2026,10:00,Северный,Д. Ким,Стрижка мужская,1400,5091,телефон,выполнена
1167,19.03.2026,18:30,Центр, Иван Петров,Стрижка + борода,2100,5360,без записи,выполнена
1168,2026-03-20,20:15,Центр,Артём Соколов,Стрижка мужская,1400,5479,телефон,выполнена
1169,20.03.2026,16:30,Центр,Лев Гаврилов,Стрижка мужская,1400,5966,онлайн,выполнена
1170,20.03.2026,10:15,Северный,Роман Швец,Стрижка детская,"1000,00",6343,без записи,выполнена
1171,20.03.2026,17:15,Северный,Олег Рыбак,Стрижка + борода,2100,5360,телефон,неявка
1172,20.03.2026,13:15,Северный,Роман Швец,Стрижка детская,1000,5564,телефон,выполнена
1173,20.03.2026,19:00,Северный,Олег Рыбак,Стрижка мужская,1400,5014,без записи,выполнена
1174,2026-03-20,16:30,Северный,Роман Швец,Оформление бороды,900,5778,телефон,выполнена
1175,20.03.2026,16:30,Северный,Роман Швец,Стрижка мужская,1400,5276,без записи,выполнена
1176,20.03.2026,18:30,Заречная,Марк Дёмин,Стрижка + борода,2100,5359,онлайн,выполнена
1177,20.03.2026,19:30,Северный,Роман Швец,Стрижка + борода,2100,6172,телефон,выполнена
1178,2026-03-20,19:30,Центр,Иван П.,Стрижка + борода,1785,5840,без записи,выполнена
1179,20.03.2026,20:30,Северный,Д. Ким,Оформление бороды,900,5639,онлайн,выполнена
1180,20.03.2026,20:45,Северный,Олег Рыбак,Стрижка мужская,1120 р.,5950,онлайн,выполнена
1181,20.03.2026,15:45,Центр,Иван П.,Стрижка мужская,1400,5819,телефон,выполнена
1182,20.03.2026,18:30,Северный,Роман Швец,Стрижка машинкой,700,5596,онлайн,выполнена
1183,21.03.2026,19:30,Заречная,Марк Дёмин,Стрижка + борода,"1890,00",6066,онлайн,выполнена
1184,2026-03-21,18:45,Северный,Д. Ким,Стрижка мужская,1400,5497,телефон,выполнена
1185,21.03.2026,10:15,Северный,Роман Швец,Камуфляж седины,1760,5795,онлайн,выполнена
1186,21.03.2026,10:15,Северный,Олег Рыбак,Стрижка мужская,1400,6275,телефон,выполнена
1187,21.03.2026,14:15,Заречная,Тимур А.,Стрижка мужская,1400,5649,телефон,выполнена
1188,21.03.2026,11:15,Северный,Олег Рыбак,Стрижка мужская,1400,6367,онлайн,выполнена
1189,21.03.2026,18:45,Заречная,Марк Дёмин,Стрижка мужская,1400,5928,онлайн,выполнена
1190,21.03.2026,18:00,Северный,Данила Ким,Стрижка мужская,1400,5270,онлайн,выполнена
1191,21.03.2026,18:30,Северный,Роман Швец,Стрижка детская,1000 р.,5514,телефон,выполнена
1192,21.03.2026,15:30,Заречная,Марк Дёмин,Тонирование,1800,6216,онлайн,выполнена
1193,21.03.2026,17:15,Северный,Данила Ким,Стрижка мужская,1400,5596,онлайн,выполнена
1194,21.03.2026,11:30,Северный,Роман Швец,Стрижка мужская,1540,6227,онлайн,выполнена
1195,21.03.2026,17:00,Северный,Олег Рыбак,Бритьё опасной бритвой,1300,6365,телефон,выполнена
1196,21.03.2026,20:15,Заречная,Тимур Аскеров,Стрижка детская,1000,5772,онлайн,выполнена
1197,21.03.2026,15:30,Заречная,Марк Дёмин,Стрижка детская,850,5526,онлайн,выполнена
1198,21.03.2026,11:30,Заречная,ТИМУР АСКЕРОВ,Стрижка детская,1000,5329,телефон,выполнена
1199,2026-03-21,16:45,Центр,Лев Гаврилов,Стрижка + борода,1680,5952,телефон,выполнена
1200,2026-03-21,19:30,Северный,Роман Швец,Стрижка мужская,1400,5726,онлайн,выполнена
1201,21.03.2026,13:30,Заречная,Марк Дёмин,Оформление бороды,720,6362,телефон,выполнена
1202,21.03.2026,11:45,Северный,Роман Швец,Камуфляж седины,1600,5595,онлайн,выполнена
1203,21.03.2026,14:00,Заречная,Тимур Аскеров,Бритьё опасной бритвой,1300,5756,без записи,выполнена
1204,21.03.2026,13:45,Северный,Роман Швец,Оформление бороды,765,5891,без записи,выполнена
1205,21.03.2026,17:30,Центр,Артём Соколов,Оформление бороды,900,6400,онлайн,выполнена
1206,21.03.2026,20:15,Заречная,Тимур А.,Оформление бороды,900,6006,онлайн,выполнена
1207,2026-03-22,18:45,Заречная,Марк Дёмин,Стрижка мужская,1400,5603,онлайн,выполнена
1208,22.03.2026,18:15,Северный,Д. Ким,Оформление бороды,720,5222,телефон,выполнена
1209,22.03.2026,14:30,Центр,Лев Гаврилов,Стрижка детская,1100,6167,онлайн,выполнена
1210,22.03.2026,11:15,Заречная,Марк Дёмин,Стрижка мужская,1400,5840,онлайн,выполнена
1211,22.03.2026,20:30,Центр,Иван Петров,Стрижка мужская,1400,5982,без записи,выполнена
1212,22.03.2026,20:45,Центр,Артём Соколов,Стрижка мужская,1400,5069,телефон,выполнена
1213,22.03.2026,10:00,Центр,Иван Петров,Стрижка + борода,2100,5476,онлайн,выполнена
1214,22.03.2026,20:00,Северный,Данила Ким,Оформление бороды,900,5031,телефон,выполнена
1215,22.03.2026,16:45,Северный,Олег Рыбак,Оформление бороды,720,6349,онлайн,выполнена
1216,22.03.2026,17:45,Центр,Артём Соколов,Стрижка + борода,"2310,00",5552,телефон,выполнена
1217,2026-03-22,12:00,Заречная,ТИМУР АСКЕРОВ,Стрижка мужская,1190,6285,телефон,выполнена
1218,22.03.2026,19:15,Северный,Данила Ким,Стрижка детская,1100,6290,онлайн,выполнена
1219,22.03.2026,17:15,Центр,Лев Гаврилов,Стрижка мужская,1540,5461,онлайн,выполнена
1220,22.03.2026,11:30,Заречная,Тимур А.,Стрижка мужская,1540,5144,телефон,выполнена
1221,22.03.2026,14:00,Заречная,Тимур А.,Стрижка + борода,2100,5300,онлайн,выполнена
1222,22.03.2026,14:45,Северный,Данила Ким,Стрижка + борода,2100,6344,онлайн,выполнена
1223,23.03.2026,18:15,Центр,иван петров,Стрижка мужская,1120,5733,онлайн,выполнена
1224,23.03.2026,15:45,Центр,Артём Соколов,Стрижка мужская,1400,5804,онлайн,выполнена
1225,23.03.2026,18:30,Заречная,Тимур Аскеров,Стрижка мужская,1400,6054,онлайн,выполнена
1226,23.03.2026,10:15,Заречная,Марк Дёмин,,900,5379,онлайн,выполнена
1227,23.03.2026,19:00,Центр,Лев Гаврилов,Оформление бороды,900,5521,телефон,выполнена
1228,23.03.2026,18:00,Северный,Роман Швец,Оформление бороды,900,5152,телефон,неявка
1229,23.03.2026,11:30,Центр,Иван Петров,Стрижка детская,1000,5541,телефон,выполнена
1230,23.03.2026,13:00,Центр,Артём Соколов,Бритьё опасной бритвой,1300 р.,5468,онлайн,выполнена
1231,23.03.2026,16:00,Центр,иван петров,Камуфляж седины,1600,5300,онлайн,выполнена
1232,2026-03-23,19:15,Центр,Лев Гаврилов,Стрижка мужская,1260,5663,телефон,выполнена
1233,23.03.2026,17:30,Северный,Роман Швец,Стрижка + борода,2100,5671,онлайн,выполнена
1234,2026-03-24,17:00,Северный,Д. Ким,Оформление бороды,900,5982,онлайн,выполнена
1235,2026-03-24,11:30,Заречная,Тимур А.,Стрижка + борода,2100,5355,онлайн,выполнена
1236,24.03.2026,17:45,Северный,Данила Ким,Стрижка мужская,1400,6188,онлайн,выполнена
1237,2026-03-24,12:45,Центр,Лев Гаврилов,Оформление бороды,900,5889,онлайн,выполнена
1238,24.03.2026,16:45,Северный,Данила Ким,Стрижка мужская,1400,5767,онлайн,выполнена
1239,24.03.2026,15:30,Центр, Иван Петров,Оформление бороды,900,5235,без записи,выполнена
1240,24.03.2026,15:00,Северный,Д. Ким,Стрижка детская,1000,5004,онлайн,выполнена
1241,24.03.2026,17:45,Центр,Иван Петров,Оформление бороды,900,6276,телефон,выполнена
1242,24.03.2026,20:30,Заречная,Марк Дёмин,Стрижка мужская,1400,5151,телефон,выполнена
1243,24.03.2026,18:15,Центр,Иван Петров,Оформление бороды,900,6006,телефон,выполнена
1244,2026-03-24,15:45,Северный,Д. Ким,Стрижка + борода,2100,5167,онлайн,выполнена
1245,24.03.2026,13:30,Заречная,Марк Дёмин,Бритьё опасной бритвой,1300,5256,телефон,выполнена
1246,25.03.2026,19:00,Центр,Артём Соколов,Стрижка мужская,1400,6066,телефон,выполнена
1247,25.03.2026,18:30,Северный,Данила Ким,Стрижка мужская,1400 р.,5352,онлайн,выполнена
1248,25.03.2026,17:00,Центр,Иван П.,Камуфляж седины,1600,6341,онлайн,выполнена
1249,25.03.2026,15:45,Заречная,Марк Дёмин,Стрижка мужская,1400,5294,онлайн,выполнена
1250,25.03.2026,16:45,Центр,Лев Гаврилов,Стрижка мужская,1400 р.,6328,телефон,выполнена
1251,25.03.2026,16:00,Северный,Данила Ким,Оформление бороды,900,5037,онлайн,выполнена
1252,25.03.2026,20:45,Центр,Артём Соколов,Стрижка мужская,1400,6147,онлайн,выполнена
1253,25.03.2026,18:45,Заречная,Марк Дёмин,Стрижка мужская,1400,5336,без записи,выполнена
1254,25.03.2026,11:30,Заречная,ТИМУР АСКЕРОВ,Оформление бороды,900,6438,онлайн,выполнена
1255,25.03.2026,16:45,Центр,Иван П.,Стрижка мужская,1400,5923,телефон,выполнена
1256,25.03.2026,14:15,Центр,Лев Гаврилов,Стрижка мужская,1400,6017,без записи,выполнена
1257,26.03.2026,20:30,Северный,Роман Швец,Стрижка мужская,1400,6050,онлайн,выполнена
1258,26.03.2026,15:15,Заречная,Тимур А.,Бритьё опасной бритвой,1300,5127,без записи,выполнена
1259,26.03.2026,14:30,Заречная,Марк Дёмин,Стрижка + борода,2100 р.,6129,без записи,выполнена
1260,26.03.2026,13:15,Заречная,ТИМУР АСКЕРОВ,Стрижка + борода,2100,5378,онлайн,выполнена
1261,2026-03-26,20:00,Центр,Лев Гаврилов,Стрижка + борода,2100,6217,телефон,выполнена
1262,26.03.2026,17:30,Северный,Роман Швец,Стрижка детская,1000,6410,телефон,выполнена
1263,2026-03-26,17:45,Центр,Артём Соколов,Стрижка мужская,1400,6001,без записи,выполнена
1264,26.03.2026,15:00,Заречная,Марк Дёмин,Бритьё опасной бритвой,1300 р.,5622,телефон,выполнена
1265,26.03.2026,14:15,Северный,Олег Рыбак,Стрижка мужская,1400,5848,онлайн,выполнена
1266,26.03.2026,14:30,Северный,Данила Ким,Стрижка + борода,2100 р.,6288,онлайн,выполнена
1267,26.03.2026,19:15,Северный,Олег Рыбак,Стрижка + борода,2100,5186,онлайн,отменена
1268,26.03.2026,14:45,Центр,иван петров,Стрижка мужская,1400 р.,6064,онлайн,выполнена
1269,27.03.2026,17:30,Центр,Иван П.,Стрижка мужская,1400,6073,онлайн,выполнена
1270,27.03.2026,20:00,Заречная,ТИМУР АСКЕРОВ,Стрижка мужская,1400,5781,онлайн,выполнена
1271,27.03.2026,14:45,Центр, Иван Петров,Стрижка + борода,2100,6450,телефон,выполнена
1272,27.03.2026,16:15,Заречная,Тимур А.,Оформление бороды,900 р.,6445,онлайн,выполнена
1273,27.03.2026,13:00,Северный,Олег Рыбак,Камуфляж седины,1600,5074,онлайн,выполнена
1274,27.03.2026,17:30,Заречная,Марк Дёмин,Стрижка + борода,2100,6286,онлайн,выполнена
1275,27.03.2026,15:15,Заречная,Марк Дёмин,Камуфляж седины,1600,6203,онлайн,выполнена
1276,2026-03-27,10:00,Северный,Д. Ким,Стрижка + борода,2100,5310,без записи,выполнена
1277,2026-03-27,13:45,Центр,Лев Гаврилов,Стрижка детская,1000,5896,онлайн,отменена
1278,27.03.2026,15:45,Центр,Лев Гаврилов,Тонирование,1800,6135,без записи,выполнена
1279,27.03.2026,14:15,Северный,Роман Швец,Бритьё опасной бритвой,1170,5463,онлайн,выполнена
1280,27.03.2026,15:00,Заречная,Марк Дёмин,Стрижка + борода,2100 р.,5553,онлайн,выполнена
1281,2026-03-27,15:15,Северный,Данила Ким,Стрижка + борода,2100,5296,телефон,выполнена
1282,27.03.2026,10:00,Северный,Роман Швец,Стрижка + борода,2100,5862,без записи,выполнена
1283,27.03.2026,20:30,Северный,Роман Швец,Стрижка + борода,1890 р.,5496,телефон,отменена
1284,27.03.2026,13:30,Центр,Иван П.,Стрижка + борода,2100,5616,онлайн,выполнена
1285,27.03.2026,15:30,Центр,Артём Соколов,Стрижка мужская,1400,5616,онлайн,выполнена
1286,27.03.2026,13:15,Центр,Артём Соколов,Стрижка + борода,2100,5279,телефон,выполнена
1287,27.03.2026,19:30,Центр,Иван Петров,Стрижка мужская,1400,6266,онлайн,выполнена
1288,27.03.2026,14:30,Центр,Артём Соколов,Стрижка мужская,1400,5982,онлайн,отменена
1289,2026-03-28,16:30,Северный,Д. Ким,Стрижка + борода,1680,5797,телефон,выполнена
1290,2026-03-28,13:45,Северный,Роман Швец,Оформление бороды,900,5069,телефон,выполнена
1291,28.03.2026,13:00,Заречная,Марк Дёмин,Оформление бороды,900,5969,онлайн,выполнена
1292,28.03.2026,11:15,Северный,Олег Рыбак,Стрижка мужская,1540,5002,без записи,выполнена
1293,2026-03-28,19:15,Центр,Артём Соколов,Стрижка + борода,2310,5203,онлайн,выполнена
1294,28.03.2026,12:15,Центр,Артём Соколов,Стрижка + борода,2100,5134,онлайн,выполнена
1295,28.03.2026,13:00,Центр,Лев Гаврилов,Камуфляж седины,1600,6203,онлайн,выполнена
1296,28.03.2026,18:15,Северный,Роман Швец,Стрижка мужская,1540,5525,без записи,выполнена
1297,28.03.2026,17:15,Центр,иван петров,Оформление бороды,900,5350,онлайн,выполнена
1298,28.03.2026,19:00,Центр,Артём Соколов,Стрижка мужская,1400,5829,онлайн,выполнена
1299,28.03.2026,12:45,Заречная,ТИМУР АСКЕРОВ,Оформление бороды,900,5495,телефон,выполнена
1300,2026-03-28,17:00,Заречная,Марк Дёмин,Стрижка детская,1000,6088,телефон,выполнена
1301,28.03.2026,15:00,Северный,Роман Швец,Стрижка + борода,2100,5279,онлайн,выполнена
1302,28.03.2026,17:15,Центр,Артём Соколов,Оформление бороды,900,5065,онлайн,выполнена
1303,2026-03-28,12:30,Заречная,Марк Дёмин,Стрижка мужская,1400,5154,телефон,отменена
1304,2026-03-28,11:00,Центр,Лев Гаврилов,Стрижка мужская,1400,5221,без записи,выполнена
1305,28.03.2026,13:30,Северный,Роман Швец,Стрижка + борода,1890,6266,телефон,выполнена
1306,28.03.2026,19:30,Центр,Артём Соколов,Стрижка мужская,1120,5558,онлайн,неявка
1307,28.03.2026,15:15,Центр,Артём Соколов,Стрижка детская,1000,6393,телефон,выполнена
1308,28.03.2026,16:45,Заречная,Марк Дёмин,Стрижка мужская,1400,5438,онлайн,выполнена
1309,2026-03-28,16:45,Северный,Данила Ким,Стрижка + борода,2100,6148,телефон,выполнена
1310,28.03.2026,19:15,Северный,Роман Швец,Бритьё опасной бритвой,1300,5496,телефон,выполнена
1311,29.03.2026,16:30,Центр,Артём Соколов,Тонирование,1800,5276,онлайн,выполнена
1312,29.03.2026,14:00,Северный,Роман Швец,Стрижка + борода,2100 р.,6155,онлайн,выполнена
1313,2026-03-29,18:15,Центр,Артём Соколов,Стрижка + борода,2100,5724,онлайн,выполнена
1314,29.03.2026,16:15,Северный,Роман Швец,Бритьё опасной бритвой,1300,5438,телефон,выполнена
1315,29.03.2026,13:45,Центр,Лев Гаврилов,Стрижка мужская,1120,6066,телефон,выполнена
1316,29.03.2026,12:00,Заречная,ТИМУР АСКЕРОВ,Камуфляж седины,1600,6155,онлайн,выполнена
1317,29.03.2026,16:15,Центр,Артём Соколов,Стрижка + борода,2310,6019,телефон,выполнена
1318,29.03.2026,16:15,Северный,Роман Швец,Стрижка + борода,2100,6118,онлайн,выполнена
1319,29.03.2026,15:30,Северный,Олег Рыбак,Стрижка + борода,"1680,00",6421,телефон,выполнена
1320,29.03.2026,12:15,Центр,Лев Гаврилов,Стрижка мужская,1540,6183,онлайн,выполнена
1321,29.03.2026,10:15,Северный,Д. Ким,Стрижка мужская,1400,6017,телефон,выполнена
1322,29.03.2026,19:30,Центр,Лев Гаврилов,Бритьё опасной бритвой,1430,5137,онлайн,выполнена
1323,29.03.2026,17:30,Центр,Лев Гаврилов,Стрижка мужская,1400,5839,онлайн,выполнена
1324,29.03.2026,12:15,Центр,Лев Гаврилов,Тонирование,1530,6199,онлайн,выполнена
1325,29.03.2026,11:30,Заречная,ТИМУР АСКЕРОВ,Стрижка мужская,1400,5649,онлайн,выполнена
1326,29.03.2026,15:30,Заречная,Тимур Аскеров,Бритьё опасной бритвой,1300,5381,телефон,выполнена
1327,29.03.2026,18:15,Заречная,Тимур А.,Стрижка + борода,2100,5814,онлайн,выполнена
1328,30.03.2026,18:00,Северный,Данила Ким,Стрижка мужская,1400,5573,телефон,выполнена
1329,30.03.2026,18:00,Заречная,Марк Дёмин,Тонирование,1800,5304,телефон,выполнена
1330,30.03.2026,13:30,Центр,Артём Соколов,Стрижка детская,1000,5261,телефон,выполнена
1331,30.03.2026,19:45,Центр,Лев Гаврилов,Стрижка + борода,1890,6119,телефон,выполнена
1332,30.03.2026,13:30,Центр,Иван П.,Бритьё опасной бритвой,1105 р.,6259,онлайн,выполнена
1333,30.03.2026,17:15,Центр,Иван П.,Стрижка + борода,1785 р.,5814,телефон,выполнена
1334,2026-03-30,12:30,Заречная,Марк Дёмин,Тонирование,1800,5086,онлайн,выполнена
1335,2026-03-31,11:00,Северный,Олег Рыбак,Оформление бороды,900,6063,без записи,выполнена
1336,2026-03-31,13:30,Центр,Лев Гаврилов,Бритьё опасной бритвой,1300,5576,онлайн,выполнена
1337,31.03.2026,16:30,Центр,Артём Соколов,Стрижка мужская,1400,5687,онлайн,выполнена
1338,31.03.2026,16:15,Северный,Роман Швец,Стрижка детская,1000,5728,онлайн,выполнена
1339,31.03.2026,13:30,Центр,Лев Гаврилов,Стрижка мужская,1120,5463,без записи,выполнена
1340,31.03.2026,13:15,Северный,Д. Ким,Стрижка машинкой,700,5023,телефон,выполнена
1341,31.03.2026,20:30,Северный,Олег Рыбак,Стрижка мужская,1400,5411,без записи,выполнена
1342,31.03.2026,18:00,Заречная,Тимур А.,Стрижка мужская,1400,5274,онлайн,выполнена
1343,31.03.2026,12:15,Северный,Олег Рыбак,Стрижка мужская,1400,6252,онлайн,выполнена
1344,01.04.2026,16:45,Центр,Лев Гаврилов,Стрижка мужская,1190,5497,онлайн,выполнена
1345,01.04.2026,17:30,Северный,Данила Ким,Стрижка мужская,1400,5834,онлайн,выполнена
1346,01.04.2026,17:15,Заречная,Тимур А.,Камуфляж седины,1600,5834,онлайн,выполнена
1347,01.04.2026,18:15,Центр,Иван П.,Стрижка + борода,2100,5656,онлайн,выполнена
1348,01.04.2026,14:00,Заречная,Марк Дёмин,Стрижка мужская,1400,5040,онлайн,выполнена
1349,01.04.2026,10:30,Северный,Данила Ким,Оформление бороды,900,5886,телефон,выполнена
1350,01.04.2026,20:30,Центр,Артём Соколов,Оформление бороды,900,5617,телефон,выполнена
1351,01.04.2026,17:45,Центр,иван петров,Стрижка + борода,2100,5022,онлайн,выполнена
1352,2026-04-01,19:45,Центр,Артём Соколов,Стрижка детская,1000 р.,5263,онлайн,выполнена
1353,01.04.2026,16:30,Заречная,Тимур Аскеров,Стрижка детская,1000,5808,онлайн,выполнена
1354,01.04.2026,17:30,Заречная,Марк Дёмин,Стрижка мужская,1400 р.,5974,без записи,выполнена
1355,01.04.2026,19:15,Северный,Д. Ким,Оформление бороды,900,5144,телефон,выполнена
1356,01.04.2026,19:15,Центр,Иван Петров,Стрижка мужская,1400,6003,онлайн,неявка
1357,01.04.2026,20:15,Центр,Лев Гаврилов,,2100,5269,онлайн,выполнена
1358,01.04.2026,18:15,Заречная,Тимур Аскеров,Стрижка мужская,1400,6079,телефон,выполнена
1359,01.04.2026,18:00,Северный,Олег Рыбак,Стрижка мужская,1400,5057,без записи,выполнена
1360,02.04.2026,16:15,Северный,Данила Ким,Стрижка детская,1000,5735,телефон,выполнена
1361,02.04.2026,10:00,Заречная,Марк Дёмин,Стрижка + борода,1680,6418,онлайн,выполнена
1362,02.04.2026,19:30,Заречная,Тимур А.,Стрижка мужская,1260,5883,без записи,выполнена
1363,02.04.2026,20:30,Заречная,Марк Дёмин,Стрижка детская,1000,5567,онлайн,выполнена
1364,2026-04-02,20:45,Заречная,Марк Дёмин,Стрижка мужская,1400,6175,телефон,выполнена
1365,02.04.2026,19:00,Центр,Иван П.,Стрижка + борода,2100 р.,6436,телефон,выполнена
1366,2026-04-02,17:00,Центр,Лев Гаврилов,Стрижка мужская,1400,5786,без записи,выполнена
1367,02.04.2026,11:15,Центр,Лев Гаврилов,Стрижка мужская,1400,5470,онлайн,выполнена
1368,02.04.2026,12:00,Заречная,Марк Дёмин,Стрижка мужская,1400,5458,телефон,неявка
1369,02.04.2026,20:00,Центр,Лев Гаврилов,Стрижка мужская,1400,5437,телефон,неявка
1370,02.04.2026,14:45,Северный,Олег Рыбак,Стрижка мужская,1400 р.,5684,телефон,отменена
1371,02.04.2026,13:15,Центр, Иван Петров,Оформление бороды,900,5721,телефон,выполнена
1372,02.04.2026,18:45,Центр,Лев Гаврилов,Стрижка детская,1000,5765,онлайн,выполнена
1373,02.04.2026,10:30,Заречная,Марк Дёмин,Оформление бороды,900,6155,телефон,выполнена
1374,2026-04-02,17:30,Заречная,ТИМУР АСКЕРОВ,Бритьё опасной бритвой,1300,5905,онлайн,выполнена
1375,02.04.2026,11:45,Центр,Лев Гаврилов,Стрижка детская,1000,6125,телефон,выполнена
1376,03.04.2026,17:45,Северный,Роман Швец,Стрижка мужская,1400 р.,5138,онлайн,выполнена
1377,03.04.2026,16:15,Северный,Данила Ким,Стрижка + борода,2100,5601,телефон,выполнена
1378,03.04.2026,19:30,Центр,Иван Петров,Стрижка мужская,1400,6365,без записи,выполнена
1379,03.04.2026,17:30,Центр,Артём Соколов,Стрижка мужская,1400,5950,телефон,выполнена
1380,03.04.2026,16:30,Заречная,ТИМУР АСКЕРОВ,Стрижка мужская,1400,5647,телефон,выполнена
1381,03.04.2026,15:30,Северный,Роман Швец,Стрижка + борода,2100,6285,онлайн,выполнена
1382,2026-04-03,18:45,Северный,Данила Ким,Стрижка мужская,1260,5638,без записи,выполнена
1383,03.04.2026,10:15,Заречная,Марк Дёмин,Стрижка + борода,2100 р.,6198,телефон,выполнена
1384,03.04.2026,12:15,Северный,Олег Рыбак,Оформление бороды,900,5574,онлайн,выполнена
1385,2026-04-03,19:15,Заречная,ТИМУР АСКЕРОВ,Стрижка + борода,"2100,00",5242,онлайн,выполнена
1386,03.04.2026,13:30,Заречная,ТИМУР АСКЕРОВ,Стрижка мужская,1400,5207,онлайн,выполнена
1387,03.04.2026,16:45,Северный,Д. Ким,Стрижка мужская,1400,6237,телефон,выполнена
1388,03.04.2026,10:00,Центр,Лев Гаврилов,Стрижка + борода,2100,5027,телефон,выполнена
1389,03.04.2026,12:45,Центр, Иван Петров,Стрижка мужская,1400,5504,онлайн,выполнена
1390,04.04.2026,15:00,Центр,Лев Гаврилов,Бритьё опасной бритвой,1300,5900,онлайн,выполнена
1391,04.04.2026,16:30,Заречная,Марк Дёмин,Стрижка детская,1000,5210,онлайн,выполнена
1392,04.04.2026,13:45,Северный,Роман Швец,Стрижка мужская,"1400,00",6155,онлайн,выполнена
1393,04.04.2026,12:15,Центр,Лев Гаврилов,Стрижка мужская,1400,6162,без записи,выполнена
1394,04.04.2026,19:30,Центр,Лев Гаврилов,Стрижка мужская,1540,5347,телефон,выполнена
1395,2026-04-04,18:15,Северный,Олег Рыбак,Стрижка мужская,1400,5150,телефон,выполнена
1396,04.04.2026,12:30,Центр,Артём Соколов,Оформление бороды,990,6302,телефон,выполнена
1397,04.04.2026,17:15,Центр, Иван Петров,Стрижка мужская,1540,5968,телефон,выполнена
1398,04.04.2026,18:00,Центр,Артём Соколов,Бритьё опасной бритвой,1430,5322,телефон,выполнена
1399,04.04.2026,12:30,Северный,Д. Ким,Стрижка мужская,1400,5415,телефон,выполнена
1400,04.04.2026,16:00,Центр,Иван Петров,Стрижка + борода,2310,6387,телефон,выполнена
1401,04.04.2026,19:30,Северный,Д. Ким,Оформление бороды,990,6132,без записи,выполнена
1402,04.04.2026,20:15,Северный,Олег Рыбак,Стрижка мужская,1400,5646,онлайн,выполнена
1403,2026-04-04,19:15,Северный,Роман Швец,Стрижка мужская,1260,5735,телефон,выполнена
1404,04.04.2026,16:45,Северный,Данила Ким,Стрижка детская,1000 р.,5185,без записи,отменена
1405,04.04.2026,18:30,Северный,Олег Рыбак,Стрижка мужская,1120,6437,телефон,выполнена
1406,04.04.2026,20:00,Центр,Артём Соколов,Оформление бороды,"900,00",6233,онлайн,выполнена
1407,2026-04-04,17:30,Центр,Артём Соколов,Оформление бороды,900,5939,онлайн,выполнена
1408,2026-04-04,15:15,Центр,Артём Соколов,Стрижка машинкой,700,5176,онлайн,выполнена
1409,04.04.2026,18:45,Северный,Д. Ким,Стрижка мужская,1540,5747,онлайн,выполнена
1410,04.04.2026,13:30,Северный,Олег Рыбак,Стрижка + борода,2100,5411,онлайн,выполнена
1411,04.04.2026,20:45,Центр,иван петров,Стрижка + борода,2100,5430,онлайн,выполнена
1412,04.04.2026,18:30,Центр,Лев Гаврилов,Стрижка мужская,1400,6391,телефон,выполнена
1413,05.04.2026,19:45,Центр,Артём Соколов,Стрижка мужская,1400,5042,телефон,выполнена
1414,05.04.2026,18:15,Северный,Д. Ким,Стрижка + борода,2100,5428,без записи,выполнена
1415,05.04.2026,17:30,Заречная,Марк Дёмин,Стрижка мужская,1400 р.,6218,онлайн,выполнена
1416,05.04.2026,15:45,Центр,Лев Гаврилов,Стрижка мужская,1400,6312,онлайн,выполнена
1417,05.04.2026,18:15,Северный,Роман Швец,Стрижка машинкой,700,5808,телефон,выполнена
1418,05.04.2026,15:15,Северный,Данила Ким,Камуфляж седины,"1600,00",6383,онлайн,выполнена
1419,05.04.2026,18:00,Заречная,Марк Дёмин,Стрижка мужская,1400,5353,телефон,выполнена
1420,05.04.2026,19:15,Северный,Данила Ким,Стрижка мужская,1400,5249,онлайн,выполнена
1421,05.04.2026,17:45,Центр,Артём Соколов,Тонирование,1800,5407,онлайн,выполнена
1422,2026-04-05,18:30,Северный,Данила Ким,Стрижка + борода,2100,5291,онлайн,отменена
1423,05.04.2026,15:00,Центр,Лев Гаврилов,Стрижка + борода,2100,5191,онлайн,выполнена
1424,2026-04-05,12:30,Заречная,ТИМУР АСКЕРОВ,Оформление бороды,990,6428,онлайн,выполнена
1425,05.04.2026,19:15,Центр,Артём Соколов,Стрижка машинкой,595,6431,без записи,выполнена
1426,2026-04-05,18:15,Центр,Лев Гаврилов,Стрижка мужская,1400 р.,5834,телефон,выполнена
1427,05.04.2026,15:45,Заречная,ТИМУР АСКЕРОВ,Стрижка мужская,1400,5739,онлайн,выполнена
1428,06.04.2026,19:15,Северный,Д. Ким,Стрижка детская,1000,5788,телефон,выполнена
1429,06.04.2026,17:45,Центр,Лев Гаврилов,Камуфляж седины,"1600,00",5462,онлайн,отменена
1430,06.04.2026,17:15,Центр,Иван П.,Тонирование,1800,5006,онлайн,выполнена
1431,06.04.2026,19:00,Центр,Артём Соколов,Стрижка детская,800,5448,телефон,отменена
1432,06.04.2026,10:00,Северный,Олег Рыбак,Стрижка детская,1000,5478,без записи,выполнена
1433,06.04.2026,18:00,Северный,Данила Ким,Стрижка + борода,2100,5439,без записи,выполнена
1434,06.04.2026,19:30,Центр,Артём Соколов,Стрижка мужская,1400,5608,онлайн,выполнена
1435,2026-04-06,17:00,Центр,Артём Соколов,Стрижка мужская,1400,5175,телефон,выполнена
1436,06.04.2026,11:30,Центр,Лев Гаврилов,Бритьё опасной бритвой,1300,6363,телефон,выполнена
1437,06.04.2026,17:15,Заречная,Марк Дёмин,Оформление бороды,765,5779,онлайн,выполнена
1438,07.04.2026,18:45,Северный,Олег Рыбак,Стрижка машинкой,700,5474,телефон,выполнена
1439,07.04.2026,15:45,Заречная,Тимур Аскеров,Стрижка машинкой,700 р.,5159,без записи,выполнена
1440,2026-04-07,19:30,Северный,Данила Ким,Тонирование,1800,5234,онлайн,неявка
1441,07.04.2026,18:00,Северный,Роман Швец,Камуфляж седины,1600,5207,телефон,выполнена
1442,2026-04-07,13:30,Северный,Олег Рыбак,Стрижка мужская,1400,5788,онлайн,выполнена
1443,2026-04-07,13:15,Центр,Лев Гаврилов,Стрижка мужская,1400,5756,онлайн,выполнена
1444,07.04.2026,11:15,Северный,Д. Ким,Стрижка мужская,1190,5360,телефон,выполнена
1445,07.04.2026,10:00,Центр,Иван П.,Бритьё опасной бритвой,1300,5233,телефон,выполнена
1446,07.04.2026,15:30,Северный,Роман Швец,Стрижка мужская,1400,5454,без записи,выполнена
1447,07.04.2026,18:45,Северный,Д. Ким,Стрижка мужская,1400,5411,без записи,выполнена
1448,08.04.2026,17:45,Заречная,Тимур А.,Стрижка мужская,1400,6170,телефон,выполнена
1449,08.04.2026,16:30,Заречная,ТИМУР АСКЕРОВ,Стрижка мужская,1400,5829,онлайн,выполнена
1450,08.04.2026,19:45,Центр,Лев Гаврилов,Оформление бороды,900,5276,телефон,выполнена
1451,08.04.2026,12:30,Северный,Данила Ким,Стрижка + борода,2100,5866,телефон,выполнена
1452,08.04.2026,17:45,Заречная,ТИМУР АСКЕРОВ,Стрижка мужская,1400,5137,онлайн,выполнена
1453,08.04.2026,18:45,Центр,Артём Соколов,Стрижка детская,1000,5529,телефон,выполнена
1454,08.04.2026,20:30,Центр,Лев Гаврилов,Стрижка + борода,2100,5414,телефон,выполнена
1455,08.04.2026,15:30,Северный,Д. Ким,Стрижка мужская,"1400,00",5444,онлайн,выполнена
1456,08.04.2026,16:45,Центр,Артём Соколов,Стрижка мужская,"1400,00",6182,без записи,выполнена
1457,08.04.2026,17:45,Центр,Артём Соколов,Стрижка + борода,2100,5909,без записи,выполнена
1458,09.04.2026,18:15,Заречная,Марк Дёмин,Стрижка мужская,1120,6211,онлайн,выполнена
1459,09.04.2026,14:30,Центр,Артём Соколов,Стрижка детская,1000,5401,телефон,выполнена
1460,09.04.2026,17:00,Центр,Лев Гаврилов,Стрижка мужская,1400,5278,без записи,выполнена
1461,09.04.2026,12:45,Северный,Роман Швец,Стрижка мужская,1400,6214,онлайн,выполнена
1462,2026-04-09,14:15,Северный,Роман Швец,Стрижка мужская,1400,6176,онлайн,выполнена
1463,09.04.2026,18:15,Заречная,Тимур Аскеров,Стрижка мужская,"1400,00",5247,без записи,выполнена
1464,09.04.2026,19:15,Заречная,Марк Дёмин,Стрижка мужская,1400,6119,телефон,выполнена
1465,2026-04-09,10:45,Северный,Роман Швец,Стрижка + борода,2100,5348,телефон,выполнена
1466,09.04.2026,12:00,Центр,Лев Гаврилов,Стрижка детская,1000 р.,6021,телефон,выполнена
1467,09.04.2026,19:30,Центр,иван петров,Оформление бороды,900,5158,без записи,выполнена
1468,09.04.2026,10:00,Северный,Д. Ким,Стрижка мужская,1260,5150,телефон,выполнена
1469,09.04.2026,10:00,Северный,Роман Швец,Стрижка мужская,1400,5247,телефон,выполнена
1470,09.04.2026,18:45,Центр,Артём Соколов,Стрижка детская,1000,5633,онлайн,неявка
1471,10.04.2026,14:30,Северный,Данила Ким,Стрижка мужская,1400,6199,без записи,выполнена
1472,10.04.2026,15:30,Центр,Артём Соколов,Стрижка мужская,1400,5046,онлайн,выполнена
1473,2026-04-10,18:45,Заречная,ТИМУР АСКЕРОВ,Стрижка мужская,1400,6168,онлайн,выполнена
1474,2026-04-10,13:30,Заречная,ТИМУР АСКЕРОВ,Стрижка машинкой,700,5847,телефон,выполнена
1475,10.04.2026,17:00,Центр,Лев Гаврилов,Бритьё опасной бритвой,1300,6450,онлайн,выполнена
1476,2026-04-10,13:15,Центр,Лев Гаврилов,Бритьё опасной бритвой,1170,5464,онлайн,выполнена
1477,10.04.2026,13:30,Заречная,Тимур Аскеров,Стрижка мужская,1400,5349,онлайн,выполнена
1478,10.04.2026,18:00,Заречная,Марк Дёмин,Оформление бороды,900,5839,телефон,выполнена
1479,10.04.2026,12:00,Заречная,Тимур Аскеров,Бритьё опасной бритвой,1040,5736,без записи,выполнена
1480,2026-04-10,13:00,Центр,Иван П.,Стрижка + борода,2100,6017,онлайн,выполнена
1481,2026-04-10,17:30,Северный,Д. Ким,Стрижка мужская,1400,5446,телефон,выполнена
1482,10.04.2026,19:30,Северный,Олег Рыбак,Стрижка мужская,1400,5848,онлайн,отменена
1483,10.04.2026,19:45,Северный,Данила Ким,Стрижка + борода,2100,6251,онлайн,выполнена
1484,10.04.2026,18:15,Заречная,ТИМУР АСКЕРОВ,Стрижка мужская,1400,6054,без записи,выполнена
1485,10.04.2026,11:30,Центр,Артём Соколов,Стрижка + борода,2100,6056,без записи,выполнена
1486,2026-04-10,16:30,Центр,Лев Гаврилов,Оформление бороды,900,5026,онлайн,выполнена
1487,11.04.2026,14:45,Заречная,Марк Дёмин,Стрижка + борода,2310,6064,без записи,отменена
1488,11.04.2026,17:30,Центр,Лев Гаврилов,Оформление бороды,"810,00",5130,телефон,выполнена
1489,11.04.2026,11:15,Центр,Артём Соколов,Бритьё опасной бритвой,1430,5120,онлайн,отменена
1490,11.04.2026,14:30,Центр,Артём Соколов,Стрижка + борода,2100,6133,онлайн,неявка
1491,2026-04-11,13:30,Северный,Роман Швец,Стрижка мужская,1400 р.,5840,онлайн,выполнена
1492,11.04.2026,19:30,Северный,Роман Швец,Стрижка мужская,1540,5401,без записи,выполнена
1493,11.04.2026,10:30,Заречная,Марк Дёмин,,1680,5468,онлайн,выполнена
1494,11.04.2026,18:00,Северный,Олег Рыбак,Стрижка мужская,1260,6091,онлайн,неявка
1495,11.04.2026,19:30,Заречная,ТИМУР АСКЕРОВ,Стрижка мужская,1400,5714,телефон,выполнена
1496,11.04.2026,10:30,Северный,Олег Рыбак,Стрижка мужская,1400,6009,онлайн,выполнена
1497,11.04.2026,15:30,Северный,Данила Ким,Стрижка мужская,1540,5780,телефон,выполнена
1498,2026-04-11,14:30,Северный,Д. Ким,Оформление бороды,900,5487,без записи,выполнена
1499,11.04.2026,12:30,Заречная,Тимур А.,Стрижка + борода,2100,5439,онлайн,выполнена
1500,11.04.2026,18:30,Северный,Данила Ким,Стрижка мужская,1540,5637,онлайн,выполнена
1501,11.04.2026,18:45,Заречная,Тимур Аскеров,Стрижка + борода,1890,6199,онлайн,выполнена
1502,11.04.2026,15:30,Заречная,Тимур Аскеров,Стрижка мужская,"1400,00",6000,онлайн,выполнена
1503,11.04.2026,13:15,Заречная,Марк Дёмин,Стрижка + борода,2100,5631,телефон,выполнена
1504,2026-04-11,16:15,Заречная,ТИМУР АСКЕРОВ,Стрижка + борода,2100,6284,телефон,выполнена
1505,11.04.2026,12:00,Центр,Иван П.,Стрижка детская,1000,5097,онлайн,выполнена
1506,2026-04-11,10:15,Северный,Данила Ким,Стрижка + борода,2100,5620,онлайн,выполнена
1507,11.04.2026,12:30,Заречная,Марк Дёмин,Бритьё опасной бритвой,"1300,00",5823,без записи,выполнена
1508,11.04.2026,16:45,Центр,Артём Соколов,Стрижка мужская,1540,6066,онлайн,выполнена
1509,12.04.2026,18:00,Центр,Артём Соколов,Оформление бороды,"990,00",5564,телефон,выполнена
1510,12.04.2026,17:00,Северный,Роман Швец,Стрижка + борода,2100,5902,онлайн,выполнена
1511,12.04.2026,15:00,Центр,Артём Соколов,Стрижка мужская,1540,5950,телефон,выполнена
1512,12.04.2026,11:15,Заречная,Тимур А.,Стрижка + борода,2100,6436,телефон,выполнена
1513,12.04.2026,18:00,Северный,Д. Ким,Тонирование,"1800,00",6311,онлайн,выполнена
1514,12.04.2026,17:45,Центр,Иван Петров,Камуфляж седины,1440,5024,онлайн,неявка
1515,12.04.2026,13:45,Северный,Роман Швец,Стрижка + борода,2100,5597,онлайн,выполнена
1516,12.04.2026,19:30,Центр,Лев Гаврилов,Стрижка мужская,1400,5903,телефон,выполнена
1517,12.04.2026,20:00,Северный,Данила Ким,Стрижка + борода,2100,5970,онлайн,выполнена
1518,12.04.2026,20:15,Центр,иван петров,Стрижка мужская,"1400,00",5899,онлайн,выполнена
1519,12.04.2026,14:15,Северный,Олег Рыбак,Стрижка мужская,"1540,00",6426,онлайн,выполнена
1520,2026-04-12,15:15,Центр,иван петров,Стрижка мужская,1400,6334,онлайн,выполнена
1521,2026-04-12,15:00,Заречная,Тимур Аскеров,Стрижка + борода,2100,6428,онлайн,выполнена
1522,12.04.2026,18:45,Центр,Иван П.,Бритьё опасной бритвой,1040,5438,телефон,выполнена
1523,2026-04-12,16:30,Центр,Иван П.,Стрижка мужская,1540,6054,онлайн,выполнена
1524,12.04.2026,13:45,Северный,Данила Ким,Стрижка мужская,1540,5571,без записи,выполнена
1525,12.04.2026,16:15,Северный,Олег Рыбак,Стрижка детская,1100,5141,телефон,выполнена
1526,12.04.2026,13:15,Заречная,Марк Дёмин,Стрижка мужская,1540 р.,5557,онлайн,выполнена
1527,12.04.2026,18:45,Центр,Артём Соколов,Стрижка детская,1000,5527,онлайн,выполнена
1528,12.04.2026,18:00,Заречная,Тимур Аскеров,Стрижка + борода,2100,6036,онлайн,выполнена
1529,12.04.2026,16:45,Северный,Д. Ким,Стрижка мужская,1400,5060,онлайн,выполнена
1530,12.04.2026,20:15,Заречная,Тимур Аскеров,Оформление бороды,900,5837,онлайн,выполнена
1531,12.04.2026,19:00,Центр,Артём Соколов,Стрижка мужская,1260,5781,онлайн,выполнена
1532,2026-04-12,18:45,Центр,иван петров,Стрижка мужская,1400 р.,6440,онлайн,выполнена
1533,12.04.2026,14:00,Северный,Д. Ким,Стрижка мужская,1400,5096,онлайн,выполнена
1534,13.04.2026,12:30,Северный,Данила Ким,Стрижка мужская,1400,6050,онлайн,выполнена
1535,2026-04-13,17:00,Центр,Лев Гаврилов,Стрижка мужская,1400,6291,телефон,выполнена
1536,13.04.2026,16:45,Северный,Данила Ким,,1400,5638,телефон,выполнена
1537,13.04.2026,18:15,Центр,Лев Гаврилов,Стрижка детская,1000,5411,онлайн,выполнена
1538,13.04.2026,18:15,Центр,Артём Соколов,Тонирование,1800,6400,телефон,выполнена
1539,13.04.2026,11:15,Северный,Данила Ким,Стрижка + борода,2100,5389,онлайн,выполнена
1540,13.04.2026,17:15,Центр,Артём Соколов,Стрижка мужская,1400,5142,онлайн,выполнена
1541,13.04.2026,15:30,Заречная,Тимур Аскеров,Стрижка детская,1000,5431,онлайн,выполнена
1542,13.04.2026,17:45,Центр, Иван Петров,Оформление бороды,900,5237,телефон,выполнена
1543,14.04.2026,12:45,Центр,Артём Соколов,Оформление бороды,810,6050,телефон,выполнена
1544,14.04.2026,20:15,Северный,Роман Швец,Стрижка детская,1000,6025,онлайн,выполнена
1545,14.04.2026,15:15,Центр,Лев Гаврилов,Оформление бороды,900,5932,онлайн,выполнена
1546,14.04.2026,15:15,Центр,Лев Гаврилов,Бритьё опасной бритвой,1040,5224,онлайн,выполнена
1547,14.04.2026,18:00,Центр,Иван П.,Стрижка + борода,2100,5737,телефон,выполнена
1548,14.04.2026,17:45,Северный,Олег Рыбак,Стрижка детская,1000 р.,5074,онлайн,выполнена
1549,14.04.2026,15:15,Заречная,Марк Дёмин,Стрижка мужская,1400,5328,телефон,выполнена
1550,14.04.2026,20:00,Заречная,Тимур А.,Стрижка мужская,1400,5547,онлайн,выполнена
1551,14.04.2026,14:45,Заречная,Марк Дёмин,Оформление бороды,720,5971,онлайн,выполнена
1552,2026-04-14,19:00,Северный,Данила Ким,Стрижка мужская,1400,5033,телефон,выполнена
1553,14.04.2026,13:00,Заречная,Марк Дёмин,Стрижка мужская,1400,6154,телефон,выполнена
1554,15.04.2026,17:30,Центр, Иван Петров,Стрижка мужская,1400,6168,телефон,выполнена
1555,15.04.2026,18:30,Северный,Роман Швец,Стрижка + борода,2100,5391,телефон,неявка
1556,15.04.2026,16:15,Центр,Артём Соколов,Оформление бороды,900,5052,онлайн,выполнена
1557,15.04.2026,16:15,Центр,Иван П.,Стрижка мужская,1400,6357,онлайн,выполнена
1558,2026-04-15,16:15,Заречная,Марк Дёмин,Стрижка мужская,1400,5281,телефон,выполнена
1559,15.04.2026,17:45,Заречная,Марк Дёмин,Стрижка мужская,1400,5023,телефон,выполнена
1560,2026-04-15,15:00,Центр,Иван Петров,Стрижка мужская,1400,5580,онлайн,выполнена
1561,2026-04-15,11:45,Заречная,ТИМУР АСКЕРОВ,Стрижка детская,1000,6233,онлайн,выполнена
1562,15.04.2026,11:30,Северный,Д. Ким,Стрижка + борода,2100,6058,онлайн,выполнена
1563,15.04.2026,18:15,Заречная,Марк Дёмин,Бритьё опасной бритвой,1300,5207,онлайн,выполнена
1564,15.04.2026,20:30,Центр,Лев Гаврилов,Стрижка детская,1000,5153,онлайн,выполнена
1565,2026-04-15,16:15,Центр,Лев Гаврилов,Стрижка детская,1000,5156,онлайн,выполнена
1566,15.04.2026,17:15,Центр,Лев Гаврилов,Стрижка мужская,1260,5596,без записи,выполнена
1567,2026-04-16,18:30,Северный,Роман Швец,Бритьё опасной бритвой,1300,5098,онлайн,выполнена
1568,16.04.2026,17:45,Центр,Лев Гаврилов,Стрижка + борода,2100,5592,без записи,выполнена
1569,16.04.2026,20:00,Северный,Роман Швец,Стрижка мужская,1400,6242,онлайн,выполнена
1570,16.04.2026,18:30,Северный,Данила Ким,Стрижка детская,1000,6028,онлайн,выполнена
1571,16.04.2026,16:15,Заречная,ТИМУР АСКЕРОВ,Стрижка детская,900,5638,онлайн,выполнена
1572,16.04.2026,14:45,Центр,Иван П.,Стрижка + борода,"2100,00",5926,онлайн,выполнена
1573,16.04.2026,14:00,Заречная,Марк Дёмин,Оформление бороды,900,5793,онлайн,выполнена
1574,16.04.2026,18:00,Заречная,Марк Дёмин,Стрижка мужская,1400,5905,онлайн,выполнена
1575,2026-04-16,19:00,Центр,Иван П.,Стрижка мужская,1400,5721,без записи,выполнена
1576,16.04.2026,12:45,Северный,Д. Ким,Стрижка машинкой,560,5183,онлайн,выполнена
1577,16.04.2026,18:15,Северный,Олег Рыбак,Стрижка машинкой,700,6350,телефон,выполнена
1578,17.04.2026,17:30,Заречная,Тимур А.,Стрижка + борода,2100,6354,телефон,выполнена
1579,17.04.2026,14:00,Центр,Артём Соколов,Стрижка мужская,1400,5592,телефон,выполнена
1580,17.04.2026,17:15,Центр,Лев Гаврилов,Стрижка + борода,2100,5280,онлайн,выполнена
1581,17.04.2026,16:00,Заречная,ТИМУР АСКЕРОВ,Камуфляж седины,1600,5830,телефон,выполнена
1582,17.04.2026,13:30,Центр,Иван Петров,Стрижка + борода,2100,5973,без записи,выполнена
1583,17.04.2026,20:00,Северный,Данила Ким,Стрижка мужская,1400,6072,онлайн,выполнена
1584,17.04.2026,12:00,Центр,Лев Гаврилов,,2100,6069,телефон,отменена
1585,17.04.2026,13:30,Северный,Олег Рыбак,Стрижка мужская,1400,6104,телефон,выполнена
1586,2026-04-17,16:00,Северный,Роман Швец,Оформление бороды,900,6444,онлайн,выполнена
1587,17.04.2026,11:30,Северный,Д. Ким,Стрижка машинкой,700,5963,онлайн,выполнена
1588,17.04.2026,16:00,Северный,Данила Ким,Стрижка мужская,1260,5917,онлайн,выполнена
1589,2026-04-17,20:45,Центр,Лев Гаврилов,Стрижка мужская,"1400,00",5355,онлайн,выполнена
1590,17.04.2026,14:00,Заречная,Марк Дёмин,Стрижка мужская,1400,5170,онлайн,выполнена
1591,17.04.2026,10:30,Северный,Данила Ким,Стрижка детская,1000,5359,телефон,выполнена
1592,17.04.2026,12:30,Центр,Лев Гаврилов,Стрижка + борода,2100,5567,онлайн,выполнена
1593,17.04.2026,20:45,Северный,Данила Ким,Тонирование,1800,6182,телефон,выполнена
1594,2026-04-17,12:00,Центр,Артём Соколов,Стрижка машинкой,700,5954,без записи,выполнена
1595,17.04.2026,15:15,Заречная,Тимур А.,Оформление бороды,900,5624,онлайн,выполнена
1596,17.04.2026,18:45,Центр,Лев Гаврилов,Стрижка мужская,1400 р.,5412,телефон,выполнена
1597,18.04.2026,18:45,Центр,иван петров,Стрижка мужская,1400,6433,телефон,выполнена
1598,18.04.2026,12:00,Северный,Роман Швец,Стрижка мужская,1400,6258,без записи,выполнена
1599,2026-04-18,20:00,Северный,Роман Швец,Стрижка детская,1000,5473,без записи,выполнена
1600,18.04.2026,13:30,Центр,Артём Соколов,Стрижка мужская,1400,6009,онлайн,выполнена
1601,18.04.2026,19:00,Центр,Лев Гаврилов,Стрижка + борода,2100,6252,без записи,выполнена
1602,18.04.2026,17:30,Северный,Роман Швец,Стрижка мужская,1400,5140,онлайн,выполнена
1603,18.04.2026,19:15,Северный,Олег Рыбак,Камуфляж седины,1600,5001,телефон,выполнена
1604,18.04.2026,17:00,Центр,Лев Гаврилов,Тонирование,1800,5814,онлайн,выполнена
1605,18.04.2026,20:15,Северный,Д. Ким,,1400,5213,телефон,выполнена
1606,18.04.2026,19:15,Центр,Иван П.,Камуфляж седины,1760 р.,5497,онлайн,выполнена
1607,18.04.2026,18:30,Центр,Лев Гаврилов,Стрижка мужская,1540,6421,онлайн,выполнена
1608,18.04.2026,19:15,Центр,Лев Гаврилов,Стрижка мужская,1540,6391,без записи,неявка
1609,18.04.2026,16:15,Центр,Артём Соколов,,1400,5860,онлайн,выполнена
1610,18.04.2026,18:30,Центр,Иван Петров,Стрижка детская,1000 р.,5138,телефон,выполнена
1611,18.04.2026,20:00,Центр,Артём Соколов,Оформление бороды,900,5057,телефон,выполнена
1612,2026-04-18,19:00,Северный,Олег Рыбак,Бритьё опасной бритвой,1300,5781,телефон,выполнена
1613,18.04.2026,16:45,Центр,Лев Гаврилов,Стрижка мужская,1400,5784,онлайн,выполнена
1614,18.04.2026,16:00,Северный,Роман Швец,,1400,5895,онлайн,выполнена
1615,18.04.2026,17:15,Северный,Д. Ким,Стрижка мужская,1540,5889,без записи,выполнена
1616,18.04.2026,14:15,Центр, Иван Петров,Стрижка + борода,2100,6340,телефон,выполнена
1617,18.04.2026,19:45,Центр,Лев Гаврилов,Бритьё опасной бритвой,1430,5155,без записи,выполнена
1618,18.04.2026,19:30,Центр,Лев Гаврилов,Стрижка + борода,2100,5141,без записи,выполнена
1619,18.04.2026,11:45,Северный,Д. Ким,Стрижка + борода,2100,6155,без записи,выполнена
1620,18.04.2026,14:30,Центр,Артём Соколов,Стрижка мужская,1400,5578,телефон,выполнена
1621,18.04.2026,20:15,Центр,иван петров,Стрижка мужская,"1400,00",5459,онлайн,выполнена
1622,18.04.2026,19:15,Северный,Д. Ким,Стрижка мужская,1400,5970,телефон,выполнена
1623,18.04.2026,15:15,Северный,Д. Ким,Оформление бороды,765,6365,онлайн,выполнена
1624,18.04.2026,17:30,Заречная,Тимур А.,Стрижка мужская,1400,6429,онлайн,выполнена
1625,18.04.2026,19:45,Центр,Артём Соколов,Стрижка мужская,1190,5473,онлайн,выполнена
1626,19.04.2026,10:15,Центр,Лев Гаврилов,Стрижка мужская,1400,5165,онлайн,выполнена
1627,19.04.2026,16:30,Заречная,Марк Дёмин,Стрижка детская,1100,5437,онлайн,выполнена
1628,19.04.2026,11:00,Северный,Данила Ким,Стрижка + борода,1680,5809,телефон,отменена
1629,19.04.2026,19:00,Центр,Иван Петров,Стрижка + борода,2100,5537,телефон,выполнена
1630,19.04.2026,15:30,Заречная,Марк Дёмин,Стрижка + борода,2100,6053,телефон,выполнена
1631,19.04.2026,16:00,Заречная,Марк Дёмин,Стрижка + борода,2100,5231,телефон,выполнена
1632,19.04.2026,19:00,Центр,иван петров,Стрижка детская,1000,6078,онлайн,неявка
1633,19.04.2026,17:30,Центр, Иван Петров,Стрижка мужская,1400,5664,онлайн,выполнена
1634,19.04.2026,10:00,Северный,Роман Швец,Стрижка мужская,1540,5756,телефон,выполнена
1635,19.04.2026,18:30,Северный,Д. Ким,Стрижка мужская,1400,5085,онлайн,выполнена
1636,19.04.2026,16:30,Центр,Лев Гаврилов,Стрижка мужская,1400,5239,телефон,выполнена
1637,2026-04-19,13:30,Северный,Олег Рыбак,Оформление бороды,900,5057,телефон,выполнена
1638,19.04.2026,17:45,Центр,Лев Гаврилов,Стрижка мужская,1400,5144,онлайн,выполнена
1639,19.04.2026,20:00,Заречная,ТИМУР АСКЕРОВ,Оформление бороды,900,5459,телефон,выполнена
1640,2026-04-19,11:45,Северный,Данила Ким,Стрижка + борода,2100,5319,онлайн,выполнена
1641,19.04.2026,17:00,Северный,Данила Ким,Стрижка мужская,1400,5300,онлайн,выполнена
1642,19.04.2026,13:15,Заречная,Тимур А.,Оформление бороды,900,5132,онлайн,выполнена
1643,19.04.2026,15:00,Центр,Артём Соколов,Тонирование,1440,5059,онлайн,выполнена
1644,19.04.2026,13:30,Северный,Данила Ким,Оформление бороды,900,5825,телефон,выполнена
1645,19.04.2026,10:00,Северный,Данила Ким,Тонирование,1980,6079,без записи,выполнена
1646,19.04.2026,15:00,Центр,Иван П.,Стрижка + борода,2100,5386,онлайн,выполнена
1647,19.04.2026,10:15,Центр,Артём Соколов,Стрижка + борода,2100,5391,онлайн,неявка
1648,20.04.2026,20:15,Северный,Данила Ким,Стрижка + борода,1890,6049,телефон,выполнена
1649,2026-04-20,13:00,Северный,Олег Рыбак,Оформление бороды,"900,00",6221,телефон,выполнена
1650,2026-04-20,20:30,Центр,Лев Гаврилов,Стрижка мужская,1400,5762,телефон,выполнена
1651,20.04.2026,17:15,Центр,иван петров,Стрижка мужская,1400,6438,без записи,выполнена
1652,20.04.2026,17:15,Центр,Лев Гаврилов,Стрижка детская,1000,5623,онлайн,выполнена
1653,20.04.2026,14:15,Северный,Олег Рыбак,Стрижка мужская,1400 р.,6144,без записи,выполнена
1654,20.04.2026,11:00,Северный,Роман Швец,Бритьё опасной бритвой,1300,5976,онлайн,выполнена
1655,20.04.2026,16:30,Центр,Иван Петров,Стрижка детская,1000 р.,5439,телефон,выполнена
1656,2026-04-21,12:45,Центр,Иван П.,Стрижка мужская,1400 р.,5682,онлайн,выполнена
1657,21.04.2026,19:00,Центр,Лев Гаврилов,Камуфляж седины,1600,5991,онлайн,выполнена
1658,21.04.2026,16:15,Центр,Лев Гаврилов,Стрижка детская,1000 р.,5674,онлайн,выполнена
1659,21.04.2026,16:00,Северный,Роман Швец,Бритьё опасной бритвой,1300,5742,онлайн,выполнена
1660,21.04.2026,17:45,Центр,иван петров,Стрижка + борода,2100,6312,онлайн,выполнена
1661,21.04.2026,19:15,Центр, Иван Петров,Стрижка мужская,1400,6258,онлайн,выполнена
1662,21.04.2026,10:00,Заречная,Марк Дёмин,Камуфляж седины,1600,5176,телефон,выполнена
1663,21.04.2026,19:00,Заречная,Марк Дёмин,Оформление бороды,900,5464,онлайн,выполнена
1664,21.04.2026,12:45,Центр,Иван П.,Тонирование,1800,5818,телефон,выполнена
1665,21.04.2026,11:45,Северный,Роман Швец,Стрижка мужская,1400,6313,без записи,выполнена
1666,22.04.2026,15:15,Центр, Иван Петров,Стрижка + борода,"2100,00",5452,телефон,выполнена
1667,22.04.2026,19:45,Северный,Д. Ким,,"2100,00",5738,онлайн,выполнена
1668,22.04.2026,12:15,Центр,Иван Петров,Тонирование,1800,5839,без записи,выполнена
1669,22.04.2026,19:00,Северный,Д. Ким,Стрижка + борода,2100,5172,без записи,выполнена
1670,22.04.2026,19:30,Центр,Артём Соколов,Камуфляж седины,1600,5617,телефон,отменена
1671,22.04.2026,16:00,Центр,Артём Соколов,Стрижка детская,1000,5325,без записи,выполнена
1672,22.04.2026,20:45,Центр,иван петров,Стрижка + борода,2100 р.,5601,онлайн,выполнена
1673,2026-04-22,19:30,Северный,Олег Рыбак,Стрижка мужская,1400,5833,онлайн,выполнена
1674,2026-04-22,19:45,Заречная,Марк Дёмин,Стрижка мужская,1400,6185,телефон,выполнена
1675,22.04.2026,17:30,Заречная,ТИМУР АСКЕРОВ,Стрижка + борода,2100,6364,телефон,выполнена
1676,22.04.2026,18:15,Центр,Лев Гаврилов,Стрижка мужская,1400,6421,телефон,выполнена
1677,22.04.2026,18:45,Заречная,Марк Дёмин,Стрижка + борода,2100,5235,онлайн,выполнена
1678,2026-04-23,11:15,Центр,Иван Петров,Камуфляж седины,1600 р.,6229,телефон,отменена
1679,23.04.2026,17:30,Центр,иван петров,Бритьё опасной бритвой,1300,5773,онлайн,выполнена
1680,23.04.2026,16:00,Заречная,ТИМУР АСКЕРОВ,Стрижка мужская,1400,6410,онлайн,выполнена
1681,23.04.2026,18:15,Центр,Лев Гаврилов,Оформление бороды,900,5997,онлайн,выполнена
1682,23.04.2026,13:15,Центр,Иван Петров,Стрижка мужская,1400,5196,телефон,выполнена
1683,23.04.2026,16:30,Северный,Олег Рыбак,Стрижка мужская,1400,5279,без записи,выполнена
1684,23.04.2026,19:30,Северный,Олег Рыбак,Стрижка + борода,"2100,00",5856,телефон,выполнена
1685,23.04.2026,18:45,Центр,иван петров,Стрижка + борода,2100,6083,онлайн,выполнена
1686,23.04.2026,18:15,Центр,иван петров,Тонирование,1800,5954,онлайн,неявка
1687,23.04.2026,14:30,Северный,Роман Швец,Оформление бороды,900,6434,онлайн,выполнена
1688,23.04.2026,10:00,Центр,Артём Соколов,Стрижка мужская,1400,5537,без записи,выполнена
1689,24.04.2026,19:15,Заречная,Марк Дёмин,Стрижка мужская,1400,5078,онлайн,выполнена
1690,24.04.2026,16:15,Северный,Олег Рыбак,Стрижка мужская,1400,6392,онлайн,отменена
1691,24.04.2026,13:45,Центр,Лев Гаврилов,Оформление бороды,900,5521,онлайн,выполнена
1692,24.04.2026,18:15,Северный,Роман Швец,Оформление бороды,900,5505,онлайн,выполнена
1693,24.04.2026,16:15,Заречная,Марк Дёмин,Стрижка мужская,1400,5944,телефон,выполнена
1694,24.04.2026,17:15,Центр,иван петров,Стрижка мужская,"1260,00",5390,онлайн,выполнена
1695,24.04.2026,11:15,Северный,Роман Швец,Стрижка мужская,1400,6328,онлайн,выполнена
1696,24.04.2026,20:30,Центр,Артём Соколов,Стрижка + борода,2100 р.,5917,телефон,неявка
1697,2026-04-24,16:30,Центр,Артём Соколов,Камуфляж седины,"1280,00",5966,без записи,выполнена
1698,24.04.2026,16:15,Заречная,Тимур А.,Оформление бороды,900,5409,онлайн,выполнена
1699,2026-04-24,15:00,Северный,Данила Ким,Бритьё опасной бритвой,1040,6075,онлайн,выполнена
1700,24.04.2026,16:45,Центр,Иван Петров,Стрижка + борода,2100,6054,телефон,выполнена
1701,24.04.2026,19:15,Северный,Данила Ким,Стрижка мужская,1400,5821,телефон,выполнена
1702,2026-04-24,17:45,Заречная,Тимур А.,Стрижка мужская,1400,5566,онлайн,выполнена
1703,24.04.2026,20:00,Центр,Артём Соколов,Стрижка мужская,1400,5968,онлайн,выполнена
1704,2026-04-25,14:30,Северный,Роман Швец,Камуфляж седины,1600 р.,6066,онлайн,выполнена
1705,25.04.2026,18:30,Заречная,Марк Дёмин,Камуфляж седины,1600,5309,телефон,выполнена
1706,25.04.2026,19:00,Центр,Артём Соколов,Стрижка мужская,1400,5640,без записи,неявка
1707,25.04.2026,18:45,Северный,Данила Ким,Стрижка детская,1000,5920,онлайн,выполнена
1708,25.04.2026,16:30,Центр,Иван Петров,Бритьё опасной бритвой,1300,5183,без записи,выполнена
1709,25.04.2026,11:30,Северный,Роман Швец,Стрижка детская,850,5499,без записи,выполнена
1710,2026-04-25,12:30,Заречная,Марк Дёмин,Стрижка + борода,2100,5825,телефон,выполнена
1711,2026-04-25,19:00,Северный,Роман Швец,Оформление бороды,900,5407,телефон,выполнена
1712,25.04.2026,16:45,Заречная,Марк Дёмин,Стрижка + борода,1785,5124,телефон,выполнена
1713,25.04.2026,17:45,Центр, Иван Петров,Стрижка мужская,1400,5138,телефон,выполнена
1714,25.04.2026,12:45,Центр,Иван П.,Камуфляж седины,1600,5001,без записи,выполнена
1715,25.04.2026,17:00,Северный,Д. Ким,Стрижка мужская,1540,6016,онлайн,выполнена
1716,25.04.2026,15:45,Центр,Лев Гаврилов,Бритьё опасной бритвой,1300,5291,онлайн,выполнена
1717,25.04.2026,13:45,Заречная,Марк Дёмин,Стрижка мужская,1120,6327,телефон,выполнена
1718,25.04.2026,10:00,Северный,Олег Рыбак,Камуфляж седины,1760,5880,без записи,выполнена
1719,25.04.2026,18:00,Северный,Данила Ким,Стрижка мужская,1120,5670,онлайн,выполнена
1720,25.04.2026,14:45,Северный,Д. Ким,Тонирование,1800,5367,телефон,выполнена
1721,25.04.2026,18:30,Северный,Роман Швец,Бритьё опасной бритвой,1300,5404,онлайн,выполнена
1722,25.04.2026,17:00,Северный,Роман Швец,Стрижка + борода,1680,5118,онлайн,выполнена
1723,25.04.2026,19:15,Центр, Иван Петров,Оформление бороды,900,5553,онлайн,выполнена
1724,2026-04-25,15:15,Заречная,Марк Дёмин,Стрижка + борода,2310,5213,онлайн,выполнена
1725,25.04.2026,14:30,Заречная,Марк Дёмин,Стрижка мужская,1400,5902,онлайн,выполнена
1726,25.04.2026,13:45,Центр,Артём Соколов,Стрижка + борода,2310,5460,онлайн,выполнена
1727,25.04.2026,13:45,Северный,Олег Рыбак,Стрижка + борода,2100,6076,онлайн,выполнена
1728,25.04.2026,11:30,Заречная,Марк Дёмин,Стрижка + борода,2100,5034,без записи,выполнена
1729,25.04.2026,18:15,Заречная,Тимур А.,Стрижка мужская,1400,6204,онлайн,выполнена
1730,25.04.2026,12:15,Центр,Артём Соколов,Стрижка мужская,1400,5075,телефон,отменена
1731,25.04.2026,16:15,Центр,Лев Гаврилов,Стрижка мужская,1260 р.,6218,онлайн,выполнена
1732,25.04.2026,17:15,Северный,Д. Ким,Оформление бороды,900 р.,6251,телефон,выполнена
1733,25.04.2026,13:00,Центр, Иван Петров,Стрижка мужская,1400,5803,телефон,выполнена
1734,25.04.2026,18:30,Северный,Олег Рыбак,Стрижка мужская,1400,6431,онлайн,выполнена
1735,26.04.2026,14:45,Центр,Артём Соколов,Камуфляж седины,1600,6126,онлайн,выполнена
1736,2026-04-26,14:30,Центр,иван петров,Бритьё опасной бритвой,1300,5232,телефон,выполнена
1737,26.04.2026,12:15,Заречная,Тимур А.,Оформление бороды,900 р.,6266,онлайн,выполнена
1738,26.04.2026,14:30,Центр,Лев Гаврилов,Стрижка мужская,1400,5437,онлайн,выполнена
1739,2026-04-26,17:00,Заречная,Марк Дёмин,Оформление бороды,810,5701,телефон,выполнена
1740,26.04.2026,14:45,Центр, Иван Петров,Стрижка мужская,1400,5564,без записи,выполнена
1741,26.04.2026,15:45,Заречная,ТИМУР АСКЕРОВ,Стрижка мужская,1400,6300,онлайн,выполнена
1742,26.04.2026,12:15,Центр,Лев Гаврилов,Стрижка + борода,2310,5903,без записи,выполнена
1743,26.04.2026,12:00,Заречная,Марк Дёмин,Стрижка мужская,1400,5791,онлайн,выполнена
1744,26.04.2026,18:30,Центр,Лев Гаврилов,Стрижка + борода,1890,5742,онлайн,выполнена
1745,26.04.2026,18:00,Северный,Олег Рыбак,Стрижка мужская,1400,6220,онлайн,выполнена
1746,26.04.2026,15:30,Заречная,ТИМУР АСКЕРОВ,Стрижка + борода,2100,5686,телефон,выполнена
1747,26.04.2026,14:30,Заречная,Тимур Аскеров,Стрижка мужская,1400,6021,телефон,отменена
1748,2026-04-26,15:45,Заречная,ТИМУР АСКЕРОВ,Стрижка мужская,1400,6271,онлайн,выполнена
1749,26.04.2026,16:45,Центр,Артём Соколов,Стрижка мужская,1120,6313,онлайн,выполнена
1750,2026-04-26,18:00,Центр,Иван Петров,Камуфляж седины,1600,6066,телефон,выполнена
1751,27.04.2026,17:15,Северный,Данила Ким,Стрижка мужская,1400,5529,телефон,выполнена
1752,2026-04-27,14:45,Заречная,ТИМУР АСКЕРОВ,Стрижка машинкой,700,5449,без записи,выполнена
1753,2026-04-27,12:15,Центр,Лев Гаврилов,Стрижка мужская,1400,5097,без записи,выполнена
1754,2026-04-27,12:30,Центр,Лев Гаврилов,Стрижка + борода,"2100,00",5975,телефон,выполнена
1755,27.04.2026,18:15,Северный,Роман Швец,Стрижка мужская,1400,5096,телефон,выполнена
1756,27.04.2026,12:45,Заречная,Марк Дёмин,Стрижка + борода,2100,5719,онлайн,выполнена
1757,2026-04-27,18:30,Заречная,Тимур Аскеров,Стрижка машинкой,700,5700,онлайн,выполнена
1758,27.04.2026,10:45,Северный,Д. Ким,Стрижка + борода,2100,5348,онлайн,выполнена
1759,2026-04-27,17:15,Центр,Лев Гаврилов,Стрижка мужская,1400,6066,онлайн,выполнена
1760,27.04.2026,12:15,Центр,Иван Петров,Стрижка мужская,1400,6436,онлайн,выполнена
1761,27.04.2026,12:30,Заречная,Марк Дёмин,Стрижка мужская,1400,5578,онлайн,выполнена
1762,2026-04-28,14:30,Северный,Данила Ким,Стрижка + борода,2100,5051,телефон,выполнена
1763,28.04.2026,12:00,Северный,Роман Швец,Стрижка + борода,2100,5917,онлайн,выполнена
1764,28.04.2026,18:15,Заречная,Марк Дёмин,Стрижка мужская,1400,5560,онлайн,выполнена
1765,28.04.2026,18:15,Центр,Иван П.,Стрижка + борода,2100,6104,онлайн,выполнена
1766,28.04.2026,17:45,Центр,Артём Соколов,Стрижка мужская,1400 р.,5998,онлайн,выполнена
1767,28.04.2026,20:45,Центр,Лев Гаврилов,Стрижка мужская,1400,6211,онлайн,выполнена
1768,28.04.2026,20:45,Центр, Иван Петров,Стрижка + борода,2100,6227,телефон,выполнена
1769,28.04.2026,10:00,Северный,Олег Рыбак,Стрижка мужская,1400,5266,онлайн,выполнена
1770,28.04.2026,14:30,Заречная,ТИМУР АСКЕРОВ,Стрижка + борода,2100,6334,телефон,выполнена
1771,28.04.2026,20:30,Северный,Роман Швец,Оформление бороды,900,6285,телефон,выполнена
1772,28.04.2026,13:00,Северный,Данила Ким,Стрижка мужская,1400,5971,телефон,выполнена
1773,28.04.2026,17:45,Северный,Данила Ким,Стрижка + борода,"2100,00",5085,онлайн,выполнена
1774,28.04.2026,17:30,Центр,Лев Гаврилов,Стрижка мужская,1400,5497,онлайн,выполнена
1775,28.04.2026,11:30,Центр,Артём Соколов,Бритьё опасной бритвой,1300,6150,телефон,выполнена
1776,2026-04-28,18:15,Центр,Иван Петров,Оформление бороды,900,6323,телефон,выполнена
1777,29.04.2026,15:15,Центр,Артём Соколов,Оформление бороды,720,6259,телефон,отменена
1778,29.04.2026,17:30,Центр,Лев Гаврилов,Стрижка + борода,1785,5062,без записи,выполнена
1779,29.04.2026,11:15,Заречная,Тимур Аскеров,Стрижка мужская,1400,5781,онлайн,выполнена
1780,29.04.2026,13:30,Северный,Олег Рыбак,Стрижка машинкой,700,6387,онлайн,неявка
1781,29.04.2026,17:30,Северный,Олег Рыбак,Оформление бороды,900 р.,5069,телефон,неявка
1782,29.04.2026,15:00,Центр,иван петров,Стрижка мужская,1400,5582,телефон,выполнена
1783,29.04.2026,19:30,Центр,Артём Соколов,Стрижка + борода,2100 р.,5540,онлайн,выполнена
1784,29.04.2026,18:00,Центр,Иван П.,Стрижка мужская,1400,5914,онлайн,неявка
1785,29.04.2026,14:15,Центр,Лев Гаврилов,Бритьё опасной бритвой,1300,6030,онлайн,выполнена
1786,29.04.2026,19:15,Северный,Роман Швец,Стрижка + борода,2100,6233,телефон,выполнена
1787,29.04.2026,17:00,Северный,Данила Ким,Стрижка + борода,2100,6025,без записи,отменена
1788,2026-04-29,14:45,Центр,Иван П.,Стрижка + борода,2100,6363,без записи,выполнена
1789,29.04.2026,11:45,Центр,Лев Гаврилов,Стрижка + борода,2100,5595,телефон,выполнена
1790,29.04.2026,19:00,Центр,Лев Гаврилов,Оформление бороды,900,6251,телефон,выполнена
1791,29.04.2026,19:30,Центр,Иван П.,Оформление бороды,900,5624,онлайн,выполнена
1792,29.04.2026,18:45,Центр,Лев Гаврилов,Бритьё опасной бритвой,1300,6300,онлайн,выполнена
1793,30.04.2026,14:45,Центр,Артём Соколов,Стрижка мужская,1400,5412,без записи,неявка
1794,30.04.2026,18:00,Северный,Данила Ким,Камуфляж седины,1600,5611,без записи,выполнена
1795,30.04.2026,15:00,Центр, Иван Петров,Стрижка + борода,2100,6398,телефон,отменена
1796,30.04.2026,13:30,Центр,Лев Гаврилов,Стрижка мужская,1400,5418,онлайн,выполнена
1797,30.04.2026,12:15,Заречная,Тимур А.,Стрижка мужская,1400,5046,без записи,выполнена
1798,2026-04-30,17:30,Заречная,Марк Дёмин,Стрижка мужская,1400,5578,онлайн,выполнена
1799,30.04.2026,14:15,Центр,Иван П.,Стрижка + борода,2100,6168,без записи,выполнена
1800,30.04.2026,15:45,Северный,Роман Швец,Стрижка мужская,1400,6251,телефон,выполнена
1801,30.04.2026,18:45,Центр,Артём Соколов,Бритьё опасной бритвой,1105,5796,онлайн,выполнена
1802,30.04.2026,13:15,Центр,Артём Соколов,Оформление бороды,900,5815,онлайн,выполнена
1803,30.04.2026,18:45,Заречная,Марк Дёмин,Стрижка + борода,2100,5985,без записи,выполнена
1804,01.05.2026,16:00,Центр,Артём Соколов,Стрижка мужская,1400,6289,онлайн,выполнена
1805,01.05.2026,17:15,Северный,Д. Ким,Стрижка мужская,1400,6111,без записи,выполнена
1806,01.05.2026,19:45,Заречная,Марк Дёмин,Бритьё опасной бритвой,1300,5010,телефон,выполнена
1807,01.05.2026,12:30,Центр,Лев Гаврилов,Бритьё опасной бритвой,1170,6421,телефон,выполнена
1808,01.05.2026,10:30,Центр,Лев Гаврилов,Стрижка мужская,1400,5774,онлайн,отменена
1809,2026-05-01,18:45,Северный,Д. Ким,Камуфляж седины,1360,5848,без записи,выполнена
1810,01.05.2026,15:45,Центр,Иван П.,Стрижка мужская,"1400,00",6048,онлайн,выполнена
1811,01.05.2026,16:30,Северный,Роман Швец,Стрижка + борода,2100,5026,онлайн,выполнена
1812,2026-05-01,17:15,Центр,Лев Гаврилов,Стрижка детская,1000 р.,6150,онлайн,неявка
1813,2026-05-01,19:30,Центр, Иван Петров,Камуфляж седины,1360,5279,онлайн,выполнена
1814,01.05.2026,16:45,Заречная,Марк Дёмин,Стрижка + борода,2100,6251,телефон,выполнена
1815,2026-05-01,15:45,Заречная ,ТИМУР АСКЕРОВ,Оформление бороды,900,6203,онлайн,выполнена
1816,01.05.2026,14:00,Центр,Артём Соколов,Стрижка мужская,1400,5196,онлайн,выполнена
1817,01.05.2026,17:00,Центр,Артём Соколов,Оформление бороды,900,6002,телефон,отменена
1818,01.05.2026,13:30,Северный,Д. Ким,Стрижка мужская,1400 р.,5637,онлайн,выполнена
1819,01.05.2026,19:45,Центр,Артём Соколов,Оформление бороды,900,6146,онлайн,выполнена
1820,01.05.2026,16:30,Заречная,Марк Дёмин,Стрижка мужская,1400 р.,5901,без записи,выполнена
1821,01.05.2026,17:00,Центр,Лев Гаврилов,Камуфляж седины,1600,5051,телефон,выполнена
1822,01.05.2026,19:15,Заречная,ТИМУР АСКЕРОВ,Стрижка мужская,1400,5635,онлайн,выполнена
1823,01.05.2026,19:00,Северный,Роман Швец,Стрижка + борода,2100,6288,без записи,выполнена
1824,2026-05-01,16:15,Центр,иван петров,Стрижка + борода,2100,5825,телефон,выполнена
1825,01.05.2026,18:00,Центр,Лев Гаврилов,Оформление бороды,900,6044,телефон,выполнена
1826,01.05.2026,12:30,Центр,Лев Гаврилов,Стрижка мужская,1400,5180,без записи,выполнена
1827,02.05.2026,14:15,Центр,Артём Соколов,Стрижка мужская,"1400,00",5564,онлайн,выполнена
1828,02.05.2026,17:15,Северный,Олег Рыбак,Камуфляж седины,1760,6066,онлайн,выполнена
1829,02.05.2026,14:30,Северный,Олег Рыбак,Бритьё опасной бритвой,"1300,00",6304,онлайн,выполнена
1830,02.05.2026,13:15,Заречная,Тимур Аскеров,Стрижка + борода,2100,6448,без записи,выполнена
1831,02.05.2026,14:00,Северный,Д. Ким,Стрижка мужская,1540,5705,онлайн,выполнена
1832,02.05.2026,14:15,Северный,Д. Ким,Бритьё опасной бритвой,1430,5393,без записи,выполнена
1833,2026-05-02,17:45,Заречная,Тимур Аскеров,Оформление бороды,900,5218,телефон,выполнена
1834,02.05.2026,18:30,Заречная,Марк Дёмин,Стрижка мужская,1400 р.,5866,телефон,выполнена
1835,02.05.2026,12:00,Центр,Лев Гаврилов,Стрижка + борода,2100,5469,без записи,выполнена
1836,02.05.2026,14:00,Центр, Иван Петров,,1190,6123,онлайн,выполнена
1837,02.05.2026,10:45,Центр,Лев Гаврилов,Стрижка детская,900,5293,телефон,выполнена
1838,2026-05-02,17:45,Центр,Артём Соколов,Стрижка + борода,2100 р.,5812,телефон,выполнена
1839,02.05.2026,14:15,Северный,Данила Ким,Стрижка мужская,1400,5044,онлайн,выполнена
1840,02.05.2026,17:15,Заречная,Тимур А.,Камуфляж седины,1600,5542,онлайн,неявка
1841,02.05.2026,15:45,Центр,Лев Гаврилов,Стрижка мужская,1400,5729,без записи,выполнена
1842,2026-05-02,15:30,Центр, Иван Петров,Стрижка мужская,1540,5459,телефон,выполнена
1843,02.05.2026,11:00,Центр,иван петров,Стрижка мужская,1260,6305,онлайн,выполнена
1844,02.05.2026,13:45,Центр,Лев Гаврилов,Стрижка мужская,1260,6250,онлайн,выполнена
1845,02.05.2026,13:00,Заречная,Тимур Аскеров,Стрижка мужская,1400,5638,онлайн,отменена
1846,02.05.2026,16:45,Заречная,Тимур А.,Стрижка мужская,1540,5643,телефон,выполнена
1847,2026-05-02,18:30,Северный,Олег Рыбак,Стрижка мужская,1400,5926,телефон,выполнена
1848,02.05.2026,20:00,Северный,Д. Ким,Стрижка мужская,1540,5430,онлайн,выполнена
1849,2026-05-02,10:15,Центр,Артём Соколов,Стрижка + борода,1680,6249,телефон,выполнена
1850,02.05.2026,19:15,Северный,Д. Ким,Стрижка + борода,2310,5853,онлайн,выполнена
1851,02.05.2026,18:30,Центр, Иван Петров,Стрижка + борода,2310,6034,телефон,выполнена
1852,02.05.2026,11:15,Центр,Лев Гаврилов,Стрижка + борода,2100,6263,онлайн,выполнена
1853,2026-05-02,15:30,Центр,Лев Гаврилов,Стрижка мужская,1400,5316,телефон,выполнена
1854,02.05.2026,13:30,Северный,Роман Швец,Камуфляж седины,1600,6368,без записи,выполнена
1855,02.05.2026,14:00,Северный,Роман Швец,Стрижка мужская,1400,5259,без записи,выполнена
1856,03.05.2026,11:30,Заречная,Марк Дёмин,Стрижка мужская,1260,6156,онлайн,выполнена
1857,2026-05-03,15:00,Заречная,Марк Дёмин,Стрижка детская,1100,6312,онлайн,выполнена
1858,03.05.2026,19:00,Заречная,Марк Дёмин,Стрижка мужская,1400,6313,телефон,выполнена
1859,03.05.2026,14:45,Северный,Данила Ким,Стрижка + борода,1785,6101,без записи,выполнена
1860,2026-05-03,16:00,Заречная,ТИМУР АСКЕРОВ,Стрижка мужская,1400,5536,онлайн,выполнена
1861,03.05.2026,13:15,Заречная,Марк Дёмин,Стрижка + борода,"2100,00",5187,онлайн,отменена
1862,03.05.2026,17:30,Центр,Лев Гаврилов,Стрижка мужская,1400,6078,онлайн,выполнена
1863,03.05.2026,17:45,Заречная,Тимур А.,Оформление бороды,900,5409,телефон,выполнена
1864,03.05.2026,16:00,Северный,Д. Ким,Стрижка + борода,2100,6182,онлайн,выполнена
1865,03.05.2026,11:00,Центр,Лев Гаврилов,Стрижка мужская,1400,6214,онлайн,выполнена
1866,03.05.2026,13:45,Заречная,Марк Дёмин,Стрижка + борода,2100,5446,без записи,выполнена
1867,2026-05-03,10:15,Северный,Роман Швец,Стрижка + борода,"2100,00",5132,телефон,выполнена
1868,03.05.2026,20:45,Центр,Лев Гаврилов,Стрижка детская,850,5703,онлайн,выполнена
1869,03.05.2026,18:15,Северный,Данила Ким,Стрижка мужская,1540,5661,телефон,выполнена
1870,2026-05-03,14:00,Заречная ,Тимур А.,Оформление бороды,900,5347,без записи,выполнена
1871,03.05.2026,20:45,Центр,Лев Гаврилов,Стрижка мужская,1400,5761,телефон,выполнена
1872,04.05.2026,19:15,Центр, Иван Петров,Стрижка мужская,1400,6027,телефон,выполнена
1873,04.05.2026,13:15,Центр, Иван Петров,Стрижка + борода,2100,5376,онлайн,неявка
1874,2026-05-04,18:45,Заречная,ТИМУР АСКЕРОВ,Стрижка мужская,1400,5607,онлайн,выполнена
1875,04.05.2026,14:15,Северный,Д. Ким,Стрижка мужская,1400,5938,онлайн,выполнена
1876,04.05.2026,20:45,Центр,Иван П.,Стрижка + борода,2100,6366,телефон,выполнена
1877,04.05.2026,19:30,Заречная,Марк Дёмин,Стрижка мужская,1400,5253,онлайн,выполнена
1878,04.05.2026,14:30,Северный,Олег Рыбак,Оформление бороды,900,5003,онлайн,выполнена
1879,05.05.2026,12:00,Центр,Лев Гаврилов,Стрижка + борода,2100,5498,телефон,выполнена
1880,05.05.2026,18:15,Центр,Лев Гаврилов,Стрижка мужская,1400 р.,5950,телефон,выполнена
1881,05.05.2026,10:00,Северный,Д. Ким,Стрижка + борода,2100,6305,телефон,выполнена
1882,05.05.2026,18:30,Заречная,ТИМУР АСКЕРОВ,Оформление бороды,900,6305,телефон,выполнена
1883,05.05.2026,10:45,Северный,Роман Швец,Стрижка + борода,"2100,00",6101,онлайн,выполнена
1884,05.05.2026,19:15,Северный,Д. Ким,Стрижка детская,1000,5786,без записи,выполнена
1885,05.05.2026,16:00,Центр,Лев Гаврилов,Стрижка мужская,"1400,00",5158,без записи,выполнена
1886,05.05.2026,16:45,Центр,Лев Гаврилов,Стрижка + борода,2100,5343,онлайн,выполнена
1887,2026-05-05,18:45,Центр,Иван П.,Стрижка + борода,2100,5256,онлайн,выполнена
1888,05.05.2026,19:00,Центр,Артём Соколов,Стрижка мужская,1400,5193,без записи,отменена
1889,05.05.2026,18:30,Центр, Иван Петров,Стрижка мужская,1400,5151,онлайн,выполнена
1890,05.05.2026,16:45,Северный,Роман Швец,Стрижка мужская,1120,5075,телефон,выполнена
1891,2026-05-06,17:15,Северный,Роман Швец,Оформление бороды,900,5817,телефон,выполнена
1892,06.05.2026,19:30,Центр,Артём Соколов,Стрижка + борода,2100,5975,онлайн,выполнена
1893,06.05.2026,10:00,Центр,Лев Гаврилов,Стрижка мужская,1400,5932,без записи,выполнена
1894,2026-05-06,18:30,Заречная,Тимур Аскеров,Оформление бороды,810,6207,без записи,выполнена
1895,06.05.2026,16:00,Заречная,Тимур А.,Тонирование,1800,5153,без записи,выполнена
1896,06.05.2026,19:00,Заречная,Марк Дёмин,Стрижка + борода,"2100,00",6064,без записи,выполнена
1897,06.05.2026,18:00,Центр,Артём Соколов,Стрижка мужская,1400,5384,телефон,неявка
1898,06.05.2026,16:00,Центр,иван петров,,2100,5375,онлайн,выполнена
1899,06.05.2026,20:15,Заречная,Марк Дёмин,Стрижка мужская,1400,6020,телефон,выполнена
1900,06.05.2026,12:45,Северный,Д. Ким,Стрижка + борода,2100,6179,онлайн,неявка
1901,06.05.2026,18:15,Центр,Лев Гаврилов,Бритьё опасной бритвой,1300,6423,онлайн,выполнена
1902,06.05.2026,17:00,Северный,Олег Рыбак,Стрижка мужская,1400,5989,телефон,выполнена
1903,06.05.2026,19:45,Заречная,Марк Дёмин,Стрижка мужская,1400,5448,онлайн,выполнена
1904,2026-05-06,17:00,Центр,Иван Петров,Стрижка мужская,1400,5253,онлайн,выполнена
1905,2026-05-06,13:45,Центр,Артём Соколов,Стрижка мужская,1400,5418,онлайн,выполнена
1906,07.05.2026,19:00,Заречная,Марк Дёмин,Стрижка + борода,2100,6229,телефон,выполнена
1907,2026-05-07,19:15,Северный,Олег Рыбак,,1890,5856,телефон,выполнена
1908,07.05.2026,10:15,Центр,Иван П.,Стрижка мужская,1400,5462,онлайн,выполнена
1909,07.05.2026,20:45,Заречная,Тимур А.,Стрижка + борода,2100,5923,телефон,выполнена
1910,07.05.2026,19:00,Северный,Роман Швец,Бритьё опасной бритвой,1300,5171,онлайн,отменена
1911,07.05.2026,13:45,Северный,Данила Ким,Стрижка мужская,1400,5416,телефон,выполнена
1912,07.05.2026,16:45,Центр,Артём Соколов,Стрижка мужская,1400,5024,телефон,отменена
1913,07.05.2026,10:15,Заречная,Тимур Аскеров,Стрижка мужская,1400,6291,без записи,выполнена
1914,2026-05-07,16:45,Центр,Иван Петров,Стрижка + борода,1680,5923,онлайн,неявка
1915,2026-05-07,13:00,Северный,Роман Швец,Стрижка + борода,2100,6224,телефон,выполнена
1916,07.05.2026,18:45,Центр,Иван Петров,Стрижка детская,1000,6050,без записи,выполнена
1917,07.05.2026,11:15,Центр,Лев Гаврилов,Стрижка мужская,1400,5651,онлайн,выполнена
1918,07.05.2026,17:00,Центр,Артём Соколов,Оформление бороды,"900,00",6253,онлайн,выполнена
1919,07.05.2026,17:45,Заречная,Марк Дёмин,Стрижка + борода,"1680,00",5902,телефон,выполнена
1920,08.05.2026,19:45,Заречная,Марк Дёмин,Стрижка мужская,1400,5088,онлайн,выполнена
1921,08.05.2026,15:00,Центр,Иван П.,Стрижка мужская,1190,6237,онлайн,выполнена
1922,08.05.2026,12:45,Северный,Роман Швец,Стрижка мужская,1260,5389,онлайн,выполнена
1923,08.05.2026,14:00,Центр,иван петров,Стрижка мужская,1400,5682,онлайн,выполнена
1924,08.05.2026,14:00,Центр,Артём Соколов,Стрижка мужская,1400,6047,телефон,выполнена
1925,08.05.2026,15:15,Заречная,Марк Дёмин,Стрижка мужская,1190,5274,онлайн,выполнена
1926,08.05.2026,19:15,Заречная,Тимур А.,Стрижка + борода,2100,5811,телефон,выполнена
1927,08.05.2026,20:15,Заречная,Тимур Аскеров,Стрижка + борода,2100,6163,онлайн,выполнена
1928,08.05.2026,16:30,Северный,Олег Рыбак,Оформление бороды,900,5874,телефон,выполнена
1929,08.05.2026,18:45,Заречная,ТИМУР АСКЕРОВ,Оформление бороды,900,6357,онлайн,выполнена
1930,08.05.2026,20:00,Заречная,Тимур А.,Оформление бороды,900,5981,телефон,выполнена
1931,08.05.2026,18:00,Центр,Артём Соколов,Стрижка + борода,2100,5160,онлайн,выполнена
1932,08.05.2026,13:45,Центр,иван петров,Стрижка мужская,1400,5927,без записи,выполнена
1933,2026-05-08,17:00,Центр,Артём Соколов,Тонирование,1800,5439,онлайн,выполнена
1934,08.05.2026,11:15,Центр,Иван Петров,Стрижка мужская,1400,6211,без записи,выполнена
1935,09.05.2026,13:30,Северный,Д. Ким,Бритьё опасной бритвой,1300,6098,онлайн,выполнена
1936,09.05.2026,16:30,Северный,Олег Рыбак,Стрижка мужская,1400,5060,онлайн,выполнена
1937,09.05.2026,16:45,Центр,Иван Петров,Оформление бороды,900,5153,онлайн,выполнена
1938,09.05.2026,16:45,Центр,Лев Гаврилов,Тонирование,1800,6020,онлайн,выполнена
1939,2026-05-09,19:15,Заречная,ТИМУР АСКЕРОВ,Стрижка + борода,2310,6145,телефон,выполнена
1940,09.05.2026,12:15,Северный,Д. Ким,Камуфляж седины,1600,5150,телефон,выполнена
1941,09.05.2026,16:00,Северный,Олег Рыбак,Стрижка мужская,1400,5066,онлайн,выполнена
1942,09.05.2026,11:15,Центр,Иван Петров,Стрижка мужская,1400,5555,телефон,выполнена
1943,09.05.2026,19:15,Заречная,Тимур Аскеров,Камуфляж седины,1600,6102,без записи,выполнена
1944,09.05.2026,15:30,Заречная,ТИМУР АСКЕРОВ,Камуфляж седины,1600,6391,телефон,выполнена
1945,09.05.2026,10:45,Центр,Артём Соколов,Бритьё опасной бритвой,1430,5030,онлайн,выполнена
1946,2026-05-09,16:00,Северный,Роман Швец,Стрижка + борода,2100,5404,онлайн,выполнена
1947,09.05.2026,10:45,Центр,Артём Соколов,Стрижка + борода,2100,5934,без записи,выполнена
1948,2026-05-09,13:15,Центр,Лев Гаврилов,Стрижка мужская,1400,5772,онлайн,выполнена
1949,09.05.2026,19:45,Северный,Олег Рыбак,Стрижка + борода,2100,5968,онлайн,выполнена
1950,09.05.2026,13:15,Центр,Артём Соколов,Стрижка мужская,1400 р.,6175,онлайн,выполнена
1951,09.05.2026,20:30,Северный,Олег Рыбак,Стрижка + борода,2310,5552,онлайн,выполнена
1952,09.05.2026,19:45,Заречная,Марк Дёмин,Тонирование,1800,6096,телефон,выполнена
1953,09.05.2026,13:30,Северный,Олег Рыбак,Стрижка машинкой,700,5537,телефон,выполнена
1954,09.05.2026,20:00,Центр,Артём Соколов,Бритьё опасной бритвой,1040,5232,онлайн,выполнена
1955,09.05.2026,18:00,Центр,Артём Соколов,Стрижка мужская,1400 р.,5653,онлайн,выполнена
1956,09.05.2026,11:30,Заречная,Марк Дёмин,Стрижка мужская,1400,5623,телефон,выполнена
1957,09.05.2026,20:30,Заречная,ТИМУР АСКЕРОВ,Стрижка + борода,1785,5048,без записи,отменена
1958,09.05.2026,16:30,Северный,Роман Швец,Стрижка мужская,"1540,00",5362,онлайн,выполнена
1959,09.05.2026,13:15,Центр,Иван П.,Стрижка + борода,2310,5468,онлайн,выполнена
1960,09.05.2026,11:45,Северный,Д. Ким,Стрижка + борода,1680 р.,5817,телефон,выполнена
1961,09.05.2026,14:00,Заречная ,ТИМУР АСКЕРОВ,Оформление бороды,900,6033,онлайн,выполнена
1962,09.05.2026,19:00,Центр,Лев Гаврилов,Стрижка мужская,1540,5124,телефон,выполнена
1963,09.05.2026,14:00,Центр,Иван П.,Стрижка машинкой,595,5954,без записи,выполнена
1964,09.05.2026,20:30,Центр,Иван П.,Стрижка мужская,"1400,00",5459,телефон,выполнена
1965,09.05.2026,16:45,Центр,Иван Петров,Оформление бороды,900 р.,5757,онлайн,выполнена
1966,10.05.2026,11:15,Заречная,Марк Дёмин,Стрижка мужская,1540,5084,онлайн,выполнена
1967,10.05.2026,20:30,Северный,Данила Ким,Оформление бороды,900,5525,онлайн,выполнена
1968,2026-05-10,12:15,Центр,Артём Соколов,Стрижка мужская,1400,5536,онлайн,выполнена
1969,10.05.2026,18:45,Северный,Олег Рыбак,Тонирование,1800,6105,телефон,выполнена
1970,10.05.2026,13:45,Заречная,Марк Дёмин,Оформление бороды,810 р.,5288,телефон,выполнена
1971,2026-05-10,20:15,Центр,Артём Соколов,Стрижка + борода,2100 р.,5144,без записи,выполнена
1972,10.05.2026,14:45,Северный,Роман Швец,Стрижка детская,1100,5518,онлайн,выполнена
1973,10.05.2026,19:45,Заречная,Марк Дёмин,Стрижка мужская,1540,6196,онлайн,выполнена
1974,2026-05-10,13:15,Северный,Роман Швец,Стрижка мужская,1540,5043,телефон,выполнена
1975,10.05.2026,15:30,Северный,Данила Ким,Стрижка + борода,2310 р.,5575,онлайн,выполнена
1976,10.05.2026,12:30,Северный,Д. Ким,Оформление бороды,990 р.,5213,онлайн,выполнена
1977,2026-05-10,19:45,Центр,Артём Соколов,Стрижка + борода,2100,5406,без записи,отменена
1978,10.05.2026,11:30,Заречная,Марк Дёмин,Стрижка мужская,1190,6063,онлайн,выполнена
1979,10.05.2026,11:45,Центр,Артём Соколов,Стрижка + борода,2100,5260,телефон,выполнена
1980,10.05.2026,13:30,Центр,Артём Соколов,Бритьё опасной бритвой,1105,5064,онлайн,выполнена
1981,10.05.2026,16:15,Центр,Иван П.,Стрижка мужская,"1400,00",5733,без записи,выполнена
1982,10.05.2026,16:45,Северный,Данила Ким,Стрижка мужская,1400,5838,онлайн,выполнена
1983,2026-05-10,20:15,Центр,Иван Петров,Стрижка + борода,2100,5392,без записи,выполнена
1984,10.05.2026,15:00,Заречная,Тимур А.,Бритьё опасной бритвой,1300,5277,телефон,выполнена
1985,10.05.2026,17:15,Северный,Роман Швец,Стрижка мужская,1190,5030,онлайн,выполнена
1986,10.05.2026,19:15,Центр,Лев Гаврилов,Бритьё опасной бритвой,1430,5505,без записи,выполнена
1987,2026-05-10,14:00,Центр,Иван Петров,Стрижка машинкой,700,6172,онлайн,выполнена
1988,10.05.2026,19:15,Заречная,Марк Дёмин,Камуфляж седины,1600 р.,5912,телефон,выполнена
1989,10.05.2026,13:00,Заречная,ТИМУР АСКЕРОВ,Бритьё опасной бритвой,1430,5954,онлайн,выполнена
1990,11.05.2026,17:15,Центр,иван петров,Стрижка детская,1000,6266,онлайн,выполнена
1991,11.05.2026,18:45,Центр,Иван П.,Оформление бороды,900,5155,онлайн,выполнена
1992,2026-05-11,14:45,Центр, Иван Петров,Камуфляж седины,1600,5842,онлайн,выполнена
1993,2026-05-11,19:15,Центр,Артём Соколов,Стрижка + борода,"2100,00",5213,онлайн,выполнена
1994,11.05.2026,13:00,Северный,Д. Ким,Стрижка мужская,1120,5554,телефон,выполнена
1995,2026-05-11,15:15,Центр,Лев Гаврилов,Оформление бороды,900,6073,без записи,выполнена
1996,11.05.2026,20:00,Северный,Д. Ким,Стрижка машинкой,700,5267,без записи,выполнена
1997,11.05.2026,20:00,Центр,Лев Гаврилов,Стрижка мужская,1400,5848,телефон,выполнена
1998,11.05.2026,17:00,Центр,иван петров,Стрижка мужская,1400,6426,телефон,выполнена
1999,11.05.2026,18:15,Центр, Иван Петров,Тонирование,1800,6396,без записи,выполнена
2000,2026-05-12,17:15,Северный,Данила Ким,Стрижка мужская,1400,5487,онлайн,выполнена
2001,2026-05-12,15:30,Северный,Роман Швец,Стрижка машинкой,700 р.,6285,телефон,выполнена
2002,12.05.2026,18:00,Северный,Роман Швец,Стрижка + борода,2100,6249,онлайн,выполнена
2003,12.05.2026,14:15,Центр,Лев Гаврилов,Оформление бороды,900,5001,онлайн,выполнена
2004,12.05.2026,14:30,Северный,Роман Швец,Стрижка + борода,2100,6185,телефон,выполнена
2005,2026-05-12,16:30,Северный,Роман Швец,Оформление бороды,900,6342,телефон,выполнена
2006,12.05.2026,16:15,Заречная,Марк Дёмин,Оформление бороды,900,6255,онлайн,выполнена
2007,2026-05-12,12:00,Заречная ,Марк Дёмин,Оформление бороды,900,5057,телефон,выполнена
2008,2026-05-12,17:00,Центр,Артём Соколов,Стрижка мужская,1260,5538,онлайн,выполнена
2009,12.05.2026,10:15,Центр,Артём Соколов,Камуфляж седины,1600,5234,онлайн,выполнена
2010,12.05.2026,19:30,Центр,Артём Соколов,Стрижка детская,1000,5123,онлайн,неявка
2011,13.05.2026,10:15,Северный,Олег Рыбак,Стрижка + борода,2100,6231,телефон,выполнена
2012,13.05.2026,17:00,Центр, Иван Петров,Стрижка мужская,1400,5430,телефон,выполнена
2013,13.05.2026,14:00,Северный,Олег Рыбак,Стрижка + борода,2100,5278,телефон,выполнена
2014,13.05.2026,14:45,Центр,Иван П.,Стрижка машинкой,700 р.,5617,без записи,выполнена
2015,2026-05-13,17:15,Северный,Роман Швец,Стрижка + борода,2100,6189,онлайн,неявка
2016,13.05.2026,17:45,Заречная,Тимур А.,Стрижка + борода,2100,5222,онлайн,выполнена
2017,13.05.2026,14:15,Заречная,Тимур А.,Стрижка мужская,1400,5611,телефон,выполнена
2018,13.05.2026,14:00,Северный,Олег Рыбак,Стрижка машинкой,700,5546,без записи,выполнена
2019,13.05.2026,18:30,Северный,Олег Рыбак,Стрижка мужская,1400,5240,телефон,выполнена
2020,2026-05-13,14:00,Северный,Роман Швец,Оформление бороды,900,5608,онлайн,выполнена
2021,13.05.2026,11:45,Заречная,ТИМУР АСКЕРОВ,Стрижка + борода,2100,5663,онлайн,выполнена
2022,13.05.2026,10:00,Центр,Лев Гаврилов,Стрижка мужская,1400,5033,телефон,выполнена
2023,13.05.2026,17:45,Северный,Д. Ким,Стрижка детская,1000,6077,без записи,выполнена
2024,13.05.2026,18:00,Заречная,Марк Дёмин,Стрижка мужская,1400,6145,телефон,отменена
2025,14.05.2026,19:45,Заречная,Тимур Аскеров,Оформление бороды,900,5498,онлайн,выполнена
2026,14.05.2026,13:30,Центр,Лев Гаврилов,Стрижка + борода,2100,6209,онлайн,отменена
2027,14.05.2026,16:45,Заречная,Тимур А.,Оформление бороды,900,5573,онлайн,выполнена
2028,14.05.2026,19:00,Заречная,Тимур А.,Оформление бороды,900,6259,телефон,выполнена
2029,2026-05-14,18:15,Северный,Олег Рыбак,Стрижка мужская,1400,5726,онлайн,выполнена
2030,14.05.2026,15:45,Северный,Олег Рыбак,Стрижка мужская,1400,5656,онлайн,выполнена
2031,14.05.2026,19:00,Центр,Иван П.,Стрижка + борода,2100,5022,телефон,выполнена
2032,14.05.2026,19:30,Заречная,ТИМУР АСКЕРОВ,Стрижка мужская,1400,5077,онлайн,выполнена
2033,14.05.2026,18:30,Центр,Иван Петров,Стрижка мужская,1190,5959,онлайн,выполнена
2034,14.05.2026,15:15,Заречная,Марк Дёмин,Стрижка мужская,1400,6250,телефон,отменена
2035,14.05.2026,15:15,Заречная,Тимур А.,Стрижка + борода,"2100,00",5975,онлайн,выполнена
2036,14.05.2026,19:45,Северный,Данила Ким,Стрижка мужская,1400,5749,телефон,выполнена
2037,14.05.2026,18:15,Заречная,ТИМУР АСКЕРОВ,Стрижка + борода,2100,6351,без записи,выполнена
2038,14.05.2026,13:45,Центр,Лев Гаврилов,Стрижка мужская,1400,5500,онлайн,выполнена
2039,14.05.2026,10:00,Заречная,ТИМУР АСКЕРОВ,Бритьё опасной бритвой,1300,5046,онлайн,выполнена
2040,2026-05-15,10:15,Северный,Роман Швец,Оформление бороды,810,6127,онлайн,выполнена
2041,15.05.2026,17:30,Северный,Данила Ким,Стрижка мужская,"1400,00",6066,онлайн,выполнена
2042,15.05.2026,19:15,Заречная,Марк Дёмин,Стрижка мужская,1400,5140,телефон,выполнена
2043,2026-05-15,14:00,Центр,Иван П.,Стрижка мужская,1400,6444,онлайн,выполнена
2044,15.05.2026,17:15,Заречная,Марк Дёмин,Бритьё опасной бритвой,1300,5294,телефон,выполнена
2045,15.05.2026,14:15,Заречная,Тимур Аскеров,Оформление бороды,810,5678,онлайн,выполнена
2046,15.05.2026,18:45,Центр,Лев Гаврилов,Стрижка + борода,2100,5726,онлайн,выполнена
2047,15.05.2026,13:00,Заречная,Тимур А.,Стрижка мужская,1260,5527,телефон,выполнена
2048,15.05.2026,12:45,Северный,Олег Рыбак,Стрижка мужская,1400,6042,онлайн,выполнена
2049,15.05.2026,15:45,Центр,Лев Гаврилов,Стрижка машинкой,700,6345,телефон,выполнена
2050,15.05.2026,15:00,Центр,Лев Гаврилов,Стрижка мужская,1400,6314,онлайн,выполнена
2051,15.05.2026,13:15,Северный,Олег Рыбак,Стрижка + борода,2100,5935,онлайн,выполнена
2052,15.05.2026,19:15,Центр,Иван Петров,Стрижка + борода,1680,5059,онлайн,выполнена
2053,15.05.2026,13:30,Центр,Лев Гаврилов,Стрижка мужская,1400,5267,телефон,выполнена
2054,16.05.2026,18:30,Центр,Лев Гаврилов,Оформление бороды,"900,00",6217,без записи,выполнена
2055,16.05.2026,19:00,Северный,Данила Ким,Стрижка детская,1100,5601,телефон,выполнена
2056,16.05.2026,13:45,Заречная,ТИМУР АСКЕРОВ,Стрижка мужская,1400,5986,без записи,выполнена
2057,16.05.2026,19:00,Заречная,Тимур Аскеров,Стрижка мужская,1400,5777,без записи,выполнена
2058,2026-05-16,19:45,Северный,Олег Рыбак,Оформление бороды,900 р.,6209,без записи,выполнена
2059,16.05.2026,19:45,Центр,Артём Соколов,Стрижка машинкой,770,5156,без записи,выполнена
2060,16.05.2026,17:15,Северный,Данила Ким,Стрижка мужская,1400,6144,телефон,выполнена
2061,16.05.2026,12:45,Северный,Олег Рыбак,Оформление бороды,900,5091,онлайн,выполнена
2062,16.05.2026,10:45,Заречная,Марк Дёмин,Стрижка мужская,1400,5036,без записи,выполнена
2063,16.05.2026,10:30,Центр,Лев Гаврилов,Оформление бороды,990 р.,5030,онлайн,выполнена
2064,16.05.2026,18:30,Заречная,Марк Дёмин,Камуфляж седины,1280,6050,телефон,выполнена
2065,16.05.2026,12:45,Северный,Данила Ким,Стрижка детская,1000,5222,телефон,выполнена
2066,16.05.2026,10:30,Заречная,ТИМУР АСКЕРОВ,Стрижка мужская,1400,5384,онлайн,выполнена
2067,16.05.2026,11:45,Заречная,Марк Дёмин,Стрижка детская,1000,6410,онлайн,выполнена
2068,16.05.2026,11:30,Северный,Олег Рыбак,Стрижка + борода,2100,6327,онлайн,выполнена
2069,16.05.2026,13:00,Заречная,Марк Дёмин,Бритьё опасной бритвой,1300,6346,онлайн,выполнена
2070,16.05.2026,16:30,Северный,Олег Рыбак,Стрижка + борода,2100,5601,без записи,выполнена
2071,16.05.2026,18:00,Центр,Иван П.,Стрижка мужская,1540,5812,телефон,выполнена
2072,16.05.2026,18:30,Северный,Роман Швец,Стрижка мужская,1540,5290,онлайн,выполнена
2073,2026-05-16,13:30,Центр,Артём Соколов,Стрижка мужская,1400,5280,онлайн,выполнена
2074,2026-05-16,14:30,Центр,Артём Соколов,Стрижка + борода,2100,6357,без записи,выполнена
2075,2026-05-16,15:30,Заречная,Тимур Аскеров,Оформление бороды,900,6322,телефон,выполнена
2076,16.05.2026,12:30,Центр,Артём Соколов,,2310,5412,онлайн,выполнена
2077,16.05.2026,18:00,Центр,Лев Гаврилов,Камуфляж седины,1600,5256,онлайн,выполнена
2078,2026-05-16,17:45,Центр,Артём Соколов,Оформление бороды,900,5415,телефон,выполнена
2079,16.05.2026,15:15,Северный,Данила Ким,Стрижка + борода,2100,5068,телефон,выполнена
2080,16.05.2026,12:30,Центр,Лев Гаврилов,Стрижка мужская,1400,5979,телефон,выполнена
2081,16.05.2026,16:00,Заречная,Тимур Аскеров,Стрижка + борода,2100,5267,телефон,выполнена
2082,16.05.2026,17:00,Центр,Артём Соколов,Стрижка мужская,1400,5942,телефон,выполнена
2083,16.05.2026,19:30,Северный,Роман Швец,Стрижка машинкой,700,5560,телефон,выполнена
2084,16.05.2026,19:15,Центр,Лев Гаврилов,Стрижка мужская,1400,6305,без записи,выполнена
2085,16.05.2026,17:00,Северный,Данила Ким,Оформление бороды,900,5695,без записи,выполнена
2086,17.05.2026,17:15,Северный,Данила Ким,Стрижка + борода,1785,6360,онлайн,выполнена
2087,17.05.2026,17:45,Северный,Олег Рыбак,Стрижка мужская,1400 р.,5423,онлайн,отменена
2088,17.05.2026,17:15,Центр,иван петров,Стрижка мужская,1400,5697,телефон,выполнена
2089,17.05.2026,19:30,Центр,Иван П.,Стрижка мужская,1400,6240,телефон,выполнена
2090,17.05.2026,15:45,Заречная,Марк Дёмин,Стрижка мужская,1400,5855,онлайн,выполнена
2091,17.05.2026,20:15,Северный,Роман Швец,Стрижка мужская,1120,5288,телефон,выполнена
2092,17.05.2026,16:00,Центр,Иван П.,Стрижка мужская,1400,6316,онлайн,выполнена
2093,17.05.2026,20:15,Центр,Лев Гаврилов,Оформление бороды,900,6020,телефон,выполнена
2094,17.05.2026,19:30,Северный,Роман Швец,Стрижка мужская,1190,6449,телефон,выполнена
2095,17.05.2026,18:30,Заречная,Марк Дёмин,Камуфляж седины,"1440,00",5142,телефон,выполнена
2096,17.05.2026,16:45,Центр, Иван Петров,Стрижка + борода,2100,5843,без записи,выполнена
2097,17.05.2026,15:15,Центр,Артём Соколов,Стрижка мужская,1120,5498,телефон,выполнена
2098,17.05.2026,14:45,Заречная,Тимур А.,Бритьё опасной бритвой,1430,5098,онлайн,отменена
2099,17.05.2026,20:30,Центр,Иван П.,Стрижка мужская,1400,5694,онлайн,выполнена
2100,17.05.2026,18:45,Северный,Данила Ким,Стрижка + борода,2100,5558,телефон,выполнена
2101,17.05.2026,13:15,Центр,Лев Гаврилов,Стрижка детская,1000,5367,онлайн,выполнена
2102,17.05.2026,19:15,Северный,Данила Ким,Стрижка + борода,2310,5540,телефон,выполнена
2103,17.05.2026,17:30,Северный,Олег Рыбак,Стрижка мужская,1400,6029,телефон,выполнена
2104,17.05.2026,12:00,Северный,Д. Ким,Стрижка машинкой,700,5320,онлайн,выполнена
2105,2026-05-18,18:30,Северный,Данила Ким,Стрижка мужская,1400,5623,телефон,выполнена
2106,2026-05-18,14:00,Центр,Артём Соколов,Стрижка мужская,1400,5091,телефон,выполнена
2107,18.05.2026,16:30,Заречная,ТИМУР АСКЕРОВ,Тонирование,1800,5948,телефон,выполнена
2108,18.05.2026,18:30,Центр,Артём Соколов,Стрижка + борода,2100,6032,онлайн,выполнена
2109,2026-05-18,17:30,Центр, Иван Петров,Стрижка мужская,1400,6233,без записи,выполнена
2110,2026-05-18,20:30,Центр,Артём Соколов,Стрижка детская,1000,6313,без записи,выполнена
2111,2026-05-18,13:30,Заречная,ТИМУР АСКЕРОВ,Стрижка детская,1000,5023,онлайн,выполнена
2112,19.05.2026,10:45,Центр,Иван Петров,Бритьё опасной бритвой,1300,5722,онлайн,выполнена
2113,19.05.2026,17:00,Заречная,Тимур А.,Стрижка мужская,1120,5803,онлайн,выполнена
2114,19.05.2026,19:30,Северный,Д. Ким,Оформление бороды,900,5974,без записи,выполнена
2115,19.05.2026,12:00,Северный,Роман Швец,Стрижка мужская,1400,5714,онлайн,выполнена
2116,19.05.2026,11:45,Заречная,ТИМУР АСКЕРОВ,Стрижка машинкой,700,5510,без записи,выполнена
2117,19.05.2026,18:00,Центр,Артём Соколов,Стрижка мужская,1400,5552,онлайн,выполнена
2118,19.05.2026,19:00,Центр,Иван П.,Стрижка мужская,1400 р.,5784,онлайн,выполнена
2119,2026-05-19,10:30,Центр,Лев Гаврилов,Бритьё опасной бритвой,1105,5980,телефон,неявка
2120,19.05.2026,17:15,Центр,Иван П.,Стрижка мужская,1400,5879,телефон,выполнена
2121,19.05.2026,11:00,Центр,Лев Гаврилов,Оформление бороды,900,5327,онлайн,выполнена
2122,2026-05-19,17:45,Заречная,Тимур Аскеров,Стрижка детская,1000,5624,телефон,выполнена
2123,19.05.2026,17:00,Центр,Лев Гаврилов,Оформление бороды,900,5506,онлайн,отменена
2124,19.05.2026,13:15,Центр,Иван П.,Стрижка мужская,1400,5429,онлайн,неявка
2125,19.05.2026,19:15,Северный,Олег Рыбак,Бритьё опасной бритвой,1040,5630,онлайн,выполнена
2126,19.05.2026,16:45,Центр, Иван Петров,Оформление бороды,900 р.,6433,телефон,выполнена
2127,19.05.2026,14:00,Центр, Иван Петров,Тонирование,1530 р.,5183,телефон,выполнена
2128,20.05.2026,17:30,Северный,Роман Швец,Стрижка мужская,1400,6332,онлайн,выполнена
2129,20.05.2026,20:15,Северный,Олег Рыбак,Стрижка + борода,2100,5361,онлайн,выполнена
2130,20.05.2026,16:45,Северный,Данила Ким,Бритьё опасной бритвой,1300,6111,онлайн,выполнена
2131,20.05.2026,19:00,Центр,иван петров,Стрижка + борода,"2100,00",5471,телефон,неявка
2132,20.05.2026,14:15,Заречная,Тимур Аскеров,Стрижка мужская,1400,5471,онлайн,неявка
2133,20.05.2026,17:30,Северный,Данила Ким,Стрижка мужская,1400,6440,онлайн,выполнена
2134,20.05.2026,13:30,Центр, Иван Петров,Стрижка + борода,2100,5011,телефон,выполнена
2135,20.05.2026,16:45,Центр,Лев Гаврилов,Стрижка мужская,1400,6362,без записи,выполнена
2136,20.05.2026,12:30,Северный,Олег Рыбак,Стрижка + борода,2100,5840,телефон,выполнена
2137,20.05.2026,12:00,Заречная,Марк Дёмин,Стрижка + борода,1680,5034,онлайн,выполнена
2138,20.05.2026,15:45,Северный,Олег Рыбак,Стрижка + борода,2100,5111,онлайн,выполнена
2139,20.05.2026,19:15,Центр,Иван Петров,Бритьё опасной бритвой,1300,5926,онлайн,отменена
2140,2026-05-20,18:00,Центр,Лев Гаврилов,Стрижка мужская,1400,5089,онлайн,выполнена
2141,20.05.2026,10:15,Заречная,Марк Дёмин,Стрижка мужская,1400,6209,онлайн,выполнена
2142,20.05.2026,17:30,Северный,Роман Швец,Стрижка мужская,1400,5072,онлайн,выполнена
2143,21.05.2026,16:15,Центр,Артём Соколов,Стрижка мужская,1190,5380,онлайн,выполнена
2144,21.05.2026,17:00,Заречная,Тимур А.,Камуфляж седины,1600,5701,телефон,выполнена
2145,21.05.2026,18:00,Северный,Д. Ким,Стрижка мужская,"1400,00",6338,онлайн,выполнена
2146,2026-05-21,16:00,Центр, Иван Петров,Стрижка мужская,1400,5930,онлайн,выполнена
2147,21.05.2026,19:30,Центр,Лев Гаврилов,Камуфляж седины,1360,5996,онлайн,выполнена
2148,2026-05-21,12:15,Заречная,Тимур А.,Стрижка + борода,2100,5777,без записи,выполнена
2149,21.05.2026,13:00,Центр,Артём Соколов,Оформление бороды,900,5754,онлайн,выполнена
2150,21.05.2026,19:15,Центр,Иван П.,Стрижка детская,1000,5038,телефон,выполнена
2151,21.05.2026,13:00,Центр,Лев Гаврилов,Стрижка детская,1000,5627,онлайн,выполнена
2152,21.05.2026,11:45,Северный,Данила Ким,Оформление бороды,900 р.,6012,без записи,выполнена
2153,21.05.2026,15:45,Заречная,Марк Дёмин,Стрижка мужская,1400 р.,5387,онлайн,выполнена
2154,2026-05-21,19:45,Заречная,Тимур А.,Стрижка мужская,1400,5786,онлайн,выполнена
2155,21.05.2026,17:00,Центр,Лев Гаврилов,Камуфляж седины,1600,5259,онлайн,неявка
2156,22.05.2026,18:00,Северный,Олег Рыбак,Стрижка + борода,2100,5416,онлайн,выполнена
2157,2026-05-22,17:00,Северный,Роман Швец,Стрижка + борода,2100,5399,телефон,выполнена
2158,22.05.2026,16:15,Заречная,Марк Дёмин,Стрижка детская,1000,5920,онлайн,выполнена
2159,22.05.2026,20:30,Центр,иван петров,Стрижка мужская,1260,6432,онлайн,выполнена
2160,22.05.2026,19:45,Центр, Иван Петров,Оформление бороды,900,6180,онлайн,выполнена
2161,22.05.2026,11:15,Северный,Д. Ким,Оформление бороды,900,6239,телефон,выполнена
2162,22.05.2026,19:30,Центр,Артём Соколов,Стрижка + борода,2100,5718,онлайн,выполнена
2163,22.05.2026,18:15,Центр,Лев Гаврилов,Стрижка + борода,2100,5212,телефон,отменена
2164,22.05.2026,11:30,Центр,Иван П.,Бритьё опасной бритвой,1300,5148,онлайн,выполнена
2165,2026-05-22,13:45,Центр,Лев Гаврилов,Стрижка мужская,1400,5385,онлайн,выполнена
2166,22.05.2026,19:45,Центр,Лев Гаврилов,Стрижка мужская,1400,6332,онлайн,выполнена
2167,22.05.2026,18:30,Заречная,Тимур А.,Стрижка детская,1000,5395,онлайн,выполнена
2168,22.05.2026,11:45,Центр,Иван Петров,Стрижка + борода,2100,5314,онлайн,выполнена
2169,22.05.2026,13:30,Центр,Лев Гаврилов,Оформление бороды,900,5482,телефон,выполнена
2170,2026-05-22,19:00,Заречная,Марк Дёмин,Камуфляж седины,1600 р.,6062,онлайн,выполнена
2171,2026-05-22,12:45,Центр,Иван П.,Стрижка мужская,1400,5953,онлайн,выполнена
2172,22.05.2026,13:00,Северный,Данила Ким,Стрижка мужская,1400,5529,онлайн,выполнена
2173,23.05.2026,14:00,Северный,Роман Швец,Оформление бороды,900,6175,онлайн,выполнена
2174,23.05.2026,19:45,Центр,Лев Гаврилов,Оформление бороды,900,5837,без записи,выполнена
2175,23.05.2026,20:30,Центр,Лев Гаврилов,Оформление бороды,900,6096,онлайн,выполнена
2176,23.05.2026,20:30,Заречная,Тимур А.,Оформление бороды,900,6179,без записи,выполнена
2177,23.05.2026,16:30,Заречная,ТИМУР АСКЕРОВ,Стрижка мужская,1400,5747,онлайн,выполнена
2178,23.05.2026,12:15,Заречная,Тимур А.,Стрижка мужская,1400 р.,5229,без записи,выполнена
2179,23.05.2026,18:30,Северный,Данила Ким,Стрижка мужская,1400,5312,онлайн,выполнена
2180,23.05.2026,14:30,Северный,Д. Ким,Оформление бороды,990,5998,без записи,выполнена
2181,23.05.2026,12:30,Заречная,Марк Дёмин,Стрижка мужская,1540,6069,телефон,выполнена
2182,23.05.2026,17:45,Заречная,Тимур А.,Оформление бороды,765,6407,телефон,выполнена
2183,2026-05-23,14:45,Заречная,Марк Дёмин,Камуфляж седины,1440,5065,онлайн,выполнена
2184,23.05.2026,17:15,Центр,Артём Соколов,Стрижка детская,800,6160,онлайн,выполнена
2185,23.05.2026,16:00,Заречная,Тимур Аскеров,Стрижка + борода,2310,5222,без записи,выполнена
2186,23.05.2026,14:30,Заречная,Тимур Аскеров,Стрижка мужская,1190,6081,без записи,выполнена
2187,23.05.2026,15:15,Центр, Иван Петров,Оформление бороды,720,5015,телефон,выполнена
2188,23.05.2026,18:30,Северный,Роман Швец,Стрижка мужская,1400,5384,онлайн,выполнена
2189,23.05.2026,18:45,Заречная,Марк Дёмин,Стрижка + борода,2100,5305,без записи,выполнена
2190,23.05.2026,16:00,Заречная,Марк Дёмин,Стрижка машинкой,"700,00",5670,телефон,выполнена
2191,23.05.2026,12:30,Заречная,Марк Дёмин,Камуфляж седины,1600,5726,онлайн,выполнена
2192,24.05.2026,17:30,Северный,Данила Ким,Стрижка мужская,1540,5124,онлайн,выполнена
2193,24.05.2026,18:30,Центр,Иван П.,Стрижка детская,1000,6018,телефон,выполнена
2194,24.05.2026,17:30,Центр, Иван Петров,Стрижка мужская,1400 р.,6295,онлайн,выполнена
2195,24.05.2026,17:00,Центр, Иван Петров,Стрижка детская,1000,5069,онлайн,выполнена
2196,24.05.2026,19:00,Заречная,ТИМУР АСКЕРОВ,Оформление бороды,900,6370,онлайн,выполнена
2197,24.05.2026,19:30,Заречная,Марк Дёмин,Стрижка детская,900,5671,без записи,выполнена
2198,24.05.2026,18:15,Центр,Иван П.,Стрижка мужская,1260,5961,телефон,выполнена
2199,24.05.2026,19:15,Центр,Лев Гаврилов,Стрижка мужская,1400 р.,6000,телефон,выполнена
2200,24.05.2026,18:15,Центр,Артём Соколов,Стрижка + борода,2100 р.,6325,онлайн,выполнена
2201,24.05.2026,11:45,Центр,Артём Соколов,Стрижка мужская,1260,5806,телефон,выполнена
2202,24.05.2026,17:00,Северный,Роман Швец,Стрижка детская,1000,6218,телефон,выполнена
2203,24.05.2026,12:45,Заречная,Тимур Аскеров,Стрижка + борода,2100,6231,онлайн,выполнена
2204,24.05.2026,20:45,Центр,Лев Гаврилов,Стрижка мужская,1400,5024,онлайн,выполнена
2205,24.05.2026,14:45,Центр,иван петров,Стрижка мужская,1400,5726,телефон,выполнена
2206,24.05.2026,15:45,Северный,Роман Швец,Стрижка мужская,1400,5384,телефон,выполнена
2207,24.05.2026,11:30,Северный,Роман Швец,Бритьё опасной бритвой,1300,6283,телефон,выполнена
2208,24.05.2026,16:15,Северный,Д. Ким,Стрижка мужская,1400,5789,онлайн,выполнена
2209,24.05.2026,18:15,Центр,Лев Гаврилов,Оформление бороды,900,6102,без записи,выполнена
2210,2026-05-24,19:45,Заречная,Марк Дёмин,Стрижка мужская,1190,5237,онлайн,выполнена
2211,24.05.2026,18:00,Заречная,Тимур Аскеров,Оформление бороды,900,5214,онлайн,выполнена
2212,25.05.2026,19:30,Северный,Д. Ким,Оформление бороды,900,5623,онлайн,выполнена
2213,2026-05-25,14:00,Заречная,Марк Дёмин,Стрижка мужская,1400,5007,телефон,выполнена
2214,25.05.2026,20:15,Центр,Лев Гаврилов,Стрижка детская,"1000,00",5029,телефон,выполнена
2215,25.05.2026,12:00,Северный,Олег Рыбак,Стрижка машинкой,700,6339,онлайн,выполнена
2216,25.05.2026,16:00,Заречная,Марк Дёмин,Стрижка мужская,1400,5686,без записи,выполнена
2217,25.05.2026,14:30,Центр,Артём Соколов,Стрижка + борода,1890,5781,онлайн,выполнена
2218,25.05.2026,19:00,Северный,Олег Рыбак,Стрижка + борода,2100,5224,без записи,выполнена
2219,25.05.2026,18:30,Заречная,Тимур Аскеров,Оформление бороды,900,5605,онлайн,выполнена
2220,2026-05-26,20:45,Центр,Артём Соколов,Стрижка мужская,1400,5035,онлайн,выполнена
2221,26.05.2026,18:45,Заречная,Марк Дёмин,Стрижка мужская,1400,6258,онлайн,выполнена
2222,26.05.2026,11:30,Центр,Артём Соколов,Стрижка мужская,"1400,00",5589,телефон,выполнена
2223,26.05.2026,16:00,Центр,Артём Соколов,Стрижка мужская,1400,5300,телефон,выполнена
2224,26.05.2026,17:45,Заречная,Тимур Аскеров,Стрижка мужская,1400,6104,без записи,выполнена
2225,26.05.2026,10:30,Северный,Роман Швец,Стрижка мужская,1400,5806,телефон,выполнена
2226,26.05.2026,17:15,Центр,Лев Гаврилов,Стрижка мужская,1120,6190,онлайн,выполнена
2227,26.05.2026,19:15,Заречная,Тимур Аскеров,Стрижка мужская,1400,6331,онлайн,выполнена
2228,26.05.2026,17:15,Заречная,Тимур Аскеров,Бритьё опасной бритвой,1300,5880,онлайн,выполнена
2229,26.05.2026,18:30,Северный,Роман Швец,Стрижка мужская,1400,5233,телефон,выполнена
2230,26.05.2026,17:15,Северный,Роман Швец,Стрижка мужская,1400,5731,телефон,выполнена
2231,26.05.2026,18:45,Заречная,ТИМУР АСКЕРОВ,Стрижка мужская,"1400,00",5185,без записи,выполнена
2232,26.05.2026,15:00,Заречная,Марк Дёмин,Стрижка + борода,2100,6370,онлайн,выполнена
2233,26.05.2026,18:30,Заречная,Тимур Аскеров,Стрижка + борода,2100,5042,онлайн,выполнена
2234,2026-05-27,18:30,Северный,Д. Ким,Стрижка мужская,1400,5182,онлайн,отменена
2235,2026-05-27,19:30,Центр,Лев Гаврилов,Стрижка мужская,1400,6242,онлайн,выполнена
2236,27.05.2026,16:00,Северный,Роман Швец,Стрижка + борода,2100,6441,онлайн,выполнена
2237,27.05.2026,17:00,Северный,Д. Ким,Стрижка детская,1000,5601,онлайн,выполнена
2238,27.05.2026,20:45,Северный,Д. Ким,Бритьё опасной бритвой,1300,5226,онлайн,выполнена
2239,27.05.2026,14:00,Северный,Данила Ким,Стрижка детская,1000,5939,онлайн,выполнена
2240,27.05.2026,17:15,Центр,Артём Соколов,Оформление бороды,"900,00",5454,онлайн,выполнена
2241,27.05.2026,16:30,Центр, Иван Петров,Камуфляж седины,1600,6177,без записи,выполнена
2242,27.05.2026,15:15,Центр,Артём Соколов,Оформление бороды,900 р.,5677,без записи,выполнена
2243,27.05.2026,13:00,Заречная,Марк Дёмин,Стрижка + борода,2100,5289,онлайн,выполнена
2244,2026-05-27,12:45,Северный,Роман Швец,Стрижка + борода,2100,5294,онлайн,выполнена
2245,28.05.2026,17:00,Центр,Лев Гаврилов,Оформление бороды,900,5087,телефон,выполнена
2246,28.05.2026,12:30,Центр,Лев Гаврилов,Стрижка машинкой,630,6231,онлайн,выполнена
2247,28.05.2026,15:30,Северный,Данила Ким,Стрижка мужская,1400,6285,без записи,выполнена
2248,2026-05-28,14:45,Центр,Артём Соколов,Стрижка мужская,1400,5603,телефон,выполнена
2249,28.05.2026,16:45,Центр,Иван П.,Бритьё опасной бритвой,1300,5993,телефон,выполнена
2250,28.05.2026,11:00,Заречная,Марк Дёмин,Стрижка мужская,1400,5415,телефон,выполнена
2251,28.05.2026,19:15,Центр,Лев Гаврилов,Стрижка детская,1000,6013,телефон,выполнена
2252,28.05.2026,17:00,Заречная,Тимур А.,Стрижка + борода,2100,5066,без записи,выполнена
2253,28.05.2026,10:00,Северный,Олег Рыбак,Стрижка + борода,2100,5657,онлайн,выполнена
2254,28.05.2026,17:15,Заречная,Марк Дёмин,Стрижка мужская,1120,5646,онлайн,выполнена
2255,28.05.2026,11:15,Заречная,Тимур А.,Стрижка мужская,1400,5067,онлайн,выполнена
2256,28.05.2026,18:45,Заречная,Тимур Аскеров,Стрижка + борода,"2100,00",6334,телефон,выполнена
2257,29.05.2026,18:45,Северный,Данила Ким,Стрижка мужская,1400,6360,без записи,выполнена
2258,29.05.2026,14:30,Центр,Лев Гаврилов,Тонирование,1530,5634,онлайн,выполнена
2259,2026-05-29,18:15,Заречная,Тимур Аскеров,Стрижка + борода,2100,6275,онлайн,выполнена
2260,29.05.2026,18:45,Северный,Олег Рыбак,Стрижка мужская,1400,5394,без записи,выполнена
2261,29.05.2026,20:15,Северный,Данила Ким,Стрижка мужская,1120,6335,без записи,выполнена
2262,29.05.2026,18:30,Центр,Лев Гаврилов,Стрижка мужская,1400,5589,онлайн,неявка
2263,29.05.2026,18:00,Заречная,Тимур Аскеров,Стрижка + борода,1785 р.,5628,телефон,выполнена
2264,2026-05-29,11:30,Заречная,Марк Дёмин,Камуфляж седины,1600,5863,онлайн,выполнена
2265,2026-05-29,14:30,Заречная,Марк Дёмин,Оформление бороды,900,5291,онлайн,выполнена
2266,29.05.2026,15:00,Центр,иван петров,Оформление бороды,765,5963,онлайн,отменена
2267,29.05.2026,12:15,Заречная,Марк Дёмин,Стрижка мужская,1400,5074,телефон,выполнена
2268,29.05.2026,15:45,Заречная,Марк Дёмин,Тонирование,1800,5879,без записи,выполнена
2269,2026-05-29,13:15,Северный,Д. Ким,Стрижка + борода,1785,6423,онлайн,выполнена
2270,29.05.2026,16:00,Заречная,Марк Дёмин,Стрижка мужская,1400,5593,онлайн,выполнена
2271,29.05.2026,10:45,Северный,Роман Швец,Стрижка мужская,1400,5145,телефон,выполнена
2272,29.05.2026,20:45,Северный,Д. Ким,Оформление бороды,900,5324,без записи,выполнена
2273,30.05.2026,14:30,Центр,Артём Соколов,Стрижка + борода,2100,5593,онлайн,выполнена
2274,30.05.2026,17:30,Центр,Лев Гаврилов,Стрижка мужская,1190,5176,без записи,выполнена
2275,30.05.2026,12:30,Центр,Артём Соколов,Оформление бороды,900,5210,онлайн,выполнена
2276,30.05.2026,10:45,Центр,Артём Соколов,Стрижка мужская,1400,5732,онлайн,выполнена
2277,30.05.2026,14:45,Северный,Роман Швец,Стрижка детская,1100,5143,онлайн,выполнена
2278,30.05.2026,11:15,Центр,Иван П.,Стрижка мужская,1400,5639,онлайн,выполнена
2279,30.05.2026,14:15,Заречная,Марк Дёмин,Стрижка + борода,2310,5202,телефон,выполнена
2280,30.05.2026,17:45,Северный,Роман Швец,Стрижка мужская,1400,5616,онлайн,выполнена
2281,30.05.2026,15:45,Заречная,Марк Дёмин,Стрижка + борода,2100,6222,онлайн,выполнена
2282,30.05.2026,20:00,Центр,Иван П.,Стрижка мужская,1540,5086,онлайн,выполнена
2283,30.05.2026,14:45,Заречная,Марк Дёмин,Камуфляж седины,1600,5349,онлайн,выполнена
2284,30.05.2026,17:00,Центр, Иван Петров,Оформление бороды,900,5917,телефон,выполнена
2285,30.05.2026,16:45,Северный,Д. Ким,,900,6063,телефон,выполнена
2286,30.05.2026,18:30,Центр,Иван Петров,Оформление бороды,900,5332,онлайн,выполнена
2287,30.05.2026,13:30,Центр,Иван Петров,Стрижка детская,1100,5729,онлайн,выполнена
2288,30.05.2026,16:15,Северный,Роман Швец,Камуфляж седины,1760,6304,онлайн,выполнена
2289,30.05.2026,16:00,Центр,Артём Соколов,Стрижка детская,1000,5134,телефон,выполнена
2290,30.05.2026,18:45,Заречная,Марк Дёмин,Бритьё опасной бритвой,1430 р.,5850,онлайн,выполнена
2291,30.05.2026,20:00,Центр,иван петров,Тонирование,1800,5267,онлайн,неявка
2292,30.05.2026,15:00,Заречная,Тимур А.,Стрижка + борода,2100 р.,5061,телефон,выполнена
2293,2026-05-30,13:00,Северный,Данила Ким,Стрижка мужская,1540,6150,онлайн,выполнена
2294,31.05.2026,14:45,Центр,Лев Гаврилов,Стрижка мужская,1400 р.,6145,телефон,выполнена
2295,31.05.2026,16:45,Центр,Артём Соколов,Оформление бороды,900,5982,онлайн,выполнена
2296,31.05.2026,19:15,Заречная,Марк Дёмин,Оформление бороды,900,5279,онлайн,выполнена
2297,31.05.2026,20:15,Северный,Олег Рыбак,Стрижка детская,1000,5621,онлайн,выполнена
2298,31.05.2026,18:00,Центр,Лев Гаврилов,Стрижка мужская,1540,5929,онлайн,отменена
2299,31.05.2026,17:00,Центр,Иван П.,Стрижка мужская,1400,5487,онлайн,выполнена
2300,31.05.2026,20:00,Заречная,Тимур Аскеров,Стрижка + борода,2100,6043,онлайн,выполнена
2301,31.05.2026,16:30,Заречная,Тимур Аскеров,Оформление бороды,900 р.,6366,телефон,выполнена
2302,31.05.2026,13:00,Центр,Артём Соколов,Камуфляж седины,1600,6110,телефон,выполнена
2303,31.05.2026,10:45,Центр, Иван Петров,Стрижка мужская,1400,5923,онлайн,выполнена
2304,31.05.2026,17:45,Центр,Иван П.,Стрижка + борода,2100,5704,онлайн,выполнена
2305,31.05.2026,18:30,Центр,Артём Соколов,Стрижка мужская,1190 р.,5928,телефон,отменена
2306,31.05.2026,15:45,Центр,иван петров,Стрижка мужская,"1400,00",5596,онлайн,выполнена
2307,31.05.2026,17:30,Северный,Олег Рыбак,Камуфляж седины,1600,5373,телефон,выполнена
2308,31.05.2026,18:00,Заречная,Тимур А.,Оформление бороды,900,6207,без записи,выполнена
2309,31.05.2026,10:15,Заречная,ТИМУР АСКЕРОВ,Стрижка мужская,1400,5924,онлайн,выполнена
2310,31.05.2026,16:45,Центр,Иван П.,Стрижка детская,800,5111,без записи,выполнена
2311,31.05.2026,19:15,Заречная,Марк Дёмин,Стрижка мужская,1540,5926,телефон,выполнена
2312,31.05.2026,18:15,Северный,Олег Рыбак,Стрижка + борода,2100,5721,онлайн,выполнена
2313,31.05.2026,18:00,Северный,Д. Ким,Стрижка + борода,2100,5875,телефон,выполнена
2314,31.05.2026,14:45,Северный,Олег Рыбак,Стрижка мужская,1400,5366,онлайн,выполнена
2315,31.05.2026,17:15,Северный,Роман Швец,Стрижка мужская,1400,5587,телефон,выполнена
2316,31.05.2026,18:30,Центр,Лев Гаврилов,Стрижка мужская,1540,6365,телефон,выполнена
2317,31.05.2026,13:30,Центр,Лев Гаврилов,Стрижка + борода,2310,6013,онлайн,выполнена
2318,31.05.2026,15:15,Северный,Роман Швец,Камуфляж седины,1280,5832,онлайн,выполнена
2319,31.05.2026,19:00,Центр,Иван Петров,Бритьё опасной бритвой,1430,6083,онлайн,выполнена
2320,31.05.2026,14:15,Центр,иван петров,Стрижка мужская,1540,6237,телефон,выполнена
2321,01.06.2026,15:30,Заречная,Тимур А.,Бритьё опасной бритвой,1170,5205,онлайн,выполнена
2322,01.06.2026,12:00,Центр,иван петров,Оформление бороды,900,5678,телефон,выполнена
2323,01.06.2026,12:30,Центр,иван петров,Стрижка мужская,1400,5386,телефон,выполнена
2324,01.06.2026,17:00,Центр,Лев Гаврилов,Стрижка мужская,1400,6164,онлайн,выполнена
2325,01.06.2026,15:30,Центр,Лев Гаврилов,Стрижка + борода,"2100,00",6065,телефон,выполнена
2326,01.06.2026,19:15,Центр,Артём Соколов,Стрижка + борода,2100,5002,без записи,выполнена
2327,01.06.2026,20:15,Центр,Иван Петров,Тонирование,1800,6304,телефон,выполнена
2328,01.06.2026,10:15,Северный,Д. Ким,Бритьё опасной бритвой,1300,6363,онлайн,выполнена
2329,01.06.2026,16:00,Заречная,Марк Дёмин,Стрижка мужская,1400,5502,онлайн,выполнена
2330,01.06.2026,14:45,Заречная,Тимур Аскеров,Оформление бороды,900,5754,онлайн,выполнена
2331,2026-06-02,19:00,Центр,Артём Соколов,Стрижка + борода,2100,6006,онлайн,выполнена
2332,02.06.2026,20:45,Северный,Д. Ким,Стрижка + борода,2100,6245,онлайн,выполнена
2333,2026-06-02,15:15,Северный,Олег Рыбак,Тонирование,1800,6305,онлайн,отменена
2334,02.06.2026,19:00,Центр,Лев Гаврилов,Стрижка мужская,1400 р.,5150,онлайн,выполнена
2335,02.06.2026,20:15,Центр,Иван Петров,Стрижка мужская,1400,5115,онлайн,выполнена
2336,02.06.2026,18:45,Заречная,Марк Дёмин,Стрижка мужская,1400,6135,телефон,выполнена
2337,02.06.2026,20:15,Заречная,Марк Дёмин,Оформление бороды,900,5836,онлайн,отменена
2338,2026-06-02,18:15,Центр,Артём Соколов,Стрижка мужская,1400,5042,телефон,выполнена
2339,02.06.2026,11:15,Центр,Лев Гаврилов,Стрижка + борода,2100,5217,без записи,выполнена
2340,02.06.2026,20:45,Центр,Лев Гаврилов,Стрижка + борода,2100,6064,без записи,выполнена
2341,02.06.2026,20:15,Центр,Иван П.,Стрижка мужская,1400,5046,телефон,выполнена
2342,02.06.2026,12:45,Центр,Лев Гаврилов,Камуфляж седины,1600 р.,6354,онлайн,выполнена
2343,02.06.2026,16:00,Северный,Роман Швец,Стрижка + борода,1680,5964,телефон,выполнена
2344,2026-06-02,13:00,Северный,Олег Рыбак,Стрижка мужская,1400,5944,без записи,выполнена
2345,02.06.2026,19:30,Центр, Иван Петров,Оформление бороды,900,5494,онлайн,выполнена
2346,03.06.2026,14:30,Северный,Олег Рыбак,Стрижка мужская,1400 р.,5425,телефон,выполнена
2347,03.06.2026,16:45,Центр, Иван Петров,Стрижка мужская,1400,5084,без записи,выполнена
2348,03.06.2026,14:00,Заречная,Тимур А.,Стрижка мужская,1400,6244,телефон,выполнена
2349,03.06.2026,16:15,Северный,Роман Швец,Стрижка мужская,1400,5646,телефон,выполнена
2350,03.06.2026,20:15,Северный,Д. Ким,Оформление бороды,900,5084,телефон,выполнена
2351,03.06.2026,15:45,Заречная,ТИМУР АСКЕРОВ,Стрижка мужская,1400,6362,телефон,выполнена
2352,2026-06-03,19:00,Северный,Д. Ким,Стрижка мужская,1400,5468,онлайн,выполнена
2353,03.06.2026,14:45,Центр,Артём Соколов,Оформление бороды,900,6348,онлайн,выполнена
2354,03.06.2026,14:45,Заречная,Марк Дёмин,Стрижка детская,1000,6227,телефон,отменена
2355,03.06.2026,14:15,Центр,Артём Соколов,Оформление бороды,"810,00",6116,без записи,выполнена
2356,03.06.2026,11:00,Северный,Олег Рыбак,Камуфляж седины,1600,5727,онлайн,выполнена
2357,2026-06-03,17:00,Центр,Артём Соколов,Стрижка мужская,1400,5185,телефон,выполнена
2358,03.06.2026,11:15,Северный,Олег Рыбак,Оформление бороды,900,6029,телефон,выполнена
2359,03.06.2026,13:15,Заречная,Марк Дёмин,Стрижка мужская,1400,5036,телефон,выполнена
2360,04.06.2026,15:45,Северный,Олег Рыбак,Оформление бороды,900,6177,телефон,выполнена
2361,2026-06-04,15:30,Заречная,Марк Дёмин,Стрижка + борода,2100,5325,онлайн,выполнена
2362,04.06.2026,15:15,Северный,Олег Рыбак,Стрижка + борода,1680 р.,5570,телефон,выполнена
2363,04.06.2026,12:15,Заречная,Тимур А.,Стрижка мужская,1400,5128,без записи,выполнена
2364,04.06.2026,19:15,Центр,Артём Соколов,Стрижка мужская,1400,5840,онлайн,выполнена
2365,04.06.2026,17:30,Северный,Олег Рыбак,Стрижка + борода,2100,6049,телефон,выполнена
2366,04.06.2026,13:30,Центр,Лев Гаврилов,Оформление бороды,900,5719,телефон,выполнена
2367,2026-06-04,10:15,Центр,Артём Соколов,Камуфляж седины,1280,6383,телефон,выполнена
2368,2026-06-04,14:15,Северный,Роман Швец,Стрижка мужская,1400 р.,5221,онлайн,выполнена
2369,04.06.2026,18:30,Заречная,Марк Дёмин,Стрижка детская,1000,5859,онлайн,выполнена
2370,04.06.2026,17:00,Центр, Иван Петров,Оформление бороды,900,5906,телефон,выполнена
2371,04.06.2026,16:00,Северный,Олег Рыбак,Стрижка детская,1000,5540,телефон,выполнена
2372,04.06.2026,15:00,Заречная,ТИМУР АСКЕРОВ,Стрижка мужская,1400,5148,онлайн,выполнена
2373,04.06.2026,15:00,Северный,Роман Швец,Камуфляж седины,1600,5486,онлайн,выполнена
2374,04.06.2026,18:45,Центр,Иван Петров,Стрижка детская,1000,5969,онлайн,выполнена
2375,05.06.2026,18:00,Заречная,Тимур А.,Стрижка мужская,1400,5088,онлайн,выполнена
2376,05.06.2026,19:45,Центр,Артём Соколов,Стрижка мужская,1400,6410,онлайн,выполнена
2377,05.06.2026,13:00,Северный,Олег Рыбак,Стрижка + борода,2100,6322,онлайн,выполнена
2378,05.06.2026,17:00,Центр,иван петров,Стрижка мужская,1400,6328,телефон,выполнена
2379,2026-06-05,13:45,Заречная,Тимур Аскеров,Стрижка мужская,1400,5843,онлайн,выполнена
2380,2026-06-05,18:00,Центр,Иван П.,Бритьё опасной бритвой,1300,5288,онлайн,выполнена
2381,05.06.2026,18:45,Заречная,Тимур Аскеров,Стрижка + борода,2100,5966,онлайн,выполнена
2382,05.06.2026,17:45,Заречная,Марк Дёмин,Стрижка мужская,1400,5321,онлайн,выполнена
2383,05.06.2026,12:00,Заречная,Марк Дёмин,Оформление бороды,900,5255,онлайн,выполнена
2384,05.06.2026,14:30,Северный,Олег Рыбак,Оформление бороды,900,6091,телефон,выполнена
2385,2026-06-05,10:45,Центр,Иван Петров,Стрижка мужская,1400,5404,без записи,выполнена
2386,05.06.2026,12:45,Северный,Олег Рыбак,Стрижка детская,1000,5924,онлайн,выполнена
2387,05.06.2026,11:15,Северный,Роман Швец,Стрижка + борода,2100,5088,телефон,выполнена
2388,05.06.2026,12:15,Северный,Роман Швец,Стрижка мужская,1400,6375,телефон,выполнена
2389,05.06.2026,11:15,Центр,Иван П.,Стрижка + борода,2100,6013,онлайн,выполнена
2390,05.06.2026,16:00,Заречная,Марк Дёмин,Стрижка мужская,1400,5185,онлайн,выполнена
2391,05.06.2026,11:30,Северный,Олег Рыбак,Стрижка мужская,1400,5405,телефон,выполнена
2392,05.06.2026,19:45,Заречная,Тимур А.,Стрижка мужская,1400,5678,онлайн,выполнена
2393,05.06.2026,16:45,Центр,Иван П.,Стрижка мужская,1400,5459,телефон,выполнена
2394,05.06.2026,14:45,Северный,Данила Ким,Стрижка мужская,1400,6075,онлайн,выполнена
2395,05.06.2026,10:30,Центр,Артём Соколов,Стрижка мужская,1400,5020,онлайн,выполнена
2396,05.06.2026,13:45,Центр,иван петров,Стрижка + борода,2100,5216,без записи,выполнена
2397,06.06.2026,14:45,Северный,Олег Рыбак,Стрижка мужская,1400,6233,онлайн,выполнена
2398,06.06.2026,13:15,Заречная,ТИМУР АСКЕРОВ,Оформление бороды,900,5969,онлайн,выполнена
2399,06.06.2026,12:45,Северный,Олег Рыбак,Стрижка мужская,1400,5026,онлайн,отменена
2400,06.06.2026,13:30,Заречная,Марк Дёмин,Стрижка мужская,1400,5305,онлайн,выполнена
2401,06.06.2026,11:45,Северный,Данила Ким,Стрижка мужская,1400,5059,онлайн,выполнена
2402,06.06.2026,16:00,Центр,Лев Гаврилов,Стрижка мужская,1400,6383,без записи,выполнена
2403,06.06.2026,17:30,Заречная,ТИМУР АСКЕРОВ,Стрижка детская,1000,6185,без записи,выполнена
2404,06.06.2026,15:15,Северный,Олег Рыбак,Стрижка мужская,1400,5003,онлайн,выполнена
2405,06.06.2026,15:45,Северный,Д. Ким,Оформление бороды,"900,00",5793,без записи,выполнена
2406,06.06.2026,11:45,Заречная,Марк Дёмин,Оформление бороды,900,6002,онлайн,выполнена
2407,06.06.2026,17:15,Северный,Роман Швец,Стрижка + борода,2100,5676,телефон,выполнена
2408,2026-06-06,16:00,Заречная,Марк Дёмин,Стрижка + борода,1890,5415,телефон,выполнена
2409,2026-06-06,15:15,Северный,Роман Швец,Стрижка + борода,2310,6036,онлайн,выполнена
2410,06.06.2026,14:00,Центр,Лев Гаврилов,Стрижка + борода,2310,5137,онлайн,выполнена
2411,06.06.2026,18:30,Заречная,Тимур А.,Стрижка мужская,"1400,00",5371,без записи,выполнена
2412,06.06.2026,17:00,Центр,Артём Соколов,Стрижка мужская,1540 р.,5842,телефон,выполнена
2413,06.06.2026,17:45,Заречная,Марк Дёмин,Стрижка мужская,1400 р.,5489,онлайн,выполнена
2414,06.06.2026,20:15,Заречная,ТИМУР АСКЕРОВ,Стрижка машинкой,700,6200,онлайн,выполнена
2415,06.06.2026,15:00,Заречная,ТИМУР АСКЕРОВ,Стрижка мужская,"1400,00",5266,онлайн,выполнена
2416,06.06.2026,18:00,Центр,Артём Соколов,Стрижка мужская,1400 р.,5108,онлайн,выполнена
2417,06.06.2026,15:00,Центр, Иван Петров,Бритьё опасной бритвой,1105,5376,без записи,выполнена
2418,06.06.2026,18:00,Северный,Олег Рыбак,Стрижка мужская,1260,6180,телефон,выполнена
2419,06.06.2026,20:00,Заречная,Марк Дёмин,Стрижка детская,1000,5769,онлайн,выполнена
2420,2026-06-07,13:45,Северный,Роман Швец,Камуфляж седины,1760,5468,онлайн,выполнена
2421,07.06.2026,10:30,Центр,Артём Соколов,Стрижка + борода,2100,5279,онлайн,выполнена
2422,07.06.2026,18:45,Центр,Лев Гаврилов,Стрижка мужская,1400,5169,без записи,выполнена
2423,07.06.2026,20:00,Заречная,Марк Дёмин,Камуфляж седины,1600,5841,без записи,выполнена
2424,07.06.2026,18:15,Заречная,Тимур Аскеров,Тонирование,1800,6222,телефон,выполнена
2425,07.06.2026,11:00,Центр,Лев Гаврилов,Тонирование,1800,5026,телефон,выполнена
2426,07.06.2026,14:30,Центр,Артём Соколов,Стрижка мужская,"1400,00",5726,онлайн,выполнена
2427,07.06.2026,10:15,Центр,Иван Петров,Стрижка + борода,2100 р.,5469,онлайн,выполнена
2428,07.06.2026,18:45,Центр,Иван Петров,Оформление бороды,900,5334,онлайн,выполнена
2429,07.06.2026,19:45,Северный,Роман Швец,Стрижка + борода,2100,6429,телефон,выполнена
2430,07.06.2026,11:15,Центр,Артём Соколов,Стрижка мужская,1540,5315,онлайн,выполнена
2431,07.06.2026,20:30,Центр,Артём Соколов,Оформление бороды,900,6025,без записи,выполнена
2432,07.06.2026,16:30,Центр,Иван Петров,Стрижка мужская,1400,6349,онлайн,выполнена
2433,07.06.2026,17:00,Центр,Иван П.,Тонирование,1800,6219,телефон,выполнена
2434,07.06.2026,14:00,Центр,Лев Гаврилов,Стрижка машинкой,700,5777,онлайн,выполнена
2435,07.06.2026,15:00,Центр,Лев Гаврилов,Стрижка мужская,1400,5723,телефон,выполнена
2436,2026-06-07,10:00,Северный,Данила Ким,Стрижка мужская,1400,5821,онлайн,выполнена
2437,07.06.2026,19:00,Северный,Роман Швец,Бритьё опасной бритвой,1300,5141,телефон,выполнена
2438,07.06.2026,18:30,Заречная,Марк Дёмин,Стрижка мужская,1190,5161,онлайн,выполнена
2439,2026-06-07,17:00,Центр,иван петров,Оформление бороды,900,6188,онлайн,выполнена
2440,08.06.2026,19:30,Северный,Олег Рыбак,Камуфляж седины,1440 р.,5262,онлайн,отменена
2441,08.06.2026,15:15,Заречная,Марк Дёмин,Бритьё опасной бритвой,"1300,00",5571,онлайн,выполнена
2442,2026-06-08,13:45,Северный,Д. Ким,Бритьё опасной бритвой,1300,6438,онлайн,выполнена
2443,2026-06-08,18:45,Центр,Лев Гаврилов,Стрижка мужская,1400,5831,телефон,выполнена
2444,08.06.2026,12:15,Заречная,ТИМУР АСКЕРОВ,Стрижка + борода,1680,6216,телефон,выполнена
2445,2026-06-08,18:30,Заречная,ТИМУР АСКЕРОВ,Стрижка мужская,1400,6288,без записи,выполнена
2446,08.06.2026,18:45,Центр,Артём Соколов,Стрижка + борода,1890 р.,5823,онлайн,выполнена
2447,08.06.2026,20:00,Северный,Олег Рыбак,Стрижка мужская,1400,5363,онлайн,выполнена
2448,08.06.2026,18:30,Заречная,Тимур Аскеров,Стрижка детская,1000,5893,онлайн,выполнена
2449,2026-06-08,16:45,Центр,Артём Соколов,Камуфляж седины,1600,6324,телефон,выполнена
2450,09.06.2026,11:15,Центр,Лев Гаврилов,Стрижка + борода,2100 р.,5853,онлайн,выполнена
2451,09.06.2026,14:45,Северный,Олег Рыбак,Стрижка мужская,1400,5107,без записи,выполнена
2452,09.06.2026,15:45,Центр,Артём Соколов,Стрижка + борода,2100,5464,онлайн,выполнена
2453,09.06.2026,17:30,Заречная,Марк Дёмин,Стрижка мужская,1400,5669,телефон,выполнена
2454,09.06.2026,12:30,Северный,Олег Рыбак,Камуфляж седины,1600 р.,5839,телефон,выполнена
2455,09.06.2026,17:45,Центр,Артём Соколов,Стрижка мужская,1400,5804,онлайн,выполнена
2456,2026-06-09,20:00,Центр,Иван Петров,Стрижка мужская,"1400,00",5638,онлайн,выполнена
2457,09.06.2026,16:00,Заречная,Тимур Аскеров,Оформление бороды,900,5323,без записи,выполнена
2458,09.06.2026,14:45,Заречная,Тимур Аскеров,Оформление бороды,900 р.,5844,онлайн,выполнена
2459,09.06.2026,19:00,Центр,Артём Соколов,Оформление бороды,900,6162,онлайн,выполнена
2460,09.06.2026,20:45,Центр,Иван П.,Стрижка мужская,1400,5160,без записи,выполнена
2461,09.06.2026,20:00,Центр, Иван Петров,Стрижка + борода,2100,5742,без записи,неявка
2462,2026-06-09,20:30,Центр,иван петров,Стрижка мужская,1190,5839,онлайн,выполнена
2463,09.06.2026,15:45,Центр,Артём Соколов,Стрижка + борода,2100,6024,онлайн,выполнена
2464,09.06.2026,15:30,Заречная,Марк Дёмин,Стрижка мужская,1400,5490,без записи,выполнена
2465,09.06.2026,17:30,Центр,Лев Гаврилов,Стрижка + борода,2100,6031,онлайн,выполнена
2466,2026-06-10,20:30,Заречная,Марк Дёмин,Стрижка мужская,1400,6304,онлайн,выполнена
2467,10.06.2026,19:45,Заречная,Тимур А.,Оформление бороды,900 р.,5611,онлайн,выполнена
2468,10.06.2026,15:15,Северный,Олег Рыбак,Стрижка + борода,1890,5185,без записи,выполнена
2469,10.06.2026,15:45,Северный,Олег Рыбак,Стрижка мужская,1400,6193,онлайн,выполнена
2470,10.06.2026,19:15,Центр,Артём Соколов,Стрижка + борода,2100,6302,без записи,выполнена
2471,10.06.2026,14:00,Заречная,Марк Дёмин,Стрижка детская,1000,5121,онлайн,выполнена
2472,10.06.2026,16:00,Заречная,Марк Дёмин,Стрижка + борода,2100,5365,онлайн,выполнена
2473,10.06.2026,18:15,Северный,Данила Ким,Стрижка мужская,1400,5266,телефон,выполнена
2474,10.06.2026,16:45,Заречная,ТИМУР АСКЕРОВ,Стрижка + борода,2100,5148,онлайн,выполнена
2475,10.06.2026,14:45,Северный,Данила Ким,Стрижка мужская,1400,5212,без записи,выполнена
2476,10.06.2026,11:30,Северный,Роман Швец,Камуфляж седины,1600,5383,онлайн,выполнена
2477,2026-06-10,13:45,Заречная,Марк Дёмин,Стрижка мужская,1400,5916,онлайн,выполнена
2478,10.06.2026,19:00,Центр,Артём Соколов,Стрижка детская,1000,5633,онлайн,выполнена
2479,2026-06-10,11:30,Заречная,Марк Дёмин,Стрижка + борода,2100,5527,без записи,выполнена
2480,11.06.2026,15:30,Заречная,Марк Дёмин,Стрижка мужская,1400,5026,телефон,выполнена
2481,11.06.2026,12:00,Заречная,Тимур А.,Стрижка мужская,1400,5167,телефон,выполнена
2482,11.06.2026,20:45,Северный,Олег Рыбак,Стрижка мужская,1400 р.,5591,онлайн,отменена
2483,11.06.2026,20:45,Центр, Иван Петров,Камуфляж седины,1600,6109,без записи,выполнена
2484,11.06.2026,17:00,Северный,Роман Швец,Стрижка + борода,2100,6300,без записи,выполнена
2485,2026-06-11,10:30,Северный,Олег Рыбак,Стрижка + борода,2100,5123,телефон,выполнена
2486,11.06.2026,18:15,Северный,Роман Швец,Бритьё опасной бритвой,1300,6247,онлайн,выполнена
2487,11.06.2026,17:00,Северный,Роман Швец,Оформление бороды,900 р.,5860,без записи,выполнена
2488,11.06.2026,15:45,Центр,Иван П.,Стрижка мужская,1400 р.,5444,онлайн,выполнена
2489,11.06.2026,15:00,Центр,Иван Петров,Стрижка мужская,1400,6020,телефон,отменена
2490,11.06.2026,20:15,Северный,Роман Швец,Стрижка + борода,2100,6450,без записи,выполнена
2491,11.06.2026,15:30,Центр,Артём Соколов,Стрижка мужская,1400,5721,без записи,выполнена
2492,11.06.2026,17:30,Центр,Иван Петров,Стрижка + борода,2100,5290,телефон,выполнена
2493,11.06.2026,18:30,Северный,Роман Швец,Стрижка + борода,2100,6259,онлайн,неявка
2494,11.06.2026,16:30,Заречная,Тимур А.,Камуфляж седины,1600,5837,онлайн,выполнена
2495,12.06.2026,17:30,Центр,Лев Гаврилов,Бритьё опасной бритвой,1300,6423,онлайн,выполнена
2496,2026-06-12,18:15,Заречная,Тимур А.,Стрижка мужская,1400 р.,5137,телефон,выполнена
2497,2026-06-12,12:15,Заречная,Марк Дёмин,Оформление бороды,900,5970,онлайн,выполнена
2498,12.06.2026,15:00,Центр,Иван П.,Оформление бороды,900,5010,без записи,выполнена
2499,12.06.2026,20:15,Центр,Артём Соколов,Стрижка мужская,1400,6334,телефон,выполнена
2500,12.06.2026,18:00,Центр,Иван П.,Стрижка мужская,1400 р.,5754,без записи,отменена
2501,12.06.2026,18:15,Северный,Д. Ким,Стрижка мужская,1400,5570,онлайн,выполнена
2502,12.06.2026,18:00,Северный,Д. Ким,Стрижка мужская,1260,6277,без записи,выполнена
2503,12.06.2026,16:15,Центр,иван петров,Стрижка мужская,1400,5758,онлайн,выполнена
2504,12.06.2026,15:45,Заречная,Марк Дёмин,Стрижка + борода,2100,5946,онлайн,выполнена
2505,12.06.2026,18:45,Северный,Олег Рыбак,Стрижка мужская,1400,5730,онлайн,выполнена
2506,12.06.2026,19:00,Центр,Артём Соколов,Стрижка детская,1000,6043,без записи,отменена
2507,12.06.2026,10:30,Центр,Лев Гаврилов,Стрижка + борода,2100,6098,телефон,выполнена
2508,12.06.2026,16:00,Центр,Артём Соколов,Камуфляж седины,1600 р.,5718,онлайн,выполнена
2509,12.06.2026,16:30,Центр,Артём Соколов,Стрижка + борода,2100,6146,телефон,выполнена
2510,12.06.2026,19:45,Центр,Лев Гаврилов,Оформление бороды,900,5098,онлайн,выполнена
2511,12.06.2026,16:00,Центр,Артём Соколов,Оформление бороды,900,5324,онлайн,выполнена
2512,12.06.2026,16:00,Северный,Олег Рыбак,Стрижка машинкой,700,5726,онлайн,выполнена
2513,12.06.2026,16:15,Центр,Лев Гаврилов,Оформление бороды,900 р.,6340,телефон,выполнена
2514,12.06.2026,12:45,Центр,Артём Соколов,Стрижка мужская,1400,5235,без записи,отменена
2515,12.06.2026,17:00,Северный,Роман Швец,Стрижка + борода,2100,5842,телефон,выполнена
2516,12.06.2026,18:30,Центр,Иван П.,Бритьё опасной бритвой,1105,5151,без записи,выполнена
2517,12.06.2026,11:30,Заречная,Тимур А.,Тонирование,1800,6052,онлайн,выполнена
2518,12.06.2026,20:45,Центр,Артём Соколов,Стрижка детская,1000,6177,телефон,выполнена
2519,2026-06-13,18:00,Северный,Роман Швец,Стрижка мужская,1400,5032,онлайн,выполнена
2520,13.06.2026,13:30,Центр,Иван П.,Стрижка мужская,1400,5315,телефон,выполнена
2521,13.06.2026,10:45,Заречная,Марк Дёмин,Тонирование,1980,5137,телефон,выполнена
2522,13.06.2026,20:30,Северный,Д. Ким,Стрижка мужская,1400,5808,онлайн,выполнена
2523,13.06.2026,17:15,Центр,Артём Соколов,Стрижка детская,1100,6119,телефон,выполнена
2524,13.06.2026,16:30,Северный,Роман Швец,Стрижка мужская,1400,5375,телефон,выполнена
2525,13.06.2026,17:30,Заречная,Марк Дёмин,Бритьё опасной бритвой,"1430,00",5181,телефон,выполнена
2526,13.06.2026,12:15,Центр,Лев Гаврилов,Стрижка детская,1100,5495,без записи,выполнена
2527,2026-06-13,19:45,Северный,Роман Швец,Стрижка мужская,1400,5081,без записи,неявка
2528,13.06.2026,11:00,Центр,Лев Гаврилов,Оформление бороды,765,6051,телефон,выполнена
2529,13.06.2026,15:15,Заречная,Марк Дёмин,Стрижка + борода,"2310,00",5142,онлайн,выполнена
2530,13.06.2026,13:00,Заречная,Тимур А.,Стрижка мужская,1400,5998,онлайн,выполнена
2531,13.06.2026,18:00,Центр,Артём Соколов,Оформление бороды,900,5512,без записи,выполнена
2532,13.06.2026,13:30,Северный,Данила Ким,Стрижка + борода,2100,5335,без записи,выполнена
2533,13.06.2026,18:30,Центр,Лев Гаврилов,Стрижка мужская,1190,5429,онлайн,выполнена
2534,13.06.2026,11:30,Центр, Иван Петров,Стрижка мужская,1400,5721,онлайн,отменена
2535,13.06.2026,20:00,Центр,Лев Гаврилов,Тонирование,1800,5130,онлайн,выполнена
2536,2026-06-13,13:45,Заречная,Тимур А.,Стрижка детская,1000,6446,онлайн,выполнена
2537,13.06.2026,11:15,Северный,Д. Ким,Стрижка машинкой,700,5208,телефон,выполнена
2538,13.06.2026,14:15,Северный,Данила Ким,Стрижка мужская,1400,6229,онлайн,выполнена
2539,13.06.2026,11:15,Центр,Лев Гаврилов,Тонирование,1800,6182,телефон,выполнена
2540,13.06.2026,13:00,Центр,Лев Гаврилов,Стрижка мужская,1400,5663,онлайн,выполнена
2541,13.06.2026,10:00,Заречная,Марк Дёмин,Стрижка мужская,"1400,00",5367,онлайн,выполнена
2542,13.06.2026,18:45,Центр,Лев Гаврилов,Стрижка мужская,1540,5382,онлайн,отменена
2543,13.06.2026,18:15,Северный,Олег Рыбак,Стрижка + борода,2100 р.,5465,онлайн,выполнена
2544,13.06.2026,12:00,Северный,Олег Рыбак,Стрижка + борода,2100,5452,телефон,выполнена
2545,2026-06-13,20:45,Заречная,ТИМУР АСКЕРОВ,Бритьё опасной бритвой,1170,5834,онлайн,выполнена
2546,13.06.2026,16:30,Центр,Иван Петров,Оформление бороды,900,5448,онлайн,выполнена
2547,2026-06-13,17:30,Центр,Артём Соколов,Стрижка мужская,1400,5305,без записи,выполнена
2548,13.06.2026,17:30,Заречная,Тимур А.,Стрижка мужская,1400,5256,телефон,выполнена
2549,14.06.2026,18:00,Северный,Данила Ким,Стрижка + борода,2100,5155,онлайн,отменена
2550,14.06.2026,19:45,Северный,Роман Швец,Стрижка + борода,2100,5403,без записи,выполнена
2551,14.06.2026,13:45,Центр,Артём Соколов,Стрижка + борода,2310 р.,5622,без записи,отменена
2552,2026-06-14,15:00,Северный,Роман Швец,Стрижка + борода,2100,5514,телефон,выполнена
2553,14.06.2026,17:00,Центр, Иван Петров,Стрижка мужская,1540,5564,телефон,выполнена
2554,14.06.2026,17:30,Северный,Олег Рыбак,Стрижка мужская,1400,6155,телефон,выполнена
2555,14.06.2026,13:30,Заречная,Марк Дёмин,Оформление бороды,765,5496,онлайн,выполнена
2556,14.06.2026,16:30,Северный,Данила Ким,Стрижка + борода,2310,5289,онлайн,выполнена
2557,14.06.2026,13:45,Заречная,ТИМУР АСКЕРОВ,Стрижка детская,1000 р.,5640,онлайн,выполнена
2558,2026-06-14,19:45,Северный,Роман Швец,Стрижка + борода,2100,6208,телефон,выполнена
2559,14.06.2026,18:30,Центр,Лев Гаврилов,Стрижка мужская,1540 р.,6202,без записи,выполнена
2560,2026-06-14,11:45,Центр,Лев Гаврилов,Стрижка + борода,2100,6030,онлайн,выполнена
2561,2026-06-14,11:15,Заречная,ТИМУР АСКЕРОВ,Оформление бороды,765,5883,онлайн,выполнена
2562,14.06.2026,14:15,Центр,иван петров,Стрижка + борода,2310,5932,телефон,выполнена
2563,14.06.2026,18:00,Северный,Данила Ким,Стрижка мужская,1260,5996,онлайн,выполнена
2564,14.06.2026,12:45,Заречная,Тимур Аскеров,Стрижка мужская,1540,5496,онлайн,выполнена
2565,14.06.2026,13:30,Заречная,Тимур А.,Стрижка мужская,1260,5468,онлайн,выполнена
2566,14.06.2026,14:15,Заречная,Марк Дёмин,Стрижка мужская,1400,5620,телефон,выполнена
2567,2026-06-14,11:00,Заречная,Марк Дёмин,Стрижка мужская,1400,5366,без записи,выполнена
2568,14.06.2026,15:00,Центр,Лев Гаврилов,Стрижка + борода,2100 р.,5412,телефон,выполнена
2569,14.06.2026,18:30,Центр,Лев Гаврилов,Стрижка мужская,1540,5144,онлайн,выполнена
2570,14.06.2026,16:30,Заречная,Марк Дёмин,Стрижка детская,1100,6305,онлайн,выполнена
2571,2026-06-14,16:45,Центр,Артём Соколов,Бритьё опасной бритвой,1300,5552,онлайн,выполнена
2572,14.06.2026,10:30,Центр,Артём Соколов,Стрижка детская,1000,5677,онлайн,выполнена
2573,14.06.2026,17:30,Северный,Роман Швец,Стрижка мужская,1540,6093,онлайн,выполнена
2574,14.06.2026,10:45,Северный,Данила Ким,Стрижка детская,1100,6194,телефон,выполнена
2575,2026-06-15,15:45,Центр,Артём Соколов,Камуфляж седины,1600,5512,онлайн,выполнена
2576,15.06.2026,18:00,Северный,Олег Рыбак,Стрижка машинкой,700 р.,6375,онлайн,выполнена
2577,15.06.2026,15:15,Центр,Лев Гаврилов,Стрижка + борода,2100,5078,онлайн,выполнена
2578,15.06.2026,12:45,Центр,Иван П.,Тонирование,1800,5411,онлайн,выполнена
2579,15.06.2026,19:45,Северный,Д. Ким,Стрижка + борода,2100,6269,телефон,выполнена
2580,15.06.2026,11:30,Заречная,Марк Дёмин,Стрижка мужская,1400,5080,онлайн,выполнена
2581,15.06.2026,17:00,Заречная,Марк Дёмин,Оформление бороды,900,6146,телефон,отменена
2582,15.06.2026,11:30,Центр,Иван Петров,Бритьё опасной бритвой,"1300,00",6439,онлайн,выполнена
2583,16.06.2026,17:45,Заречная,Тимур А.,Стрижка + борода,2100,5733,телефон,выполнена
2584,2026-06-16,18:30,Северный,Д. Ким,Стрижка мужская,1400,6302,без записи,выполнена
2585,16.06.2026,12:15,Заречная,Марк Дёмин,Бритьё опасной бритвой,1300,5239,телефон,выполнена
2586,16.06.2026,20:00,Центр, Иван Петров,Стрижка + борода,2100,6365,телефон,выполнена
2587,16.06.2026,13:30,Центр, Иван Петров,Стрижка мужская,1400,5047,телефон,выполнена
2588,16.06.2026,20:30,Заречная,Марк Дёмин,Стрижка мужская,1400,6438,телефон,выполнена
2589,16.06.2026,13:15,Центр,Артём Соколов,Стрижка + борода,2100,6322,онлайн,выполнена
2590,2026-06-16,19:45,Центр,Артём Соколов,Камуфляж седины,1600,5747,телефон,выполнена
2591,16.06.2026,13:00,Центр,Лев Гаврилов,Стрижка машинкой,700,5428,телефон,выполнена
2592,16.06.2026,18:00,Заречная,Тимур Аскеров,Оформление бороды,900,5963,без записи,выполнена
2593,17.06.2026,13:45,Центр,Лев Гаврилов,Стрижка мужская,1400,6237,онлайн,выполнена
2594,17.06.2026,10:30,Северный,Олег Рыбак,Стрижка + борода,1680,5360,онлайн,выполнена
2595,17.06.2026,18:00,Центр,Лев Гаврилов,Стрижка мужская,1260,5225,телефон,выполнена
2596,17.06.2026,13:45,Центр,Артём Соколов,Оформление бороды,900,5855,онлайн,выполнена
2597,17.06.2026,18:15,Центр,Лев Гаврилов,Стрижка детская,1000,6131,телефон,неявка
2598,17.06.2026,15:15,Заречная,Тимур А.,Оформление бороды,900,6167,онлайн,отменена
2599,17.06.2026,17:30,Центр,Артём Соколов,Стрижка мужская,"1400,00",5985,онлайн,выполнена
2600,2026-06-17,15:15,Северный,Д. Ким,Камуфляж седины,1600,5521,телефон,выполнена
2601,17.06.2026,13:15,Центр,Лев Гаврилов,Стрижка + борода,2100,5589,телефон,выполнена
2602,17.06.2026,16:45,Заречная,Марк Дёмин,Стрижка мужская,1400,5323,онлайн,выполнена
2603,17.06.2026,17:15,Северный,Роман Швец,Стрижка мужская,1400,5379,онлайн,выполнена
2604,18.06.2026,10:15,Центр,Иван П.,Стрижка мужская,1400,5161,онлайн,выполнена
2605,18.06.2026,19:30,Заречная,Тимур А.,Оформление бороды,900,5369,онлайн,выполнена
2606,18.06.2026,16:45,Центр,иван петров,Стрижка + борода,"2100,00",5255,телефон,выполнена
2607,2026-06-18,17:15,Центр,Артём Соколов,Стрижка мужская,1400 р.,5011,онлайн,выполнена
2608,18.06.2026,15:15,Центр,Лев Гаврилов,Стрижка мужская,1400,5034,онлайн,выполнена
2609,2026-06-18,12:15,Заречная,Тимур А.,Стрижка мужская,1400,6149,онлайн,выполнена
2610,18.06.2026,20:00,Центр,Артём Соколов,Стрижка + борода,2100,6111,телефон,выполнена
2611,18.06.2026,13:00,Центр,Артём Соколов,Камуфляж седины,1600,6433,онлайн,выполнена
2612,18.06.2026,20:30,Северный,Олег Рыбак,Оформление бороды,720,5989,телефон,выполнена
2613,18.06.2026,12:00,Центр,Артём Соколов,Стрижка мужская,1400,5790,онлайн,выполнена
2614,18.06.2026,15:00,Заречная,Марк Дёмин,Стрижка + борода,2100,5856,телефон,выполнена
2615,18.06.2026,12:15,Центр,Иван П.,Стрижка + борода,2100,5471,телефон,выполнена
2616,18.06.2026,16:30,Заречная,Тимур А.,Стрижка детская,"1000,00",5946,онлайн,выполнена
2617,18.06.2026,15:30,Центр,Иван Петров,Стрижка детская,850,5966,онлайн,выполнена
2618,18.06.2026,13:00,Центр,Артём Соколов,Оформление бороды,900,5034,онлайн,выполнена
2619,2026-06-18,19:30,Северный,Д. Ким,Стрижка + борода,2100 р.,5919,онлайн,выполнена
2620,19.06.2026,14:45,Центр,Иван П.,Стрижка + борода,2100,5323,онлайн,выполнена
2621,19.06.2026,19:30,Центр,Артём Соколов,Стрижка + борода,2100,5988,онлайн,выполнена
2622,19.06.2026,11:45,Центр,Артём Соколов,Бритьё опасной бритвой,1300 р.,6412,без записи,выполнена
2623,19.06.2026,18:00,Центр,иван петров,Стрижка детская,1000,6291,онлайн,отменена
2624,19.06.2026,20:15,Заречная,Марк Дёмин,Стрижка мужская,1400,6405,без записи,выполнена
2625,19.06.2026,16:45,Северный,Олег Рыбак,Стрижка мужская,1400,6146,онлайн,отменена
2626,19.06.2026,18:15,Заречная,ТИМУР АСКЕРОВ,Стрижка мужская,1400,6062,онлайн,выполнена
2627,2026-06-19,20:15,Северный,Данила Ким,Стрижка мужская,1400,5846,телефон,выполнена
2628,2026-06-19,16:30,Центр,Артём Соколов,Стрижка мужская,1400,5180,телефон,выполнена
2629,19.06.2026,14:00,Северный,Данила Ким,Оформление бороды,765,5784,онлайн,выполнена
2630,19.06.2026,17:15,Северный,Роман Швец,Стрижка + борода,2100,6426,онлайн,выполнена
2631,19.06.2026,16:45,Северный,Данила Ким,Стрижка + борода,2100,5777,онлайн,выполнена
2632,19.06.2026,17:15,Центр,Лев Гаврилов,Стрижка + борода,2100,6326,онлайн,выполнена
2633,19.06.2026,12:45,Центр, Иван Петров,Бритьё опасной бритвой,1170,5259,телефон,выполнена
2634,19.06.2026,12:45,Центр,Иван П.,Стрижка + борода,1785,5786,телефон,выполнена
2635,2026-06-19,18:45,Центр,Артём Соколов,Стрижка мужская,1400,5068,без записи,выполнена
2636,19.06.2026,10:30,Северный,Олег Рыбак,Оформление бороды,720,6255,онлайн,выполнена
2637,19.06.2026,13:30,Северный,Олег Рыбак,Стрижка + борода,2100,5973,телефон,выполнена
2638,19.06.2026,14:45,Заречная,Марк Дёмин,Оформление бороды,900 р.,5206,телефон,выполнена
2639,20.06.2026,17:45,Центр,Лев Гаврилов,Стрижка мужская,1400,6147,онлайн,выполнена
2640,20.06.2026,12:15,Центр,Артём Соколов,Тонирование,1800 р.,6358,онлайн,выполнена
2641,20.06.2026,16:00,Северный,Роман Швец,Тонирование,1800,6222,телефон,выполнена
2642,20.06.2026,18:15,Центр,Лев Гаврилов,Стрижка детская,1100,6153,онлайн,выполнена
2643,20.06.2026,20:45,Заречная,Марк Дёмин,Камуфляж седины,1600,5338,онлайн,выполнена
2644,20.06.2026,15:00,Центр, Иван Петров,Стрижка детская,1100,5639,онлайн,выполнена
2645,20.06.2026,18:00,Заречная,Марк Дёмин,Оформление бороды,900,6204,онлайн,выполнена
2646,2026-06-20,13:30,Заречная,Марк Дёмин,Стрижка мужская,1120,5252,телефон,выполнена
2647,20.06.2026,16:15,Центр,Артём Соколов,Стрижка мужская,1400,5694,онлайн,выполнена
2648,20.06.2026,14:45,Северный,Олег Рыбак,Стрижка мужская,1400,6240,телефон,выполнена
2649,20.06.2026,18:30,Центр,Артём Соколов,Стрижка мужская,1400 р.,5995,онлайн,выполнена
2650,20.06.2026,15:15,Заречная,Марк Дёмин,Стрижка мужская,1400,6255,онлайн,выполнена
2651,20.06.2026,13:30,Центр,иван петров,Стрижка машинкой,700 р.,5248,онлайн,выполнена
2652,20.06.2026,12:00,Северный,Роман Швец,Стрижка мужская,1400,5451,телефон,выполнена
2653,20.06.2026,12:45,Заречная,Марк Дёмин,Камуфляж седины,1600,5867,без записи,выполнена
2654,20.06.2026,16:15,Северный,Данила Ким,Стрижка мужская,1540,6317,телефон,выполнена
2655,20.06.2026,19:15,Заречная,Тимур А.,Стрижка мужская,1400,5592,онлайн,выполнена
2656,20.06.2026,14:15,Северный,Роман Швец,Стрижка + борода,1785,5935,онлайн,выполнена
2657,20.06.2026,20:00,Центр,иван петров,Стрижка + борода,2100,6312,онлайн,выполнена
2658,20.06.2026,18:15,Центр, Иван Петров,Стрижка + борода,1680 р.,5151,телефон,неявка
2659,20.06.2026,11:00,Центр,иван петров,Стрижка мужская,1400,5743,телефон,выполнена
2660,20.06.2026,18:15,Заречная,Марк Дёмин,Стрижка + борода,2100,6312,онлайн,выполнена
2661,20.06.2026,17:45,Северный,Данила Ким,Стрижка + борода,1680,5654,онлайн,выполнена
2662,20.06.2026,15:30,Северный,Роман Швец,Стрижка мужская,1400,5658,онлайн,неявка
2663,2026-06-20,12:00,Северный,Роман Швец,Камуфляж седины,1760,5150,телефон,выполнена
2664,20.06.2026,18:00,Центр,Лев Гаврилов,Стрижка мужская,1400,6229,телефон,выполнена
2665,20.06.2026,12:00,Заречная,Марк Дёмин,Бритьё опасной бритвой,1430,5360,онлайн,выполнена
2666,20.06.2026,13:15,Центр,Артём Соколов,Стрижка мужская,1540 р.,5504,онлайн,выполнена
2667,21.06.2026,16:15,Центр,Артём Соколов,Оформление бороды,765,5011,телефон,выполнена
2668,21.06.2026,19:45,Заречная,Тимур Аскеров,Стрижка + борода,2100,5757,онлайн,выполнена
2669,21.06.2026,14:00,Центр,Иван П.,Стрижка мужская,1400,6313,телефон,выполнена
2670,21.06.2026,19:15,Центр,Лев Гаврилов,Камуфляж седины,1600,5288,без записи,выполнена
2671,21.06.2026,13:15,Северный,Роман Швец,Оформление бороды,900,6211,без записи,выполнена
2672,21.06.2026,18:15,Северный,Олег Рыбак,Стрижка + борода,2310,5436,телефон,выполнена
2673,21.06.2026,16:15,Северный,Олег Рыбак,Бритьё опасной бритвой,1430,5070,онлайн,выполнена
2674,2026-06-21,15:30,Заречная,Марк Дёмин,Оформление бороды,900,6348,онлайн,выполнена
2675,2026-06-21,16:00,Центр,Иван П.,Стрижка мужская,1190,6096,без записи,выполнена
2676,21.06.2026,18:30,Северный,Олег Рыбак,Бритьё опасной бритвой,1300,6221,онлайн,выполнена
2677,21.06.2026,15:00,Центр,Лев Гаврилов,Оформление бороды,765,5144,телефон,выполнена
2678,21.06.2026,15:45,Заречная,Тимур Аскеров,Стрижка мужская,1400,6267,онлайн,выполнена
2679,21.06.2026,20:15,Заречная,Марк Дёмин,Оформление бороды,900,6025,телефон,выполнена
2680,2026-06-21,17:30,Северный,Данила Ким,Стрижка детская,1000 р.,6232,онлайн,выполнена
2681,21.06.2026,18:15,Центр,Артём Соколов,Оформление бороды,900,5291,онлайн,выполнена
2682,21.06.2026,17:00,Северный,Роман Швец,Стрижка мужская,1400,5917,телефон,выполнена
2683,21.06.2026,14:45,Заречная,Тимур Аскеров,Стрижка мужская,1540,6372,онлайн,выполнена
2684,21.06.2026,12:00,Центр,Лев Гаврилов,Стрижка детская,1000,5779,онлайн,выполнена
2685,21.06.2026,19:30,Северный,Олег Рыбак,Стрижка + борода,2100,5527,онлайн,выполнена
2686,21.06.2026,19:00,Северный,Данила Ким,Стрижка мужская,1400,6393,онлайн,выполнена
2687,21.06.2026,12:30,Северный,Данила Ким,Стрижка машинкой,700,5989,телефон,выполнена
2688,21.06.2026,10:15,Северный,Данила Ким,Оформление бороды,900 р.,5034,без записи,выполнена
2689,21.06.2026,18:15,Северный,Роман Швец,Стрижка мужская,1540,5812,онлайн,выполнена
2690,2026-06-21,14:30,Заречная,Тимур Аскеров,Оформление бороды,990,6014,без записи,выполнена
2691,22.06.2026,17:30,Центр,Лев Гаврилов,Стрижка мужская,1400,5687,без записи,выполнена
2692,22.06.2026,17:00,Заречная,Тимур Аскеров,Стрижка мужская,1400,5678,онлайн,выполнена
2693,22.06.2026,17:15,Центр,Артём Соколов,Оформление бороды,810,6426,онлайн,выполнена
2694,22.06.2026,15:45,Центр,Артём Соколов,Оформление бороды,900,6289,телефон,неявка
2695,22.06.2026,17:00,Центр, Иван Петров,Бритьё опасной бритвой,1300,6282,онлайн,выполнена
2696,2026-06-22,17:15,Центр,Лев Гаврилов,Стрижка машинкой,700,6433,онлайн,выполнена
2697,22.06.2026,12:45,Северный,Олег Рыбак,Стрижка + борода,2100 р.,5124,онлайн,выполнена
2698,2026-06-22,17:45,Центр, Иван Петров,Стрижка + борода,2100,5348,онлайн,выполнена
2699,2026-06-22,20:45,Заречная,Марк Дёмин,Стрижка мужская,1400,5807,телефон,неявка
2700,2026-06-23,18:00,Северный,Роман Швец,Стрижка + борода,2100,5170,онлайн,выполнена
2701,23.06.2026,11:30,Центр,Артём Соколов,Стрижка + борода,2100,5816,телефон,выполнена
2702,23.06.2026,20:45,Центр,иван петров,Стрижка мужская,1400,6277,телефон,выполнена
2703,23.06.2026,14:15,Центр,Иван Петров,Оформление бороды,900,6399,онлайн,выполнена
2704,23.06.2026,12:45,Северный,Д. Ким,Стрижка мужская,1400,5693,телефон,выполнена
2705,23.06.2026,12:00,Заречная,Марк Дёмин,Стрижка мужская,1400,5062,онлайн,выполнена
2706,23.06.2026,10:00,Центр,Лев Гаврилов,Стрижка мужская,1400,6277,телефон,неявка
2707,23.06.2026,16:45,Центр,Лев Гаврилов,Стрижка мужская,1400,5495,онлайн,выполнена
2708,23.06.2026,10:15,Центр,Артём Соколов,Стрижка детская,850,6359,без записи,отменена
2709,2026-06-23,16:30,Центр,Лев Гаврилов,Стрижка + борода,2100 р.,5949,без записи,выполнена
2710,24.06.2026,14:00,Заречная,Марк Дёмин,Стрижка детская,1000,5375,без записи,отменена
2711,24.06.2026,20:45,Заречная,Марк Дёмин,Стрижка + борода,2100,5892,телефон,выполнена
2712,24.06.2026,14:00,Северный,Д. Ким,Оформление бороды,900,5366,телефон,выполнена
2713,24.06.2026,17:45,Центр,иван петров,Тонирование,1800,5409,онлайн,выполнена
2714,24.06.2026,15:30,Северный,Олег Рыбак,Камуфляж седины,1600,5527,онлайн,выполнена
2715,24.06.2026,12:00,Заречная,Марк Дёмин,Стрижка мужская,"1400,00",5235,без записи,выполнена
2716,24.06.2026,19:45,Северный,Олег Рыбак,Оформление бороды,900,5877,онлайн,выполнена
2717,24.06.2026,17:15,Северный,Данила Ким,Стрижка + борода,2100,5705,онлайн,выполнена
2718,24.06.2026,13:15,Северный,Олег Рыбак,Камуфляж седины,1600,5926,без записи,выполнена
2719,24.06.2026,18:00,Заречная,Тимур А.,Стрижка мужская,1400,6382,телефон,выполнена
2720,24.06.2026,15:30,Центр,Артём Соколов,Оформление бороды,900,6409,онлайн,выполнена
2721,2026-06-24,17:45,Заречная,Марк Дёмин,Стрижка мужская,1190,6288,без записи,выполнена
2722,24.06.2026,15:45,Центр,Артём Соколов,Стрижка детская,1000,6174,онлайн,выполнена
2723,2026-06-24,15:15,Центр,Иван П.,Стрижка мужская,1400,6066,телефон,выполнена
2724,24.06.2026,17:15,Центр,Иван П.,Стрижка мужская,1400,5726,онлайн,выполнена
2725,24.06.2026,19:45,Северный,Роман Швец,Стрижка + борода,2100,5913,онлайн,выполнена
2726,24.06.2026,20:15,Северный,Роман Швец,Оформление бороды,900,5314,телефон,выполнена
2727,2026-06-24,11:45,Заречная,Марк Дёмин,Бритьё опасной бритвой,1300,6314,онлайн,выполнена
2728,25.06.2026,14:15,Центр,Иван П.,Стрижка мужская,1400,6363,без записи,выполнена
2729,25.06.2026,19:45,Центр,Иван Петров,Камуфляж седины,1600 р.,5845,онлайн,выполнена
2730,2026-06-25,20:30,Центр,Артём Соколов,Стрижка мужская,1400,6315,телефон,выполнена
2731,25.06.2026,16:30,Центр,Артём Соколов,Стрижка мужская,1400,5104,телефон,отменена
2732,25.06.2026,18:30,Центр,Артём Соколов,Стрижка мужская,1260,6211,без записи,выполнена
2733,25.06.2026,14:00,Заречная,ТИМУР АСКЕРОВ,Стрижка мужская,1120,5074,онлайн,выполнена
2734,25.06.2026,20:00,Северный,Роман Швец,Стрижка мужская,1400,6387,онлайн,выполнена
2735,25.06.2026,13:15,Заречная,ТИМУР АСКЕРОВ,Стрижка мужская,1400,6302,телефон,отменена
2736,2026-06-25,19:15,Заречная,Тимур А.,Оформление бороды,810,6177,телефон,выполнена
2737,25.06.2026,18:00,Северный,Олег Рыбак,Стрижка мужская,1400,6412,без записи,выполнена
2738,2026-06-25,10:00,Центр,иван петров,Стрижка + борода,2100,6147,без записи,выполнена
2739,25.06.2026,12:00,Центр,Иван П.,Стрижка мужская,1400,6116,телефон,выполнена
2740,25.06.2026,17:15,Заречная,Тимур А.,Стрижка мужская,1400,5788,без записи,выполнена
2741,25.06.2026,16:45,Заречная,Тимур А.,Стрижка + борода,1785,5247,телефон,выполнена
2742,25.06.2026,13:15,Заречная,Марк Дёмин,Стрижка мужская,1400,5222,без записи,выполнена
2743,25.06.2026,10:00,Северный,Роман Швец,Стрижка + борода,2100,5900,телефон,выполнена
2744,26.06.2026,17:00,Центр,Артём Соколов,Стрижка + борода,2100,6251,без записи,выполнена
2745,26.06.2026,12:45,Заречная,Тимур Аскеров,Стрижка мужская,1400,5432,онлайн,выполнена
2746,26.06.2026,20:30,Центр,Лев Гаврилов,Стрижка + борода,2100,5376,онлайн,выполнена
2747,26.06.2026,16:00,Северный,Д. Ким,Стрижка мужская,1400,5973,онлайн,выполнена
2748,26.06.2026,13:00,Северный,Олег Рыбак,Стрижка + борода,1890 р.,5014,онлайн,выполнена
2749,26.06.2026,16:00,Центр,иван петров,Стрижка мужская,1400,5702,телефон,выполнена
2750,26.06.2026,17:45,Центр,Иван Петров,Стрижка детская,1000,6147,онлайн,выполнена
2751,26.06.2026,13:30,Заречная,Марк Дёмин,Стрижка мужская,1400,6363,телефон,выполнена
2752,26.06.2026,20:00,Центр,Артём Соколов,Оформление бороды,765,5027,онлайн,выполнена
2753,26.06.2026,18:45,Центр,Лев Гаврилов,Оформление бороды,900,5185,телефон,выполнена
2754,26.06.2026,20:30,Заречная,Тимур А.,Бритьё опасной бритвой,1300,5271,онлайн,выполнена
2755,26.06.2026,14:15,Центр,Артём Соколов,Стрижка мужская,1400,5596,онлайн,выполнена
2756,26.06.2026,19:00,Северный,Д. Ким,Стрижка + борода,"2100,00",5406,без записи,выполнена
2757,26.06.2026,18:00,Заречная,Марк Дёмин,Стрижка детская,1000,5980,онлайн,выполнена
2758,26.06.2026,15:30,Северный,Данила Ким,Стрижка мужская,1400,5570,онлайн,выполнена
2759,26.06.2026,19:00,Центр,Иван Петров,Стрижка мужская,1400,5080,без записи,выполнена
2760,26.06.2026,16:45,Центр, Иван Петров,Стрижка мужская,1400,5179,телефон,выполнена
2761,27.06.2026,18:30,Заречная,Тимур А.,Стрижка машинкой,700,6096,онлайн,выполнена
2762,27.06.2026,10:15,Заречная,Марк Дёмин,Стрижка + борода,2100,5857,телефон,выполнена
2763,27.06.2026,20:00,Центр,Лев Гаврилов,Стрижка мужская,1400,5837,онлайн,выполнена
2764,27.06.2026,15:45,Центр,Иван П.,Стрижка + борода,2100,5576,онлайн,выполнена
2765,27.06.2026,12:00,Северный,Д. Ким,Камуфляж седины,1600,5879,телефон,выполнена
2766,27.06.2026,14:15,Центр,Лев Гаврилов,Стрижка мужская,"1400,00",6017,телефон,выполнена
2767,27.06.2026,18:45,Северный,Олег Рыбак,Оформление бороды,990,5347,онлайн,отменена
2768,27.06.2026,16:00,Центр,Артём Соколов,Стрижка + борода,2310,5928,телефон,выполнена
2769,27.06.2026,15:00,Центр,Лев Гаврилов,Стрижка мужская,1400,5023,онлайн,выполнена
2770,27.06.2026,18:15,Северный,Роман Швец,Стрижка мужская,1400,5164,онлайн,выполнена
2771,27.06.2026,16:45,Центр,Лев Гаврилов,Оформление бороды,900,6340,онлайн,выполнена
2772,27.06.2026,17:00,Центр,иван петров,Стрижка мужская,1400,6406,онлайн,выполнена
2773,2026-06-27,18:00,Центр, Иван Петров,Стрижка мужская,1400,6385,онлайн,выполнена
2774,27.06.2026,11:45,Заречная,Тимур А.,Стрижка + борода,2100,5234,телефон,выполнена
2775,27.06.2026,18:00,Северный,Данила Ким,Стрижка + борода,"2100,00",6274,онлайн,выполнена
2776,27.06.2026,15:15,Северный,Роман Швец,Стрижка + борода,2100,5057,онлайн,выполнена
2777,2026-06-27,19:15,Центр,Иван Петров,Стрижка мужская,1540,6310,онлайн,выполнена
2778,27.06.2026,15:00,Заречная,Марк Дёмин,Стрижка + борода,"2100,00",6357,онлайн,выполнена
2779,27.06.2026,10:00,Заречная,Тимур Аскеров,Стрижка мужская,1400 р.,5199,онлайн,выполнена
2780,27.06.2026,13:15,Заречная,Тимур Аскеров,Стрижка мужская,1400,5672,телефон,выполнена
2781,27.06.2026,18:45,Центр,Артём Соколов,Стрижка мужская,1120,5719,без записи,неявка
2782,27.06.2026,17:45,Северный,Роман Швец,Стрижка детская,"1100,00",5601,без записи,выполнена
2783,27.06.2026,18:15,Центр,Лев Гаврилов,Тонирование,1800 р.,6397,онлайн,выполнена
2784,27.06.2026,18:45,Северный,Данила Ким,Стрижка мужская,1120,5637,телефон,выполнена
2785,27.06.2026,20:15,Центр,Артём Соколов,Стрижка мужская,1260 р.,5092,телефон,выполнена
2786,27.06.2026,15:45,Северный,Роман Швец,Стрижка мужская,1400,6183,онлайн,выполнена
2787,27.06.2026,11:00,Заречная,Марк Дёмин,Оформление бороды,810 р.,5963,онлайн,выполнена
2788,27.06.2026,13:45,Заречная,Марк Дёмин,Оформление бороды,900,5316,онлайн,выполнена
2789,28.06.2026,16:15,Северный,Олег Рыбак,Стрижка мужская,1400,6433,телефон,выполнена
2790,28.06.2026,15:45,Центр,Лев Гаврилов,Стрижка мужская,1260,5488,без записи,неявка
2791,28.06.2026,18:45,Заречная,ТИМУР АСКЕРОВ,Стрижка мужская,1540,5707,онлайн,выполнена
2792,28.06.2026,20:45,Центр,Артём Соколов,Стрижка мужская,1540,6299,онлайн,выполнена
2793,28.06.2026,10:15,Заречная,Марк Дёмин,,2100,6402,онлайн,выполнена
2794,2026-06-28,14:00,Центр,Иван П.,Тонирование,1440,6125,онлайн,выполнена
2795,28.06.2026,16:00,Центр,Артём Соколов,Стрижка мужская,1400,6318,онлайн,выполнена
2796,28.06.2026,16:00,Центр,Артём Соколов,Стрижка мужская,1540,6204,онлайн,выполнена
2797,28.06.2026,17:30,Центр, Иван Петров,Стрижка мужская,"1400,00",5700,онлайн,выполнена
2798,28.06.2026,11:15,Заречная,ТИМУР АСКЕРОВ,Бритьё опасной бритвой,1430,5077,телефон,выполнена
2799,28.06.2026,19:30,Северный,Роман Швец,Оформление бороды,990,5356,онлайн,выполнена
2800,28.06.2026,11:30,Центр,Артём Соколов,Оформление бороды,900,6063,без записи,выполнена
2801,28.06.2026,11:00,Центр,Артём Соколов,Стрижка мужская,1400 р.,5796,телефон,выполнена
2802,28.06.2026,19:00,Северный,Данила Ким,Стрижка детская,1000,5962,онлайн,выполнена
2803,28.06.2026,17:15,Северный,Олег Рыбак,Стрижка мужская,1540,5098,онлайн,выполнена
2804,28.06.2026,15:00,Центр,Иван Петров,Стрижка детская,850 р.,6024,онлайн,выполнена
2805,28.06.2026,18:15,Центр,Артём Соколов,Бритьё опасной бритвой,1430,6214,онлайн,выполнена
2806,28.06.2026,14:15,Северный,Олег Рыбак,Стрижка + борода,2310,6350,онлайн,выполнена
2807,28.06.2026,17:30,Заречная,Тимур Аскеров,Стрижка мужская,1120,5383,онлайн,выполнена
2808,28.06.2026,17:30,Центр,Артём Соколов,Стрижка мужская,1400,6422,онлайн,выполнена
2809,28.06.2026,16:00,Заречная,Марк Дёмин,Стрижка мужская,1400,5221,без записи,выполнена
2810,28.06.2026,18:15,Центр,Артём Соколов,Стрижка + борода,2100,5035,онлайн,выполнена
2811,2026-06-28,17:00,Центр,Лев Гаврилов,Оформление бороды,900,5854,онлайн,выполнена
2812,2026-06-28,18:15,Северный,Д. Ким,Стрижка мужская,1540,5902,онлайн,выполнена
2813,29.06.2026,18:00,Заречная,Марк Дёмин,Стрижка мужская,1400 р.,5386,онлайн,выполнена
2814,29.06.2026,10:45,Северный,Данила Ким,Оформление бороды,900 р.,5964,телефон,выполнена
2815,29.06.2026,18:00,Северный,Роман Швец,Бритьё опасной бритвой,1105,5669,онлайн,выполнена
2816,2026-06-29,18:45,Центр,Артём Соколов,Оформление бороды,900,5331,онлайн,выполнена
2817,2026-06-29,12:30,Центр,Лев Гаврилов,Камуфляж седины,1600,6004,онлайн,неявка
2818,29.06.2026,16:30,Заречная,Марк Дёмин,Стрижка детская,1000,5189,телефон,выполнена
2819,2026-06-29,18:30,Северный,Олег Рыбак,Бритьё опасной бритвой,1300,5346,телефон,выполнена
2820,29.06.2026,19:15,Заречная,Тимур Аскеров,Стрижка мужская,1260,5526,телефон,выполнена
2821,29.06.2026,12:30,Центр,Лев Гаврилов,Стрижка + борода,2100,6141,онлайн,выполнена
2822,30.06.2026,17:45,Центр, Иван Петров,Стрижка машинкой,700,5267,онлайн,выполнена
2823,2026-06-30,17:45,Северный,Олег Рыбак,Стрижка машинкой,700,5390,без записи,выполнена
2824,2026-06-30,18:00,Центр,Иван П.,Стрижка детская,850,6048,онлайн,выполнена
2825,30.06.2026,12:45,Заречная,Марк Дёмин,Стрижка мужская,1400,6309,телефон,выполнена
2826,2026-06-30,17:15,Заречная,ТИМУР АСКЕРОВ,Стрижка + борода,2100,6051,без записи,выполнена
2827,30.06.2026,16:00,Центр,Артём Соколов,Стрижка мужская,1400,5424,онлайн,выполнена
2828,30.06.2026,20:45,Центр,Иван Петров,Стрижка мужская,1400,6177,телефон,выполнена
2829,30.06.2026,18:15,Заречная,Тимур А.,Стрижка + борода,2100,6297,телефон,выполнена
2830,30.06.2026,14:30,Заречная,Марк Дёмин,Стрижка мужская,1400,5098,телефон,выполнена
2831,30.06.2026,12:00,Центр,Артём Соколов,Стрижка мужская,1400,5540,онлайн,выполнена
2832,30.06.2026,17:30,Заречная,Тимур А.,Стрижка мужская,1400,5390,телефон,выполнена
2833,2026-06-30,18:00,Северный,Роман Швец,Стрижка мужская,1400,5288,без записи,выполнена
2834,22.04.2026,18:15,Центр,Лев Гаврилов,Стрижка мужская,1400,6421,телефон,выполнена
2835,17.04.2026,13:30,Центр,Иван Петров,Стрижка + борода,2100,5973,без записи,выполнена
2836,03.01.2026,17:30,Центр,Артём Соколов,Оформление бороды,900,5484,онлайн,выполнена
2837,07.04.2026,15:30,Северный,Роман Швец,Стрижка мужская,1400,5454,без записи,выполнена
2838,23.01.2026,11:15,Заречная,ТИМУР АСКЕРОВ,Тонирование,1800,5391,онлайн,выполнена
2839,06.01.2026,19:00,Центр,Лев Гаврилов,Стрижка мужская,1400,5035,телефон,выполнена
2840,17.04.2026,11:30,Северный,Д. Ким,Стрижка машинкой,700,5963,онлайн,выполнена
2841,07.03.2026,11:45,Центр,Артём Соколов,Оформление бороды,990,6025,телефон,выполнена
2842,28.03.2026,15:00,Северный,Роман Швец,Стрижка + борода,2100,5279,онлайн,выполнена
2843,2026-04-09,10:45,Северный,Роман Швец,Стрижка + борода,2100,5348,телефон,выполнена
2844,2026-02-08,12:15,Заречная,ТИМУР АСКЕРОВ,Стрижка детская,1100,6256,онлайн,выполнена
2845,01.04.2026,17:15,Заречная,Тимур А.,Камуфляж седины,1600,5834,онлайн,выполнена
2846,09.04.2026,19:15,Заречная,Марк Дёмин,Стрижка мужская,1400,6119,телефон,выполнена
2847,09.06.2026,15:45,Центр,Артём Соколов,Стрижка + борода,2100,5464,онлайн,выполнена
2848,29.01.2026,13:30,Центр,Иван Петров,Стрижка + борода,2100,5172,онлайн,выполнена
2849,2026-03-11,16:45,Заречная,Марк Дёмин,Оформление бороды,900,5626,онлайн,выполнена
2850,2026-04-20,13:00,Северный,Олег Рыбак,Оформление бороды,"900,00",6221,телефон,выполнена
2851,17.01.2026,16:00,Центр,Артём Соколов,Стрижка детская,1100,6237,онлайн,выполнена
2852,2026-05-28,14:45,Центр,Артём Соколов,Стрижка мужская,1400,5603,телефон,выполнена
2853,2026-06-04,10:15,Центр,Артём Соколов,Камуфляж седины,1280,6383,телефон,выполнена
2854,30.06.2026,12:00,Центр,Артём Соколов,Стрижка мужская,1400,5540,онлайн,выполнена
2855,01.04.2026,17:30,Заречная,Марк Дёмин,Стрижка мужская,1400 р.,5974,без записи,выполнена
2856,13.05.2026,17:45,Северный,Д. Ким,Стрижка детская,1000,6077,без записи,выполнена
2857,09.01.2026,13:15,Северный,Данила Ким,Оформление бороды,"900,00",5762,онлайн,выполнена
2858,23.01.2026,19:45,Центр,Артём Соколов,Стрижка мужская,1400,5812,онлайн,выполнена
2859,24.01.2026,15:45,Центр,Лев Гаврилов,Стрижка мужская,1540,5472,телефон,выполнена
2860,12.04.2026,20:15,Центр,иван петров,Стрижка мужская,"1400,00",5899,онлайн,выполнена
2861,27.06.2026,13:45,Заречная,Марк Дёмин,Оформление бороды,900,5316,онлайн,выполнена
2862,24.01.2026,14:00,Северный,Олег Рыбак,Камуфляж седины,1600,6145,без записи,выполнена
2863,21.04.2026,16:15,Центр,Лев Гаврилов,Стрижка детская,1000 р.,5674,онлайн,выполнена
2864,24.06.2026,15:30,Центр,Артём Соколов,Оформление бороды,900,6409,онлайн,выполнена
2865,03.04.2026,12:45,Центр, Иван Петров,Стрижка мужская,1400,5504,онлайн,выполнена
2866,29.01.2026,13:45,Центр,Артём Соколов,Стрижка + борода,2100,6064,телефон,выполнена
2867,2026-02-12,16:00,Северный,Данила Ким,Стрижка детская,1000,5406,телефон,выполнена
2868,16.01.2026,11:45,Центр,Иван П.,Стрижка мужская,1190,6150,телефон,отменена
2869,17.04.2026,14:00,Центр,Артём Соколов,Стрижка мужская,1400,5592,телефон,выполнена
2870,05.04.2026,19:15,Центр,Артём Соколов,Стрижка машинкой,595,6431,без записи,выполнена
2871,02.06.2026,11:15,Центр,Лев Гаврилов,Стрижка + борода,2100,5217,без записи,выполнена
2872,22.04.2026,19:00,Северный,Д. Ким,Стрижка + борода,2100,5172,без записи,выполнена
2873,2026-01-29,14:00,Заречная,Марк Дёмин,Стрижка мужская,"1400,00",5445,онлайн,выполнена
2874,11.04.2026,19:30,Северный,Роман Швец,Стрижка мужская,1540,5401,без записи,выполнена
2875,16.05.2026,18:30,Северный,Роман Швец,Стрижка мужская,1540,5290,онлайн,выполнена
2876,2026-06-05,10:45,Центр,Иван Петров,Стрижка мужская,1400,5404,без записи,выполнена
2877,14.01.2026,14:00,Заречная,Тимур Аскеров,Стрижка мужская,"1400,00",6263,без записи,выполнена
2878,08.02.2026,13:30,Центр,Артём Соколов,Тонирование,1980,5412,телефон,выполнена
2879,26.02.2026,12:30,Северный,Роман Швец,Стрижка + борода,2100,5123,онлайн,выполнена
2880,17.01.2026,19:15,Заречная,Марк Дёмин,Стрижка + борода,2100 р.,6019,без записи,выполнена
