ride_id,user_id,distance_m,duration_min,ride_date
449,36,3054.7,22.99,2025-05-01
1552,121,3280.2,23.34,2025-05-01
1677,132,1529.1,15.2,2025-05-01
1730,135,2790.9,17.39,2025-05-01
1735,137,2748.4,17.9,2025-05-01
1968,155,1506.7,11.96,2025-05-01
2053,163,1070.6,8.16,2025-05-01
2182,175,1889.1,9.66,2025-05-01
2278,182,1946.4,16.4,2025-05-01
2593,201,2724.7,13.97,2025-05-01
3145,236,1628.8,8.44,2025-05-01
3831,290,1075.5,10.49,2025-05-01
3921,294,2721.8,25.1,2025-05-01
4356,330,3847.0,19.8,2025-05-01
4368,332,2756.7,19.67,2025-05-01
4526,346,2737.4,23.3,2025-05-01
5895,453,3314.8,28.02,2025-05-01
7459,572,1928.6,17.96,2025-05-01
7601,581,979.7,7.08,2025-05-01
7619,582,1688.0,11.2,2025-05-01
7772,594,2532.9,13.21,2025-05-01
7851,601,1976.8,10.88,2025-05-01
10464,787,1730.5,15.15,2025-05-01
10575,793,2640.6,16.69,2025-05-01
10634,796,2370.6,13.13,2025-05-01
10854,813,2740.6,14.47,2025-05-01
11112,834,2162.3,9.54,2025-05-01
11357,853,1919.6,17.58,2025-05-01
11874,891,3839.2,18.02,2025-05-01
12171,913,1189.1,10.58,2025-05-01
12185,913,3431.0,22.74,2025-05-01
12274,918,1994.2,15.03,2025-05-01
13162,984,4392.3,22.87,2025-05-01
13447,1004,2147.2,13.87,2025-05-01
14256,1069,3433.3,20.82,2025-05-01
14298,1072,2316.5,18.43,2025-05-01
14439,1081,5574.4,34.36,2025-05-01
17666,1301,1895.3,14.94,2025-05-01
18187,1334,2357.3,20.9,2025-05-01
18880,1393,2769.9,16.84,2025-05-01
327,24,1922.4,13.12,2025-05-02
426,32,1972.2,11.93,2025-05-02
726,63,3171.9,17.49,2025-05-02
777,67,5925.2,30.02,2025-05-02
798,68,3724.2,19.97,2025-05-02
954,79,1122.6,16.62,2025-05-02
1140,93,7646.4,39.91,2025-05-02
1333,106,1158.7,8.89,2025-05-02
1468,115,5391.6,30.24,2025-05-02
1848,146,7144.2,34.54,2025-05-02
2667,206,2809.8,15.31,2025-05-02
3216,239,5075.0,30.1,2025-05-02
3500,260,0.0,0.0,2025-05-02
4038,303,3620.3,25.57,2025-05-02
4453,341,1394.7,8.86,2025-05-02
5473,424,2338.1,15.54,2025-05-02
5540,429,2613.4,17.99,2025-05-02
5681,436,2851.5,25.66,2025-05-02
7611,582,1328.4,9.3,2025-05-02
7717,591,3250.7,18.5,2025-05-02
7865,601,3022.7,22.7,2025-05-02
8476,651,3470.4,28.35,2025-05-02
8838,680,5647.3,25.76,2025-05-02
9923,751,1742.1,15.27,2025-05-02
9933,752,3575.3,20.22,2025-05-02
10305,777,2094.4,15.99,2025-05-02
11069,831,2157.3,11.83,2025-05-02
11201,842,1908.5,16.75,2025-05-02
11576,870,2295.0,16.39,2025-05-02
11987,902,2158.7,12.84,2025-05-02
12116,909,1363.9,10.98,2025-05-02
13623,1021,4237.2,28.24,2025-05-02
15020,1118,5991.0,33.61,2025-05-02
15425,1148,3622.1,18.38,2025-05-02
15612,1158,7016.5,40.93,2025-05-02
16164,1195,2052.9,12.6,2025-05-02
16669,1233,5861.6,30.43,2025-05-02
17388,1279,3796.6,37.61,2025-05-02
17578,1295,2930.6,16.7,2025-05-02
17905,1319,1891.2,31.52,2025-05-02
18121,1330,4212.6,25.48,2025-05-02
18606,1365,3920.7,23.19,2025-05-02
18716,1376,4258.6,24.06,2025-05-02
18847,1388,3371.6,22.16,2025-05-02
19618,1448,2032.5,13.18,2025-05-02
19709,1454,3754.3,22.98,2025-05-02
19983,1471,3840.9,20.25,2025-05-02
20188,1489,2787.0,16.57,2025-05-02
208,19,1859.2,12.23,2025-05-03
757,65,2644.3,17.87,2025-05-03
868,72,2839.7,16.27,2025-05-03
971,80,2537.2,15.42,2025-05-03
1235,99,2759.7,24.15,2025-05-03
1720,134,3509.8,21.44,2025-05-03
1758,138,3851.2,25.72,2025-05-03
1952,153,3884.8,23.99,2025-05-03
2355,185,1775.0,12.58,2025-05-03
3133,236,2237.5,11.69,2025-05-03
3259,242,3142.1,25.12,2025-05-03
3459,256,1185.2,17.0,2025-05-03
3829,289,1775.2,11.15,2025-05-03
4136,309,6852.7,33.38,2025-05-03
5002,386,1819.5,11.79,2025-05-03
5202,402,932.1,6.34,2025-05-03
5273,410,1380.8,8.04,2025-05-03
5554,429,1018.6,15.27,2025-05-03
5731,442,2737.2,20.71,2025-05-03
6349,493,3815.9,34.15,2025-05-03
6372,495,3155.7,24.48,2025-05-03
6698,516,4329.7,25.11,2025-05-03
7292,558,6525.5,33.64,2025-05-03
7506,575,2332.0,11.15,2025-05-03
7921,606,2009.3,18.63,2025-05-03
8679,669,2886.4,17.58,2025-05-03
8916,684,1582.6,8.19,2025-05-03
9597,725,993.3,6.78,2025-05-03
10090,766,2174.1,9.98,2025-05-03
10100,766,5129.7,30.12,2025-05-03
10271,775,2439.9,13.75,2025-05-03
10546,791,3932.3,21.82,2025-05-03
11129,838,3719.2,20.19,2025-05-03
11188,841,3183.5,13.87,2025-05-03
12004,903,3179.6,19.36,2025-05-03
12058,905,3330.0,19.21,2025-05-03
12506,938,2122.4,19.4,2025-05-03
12544,940,1532.3,12.64,2025-05-03
13689,1024,2540.2,14.98,2025-05-03
14197,1065,2638.3,14.96,2025-05-03
14243,1068,3669.9,26.24,2025-05-03
14878,1111,6527.8,38.37,2025-05-03
16293,1204,3363.0,13.38,2025-05-03
16647,1231,2159.3,20.83,2025-05-03
17176,1266,3295.7,20.58,2025-05-03
17397,1281,2094.7,13.33,2025-05-03
17525,1292,2316.0,13.06,2025-05-03
17773,1311,1809.8,15.97,2025-05-03
18725,1377,5609.3,27.01,2025-05-03
19211,1417,4018.3,25.1,2025-05-03
20114,1482,3346.7,19.66,2025-05-03
20415,309,6852.7,33.38,2025-05-03
16,2,3127.0,18.19,2025-05-04
213,19,1674.6,11.63,2025-05-04
410,30,3650.8,19.66,2025-05-04
762,65,1157.9,8.14,2025-05-04
840,70,1113.0,18.55,2025-05-04
1228,99,1547.3,14.33,2025-05-04
1343,107,2312.7,19.64,2025-05-04
1406,110,2077.5,8.83,2025-05-04
1834,145,2101.1,11.99,2025-05-04
3390,251,813.8,5.41,2025-05-04
3396,252,1191.1,15.5,2025-05-04
3732,281,2457.5,18.22,2025-05-04
3842,290,3316.0,18.88,2025-05-04
4124,309,2122.9,15.79,2025-05-04
4311,328,2738.7,25.81,2025-05-04
4328,328,3556.6,26.83,2025-05-04
4701,359,2660.4,18.35,2025-05-04
4715,361,1540.4,17.12,2025-05-04
5212,403,2187.3,20.4,2025-05-04
5571,430,1917.4,12.03,2025-05-04
5598,431,2585.4,12.42,2025-05-04
5692,436,5935.3,27.73,2025-05-04
5734,442,6040.6,29.35,2025-05-04
5903,454,1906.6,28.29,2025-05-04
6532,505,2354.2,20.6,2025-05-04
7148,548,918.2,5.86,2025-05-04
7278,558,2548.4,15.32,2025-05-04
7528,577,4056.6,27.1,2025-05-04
7532,577,4720.0,24.8,2025-05-04
7566,579,1792.1,12.56,2025-05-04
7870,601,2863.7,16.16,2025-05-04
7983,609,3368.0,20.73,2025-05-04
8421,647,3734.0,22.63,2025-05-04
8563,659,2712.9,17.69,2025-05-04
8713,672,5262.9,31.17,2025-05-04
9363,710,3353.4,22.72,2025-05-04
9564,724,3260.4,27.04,2025-05-04
9744,738,1080.7,7.27,2025-05-04
9755,738,2798.7,14.6,2025-05-04
10596,795,3823.0,18.34,2025-05-04
10707,802,5008.0,21.98,2025-05-04
10874,814,2812.5,16.95,2025-05-04
10877,814,2952.6,19.61,2025-05-04
11365,853,4355.1,28.29,2025-05-04
12154,911,3266.7,16.94,2025-05-04
12633,945,12213.0,65.24,2025-05-04
12865,964,632.9,4.44,2025-05-04
12924,967,2079.7,18.24,2025-05-04
13014,973,2010.6,10.66,2025-05-04
13023,974,3644.2,38.49,2025-05-04
13108,980,1796.9,12.47,2025-05-04
13409,1003,3646.3,23.27,2025-05-04
13969,1047,2099.9,13.22,2025-05-04
14938,1114,3416.6,15.07,2025-05-04
15349,1140,828.6,7.84,2025-05-04
15866,1169,2321.2,12.6,2025-05-04
16605,1227,1745.0,12.47,2025-05-04
16632,1230,1096.2,8.47,2025-05-04
17153,1266,3070.2,20.91,2025-05-04
17576,1295,1503.5,12.49,2025-05-04
18321,1346,1238.1,7.48,2025-05-04
18440,1354,5309.0,27.77,2025-05-04
19037,1403,1470.7,8.1,2025-05-04
19158,1414,1007.1,6.41,2025-05-04
19707,1454,4888.2,27.47,2025-05-04
1127,93,2599.3,22.63,2025-05-05
2049,163,4914.5,29.29,2025-05-05
2138,172,7817.8,44.92,2025-05-05
2532,198,2482.3,15.85,2025-05-05
3812,288,2683.6,22.55,2025-05-05
3936,296,2747.7,24.38,2025-05-05
4849,372,2238.7,13.7,2025-05-05
5049,390,1992.5,12.76,2025-05-05
5204,402,2765.5,16.4,2025-05-05
5607,432,2135.9,13.12,2025-05-05
5876,451,7473.8,51.94,2025-05-05
5923,456,3163.5,15.47,2025-05-05
5939,459,1729.6,14.28,2025-05-05
5986,461,2424.2,20.96,2025-05-05
6576,508,3385.1,16.8,2025-05-05
6830,522,4547.0,31.6,2025-05-05
7252,557,0.0,0.0,2025-05-05
7433,569,5887.4,35.77,2025-05-05
7600,581,3248.7,19.84,2025-05-05
8159,623,3144.0,14.66,2025-05-05
8337,641,1656.3,12.14,2025-05-05
8666,669,3080.0,22.79,2025-05-05
9075,693,2621.8,19.72,2025-05-05
9317,708,1264.4,10.65,2025-05-05
9771,740,2159.5,14.25,2025-05-05
10246,773,5163.9,30.83,2025-05-05
10504,789,3606.7,22.72,2025-05-05
10510,790,2211.8,15.74,2025-05-05
10901,816,3534.1,17.29,2025-05-05
11023,825,7343.2,36.6,2025-05-05
11182,840,2672.2,13.4,2025-05-05
11715,879,3942.9,24.13,2025-05-05
11800,887,2922.9,17.07,2025-05-05
13359,999,1472.9,18.77,2025-05-05
13461,1005,1726.4,11.77,2025-05-05
13554,1015,3852.0,30.61,2025-05-05
14022,1050,1975.8,10.38,2025-05-05
14361,1075,1319.1,8.15,2025-05-05
14727,1099,3404.6,21.31,2025-05-05
15754,1165,1561.1,12.11,2025-05-05
16195,1198,2357.1,15.89,2025-05-05
16268,1204,4488.3,19.02,2025-05-05
17320,1274,3187.4,23.43,2025-05-05
17418,1282,793.2,5.72,2025-05-05
17560,1294,5116.2,34.01,2025-05-05
18294,1343,1965.1,10.38,2025-05-05
18517,1358,1252.8,17.95,2025-05-05
19014,1402,1129.2,8.09,2025-05-05
19256,1419,4860.3,35.8,2025-05-05
19395,1430,1614.5,15.33,2025-05-05
19506,1438,6294.7,37.34,2025-05-05
19622,1448,2838.6,17.69,2025-05-05
19802,1460,3269.3,24.38,2025-05-05
19995,1471,927.7,6.02,2025-05-05
20083,1478,1949.8,15.07,2025-05-05
823,69,951.6,8.66,2025-05-06
1489,118,2427.7,18.73,2025-05-06
1783,141,1238.8,7.52,2025-05-06
2803,216,1890.7,10.92,2025-05-06
2992,229,3101.2,19.67,2025-05-06
3577,267,4895.7,23.68,2025-05-06
3974,299,2998.3,18.49,2025-05-06
4194,316,1126.6,8.78,2025-05-06
4750,364,1874.1,11.32,2025-05-06
5221,404,1780.6,14.75,2025-05-06
5766,444,3519.0,17.58,2025-05-06
5864,450,4037.6,30.86,2025-05-06
7005,538,3692.3,28.57,2025-05-06
7628,582,3652.4,28.7,2025-05-06
7938,607,2149.1,14.65,2025-05-06
8338,641,926.9,5.94,2025-05-06
8468,650,1880.8,20.69,2025-05-06
8828,680,2104.5,16.16,2025-05-06
10181,771,1476.9,8.05,2025-05-06
10340,780,2274.4,12.93,2025-05-06
12685,949,1489.9,6.13,2025-05-06
12778,956,12945.2,90.0,2025-05-06
13008,973,2471.9,20.41,2025-05-06
13627,1021,2614.1,17.88,2025-05-06
14281,1071,3046.7,17.35,2025-05-06
14404,1078,2800.9,13.79,2025-05-06
14660,1096,3132.6,26.28,2025-05-06
14792,1105,4618.5,35.77,2025-05-06
15712,1164,2810.5,19.83,2025-05-06
16283,1204,1101.7,12.33,2025-05-06
16879,1249,4282.0,27.07,2025-05-06
17529,1292,1374.8,9.41,2025-05-06
17709,1305,5577.7,26.07,2025-05-06
17768,1310,2175.3,10.79,2025-05-06
17783,1311,2447.7,18.85,2025-05-06
18248,1341,2074.2,12.87,2025-05-06
18530,1358,1716.7,10.05,2025-05-06
547,44,2996.3,15.37,2025-05-07
754,65,1350.7,9.34,2025-05-07
1010,82,2223.1,14.84,2025-05-07
1152,93,902.6,4.96,2025-05-07
2054,163,1444.5,8.37,2025-05-07
3188,238,5779.4,34.85,2025-05-07
3309,244,1804.8,9.88,2025-05-07
3545,264,2549.0,16.24,2025-05-07
3567,265,1369.4,8.55,2025-05-07
4067,306,2050.7,10.86,2025-05-07
4092,308,1974.1,10.9,2025-05-07
4700,359,1663.7,15.08,2025-05-07
4801,371,4482.4,23.3,2025-05-07
5047,390,4217.4,21.1,2025-05-07
5122,397,2979.3,17.05,2025-05-07
5327,413,1827.2,9.7,2025-05-07
5727,442,1963.2,12.86,2025-05-07
6046,466,2796.2,20.7,2025-05-07
7382,564,2398.3,17.18,2025-05-07
7393,564,5191.1,39.54,2025-05-07
7882,602,1674.5,12.99,2025-05-07
7886,602,2048.3,11.53,2025-05-07
8407,646,3576.9,23.17,2025-05-07
8753,675,1555.7,12.67,2025-05-07
9072,693,2503.2,16.58,2025-05-07
9258,704,941.3,9.1,2025-05-07
9903,750,2645.9,12.45,2025-05-07
10030,762,3614.7,16.32,2025-05-07
10234,773,2540.4,16.51,2025-05-07
10817,810,1830.3,15.38,2025-05-07
10858,813,2523.1,15.08,2025-05-07
11560,870,1606.1,12.92,2025-05-07
11582,870,2605.7,18.1,2025-05-07
12047,904,4550.7,22.35,2025-05-07
12397,927,928.6,5.82,2025-05-07
12569,940,2518.4,11.9,2025-05-07
13672,1023,1141.3,9.09,2025-05-07
15009,1118,2035.8,14.37,2025-05-07
15052,1121,2989.0,24.59,2025-05-07
15284,1137,2666.2,17.86,2025-05-07
15544,1155,2702.0,19.14,2025-05-07
15806,1167,2377.4,12.81,2025-05-07
16821,1246,7580.1,53.13,2025-05-07
17239,1270,4088.2,19.05,2025-05-07
17926,1320,1351.0,12.24,2025-05-07
18102,1329,2334.2,13.81,2025-05-07
18124,1330,2644.7,22.82,2025-05-07
18319,1346,1812.3,9.09,2025-05-07
18838,1387,965.7,8.01,2025-05-07
18894,1393,2504.8,19.59,2025-05-07
19453,1433,2071.5,19.27,2025-05-07
19511,1438,2009.2,11.1,2025-05-07
19876,1466,1216.0,8.1,2025-05-07
20255,1494,4064.7,31.94,2025-05-07
1050,85,2852.1,20.29,2025-05-08
2229,178,4408.5,24.96,2025-05-08
3413,252,3591.5,17.69,2025-05-08
3946,297,4745.1,20.84,2025-05-08
4021,302,2826.0,21.7,2025-05-08
4182,314,1881.3,10.97,2025-05-08
4235,319,3925.6,24.7,2025-05-08
4383,332,2103.1,22.61,2025-05-08
5054,390,1507.3,9.29,2025-05-08
5975,461,2328.9,10.76,2025-05-08
6112,471,2110.6,19.39,2025-05-08
6249,484,3431.8,21.82,2025-05-08
6308,489,4839.5,28.2,2025-05-08
6454,500,2292.5,19.64,2025-05-08
7178,551,3526.4,23.22,2025-05-08
7358,562,4083.6,22.99,2025-05-08
7889,602,4155.6,30.26,2025-05-08
7942,607,2429.6,16.73,2025-05-08
9009,690,2440.3,16.36,2025-05-08
9982,758,1155.1,8.31,2025-05-08
10173,770,2156.9,15.27,2025-05-08
10671,799,4081.7,27.94,2025-05-08
10780,807,2653.7,14.73,2025-05-08
11535,868,3037.4,16.62,2025-05-08
12674,948,709.8,6.48,2025-05-08
12811,959,2659.5,14.9,2025-05-08
13198,988,1066.3,11.32,2025-05-08
13492,1009,2879.6,19.48,2025-05-08
13715,1027,1293.5,8.15,2025-05-08
13919,1042,1658.0,10.08,2025-05-08
13932,1043,3847.8,17.36,2025-05-08
13945,1044,2519.6,17.34,2025-05-08
14870,1110,1216.6,14.67,2025-05-08
15201,1130,3104.1,27.49,2025-05-08
15606,1157,3217.8,21.22,2025-05-08
16146,1194,2022.4,16.84,2025-05-08
16294,1204,2353.8,13.7,2025-05-08
16489,1218,6576.9,48.79,2025-05-08
16497,1219,2456.6,13.27,2025-05-08
16724,1239,6186.8,29.98,2025-05-08
16797,1245,1898.2,15.53,2025-05-08
17551,1294,3890.2,17.57,2025-05-08
18065,1328,3886.0,21.82,2025-05-08
18835,1387,4113.4,36.76,2025-05-08
18926,1397,2717.9,21.05,2025-05-08
19170,1414,3934.8,22.34,2025-05-08
19808,1460,935.2,8.99,2025-05-08
20060,1477,4370.4,21.7,2025-05-08
20170,1488,3487.3,23.9,2025-05-08
20440,1110,1216.6,14.67,2025-05-08
526,43,5303.4,38.81,2025-05-09
2139,172,2847.0,14.05,2025-05-09
2178,175,2240.9,9.51,2025-05-09
2901,223,2300.1,17.29,2025-05-09
3334,245,1802.7,14.14,2025-05-09
3409,252,4141.3,17.25,2025-05-09
3947,297,2322.0,17.65,2025-05-09
4097,308,2118.2,15.29,2025-05-09
4148,311,2798.9,14.27,2025-05-09
4156,311,1122.3,10.1,2025-05-09
4642,356,4122.4,22.11,2025-05-09
4665,358,4103.1,24.86,2025-05-09
5520,427,1271.6,8.97,2025-05-09
6983,535,0.0,0.0,2025-05-09
7139,547,3068.0,17.53,2025-05-09
7454,570,3623.0,29.08,2025-05-09
8233,631,1701.4,14.23,2025-05-09
8512,653,4889.1,28.04,2025-05-09
8794,679,3012.8,19.4,2025-05-09
9406,714,4003.0,18.7,2025-05-09
9420,714,3895.4,29.17,2025-05-09
9802,742,3621.4,16.81,2025-05-09
10107,767,2299.5,17.01,2025-05-09
10837,812,674.4,11.24,2025-05-09
10917,817,4718.8,23.8,2025-05-09
11040,826,1897.0,14.5,2025-05-09
11460,861,2214.3,14.59,2025-05-09
11493,865,2648.3,20.15,2025-05-09
11756,882,3818.1,24.88,2025-05-09
11789,887,4600.8,22.2,2025-05-09
11814,887,3920.1,22.69,2025-05-09
12717,951,3908.6,25.05,2025-05-09
12723,952,1109.6,12.43,2025-05-09
13076,978,3352.2,25.2,2025-05-09
13718,1027,5544.6,42.48,2025-05-09
13861,1037,2904.0,17.54,2025-05-09
13922,1042,1231.0,10.82,2025-05-09
13947,1044,1820.0,18.98,2025-05-09
14061,1055,3473.2,19.86,2025-05-09
14353,1075,726.9,6.93,2025-05-09
14679,1096,2939.7,14.52,2025-05-09
15135,1126,3687.5,16.04,2025-05-09
15361,1142,3051.8,15.58,2025-05-09
15626,1159,1081.7,10.76,2025-05-09
15951,1176,827.3,5.68,2025-05-09
16156,1195,3192.9,13.89,2025-05-09
16210,1199,3701.9,21.39,2025-05-09
16225,1200,3628.3,22.22,2025-05-09
16255,1203,1899.6,10.3,2025-05-09
16555,1225,2745.1,16.61,2025-05-09
16672,1234,2943.6,20.23,2025-05-09
16688,1236,1550.5,13.08,2025-05-09
16910,1252,3536.5,22.68,2025-05-09
17443,1283,1936.6,9.19,2025-05-09
17953,1321,2536.2,16.22,2025-05-09
17970,1321,678.7,5.05,2025-05-09
18196,1334,2317.5,10.1,2025-05-09
19531,1438,1519.9,10.38,2025-05-09
19879,1467,2740.7,17.65,2025-05-09
20025,1475,2853.4,20.98,2025-05-09
259,20,2309.5,21.75,2025-05-10
444,36,1567.8,8.67,2025-05-10
545,43,2147.2,14.61,2025-05-10
1906,150,7211.1,36.14,2025-05-10
2467,194,5591.6,30.74,2025-05-10
3142,236,2700.7,16.39,2025-05-10
4780,369,4157.2,25.29,2025-05-10
5601,432,2361.4,18.6,2025-05-10
6782,520,2113.8,11.55,2025-05-10
6895,529,2007.5,13.97,2025-05-10
7128,547,4491.3,25.89,2025-05-10
7569,579,2670.2,18.36,2025-05-10
7918,606,1028.3,5.91,2025-05-10
8092,617,2033.2,21.71,2025-05-10
8803,679,2731.7,14.17,2025-05-10
10129,769,3143.8,20.96,2025-05-10
10629,796,1871.2,10.26,2025-05-10
10976,821,1489.0,9.05,2025-05-10
11297,848,4246.6,23.53,2025-05-10
11594,871,4020.7,28.52,2025-05-10
11922,896,2747.2,20.09,2025-05-10
12255,917,4571.7,20.51,2025-05-10
12838,960,1486.0,19.28,2025-05-10
13520,1013,1521.3,11.08,2025-05-10
13968,1047,3066.0,12.48,2025-05-10
15189,1129,3185.1,16.86,2025-05-10
16325,1207,4459.0,30.74,2025-05-10
16639,1230,1589.9,13.0,2025-05-10
16968,1255,1207.6,9.78,2025-05-10
17216,1270,4532.7,39.85,2025-05-10
17342,1276,4444.3,27.64,2025-05-10
17497,1289,4205.8,32.89,2025-05-10
17866,1316,3096.6,25.38,2025-05-10
18048,1327,3443.8,21.28,2025-05-10
18283,1343,3041.8,23.82,2025-05-10
18872,1393,3889.9,21.89,2025-05-10
19060,1404,4345.6,21.53,2025-05-10
19528,1438,3150.9,19.97,2025-05-10
19982,1471,3695.1,23.02,2025-05-10
728,63,1409.7,12.25,2025-05-11
2154,172,4680.6,26.08,2025-05-11
2680,208,1495.1,12.35,2025-05-11
2779,214,4518.1,25.13,2025-05-11
3769,284,2670.6,16.68,2025-05-11
4330,328,2336.8,16.4,2025-05-11
5375,416,737.5,6.95,2025-05-11
7042,541,2997.3,20.21,2025-05-11
7445,569,6441.8,26.67,2025-05-11
7698,588,2936.0,15.31,2025-05-11
7708,591,1234.8,9.47,2025-05-11
8642,665,4919.0,27.54,2025-05-11
9153,699,2426.7,12.3,2025-05-11
9640,730,4758.0,32.47,2025-05-11
9773,740,2411.0,12.68,2025-05-11
11473,863,4602.1,20.5,2025-05-11
12695,949,2568.5,24.99,2025-05-11
12963,971,2956.7,16.84,2025-05-11
13652,1022,2640.8,16.39,2025-05-11
13930,1043,4238.0,25.03,2025-05-11
15671,1162,5976.0,44.34,2025-05-11
15695,1163,1777.6,16.02,2025-05-11
16067,1188,3639.6,20.48,2025-05-11
16572,1226,2129.3,13.95,2025-05-11
16883,1249,1579.9,13.15,2025-05-11
17661,1300,2153.1,15.04,2025-05-11
17820,1313,3510.2,16.21,2025-05-11
17955,1321,1885.6,16.91,2025-05-11
18072,1328,2648.5,18.73,2025-05-11
18154,1332,4243.9,19.7,2025-05-11
19512,1438,4685.1,28.75,2025-05-11
20105,1480,3497.0,26.04,2025-05-11
174,16,1884.7,10.02,2025-05-12
244,20,1661.4,7.83,2025-05-12
337,24,3250.0,18.43,2025-05-12
430,34,2076.8,11.8,2025-05-12
662,56,2407.8,13.56,2025-05-12
1496,118,4708.5,27.86,2025-05-12
1858,146,5557.0,30.05,2025-05-12
2291,182,2542.7,13.07,2025-05-12
2292,183,1307.8,8.39,2025-05-12
2295,183,1931.4,14.52,2025-05-12
2623,203,1976.1,14.62,2025-05-12
2842,218,3022.8,22.06,2025-05-12
3068,233,2170.1,12.39,2025-05-12
3503,262,1867.2,12.52,2025-05-12
3778,284,997.9,5.89,2025-05-12
5005,386,1389.3,15.64,2025-05-12
5128,398,2776.7,13.54,2025-05-12
5694,436,2351.7,20.59,2025-05-12
5737,442,3544.3,19.05,2025-05-12
5741,443,6425.3,32.84,2025-05-12
5897,453,2818.5,22.41,2025-05-12
5938,459,2443.9,12.86,2025-05-12
5999,462,2762.2,17.37,2025-05-12
6474,503,1772.1,13.99,2025-05-12
7811,597,1706.9,12.91,2025-05-12
8226,629,2812.5,25.13,2025-05-12
8336,640,3249.9,21.03,2025-05-12
8608,662,4056.5,25.63,2025-05-12
9336,709,2092.0,15.67,2025-05-12
10763,807,1040.6,8.02,2025-05-12
10806,810,2963.2,20.11,2025-05-12
10927,817,3509.7,21.73,2025-05-12
11101,833,4032.5,21.24,2025-05-12
12953,971,2193.7,12.12,2025-05-12
13187,986,1488.1,8.38,2025-05-12
13581,1016,9039.0,51.51,2025-05-12
13696,1024,3790.6,19.43,2025-05-12
14033,1051,3639.9,16.48,2025-05-12
15075,1123,3291.1,23.25,2025-05-12
15533,1154,4041.6,21.46,2025-05-12
15620,1158,3462.2,32.26,2025-05-12
15707,1163,3067.1,18.02,2025-05-12
15893,1170,2051.8,13.2,2025-05-12
16118,1192,3938.2,21.9,2025-05-12
16191,1197,3106.4,22.57,2025-05-12
17065,1261,1940.9,18.69,2025-05-12
17495,1289,5346.9,32.62,2025-05-12
17784,1311,2833.3,20.49,2025-05-12
18070,1328,3852.2,15.14,2025-05-12
18084,1328,3053.1,15.11,2025-05-12
18110,1329,2810.6,19.19,2025-05-12
18423,1353,2038.7,14.46,2025-05-12
19407,1430,4621.8,30.88,2025-05-12
19451,1433,2029.0,9.03,2025-05-12
19527,1438,2816.6,12.28,2025-05-12
19568,1441,2009.3,18.15,2025-05-12
19647,1451,4027.6,23.59,2025-05-12
546,43,5815.3,32.87,2025-05-13
627,53,1405.3,14.55,2025-05-13
1067,87,1953.2,9.26,2025-05-13
1171,96,2520.4,15.41,2025-05-13
1327,106,2383.4,14.25,2025-05-13
1697,133,2174.4,11.04,2025-05-13
2599,201,2505.3,20.07,2025-05-13
4958,381,721.9,6.11,2025-05-13
5499,425,2758.7,16.31,2025-05-13
5617,433,2351.7,13.48,2025-05-13
5627,434,2139.9,10.67,2025-05-13
5779,445,1787.8,11.63,2025-05-13
5816,448,3119.5,16.66,2025-05-13
6315,490,1056.9,7.21,2025-05-13
6852,523,2856.3,18.81,2025-05-13
6921,531,2364.0,10.09,2025-05-13
7669,586,4598.3,28.85,2025-05-13
7875,601,2319.9,14.16,2025-05-13
8354,642,2727.9,18.15,2025-05-13
8505,652,1489.2,9.05,2025-05-13
9513,720,1777.9,14.52,2025-05-13
9774,740,2342.1,18.15,2025-05-13
9885,748,1305.6,6.5,2025-05-13
10289,775,4532.2,29.87,2025-05-13
10867,813,4143.3,22.04,2025-05-13
10960,820,6234.5,27.04,2025-05-13
11299,848,2169.4,11.33,2025-05-13
11386,855,3374.1,14.53,2025-05-13
11497,865,8333.3,47.85,2025-05-13
11630,874,2075.2,10.82,2025-05-13
12247,917,1574.9,7.44,2025-05-13
12515,939,3008.9,26.94,2025-05-13
12635,945,2070.9,11.18,2025-05-13
12688,949,1595.5,8.25,2025-05-13
12793,957,2029.3,12.4,2025-05-13
13282,995,1388.3,9.01,2025-05-13
14362,1075,2082.4,14.0,2025-05-13
14549,1089,1655.2,10.33,2025-05-13
15169,1127,1753.7,11.27,2025-05-13
15486,1152,2466.0,13.64,2025-05-13
16663,1233,2436.7,16.97,2025-05-13
17046,1260,2208.5,12.87,2025-05-13
17716,1305,2331.5,12.83,2025-05-13
18332,1347,1340.4,9.65,2025-05-13
18814,1384,2764.4,22.5,2025-05-13
18858,1390,999.0,7.21,2025-05-13
19249,1418,2687.9,12.78,2025-05-13
19352,1425,5950.0,28.59,2025-05-13
20214,1490,2128.9,17.23,2025-05-13
200,18,1877.0,13.97,2025-05-14
911,74,5835.5,34.07,2025-05-14
1336,106,2632.9,17.69,2025-05-14
1523,120,3630.1,23.78,2025-05-14
1591,124,3215.0,21.29,2025-05-14
1922,151,2242.3,14.14,2025-05-14
2172,175,1447.7,8.43,2025-05-14
2434,190,3281.5,16.5,2025-05-14
2856,220,2020.6,12.48,2025-05-14
3132,236,3268.1,20.44,2025-05-14
3157,237,1404.5,18.59,2025-05-14
3208,238,5906.2,30.35,2025-05-14
3330,245,810.9,5.78,2025-05-14
4226,318,1873.5,9.26,2025-05-14
4587,352,2007.6,12.3,2025-05-14
6524,505,1330.6,18.0,2025-05-14
7122,547,4225.9,37.66,2025-05-14
8032,613,2387.7,14.33,2025-05-14
9900,749,1080.1,9.0,2025-05-14
10016,761,1823.3,12.41,2025-05-14
10017,761,1738.1,9.82,2025-05-14
10525,791,1337.3,9.77,2025-05-14
10552,792,2115.8,20.3,2025-05-14
10570,793,2258.7,13.15,2025-05-14
10853,813,4349.8,27.79,2025-05-14
11380,855,1728.3,16.34,2025-05-14
12107,908,1868.9,14.24,2025-05-14
12249,917,1720.1,10.85,2025-05-14
12699,949,1706.9,7.71,2025-05-14
12861,962,4933.5,30.13,2025-05-14
12895,965,3400.6,20.81,2025-05-14
12991,972,1959.9,11.97,2025-05-14
13238,992,1583.8,11.42,2025-05-14
13697,1024,3676.1,20.1,2025-05-14
16059,1187,1705.7,13.45,2025-05-14
16124,1192,3782.8,23.16,2025-05-14
16311,1206,1357.4,11.61,2025-05-14
16774,1244,5352.6,40.95,2025-05-14
16826,1246,2401.8,16.5,2025-05-14
16954,1254,14275.7,76.26,2025-05-14
17592,1296,1903.9,10.53,2025-05-14
18366,1349,4110.1,23.21,2025-05-14
19159,1414,3689.3,22.51,2025-05-14
19206,1417,2272.8,13.8,2025-05-14
63,7,11125.1,62.36,2025-05-15
70,9,4540.1,24.12,2025-05-15
295,23,2630.3,20.52,2025-05-15
301,23,2178.5,18.97,2025-05-15
478,37,1609.9,15.42,2025-05-15
749,64,1827.9,12.77,2025-05-15
1580,122,4042.7,30.47,2025-05-15
1629,126,1623.4,11.63,2025-05-15
1673,131,1983.5,14.25,2025-05-15
2007,160,2576.1,17.69,2025-05-15
2424,190,3740.5,41.1,2025-05-15
2961,227,11133.8,45.76,2025-05-15
3153,237,4671.7,23.88,2025-05-15
4277,325,2186.1,18.35,2025-05-15
4520,346,3978.6,34.43,2025-05-15
4583,352,3006.7,28.87,2025-05-15
4830,372,3819.9,26.91,2025-05-15
5359,416,4941.9,30.18,2025-05-15
5791,446,3640.7,16.33,2025-05-15
5926,456,1295.5,6.88,2025-05-15
6154,474,1621.7,9.71,2025-05-15
7202,554,3479.9,15.42,2025-05-15
7233,556,2233.5,13.93,2025-05-15
7280,558,4178.2,25.56,2025-05-15
7602,581,1446.4,12.17,2025-05-15
8470,650,1805.2,13.65,2025-05-15
9358,709,3246.2,20.32,2025-05-15
9409,714,2077.1,11.56,2025-05-15
9507,720,1459.6,8.86,2025-05-15
9556,722,2467.0,19.29,2025-05-15
9894,749,4093.4,33.2,2025-05-15
10009,761,2734.1,19.62,2025-05-15
10074,765,3465.5,19.94,2025-05-15
11385,855,2216.0,13.59,2025-05-15
11810,887,3074.9,26.04,2025-05-15
12532,939,2156.8,16.31,2025-05-15
12707,950,1951.0,14.68,2025-05-15
14395,1078,1923.4,16.74,2025-05-15
15017,1118,3141.1,20.9,2025-05-15
15120,1125,1343.8,9.41,2025-05-15
15715,1164,2157.6,15.6,2025-05-15
16335,1209,3260.0,22.69,2025-05-15
17395,1281,2892.9,21.48,2025-05-15
17523,1292,3894.8,23.1,2025-05-15
19147,1413,4500.1,18.86,2025-05-15
20264,1495,2422.9,13.99,2025-05-15
104,12,1971.8,15.55,2025-05-16
224,19,13605.0,64.5,2025-05-16
1752,138,2326.8,14.67,2025-05-16
1941,153,3411.8,18.56,2025-05-16
1948,153,3497.9,23.1,2025-05-16
2084,166,2869.0,16.86,2025-05-16
2144,172,3262.8,22.61,2025-05-16
2502,195,2570.7,18.52,2025-05-16
2511,195,4159.3,21.22,2025-05-16
2708,210,2996.4,23.87,2025-05-16
2923,226,3490.2,22.38,2025-05-16
3201,238,2339.2,14.67,2025-05-16
3402,252,1647.9,9.62,2025-05-16
3796,286,2004.8,11.51,2025-05-16
3869,290,1054.9,8.18,2025-05-16
4381,332,7423.9,54.17,2025-05-16
4544,347,10659.9,77.28,2025-05-16
5575,430,2667.0,14.69,2025-05-16
5606,432,3615.0,22.19,2025-05-16
5987,461,5356.1,28.16,2025-05-16
6043,466,3663.3,16.62,2025-05-16
6434,499,6773.0,46.84,2025-05-16
6573,508,9029.6,35.92,2025-05-16
7088,544,1622.5,12.42,2025-05-16
7161,549,5144.4,23.31,2025-05-16
7550,579,1682.7,11.79,2025-05-16
7622,582,2087.8,13.12,2025-05-16
8055,615,2730.4,13.45,2025-05-16
8315,639,1586.7,14.98,2025-05-16
8602,662,2385.1,21.47,2025-05-16
8850,681,1035.7,6.23,2025-05-16
9015,690,6058.1,30.88,2025-05-16
9089,693,2685.0,22.68,2025-05-16
9498,719,2460.4,17.53,2025-05-16
9790,742,2826.3,19.63,2025-05-16
9977,758,5037.1,26.5,2025-05-16
10474,788,1436.5,9.63,2025-05-16
10534,791,2360.8,14.58,2025-05-16
10565,793,2976.5,16.77,2025-05-16
10912,817,10728.6,53.15,2025-05-16
12114,909,2901.3,19.38,2025-05-16
13020,974,4475.7,29.26,2025-05-16
13078,978,1959.9,9.86,2025-05-16
13743,1028,1137.5,8.45,2025-05-16
14139,1061,2397.8,17.97,2025-05-16
14403,1078,2834.1,20.17,2025-05-16
14685,1096,2334.8,32.41,2025-05-16
14750,1100,2398.2,15.8,2025-05-16
14786,1105,523.3,5.56,2025-05-16
17352,1276,5063.9,28.69,2025-05-16
17591,1296,4218.3,21.84,2025-05-16
17748,1309,2582.9,18.01,2025-05-16
17915,1320,1862.4,20.22,2025-05-16
18348,1347,2350.7,21.69,2025-05-16
18973,1400,2486.4,16.8,2025-05-16
19032,1403,1553.1,9.91,2025-05-16
19087,1406,6238.6,31.61,2025-05-16
19092,1407,2064.5,13.12,2025-05-16
19341,1424,4950.5,37.07,2025-05-16
19561,1441,2162.6,14.97,2025-05-16
19660,1451,1729.8,11.33,2025-05-16
20386,1096,2334.8,32.41,2025-05-16
62,7,4988.7,29.27,2025-05-17
93,12,2296.6,19.69,2025-05-17
150,14,1679.4,8.86,2025-05-17
794,68,2011.4,13.18,2025-05-17
809,69,2872.0,15.14,2025-05-17
1296,104,2441.3,12.7,2025-05-17
1402,110,1796.5,11.45,2025-05-17
1820,145,3984.6,33.15,2025-05-17
2171,175,1464.3,7.25,2025-05-17
2198,177,2956.9,15.93,2025-05-17
2203,177,6386.5,35.63,2025-05-17
2382,188,6208.8,36.9,2025-05-17
2738,211,1371.2,10.02,2025-05-17
3023,230,1660.6,9.86,2025-05-17
3114,235,4135.1,29.96,2025-05-17
3278,242,3897.8,22.47,2025-05-17
4284,325,1910.9,17.64,2025-05-17
6255,485,3035.3,18.35,2025-05-17
8475,651,5112.6,29.17,2025-05-17
9129,696,3551.9,21.0,2025-05-17
9142,698,3248.4,22.24,2025-05-17
9935,752,4088.3,18.13,2025-05-17
10324,778,6293.0,36.63,2025-05-17
10362,781,1625.3,12.12,2025-05-17
10621,796,1532.7,12.76,2025-05-17
11018,825,1572.7,9.51,2025-05-17
11581,870,3601.5,19.36,2025-05-17
12206,915,2795.0,18.51,2025-05-17
14655,1096,1071.5,9.35,2025-05-17
14806,1107,6651.3,33.71,2025-05-17
15605,1157,1787.3,22.06,2025-05-17
15892,1170,3746.9,19.51,2025-05-17
15919,1172,1784.5,13.54,2025-05-17
15997,1179,1422.6,7.3,2025-05-17
16051,1186,2056.9,13.98,2025-05-17
16080,1188,3169.6,18.34,2025-05-17
17689,1304,2297.5,15.76,2025-05-17
17931,1320,3865.3,23.36,2025-05-17
18158,1332,1319.7,19.18,2025-05-17
18462,1355,3466.9,26.6,2025-05-17
19187,1415,1621.2,8.34,2025-05-17
20178,1489,2439.5,15.68,2025-05-17
20397,1172,1784.5,13.54,2025-05-17
1316,105,3655.6,16.68,2025-05-18
2714,210,5384.7,28.97,2025-05-18
2823,217,788.8,7.54,2025-05-18
3017,230,1926.5,13.4,2025-05-18
3427,253,2851.5,11.45,2025-05-18
3558,265,7079.1,40.56,2025-05-18
4817,371,2110.2,11.61,2025-05-18
4980,384,3832.3,26.88,2025-05-18
5369,416,3453.2,18.46,2025-05-18
5479,424,6632.3,28.5,2025-05-18
5589,431,2241.3,16.92,2025-05-18
6492,504,2420.8,11.7,2025-05-18
7340,560,2506.7,16.14,2025-05-18
7862,601,3220.7,16.58,2025-05-18
8458,649,3792.3,23.24,2025-05-18
9620,728,3926.3,31.16,2025-05-18
10048,763,6373.4,33.18,2025-05-18
10077,765,2165.8,15.25,2025-05-18
10332,779,3823.8,35.7,2025-05-18
10682,800,2136.4,11.55,2025-05-18
10873,813,2170.1,17.67,2025-05-18
11133,838,1424.4,11.78,2025-05-18
11209,842,1110.6,6.85,2025-05-18
11431,858,3587.7,17.58,2025-05-18
11929,896,4148.5,20.11,2025-05-18
12376,925,2886.5,22.38,2025-05-18
12841,960,3378.5,16.57,2025-05-18
13631,1021,5760.6,32.49,2025-05-18
13788,1032,5999.1,31.59,2025-05-18
14267,1070,1971.0,16.1,2025-05-18
14906,1113,1803.4,12.58,2025-05-18
15221,1130,2228.0,10.38,2025-05-18
15743,1165,860.8,8.71,2025-05-18
15803,1167,2238.5,12.66,2025-05-18
16740,1240,2940.7,18.36,2025-05-18
16876,1249,1302.9,10.42,2025-05-18
17521,1292,2225.8,18.06,2025-05-18
19233,1418,6761.2,40.26,2025-05-18
19545,1439,1968.3,18.23,2025-05-18
19894,1467,2841.7,20.85,2025-05-18
20049,1476,2204.5,10.65,2025-05-18
20292,1495,1704.5,9.08,2025-05-18
20361,1467,2841.7,20.85,2025-05-18
20434,896,4148.5,20.11,2025-05-18
322,24,1413.9,7.54,2025-05-19
442,35,1583.7,12.7,2025-05-19
463,36,4937.5,35.66,2025-05-19
855,72,2672.0,17.87,2025-05-19
1023,82,2164.9,18.09,2025-05-19
1888,148,1922.6,12.67,2025-05-19
3206,238,3566.2,23.96,2025-05-19
4204,317,2338.9,14.31,2025-05-19
6153,474,1308.9,12.89,2025-05-19
6848,523,3652.9,22.69,2025-05-19
7065,543,2670.7,17.11,2025-05-19
7984,609,1586.5,11.46,2025-05-19
8352,642,3487.7,18.91,2025-05-19
8764,676,1957.6,12.73,2025-05-19
8884,682,2615.9,14.11,2025-05-19
9050,692,1130.5,9.19,2025-05-19
9071,693,4205.9,28.76,2025-05-19
9250,704,2363.1,11.39,2025-05-19
9391,713,1740.6,10.62,2025-05-19
9535,721,2709.5,18.48,2025-05-19
10699,801,2391.8,16.26,2025-05-19
10898,815,3712.4,22.78,2025-05-19
11142,838,3293.3,23.94,2025-05-19
11924,896,2176.1,11.4,2025-05-19
12144,911,3332.6,19.08,2025-05-19
12278,919,2794.3,16.08,2025-05-19
12805,958,2177.1,14.46,2025-05-19
13029,974,3399.8,18.5,2025-05-19
13200,988,1333.3,9.97,2025-05-19
13407,1002,3831.3,21.32,2025-05-19
13569,1015,2561.5,12.19,2025-05-19
13889,1040,1528.7,9.27,2025-05-19
15056,1121,3431.0,23.24,2025-05-19
15407,1145,2489.3,15.34,2025-05-19
16765,1243,6076.2,33.14,2025-05-19
16820,1246,2013.5,16.73,2025-05-19
16827,1247,4834.5,29.75,2025-05-19
16956,1254,1112.6,8.33,2025-05-19
17112,1262,5605.6,30.92,2025-05-19
18104,1329,4442.0,28.11,2025-05-19
18550,1360,2448.3,24.0,2025-05-19
19061,1404,1095.0,6.38,2025-05-19
205,19,3235.1,19.91,2025-05-20
385,27,1740.4,17.81,2025-05-20
771,66,3246.3,16.63,2025-05-20
842,70,1490.2,11.83,2025-05-20
1288,103,1200.4,11.62,2025-05-20
2161,173,2118.6,14.99,2025-05-20
2377,187,4413.2,27.26,2025-05-20
2466,194,4776.1,28.89,2025-05-20
3135,236,1655.5,12.48,2025-05-20
3303,244,2109.7,12.24,2025-05-20
3491,259,2171.7,14.21,2025-05-20
3574,266,2527.6,11.29,2025-05-20
4353,330,2142.5,15.45,2025-05-20
4775,368,2563.6,15.99,2025-05-20
4932,379,4737.8,29.43,2025-05-20
5390,418,688.6,7.11,2025-05-20
5435,422,3037.8,19.27,2025-05-20
5621,433,2326.2,14.91,2025-05-20
6183,476,1562.4,13.72,2025-05-20
6232,481,2314.8,15.8,2025-05-20
6567,508,6403.1,36.52,2025-05-20
6586,509,1445.8,9.33,2025-05-20
6794,522,6362.0,28.55,2025-05-20
7655,585,4288.8,22.74,2025-05-20
7721,591,1223.1,6.32,2025-05-20
7733,591,5141.6,32.58,2025-05-20
7922,606,1932.4,11.26,2025-05-20
7975,609,1671.6,15.79,2025-05-20
8163,623,2566.3,16.24,2025-05-20
8438,647,1713.4,11.3,2025-05-20
8635,665,894.6,12.82,2025-05-20
9004,690,5006.7,22.25,2025-05-20
9193,700,2736.0,14.64,2025-05-20
9897,749,2220.6,16.74,2025-05-20
9940,753,3582.3,19.11,2025-05-20
10158,769,2807.0,16.79,2025-05-20
10454,787,1369.5,11.07,2025-05-20
11074,831,1412.7,7.05,2025-05-20
11264,847,4125.8,25.26,2025-05-20
11344,852,2531.0,12.74,2025-05-20
11613,873,1663.8,8.55,2025-05-20
12678,948,2193.8,15.9,2025-05-20
12950,971,2502.8,12.74,2025-05-20
13538,1014,2504.5,27.43,2025-05-20
13727,1028,6169.4,29.66,2025-05-20
13735,1028,2280.1,13.58,2025-05-20
14098,1058,2711.4,15.38,2025-05-20
15453,1151,2496.3,14.6,2025-05-20
16434,1214,5465.1,28.32,2025-05-20
16948,1253,1506.9,12.52,2025-05-20
17357,1276,3849.6,26.12,2025-05-20
18061,1328,991.3,8.25,2025-05-20
18097,1329,2995.5,23.92,2025-05-20
18537,1358,1445.5,10.26,2025-05-20
18822,1385,3465.2,21.4,2025-05-20
18867,1393,6340.8,37.42,2025-05-20
19988,1471,2049.9,15.22,2025-05-20
20050,1476,5878.0,27.4,2025-05-20
20342,244,2109.7,12.24,2025-05-20
20391,368,2563.6,15.99,2025-05-20
20407,508,6403.1,36.52,2025-05-20
20,3,1006.3,5.62,2025-05-21
372,25,2900.9,23.66,2025-05-21
849,71,2575.0,16.44,2025-05-21
1563,121,5112.2,31.6,2025-05-21
2040,162,1452.8,13.75,2025-05-21
2513,195,3151.7,18.26,2025-05-21
2838,218,1812.7,17.8,2025-05-21
3490,259,2619.9,18.43,2025-05-21
3747,282,956.4,8.57,2025-05-21
3862,290,6811.9,30.23,2025-05-21
3892,291,3876.6,22.7,2025-05-21
4062,306,4451.9,30.58,2025-05-21
4878,374,2894.2,18.66,2025-05-21
4918,377,2255.2,12.29,2025-05-21
5139,399,3007.1,14.19,2025-05-21
5685,436,3327.0,17.18,2025-05-21
6058,468,2427.0,24.13,2025-05-21
6148,474,2000.0,14.12,2025-05-21
7123,547,1493.7,10.93,2025-05-21
7150,548,474.2,6.74,2025-05-21
7157,549,2211.6,12.15,2025-05-21
7730,591,0.0,0.0,2025-05-21
7765,594,2743.3,25.24,2025-05-21
8287,638,2480.3,17.94,2025-05-21
8638,665,706.7,6.54,2025-05-21
9061,693,1904.6,24.96,2025-05-21
9070,693,1154.1,8.49,2025-05-21
9581,724,2270.7,12.65,2025-05-21
9750,738,3810.9,21.06,2025-05-21
10461,787,0.0,0.0,2025-05-21
10790,808,4442.9,23.04,2025-05-21
11272,847,2029.4,16.31,2025-05-21
12309,920,4180.6,29.45,2025-05-21
13412,1003,2970.2,20.18,2025-05-21
13509,1011,1878.6,12.76,2025-05-21
13946,1044,2037.4,17.37,2025-05-21
14799,1106,3051.0,16.69,2025-05-21
14896,1112,2075.3,12.57,2025-05-21
15245,1133,3666.9,24.75,2025-05-21
15639,1160,8796.3,67.98,2025-05-21
15835,1168,2005.8,11.34,2025-05-21
16452,1216,1358.9,8.4,2025-05-21
17414,1282,2484.3,16.6,2025-05-21
17508,1290,1777.3,11.88,2025-05-21
17574,1295,5208.1,28.98,2025-05-21
17770,1310,1823.5,11.05,2025-05-21
17945,1320,3596.3,30.94,2025-05-21
19644,1450,1513.6,9.78,2025-05-21
19790,1459,4170.9,28.03,2025-05-21
19926,1468,1875.0,10.89,2025-05-21
51,6,2936.8,15.13,2025-05-22
112,12,3189.0,24.3,2025-05-22
622,51,3920.9,25.74,2025-05-22
1051,85,2070.4,11.61,2025-05-22
2022,160,2927.5,18.73,2025-05-22
2221,178,2249.7,19.72,2025-05-22
2250,179,2823.0,14.91,2025-05-22
2905,223,954.6,7.94,2025-05-22
3155,237,3200.0,22.42,2025-05-22
3164,237,4563.3,24.04,2025-05-22
3214,238,4977.7,33.09,2025-05-22
3492,259,4044.2,37.11,2025-05-22
3832,290,2222.3,20.63,2025-05-22
4066,306,1911.4,8.35,2025-05-22
4315,328,4539.9,24.03,2025-05-22
4481,344,1746.2,10.58,2025-05-22
4827,372,3086.5,16.37,2025-05-22
5818,448,6373.3,40.2,2025-05-22
6328,491,3142.1,31.4,2025-05-22
6565,508,1172.0,11.24,2025-05-22
6995,536,610.4,5.47,2025-05-22
7458,571,2676.7,14.54,2025-05-22
7719,591,2910.0,28.95,2025-05-22
8305,639,2323.3,15.6,2025-05-22
8650,666,2191.4,14.34,2025-05-22
9671,733,1241.4,6.33,2025-05-22
10037,763,1102.2,8.44,2025-05-22
10398,782,3479.6,21.82,2025-05-22
11275,848,3499.9,21.68,2025-05-22
12843,960,2490.2,18.45,2025-05-22
13183,986,1201.1,11.15,2025-05-22
13677,1024,2565.9,16.49,2025-05-22
13791,1032,3028.8,25.47,2025-05-22
14055,1054,1801.9,14.64,2025-05-22
14622,1093,3156.9,18.17,2025-05-22
14636,1094,3136.3,18.52,2025-05-22
14869,1110,2588.6,20.4,2025-05-22
15439,1150,4192.2,19.63,2025-05-22
15574,1157,7768.8,44.25,2025-05-22
15886,1170,3904.9,21.11,2025-05-22
15994,1179,2511.8,15.74,2025-05-22
16921,1252,3779.9,23.34,2025-05-22
17825,1313,4280.2,29.83,2025-05-22
17907,1319,2184.4,14.46,2025-05-22
18421,1353,2636.6,18.33,2025-05-22
18668,1372,2750.9,16.83,2025-05-22
18977,1400,2206.4,9.58,2025-05-22
19486,1436,1944.1,9.92,2025-05-22
20296,1495,1655.0,16.8,2025-05-22
20334,1500,1500.0,10.66,2025-05-22
36,5,6378.0,49.46,2025-05-23
391,27,4442.8,24.0,2025-05-23
417,31,2775.7,12.96,2025-05-23
418,31,1198.4,7.86,2025-05-23
1265,102,2440.3,17.36,2025-05-23
1709,133,889.1,10.02,2025-05-23
2328,184,913.0,6.79,2025-05-23
2470,194,3965.5,19.77,2025-05-23
2491,195,3675.7,25.47,2025-05-23
3244,241,938.3,5.5,2025-05-23
3406,252,2085.4,11.38,2025-05-23
3683,278,0.0,0.0,2025-05-23
4420,338,1780.7,13.05,2025-05-23
4625,355,1967.6,19.55,2025-05-23
4998,385,2407.9,19.77,2025-05-23
5358,416,1664.7,9.14,2025-05-23
5480,425,1384.4,11.3,2025-05-23
5922,456,2659.9,19.91,2025-05-23
6119,472,3992.9,17.07,2025-05-23
6946,533,1754.1,11.0,2025-05-23
6987,535,2819.1,17.76,2025-05-23
7093,545,2211.9,23.98,2025-05-23
7171,550,1591.5,11.69,2025-05-23
7253,557,3656.5,20.01,2025-05-23
8398,645,1434.7,11.94,2025-05-23
9067,693,4073.4,22.86,2025-05-23
9265,704,3331.2,22.67,2025-05-23
10136,769,2517.2,13.45,2025-05-23
11670,876,1665.6,9.0,2025-05-23
11725,879,1538.0,17.3,2025-05-23
11938,897,1724.1,8.98,2025-05-23
12319,920,973.5,6.08,2025-05-23
13448,1004,3943.4,21.23,2025-05-23
13975,1047,3383.6,18.78,2025-05-23
15839,1168,1632.1,10.07,2025-05-23
16490,1218,3237.6,15.71,2025-05-23
16592,1227,2518.0,18.49,2025-05-23
16600,1227,3565.9,23.56,2025-05-23
16914,1252,2488.0,14.6,2025-05-23
17798,1311,3400.9,28.51,2025-05-23
18816,1385,2986.0,17.29,2025-05-23
19374,1427,0.0,0.0,2025-05-23
19971,1471,4272.7,25.15,2025-05-23
21,3,2936.6,15.86,2025-05-24
346,25,2816.4,31.84,2025-05-24
460,36,1605.6,13.33,2025-05-24
1648,130,2128.6,11.87,2025-05-24
2217,178,3790.9,20.12,2025-05-24
2360,185,2686.7,14.15,2025-05-24
3654,275,1274.4,10.37,2025-05-24
4037,303,1090.0,14.91,2025-05-24
4443,340,915.5,6.36,2025-05-24
6538,506,1188.9,7.96,2025-05-24
7256,557,4650.5,26.26,2025-05-24
7261,557,2213.1,17.3,2025-05-24
7501,574,3430.3,15.29,2025-05-24
8170,625,3545.4,14.48,2025-05-24
9059,693,3957.1,24.63,2025-05-24
9886,748,2536.6,18.32,2025-05-24
9974,758,1962.1,12.45,2025-05-24
10132,769,3553.8,17.39,2025-05-24
10434,785,3611.7,29.61,2025-05-24
10748,806,1981.0,12.7,2025-05-24
12079,906,3896.5,20.65,2025-05-24
13022,974,3398.3,24.34,2025-05-24
13075,978,5136.5,37.76,2025-05-24
13098,979,2375.3,15.57,2025-05-24
13104,980,1789.2,10.71,2025-05-24
14831,1107,3702.8,23.66,2025-05-24
15552,1156,4440.4,22.66,2025-05-24
15726,1164,5135.9,30.06,2025-05-24
16091,1190,3234.8,17.17,2025-05-24
17076,1261,2374.0,16.09,2025-05-24
17302,1273,2856.6,20.35,2025-05-24
17358,1276,3102.3,21.46,2025-05-24
17759,1310,2289.5,16.74,2025-05-24
17823,1313,5338.1,27.26,2025-05-24
18003,1324,7945.2,60.21,2025-05-24
18044,1327,1589.6,10.89,2025-05-24
18216,1336,2725.6,15.68,2025-05-24
18217,1336,0.0,0.0,2025-05-24
18269,1342,977.4,7.35,2025-05-24
18472,1355,5527.2,29.88,2025-05-24
19149,1413,4128.0,20.48,2025-05-24
19376,1428,2721.5,15.14,2025-05-24
19452,1433,3631.9,26.48,2025-05-24
425,32,2591.3,13.44,2025-05-25
690,59,1387.8,14.06,2025-05-25
922,75,2716.3,19.82,2025-05-25
2245,179,2763.0,20.17,2025-05-25
2943,227,1689.3,11.23,2025-05-25
3007,229,912.8,10.47,2025-05-25
3012,229,2980.4,18.33,2025-05-25
3464,256,2606.6,16.76,2025-05-25
4887,375,2211.9,18.74,2025-05-25
4970,382,1036.7,9.71,2025-05-25
5501,425,2257.5,16.7,2025-05-25
5757,444,2397.0,15.07,2025-05-25
6181,476,3209.5,37.0,2025-05-25
7489,572,2367.7,18.2,2025-05-25
7515,575,1816.6,11.3,2025-05-25
8347,642,1784.6,11.05,2025-05-25
8632,664,2396.0,12.84,2025-05-25
8738,675,3365.9,22.85,2025-05-25
8895,683,1486.6,9.29,2025-05-25
9151,699,4229.2,26.25,2025-05-25
9663,733,4648.2,28.38,2025-05-25
10192,771,1103.1,11.42,2025-05-25
11786,885,0.0,0.0,2025-05-25
12211,915,4873.4,22.86,2025-05-25
12568,940,1804.2,8.92,2025-05-25
12673,948,4163.9,31.96,2025-05-25
12731,952,6340.5,36.72,2025-05-25
13674,1023,1350.8,6.93,2025-05-25
14502,1084,2401.7,17.71,2025-05-25
14595,1091,1944.7,18.4,2025-05-25
14735,1100,1892.4,10.72,2025-05-25
15723,1164,2842.8,15.09,2025-05-25
15847,1169,2533.6,29.27,2025-05-25
16769,1243,1668.1,7.97,2025-05-25
17034,1259,1666.3,8.65,2025-05-25
17090,1262,1672.1,17.88,2025-05-25
17343,1276,920.3,10.13,2025-05-25
18311,1345,1452.6,10.6,2025-05-25
18434,1354,3612.1,31.52,2025-05-25
19095,1407,2921.1,23.51,2025-05-25
20276,1495,1775.0,11.4,2025-05-25
688,59,2511.3,15.86,2025-05-26
2439,191,1123.7,7.73,2025-05-26
2703,209,2804.3,18.93,2025-05-26
3066,233,5192.5,31.28,2025-05-26
3872,290,2089.9,10.97,2025-05-26
3979,299,4727.3,24.46,2025-05-26
4084,308,4225.4,26.01,2025-05-26
4566,349,2090.4,11.01,2025-05-26
4572,351,1812.2,14.76,2025-05-26
5120,397,2147.3,14.19,2025-05-26
5888,453,3043.8,23.9,2025-05-26
6083,469,2128.2,13.61,2025-05-26
7317,559,2669.3,14.08,2025-05-26
9114,696,1686.8,10.43,2025-05-26
9134,696,2596.3,14.91,2025-05-26
9155,699,3826.8,21.98,2025-05-26
9211,702,2479.0,19.23,2025-05-26
9739,738,4252.8,26.44,2025-05-26
9843,746,2412.6,14.74,2025-05-26
9863,746,5687.7,33.21,2025-05-26
10543,791,3178.7,16.8,2025-05-26
10732,803,2017.9,17.08,2025-05-26
11151,839,5230.6,40.83,2025-05-26
11291,848,2404.7,15.14,2025-05-26
12535,940,1003.2,12.0,2025-05-26
13138,982,3366.0,16.34,2025-05-26
13328,997,1256.3,7.45,2025-05-26
13452,1005,2037.8,12.68,2025-05-26
13628,1021,1934.4,21.88,2025-05-26
13711,1027,5806.3,26.14,2025-05-26
13937,1044,2773.0,12.54,2025-05-26
14294,1072,3887.4,16.37,2025-05-26
14300,1072,1354.7,7.61,2025-05-26
14380,1077,3688.6,22.61,2025-05-26
14742,1100,1026.3,8.4,2025-05-26
14939,1114,1615.5,12.76,2025-05-26
14981,1117,3661.5,28.54,2025-05-26
15091,1124,3966.9,23.03,2025-05-26
15151,1126,4022.8,23.01,2025-05-26
15424,1148,1579.2,8.44,2025-05-26
16317,1206,1174.9,7.92,2025-05-26
16805,1245,1356.2,10.15,2025-05-26
17155,1266,3299.2,17.44,2025-05-26
17667,1301,4673.2,23.71,2025-05-26
17826,1313,2509.8,17.16,2025-05-26
18402,1350,1583.9,12.12,2025-05-26
18503,1357,2320.7,18.85,2025-05-26
19254,1419,4278.1,31.62,2025-05-26
19503,1437,1630.0,8.22,2025-05-26
19715,1454,1636.7,14.16,2025-05-26
294,22,1546.9,16.09,2025-05-27
459,36,4179.7,26.21,2025-05-27
631,54,1693.7,12.56,2025-05-27
972,80,2091.3,17.64,2025-05-27
1091,90,4881.8,30.09,2025-05-27
1268,102,5956.3,42.81,2025-05-27
1433,113,4753.8,33.19,2025-05-27
2833,218,2582.0,19.39,2025-05-27
3604,271,1499.9,9.16,2025-05-27
3666,276,1882.2,11.74,2025-05-27
3678,277,4533.4,27.58,2025-05-27
4025,302,2554.3,15.1,2025-05-27
4094,308,2731.8,15.13,2025-05-27
4539,346,1481.2,11.93,2025-05-27
4716,361,962.9,7.38,2025-05-27
4746,364,2083.6,20.45,2025-05-27
4861,374,3768.2,22.38,2025-05-27
5184,401,3553.1,27.53,2025-05-27
5224,404,2173.3,12.05,2025-05-27
5813,448,2572.5,11.92,2025-05-27
6144,474,2707.8,21.37,2025-05-27
7491,572,1494.4,11.16,2025-05-27
8097,617,1159.4,10.37,2025-05-27
9403,714,2735.9,16.0,2025-05-27
9579,724,3028.5,18.62,2025-05-27
9704,736,1770.6,9.24,2025-05-27
9921,751,1504.3,14.5,2025-05-27
10985,822,1247.9,7.87,2025-05-27
11155,839,1100.0,9.87,2025-05-27
11530,868,4576.5,23.87,2025-05-27
11602,872,2865.8,16.5,2025-05-27
12117,909,1895.8,12.43,2025-05-27
12592,941,1836.3,10.34,2025-05-27
12970,971,3349.8,17.28,2025-05-27
12980,972,2875.6,19.6,2025-05-27
13220,991,2103.5,15.57,2025-05-27
13527,1013,1492.3,10.59,2025-05-27
13749,1028,3108.1,17.45,2025-05-27
14258,1069,1168.2,13.8,2025-05-27
14295,1072,2820.6,17.23,2025-05-27
14600,1091,2175.1,12.53,2025-05-27
15240,1131,1345.5,10.43,2025-05-27
15368,1142,1503.7,14.79,2025-05-27
15560,1156,2017.0,14.69,2025-05-27
15676,1162,2560.7,16.26,2025-05-27
15693,1163,2926.2,25.34,2025-05-27
15975,1177,1922.7,16.3,2025-05-27
17056,1260,3872.2,31.15,2025-05-27
17214,1269,2063.1,15.36,2025-05-27
17450,1283,2891.2,22.63,2025-05-27
17463,1284,3732.5,22.6,2025-05-27
17571,1295,2614.7,15.69,2025-05-27
18136,1330,2829.6,18.01,2025-05-27
18570,1363,1859.0,11.39,2025-05-27
19052,1404,2488.7,14.31,2025-05-27
19852,1464,2176.7,13.55,2025-05-27
20194,1489,2398.6,24.17,2025-05-27
20306,1498,2229.1,16.59,2025-05-27
182,16,2177.9,16.74,2025-05-28
1184,96,4495.4,33.82,2025-05-28
1204,97,3569.0,18.92,2025-05-28
1478,116,3597.3,20.65,2025-05-28
2263,181,2029.8,14.7,2025-05-28
2555,199,1925.1,13.65,2025-05-28
2817,216,3315.2,19.67,2025-05-28
2939,227,2971.6,19.47,2025-05-28
3226,239,2979.3,17.28,2025-05-28
3367,250,2883.5,22.0,2025-05-28
3404,252,1562.0,15.71,2025-05-28
3495,259,2472.0,16.96,2025-05-28
3977,299,5740.8,36.18,2025-05-28
4056,304,1418.6,7.59,2025-05-28
4243,321,3017.0,18.88,2025-05-28
4400,335,2613.4,15.83,2025-05-28
4506,344,2023.3,15.59,2025-05-28
4770,367,0.0,0.0,2025-05-28
5266,409,2928.4,15.2,2025-05-28
5400,418,1421.8,12.92,2025-05-28
5674,436,2647.4,16.61,2025-05-28
6020,464,3418.8,21.15,2025-05-28
7021,539,1800.4,14.91,2025-05-28
7607,582,1926.9,15.26,2025-05-28
8346,642,658.9,10.06,2025-05-28
8531,655,1822.4,13.38,2025-05-28
8660,668,2682.8,11.42,2025-05-28
9601,725,3827.8,20.09,2025-05-28
9847,746,2007.5,15.31,2025-05-28
9891,749,3538.5,22.93,2025-05-28
9916,751,5258.4,24.37,2025-05-28
10704,802,1669.6,9.5,2025-05-28
10967,820,3892.3,22.21,2025-05-28
11119,835,2643.5,15.35,2025-05-28
11539,868,3585.1,19.56,2025-05-28
11600,871,7103.6,33.52,2025-05-28
11605,872,4325.8,22.21,2025-05-28
11691,878,2632.4,19.96,2025-05-28
11895,893,2131.9,11.72,2025-05-28
12313,920,1801.5,9.98,2025-05-28
12404,927,5754.2,34.95,2025-05-28
12464,935,777.6,12.96,2025-05-28
12558,940,1797.8,14.07,2025-05-28
13563,1015,3121.2,20.03,2025-05-28
13720,1027,3406.1,25.1,2025-05-28
13841,1035,3624.6,28.81,2025-05-28
14615,1092,1454.4,8.87,2025-05-28
14903,1113,3571.0,18.01,2025-05-28
15174,1128,2248.1,16.14,2025-05-28
15827,1168,5546.8,40.64,2025-05-28
15986,1178,2786.8,26.01,2025-05-28
16316,1206,3102.5,17.83,2025-05-28
16388,1212,1571.3,11.81,2025-05-28
17305,1273,2260.0,13.09,2025-05-28
17644,1299,3168.2,15.58,2025-05-28
18128,1330,8562.5,42.1,2025-05-28
18372,1349,2557.4,17.12,2025-05-28
18673,1372,1493.1,15.16,2025-05-28
18935,1397,6163.2,54.28,2025-05-28
19301,1423,3405.3,22.47,2025-05-28
20186,1489,3181.0,16.35,2025-05-28
368,25,1664.7,11.92,2025-05-29
1259,101,3125.8,20.37,2025-05-29
1672,131,1688.3,14.97,2025-05-29
2501,195,1684.3,13.7,2025-05-29
2526,198,702.6,4.18,2025-05-29
2561,199,1391.0,13.3,2025-05-29
3617,273,3541.8,20.02,2025-05-29
4061,305,3111.6,24.95,2025-05-29
4118,309,0.0,0.0,2025-05-29
4723,361,3126.5,12.38,2025-05-29
5052,390,3521.3,22.26,2025-05-29
5426,422,2347.5,15.65,2025-05-29
6318,491,1395.2,7.0,2025-05-29
6493,504,3655.9,23.28,2025-05-29
6497,504,7275.6,34.14,2025-05-29
6607,510,6297.0,51.76,2025-05-29
6649,513,1012.4,7.55,2025-05-29
6738,519,1985.3,11.58,2025-05-29
7159,549,3191.1,17.33,2025-05-29
7175,551,2042.8,12.77,2025-05-29
7892,602,1187.5,9.0,2025-05-29
7954,608,2072.9,11.75,2025-05-29
9816,743,2939.7,18.42,2025-05-29
10431,784,2489.6,17.16,2025-05-29
11402,855,3498.4,26.17,2025-05-29
11537,868,3141.4,19.87,2025-05-29
11663,876,4518.5,30.83,2025-05-29
11699,879,2754.8,14.45,2025-05-29
12631,945,1764.2,10.35,2025-05-29
13294,995,2717.6,15.38,2025-05-29
14582,1090,4795.0,31.1,2025-05-29
15095,1124,5284.0,29.44,2025-05-29
15321,1139,2257.8,37.63,2025-05-29
15404,1145,1944.8,21.6,2025-05-29
15423,1148,1158.0,7.17,2025-05-29
15964,1177,4519.7,26.24,2025-05-29
16009,1181,3915.0,32.2,2025-05-29
16158,1195,3040.0,16.7,2025-05-29
17146,1264,1366.5,9.89,2025-05-29
18390,1350,5665.8,29.24,2025-05-29
18436,1354,3118.5,23.45,2025-05-29
18658,1370,3079.2,21.7,2025-05-29
18709,1375,3011.7,17.27,2025-05-29
19000,1402,2991.5,22.3,2025-05-29
19151,1413,2236.4,15.94,2025-05-29
963,80,0.0,0.0,2025-05-30
1054,85,3513.2,21.97,2025-05-30
1249,101,1428.1,9.65,2025-05-30
1660,130,3547.8,18.23,2025-05-30
2337,185,2084.9,14.21,2025-05-30
2496,195,1731.5,12.8,2025-05-30
2612,202,3128.1,14.05,2025-05-30
2720,211,1375.5,12.61,2025-05-30
3098,234,2348.0,11.32,2025-05-30
3276,242,5002.1,37.44,2025-05-30
3614,272,6028.1,34.49,2025-05-30
3685,278,2859.2,13.09,2025-05-30
4378,332,1120.4,7.03,2025-05-30
4528,346,1071.1,10.02,2025-05-30
5105,394,2513.3,13.26,2025-05-30
5842,449,3647.2,17.35,2025-05-30
6001,463,3238.8,30.48,2025-05-30
6392,497,2733.7,14.53,2025-05-30
6682,515,3169.2,21.33,2025-05-30
7020,539,4774.8,27.01,2025-05-30
7375,564,2208.0,17.15,2025-05-30
7389,564,8605.0,45.58,2025-05-30
7662,585,3223.3,18.59,2025-05-30
8560,659,3508.3,22.22,2025-05-30
9725,737,1833.4,20.72,2025-05-30
9768,740,4781.4,21.36,2025-05-30
10433,785,2515.4,12.48,2025-05-30
10743,805,3483.2,24.23,2025-05-30
10926,817,1022.0,6.61,2025-05-30
11792,887,3431.1,31.66,2025-05-30
12277,919,3720.1,18.71,2025-05-30
13157,984,1911.2,11.72,2025-05-30
13278,994,4384.6,34.74,2025-05-30
13420,1003,1177.7,8.75,2025-05-30
13609,1020,3539.3,15.95,2025-05-30
13965,1046,3664.5,19.85,2025-05-30
15440,1150,2380.7,17.18,2025-05-30
15482,1152,0.0,0.0,2025-05-30
16428,1213,5406.2,35.66,2025-05-30
16487,1218,2291.5,18.35,2025-05-30
16571,1226,1698.4,10.07,2025-05-30
17151,1265,4675.1,22.18,2025-05-30
18056,1327,5332.2,39.1,2025-05-30
18244,1341,2961.6,21.04,2025-05-30
18322,1346,1465.2,8.47,2025-05-30
18870,1393,3649.0,19.52,2025-05-30
19246,1418,3017.0,15.46,2025-05-30
19347,1425,2165.3,17.93,2025-05-30
19569,1442,2937.4,15.27,2025-05-30
20095,1479,1901.6,15.51,2025-05-30
20373,1020,3539.3,15.95,2025-05-30
786,68,3362.9,19.11,2025-05-31
882,73,1714.3,17.23,2025-05-31
2175,175,4338.9,27.41,2025-05-31
2458,194,2408.4,16.81,2025-05-31
2575,200,1301.2,11.91,2025-05-31
2789,214,3392.0,34.49,2025-05-31
3825,289,6875.3,45.63,2025-05-31
4518,345,2062.5,13.59,2025-05-31
4561,349,2731.0,15.06,2025-05-31
4696,359,653.4,6.69,2025-05-31
6176,475,2678.0,12.88,2025-05-31
6220,481,3153.0,26.72,2025-05-31
6792,521,2172.7,13.7,2025-05-31
7391,564,2894.1,15.08,2025-05-31
7434,569,3583.4,26.11,2025-05-31
8015,612,2223.8,11.21,2025-05-31
8365,644,4373.3,33.33,2025-05-31
8942,687,1957.4,10.72,2025-05-31
10079,765,7571.3,33.95,2025-05-31
10095,766,4664.9,22.73,2025-05-31
11012,824,1410.1,7.39,2025-05-31
11034,826,4081.6,19.74,2025-05-31
11511,866,1650.2,10.01,2025-05-31
12470,935,3527.6,17.74,2025-05-31
12667,948,1775.0,12.07,2025-05-31
13175,985,2570.8,14.09,2025-05-31
13378,999,2898.5,24.52,2025-05-31
13818,1035,1735.7,15.93,2025-05-31
14340,1073,2693.5,13.37,2025-05-31
14507,1084,975.1,7.57,2025-05-31
15228,1131,2500.8,12.85,2025-05-31
15725,1164,2225.5,20.07,2025-05-31
15741,1165,3192.2,23.61,2025-05-31
17150,1265,2960.6,19.74,2025-05-31
17381,1279,4754.8,22.01,2025-05-31
17766,1310,1911.0,16.14,2025-05-31
18145,1331,3949.4,19.79,2025-05-31
18326,1347,3990.2,20.15,2025-05-31
18561,1362,903.2,5.22,2025-05-31
18759,1379,2077.5,15.29,2025-05-31
18975,1400,1453.9,10.77,2025-05-31
20082,1478,2357.9,23.96,2025-05-31
250,20,1833.5,13.91,2025-06-01
320,24,0.0,0.0,2025-06-01
493,39,3393.9,18.55,2025-06-01
701,60,2715.4,13.23,2025-06-01
761,65,2549.0,17.66,2025-06-01
1059,85,3491.2,23.25,2025-06-01
1808,145,4927.1,29.09,2025-06-01
2185,175,2010.6,15.39,2025-06-01
3419,252,8724.0,48.31,2025-06-01
3748,282,1536.1,8.42,2025-06-01
4454,341,2405.3,16.91,2025-06-01
4562,349,3349.8,22.64,2025-06-01
4672,358,2095.3,12.84,2025-06-01
5416,420,1881.0,12.08,2025-06-01
5604,432,5156.3,25.8,2025-06-01
6299,488,6859.6,29.22,2025-06-01
6324,491,1055.3,6.79,2025-06-01
7729,591,977.1,9.89,2025-06-01
8633,664,968.4,7.07,2025-06-01
8765,677,1716.7,15.46,2025-06-01
9157,699,2385.6,15.73,2025-06-01
9195,700,4622.1,31.07,2025-06-01
9286,705,3517.6,23.49,2025-06-01
10302,777,3251.8,17.23,2025-06-01
10402,782,3837.7,25.16,2025-06-01
11755,882,3405.0,23.7,2025-06-01
12234,916,2588.8,15.69,2025-06-01
12412,928,6551.9,45.44,2025-06-01
12537,940,2627.5,16.06,2025-06-01
12645,945,6214.3,30.4,2025-06-01
12844,960,1370.1,10.5,2025-06-01
13007,973,1316.7,9.14,2025-06-01
13523,1013,1861.1,13.59,2025-06-01
13812,1034,1201.9,8.96,2025-06-01
13866,1039,2007.2,26.38,2025-06-01
14716,1099,4680.5,20.52,2025-06-01
15254,1133,891.4,8.36,2025-06-01
15471,1151,3474.9,21.73,2025-06-01
15558,1156,2107.1,14.43,2025-06-01
15762,1165,2385.9,20.1,2025-06-01
16419,1212,2481.9,19.25,2025-06-01
16510,1221,1358.7,13.16,2025-06-01
16618,1228,2677.6,19.51,2025-06-01
16624,1229,3039.6,16.99,2025-06-01
16812,1245,3135.9,19.31,2025-06-01
17857,1315,1344.8,8.37,2025-06-01
18309,1345,1694.9,14.89,2025-06-01
18557,1361,3387.6,18.88,2025-06-01
18653,1369,4399.0,27.55,2025-06-01
18729,1377,2948.3,18.43,2025-06-01
18788,1382,1005.8,5.47,2025-06-01
18803,1384,4695.6,22.5,2025-06-01
19388,1429,6321.4,38.86,2025-06-01
19762,1458,2330.8,14.24,2025-06-01
20097,1479,3812.3,27.58,2025-06-01
20211,1490,2723.0,17.9,2025-06-01
20331,1500,1550.8,11.97,2025-06-01
56,7,1981.4,14.31,2025-06-02
617,51,2859.1,17.45,2025-06-02
1503,119,2300.8,14.06,2025-06-02
1729,135,4006.3,18.6,2025-06-02
1936,152,3936.1,23.32,2025-06-02
2582,200,1993.5,14.3,2025-06-02
3289,244,7200.6,35.11,2025-06-02
3332,245,3205.7,23.15,2025-06-02
3344,246,2536.5,18.4,2025-06-02
3571,266,2804.0,15.86,2025-06-02
3625,273,8540.3,41.58,2025-06-02
5138,398,2639.9,17.26,2025-06-02
5835,448,2226.4,15.52,2025-06-02
5927,456,2562.6,14.72,2025-06-02
5996,462,2251.6,14.42,2025-06-02
6068,469,3138.6,22.0,2025-06-02
6311,490,2928.1,19.11,2025-06-02
6411,497,5527.3,28.83,2025-06-02
6469,501,891.4,4.64,2025-06-02
6721,516,3139.4,17.1,2025-06-02
7105,546,1853.2,9.14,2025-06-02
7496,573,4951.9,31.75,2025-06-02
7499,574,5002.3,33.9,2025-06-02
8526,654,3558.3,23.6,2025-06-02
8849,681,2080.9,12.22,2025-06-02
9766,739,869.9,11.65,2025-06-02
11026,825,3271.0,23.5,2025-06-02
11045,827,2405.0,17.27,2025-06-02
13146,984,1509.6,25.16,2025-06-02
13528,1013,3317.4,31.98,2025-06-02
13918,1042,677.4,4.53,2025-06-02
14514,1085,2403.4,15.99,2025-06-02
14834,1107,1474.4,14.19,2025-06-02
15280,1136,1888.2,11.21,2025-06-02
16537,1223,1906.6,14.95,2025-06-02
16764,1242,1337.7,13.94,2025-06-02
17159,1266,1720.9,14.6,2025-06-02
17754,1309,2158.2,15.55,2025-06-02
17900,1318,5333.0,32.38,2025-06-02
18493,1356,2853.8,21.16,2025-06-02
18937,1397,2661.0,32.03,2025-06-02
18945,1397,4577.5,23.5,2025-06-02
19529,1438,2514.0,14.72,2025-06-02
19777,1458,1859.8,13.56,2025-06-02
20408,1136,1888.2,11.21,2025-06-02
20439,1318,5333.0,32.38,2025-06-02
152,14,2856.1,23.78,2025-06-03
217,19,3256.6,19.44,2025-06-03
909,74,4541.0,24.32,2025-06-03
1217,98,5338.1,30.28,2025-06-03
1465,115,2977.4,20.43,2025-06-03
1587,123,3252.7,17.49,2025-06-03
1703,133,2454.3,14.81,2025-06-03
2388,188,4356.2,27.54,2025-06-03
2539,198,1899.7,19.97,2025-06-03
2781,214,2843.0,20.55,2025-06-03
3106,235,1341.3,15.91,2025-06-03
3896,291,3940.6,28.58,2025-06-03
5070,391,4116.6,30.8,2025-06-03
6143,473,1934.8,12.35,2025-06-03
6996,536,3428.3,23.63,2025-06-03
8812,679,617.4,4.96,2025-06-03
9139,697,2260.1,11.38,2025-06-03
9456,715,2143.4,11.48,2025-06-03
10393,782,3309.6,17.54,2025-06-03
10850,812,1530.8,9.61,2025-06-03
11241,846,1712.8,10.41,2025-06-03
12125,910,3054.0,17.45,2025-06-03
14746,1100,2714.8,16.75,2025-06-03
15060,1121,5316.0,22.85,2025-06-03
15583,1157,3139.0,25.47,2025-06-03
15718,1164,990.0,7.75,2025-06-03
15917,1172,2948.0,15.36,2025-06-03
16425,1213,3080.0,30.37,2025-06-03
16426,1213,3354.9,20.57,2025-06-03
16710,1237,3202.6,17.68,2025-06-03
17300,1273,2789.4,20.49,2025-06-03
17986,1322,3244.0,19.68,2025-06-03
18485,1356,1097.7,8.13,2025-06-03
18738,1377,5145.4,30.84,2025-06-03
19628,1448,2625.2,17.62,2025-06-03
19712,1454,7803.0,35.52,2025-06-03
20160,1488,1377.5,16.81,2025-06-03
1330,106,1775.5,13.07,2025-06-04
1749,138,4525.3,20.42,2025-06-04
1841,146,5374.2,32.56,2025-06-04
2457,194,4509.6,24.54,2025-06-04
2753,213,2677.1,20.68,2025-06-04
3430,254,2278.3,16.27,2025-06-04
3873,290,2935.6,13.48,2025-06-04
4257,323,4475.8,34.21,2025-06-04
4502,344,3741.1,28.33,2025-06-04
5072,391,2395.7,14.84,2025-06-04
5241,406,2057.3,13.01,2025-06-04
5989,461,3046.0,16.56,2025-06-04
6123,472,4637.5,37.57,2025-06-04
7137,547,2165.5,14.55,2025-06-04
7776,595,2182.8,12.35,2025-06-04
8131,621,3151.8,21.24,2025-06-04
9544,722,4143.9,25.65,2025-06-04
10259,774,2076.7,15.75,2025-06-04
10275,775,2559.6,12.03,2025-06-04
10295,777,1385.7,14.11,2025-06-04
10987,822,5791.9,46.01,2025-06-04
11338,851,890.7,8.44,2025-06-04
11507,865,1731.9,10.56,2025-06-04
11819,887,2576.9,15.5,2025-06-04
12697,949,1603.7,13.87,2025-06-04
12855,962,3833.9,24.76,2025-06-04
13229,991,1938.0,9.05,2025-06-04
13266,993,939.9,7.24,2025-06-04
13550,1015,1080.9,8.23,2025-06-04
13985,1048,1404.2,11.91,2025-06-04
14885,1111,1336.7,13.01,2025-06-04
14947,1115,1993.7,14.05,2025-06-04
14982,1117,3852.1,19.76,2025-06-04
15522,1154,3235.8,23.78,2025-06-04
15763,1165,1428.1,14.43,2025-06-04
15876,1170,5280.3,39.18,2025-06-04
16339,1209,4168.6,19.53,2025-06-04
16530,1223,5152.9,27.85,2025-06-04
16843,1247,0.0,0.0,2025-06-04
16924,1252,5743.6,30.66,2025-06-04
17403,1282,1234.0,6.61,2025-06-04
17996,1324,4363.7,21.78,2025-06-04
18226,1338,6056.3,60.02,2025-06-04
18341,1347,3374.4,16.58,2025-06-04
19378,1428,1110.0,8.99,2025-06-04
19939,1468,2619.6,17.71,2025-06-04
20045,1476,2072.9,13.5,2025-06-04
673,57,3214.1,20.08,2025-06-05
784,67,1306.4,10.03,2025-06-05
829,70,2538.0,13.77,2025-06-05
1210,97,3350.7,15.21,2025-06-05
1815,145,3288.7,21.1,2025-06-05
2422,190,2572.2,13.4,2025-06-05
2820,216,1139.4,13.92,2025-06-05
2998,229,5222.9,30.09,2025-06-05
3221,239,2258.6,17.53,2025-06-05
3889,291,1629.0,16.81,2025-06-05
4859,374,4439.0,22.34,2025-06-05
4901,376,1784.7,8.15,2025-06-05
5614,432,1861.7,19.75,2025-06-05
6216,480,2958.2,13.93,2025-06-05
6343,492,796.8,6.89,2025-06-05
6513,505,3658.5,21.19,2025-06-05
6623,512,2584.2,10.62,2025-06-05
6700,516,3031.5,23.77,2025-06-05
7029,541,3811.2,22.48,2025-06-05
7777,595,2185.3,13.46,2025-06-05
8928,685,3327.1,20.42,2025-06-05
9105,695,6050.8,35.62,2025-06-05
9379,712,1958.4,10.43,2025-06-05
9459,715,1783.7,8.96,2025-06-05
10697,801,2345.7,20.25,2025-06-05
11374,854,5288.6,35.51,2025-06-05
11832,888,2693.7,15.0,2025-06-05
13158,984,3225.4,24.65,2025-06-05
14040,1051,1823.4,16.12,2025-06-05
14525,1086,2504.2,19.23,2025-06-05
16267,1204,1959.5,12.97,2025-06-05
16351,1209,3204.7,18.14,2025-06-05
18189,1334,1609.5,12.43,2025-06-05
20289,1495,1995.7,15.14,2025-06-05
669,57,2158.0,10.17,2025-06-06
725,63,4025.3,20.72,2025-06-06
920,75,3203.3,21.96,2025-06-06
1046,84,2727.4,16.01,2025-06-06
1519,120,1798.4,14.24,2025-06-06
1940,153,4089.7,32.41,2025-06-06
2338,185,989.2,7.25,2025-06-06
3648,275,3107.3,17.43,2025-06-06
3741,282,2365.1,16.51,2025-06-06
3865,290,1702.4,8.66,2025-06-06
3883,291,1823.9,16.37,2025-06-06
5086,392,4057.1,25.27,2025-06-06
5514,426,4734.8,30.8,2025-06-06
5797,446,4169.6,24.9,2025-06-06
6863,526,786.7,11.7,2025-06-06
7185,552,1976.5,11.17,2025-06-06
7641,584,1844.9,14.5,2025-06-06
7666,585,4952.3,30.45,2025-06-06
8726,673,2551.2,18.79,2025-06-06
9892,749,3010.8,16.54,2025-06-06
10130,769,3976.3,20.79,2025-06-06
11277,848,3252.9,20.97,2025-06-06
11815,887,1604.3,8.45,2025-06-06
11863,889,1075.6,6.82,2025-06-06
12746,953,1710.6,9.72,2025-06-06
12837,960,1628.6,15.06,2025-06-06
13962,1046,1163.0,10.12,2025-06-06
14020,1050,4863.9,20.51,2025-06-06
14124,1060,5414.4,30.32,2025-06-06
15399,1144,3862.6,21.99,2025-06-06
15409,1146,2753.6,14.27,2025-06-06
15449,1151,4279.7,23.38,2025-06-06
15490,1152,1117.7,9.83,2025-06-06
15534,1155,2585.2,15.83,2025-06-06
15980,1178,1263.1,11.38,2025-06-06
16284,1204,3165.2,16.5,2025-06-06
17142,1264,2122.3,17.97,2025-06-06
17174,1266,2376.8,20.93,2025-06-06
17333,1275,970.2,7.41,2025-06-06
17622,1297,3604.5,18.26,2025-06-06
17761,1310,2319.8,10.77,2025-06-06
17787,1311,5431.7,37.58,2025-06-06
17912,1320,1284.2,10.91,2025-06-06
17960,1321,1747.6,16.77,2025-06-06
18253,1341,3377.9,31.0,2025-06-06
18528,1358,1562.8,11.54,2025-06-06
18634,1367,3064.3,14.65,2025-06-06
19051,1404,3362.3,26.41,2025-06-06
19302,1423,7963.6,43.69,2025-06-06
19314,1423,6589.3,36.92,2025-06-06
19369,1426,1896.5,12.29,2025-06-06
19945,1469,3019.4,15.68,2025-06-06
20153,1487,1996.1,12.3,2025-06-06
20442,57,2158.0,10.17,2025-06-06
75,10,3736.7,14.7,2025-06-07
202,19,2514.7,17.61,2025-06-07
237,20,4175.4,46.66,2025-06-07
1787,143,774.9,6.36,2025-06-07
2173,175,5522.6,31.03,2025-06-07
2556,199,3416.3,17.8,2025-06-07
2945,227,2528.1,18.11,2025-06-07
2984,229,2059.6,27.5,2025-06-07
3195,238,1720.1,10.37,2025-06-07
4299,327,2183.1,19.76,2025-06-07
5269,409,886.9,6.79,2025-06-07
5297,411,2592.6,20.59,2025-06-07
5892,453,2322.2,17.95,2025-06-07
6240,483,891.3,8.01,2025-06-07
6561,508,1223.9,11.64,2025-06-07
7135,547,1732.4,9.56,2025-06-07
7603,581,2259.4,16.41,2025-06-07
8203,627,2999.7,15.38,2025-06-07
8864,682,2510.4,14.31,2025-06-07
9784,741,1851.7,12.68,2025-06-07
9844,746,3809.0,27.25,2025-06-07
10489,788,7017.9,37.58,2025-06-07
10506,789,1943.3,13.28,2025-06-07
10753,806,1489.1,9.08,2025-06-07
10832,812,1561.6,11.35,2025-06-07
11232,845,5957.7,34.98,2025-06-07
12686,949,4248.7,21.17,2025-06-07
12801,958,1425.2,9.85,2025-06-07
13316,996,4486.9,25.01,2025-06-07
13734,1028,4073.1,26.12,2025-06-07
13781,1031,1696.4,8.81,2025-06-07
13908,1042,2581.1,13.21,2025-06-07
14304,1072,2081.1,11.49,2025-06-07
14417,1079,1670.0,12.31,2025-06-07
14634,1094,2436.7,15.74,2025-06-07
14814,1107,2199.6,15.75,2025-06-07
14839,1108,2248.8,14.3,2025-06-07
15012,1118,0.0,0.0,2025-06-07
15155,1126,6154.0,26.12,2025-06-07
15161,1127,2440.0,18.93,2025-06-07
15548,1156,2761.1,18.43,2025-06-07
15599,1157,2345.2,16.19,2025-06-07
15769,1165,3998.5,29.32,2025-06-07
15818,1168,4460.5,27.76,2025-06-07
16085,1190,1446.7,10.66,2025-06-07
16331,1208,2447.5,19.54,2025-06-07
16738,1240,752.0,5.82,2025-06-07
16851,1247,2797.1,24.87,2025-06-07
17082,1262,1795.7,10.62,2025-06-07
17258,1271,1874.3,12.92,2025-06-07
17339,1275,4162.3,20.86,2025-06-07
17812,1313,2053.0,12.12,2025-06-07
17950,1321,3421.3,19.78,2025-06-07
18020,1326,3158.1,22.44,2025-06-07
18784,1381,1177.7,6.82,2025-06-07
18839,1387,1960.6,10.36,2025-06-07
19021,1402,7580.4,48.03,2025-06-07
19190,1416,1642.0,11.29,2025-06-07
19458,1434,3872.1,19.14,2025-06-07
20317,1499,4742.0,29.55,2025-06-07
20401,1262,1795.7,10.62,2025-06-07
60,7,2807.6,19.09,2025-06-08
1072,88,1209.4,7.53,2025-06-08
1172,96,784.6,5.27,2025-06-08
1271,102,3350.9,21.1,2025-06-08
1432,113,5132.8,27.85,2025-06-08
1760,138,1620.1,11.17,2025-06-08
2747,213,1374.9,8.27,2025-06-08
3365,249,6282.1,35.63,2025-06-08
4225,318,1610.3,17.27,2025-06-08
4924,378,1475.9,8.75,2025-06-08
5625,433,2456.5,18.67,2025-06-08
5643,434,2990.4,12.38,2025-06-08
6035,465,3509.1,22.18,2025-06-08
7394,564,4785.7,29.05,2025-06-08
7517,575,2203.2,13.5,2025-06-08
7909,606,1622.4,13.32,2025-06-08
8089,617,1310.4,11.99,2025-06-08
8269,635,2516.2,15.83,2025-06-08
8473,651,3152.6,19.68,2025-06-08
8854,681,5179.1,26.86,2025-06-08
10252,773,3592.5,17.32,2025-06-08
10266,774,2628.0,24.44,2025-06-08
11001,822,1635.9,17.92,2025-06-08
11311,848,2964.4,21.0,2025-06-08
11490,865,2928.3,17.17,2025-06-08
12610,944,2125.4,12.92,2025-06-08
12611,944,2125.6,14.1,2025-06-08
13147,984,7103.7,36.47,2025-06-08
13343,998,5168.2,39.82,2025-06-08
13380,999,2878.6,26.21,2025-06-08
13545,1015,1159.5,8.55,2025-06-08
13739,1028,4583.8,25.17,2025-06-08
14043,1052,4585.4,19.78,2025-06-08
14338,1073,4038.3,24.99,2025-06-08
14365,1075,2229.8,15.54,2025-06-08
14577,1090,3739.6,17.5,2025-06-08
15648,1160,2155.2,16.23,2025-06-08
15899,1171,1911.0,11.79,2025-06-08
16001,1180,1605.2,9.42,2025-06-08
16011,1181,2220.1,14.1,2025-06-08
16241,1201,1085.2,5.74,2025-06-08
17010,1258,4519.2,26.06,2025-06-08
17040,1260,1847.3,21.67,2025-06-08
17121,1263,2564.8,15.52,2025-06-08
17987,1323,3866.9,21.04,2025-06-08
18853,1389,906.6,5.81,2025-06-08
19992,1471,2427.4,13.14,2025-06-08
20139,1486,3260.3,23.77,2025-06-08
20354,7,2807.6,19.09,2025-06-08
2,1,1445.0,10.5,2025-06-09
210,19,2726.0,23.07,2025-06-09
347,25,6213.0,31.89,2025-06-09
556,44,1721.9,12.2,2025-06-09
570,47,2212.4,9.54,2025-06-09
620,51,1581.8,10.05,2025-06-09
713,62,1500.0,10.25,2025-06-09
857,72,2304.1,14.57,2025-06-09
2216,178,4113.1,22.39,2025-06-09
2405,188,5562.5,36.56,2025-06-09
2607,202,2221.0,13.85,2025-06-09
2866,221,914.4,7.6,2025-06-09
2988,229,2026.3,20.74,2025-06-09
3016,229,2485.3,12.37,2025-06-09
3202,238,1211.3,11.87,2025-06-09
3366,249,1443.7,9.66,2025-06-09
3590,268,3808.9,22.34,2025-06-09
3894,291,2814.9,16.21,2025-06-09
6131,473,1315.6,10.07,2025-06-09
6761,519,2577.7,13.2,2025-06-09
7166,550,2753.4,16.51,2025-06-09
7484,572,5082.9,21.47,2025-06-09
7581,580,2441.9,25.1,2025-06-09
8050,614,2734.4,27.66,2025-06-09
8867,682,2402.0,19.0,2025-06-09
9014,690,3541.7,20.4,2025-06-09
9192,700,5281.2,33.36,2025-06-09
9300,707,1507.8,25.13,2025-06-09
9432,714,2855.5,15.33,2025-06-09
9666,733,2800.7,24.06,2025-06-09
9805,742,1005.8,6.3,2025-06-09
9913,751,7476.7,34.61,2025-06-09
10335,780,1569.5,14.36,2025-06-09
10951,820,2939.0,18.1,2025-06-09
11206,842,1954.1,13.11,2025-06-09
11397,855,3667.9,20.72,2025-06-09
11579,870,3824.2,22.47,2025-06-09
11828,888,3726.0,19.91,2025-06-09
12012,903,3431.3,23.05,2025-06-09
12113,908,1907.9,12.39,2025-06-09
12177,913,6728.0,34.81,2025-06-09
12625,944,5967.9,30.73,2025-06-09
12711,951,1892.9,10.81,2025-06-09
13660,1022,3557.5,26.83,2025-06-09
14109,1059,2185.2,14.45,2025-06-09
14240,1068,5278.0,33.85,2025-06-09
14374,1076,3324.9,26.35,2025-06-09
14743,1100,2788.9,16.63,2025-06-09
14760,1102,4743.6,31.0,2025-06-09
16111,1191,3745.7,27.59,2025-06-09
16211,1199,688.6,6.53,2025-06-09
16998,1257,2683.3,13.89,2025-06-09
17750,1309,1787.9,11.84,2025-06-09
18679,1374,3122.2,17.13,2025-06-09
19297,1422,1899.1,18.02,2025-06-09
19651,1451,7977.1,48.94,2025-06-09
19901,1468,2271.1,17.14,2025-06-09
20325,1500,1542.8,14.46,2025-06-09
443,35,1180.6,6.83,2025-06-10
1522,120,390.5,4.37,2025-06-10
1800,144,1563.5,8.81,2025-06-10
1866,146,2391.5,19.07,2025-06-10
2126,170,3893.3,36.52,2025-06-10
3001,229,2968.9,23.22,2025-06-10
3456,255,2563.6,19.75,2025-06-10
3792,285,959.7,7.79,2025-06-10
3927,296,2530.8,13.51,2025-06-10
4598,352,3455.4,16.13,2025-06-10
4675,358,6370.4,32.33,2025-06-10
4778,368,2372.5,14.89,2025-06-10
5210,403,4040.3,27.9,2025-06-10
5368,416,418.0,4.94,2025-06-10
5750,444,2459.6,18.57,2025-06-10
6669,514,1426.4,9.1,2025-06-10
6687,515,6666.3,46.4,2025-06-10
7016,539,1750.2,13.4,2025-06-10
7040,541,1688.6,9.59,2025-06-10
7490,572,1202.3,10.27,2025-06-10
7512,575,1641.7,13.22,2025-06-10
8063,615,2665.2,21.34,2025-06-10
8334,640,6230.9,31.7,2025-06-10
8557,659,1386.7,7.03,2025-06-10
9469,716,3905.6,21.92,2025-06-10
9632,729,3061.1,15.79,2025-06-10
9728,737,730.4,10.37,2025-06-10
10228,773,2836.7,23.49,2025-06-10
12126,910,7398.5,39.29,2025-06-10
12944,971,1429.8,13.33,2025-06-10
12967,971,3906.8,16.71,2025-06-10
12971,971,2728.4,17.44,2025-06-10
13410,1003,3191.1,20.2,2025-06-10
13622,1021,3354.4,14.26,2025-06-10
14689,1096,2912.5,20.86,2025-06-10
15252,1133,6499.7,35.11,2025-06-10
15389,1143,1187.0,7.95,2025-06-10
15812,1167,1976.6,17.38,2025-06-10
15879,1170,2469.2,18.43,2025-06-10
16456,1217,2915.4,20.37,2025-06-10
16475,1217,2456.0,16.91,2025-06-10
17313,1274,2367.7,13.39,2025-06-10
17899,1318,1270.3,8.12,2025-06-10
17976,1321,2163.7,13.72,2025-06-10
18177,1333,3494.7,15.16,2025-06-10
18844,1388,2757.9,18.85,2025-06-10
19724,1454,1726.7,10.29,2025-06-10
19967,1471,4066.7,31.87,2025-06-10
20103,1480,3630.0,22.86,2025-06-10
92,12,1019.8,8.61,2025-06-11
683,58,2842.2,19.22,2025-06-11
1047,84,3521.8,18.28,2025-06-11
1412,110,3852.4,20.86,2025-06-11
1524,120,3607.8,23.43,2025-06-11
2252,179,2415.6,25.39,2025-06-11
2271,182,3242.9,21.56,2025-06-11
2529,198,5329.5,37.73,2025-06-11
3228,240,6562.4,30.5,2025-06-11
3319,245,1577.2,13.1,2025-06-11
3585,268,2978.3,15.6,2025-06-11
3646,275,1576.0,9.76,2025-06-11
3939,297,1900.0,11.41,2025-06-11
4088,308,4479.3,34.92,2025-06-11
5669,436,3520.3,21.38,2025-06-11
5947,459,3247.6,22.67,2025-06-11
6211,480,2401.7,16.63,2025-06-11
6525,505,4370.0,22.83,2025-06-11
6922,531,2188.8,13.15,2025-06-11
7181,551,4256.3,29.43,2025-06-11
7366,562,3680.5,20.84,2025-06-11
7570,579,3023.8,17.8,2025-06-11
8675,669,2236.8,15.23,2025-06-11
8852,681,2922.8,16.83,2025-06-11
9128,696,3464.2,16.18,2025-06-11
9276,705,3583.1,20.6,2025-06-11
9821,743,2306.8,16.43,2025-06-11
9941,753,3323.0,24.97,2025-06-11
10670,799,2643.4,14.68,2025-06-11
10919,817,4055.0,21.3,2025-06-11
11833,888,1777.2,9.24,2025-06-11
11961,899,4018.3,29.47,2025-06-11
12045,904,2320.5,26.02,2025-06-11
12371,925,2922.8,17.09,2025-06-11
12694,949,2351.6,13.86,2025-06-11
12733,952,1344.0,12.38,2025-06-11
12875,965,3280.9,17.25,2025-06-11
13199,988,2102.4,12.02,2025-06-11
13583,1016,4994.6,32.64,2025-06-11
14357,1075,2868.5,18.85,2025-06-11
14388,1077,2020.3,12.9,2025-06-11
15855,1169,3511.2,23.65,2025-06-11
15896,1170,2822.5,19.86,2025-06-11
16288,1204,2789.2,22.51,2025-06-11
16521,1223,1625.7,10.87,2025-06-11
16626,1229,2720.9,15.39,2025-06-11
16845,1247,2864.7,18.8,2025-06-11
17317,1274,1106.6,10.5,2025-06-11
18367,1349,3908.3,20.07,2025-06-11
19028,1403,2151.5,15.85,2025-06-11
19079,1406,5348.1,30.36,2025-06-11
19088,1407,2012.3,13.5,2025-06-11
19227,1418,2784.8,21.46,2025-06-11
20189,1489,3067.9,22.76,2025-06-11
173,16,2921.4,12.46,2025-06-12
593,49,3205.3,19.29,2025-06-12
692,59,2061.4,12.86,2025-06-12
944,77,2242.8,13.13,2025-06-12
1277,102,2717.3,16.31,2025-06-12
1380,109,3544.3,26.65,2025-06-12
1472,115,2399.3,20.59,2025-06-12
1618,125,741.6,5.75,2025-06-12
2219,178,1708.9,12.74,2025-06-12
2437,191,1382.2,8.44,2025-06-12
2603,202,3529.2,23.04,2025-06-12
2609,202,2359.8,13.18,2025-06-12
2792,214,2180.8,12.91,2025-06-12
3144,236,2419.9,13.14,2025-06-12
3569,266,1923.5,17.46,2025-06-12
3592,268,1123.4,7.41,2025-06-12
3764,283,5362.2,38.84,2025-06-12
4138,309,1666.6,15.4,2025-06-12
4411,336,1539.1,9.31,2025-06-12
5597,431,0.0,0.0,2025-06-12
6222,481,2274.6,13.15,2025-06-12
6728,517,1747.6,9.75,2025-06-12
7224,556,2864.3,16.28,2025-06-12
8192,626,5293.5,31.78,2025-06-12
8486,652,2600.8,27.16,2025-06-12
8497,652,1376.4,8.75,2025-06-12
8861,682,1804.2,13.51,2025-06-12
9175,700,1534.8,10.54,2025-06-12
9520,721,4199.9,23.62,2025-06-12
9796,742,4307.1,25.21,2025-06-12
10153,769,1872.0,13.51,2025-06-12
10511,790,3930.9,21.23,2025-06-12
12157,911,4605.6,34.2,2025-06-12
12279,919,4365.3,26.67,2025-06-12
12316,920,2326.0,12.24,2025-06-12
13468,1007,3553.1,17.23,2025-06-12
13957,1046,5352.1,40.09,2025-06-12
14301,1072,5302.8,30.33,2025-06-12
14968,1116,1393.4,12.14,2025-06-12
15237,1131,4333.2,22.45,2025-06-12
15811,1167,407.7,2.8,2025-06-12
16408,1212,2107.5,21.29,2025-06-12
18703,1375,1030.3,8.93,2025-06-12
18911,1395,1855.4,19.79,2025-06-12
19977,1471,2568.7,21.57,2025-06-12
20117,1483,1594.3,13.86,2025-06-12
856,72,2299.8,15.19,2025-06-13
1420,111,2183.0,12.69,2025-06-13
1641,128,978.8,10.41,2025-06-13
2843,218,2493.5,14.54,2025-06-13
3072,233,6827.3,31.89,2025-06-13
3632,274,2002.5,14.57,2025-06-13
3642,275,1849.4,15.7,2025-06-13
3659,276,1897.5,10.14,2025-06-13
5774,444,1662.9,15.88,2025-06-13
7214,555,2159.3,15.62,2025-06-13
8249,633,1082.9,7.1,2025-06-13
8537,656,1949.4,15.77,2025-06-13
8829,680,2573.9,13.61,2025-06-13
8944,687,916.2,6.98,2025-06-13
10356,780,1177.5,8.16,2025-06-13
10953,820,3262.3,20.3,2025-06-13
11897,893,2245.4,10.64,2025-06-13
12130,910,4075.2,28.02,2025-06-13
12564,940,3376.4,25.66,2025-06-13
12716,951,4069.5,30.83,2025-06-13
13062,978,1942.1,17.45,2025-06-13
14108,1059,2419.4,13.26,2025-06-13
14195,1065,2794.3,17.35,2025-06-13
14208,1067,2213.1,13.1,2025-06-13
14323,1073,5696.2,33.87,2025-06-13
14454,1081,2896.5,16.21,2025-06-13
15062,1121,3019.5,16.51,2025-06-13
15123,1125,2279.8,17.35,2025-06-13
15858,1169,1958.8,10.97,2025-06-13
15862,1169,1568.4,7.91,2025-06-13
15903,1171,2912.6,22.34,2025-06-13
16440,1214,3233.3,32.88,2025-06-13
16930,1252,1595.6,8.35,2025-06-13
17595,1296,3563.1,17.39,2025-06-13
18886,1393,2426.6,15.37,2025-06-13
18915,1396,1885.1,14.13,2025-06-13
19606,1446,7237.1,41.14,2025-06-13
19858,1465,3238.4,19.87,2025-06-13
381,27,1339.8,13.6,2025-06-14
649,55,4192.2,27.04,2025-06-14
869,72,2204.0,11.96,2025-06-14
874,72,2015.2,10.17,2025-06-14
945,78,3337.8,21.97,2025-06-14
1835,145,3793.3,44.31,2025-06-14
2012,160,3703.2,18.6,2025-06-14
2094,166,1968.2,14.33,2025-06-14
2658,205,3337.0,20.45,2025-06-14
3610,272,2021.0,15.28,2025-06-14
3954,297,4660.5,22.16,2025-06-14
4429,339,1754.3,10.57,2025-06-14
4444,340,2910.3,16.81,2025-06-14
4565,349,3458.5,29.47,2025-06-14
4645,357,5478.3,31.85,2025-06-14
5271,410,1491.9,12.69,2025-06-14
5768,444,4724.9,28.1,2025-06-14
6092,469,2312.2,14.15,2025-06-14
6342,492,1644.6,13.1,2025-06-14
6371,494,2345.1,10.78,2025-06-14
6805,522,2195.7,14.99,2025-06-14
7429,568,5679.7,31.06,2025-06-14
7727,591,3085.2,25.8,2025-06-14
8441,647,3827.3,26.49,2025-06-14
8442,647,768.0,12.8,2025-06-14
8742,675,1350.1,7.33,2025-06-14
8751,675,1652.8,11.97,2025-06-14
8862,682,2350.1,19.0,2025-06-14
9060,693,1975.0,14.82,2025-06-14
9149,698,1619.0,11.62,2025-06-14
10046,763,1038.8,9.65,2025-06-14
10083,765,853.3,6.64,2025-06-14
10480,788,1468.6,10.95,2025-06-14
10579,793,1207.1,12.91,2025-06-14
10688,801,3204.8,25.4,2025-06-14
11082,831,1303.4,8.28,2025-06-14
11694,879,1223.1,11.58,2025-06-14
12232,916,3394.1,19.22,2025-06-14
12756,954,2069.1,15.12,2025-06-14
13092,979,3539.3,22.45,2025-06-14
13648,1022,1252.7,8.31,2025-06-14
14707,1098,2186.3,28.28,2025-06-14
14771,1103,2098.4,18.89,2025-06-14
14876,1111,4298.2,33.72,2025-06-14
15088,1124,3136.0,17.94,2025-06-14
15673,1162,1922.1,17.2,2025-06-14
15708,1163,4711.6,26.19,2025-06-14
17510,1290,4675.3,27.51,2025-06-14
17663,1301,4208.6,28.03,2025-06-14
17767,1310,2488.9,15.46,2025-06-14
17940,1320,2678.7,16.55,2025-06-14
18082,1328,1857.7,15.97,2025-06-14
18300,1345,1764.2,14.16,2025-06-14
18922,1396,1238.6,9.79,2025-06-14
19390,1429,1814.2,10.79,2025-06-14
19669,1451,2013.9,15.55,2025-06-14
19986,1471,4182.7,30.94,2025-06-14
65,7,1481.9,9.15,2025-06-15
448,36,4319.3,30.04,2025-06-15
583,49,4688.7,28.36,2025-06-15
3422,252,5548.3,33.11,2025-06-15
3439,254,625.3,4.43,2025-06-15
5494,425,3286.0,20.91,2025-06-15
5687,436,1329.9,8.21,2025-06-15
6241,483,1436.7,9.3,2025-06-15
6306,489,3132.8,18.44,2025-06-15
6515,505,1941.7,13.54,2025-06-15
7028,541,5091.5,26.85,2025-06-15
7071,543,1405.5,11.09,2025-06-15
7579,580,2565.7,17.27,2025-06-15
8311,639,2136.5,10.66,2025-06-15
8324,640,2984.9,25.67,2025-06-15
8363,644,3576.4,22.75,2025-06-15
9804,742,2079.7,15.64,2025-06-15
10011,761,3189.8,25.14,2025-06-15
10039,763,2890.1,16.95,2025-06-15
10959,820,2596.8,17.55,2025-06-15
10969,821,3405.4,26.35,2025-06-15
11967,900,4584.6,41.41,2025-06-15
12161,911,1875.4,13.13,2025-06-15
12393,926,4653.2,34.29,2025-06-15
12622,944,1959.8,11.31,2025-06-15
13477,1009,3732.8,20.59,2025-06-15
14251,1069,3482.5,17.34,2025-06-15
14836,1108,2770.8,13.29,2025-06-15
14890,1111,3464.8,20.67,2025-06-15
15444,1150,1260.1,11.69,2025-06-15
15650,1161,4812.2,24.09,2025-06-15
16329,1208,1438.9,6.77,2025-06-15
17166,1266,5072.1,29.39,2025-06-15
17222,1270,3168.4,17.72,2025-06-15
17733,1307,3427.8,20.02,2025-06-15
17906,1319,1547.1,8.74,2025-06-15
18087,1328,3301.5,24.88,2025-06-15
18161,1332,7148.7,45.81,2025-06-15
19176,1415,1480.1,9.15,2025-06-15
19195,1416,1460.2,14.84,2025-06-15
20057,1477,3945.4,29.7,2025-06-15
20220,1490,2428.3,21.06,2025-06-15
20472,254,625.3,4.43,2025-06-15
7,1,1462.0,14.05,2025-06-16
299,23,5314.9,40.99,2025-06-16
352,25,1462.5,8.51,2025-06-16
561,46,2811.4,15.81,2025-06-16
773,66,3569.7,19.18,2025-06-16
820,69,1791.9,14.12,2025-06-16
845,71,2665.8,20.07,2025-06-16
1146,93,2686.4,13.0,2025-06-16
1201,97,5099.1,38.36,2025-06-16
1408,110,2002.6,15.54,2025-06-16
1931,152,738.5,5.03,2025-06-16
2552,199,2590.8,16.32,2025-06-16
2592,201,7307.0,48.63,2025-06-16
3148,236,2279.2,11.65,2025-06-16
3176,237,2602.8,16.53,2025-06-16
3982,299,1893.7,11.75,2025-06-16
4590,352,1662.9,20.54,2025-06-16
4835,372,2585.5,14.81,2025-06-16
5132,398,1753.1,12.2,2025-06-16
5478,424,3967.5,28.76,2025-06-16
5740,442,1623.7,18.16,2025-06-16
5823,448,883.2,13.87,2025-06-16
6733,518,2353.2,16.21,2025-06-16
7483,572,3571.7,21.92,2025-06-16
7894,603,1554.1,9.44,2025-06-16
8355,642,1069.8,7.94,2025-06-16
8397,645,3886.3,29.38,2025-06-16
8978,688,1431.3,8.89,2025-06-16
9590,725,1383.4,11.67,2025-06-16
9721,736,2916.8,21.44,2025-06-16
12212,915,3874.2,19.69,2025-06-16
12293,920,7303.6,37.46,2025-06-16
12353,923,5354.0,25.33,2025-06-16
12961,971,2567.9,17.64,2025-06-16
13375,999,1313.9,8.48,2025-06-16
13390,1001,3360.5,18.08,2025-06-16
13786,1032,3320.7,20.08,2025-06-16
13989,1049,4760.6,26.48,2025-06-16
14004,1050,2003.6,11.28,2025-06-16
14696,1096,1731.6,14.68,2025-06-16
14975,1117,803.7,9.7,2025-06-16
15445,1150,2089.4,12.45,2025-06-16
16084,1190,777.9,4.81,2025-06-16
16152,1194,1853.3,16.46,2025-06-16
16420,1212,1319.0,10.98,2025-06-16
17018,1258,2170.6,13.27,2025-06-16
17198,1267,1811.3,9.12,2025-06-16
18585,1365,1563.3,16.81,2025-06-16
19928,1468,2236.0,14.68,2025-06-16
20002,1472,5223.7,34.24,2025-06-16
787,68,3985.3,23.19,2025-06-17
817,69,2076.1,12.21,2025-06-17
1254,101,2166.7,12.34,2025-06-17
1344,107,1645.9,13.74,2025-06-17
2027,161,2655.9,14.08,2025-06-17
2103,167,1731.2,16.0,2025-06-17
2989,229,2674.7,23.01,2025-06-17
3304,244,2997.6,19.55,2025-06-17
3986,299,1522.6,13.18,2025-06-17
4190,315,2793.3,19.2,2025-06-17
4294,326,1638.8,8.54,2025-06-17
4622,355,3680.7,23.69,2025-06-17
4643,356,4372.0,26.81,2025-06-17
5101,394,2701.0,16.18,2025-06-17
5505,425,2044.9,14.69,2025-06-17
5582,430,1328.4,6.62,2025-06-17
6105,471,2807.7,18.33,2025-06-17
7711,591,2996.4,17.06,2025-06-17
7980,609,6323.7,28.37,2025-06-17
8604,662,2481.3,19.03,2025-06-17
8879,682,4440.9,25.81,2025-06-17
9525,721,4367.2,21.78,2025-06-17
9854,746,1413.3,8.01,2025-06-17
10957,820,5570.7,28.39,2025-06-17
11557,868,959.9,6.71,2025-06-17
11772,884,1419.2,7.85,2025-06-17
12183,913,2051.1,15.19,2025-06-17
12935,970,3663.4,17.43,2025-06-17
13085,979,1346.7,9.65,2025-06-17
13599,1019,2192.1,18.86,2025-06-17
13867,1040,5567.1,30.24,2025-06-17
13879,1040,4249.2,22.97,2025-06-17
14177,1063,1272.2,9.07,2025-06-17
14773,1103,2042.4,12.81,2025-06-17
15186,1129,1831.7,15.97,2025-06-17
15685,1162,5298.4,30.16,2025-06-17
15842,1168,4345.1,27.4,2025-06-17
16139,1194,3350.6,21.37,2025-06-17
17192,1267,4719.9,26.64,2025-06-17
18352,1348,1953.7,10.64,2025-06-17
18737,1377,3479.9,30.6,2025-06-17
18746,1378,2125.4,20.09,2025-06-17
18917,1396,1339.9,11.27,2025-06-17
19154,1413,2810.9,18.34,2025-06-17
20260,1494,1331.5,8.45,2025-06-17
704,60,2425.2,13.27,2025-06-18
1504,119,1879.2,8.05,2025-06-18
1839,146,4622.5,29.51,2025-06-18
2352,185,2284.6,12.58,2025-06-18
2763,214,3550.0,22.9,2025-06-18
2777,214,4958.1,25.37,2025-06-18
2799,216,7035.2,37.98,2025-06-18
2959,227,2716.1,16.49,2025-06-18
3651,275,3419.1,23.46,2025-06-18
3806,288,1721.7,23.22,2025-06-18
4180,314,3317.9,22.57,2025-06-18
4343,330,2305.2,14.56,2025-06-18
4943,379,1277.4,10.19,2025-06-18
4953,379,4067.2,28.52,2025-06-18
5044,390,6263.9,30.75,2025-06-18
6432,499,2809.0,27.53,2025-06-18
6631,512,5221.5,25.44,2025-06-18
7207,554,1732.1,10.72,2025-06-18
7650,584,2467.3,14.06,2025-06-18
8979,688,3574.8,17.36,2025-06-18
9290,706,12066.9,70.18,2025-06-18
9667,733,3113.7,14.96,2025-06-18
9711,736,4470.0,29.82,2025-06-18
9726,737,1632.4,14.06,2025-06-18
10895,815,6742.9,31.67,2025-06-18
10913,817,3966.0,26.95,2025-06-18
11131,838,1334.6,7.71,2025-06-18
11688,877,1795.2,15.15,2025-06-18
11724,879,3561.4,25.21,2025-06-18
11934,897,2704.9,15.81,2025-06-18
12141,911,2786.2,16.42,2025-06-18
12484,937,1567.9,10.26,2025-06-18
12759,954,2885.1,16.54,2025-06-18
13217,990,1771.4,12.35,2025-06-18
13400,1001,3082.7,17.9,2025-06-18
14182,1063,3722.3,18.84,2025-06-18
14701,1097,4781.7,27.73,2025-06-18
15513,1153,1614.5,9.25,2025-06-18
15761,1165,2630.7,15.61,2025-06-18
16345,1209,2102.4,11.2,2025-06-18
16675,1236,2374.7,19.85,2025-06-18
17401,1281,2034.9,10.71,2025-06-18
17402,1281,1811.6,13.32,2025-06-18
17596,1296,1046.1,5.29,2025-06-18
18180,1333,3909.1,19.16,2025-06-18
19039,1403,3125.5,22.06,2025-06-18
19364,1426,2540.1,15.62,2025-06-18
19415,1430,5173.4,23.2,2025-06-18
19428,1431,2526.7,19.36,2025-06-18
19572,1443,1364.1,8.59,2025-06-18
139,14,3036.2,17.91,2025-06-19
187,17,2504.9,13.21,2025-06-19
833,70,2580.9,17.14,2025-06-19
1206,97,4601.1,27.31,2025-06-19
1357,108,2293.1,17.82,2025-06-19
2565,199,1521.5,8.71,2025-06-19
3663,276,1452.1,11.44,2025-06-19
3664,276,1468.7,10.1,2025-06-19
3758,283,3660.3,25.02,2025-06-19
4189,315,2136.7,12.13,2025-06-19
4354,330,1818.6,12.33,2025-06-19
4401,335,3154.8,26.43,2025-06-19
5364,416,1530.5,17.47,2025-06-19
5408,419,2417.4,12.62,2025-06-19
5440,422,3070.0,18.12,2025-06-19
5907,454,1018.3,10.49,2025-06-19
6050,466,2212.5,13.22,2025-06-19
6209,480,2761.6,14.75,2025-06-19
6840,523,1374.3,12.47,2025-06-19
7439,569,1477.5,12.06,2025-06-19
7587,580,2495.5,16.17,2025-06-19
7702,589,1971.7,10.13,2025-06-19
8118,619,3840.3,21.01,2025-06-19
9475,716,3530.6,26.03,2025-06-19
9651,731,3315.9,18.09,2025-06-19
10293,777,3478.3,21.95,2025-06-19
11957,899,3129.3,24.12,2025-06-19
12062,905,3544.4,18.08,2025-06-19
13267,993,1600.4,13.44,2025-06-19
13636,1021,868.9,5.0,2025-06-19
15197,1129,4278.8,29.01,2025-06-19
16529,1223,2099.5,11.47,2025-06-19
16543,1224,3776.6,22.19,2025-06-19
17260,1271,2309.7,14.89,2025-06-19
17476,1287,802.3,6.92,2025-06-19
18237,1340,1339.7,11.36,2025-06-19
18376,1349,7666.6,53.56,2025-06-19
18491,1356,2961.7,15.7,2025-06-19
18713,1375,2124.4,19.98,2025-06-19
19433,1432,2159.7,14.15,2025-06-19
19842,1463,8817.8,35.41,2025-06-19
20282,1495,1749.4,12.73,2025-06-19
549,44,5429.7,33.55,2025-06-20
1028,83,6692.7,35.82,2025-06-20
1198,97,1714.4,10.55,2025-06-20
1463,115,3425.7,23.31,2025-06-20
3352,247,2278.9,16.54,2025-06-20
3510,262,2671.5,17.5,2025-06-20
3696,279,5353.8,21.84,2025-06-20
4157,312,1487.7,8.2,2025-06-20
4971,382,2545.1,16.61,2025-06-20
5026,389,4671.9,25.02,2025-06-20
5057,390,4834.7,21.47,2025-06-20
5974,460,4453.2,26.75,2025-06-20
6716,516,2250.7,17.78,2025-06-20
7023,540,2586.3,14.59,2025-06-20
7070,543,1199.4,7.71,2025-06-20
7766,594,1300.6,12.63,2025-06-20
8454,648,1599.5,15.6,2025-06-20
9826,745,2290.7,15.1,2025-06-20
9896,749,1722.4,9.72,2025-06-20
9906,750,5868.8,27.43,2025-06-20
10346,780,1936.2,15.76,2025-06-20
11202,842,5022.1,31.03,2025-06-20
12340,922,2381.1,20.31,2025-06-20
12375,925,1956.4,9.58,2025-06-20
12567,940,2570.8,14.57,2025-06-20
13094,979,5737.3,29.64,2025-06-20
13457,1005,1681.1,13.03,2025-06-20
13654,1022,1079.7,8.13,2025-06-20
13899,1041,2260.6,12.67,2025-06-20
14649,1095,5107.1,27.26,2025-06-20
14892,1111,2633.1,18.34,2025-06-20
15203,1130,5484.7,35.12,2025-06-20
15212,1130,4523.5,29.42,2025-06-20
15651,1161,1809.8,13.13,2025-06-20
17904,1319,1904.9,8.89,2025-06-20
18002,1324,1201.2,10.34,2025-06-20
18310,1345,8078.2,35.39,2025-06-20
18552,1360,2642.7,20.35,2025-06-20
18667,1372,2171.0,19.09,2025-06-20
19002,1402,3880.0,23.43,2025-06-20
19827,1461,2553.6,13.07,2025-06-20
19989,1471,1498.5,10.32,2025-06-20
20219,1490,3508.1,20.62,2025-06-20
20253,1494,4086.6,25.28,2025-06-20
116,12,3148.2,29.21,2025-06-21
1849,146,4382.7,21.37,2025-06-21
2413,189,2267.4,17.39,2025-06-21
3217,239,2797.6,18.86,2025-06-21
3331,245,1771.5,14.21,2025-06-21
4867,374,5145.7,29.77,2025-06-21
5495,425,955.4,5.33,2025-06-21
5497,425,1778.6,8.17,2025-06-21
6419,498,2253.6,11.85,2025-06-21
6518,505,2279.6,17.57,2025-06-21
6672,515,2345.8,16.48,2025-06-21
7670,586,5586.9,35.76,2025-06-21
8104,617,3999.1,21.18,2025-06-21
8210,627,1823.9,12.97,2025-06-21
8584,660,1617.6,11.93,2025-06-21
9217,703,597.5,2.87,2025-06-21
9388,713,1326.6,11.4,2025-06-21
9760,738,1739.1,14.05,2025-06-21
9924,751,1980.9,15.44,2025-06-21
10020,761,3974.5,26.74,2025-06-21
10185,771,3316.0,19.87,2025-06-21
10729,802,2582.2,12.24,2025-06-21
11495,865,6584.7,42.97,2025-06-21
12156,911,2756.2,20.41,2025-06-21
12488,938,2605.3,21.4,2025-06-21
12831,960,3216.4,16.28,2025-06-21
13625,1021,2765.5,15.74,2025-06-21
14787,1105,1234.6,9.88,2025-06-21
15035,1120,2686.9,15.63,2025-06-21
15127,1125,2141.0,16.04,2025-06-21
15793,1167,2118.7,13.4,2025-06-21
15981,1178,4346.9,18.6,2025-06-21
16186,1197,2548.5,16.82,2025-06-21
16313,1206,2843.6,14.65,2025-06-21
16515,1222,3645.6,16.1,2025-06-21
16611,1228,4488.4,22.68,2025-06-21
17002,1257,1952.2,10.94,2025-06-21
17043,1260,5061.3,34.09,2025-06-21
17058,1260,3364.9,21.43,2025-06-21
17094,1262,5009.8,27.95,2025-06-21
17259,1271,2138.5,16.07,2025-06-21
17618,1297,1052.4,6.67,2025-06-21
17620,1297,1619.6,8.4,2025-06-21
18057,1327,3069.8,18.31,2025-06-21
19157,1414,1369.9,8.56,2025-06-21
19479,1436,2659.5,13.48,2025-06-21
19788,1459,2823.0,19.49,2025-06-21
19839,1462,3006.0,15.69,2025-06-21
20054,1477,4057.1,22.06,2025-06-21
20327,1500,3351.4,18.08,2025-06-21
20425,1262,5009.8,27.95,2025-06-21
378,26,3001.4,28.18,2025-06-22
520,43,2313.0,17.42,2025-06-22
918,75,4815.6,22.29,2025-06-22
1363,108,2271.0,19.12,2025-06-22
1371,109,4420.4,27.1,2025-06-22
1464,115,6643.4,44.72,2025-06-22
1657,130,2212.6,19.85,2025-06-22
1754,138,3388.5,20.2,2025-06-22
2327,184,5944.8,35.08,2025-06-22
2452,194,3898.5,24.19,2025-06-22
2783,214,2658.2,15.38,2025-06-22
2965,228,1225.8,7.81,2025-06-22
2982,229,1537.4,8.83,2025-06-22
3084,233,6008.8,32.91,2025-06-22
3190,238,2960.2,14.57,2025-06-22
3356,248,1861.0,9.81,2025-06-22
3852,290,4004.6,28.97,2025-06-22
4176,314,3548.7,33.83,2025-06-22
4535,346,3743.9,18.07,2025-06-22
4652,357,1132.2,8.8,2025-06-22
5525,427,4246.6,27.32,2025-06-22
6172,475,5140.2,34.14,2025-06-22
6481,503,2076.9,11.16,2025-06-22
6814,522,1613.7,9.17,2025-06-22
8169,625,950.0,8.49,2025-06-22
8576,660,1531.4,16.71,2025-06-22
8800,679,2304.8,24.35,2025-06-22
9476,716,2902.9,16.97,2025-06-22
9735,737,3162.0,19.76,2025-06-22
10051,763,1440.3,9.52,2025-06-22
10573,793,1710.1,19.07,2025-06-22
11506,865,1346.0,9.74,2025-06-22
11650,875,2036.0,15.99,2025-06-22
12074,906,2683.3,17.11,2025-06-22
13124,981,4707.7,27.85,2025-06-22
13240,992,2998.7,22.93,2025-06-22
15265,1134,3291.2,22.7,2025-06-22
15493,1152,3980.3,19.4,2025-06-22
15792,1167,5491.7,36.49,2025-06-22
16013,1181,2520.4,16.29,2025-06-22
16705,1237,2109.4,13.15,2025-06-22
16840,1247,1822.0,15.91,2025-06-22
17022,1259,2419.6,14.57,2025-06-22
17115,1263,1760.1,10.16,2025-06-22
17122,1263,2561.1,13.33,2025-06-22
17306,1273,1410.6,8.9,2025-06-22
18085,1328,2502.4,13.37,2025-06-22
18650,1369,3346.2,36.62,2025-06-22
18659,1370,1220.6,9.58,2025-06-22
18690,1375,1116.0,18.6,2025-06-22
20444,427,4246.6,27.32,2025-06-22
580,48,3338.3,20.91,2025-06-23
1082,89,2212.7,10.59,2025-06-23
1256,101,1089.1,13.95,2025-06-23
1466,115,4068.7,22.12,2025-06-23
1755,138,4421.9,25.86,2025-06-23
2925,226,2449.8,15.08,2025-06-23
3122,236,3363.7,20.8,2025-06-23
3338,245,3176.9,18.58,2025-06-23
3697,279,1932.6,11.85,2025-06-23
4342,330,1157.0,8.17,2025-06-23
4759,365,3716.2,20.11,2025-06-23
4761,366,5120.3,25.47,2025-06-23
4876,374,4833.8,33.72,2025-06-23
4952,379,1351.6,13.24,2025-06-23
5163,400,2712.1,23.11,2025-06-23
5208,403,1284.0,7.62,2025-06-23
5354,416,1856.1,15.73,2025-06-23
6099,470,1415.2,8.42,2025-06-23
7258,557,2618.3,12.55,2025-06-23
7415,568,1060.6,6.55,2025-06-23
7562,579,4120.4,25.6,2025-06-23
7674,587,2235.7,17.54,2025-06-23
7819,597,3807.7,16.3,2025-06-23
8255,633,3788.7,23.39,2025-06-23
10883,814,2155.2,15.53,2025-06-23
11186,840,1959.5,13.26,2025-06-23
11516,866,4250.7,20.92,2025-06-23
13071,978,1829.8,10.89,2025-06-23
13222,991,1438.8,12.18,2025-06-23
13247,993,1025.1,7.59,2025-06-23
13764,1030,3084.3,21.73,2025-06-23
14214,1067,2422.5,12.6,2025-06-23
14837,1108,1929.8,12.08,2025-06-23
14972,1117,1980.5,10.88,2025-06-23
14984,1117,1241.3,7.34,2025-06-23
14998,1118,3662.2,21.22,2025-06-23
15108,1125,6621.1,36.75,2025-06-23
15413,1146,3533.6,15.4,2025-06-23
15530,1154,1415.0,10.29,2025-06-23
15873,1169,1427.2,10.68,2025-06-23
16171,1196,1709.3,9.5,2025-06-23
16279,1204,1070.0,7.58,2025-06-23
16290,1204,6323.3,31.77,2025-06-23
16358,1210,1385.4,14.79,2025-06-23
16465,1217,3150.1,24.45,2025-06-23
16517,1222,2215.5,11.51,2025-06-23
17054,1260,956.2,6.39,2025-06-23
17916,1320,3047.3,25.14,2025-06-23
18035,1327,2161.0,19.33,2025-06-23
18644,1368,2405.1,13.94,2025-06-23
18971,1399,5238.6,27.36,2025-06-23
19449,1433,2369.3,14.34,2025-06-23
19556,1441,2444.5,14.46,2025-06-23
19589,1443,2942.3,26.51,2025-06-23
461,36,2257.7,18.66,2025-06-24
1173,96,741.2,9.99,2025-06-24
1284,103,1680.8,12.35,2025-06-24
1870,147,2981.1,14.1,2025-06-24
2546,199,3753.5,26.81,2025-06-24
3193,238,2149.3,10.95,2025-06-24
3287,244,1643.3,15.13,2025-06-24
4312,328,1328.3,8.32,2025-06-24
4747,364,987.5,8.8,2025-06-24
4813,371,1253.8,11.88,2025-06-24
4993,384,1789.4,13.34,2025-06-24
5082,392,2351.0,12.42,2025-06-24
5287,411,3428.2,18.87,2025-06-24
5451,424,5734.7,34.93,2025-06-24
5470,424,4010.6,27.5,2025-06-24
5879,452,1197.2,7.41,2025-06-24
6488,503,3846.0,22.25,2025-06-24
6678,515,2744.1,16.76,2025-06-24
7351,561,776.9,9.36,2025-06-24
7930,607,3112.6,18.82,2025-06-24
8418,647,2367.9,15.04,2025-06-24
9025,691,3273.4,19.37,2025-06-24
9288,705,4791.2,37.3,2025-06-24
9301,707,4120.4,19.83,2025-06-24
9648,731,1267.5,7.72,2025-06-24
10405,782,1655.7,11.91,2025-06-24
10719,802,5487.9,31.97,2025-06-24
11285,848,4174.9,28.01,2025-06-24
12670,948,2244.2,16.19,2025-06-24
13160,984,1574.7,13.25,2025-06-24
13882,1040,4808.9,34.64,2025-06-24
14784,1104,2958.3,21.95,2025-06-24
15394,1143,3091.7,27.55,2025-06-24
15691,1163,3925.4,30.76,2025-06-24
16573,1226,1844.2,15.49,2025-06-24
16915,1252,4202.3,21.64,2025-06-24
17380,1279,3603.8,22.39,2025-06-24
17535,1293,2209.1,20.15,2025-06-24
19257,1419,2930.4,19.05,2025-06-24
19627,1448,1209.6,14.64,2025-06-24
19902,1468,2919.1,21.21,2025-06-24
20180,1489,3116.1,26.41,2025-06-24
253,20,2677.4,19.6,2025-06-25
2119,169,2025.8,12.77,2025-06-25
2158,173,3236.8,17.13,2025-06-25
2941,227,3900.1,20.56,2025-06-25
3532,263,1744.3,11.45,2025-06-25
5162,400,1862.7,14.26,2025-06-25
5698,438,1303.5,8.35,2025-06-25
5915,455,2914.4,15.98,2025-06-25
6300,488,473.8,4.0,2025-06-25
6746,519,2677.0,17.81,2025-06-25
7223,556,2567.7,25.29,2025-06-25
7706,590,3053.5,20.6,2025-06-25
8845,681,2769.0,16.26,2025-06-25
9463,716,1485.3,14.41,2025-06-25
9901,750,2065.2,10.99,2025-06-25
10600,795,2602.7,17.3,2025-06-25
10819,811,9512.1,45.98,2025-06-25
11631,874,3491.8,24.23,2025-06-25
11649,875,1827.4,17.67,2025-06-25
11701,879,1808.6,12.04,2025-06-25
13225,991,2789.8,23.18,2025-06-25
13308,996,2713.0,20.41,2025-06-25
13399,1001,3174.3,15.57,2025-06-25
13846,1035,2827.8,15.78,2025-06-25
14007,1050,1677.2,12.69,2025-06-25
14205,1066,3217.0,20.7,2025-06-25
14432,1079,2481.9,14.5,2025-06-25
14740,1100,2707.3,17.14,2025-06-25
14853,1108,1773.6,10.36,2025-06-25
14969,1116,2682.0,17.21,2025-06-25
15450,1151,4365.4,26.12,2025-06-25
16079,1188,2880.0,23.13,2025-06-25
16424,1213,986.3,5.88,2025-06-25
16907,1251,1318.8,9.65,2025-06-25
17093,1262,1861.8,12.62,2025-06-25
17170,1266,7272.0,47.18,2025-06-25
17445,1283,2845.6,15.22,2025-06-25
18387,1349,4633.5,32.87,2025-06-25
18461,1355,3041.9,18.87,2025-06-25
18466,1355,0.0,0.0,2025-06-25
18786,1382,573.7,5.53,2025-06-25
19321,1423,7245.3,55.55,2025-06-25
19616,1448,1454.2,14.86,2025-06-25
20099,1479,5036.5,29.83,2025-06-25
20378,991,2789.8,23.18,2025-06-25
881,73,1430.6,12.87,2025-06-26
1623,125,2954.0,15.5,2025-06-26
2778,214,7086.1,40.61,2025-06-26
3189,238,669.0,5.97,2025-06-26
3314,244,2915.6,12.25,2025-06-26
3750,283,1343.6,8.34,2025-06-26
4155,311,1286.2,7.31,2025-06-26
4491,344,1137.2,12.95,2025-06-26
4651,357,2256.2,12.92,2025-06-26
5759,444,2740.9,24.37,2025-06-26
5932,458,2198.0,17.49,2025-06-26
6284,487,2439.0,14.64,2025-06-26
6568,508,2709.0,20.08,2025-06-26
6585,509,2010.3,13.96,2025-06-26
7121,547,2764.2,20.43,2025-06-26
7955,608,889.2,7.77,2025-06-26
8964,687,4400.8,29.5,2025-06-26
9282,705,2766.0,32.64,2025-06-26
9466,716,3142.8,21.2,2025-06-26
9639,730,2243.3,15.72,2025-06-26
11353,853,1613.5,8.15,2025-06-26
11811,887,1175.7,11.11,2025-06-26
12258,917,2463.6,11.33,2025-06-26
12460,934,2683.2,17.76,2025-06-26
12978,972,5554.0,25.5,2025-06-26
14478,1082,2874.9,25.52,2025-06-26
14846,1108,740.7,7.67,2025-06-26
15156,1126,2883.0,14.56,2025-06-26
15661,1161,2227.4,19.22,2025-06-26
15724,1164,4500.4,25.93,2025-06-26
16640,1230,2353.4,10.14,2025-06-26
17948,1321,2494.6,19.37,2025-06-26
18184,1333,3145.7,18.25,2025-06-26
18247,1341,1790.8,9.88,2025-06-26
18586,1365,3048.5,16.49,2025-06-26
19030,1403,2426.8,9.47,2025-06-26
20349,1365,3048.5,16.49,2025-06-26
176,16,2395.9,12.23,2025-06-27
199,18,2040.7,16.08,2025-06-27
852,72,3289.2,18.11,2025-06-27
1044,84,2911.0,14.12,2025-06-27
1423,112,1796.5,13.07,2025-06-27
1425,113,2881.1,17.12,2025-06-27
1639,128,2615.2,14.08,2025-06-27
1654,130,1562.5,13.76,2025-06-27
2365,186,2266.4,15.45,2025-06-27
3515,262,4357.8,29.93,2025-06-27
3634,274,2869.1,19.0,2025-06-27
3805,287,3657.2,22.72,2025-06-27
3978,299,4861.3,32.03,2025-06-27
4101,308,1408.6,10.49,2025-06-27
4483,344,5502.5,34.33,2025-06-27
4804,371,2154.6,15.97,2025-06-27
4922,378,2478.3,15.17,2025-06-27
5528,427,4275.8,23.82,2025-06-27
7991,610,2698.6,15.97,2025-06-27
8245,633,2017.1,16.66,2025-06-27
8353,642,4359.2,34.38,2025-06-27
8917,684,3095.4,15.97,2025-06-27
9411,714,2194.6,12.65,2025-06-27
9599,725,1271.5,16.22,2025-06-27
10015,761,5563.6,34.4,2025-06-27
10547,791,3753.6,23.43,2025-06-27
11461,862,2493.1,18.67,2025-06-27
11468,863,4142.5,18.6,2025-06-27
12037,904,3221.7,23.02,2025-06-27
12880,965,3351.2,19.99,2025-06-27
14458,1081,2991.4,18.92,2025-06-27
14845,1108,2338.7,12.94,2025-06-27
15098,1124,3549.2,25.34,2025-06-27
16202,1199,2034.4,16.06,2025-06-27
16589,1227,3764.1,24.33,2025-06-27
16634,1230,1955.8,13.18,2025-06-27
16638,1230,2486.1,12.91,2025-06-27
17353,1276,3073.1,21.65,2025-06-27
17541,1293,7673.2,43.75,2025-06-27
18236,1340,1924.3,10.59,2025-06-27
20346,714,2194.6,12.65,2025-06-27
59,7,2595.1,16.58,2025-06-28
934,77,2415.3,11.34,2025-06-28
1884,148,4244.4,23.95,2025-06-28
2438,191,5396.3,19.55,2025-06-28
2822,216,2180.4,13.33,2025-06-28
3389,251,2292.7,14.92,2025-06-28
3586,268,1936.7,9.88,2025-06-28
3907,293,1594.7,12.43,2025-06-28
3942,297,1922.3,10.45,2025-06-28
4237,320,3359.9,16.65,2025-06-28
4684,358,1577.5,13.02,2025-06-28
4686,358,3546.1,22.63,2025-06-28
4819,372,1889.1,18.57,2025-06-28
4821,372,1851.6,13.59,2025-06-28
4823,372,3323.1,21.66,2025-06-28
4841,372,1758.8,12.47,2025-06-28
5425,422,4253.4,30.76,2025-06-28
5429,422,1965.5,12.17,2025-06-28
5463,424,937.1,6.49,2025-06-28
6347,493,3225.6,15.61,2025-06-28
6391,497,7054.6,42.55,2025-06-28
6472,503,1148.9,10.81,2025-06-28
7124,547,5288.7,33.32,2025-06-28
7219,555,5099.8,29.66,2025-06-28
8117,619,6712.5,48.07,2025-06-28
8246,633,1432.1,11.31,2025-06-28
8293,639,1289.1,7.26,2025-06-28
9347,709,1959.1,10.65,2025-06-28
10910,817,2275.7,17.44,2025-06-28
11124,836,3066.1,16.62,2025-06-28
11135,838,4176.9,20.04,2025-06-28
12573,940,1982.5,18.08,2025-06-28
13346,998,692.3,6.4,2025-06-28
13525,1013,1506.9,16.61,2025-06-28
13756,1029,1497.0,7.96,2025-06-28
14074,1055,2239.7,15.8,2025-06-28
14127,1061,3731.9,17.99,2025-06-28
14550,1089,3134.4,17.8,2025-06-28
14669,1096,2952.9,12.9,2025-06-28
15506,1152,1284.6,12.76,2025-06-28
15529,1154,1793.5,10.12,2025-06-28
15624,1158,2718.2,22.8,2025-06-28
15797,1167,5300.9,32.39,2025-06-28
16165,1195,1482.7,10.04,2025-06-28
16270,1204,1542.8,7.91,2025-06-28
16552,1224,2918.2,19.95,2025-06-28
16616,1228,5105.7,31.11,2025-06-28
16824,1246,4508.5,26.82,2025-06-28
17335,1275,4734.9,24.78,2025-06-28
17696,1304,2199.3,13.07,2025-06-28
18563,1362,2604.8,19.83,2025-06-28
18769,1380,3821.6,29.26,2025-06-28
19071,1405,2277.3,13.28,2025-06-28
19202,1416,3278.6,18.36,2025-06-28
19288,1421,1142.1,7.56,2025-06-28
20182,1489,3602.4,20.64,2025-06-28
20286,1495,5751.5,26.26,2025-06-28
91,12,1962.9,15.1,2025-06-29
812,69,6047.1,44.92,2025-06-29
1009,82,1408.0,11.51,2025-06-29
2368,186,4515.5,30.5,2025-06-29
2826,217,4348.3,24.26,2025-06-29
2942,227,2348.5,14.51,2025-06-29
3850,290,2059.0,13.67,2025-06-29
4289,326,1027.0,6.18,2025-06-29
4449,340,4264.6,27.54,2025-06-29
4627,355,3475.2,26.06,2025-06-29
4812,371,3095.2,18.99,2025-06-29
5340,414,4272.3,20.34,2025-06-29
5449,423,2542.1,14.44,2025-06-29
6491,504,2304.2,22.47,2025-06-29
7169,550,1336.9,11.26,2025-06-29
7213,555,1487.9,9.8,2025-06-29
8012,612,1217.9,7.29,2025-06-29
8835,680,1587.1,14.54,2025-06-29
9147,698,4166.1,21.07,2025-06-29
9446,715,1146.9,6.53,2025-06-29
10073,765,2034.3,16.98,2025-06-29
10238,773,2229.8,14.79,2025-06-29
10801,808,3185.9,18.57,2025-06-29
11084,832,3081.3,18.52,2025-06-29
11503,865,3217.1,25.12,2025-06-29
11671,876,2435.6,15.3,2025-06-29
12033,903,3583.9,25.14,2025-06-29
12127,910,1051.9,9.32,2025-06-29
12416,928,2106.0,12.19,2025-06-29
12815,959,3038.9,24.7,2025-06-29
12986,972,2413.7,12.35,2025-06-29
13103,979,1425.8,15.72,2025-06-29
13345,998,836.8,5.43,2025-06-29
13462,1005,2104.9,13.85,2025-06-29
13535,1014,1689.2,11.91,2025-06-29
13566,1015,1282.0,9.51,2025-06-29
13964,1046,1518.0,13.88,2025-06-29
14009,1050,2050.5,14.3,2025-06-29
14752,1100,3450.5,22.96,2025-06-29
14818,1107,1890.5,9.37,2025-06-29
14859,1108,3030.3,16.29,2025-06-29
14925,1113,1521.7,7.73,2025-06-29
15377,1143,2173.9,17.69,2025-06-29
15735,1164,1951.9,13.21,2025-06-29
15922,1172,6477.4,32.4,2025-06-29
15953,1176,5653.9,35.62,2025-06-29
16159,1195,7398.4,42.41,2025-06-29
16190,1197,5469.2,34.28,2025-06-29
16579,1227,8786.4,47.84,2025-06-29
17367,1277,1950.4,19.32,2025-06-29
17851,1314,1939.3,14.21,2025-06-29
18188,1334,4076.2,24.64,2025-06-29
18339,1347,2422.7,25.07,2025-06-29
18411,1352,3422.9,22.07,2025-06-29
20310,1498,5404.4,33.41,2025-06-29
100,12,1880.0,10.16,2025-06-30
127,12,2134.0,20.95,2025-06-30
716,62,1749.0,12.3,2025-06-30
1448,114,2973.2,23.62,2025-06-30
1676,132,3493.1,22.34,2025-06-30
2112,168,4228.4,18.93,2025-06-30
2844,218,1455.5,10.89,2025-06-30
3173,237,2012.6,9.45,2025-06-30
4707,360,8572.6,47.81,2025-06-30
5103,394,2063.9,14.15,2025-06-30
5848,449,2395.5,17.66,2025-06-30
5885,452,1933.3,17.68,2025-06-30
6968,535,2111.9,17.44,2025-06-30
7326,560,2500.7,13.96,2025-06-30
7804,595,2601.4,17.99,2025-06-30
8291,639,2332.7,12.32,2025-06-30
8528,655,1997.9,14.73,2025-06-30
8643,665,4000.2,22.71,2025-06-30
8659,668,3128.5,15.6,2025-06-30
8893,683,3099.5,16.48,2025-06-30
9189,700,1782.2,13.2,2025-06-30
9582,724,2752.7,15.64,2025-06-30
9798,742,1899.6,12.4,2025-06-30
9905,750,1406.7,8.83,2025-06-30
10269,774,2265.4,15.84,2025-06-30
10313,778,1632.2,10.15,2025-06-30
10727,802,3669.6,25.4,2025-06-30
12504,938,1211.7,10.98,2025-06-30
12921,967,3656.8,25.9,2025-06-30
13093,979,2448.6,16.71,2025-06-30
13428,1004,2568.0,20.55,2025-06-30
13429,1004,5895.3,40.24,2025-06-30
15024,1119,1179.6,8.36,2025-06-30
15078,1123,2247.0,11.13,2025-06-30
15472,1151,2487.0,21.6,2025-06-30
16183,1197,3546.9,22.25,2025-06-30
17036,1259,8374.1,47.24,2025-06-30
17190,1267,2588.3,15.02,2025-06-30
18985,1400,3012.6,20.18,2025-06-30
19686,1453,1572.1,9.67,2025-06-30
19745,1456,3568.0,17.17,2025-06-30
20007,1472,4152.9,28.23,2025-06-30
20399,700,1782.2,13.2,2025-06-30
20457,1456,3568.0,17.17,2025-06-30
789,68,2121.3,14.87,2025-07-01
1664,131,5172.3,26.56,2025-07-01
1813,145,1269.9,13.32,2025-07-01
2492,195,5522.7,35.08,2025-07-01
2605,202,2252.0,13.08,2025-07-01
2686,208,3884.1,20.52,2025-07-01
2774,214,5050.0,30.56,2025-07-01
3601,271,1928.8,13.74,2025-07-01
3794,286,5206.0,31.89,2025-07-01
4320,328,0.0,0.0,2025-07-01
4666,358,4417.1,28.19,2025-07-01
5007,388,1618.6,11.84,2025-07-01
5228,405,2621.9,18.98,2025-07-01
5324,413,4354.3,24.84,2025-07-01
5519,427,3001.1,21.78,2025-07-01
6002,463,2164.5,16.74,2025-07-01
6276,487,3526.1,19.55,2025-07-01
6327,491,2272.9,19.33,2025-07-01
6332,491,3034.6,16.21,2025-07-01
6822,522,2684.1,14.18,2025-07-01
6860,526,2952.3,32.5,2025-07-01
7045,541,3489.0,20.59,2025-07-01
7905,606,895.1,7.16,2025-07-01
7987,609,1246.2,7.48,2025-07-01
8327,640,1985.9,15.82,2025-07-01
8395,645,1549.9,16.68,2025-07-01
8485,652,1951.8,11.72,2025-07-01
8968,688,6252.1,32.69,2025-07-01
9343,709,1746.6,7.84,2025-07-01
10144,769,4661.0,32.46,2025-07-01
10758,807,1622.4,22.26,2025-07-01
10944,819,2509.1,13.99,2025-07-01
11043,827,2519.9,18.86,2025-07-01
11448,861,3306.6,18.46,2025-07-01
11492,865,887.8,8.43,2025-07-01
12149,911,1593.6,10.24,2025-07-01
12739,952,2920.6,18.22,2025-07-01
13497,1009,3715.9,21.12,2025-07-01
13758,1030,2743.9,15.08,2025-07-01
13842,1035,2578.8,18.3,2025-07-01
14916,1113,2036.9,18.47,2025-07-01
15002,1118,3833.5,29.92,2025-07-01
15279,1136,2182.4,12.98,2025-07-01
15427,1149,3196.0,18.46,2025-07-01
16223,1200,2812.7,23.59,2025-07-01
16418,1212,1107.9,10.4,2025-07-01
17814,1313,5488.6,21.01,2025-07-01
18062,1328,3145.4,24.05,2025-07-01
18232,1339,1185.4,12.92,2025-07-01
18449,1354,4946.8,29.54,2025-07-01
18818,1385,1551.0,8.89,2025-07-01
18848,1388,1614.1,8.82,2025-07-01
19600,1445,0.0,0.0,2025-07-01
136,13,2346.2,15.11,2025-07-02
1034,83,3230.3,14.59,2025-07-02
1628,126,2260.2,19.23,2025-07-02
1966,154,2003.3,12.96,2025-07-02
2092,166,1715.9,11.2,2025-07-02
2464,194,1777.3,13.85,2025-07-02
2985,229,2454.6,14.32,2025-07-02
4854,372,1628.4,11.92,2025-07-02
5419,420,3070.3,12.99,2025-07-02
5695,437,1370.1,8.45,2025-07-02
5798,446,2012.3,17.15,2025-07-02
7085,544,927.5,6.25,2025-07-02
8425,647,2615.4,21.96,2025-07-02
8855,681,1130.8,6.52,2025-07-02
10093,766,992.9,4.61,2025-07-02
10449,787,1928.8,10.49,2025-07-02
10916,817,3941.4,28.34,2025-07-02
11860,888,2332.2,16.04,2025-07-02
12892,965,6052.4,48.91,2025-07-02
12925,967,1927.8,15.68,2025-07-02
13675,1023,3561.4,26.55,2025-07-02
14097,1058,1391.1,10.22,2025-07-02
14656,1096,3970.3,28.45,2025-07-02
14723,1099,1619.7,10.18,2025-07-02
15241,1131,3808.1,26.76,2025-07-02
16806,1245,3668.2,22.65,2025-07-02
17183,1267,2330.5,17.67,2025-07-02
17303,1273,1888.1,10.42,2025-07-02
17707,1304,1898.0,12.51,2025-07-02
18444,1354,1028.4,6.17,2025-07-02
18479,1355,3057.8,22.94,2025-07-02
18553,1360,2264.6,16.51,2025-07-02
18694,1375,3196.4,19.58,2025-07-02
18744,1378,3167.0,16.37,2025-07-02
19026,1403,2603.8,15.17,2025-07-02
19555,1441,2823.4,33.75,2025-07-02
353,25,1635.2,23.12,2025-07-03
650,55,2966.1,16.01,2025-07-03
937,77,1800.2,16.09,2025-07-03
1241,100,6787.2,38.84,2025-07-03
1329,106,2662.5,19.16,2025-07-03
2142,172,3207.9,22.18,2025-07-03
2282,182,1621.9,15.07,2025-07-03
2442,193,2791.0,16.38,2025-07-03
2642,205,1393.1,10.58,2025-07-03
3194,238,1423.3,6.92,2025-07-03
3417,252,1538.1,8.97,2025-07-03
4065,306,3181.2,20.55,2025-07-03
4338,329,1538.4,10.59,2025-07-03
4524,346,1138.7,11.36,2025-07-03
5150,399,1816.4,14.21,2025-07-03
6286,487,2754.0,35.17,2025-07-03
6662,514,4215.4,24.15,2025-07-03
7155,549,1769.4,11.9,2025-07-03
7313,559,4701.1,27.01,2025-07-03
7388,564,1257.7,10.11,2025-07-03
7457,570,2500.6,16.01,2025-07-03
7959,608,1778.0,12.84,2025-07-03
8052,614,5206.8,28.67,2025-07-03
8910,683,4656.5,19.75,2025-07-03
9693,736,3751.1,28.77,2025-07-03
10416,784,2257.4,12.67,2025-07-03
10496,788,2465.5,15.43,2025-07-03
11056,828,3443.6,20.07,2025-07-03
11273,847,4200.6,20.98,2025-07-03
11274,847,2082.9,11.01,2025-07-03
11286,848,1996.8,12.21,2025-07-03
11651,875,6405.1,30.36,2025-07-03
11729,879,1418.5,9.25,2025-07-03
11998,903,1911.0,8.52,2025-07-03
12210,915,2673.9,13.57,2025-07-03
12216,915,4842.0,28.55,2025-07-03
12596,942,4522.0,25.62,2025-07-03
12902,965,2375.2,18.37,2025-07-03
13208,988,4630.8,27.15,2025-07-03
13626,1021,3617.8,26.82,2025-07-03
13767,1030,1198.1,8.14,2025-07-03
14700,1097,2158.0,10.72,2025-07-03
15172,1128,2362.9,14.78,2025-07-03
15293,1137,1647.6,9.74,2025-07-03
15820,1168,2099.5,11.09,2025-07-03
15960,1177,1409.6,11.07,2025-07-03
16239,1201,5123.2,27.32,2025-07-03
16337,1209,2847.1,18.03,2025-07-03
16501,1219,3263.0,21.57,2025-07-03
17769,1310,1265.7,8.34,2025-07-03
18369,1349,5318.4,30.53,2025-07-03
18429,1353,3249.3,27.58,2025-07-03
19649,1451,1379.5,7.68,2025-07-03
19653,1451,3492.6,19.98,2025-07-03
20259,1494,1660.3,14.33,2025-07-03
1003,82,2781.8,16.81,2025-07-04
1049,85,2562.2,12.67,2025-07-04
1718,134,1970.6,9.77,2025-07-04
2060,165,2807.5,16.81,2025-07-04
2319,184,2758.1,20.35,2025-07-04
2569,199,6927.7,29.68,2025-07-04
2632,204,3048.8,18.28,2025-07-04
2709,210,3356.1,21.94,2025-07-04
4933,379,3290.9,33.75,2025-07-04
5034,389,2216.8,18.12,2025-07-04
5081,392,2623.9,23.26,2025-07-04
5767,444,5576.9,35.57,2025-07-04
5883,452,4287.7,29.15,2025-07-04
6448,500,2967.1,14.29,2025-07-04
6526,505,1520.0,10.0,2025-07-04
7565,579,3524.6,22.79,2025-07-04
8372,644,4067.8,19.93,2025-07-04
8578,660,2753.9,25.15,2025-07-04
8920,684,2001.2,14.38,2025-07-04
9458,715,1576.2,15.99,2025-07-04
9537,721,2355.6,15.79,2025-07-04
10523,791,3310.2,25.38,2025-07-04
10711,802,2804.3,15.55,2025-07-04
10722,802,3306.7,20.65,2025-07-04
10851,813,3502.8,21.62,2025-07-04
11472,863,3957.9,26.23,2025-07-04
11543,868,3403.0,22.24,2025-07-04
11751,882,3365.4,23.7,2025-07-04
12543,940,914.3,8.52,2025-07-04
12574,940,2310.1,15.4,2025-07-04
12886,965,3184.2,21.26,2025-07-04
13446,1004,2710.1,21.19,2025-07-04
13493,1009,3759.1,35.53,2025-07-04
13603,1019,864.1,5.34,2025-07-04
14118,1060,2731.5,14.24,2025-07-04
15442,1150,4067.3,21.18,2025-07-04
15802,1167,2022.7,12.88,2025-07-04
16435,1214,2871.3,16.02,2025-07-04
16604,1227,2558.1,15.57,2025-07-04
16645,1230,2616.2,17.44,2025-07-04
18125,1330,2576.9,13.13,2025-07-04
18438,1354,803.9,11.26,2025-07-04
18938,1397,1454.7,9.51,2025-07-04
19235,1418,1851.9,11.72,2025-07-04
20104,1480,3989.9,24.79,2025-07-04
20330,1500,1196.1,13.73,2025-07-04
221,19,2837.9,22.76,2025-07-05
742,64,1531.4,7.0,2025-07-05
870,72,3106.0,23.46,2025-07-05
1142,93,1960.3,13.64,2025-07-05
1180,96,1394.9,10.67,2025-07-05
1250,101,2086.6,13.14,2025-07-05
1274,102,2751.2,25.7,2025-07-05
2562,199,942.6,11.41,2025-07-05
2635,205,1537.1,11.32,2025-07-05
2886,221,1876.6,13.08,2025-07-05
3074,233,2126.7,14.77,2025-07-05
3563,265,5363.5,33.26,2025-07-05
3856,290,2851.5,34.91,2025-07-05
3995,299,1816.8,24.0,2025-07-05
4150,311,4464.5,25.64,2025-07-05
4591,352,7589.9,46.76,2025-07-05
4709,360,436.2,7.27,2025-07-05
5377,416,2310.8,11.99,2025-07-05
5667,436,1898.6,14.2,2025-07-05
5899,454,2455.0,12.33,2025-07-05
6680,515,3684.4,22.25,2025-07-05
6697,515,3485.2,17.9,2025-07-05
7699,588,1867.5,22.41,2025-07-05
7757,594,2189.1,11.91,2025-07-05
8070,616,2136.2,15.06,2025-07-05
9295,706,1950.7,14.42,2025-07-05
9339,709,3776.0,20.66,2025-07-05
9488,718,1484.3,10.31,2025-07-05
10042,763,1639.3,7.99,2025-07-05
10839,812,2006.7,15.14,2025-07-05
12473,935,6907.3,33.96,2025-07-05
12721,951,2933.9,17.54,2025-07-05
13712,1027,1119.9,9.13,2025-07-05
13858,1037,1312.0,9.97,2025-07-05
14006,1050,1610.5,9.1,2025-07-05
14273,1071,1708.2,15.27,2025-07-05
14282,1071,1922.2,11.76,2025-07-05
14591,1091,1831.0,16.23,2025-07-05
14695,1096,2450.1,14.88,2025-07-05
14832,1107,0.0,0.0,2025-07-05
14852,1108,3030.2,21.96,2025-07-05
15300,1137,3464.8,17.67,2025-07-05
16062,1187,5838.8,32.36,2025-07-05
16391,1212,2972.6,17.71,2025-07-05
17416,1282,2093.1,13.91,2025-07-05
17570,1295,6243.4,41.95,2025-07-05
17659,1300,1620.8,11.76,2025-07-05
17747,1309,1100.4,7.5,2025-07-05
17793,1311,5459.8,26.8,2025-07-05
18670,1372,858.0,5.93,2025-07-05
19954,1470,3211.4,21.62,2025-07-05
20076,1478,2001.0,9.88,2025-07-05
20365,299,1816.8,24.0,2025-07-05
1257,101,2381.1,16.11,2025-07-06
1335,106,5840.5,38.36,2025-07-06
1381,109,2174.1,10.68,2025-07-06
1513,120,1984.0,19.07,2025-07-06
3499,260,2957.4,16.09,2025-07-06
4341,329,2324.2,15.37,2025-07-06
4521,346,4479.5,31.09,2025-07-06
4738,363,3024.1,19.26,2025-07-06
6466,501,692.2,4.66,2025-07-06
6843,523,1548.6,8.42,2025-07-06
7143,547,1545.2,10.81,2025-07-06
7538,578,3835.7,26.71,2025-07-06
7676,587,2287.1,20.07,2025-07-06
8616,662,1416.8,7.69,2025-07-06
9418,714,1319.3,10.95,2025-07-06
10059,764,6315.4,53.0,2025-07-06
10505,789,3317.7,20.07,2025-07-06
10642,797,7472.2,38.73,2025-07-06
11110,834,1803.7,10.86,2025-07-06
12115,909,1692.6,16.17,2025-07-06
12136,910,2549.8,14.22,2025-07-06
12693,949,1662.8,17.3,2025-07-06
12871,964,1685.7,14.95,2025-07-06
13296,995,1635.2,11.27,2025-07-06
13955,1046,754.1,6.25,2025-07-06
14167,1063,1342.1,6.86,2025-07-06
15044,1121,5327.8,27.8,2025-07-06
15188,1129,1972.8,15.21,2025-07-06
15225,1131,5015.3,25.95,2025-07-06
15369,1142,2360.1,13.3,2025-07-06
18151,1332,2079.1,14.86,2025-07-06
18156,1332,2327.4,9.01,2025-07-06
20016,1473,1953.0,10.35,2025-07-06
209,19,4250.5,28.62,2025-07-07
2072,165,2594.5,15.72,2025-07-07
2253,179,3862.4,28.06,2025-07-07
2613,202,3294.4,16.7,2025-07-07
2732,211,3316.4,16.1,2025-07-07
2847,219,1788.8,9.95,2025-07-07
3141,236,1967.3,18.4,2025-07-07
3963,298,2088.4,16.37,2025-07-07
4288,326,2327.0,18.37,2025-07-07
4617,354,4530.6,23.9,2025-07-07
4736,363,6481.1,52.46,2025-07-07
5970,459,1661.2,11.89,2025-07-07
6928,531,2102.2,16.06,2025-07-07
6959,534,4337.2,23.36,2025-07-07
7108,546,1696.6,9.67,2025-07-07
7664,585,1917.2,13.02,2025-07-07
7795,595,2376.3,15.23,2025-07-07
10279,775,2079.4,11.89,2025-07-07
10408,782,969.0,9.24,2025-07-07
10891,815,3700.0,21.15,2025-07-07
10897,815,3093.0,18.63,2025-07-07
11200,842,1914.6,10.48,2025-07-07
12046,904,3475.1,24.21,2025-07-07
12294,920,2489.1,15.0,2025-07-07
12425,929,1226.5,8.19,2025-07-07
13040,975,1876.4,12.0,2025-07-07
13077,978,1741.8,12.44,2025-07-07
13127,981,4507.3,21.96,2025-07-07
13327,997,2223.7,12.32,2025-07-07
13503,1010,3960.1,25.1,2025-07-07
13643,1021,5513.7,33.31,2025-07-07
14321,1073,1876.6,12.95,2025-07-07
14945,1115,2992.4,27.86,2025-07-07
15647,1160,11011.0,48.35,2025-07-07
15838,1168,4595.7,23.54,2025-07-07
16119,1192,2580.3,14.08,2025-07-07
16301,1205,2521.2,18.94,2025-07-07
16455,1217,2827.8,14.59,2025-07-07
16522,1223,4860.1,28.18,2025-07-07
17786,1311,2784.4,14.42,2025-07-07
17897,1317,672.4,5.44,2025-07-07
18316,1345,1489.0,10.27,2025-07-07
19532,1439,5014.0,25.83,2025-07-07
1093,90,500.5,4.9,2025-07-08
1137,93,2649.6,15.09,2025-07-08
1245,100,1994.3,14.99,2025-07-08
1598,124,3232.2,16.94,2025-07-08
2127,171,3817.9,23.48,2025-07-08
2202,177,2175.1,9.99,2025-07-08
2692,208,2205.7,13.62,2025-07-08
2980,228,8254.0,50.72,2025-07-08
3536,263,1375.1,14.24,2025-07-08
3917,294,3103.6,19.4,2025-07-08
4165,312,2147.3,16.16,2025-07-08
4246,322,2656.9,14.7,2025-07-08
4361,331,2937.5,28.38,2025-07-08
5444,423,948.0,8.15,2025-07-08
5637,434,2683.9,19.43,2025-07-08
6784,520,3146.2,18.74,2025-07-08
6941,532,3107.3,21.57,2025-07-08
7408,568,3156.3,17.52,2025-07-08
7624,582,1225.9,9.95,2025-07-08
7818,597,3536.3,26.56,2025-07-08
9138,697,1497.0,10.47,2025-07-08
9437,714,1868.3,10.94,2025-07-08
10350,780,3109.7,30.02,2025-07-08
10536,791,2513.0,12.43,2025-07-08
11255,847,1420.4,10.9,2025-07-08
11309,848,3692.4,22.87,2025-07-08
13292,995,1611.8,10.96,2025-07-08
13859,1037,3495.0,19.67,2025-07-08
14902,1113,2509.9,22.27,2025-07-08
15315,1138,4826.2,24.86,2025-07-08
15464,1151,1919.0,18.47,2025-07-08
15578,1157,1723.2,14.06,2025-07-08
16135,1193,2081.4,17.23,2025-07-08
17167,1266,2813.5,21.32,2025-07-08
17640,1299,4493.7,33.96,2025-07-08
19139,1413,5318.1,28.61,2025-07-08
19164,1414,2171.2,14.63,2025-07-08
19230,1418,2506.1,14.09,2025-07-08
19300,1422,3637.4,23.34,2025-07-08
19742,1455,692.0,8.0,2025-07-08
487,39,2694.0,14.01,2025-07-09
877,73,864.1,9.46,2025-07-09
879,73,3943.1,21.55,2025-07-09
1442,113,2730.3,17.66,2025-07-09
1482,118,3101.1,19.52,2025-07-09
2062,165,4131.1,25.03,2025-07-09
2614,202,5750.1,31.56,2025-07-09
3407,252,1958.9,11.1,2025-07-09
3469,256,3120.5,27.05,2025-07-09
4017,302,1315.8,7.85,2025-07-09
4318,328,3242.4,17.91,2025-07-09
4323,328,3325.5,24.7,2025-07-09
4490,344,1020.2,7.09,2025-07-09
4739,363,1079.3,11.3,2025-07-09
5311,412,2692.4,15.13,2025-07-09
5517,426,6331.8,32.39,2025-07-09
6060,468,1389.6,11.09,2025-07-09
6326,491,2926.6,15.48,2025-07-09
6490,504,2294.6,13.02,2025-07-09
6648,513,4951.9,22.52,2025-07-09
6842,523,2411.6,11.92,2025-07-09
7555,579,2066.1,20.23,2025-07-09
7680,587,2070.1,14.0,2025-07-09
7747,593,2196.6,13.45,2025-07-09
8034,613,1779.5,28.99,2025-07-09
9016,690,2063.9,14.21,2025-07-09
9792,742,2404.3,18.49,2025-07-09
10082,765,1427.9,12.68,2025-07-09
10389,782,3414.1,26.37,2025-07-09
11797,887,1786.0,17.58,2025-07-09
12043,904,1212.3,10.08,2025-07-09
12143,911,3172.1,18.1,2025-07-09
12577,941,3004.1,13.81,2025-07-09
12708,950,2591.0,18.35,2025-07-09
13442,1004,1871.0,13.23,2025-07-09
13456,1005,2749.9,13.6,2025-07-09
13820,1035,1222.4,8.56,2025-07-09
14358,1075,3176.4,17.51,2025-07-09
14481,1082,1410.0,12.7,2025-07-09
15158,1127,2308.7,19.84,2025-07-09
15257,1133,3868.0,24.26,2025-07-09
15532,1154,2917.4,15.04,2025-07-09
16073,1188,2998.3,16.97,2025-07-09
16392,1212,910.3,10.25,2025-07-09
16858,1248,3448.7,32.1,2025-07-09
17001,1257,1652.3,14.31,2025-07-09
17228,1270,2266.9,14.3,2025-07-09
17270,1272,3196.3,32.71,2025-07-09
18140,1331,4069.4,26.56,2025-07-09
18212,1334,1911.3,16.18,2025-07-09
18293,1343,1414.4,8.08,2025-07-09
18488,1356,8415.5,46.89,2025-07-09
18717,1376,3973.0,25.13,2025-07-09
18904,1395,4738.2,25.48,2025-07-09
19216,1417,3110.6,27.03,2025-07-09
993,82,2491.6,15.68,2025-07-10
1073,88,1655.6,13.03,2025-07-10
1558,121,4078.1,21.84,2025-07-10
1615,125,4151.7,25.39,2025-07-10
2191,176,2445.3,14.14,2025-07-10
2573,200,2593.9,14.66,2025-07-10
2736,211,2881.3,20.09,2025-07-10
2846,219,3220.6,15.56,2025-07-10
2884,221,1416.4,9.7,2025-07-10
3003,229,1777.3,13.69,2025-07-10
3014,229,5056.3,26.5,2025-07-10
3223,239,2223.9,13.39,2025-07-10
3455,255,5089.9,26.77,2025-07-10
4614,354,4368.8,21.31,2025-07-10
5648,434,1626.0,12.94,2025-07-10
6121,472,1926.3,24.85,2025-07-10
7043,541,5791.6,43.32,2025-07-10
7370,563,1632.7,12.4,2025-07-10
8083,616,3620.9,18.58,2025-07-10
8120,619,5165.9,35.1,2025-07-10
8216,628,1201.2,8.49,2025-07-10
8953,687,1412.6,16.12,2025-07-10
9064,693,1612.4,8.29,2025-07-10
9334,709,3468.4,23.86,2025-07-10
9589,725,1775.2,9.02,2025-07-10
10191,771,1474.3,11.37,2025-07-10
11592,871,1965.4,12.07,2025-07-10
11629,874,4736.4,29.06,2025-07-10
11986,902,3675.7,23.03,2025-07-10
12602,943,3883.4,20.91,2025-07-10
13105,980,1350.5,10.12,2025-07-10
13656,1022,3186.9,17.37,2025-07-10
14322,1073,1543.0,18.79,2025-07-10
14644,1094,2467.8,17.77,2025-07-10
14719,1099,3936.5,22.61,2025-07-10
14807,1107,7655.3,31.06,2025-07-10
16136,1193,2208.3,18.37,2025-07-10
17129,1263,3924.1,23.06,2025-07-10
17839,1314,4275.4,23.41,2025-07-10
17892,1316,4387.4,22.11,2025-07-10
19688,1453,2688.1,21.18,2025-07-10
19704,1453,2679.4,17.47,2025-07-10
19781,1458,1502.5,9.53,2025-07-10
19920,1468,2619.8,22.85,2025-07-10
20308,1498,3657.9,23.18,2025-07-10
685,58,1933.9,14.1,2025-07-11
1681,132,1389.7,8.31,2025-07-11
1700,133,1906.0,10.36,2025-07-11
1894,149,2774.4,23.42,2025-07-11
1895,149,3598.5,22.32,2025-07-11
2682,208,4553.2,27.74,2025-07-11
2756,213,570.7,3.84,2025-07-11
2957,227,4716.0,26.26,2025-07-11
3432,254,1334.0,8.35,2025-07-11
3533,263,2994.8,16.52,2025-07-11
4515,345,1021.4,7.3,2025-07-11
4956,380,2056.8,13.25,2025-07-11
5064,391,4031.0,20.53,2025-07-11
5937,459,3105.6,19.13,2025-07-11
7903,605,6959.8,35.63,2025-07-11
8330,640,1610.4,16.12,2025-07-11
9452,715,1784.2,14.83,2025-07-11
9928,752,1857.8,11.95,2025-07-11
10375,781,2704.8,18.02,2025-07-11
10381,782,5639.1,27.95,2025-07-11
10772,807,3679.8,30.62,2025-07-11
11111,834,2690.5,14.98,2025-07-11
11163,839,2000.5,18.09,2025-07-11
11709,879,2075.0,19.73,2025-07-11
13799,1033,3410.8,20.45,2025-07-11
14170,1063,11335.1,70.22,2025-07-11
14769,1103,2485.4,19.2,2025-07-11
15431,1149,5004.4,28.89,2025-07-11
17205,1268,1411.8,8.11,2025-07-11
17280,1272,4018.8,23.93,2025-07-11
17672,1302,974.3,9.96,2025-07-11
17890,1316,3839.5,25.43,2025-07-11
18481,1355,4151.7,20.52,2025-07-11
18648,1369,3073.8,21.22,2025-07-11
19140,1413,953.1,9.9,2025-07-11
19173,1414,3484.0,22.52,2025-07-11
19480,1436,3404.1,20.81,2025-07-11
19560,1441,2269.7,23.85,2025-07-11
510,42,3995.1,43.46,2025-07-12
582,49,1482.7,14.01,2025-07-12
832,70,1327.9,9.01,2025-07-12
1234,99,5402.5,36.1,2025-07-12
1379,109,2517.7,16.58,2025-07-12
1467,115,2409.0,13.0,2025-07-12
1470,115,5560.2,33.88,2025-07-12
1742,138,4166.2,24.91,2025-07-12
1950,153,2442.2,14.15,2025-07-12
1971,156,3574.1,19.79,2025-07-12
2180,175,809.0,7.85,2025-07-12
2818,216,4213.2,23.05,2025-07-12
4036,302,5460.6,32.45,2025-07-12
5291,411,1217.1,9.84,2025-07-12
5516,426,1647.7,11.14,2025-07-12
6065,468,3383.3,21.97,2025-07-12
6394,497,2173.5,12.42,2025-07-12
6506,504,2226.1,13.92,2025-07-12
6530,505,4704.3,33.29,2025-07-12
6715,516,1673.9,17.91,2025-07-12
6736,518,925.4,6.88,2025-07-12
7948,607,2485.1,13.82,2025-07-12
8076,616,4731.3,35.78,2025-07-12
9081,693,3363.9,25.6,2025-07-12
9233,703,2915.8,14.62,2025-07-12
9346,709,2152.9,23.03,2025-07-12
10394,782,2919.3,21.9,2025-07-12
10561,793,2873.0,14.88,2025-07-12
11173,840,2661.6,14.2,2025-07-12
11988,902,3284.1,22.03,2025-07-12
12230,916,6378.5,30.15,2025-07-12
12682,949,3908.9,20.2,2025-07-12
12832,960,3735.8,23.01,2025-07-12
12939,970,2964.2,17.03,2025-07-12
13012,973,1122.5,8.72,2025-07-12
13482,1009,3171.3,25.43,2025-07-12
14050,1052,9112.3,44.0,2025-07-12
14309,1072,1783.8,11.58,2025-07-12
14376,1076,2571.4,17.95,2025-07-12
15635,1160,2739.1,15.76,2025-07-12
16147,1194,3190.5,18.95,2025-07-12
16457,1217,2171.5,15.49,2025-07-12
17049,1260,2339.2,15.77,2025-07-12
17348,1276,5828.1,26.64,2025-07-12
17496,1289,2108.7,19.79,2025-07-12
17704,1304,2259.0,10.58,2025-07-12
17760,1310,898.6,7.69,2025-07-12
18194,1334,5929.7,38.07,2025-07-12
18551,1360,3438.2,20.8,2025-07-12
18642,1368,1654.8,11.23,2025-07-12
19446,1433,1868.6,10.04,2025-07-12
286,21,3186.7,23.91,2025-07-13
432,34,1622.8,13.36,2025-07-13
439,35,312.0,3.45,2025-07-13
835,70,1579.2,11.51,2025-07-13
1361,108,2013.7,15.12,2025-07-13
1711,133,5037.7,26.9,2025-07-13
2080,165,1911.7,21.53,2025-07-13
3719,280,3215.5,17.71,2025-07-13
4040,303,2993.8,29.83,2025-07-13
4688,358,4978.7,28.41,2025-07-13
4839,372,6436.7,44.19,2025-07-13
5079,391,6756.3,32.36,2025-07-13
5414,420,2201.3,14.96,2025-07-13
5496,425,1655.0,8.3,2025-07-13
5706,439,13284.1,60.8,2025-07-13
7467,572,1647.2,9.95,2025-07-13
8188,626,5358.8,27.7,2025-07-13
8411,646,1871.7,13.16,2025-07-13
9032,691,3372.3,20.07,2025-07-13
9502,720,4731.1,31.91,2025-07-13
10141,769,2664.5,18.04,2025-07-13
10492,788,1848.7,14.25,2025-07-13
10653,799,4112.2,24.99,2025-07-13
10894,815,1831.8,9.2,2025-07-13
11146,838,2463.4,28.83,2025-07-13
11462,862,1700.1,13.99,2025-07-13
11683,877,1828.9,17.44,2025-07-13
14788,1105,1773.6,13.4,2025-07-13
15187,1129,2504.8,13.34,2025-07-13
15537,1155,2235.2,13.97,2025-07-13
15597,1157,3112.7,17.01,2025-07-13
15727,1164,2998.9,13.22,2025-07-13
15841,1168,3573.5,16.87,2025-07-13
16621,1229,1898.2,14.08,2025-07-13
17391,1280,1448.2,8.82,2025-07-13
18171,1333,2929.4,17.59,2025-07-13
18684,1374,4977.5,27.43,2025-07-13
19434,1432,1173.5,9.31,2025-07-13
19931,1468,2159.7,12.27,2025-07-13
20092,1478,2008.4,16.32,2025-07-13
20142,1486,3741.7,22.06,2025-07-13
20284,1495,1678.1,9.56,2025-07-13
1181,96,5698.6,30.46,2025-07-14
1309,105,2540.9,14.38,2025-07-14
1529,120,1335.0,8.45,2025-07-14
1817,145,3277.1,20.7,2025-07-14
2797,215,3242.5,23.31,2025-07-14
4175,314,1163.9,7.54,2025-07-14
5443,422,1589.6,11.34,2025-07-14
5730,442,1502.1,14.29,2025-07-14
5739,442,2395.0,15.41,2025-07-14
6104,471,3330.0,19.71,2025-07-14
6537,506,1872.4,13.4,2025-07-14
7383,564,1045.6,4.91,2025-07-14
7545,578,802.9,5.52,2025-07-14
8348,642,907.6,6.75,2025-07-14
8729,674,1771.3,7.9,2025-07-14
9095,694,1613.9,11.51,2025-07-14
10113,767,3122.8,21.96,2025-07-14
10939,818,6893.4,52.38,2025-07-14
11035,826,1101.6,18.36,2025-07-14
11718,879,3085.3,13.65,2025-07-14
12344,922,3039.5,19.55,2025-07-14
13110,981,714.0,6.66,2025-07-14
13153,984,2624.5,16.59,2025-07-14
13933,1043,1640.5,10.5,2025-07-14
14091,1057,1343.6,10.18,2025-07-14
14865,1109,3970.0,24.96,2025-07-14
15047,1121,2515.5,15.64,2025-07-14
15132,1126,2965.6,17.78,2025-07-14
15270,1135,2005.4,8.9,2025-07-14
15343,1140,4022.0,27.25,2025-07-14
16560,1225,1417.0,9.59,2025-07-14
16625,1229,2882.9,17.32,2025-07-14
16819,1246,2380.7,12.19,2025-07-14
16992,1257,1410.3,10.68,2025-07-14
17088,1262,3539.7,28.28,2025-07-14
17108,1262,2369.2,21.5,2025-07-14
17624,1298,3761.1,25.86,2025-07-14
18139,1331,5280.9,24.21,2025-07-14
18616,1366,3323.8,23.49,2025-07-14
19209,1417,2547.6,18.31,2025-07-14
19359,1425,5031.0,28.43,2025-07-14
19360,1425,2827.8,16.43,2025-07-14
19362,1425,2113.2,13.42,2025-07-14
20014,1473,2219.3,17.22,2025-07-14
20326,1500,2730.2,13.66,2025-07-14
611,50,1539.3,8.89,2025-07-15
1910,150,2436.5,15.24,2025-07-15
2169,174,1268.5,9.33,2025-07-15
2411,189,2040.4,16.3,2025-07-15
3032,231,2189.7,12.63,2025-07-15
3251,241,2767.1,19.67,2025-07-15
3483,258,1165.6,6.83,2025-07-15
3818,288,1095.6,9.65,2025-07-15
4126,309,2287.5,11.0,2025-07-15
5001,385,1468.5,9.17,2025-07-15
5161,400,3904.2,24.87,2025-07-15
5211,403,1456.5,16.56,2025-07-15
5592,431,4140.8,31.27,2025-07-15
7008,538,3737.4,25.89,2025-07-15
7407,568,2128.4,13.07,2025-07-15
7558,579,2660.3,13.36,2025-07-15
7668,586,3463.5,19.07,2025-07-15
7770,594,0.0,0.0,2025-07-15
7836,599,3826.0,27.31,2025-07-15
8478,651,2552.5,17.71,2025-07-15
8719,672,780.6,7.91,2025-07-15
9467,716,1583.6,10.42,2025-07-15
9972,758,4913.6,26.48,2025-07-15
10230,773,2970.0,24.1,2025-07-15
10982,822,3071.8,24.22,2025-07-15
11256,847,2299.5,16.01,2025-07-15
11438,859,1408.9,15.98,2025-07-15
11515,866,1886.9,11.41,2025-07-15
11624,874,988.3,8.44,2025-07-15
12324,920,2278.9,11.68,2025-07-15
12370,925,4073.8,26.29,2025-07-15
12899,965,3462.7,42.96,2025-07-15
13434,1004,1857.2,11.13,2025-07-15
13585,1016,3966.8,22.38,2025-07-15
13651,1022,4129.6,22.68,2025-07-15
14036,1051,1333.2,22.22,2025-07-15
14079,1055,5267.2,28.12,2025-07-15
14565,1090,3506.8,21.03,2025-07-15
15195,1129,879.0,10.14,2025-07-15
15840,1168,3264.5,22.85,2025-07-15
16193,1197,2828.1,22.47,2025-07-15
16711,1237,3584.9,19.79,2025-07-15
16957,1254,948.7,6.66,2025-07-15
17721,1305,2495.2,19.28,2025-07-15
17732,1307,1760.5,9.85,2025-07-15
17811,1313,1041.9,10.31,2025-07-15
17958,1321,3153.3,23.38,2025-07-15
18053,1327,2425.1,19.14,2025-07-15
18629,1366,2562.0,19.37,2025-07-15
18878,1393,2595.4,15.78,2025-07-15
18891,1393,1846.7,11.92,2025-07-15
19629,1448,3820.0,20.85,2025-07-15
19916,1468,5614.0,25.17,2025-07-15
20084,1478,4014.7,36.48,2025-07-15
20127,1484,2018.6,10.89,2025-07-15
20245,1494,2004.8,16.25,2025-07-15
20246,1494,1462.1,7.65,2025-07-15
305,23,1015.9,6.69,2025-07-16
528,43,1850.5,14.78,2025-07-16
767,66,3670.8,20.13,2025-07-16
1032,83,3385.8,25.33,2025-07-16
1351,107,2207.6,17.2,2025-07-16
2030,161,4930.4,35.96,2025-07-16
2786,214,4651.9,26.68,2025-07-16
3698,279,2543.7,20.26,2025-07-16
4791,369,2736.0,18.44,2025-07-16
5286,411,3500.6,21.17,2025-07-16
5518,427,5108.3,34.45,2025-07-16
5561,429,2625.3,12.3,2025-07-16
6604,510,1323.4,7.76,2025-07-16
7502,575,4661.3,26.81,2025-07-16
7673,587,1133.4,11.03,2025-07-16
7844,599,1767.3,14.12,2025-07-16
8460,649,984.0,7.17,2025-07-16
8793,679,1704.2,13.01,2025-07-16
9053,692,2101.5,14.11,2025-07-16
9738,738,2576.2,28.65,2025-07-16
9967,756,6600.9,44.25,2025-07-16
10387,782,3199.5,19.77,2025-07-16
10644,797,1217.9,9.13,2025-07-16
10720,802,4377.3,20.18,2025-07-16
11037,826,852.1,8.38,2025-07-16
11059,829,4811.0,27.07,2025-07-16
11115,835,2502.4,22.28,2025-07-16
11144,838,2059.2,9.65,2025-07-16
11258,847,1746.9,12.18,2025-07-16
12918,967,2393.1,17.05,2025-07-16
13178,985,1339.3,9.94,2025-07-16
14034,1051,1609.8,12.54,2025-07-16
14194,1065,2344.9,13.98,2025-07-16
14371,1076,2177.7,9.85,2025-07-16
14637,1094,4619.5,28.89,2025-07-16
15756,1165,2282.2,15.78,2025-07-16
15807,1167,1497.2,10.64,2025-07-16
16665,1233,3917.9,19.76,2025-07-16
16874,1249,9922.3,65.99,2025-07-16
17066,1261,3075.2,19.85,2025-07-16
17460,1284,2721.6,15.51,2025-07-16
17564,1294,2294.8,12.19,2025-07-16
17569,1295,1642.4,12.33,2025-07-16
17572,1295,4961.9,32.09,2025-07-16
17979,1321,1979.6,15.51,2025-07-16
18477,1355,1981.3,16.69,2025-07-16
18507,1358,2696.9,21.66,2025-07-16
18607,1365,3569.1,20.11,2025-07-16
18728,1377,1997.1,12.96,2025-07-16
18754,1378,2307.2,15.65,2025-07-16
18946,1397,2580.3,14.73,2025-07-16
19416,1430,1564.8,10.68,2025-07-16
19423,1431,1975.6,20.95,2025-07-16
19927,1468,5983.9,36.52,2025-07-16
20196,1489,2122.0,13.31,2025-07-16
499,41,1401.7,9.54,2025-07-17
557,45,2766.7,14.37,2025-07-17
886,73,3315.3,25.06,2025-07-17
1784,142,612.5,4.51,2025-07-17
1949,153,4425.4,24.5,2025-07-17
2045,163,2926.1,18.36,2025-07-17
2096,167,3388.1,19.22,2025-07-17
2545,199,3811.0,22.24,2025-07-17
3633,274,4119.5,25.88,2025-07-17
3868,290,3492.0,21.15,2025-07-17
4245,322,4171.1,26.3,2025-07-17
5379,416,3559.4,27.43,2025-07-17
5953,459,1796.5,13.51,2025-07-17
6230,481,1978.3,31.39,2025-07-17
6892,528,3578.7,24.17,2025-07-17
6898,530,1502.9,9.49,2025-07-17
6988,535,1749.1,12.39,2025-07-17
7378,564,3555.3,17.57,2025-07-17
8205,627,1140.5,8.32,2025-07-17
8569,660,3155.8,23.39,2025-07-17
9240,703,2609.7,27.81,2025-07-17
9354,709,2764.3,15.77,2025-07-17
10928,817,3926.0,17.71,2025-07-17
11031,826,2815.8,14.23,2025-07-17
11698,879,2701.5,27.65,2025-07-17
11865,889,1279.0,13.31,2025-07-17
11894,893,3276.9,25.9,2025-07-17
12276,919,4777.6,23.06,2025-07-17
12450,933,3303.9,15.92,2025-07-17
12638,945,1696.9,9.96,2025-07-17
12712,951,1642.2,7.56,2025-07-17
12734,952,2983.9,15.82,2025-07-17
12745,952,4364.8,27.88,2025-07-17
12869,964,1655.0,12.52,2025-07-17
13101,979,3342.0,21.29,2025-07-17
13113,981,1298.3,11.34,2025-07-17
13280,995,1438.1,8.07,2025-07-17
13742,1028,4315.9,25.45,2025-07-17
13904,1042,4557.8,24.08,2025-07-17
14726,1099,5203.2,24.96,2025-07-17
15730,1164,1103.6,12.75,2025-07-17
16844,1247,1521.6,11.43,2025-07-17
17073,1261,2841.5,22.33,2025-07-17
17763,1310,1842.3,11.03,2025-07-17
18274,1342,1124.3,9.71,2025-07-17
18324,1346,2442.0,25.51,2025-07-17
18877,1393,3905.9,20.22,2025-07-17
19517,1438,2756.1,15.89,2025-07-17
19617,1448,1886.7,11.8,2025-07-17
19638,1449,1080.9,8.86,2025-07-17
20307,1498,979.4,11.77,2025-07-17
183,16,1187.4,15.58,2025-07-18
719,63,4574.0,27.59,2025-07-18
994,82,3582.9,20.26,2025-07-18
1281,103,2171.1,11.61,2025-07-18
1601,124,1936.2,12.2,2025-07-18
2098,167,1499.7,10.87,2025-07-18
2802,216,2863.0,13.11,2025-07-18
3204,238,1150.4,8.95,2025-07-18
3284,244,4173.1,22.74,2025-07-18
3465,256,4475.1,26.04,2025-07-18
3857,290,2337.9,16.99,2025-07-18
3871,290,2564.0,16.43,2025-07-18
4070,306,3517.5,20.17,2025-07-18
4533,346,3949.9,33.52,2025-07-18
4880,374,2240.6,12.49,2025-07-18
4884,374,2945.7,16.15,2025-07-18
5620,433,3325.5,16.79,2025-07-18
6082,469,1094.6,7.42,2025-07-18
6355,493,3160.4,19.04,2025-07-18
6450,500,2353.7,13.85,2025-07-18
6673,515,1212.0,12.72,2025-07-18
6751,519,2848.9,18.03,2025-07-18
7479,572,1067.6,7.15,2025-07-18
8072,616,8127.6,48.52,2025-07-18
10211,771,2530.3,15.55,2025-07-18
10882,814,967.8,5.29,2025-07-18
10974,821,1354.5,8.84,2025-07-18
11080,831,831.2,8.98,2025-07-18
11512,866,2429.8,16.28,2025-07-18
11916,895,2169.5,13.66,2025-07-18
12082,906,1349.7,10.93,2025-07-18
12665,946,1306.6,7.58,2025-07-18
13194,988,1876.7,16.65,2025-07-18
13709,1025,2696.1,13.04,2025-07-18
13893,1041,5994.7,30.89,2025-07-18
14086,1056,1738.4,13.59,2025-07-18
14394,1078,3130.3,16.48,2025-07-18
14412,1079,3581.3,24.49,2025-07-18
15483,1152,2486.4,15.85,2025-07-18
15665,1161,1879.2,12.14,2025-07-18
17074,1261,1150.9,7.91,2025-07-18
17101,1262,2482.4,15.99,2025-07-18
17162,1266,2143.1,17.95,2025-07-18
18081,1328,616.9,5.69,2025-07-18
18176,1333,6485.0,35.29,2025-07-18
19057,1404,1083.9,6.98,2025-07-18
19943,1469,3746.7,24.54,2025-07-18
641,54,4403.1,20.38,2025-07-19
746,64,6829.6,33.83,2025-07-19
1393,110,9067.6,58.66,2025-07-19
1557,121,3534.3,23.28,2025-07-19
1756,138,2626.9,16.04,2025-07-19
2005,160,4830.6,24.77,2025-07-19
2718,210,5032.8,30.3,2025-07-19
2775,214,1397.8,10.33,2025-07-19
2909,224,2331.8,16.59,2025-07-19
3034,231,1542.6,7.75,2025-07-19
3061,233,2651.9,17.8,2025-07-19
3843,290,2896.0,27.81,2025-07-19
3908,293,5421.8,23.92,2025-07-19
4006,300,3027.5,16.86,2025-07-19
4234,319,0.0,0.0,2025-07-19
5329,413,4251.1,25.21,2025-07-19
5433,422,3444.6,19.09,2025-07-19
5814,448,6073.4,29.47,2025-07-19
6003,463,1484.7,9.32,2025-07-19
6109,471,2205.7,13.28,2025-07-19
6354,493,2618.5,18.02,2025-07-19
6360,494,1081.6,8.6,2025-07-19
6593,509,2345.3,10.63,2025-07-19
6776,519,3810.7,19.35,2025-07-19
7444,569,1172.8,7.27,2025-07-19
7577,580,1246.5,9.17,2025-07-19
7726,591,3735.4,46.36,2025-07-19
8409,646,3700.4,22.82,2025-07-19
9212,702,1045.5,8.37,2025-07-19
10114,767,2422.4,16.88,2025-07-19
10886,815,2607.7,12.1,2025-07-19
11002,822,1671.5,12.87,2025-07-19
11033,826,1723.0,11.48,2025-07-19
11379,855,6345.1,30.04,2025-07-19
11569,870,2160.9,12.07,2025-07-19
11849,888,6625.5,28.44,2025-07-19
12138,910,1454.5,9.92,2025-07-19
12194,915,1241.9,6.72,2025-07-19
12720,951,650.6,6.38,2025-07-19
13286,995,1842.4,10.82,2025-07-19
13516,1012,5495.3,36.27,2025-07-19
13851,1036,1417.5,11.08,2025-07-19
14141,1061,2120.3,15.26,2025-07-19
14416,1079,1539.4,11.76,2025-07-19
14715,1099,3262.5,20.88,2025-07-19
16000,1180,2512.5,14.14,2025-07-19
16378,1211,1601.5,14.13,2025-07-19
16667,1233,1550.2,11.98,2025-07-19
18039,1327,2503.8,11.46,2025-07-19
19133,1413,5188.4,31.18,2025-07-19
19950,1470,8766.0,40.72,2025-07-19
20046,1476,1637.6,15.8,2025-07-19
20322,1499,3796.2,18.3,2025-07-19
140,14,5389.4,33.19,2025-07-20
302,23,1865.0,14.74,2025-07-20
388,27,2138.0,14.78,2025-07-20
1121,92,1683.3,12.56,2025-07-20
1686,132,1712.3,9.56,2025-07-20
2244,179,1970.1,11.73,2025-07-20
2317,184,1782.7,10.17,2025-07-20
2907,223,2022.4,13.79,2025-07-20
2915,225,2069.6,16.96,2025-07-20
3130,236,2500.1,21.74,2025-07-20
3131,236,3538.3,20.64,2025-07-20
3172,237,1134.7,13.71,2025-07-20
3622,273,1914.2,11.64,2025-07-20
4072,307,3235.1,18.84,2025-07-20
4154,311,1707.2,9.34,2025-07-20
4493,344,1974.8,10.87,2025-07-20
4534,346,1734.4,15.98,2025-07-20
4864,374,2994.5,24.41,2025-07-20
5166,400,3742.1,23.35,2025-07-20
5256,408,1768.2,19.93,2025-07-20
5645,434,2944.5,16.43,2025-07-20
6071,469,1170.4,12.28,2025-07-20
6179,476,12291.4,90.0,2025-07-20
6753,519,3726.4,21.27,2025-07-20
7134,547,2597.9,17.06,2025-07-20
7311,559,2429.0,24.1,2025-07-20
7642,584,7021.4,38.51,2025-07-20
9989,759,7988.4,38.13,2025-07-20
9990,759,6759.1,31.54,2025-07-20
10291,775,2287.7,17.85,2025-07-20
12434,930,1761.6,11.32,2025-07-20
13084,979,3985.8,24.1,2025-07-20
13245,992,2968.2,17.85,2025-07-20
13584,1016,2213.8,14.3,2025-07-20
14287,1071,5081.6,36.76,2025-07-20
14621,1093,5657.2,32.14,2025-07-20
14706,1098,2179.1,10.5,2025-07-20
15183,1129,3182.4,23.24,2025-07-20
15881,1170,2586.5,17.18,2025-07-20
17482,1289,3906.5,23.64,2025-07-20
17776,1311,2589.4,13.97,2025-07-20
18141,1331,5431.7,30.12,2025-07-20
18677,1374,4035.9,20.29,2025-07-20
18710,1375,1729.4,11.5,2025-07-20
19871,1466,3994.3,24.11,2025-07-20
73,10,1232.0,8.89,2025-07-21
739,63,1938.6,13.76,2025-07-21
1338,106,5395.5,30.28,2025-07-21
1424,113,2135.4,10.08,2025-07-21
1533,120,2852.1,27.52,2025-07-21
1559,121,2287.6,21.74,2025-07-21
2415,190,1795.7,10.99,2025-07-21
2441,192,3017.9,20.97,2025-07-21
3062,233,3388.5,36.73,2025-07-21
3670,276,1634.1,7.48,2025-07-21
4331,329,2578.2,20.23,2025-07-21
4446,340,957.8,11.16,2025-07-21
4510,344,1654.5,8.26,2025-07-21
4786,369,3638.6,22.74,2025-07-21
4984,384,2705.1,21.55,2025-07-21
5654,434,1914.3,19.42,2025-07-21
5877,452,2735.8,15.01,2025-07-21
5898,454,1222.5,8.84,2025-07-21
6129,473,2298.9,14.63,2025-07-21
6236,483,1202.6,8.36,2025-07-21
6807,522,3846.7,22.66,2025-07-21
6816,522,2916.6,26.22,2025-07-21
7271,558,2598.0,17.57,2025-07-21
7402,567,1118.5,9.36,2025-07-21
8543,656,2460.9,13.93,2025-07-21
8581,660,3423.4,21.58,2025-07-21
8818,680,3349.0,24.55,2025-07-21
8853,681,2425.4,14.87,2025-07-21
9109,695,3674.4,19.35,2025-07-21
9329,709,3735.8,21.45,2025-07-21
9747,738,3078.4,19.64,2025-07-21
9831,745,1842.8,9.73,2025-07-21
10466,787,1748.0,9.22,2025-07-21
11073,831,1617.5,16.74,2025-07-21
11572,870,1550.4,14.48,2025-07-21
11951,898,2846.0,14.16,2025-07-21
12348,922,2718.7,15.28,2025-07-21
12496,938,4413.2,25.13,2025-07-21
12947,971,3781.9,28.62,2025-07-21
13065,978,869.6,7.44,2025-07-21
14069,1055,1470.8,7.29,2025-07-21
15322,1139,2125.4,9.34,2025-07-21
15332,1140,1775.6,9.13,2025-07-21
16030,1182,4662.5,27.87,2025-07-21
16228,1200,3461.2,20.15,2025-07-21
16258,1203,3063.0,18.98,2025-07-21
16976,1255,2785.7,21.14,2025-07-21
17484,1289,2589.0,13.52,2025-07-21
17485,1289,4943.4,29.26,2025-07-21
18558,1361,1720.9,21.21,2025-07-21
18600,1365,4712.7,32.08,2025-07-21
19570,1442,5815.8,28.85,2025-07-21
20410,10,1232.0,8.89,2025-07-21
20437,522,3846.7,22.66,2025-07-21
602,49,2165.7,14.37,2025-07-22
678,58,4921.9,38.42,2025-07-22
684,58,1341.4,7.67,2025-07-22
2174,175,3268.3,19.84,2025-07-22
2417,190,2420.8,14.07,2025-07-22
2475,194,2829.4,16.19,2025-07-22
2755,213,1929.3,14.13,2025-07-22
3953,297,2897.7,28.88,2025-07-22
4096,308,3144.4,19.5,2025-07-22
4292,326,2418.1,18.03,2025-07-22
4992,384,1568.7,9.97,2025-07-22
5117,396,2786.0,14.76,2025-07-22
5217,404,2652.2,14.7,2025-07-22
6149,474,1771.0,11.73,2025-07-22
7141,547,1952.7,12.34,2025-07-22
7187,552,2247.6,16.07,2025-07-22
7301,558,4737.9,26.4,2025-07-22
7632,582,4358.0,21.46,2025-07-22
8176,625,2612.8,21.61,2025-07-22
8195,626,1743.1,11.45,2025-07-22
8375,644,1404.4,11.18,2025-07-22
8664,668,2453.6,13.41,2025-07-22
8881,682,3761.2,25.82,2025-07-22
9412,714,1678.3,9.19,2025-07-22
9793,742,3352.6,19.66,2025-07-22
9983,758,2925.3,17.64,2025-07-22
10447,787,2351.8,16.41,2025-07-22
10880,814,7412.0,46.59,2025-07-22
11268,847,2705.9,15.91,2025-07-22
12288,919,1995.4,15.54,2025-07-22
12737,952,3736.2,19.43,2025-07-22
12819,959,3001.1,18.41,2025-07-22
13234,992,1360.9,6.75,2025-07-22
13333,997,2841.8,18.61,2025-07-22
13347,998,1026.1,15.85,2025-07-22
13891,1040,1973.9,16.35,2025-07-22
13948,1044,2874.6,15.94,2025-07-22
13983,1048,2154.8,11.75,2025-07-22
14461,1081,2457.4,17.51,2025-07-22
15768,1165,1960.4,15.4,2025-07-22
16613,1228,1129.3,10.3,2025-07-22
17051,1260,1109.0,13.59,2025-07-22
17077,1261,7210.8,45.39,2025-07-22
17527,1292,3333.4,28.39,2025-07-22
17729,1306,2238.0,14.6,2025-07-22
17816,1313,3289.3,24.44,2025-07-22
17882,1316,2493.3,16.31,2025-07-22
17903,1319,3632.0,17.19,2025-07-22
19752,1457,3043.4,16.72,2025-07-22
265,21,1830.1,13.48,2025-07-23
1651,130,2603.8,15.79,2025-07-23
1757,138,3758.8,19.25,2025-07-23
2595,201,765.7,7.22,2025-07-23
3476,256,16567.5,84.81,2025-07-23
3507,262,2412.1,19.33,2025-07-23
5652,434,3326.6,17.82,2025-07-23
6387,497,5705.4,46.4,2025-07-23
6612,512,2945.4,26.33,2025-07-23
6695,515,6598.6,32.64,2025-07-23
6777,519,2817.0,21.19,2025-07-23
7427,568,1988.4,10.9,2025-07-23
8073,616,3263.6,29.86,2025-07-23
8825,680,3999.4,23.93,2025-07-23
8937,686,3389.8,20.9,2025-07-23
10712,802,778.8,12.1,2025-07-23
11420,857,4324.5,25.31,2025-07-23
11779,885,1027.8,17.13,2025-07-23
12994,972,1231.2,9.54,2025-07-23
13611,1020,7768.1,37.23,2025-07-23
13963,1046,3233.9,17.74,2025-07-23
14302,1072,3275.8,16.22,2025-07-23
14455,1081,2647.0,14.87,2025-07-23
14642,1094,7812.8,59.7,2025-07-23
14827,1107,645.4,6.55,2025-07-23
15050,1121,4454.0,25.61,2025-07-23
15294,1137,1452.8,15.27,2025-07-23
15402,1145,2093.2,16.88,2025-07-23
15813,1167,0.0,0.0,2025-07-23
15869,1169,1216.5,7.73,2025-07-23
16441,1214,3445.1,20.84,2025-07-23
17149,1265,1685.4,9.32,2025-07-23
17217,1270,1628.4,14.33,2025-07-23
17435,1283,2669.2,20.22,2025-07-23
18524,1358,2439.2,12.91,2025-07-23
19262,1419,2103.4,13.69,2025-07-23
19604,1446,2084.5,16.99,2025-07-23
19798,1459,1162.2,13.44,2025-07-23
19850,1463,5119.3,30.61,2025-07-23
1130,93,1646.1,9.84,2025-07-24
1163,94,3253.0,31.4,2025-07-24
1744,138,6440.7,42.63,2025-07-24
3108,235,1724.9,18.99,2025-07-24
3449,255,2845.3,18.58,2025-07-24
3996,299,1830.1,11.14,2025-07-24
4571,351,1722.3,10.81,2025-07-24
5164,400,4136.1,23.75,2025-07-24
5365,416,1450.9,12.55,2025-07-24
5475,424,2639.3,17.1,2025-07-24
5755,444,2953.6,19.41,2025-07-24
7114,546,1797.7,11.07,2025-07-24
7152,548,626.9,5.96,2025-07-24
7330,560,4861.4,26.95,2025-07-24
7396,564,2363.0,10.81,2025-07-24
7482,572,6191.0,43.85,2025-07-24
7592,581,1873.7,9.36,2025-07-24
7895,604,5587.2,32.39,2025-07-24
8754,675,2194.1,15.21,2025-07-24
8973,688,7201.9,37.47,2025-07-24
9515,720,2355.1,16.23,2025-07-24
9518,720,2071.9,9.25,2025-07-24
10164,770,4192.2,17.77,2025-07-24
11540,868,1680.2,11.71,2025-07-24
12785,956,2156.0,20.98,2025-07-24
13556,1015,2432.8,19.77,2025-07-24
14014,1050,3402.5,16.02,2025-07-24
14435,1080,2597.0,13.48,2025-07-24
14587,1090,3993.7,23.06,2025-07-24
14654,1095,3008.0,17.71,2025-07-24
14809,1107,1776.8,10.75,2025-07-24
15001,1118,5235.9,26.09,2025-07-24
15351,1141,1795.1,13.4,2025-07-24
15385,1143,0.0,0.0,2025-07-24
17271,1272,4589.8,26.63,2025-07-24
17626,1298,5605.1,26.48,2025-07-24
17991,1323,3303.5,18.48,2025-07-24
18734,1377,2515.8,13.92,2025-07-24
18787,1382,1153.1,7.53,2025-07-24
19068,1405,3398.6,18.8,2025-07-24
19768,1458,1844.3,12.72,2025-07-24
19966,1471,1105.6,8.73,2025-07-24
20251,1494,2289.2,17.38,2025-07-24
20305,1498,2105.9,12.73,2025-07-24
537,43,1350.4,11.47,2025-07-25
539,43,3691.6,22.05,2025-07-25
865,72,4228.0,22.61,2025-07-25
1818,145,5606.8,34.59,2025-07-25
2073,165,1038.4,9.62,2025-07-25
2723,211,8655.1,39.72,2025-07-25
4184,315,6227.9,35.67,2025-07-25
4199,317,6766.3,44.46,2025-07-25
4986,384,3056.9,19.44,2025-07-25
5805,447,2953.7,19.75,2025-07-25
5821,448,1968.4,17.6,2025-07-25
6157,474,1361.2,7.11,2025-07-25
6939,532,4207.5,21.37,2025-07-25
8037,613,1403.8,7.82,2025-07-25
8670,669,11191.5,56.35,2025-07-25
9433,714,2164.4,11.58,2025-07-25
9435,714,1111.8,10.8,2025-07-25
9562,723,1598.9,9.79,2025-07-25
10391,782,2851.7,20.86,2025-07-25
10821,811,1681.6,19.56,2025-07-25
11616,873,4237.6,25.71,2025-07-25
11853,888,3037.7,26.98,2025-07-25
11927,896,1671.6,20.38,2025-07-25
11940,898,3406.2,25.23,2025-07-25
12018,903,3085.0,16.28,2025-07-25
13151,984,3047.1,23.19,2025-07-25
13780,1031,1793.3,8.86,2025-07-25
14016,1050,1302.4,8.46,2025-07-25
14122,1060,1524.1,8.8,2025-07-25
14475,1082,1757.9,11.4,2025-07-25
15071,1122,9264.9,48.13,2025-07-25
15579,1157,5438.9,30.82,2025-07-25
15918,1172,4231.4,31.14,2025-07-25
17013,1258,2668.4,14.25,2025-07-25
17399,1281,2776.0,17.99,2025-07-25
17607,1297,1993.8,10.55,2025-07-25
18186,1334,949.0,9.26,2025-07-25
18292,1343,3839.5,29.6,2025-07-25
18480,1355,1765.2,13.33,2025-07-25
18982,1400,4886.8,30.03,2025-07-25
19541,1439,1453.9,11.51,2025-07-25
729,63,3782.1,30.94,2025-07-26
959,80,2006.6,15.4,2025-07-26
1891,148,4021.0,26.41,2025-07-26
2218,178,1997.5,18.32,2025-07-26
3134,236,2291.9,16.11,2025-07-26
3136,236,1259.5,10.95,2025-07-26
3171,237,5397.1,56.36,2025-07-26
3368,250,3338.5,22.59,2025-07-26
3433,254,4172.9,22.73,2025-07-26
3506,262,2867.0,19.03,2025-07-26
3509,262,2832.6,14.32,2025-07-26
4358,331,2021.7,16.92,2025-07-26
4769,367,2913.1,18.29,2025-07-26
4860,374,3020.9,18.46,2025-07-26
4916,377,885.8,7.19,2025-07-26
5259,408,1427.9,9.31,2025-07-26
5717,441,1652.9,7.49,2025-07-26
5884,452,1290.2,10.65,2025-07-26
6365,494,1624.6,9.11,2025-07-26
6439,500,2700.9,32.47,2025-07-26
6787,521,2798.9,17.6,2025-07-26
6936,532,2503.9,17.85,2025-07-26
7829,597,3653.9,27.66,2025-07-26
8376,644,3362.5,24.92,2025-07-26
8380,645,5126.8,28.03,2025-07-26
10695,801,10684.3,43.3,2025-07-26
11956,899,5711.3,37.54,2025-07-26
12009,903,2194.6,13.03,2025-07-26
12736,952,3193.4,21.27,2025-07-26
13451,1005,4923.2,31.5,2025-07-26
13763,1030,1501.2,11.74,2025-07-26
14049,1052,3763.5,22.08,2025-07-26
14219,1067,2305.2,12.76,2025-07-26
14521,1086,4975.2,26.86,2025-07-26
15014,1118,2049.2,13.25,2025-07-26
15307,1137,1076.7,6.88,2025-07-26
15333,1140,2241.9,15.02,2025-07-26
15543,1155,4336.3,26.35,2025-07-26
16177,1197,2715.2,14.38,2025-07-26
16375,1211,1071.6,8.3,2025-07-26
16395,1212,1728.1,13.62,2025-07-26
17204,1268,2821.4,14.7,2025-07-26
17702,1304,1498.9,11.3,2025-07-26
17810,1313,3666.2,18.86,2025-07-26
17946,1321,4998.8,52.27,2025-07-26
17985,1322,980.9,6.45,2025-07-26
18242,1341,8997.9,51.51,2025-07-26
79,10,1047.6,9.87,2025-07-27
119,12,2668.2,15.91,2025-07-27
121,12,3979.0,25.22,2025-07-27
401,29,1553.9,12.54,2025-07-27
821,69,2234.5,14.53,2025-07-27
1105,91,3706.2,25.19,2025-07-27
1450,114,1438.0,17.45,2025-07-27
1985,157,3353.7,17.66,2025-07-27
2634,205,4655.3,27.24,2025-07-27
3369,250,2293.5,13.43,2025-07-27
3575,267,1537.9,11.14,2025-07-27
3656,275,3074.0,21.34,2025-07-27
3673,277,5998.1,35.25,2025-07-27
3718,280,1423.6,7.82,2025-07-27
3762,283,2914.2,17.64,2025-07-27
3828,289,4506.3,25.13,2025-07-27
4035,302,4575.2,23.39,2025-07-27
4119,309,2543.4,15.32,2025-07-27
4903,376,1109.8,14.4,2025-07-27
6278,487,3144.9,18.59,2025-07-27
6913,531,1714.0,14.69,2025-07-27
7338,560,1623.7,14.13,2025-07-27
7651,584,1663.9,11.45,2025-07-27
7957,608,4135.3,23.67,2025-07-27
8202,627,928.6,10.58,2025-07-27
8419,647,2183.0,11.23,2025-07-27
9188,700,1058.5,10.25,2025-07-27
10491,788,1408.5,12.18,2025-07-27
11051,828,1176.5,6.7,2025-07-27
11941,898,2023.1,20.53,2025-07-27
13771,1030,2827.9,17.83,2025-07-27
14732,1099,3451.0,20.37,2025-07-27
15085,1124,2949.2,16.62,2025-07-27
15273,1135,1980.6,12.49,2025-07-27
16100,1191,2774.3,19.78,2025-07-27
16791,1245,916.8,10.61,2025-07-27
16928,1252,1958.5,24.92,2025-07-27
16990,1257,3236.4,23.84,2025-07-27
18069,1328,2502.2,12.31,2025-07-27
18418,1353,1814.7,13.81,2025-07-27
18451,1355,2364.2,15.03,2025-07-27
19185,1415,1022.3,10.84,2025-07-27
47,6,1944.1,17.36,2025-07-28
400,29,2198.1,15.17,2025-07-28
423,32,3923.2,20.99,2025-07-28
1521,120,4947.6,26.0,2025-07-28
1766,139,4420.6,33.0,2025-07-28
1871,147,1832.9,8.25,2025-07-28
1926,151,7269.5,36.73,2025-07-28
1990,158,2022.2,10.31,2025-07-28
2726,211,2813.6,14.63,2025-07-28
2827,217,4714.1,25.38,2025-07-28
3385,250,4194.3,17.32,2025-07-28
3497,260,2842.8,24.59,2025-07-28
4269,324,2583.6,14.46,2025-07-28
4310,328,3332.8,28.14,2025-07-28
4537,346,2451.3,20.18,2025-07-28
4748,364,2827.6,16.16,2025-07-28
5298,411,2147.7,11.91,2025-07-28
5448,423,2487.5,13.63,2025-07-28
5956,459,1728.4,13.28,2025-07-28
6022,465,1901.0,13.38,2025-07-28
7324,560,3839.9,22.18,2025-07-28
7663,585,3584.4,20.58,2025-07-28
9115,696,5737.2,38.06,2025-07-28
9382,712,2745.7,15.77,2025-07-28
9585,724,1001.5,11.19,2025-07-28
9934,752,3546.8,22.09,2025-07-28
10831,812,2684.1,15.27,2025-07-28
11156,839,1835.1,13.14,2025-07-28
11554,868,4322.6,26.98,2025-07-28
11978,901,569.4,9.49,2025-07-28
12021,903,1374.2,8.65,2025-07-28
12619,944,5721.2,43.75,2025-07-28
13540,1014,6460.2,39.78,2025-07-28
13596,1018,898.9,7.36,2025-07-28
13837,1035,2674.8,14.17,2025-07-28
14247,1068,5021.2,29.07,2025-07-28
14402,1078,2766.6,13.84,2025-07-28
14884,1111,1730.2,17.16,2025-07-28
15411,1146,5830.0,35.72,2025-07-28
16394,1212,3994.1,16.59,2025-07-28
17499,1289,757.1,5.27,2025-07-28
17928,1320,2785.8,15.58,2025-07-28
19229,1418,1677.0,14.25,2025-07-28
19387,1429,1641.4,9.97,2025-07-28
19776,1458,1646.5,8.76,2025-07-28
20147,1486,7377.8,44.4,2025-07-28
278,21,1583.3,7.77,2025-07-29
1536,120,766.5,5.5,2025-07-29
1653,130,2698.3,21.15,2025-07-29
1984,157,3329.2,21.22,2025-07-29
2019,160,2543.5,14.6,2025-07-29
2111,168,4941.7,24.41,2025-07-29
3022,230,1411.3,7.9,2025-07-29
3102,235,1937.3,19.32,2025-07-29
3342,245,4284.5,20.85,2025-07-29
3662,276,2032.7,14.75,2025-07-29
3788,285,1100.3,7.93,2025-07-29
3793,285,4434.7,25.25,2025-07-29
5679,436,7816.5,47.71,2025-07-29
6945,533,2199.7,18.43,2025-07-29
7399,566,1514.6,13.69,2025-07-29
7837,599,1640.0,10.3,2025-07-29
7966,608,4750.3,23.33,2025-07-29
8272,636,1981.1,10.17,2025-07-29
9297,706,2280.6,13.03,2025-07-29
11959,899,3581.3,16.96,2025-07-29
12607,943,4116.4,31.96,2025-07-29
12729,952,2534.4,16.3,2025-07-29
13067,978,2562.6,21.26,2025-07-29
13144,983,4864.5,25.0,2025-07-29
13221,991,2095.2,13.79,2025-07-29
14646,1094,2897.2,14.32,2025-07-29
15087,1124,2271.0,11.98,2025-07-29
15167,1127,2169.2,17.99,2025-07-29
15484,1152,1602.6,16.79,2025-07-29
15504,1152,4506.6,26.73,2025-07-29
15638,1160,1541.9,9.56,2025-07-29
18630,1366,3012.7,19.87,2025-07-29
18914,1396,2980.1,25.78,2025-07-29
19729,1454,3142.7,13.23,2025-07-29
19758,1458,2532.3,14.8,2025-07-29
20418,566,1514.6,13.69,2025-07-29
20467,706,2280.6,13.03,2025-07-29
148,14,2620.8,17.1,2025-07-30
206,19,2007.0,14.05,2025-07-30
267,21,4730.1,34.01,2025-07-30
607,50,2012.7,15.19,2025-07-30
862,72,3185.2,17.72,2025-07-30
984,81,1336.9,10.67,2025-07-30
1161,94,1491.8,14.3,2025-07-30
2588,201,3261.7,30.34,2025-07-30
2918,225,1380.5,8.26,2025-07-30
2952,227,1704.5,12.86,2025-07-30
3313,244,6810.0,39.95,2025-07-30
3420,252,751.5,8.25,2025-07-30
3815,288,1648.4,14.27,2025-07-30
4348,330,4946.9,25.73,2025-07-30
4605,353,2009.8,13.48,2025-07-30
4807,371,2776.0,24.56,2025-07-30
5712,439,9115.3,46.82,2025-07-30
5941,459,1483.5,17.35,2025-07-30
5963,459,1714.8,12.94,2025-07-30
6785,520,2572.1,19.47,2025-07-30
7331,560,2080.3,14.21,2025-07-30
7333,560,1823.9,11.52,2025-07-30
7441,569,1636.1,13.08,2025-07-30
7523,577,8234.0,33.05,2025-07-30
8542,656,7260.0,33.15,2025-07-30
9087,693,2788.9,20.62,2025-07-30
9183,700,5839.6,38.19,2025-07-30
9294,706,1788.3,15.28,2025-07-30
9549,722,1230.9,10.07,2025-07-30
9610,727,2590.1,15.26,2025-07-30
9696,736,7193.5,44.61,2025-07-30
10578,793,4400.3,24.72,2025-07-30
10834,812,918.4,4.99,2025-07-30
10946,819,3587.3,22.67,2025-07-30
10964,820,2040.2,18.14,2025-07-30
11280,848,4966.8,27.51,2025-07-30
11856,888,2334.2,16.95,2025-07-30
11890,892,2857.7,14.51,2025-07-30
12035,903,2075.8,13.46,2025-07-30
12585,941,2855.2,18.65,2025-07-30
12604,943,2920.9,25.94,2025-07-30
12936,970,4748.2,24.61,2025-07-30
13237,992,2880.6,17.18,2025-07-30
13572,1015,3814.4,19.2,2025-07-30
14113,1060,1947.5,15.92,2025-07-30
14761,1102,5092.6,30.15,2025-07-30
15642,1160,1775.4,11.18,2025-07-30
16584,1227,1988.0,13.29,2025-07-30
16588,1227,3878.2,26.36,2025-07-30
16752,1242,2288.8,10.76,2025-07-30
16780,1244,1768.8,12.64,2025-07-30
17079,1261,827.0,8.38,2025-07-30
17981,1322,2251.1,13.14,2025-07-30
18206,1334,2198.0,18.87,2025-07-30
19134,1413,7327.9,43.59,2025-07-30
19332,1424,2364.2,14.72,2025-07-30
82,10,2647.5,21.12,2025-07-31
605,50,2673.9,14.61,2025-07-31
765,66,1656.3,16.17,2025-07-31
1058,85,816.8,4.52,2025-07-31
1060,86,2604.9,22.43,2025-07-31
2309,184,2867.4,18.61,2025-07-31
3518,263,3182.4,18.09,2025-07-31
4325,328,3136.0,17.8,2025-07-31
4538,346,2854.9,16.42,2025-07-31
5011,388,2085.9,12.69,2025-07-31
5134,398,3139.6,25.69,2025-07-31
6424,499,4825.2,26.67,2025-07-31
7254,557,3598.3,24.77,2025-07-31
7416,568,1395.6,11.71,2025-07-31
7556,579,2514.6,19.73,2025-07-31
7598,581,1148.6,7.06,2025-07-31
8264,635,0.0,0.0,2025-07-31
8281,637,3427.7,15.42,2025-07-31
8558,659,7000.6,46.36,2025-07-31
8611,662,1342.1,9.56,2025-07-31
8843,681,4795.9,33.3,2025-07-31
9577,724,1705.6,16.56,2025-07-31
9908,750,4380.6,24.92,2025-07-31
10116,767,1926.3,13.75,2025-07-31
10176,770,4899.4,29.94,2025-07-31
10190,771,6651.1,34.88,2025-07-31
11802,887,1083.4,7.91,2025-07-31
11879,891,2845.3,13.91,2025-07-31
12242,917,1999.5,12.86,2025-07-31
12905,966,666.9,9.75,2025-07-31
13531,1013,2772.7,15.35,2025-07-31
13662,1022,1963.8,14.3,2025-07-31
13897,1041,2270.2,17.17,2025-07-31
14064,1055,8975.7,61.63,2025-07-31
14226,1067,2538.9,21.05,2025-07-31
14584,1090,3007.2,19.88,2025-07-31
14822,1107,6471.9,32.88,2025-07-31
15113,1125,3736.9,23.38,2025-07-31
15794,1167,1676.0,11.34,2025-07-31
16516,1222,621.2,4.43,2025-07-31
16985,1256,1957.1,15.73,2025-07-31
17536,1293,3162.1,19.26,2025-07-31
17978,1321,4303.4,25.9,2025-07-31
18083,1328,5733.6,38.96,2025-07-31
18711,1375,2528.8,15.44,2025-07-31
19153,1413,2300.4,14.65,2025-07-31
19167,1414,5638.7,38.3,2025-07-31
19698,1453,2104.2,11.72,2025-07-31
129,12,2043.9,12.42,2025-08-01
891,74,2005.5,17.78,2025-08-01
1603,124,2904.5,21.76,2025-08-01
1844,146,2754.7,22.02,2025-08-01
1996,158,2131.2,13.37,2025-08-01
2081,165,2206.0,17.62,2025-08-01
2716,210,2671.2,22.7,2025-08-01
2806,216,2685.7,17.02,2025-08-01
2978,228,3503.2,22.09,2025-08-01
3192,238,5331.0,28.2,2025-08-01
3728,281,2164.9,13.78,2025-08-01
3948,297,3815.5,18.53,2025-08-01
4264,323,5361.9,35.68,2025-08-01
5270,409,3301.2,14.74,2025-08-01
6191,477,4005.2,20.47,2025-08-01
6348,493,2236.8,16.37,2025-08-01
6517,505,5931.0,32.58,2025-08-01
6592,509,1187.2,7.97,2025-08-01
6609,510,2720.6,30.2,2025-08-01
6781,520,1131.3,12.08,2025-08-01
8026,612,3877.5,25.67,2025-08-01
8051,614,2664.2,17.37,2025-08-01
10624,796,1577.4,11.96,2025-08-01
10798,808,1989.6,14.8,2025-08-01
11504,865,0.0,0.0,2025-08-01
12495,938,2142.0,14.68,2025-08-01
13376,999,2574.4,14.92,2025-08-01
13601,1019,1076.8,10.89,2025-08-01
13669,1023,662.2,9.31,2025-08-01
13815,1035,5481.0,32.11,2025-08-01
14106,1059,1132.9,16.17,2025-08-01
14213,1067,2647.2,16.34,2025-08-01
14522,1086,3924.2,25.76,2025-08-01
15740,1165,2901.2,20.3,2025-08-01
16359,1210,2285.9,15.74,2025-08-01
16619,1228,1271.3,5.91,2025-08-01
17550,1294,1533.5,9.65,2025-08-01
17933,1320,6633.4,41.44,2025-08-01
18129,1330,5700.7,29.69,2025-08-01
18539,1359,4984.8,26.51,2025-08-01
18947,1398,1710.9,11.9,2025-08-01
19714,1454,2799.7,16.99,2025-08-01
20133,1484,2963.1,21.44,2025-08-01
355,25,2828.5,17.98,2025-08-02
1538,120,6050.9,32.55,2025-08-02
1656,130,1907.1,10.82,2025-08-02
2125,170,3360.0,19.37,2025-08-02
2131,171,2827.2,18.15,2025-08-02
2241,179,2088.6,15.95,2025-08-02
2762,213,2376.6,13.88,2025-08-02
2889,221,4676.4,26.2,2025-08-02
3348,246,7268.2,43.06,2025-08-02
3408,252,1506.6,11.83,2025-08-02
3687,278,1024.4,6.2,2025-08-02
3934,296,758.7,9.28,2025-08-02
3956,298,1888.8,14.6,2025-08-02
4811,371,5044.5,33.03,2025-08-02
5053,390,1231.0,5.81,2025-08-02
5672,436,2051.9,14.93,2025-08-02
5852,449,2301.8,13.58,2025-08-02
5910,455,2220.7,12.2,2025-08-02
6476,503,5869.4,45.61,2025-08-02
6857,524,3443.3,24.39,2025-08-02
7243,556,1443.2,10.43,2025-08-02
7952,608,1147.6,9.53,2025-08-02
9079,693,4486.8,24.1,2025-08-02
9383,712,1644.5,9.54,2025-08-02
9781,741,5601.8,27.63,2025-08-02
9912,751,2937.7,16.77,2025-08-02
10034,762,543.3,3.5,2025-08-02
10500,788,2069.0,11.83,2025-08-02
10675,800,1350.4,8.22,2025-08-02
11158,839,5939.0,43.76,2025-08-02
11289,848,3280.0,19.1,2025-08-02
11293,848,2059.1,28.72,2025-08-02
11375,854,3390.0,16.63,2025-08-02
12108,908,1983.4,11.75,2025-08-02
12263,917,2121.8,11.87,2025-08-02
12400,927,2205.2,15.55,2025-08-02
12534,939,2387.0,12.46,2025-08-02
12780,956,3135.9,20.85,2025-08-02
13265,993,2352.1,16.85,2025-08-02
13353,999,2836.8,18.86,2025-08-02
13432,1004,1923.6,10.95,2025-08-02
13640,1021,1544.1,13.61,2025-08-02
13970,1047,3328.4,27.53,2025-08-02
14638,1094,915.9,6.62,2025-08-02
14921,1113,3663.3,21.32,2025-08-02
15218,1130,1660.9,9.13,2025-08-02
15338,1140,1943.3,10.2,2025-08-02
15406,1145,877.2,5.98,2025-08-02
15977,1177,7561.9,32.11,2025-08-02
16021,1181,4661.2,24.98,2025-08-02
16081,1188,1792.5,10.72,2025-08-02
16096,1190,2995.4,14.88,2025-08-02
16103,1191,2031.9,11.79,2025-08-02
17589,1296,2778.3,19.25,2025-08-02
17609,1297,3253.8,16.99,2025-08-02
17942,1320,5153.0,28.47,2025-08-02
18030,1327,2223.1,11.87,2025-08-02
18211,1334,1172.7,8.39,2025-08-02
18724,1377,1505.0,14.4,2025-08-02
18897,1394,3119.6,23.68,2025-08-02
18899,1394,1467.5,8.44,2025-08-02
18942,1397,3093.7,19.24,2025-08-02
19283,1420,2550.7,24.36,2025-08-02
19476,1435,3004.8,23.19,2025-08-02
19855,1464,4236.0,32.24,2025-08-02
19895,1467,1960.2,10.7,2025-08-02
20187,1489,3566.9,18.54,2025-08-02
20456,221,4676.4,26.2,2025-08-02
20461,854,3390.0,16.63,2025-08-02
178,16,873.2,6.34,2025-08-03
548,44,952.1,6.7,2025-08-03
981,81,2281.6,14.96,2025-08-03
1150,93,3447.8,18.93,2025-08-03
1321,106,4048.6,21.93,2025-08-03
1340,107,754.5,8.28,2025-08-03
1398,110,3224.3,29.0,2025-08-03
1635,127,1990.3,14.8,2025-08-03
1712,133,3153.5,16.49,2025-08-03
1939,152,2981.9,14.91,2025-08-03
2455,194,1867.4,9.96,2025-08-03
2858,220,3342.0,18.15,2025-08-03
4031,302,4234.1,22.37,2025-08-03
4345,330,2826.5,22.96,2025-08-03
4415,337,3060.9,17.6,2025-08-03
4704,360,1472.5,10.05,2025-08-03
4834,372,2172.7,16.55,2025-08-03
5006,387,3621.3,19.92,2025-08-03
5331,413,4984.2,29.19,2025-08-03
5605,432,3480.0,19.83,2025-08-03
5836,448,3727.5,27.98,2025-08-03
5981,461,2061.4,16.6,2025-08-03
6888,527,4725.1,31.29,2025-08-03
8519,653,1450.7,10.89,2025-08-03
9098,695,3566.8,27.35,2025-08-03
9213,702,2154.7,14.47,2025-08-03
9877,748,4190.9,21.77,2025-08-03
10058,764,4532.5,21.9,2025-08-03
10473,788,4100.2,23.96,2025-08-03
10795,808,5759.2,32.02,2025-08-03
11164,839,3704.1,19.61,2025-08-03
11304,848,2855.2,16.13,2025-08-03
11753,882,1612.5,9.54,2025-08-03
11827,888,1774.3,10.5,2025-08-03
11835,888,2181.3,17.35,2025-08-03
12463,934,1554.8,7.5,2025-08-03
12972,971,1474.9,15.93,2025-08-03
14145,1061,2295.7,15.26,2025-08-03
17838,1314,1954.3,13.85,2025-08-03
17854,1314,1750.8,11.53,2025-08-03
18382,1349,2427.4,17.38,2025-08-03
18669,1372,1171.7,10.25,2025-08-03
18956,1398,5707.7,36.91,2025-08-03
20213,1490,2011.9,13.28,2025-08-03
658,56,2375.3,19.7,2025-08-04
758,65,2787.5,21.34,2025-08-04
1011,82,10232.6,52.64,2025-08-04
1455,115,2436.8,24.16,2025-08-04
2389,188,3792.1,23.04,2025-08-04
3363,249,1903.8,12.86,2025-08-04
3521,263,2908.0,18.9,2025-08-04
3594,269,3672.0,21.05,2025-08-04
4149,311,3616.1,23.38,2025-08-04
4771,367,970.3,4.78,2025-08-04
5008,388,3454.8,19.42,2025-08-04
5119,397,1871.2,15.51,2025-08-04
5258,408,1644.7,10.27,2025-08-04
5418,420,3850.4,19.79,2025-08-04
5446,423,3489.5,17.79,2025-08-04
5536,429,3200.9,17.2,2025-08-04
5538,429,1374.0,10.94,2025-08-04
5608,432,3184.4,28.0,2025-08-04
5997,462,0.0,0.0,2025-08-04
6266,486,850.8,4.06,2025-08-04
6405,497,1311.1,19.12,2025-08-04
7053,542,1955.3,16.22,2025-08-04
7193,552,7800.0,46.19,2025-08-04
7240,556,1301.6,7.09,2025-08-04
8260,633,1591.4,12.7,2025-08-04
9550,722,1666.0,12.81,2025-08-04
10303,777,1178.4,7.28,2025-08-04
10318,778,2781.3,20.86,2025-08-04
10548,792,13954.1,76.03,2025-08-04
10590,794,938.6,6.79,2025-08-04
10592,794,2796.8,16.34,2025-08-04
10770,807,1420.8,8.14,2025-08-04
10920,817,2672.2,21.04,2025-08-04
10940,818,6693.1,30.14,2025-08-04
11730,879,2296.1,22.24,2025-08-04
12528,939,5079.3,24.46,2025-08-04
13848,1035,3591.9,32.13,2025-08-04
14105,1059,2631.5,22.05,2025-08-04
15043,1121,2686.2,16.7,2025-08-04
15248,1133,3510.3,12.89,2025-08-04
15274,1135,3245.8,26.73,2025-08-04
15384,1143,1146.4,9.72,2025-08-04
15641,1160,2767.7,24.11,2025-08-04
16233,1200,1538.6,8.77,2025-08-04
16266,1204,3225.0,17.52,2025-08-04
16689,1236,3036.8,24.49,2025-08-04
17185,1267,3081.9,16.43,2025-08-04
17221,1270,4086.3,24.61,2025-08-04
17350,1276,5447.8,28.87,2025-08-04
17956,1321,5408.8,29.6,2025-08-04
18173,1333,3057.0,27.6,2025-08-04
18573,1363,1461.4,9.59,2025-08-04
19259,1419,4515.1,20.69,2025-08-04
19371,1426,3337.5,20.12,2025-08-04
19432,1431,1648.5,9.86,2025-08-04
332,24,2823.0,19.14,2025-08-05
359,25,2288.9,22.21,2025-08-05
399,29,4670.6,24.33,2025-08-05
1177,96,3545.4,18.82,2025-08-05
1716,134,2894.1,16.54,2025-08-05
1905,150,2445.6,16.01,2025-08-05
2108,167,2738.2,20.21,2025-08-05
2951,227,4495.7,28.21,2025-08-05
2991,229,3111.9,30.44,2025-08-05
3288,244,2306.8,14.94,2025-08-05
3301,244,3985.3,19.56,2025-08-05
3354,247,2708.9,14.92,2025-08-05
3471,256,4136.3,36.49,2025-08-05
4043,303,7706.1,42.91,2025-08-05
4121,309,4095.9,21.74,2025-08-05
5021,389,6733.8,34.89,2025-08-05
5333,414,4439.6,30.3,2025-08-05
5558,429,1848.9,14.25,2025-08-05
5723,442,1064.8,9.34,2025-08-05
7212,555,2583.9,18.51,2025-08-05
7229,556,2852.4,15.31,2025-08-05
7430,568,1339.9,7.9,2025-08-05
7452,570,2310.9,17.59,2025-08-05
7493,572,3442.1,17.99,2025-08-05
8020,612,2821.7,24.11,2025-08-05
8065,615,3223.2,19.54,2025-08-05
8263,635,1986.0,16.01,2025-08-05
8540,656,1861.9,15.99,2025-08-05
8871,682,1058.1,12.39,2025-08-05
10669,799,4394.9,26.73,2025-08-05
10948,819,1764.4,13.39,2025-08-05
11748,882,2773.4,19.28,2025-08-05
13760,1030,2477.6,15.29,2025-08-05
13836,1035,5198.5,28.87,2025-08-05
13941,1044,4752.2,23.33,2025-08-05
14569,1090,1122.6,7.22,2025-08-05
15115,1125,1611.1,14.55,2025-08-05
15198,1130,3228.8,20.9,2025-08-05
15380,1143,2537.1,18.07,2025-08-05
15405,1145,890.7,8.33,2025-08-05
15416,1146,7272.5,41.54,2025-08-05
16773,1244,5873.9,27.97,2025-08-05
17429,1283,3854.4,24.02,2025-08-05
17452,1284,2147.8,12.26,2025-08-05
17864,1316,2972.9,15.68,2025-08-05
18106,1329,2621.4,17.72,2025-08-05
18205,1334,3460.3,21.77,2025-08-05
18359,1348,808.0,10.37,2025-08-05
19430,1431,1701.6,13.69,2025-08-05
20290,1495,5222.7,30.52,2025-08-05
1064,86,2718.4,30.93,2025-08-06
1141,93,1775.4,13.64,2025-08-06
1903,149,1534.1,10.35,2025-08-06
2589,201,1822.4,12.04,2025-08-06
3218,239,2312.8,23.65,2025-08-06
3431,254,3777.1,27.97,2025-08-06
3608,271,2557.1,13.44,2025-08-06
3819,288,3572.4,25.35,2025-08-06
4633,356,2574.9,22.16,2025-08-06
5029,389,4137.6,29.92,2025-08-06
5308,411,3969.5,17.61,2025-08-06
6376,496,2283.7,18.39,2025-08-06
6422,499,3415.0,18.09,2025-08-06
6588,509,2253.6,13.23,2025-08-06
6717,516,2837.8,14.25,2025-08-06
7236,556,2671.9,23.14,2025-08-06
7316,559,2074.7,15.11,2025-08-06
7605,582,2346.9,14.95,2025-08-06
7939,607,1270.8,12.98,2025-08-06
8143,622,3963.2,21.63,2025-08-06
8703,671,3264.5,17.46,2025-08-06
8898,683,2410.2,19.34,2025-08-06
10978,821,2728.1,17.15,2025-08-06
11695,879,6067.7,32.45,2025-08-06
12429,929,2713.7,16.49,2025-08-06
12601,943,3431.0,16.55,2025-08-06
13100,979,2400.0,17.15,2025-08-06
13263,993,2723.4,13.95,2025-08-06
13529,1013,3199.1,21.02,2025-08-06
13762,1030,2775.1,18.28,2025-08-06
13892,1041,935.5,8.37,2025-08-06
14088,1056,3416.9,28.52,2025-08-06
14765,1102,1920.5,11.57,2025-08-06
14794,1105,1886.5,11.62,2025-08-06
14861,1109,4789.6,33.14,2025-08-06
14979,1117,3200.3,25.45,2025-08-06
15173,1128,4439.9,26.11,2025-08-06
15987,1178,3684.2,21.74,2025-08-06
17651,1299,1875.4,10.77,2025-08-06
17778,1311,3273.9,26.46,2025-08-06
18349,1347,3272.8,23.84,2025-08-06
18638,1368,2229.1,11.84,2025-08-06
19072,1405,3552.0,26.46,2025-08-06
19796,1459,1405.1,16.04,2025-08-06
20198,1489,2965.2,13.94,2025-08-06
20436,993,2723.4,13.95,2025-08-06
30,5,4508.9,20.97,2025-08-07
436,34,1897.9,10.98,2025-08-07
1987,157,2674.3,17.02,2025-08-07
2166,174,1710.0,12.38,2025-08-07
2247,179,1787.7,18.0,2025-08-07
2490,195,3488.8,17.6,2025-08-07
2498,195,8954.1,40.59,2025-08-07
3073,233,1232.3,9.17,2025-08-07
3712,280,4110.3,29.43,2025-08-07
4417,337,1689.8,11.1,2025-08-07
4694,359,2050.1,9.41,2025-08-07
4730,362,3535.6,19.87,2025-08-07
4894,375,2889.1,27.2,2025-08-07
5765,444,2973.0,20.35,2025-08-07
6397,497,5646.3,26.45,2025-08-07
6418,498,3193.8,23.09,2025-08-07
7365,562,1619.9,14.36,2025-08-07
7546,578,2254.5,15.65,2025-08-07
8156,623,2809.0,19.54,2025-08-07
8772,677,2695.8,21.1,2025-08-07
9697,736,958.6,7.62,2025-08-07
9778,741,2543.6,19.06,2025-08-07
10746,805,3466.1,16.62,2025-08-07
11287,848,1798.5,12.86,2025-08-07
11665,876,3473.6,18.16,2025-08-07
12830,959,4663.1,26.35,2025-08-07
13298,996,1640.7,12.69,2025-08-07
13499,1009,2579.7,17.48,2025-08-07
13542,1014,2577.4,19.19,2025-08-07
14021,1050,1810.1,17.9,2025-08-07
14289,1071,3054.9,18.53,2025-08-07
14327,1073,1721.9,9.6,2025-08-07
14722,1099,2032.8,15.2,2025-08-07
15359,1142,1167.4,7.28,2025-08-07
15581,1157,4354.4,27.15,2025-08-07
15930,1173,1878.9,10.49,2025-08-07
16520,1223,1184.1,10.61,2025-08-07
16723,1239,3128.2,18.17,2025-08-07
17538,1293,6879.9,47.16,2025-08-07
17835,1314,2689.7,18.86,2025-08-07
17878,1316,3520.9,22.66,2025-08-07
18015,1326,1746.7,13.44,2025-08-07
18207,1334,3046.2,18.2,2025-08-07
18314,1345,2202.2,12.9,2025-08-07
18622,1366,3020.2,16.71,2025-08-07
18674,1373,2496.5,14.98,2025-08-07
18954,1398,3069.6,18.24,2025-08-07
19242,1418,2166.6,13.99,2025-08-07
19273,1419,2235.4,16.24,2025-08-07
19293,1422,1769.6,25.02,2025-08-07
19340,1424,1981.1,15.56,2025-08-07
19525,1438,3214.8,17.55,2025-08-07
19590,1443,2722.9,22.19,2025-08-07
19881,1467,3641.4,25.38,2025-08-07
20470,195,3488.8,17.6,2025-08-07
274,21,1980.9,8.47,2025-08-08
663,56,889.3,9.34,2025-08-08
1065,86,1983.1,10.82,2025-08-08
1216,98,2208.8,15.33,2025-08-08
1942,153,4560.3,25.73,2025-08-08
2141,172,3623.1,25.84,2025-08-08
2704,209,2960.8,20.11,2025-08-08
2782,214,4937.4,21.41,2025-08-08
3139,236,2034.5,13.27,2025-08-08
4273,325,3446.0,27.26,2025-08-08
5041,390,3239.4,21.69,2025-08-08
5095,393,2693.2,24.38,2025-08-08
5236,406,2416.9,11.76,2025-08-08
5957,459,10451.7,56.84,2025-08-08
6193,477,943.3,5.47,2025-08-08
6214,480,2978.4,12.14,2025-08-08
6229,481,2822.8,24.02,2025-08-08
6446,500,2437.9,14.25,2025-08-08
6720,516,4365.5,28.96,2025-08-08
7537,578,2302.2,10.9,2025-08-08
8702,671,2202.6,22.59,2025-08-08
8885,683,8111.0,48.14,2025-08-08
9316,708,2875.8,13.95,2025-08-08
9621,728,1535.9,6.95,2025-08-08
9630,729,2980.5,12.39,2025-08-08
9948,754,1799.9,16.66,2025-08-08
10054,764,2892.0,16.19,2025-08-08
10520,791,3592.6,18.63,2025-08-08
11070,831,0.0,0.0,2025-08-08
11071,831,2659.5,14.86,2025-08-08
11098,833,2026.1,17.75,2025-08-08
11561,870,1815.7,23.05,2025-08-08
11659,875,5236.4,36.34,2025-08-08
12122,910,1871.4,13.7,2025-08-08
12656,946,3236.2,13.38,2025-08-08
12827,959,3331.1,18.66,2025-08-08
12873,964,2160.7,11.17,2025-08-08
13787,1032,998.8,5.34,2025-08-08
13814,1035,4143.2,20.85,2025-08-08
14255,1069,3690.3,18.64,2025-08-08
14506,1084,1759.9,15.3,2025-08-08
15138,1126,1045.1,5.73,2025-08-08
15958,1177,3595.1,25.69,2025-08-08
16405,1212,3233.9,15.35,2025-08-08
16788,1245,1070.1,8.55,2025-08-08
17360,1277,1439.5,10.08,2025-08-08
17464,1284,5011.8,30.95,2025-08-08
17582,1295,2336.2,17.73,2025-08-08
17688,1304,3286.6,17.16,2025-08-08
18512,1358,1693.6,11.55,2025-08-08
18901,1395,1812.8,10.59,2025-08-08
19258,1419,1732.7,12.02,2025-08-08
19610,1447,4612.1,23.62,2025-08-08
74,10,2062.4,16.52,2025-08-09
636,54,5300.6,38.02,2025-08-09
1033,83,940.2,9.6,2025-08-09
1812,145,3279.0,25.02,2025-08-09
1964,153,2803.8,13.12,2025-08-09
2722,211,2312.7,18.5,2025-08-09
2742,211,3470.3,21.46,2025-08-09
3950,297,2345.8,13.86,2025-08-09
4749,364,1698.9,11.37,2025-08-09
4768,367,2919.5,25.97,2025-08-09
4865,374,8078.8,50.06,2025-08-09
4978,384,1740.9,10.47,2025-08-09
5189,401,3729.3,22.8,2025-08-09
5338,414,1727.8,10.92,2025-08-09
5843,449,1525.4,9.43,2025-08-09
5978,461,1799.7,11.75,2025-08-09
7629,582,3994.2,24.96,2025-08-09
8472,650,3276.6,14.55,2025-08-09
10363,781,2090.9,16.87,2025-08-09
11271,847,3219.7,16.78,2025-08-09
11936,897,1830.6,12.66,2025-08-09
13051,977,1279.6,9.09,2025-08-09
13854,1036,8067.1,42.97,2025-08-09
13967,1047,3068.0,17.37,2025-08-09
14691,1096,4641.0,36.83,2025-08-09
15140,1126,940.1,10.07,2025-08-09
16500,1219,1086.6,5.35,2025-08-09
17466,1284,2463.8,17.2,2025-08-09
17492,1289,3758.5,24.92,2025-08-09
17606,1297,1880.3,11.22,2025-08-09
18654,1369,3084.8,18.61,2025-08-09
18957,1398,3540.1,21.99,2025-08-09
19280,1420,2616.2,17.58,2025-08-09
19309,1423,2784.4,16.68,2025-08-09
19623,1448,3128.3,19.77,2025-08-09
19949,1470,1034.3,12.29,2025-08-09
19974,1471,1194.1,9.59,2025-08-09
20268,1495,2001.2,15.48,2025-08-09
595,49,2167.5,20.39,2025-08-10
1356,108,2066.5,16.08,2025-08-10
1531,120,1963.5,17.45,2025-08-10
1946,153,3012.3,18.64,2025-08-10
2819,216,2443.7,14.73,2025-08-10
3306,244,3265.2,28.34,2025-08-10
3353,247,5542.0,32.44,2025-08-10
3373,250,2332.8,17.01,2025-08-10
4391,333,1441.6,19.52,2025-08-10
4671,358,2689.2,13.5,2025-08-10
4845,372,1324.1,8.52,2025-08-10
5465,424,1821.3,12.29,2025-08-10
6069,469,1565.0,8.85,2025-08-10
6200,478,5302.0,26.21,2025-08-10
6427,499,1997.7,21.08,2025-08-10
6430,499,4789.9,35.03,2025-08-10
6760,519,4403.0,30.8,2025-08-10
7041,541,3954.2,17.63,2025-08-10
7284,558,3222.6,21.29,2025-08-10
9146,698,4927.3,27.17,2025-08-10
9266,704,499.5,3.95,2025-08-10
9653,731,2571.7,14.93,2025-08-10
9836,746,1981.5,17.72,2025-08-10
10035,762,5161.1,32.59,2025-08-10
10606,796,4731.4,26.98,2025-08-10
11373,854,1380.5,9.04,2025-08-10
11619,874,1672.3,11.08,2025-08-10
12017,903,3218.0,17.9,2025-08-10
12060,905,3778.7,22.57,2025-08-10
13173,985,3694.8,33.5,2025-08-10
13349,998,4156.1,37.18,2025-08-10
13598,1018,9033.9,48.84,2025-08-10
14387,1077,5147.7,33.78,2025-08-10
14442,1081,1419.7,9.95,2025-08-10
14523,1086,3116.5,25.62,2025-08-10
15090,1124,3316.6,22.06,2025-08-10
15216,1130,3134.9,20.36,2025-08-10
15310,1138,1578.3,10.96,2025-08-10
15696,1163,3226.6,22.33,2025-08-10
16679,1236,2007.6,11.01,2025-08-10
17292,1272,3315.1,17.05,2025-08-10
17315,1274,2427.4,17.26,2025-08-10
17775,1311,2429.7,14.37,2025-08-10
18243,1341,2275.1,16.81,2025-08-10
18435,1354,2514.4,18.33,2025-08-10
18929,1397,1782.8,17.78,2025-08-10
509,42,1606.3,15.27,2025-08-11
847,71,1809.5,10.49,2025-08-11
853,72,1593.0,13.73,2025-08-11
905,74,2794.7,17.75,2025-08-11
1282,103,2276.7,15.07,2025-08-11
1829,145,1509.6,14.11,2025-08-11
3333,245,1767.0,10.03,2025-08-11
3382,250,713.8,7.7,2025-08-11
3775,284,2979.1,30.6,2025-08-11
4083,308,2319.1,12.98,2025-08-11
4223,318,997.8,16.63,2025-08-11
4702,359,3704.5,19.9,2025-08-11
4981,384,1915.5,11.52,2025-08-11
5450,423,2163.8,16.06,2025-08-11
8138,621,2176.4,13.57,2025-08-11
8886,683,4832.4,24.51,2025-08-11
9386,712,4618.9,22.91,2025-08-11
9401,713,1286.8,14.06,2025-08-11
9413,714,2592.4,14.22,2025-08-11
9657,732,1127.3,7.89,2025-08-11
9915,751,2794.1,22.79,2025-08-11
9966,756,3313.7,18.82,2025-08-11
11219,844,1493.4,10.54,2025-08-11
11294,848,6578.8,33.47,2025-08-11
11456,861,2730.3,21.71,2025-08-11
11825,888,4241.6,23.23,2025-08-11
11906,894,5696.5,35.0,2025-08-11
11915,895,1954.1,12.62,2025-08-11
12063,905,2777.0,16.36,2025-08-11
12421,928,2562.5,16.67,2025-08-11
13576,1016,6879.2,37.35,2025-08-11
13737,1028,1561.2,13.88,2025-08-11
13783,1031,3551.2,20.6,2025-08-11
14596,1091,2062.6,11.71,2025-08-11
14680,1096,2407.1,16.19,2025-08-11
14957,1116,3545.6,19.85,2025-08-11
15716,1164,1590.6,14.51,2025-08-11
16038,1182,4522.3,23.18,2025-08-11
16716,1237,2048.2,13.01,2025-08-11
16935,1252,2783.5,17.33,2025-08-11
17699,1304,1759.2,12.69,2025-08-11
18234,1339,2004.7,8.81,2025-08-11
18511,1358,1606.3,11.04,2025-08-11
18518,1358,3101.3,20.06,2025-08-11
19181,1415,3719.3,28.79,2025-08-11
19467,1435,4335.5,23.39,2025-08-11
19690,1453,1872.2,10.45,2025-08-11
19779,1458,1778.4,12.82,2025-08-11
20023,1474,1754.2,11.26,2025-08-11
20043,1476,3636.1,19.16,2025-08-11
20233,1491,2716.8,16.62,2025-08-11
20430,1435,4335.5,23.39,2025-08-11
20443,1028,1561.2,13.88,2025-08-11
970,80,3646.8,23.53,2025-08-12
2322,184,2339.6,20.99,2025-08-12
3781,284,860.7,5.43,2025-08-12
3810,288,2817.4,23.14,2025-08-12
4421,338,3014.1,20.4,2025-08-12
4699,359,2629.9,11.79,2025-08-12
4772,367,1829.7,10.09,2025-08-12
5732,442,1396.7,18.24,2025-08-12
6297,488,1824.3,12.64,2025-08-12
6580,508,4458.4,28.03,2025-08-12
7534,577,2335.5,16.83,2025-08-12
8621,662,12631.9,64.6,2025-08-12
9264,704,2585.1,12.29,2025-08-12
9508,720,1880.5,8.09,2025-08-12
9627,729,2001.9,10.39,2025-08-12
9634,729,1687.1,15.24,2025-08-12
9946,754,2210.6,12.83,2025-08-12
10557,793,1808.4,10.81,2025-08-12
11020,825,2836.5,17.36,2025-08-12
11454,861,4163.1,21.76,2025-08-12
11861,888,1842.9,16.14,2025-08-12
12196,915,1734.1,18.95,2025-08-12
12240,916,4490.5,19.81,2025-08-12
13214,989,4479.7,20.94,2025-08-12
13729,1028,2060.5,23.45,2025-08-12
14414,1079,3609.6,19.49,2025-08-12
14711,1098,1189.6,9.73,2025-08-12
14880,1111,3347.1,18.43,2025-08-12
16189,1197,2622.0,21.51,2025-08-12
16340,1209,1446.8,10.7,2025-08-12
16698,1237,3060.2,18.93,2025-08-12
16795,1245,1764.1,9.97,2025-08-12
16927,1252,2937.1,15.08,2025-08-12
17134,1263,3356.7,20.97,2025-08-12
18219,1337,3288.9,25.33,2025-08-12
18497,1356,3177.6,20.29,2025-08-12
18930,1397,3307.0,23.84,2025-08-12
19119,1411,1962.6,13.4,2025-08-12
20056,1477,4609.0,27.73,2025-08-12
20227,1490,7991.3,35.79,2025-08-12
624,53,657.2,9.03,2025-08-13
1437,113,2452.8,15.48,2025-08-13
1627,126,1636.9,17.64,2025-08-13
2043,163,6322.5,37.43,2025-08-13
2251,179,5098.6,32.25,2025-08-13
2698,209,1713.0,16.58,2025-08-13
2861,221,1403.0,11.64,2025-08-13
2908,223,8615.2,57.4,2025-08-13
3337,245,1035.1,7.81,2025-08-13
3885,291,5698.2,64.51,2025-08-13
4227,318,802.0,8.63,2025-08-13
5015,389,2067.3,14.0,2025-08-13
5361,416,2423.2,30.53,2025-08-13
5507,425,1357.9,10.35,2025-08-13
5662,435,2142.2,11.72,2025-08-13
5721,442,3084.6,17.22,2025-08-13
6647,513,4214.8,22.52,2025-08-13
6865,526,2980.1,27.53,2025-08-13
6919,531,1576.9,9.73,2025-08-13
7064,543,4656.6,27.38,2025-08-13
7510,575,2185.1,15.04,2025-08-13
7671,586,2510.8,15.87,2025-08-13
8030,613,2022.1,12.44,2025-08-13
8146,622,3112.9,19.08,2025-08-13
8309,639,3880.8,20.68,2025-08-13
8766,677,1807.6,15.49,2025-08-13
9350,709,1195.4,14.04,2025-08-13
9527,721,1463.8,11.78,2025-08-13
9546,722,3274.0,22.57,2025-08-13
9703,736,5043.3,28.38,2025-08-13
11106,834,1894.4,17.49,2025-08-13
11891,893,2794.4,12.76,2025-08-13
12036,904,2819.5,27.01,2025-08-13
12159,911,7314.4,48.22,2025-08-13
12246,917,2990.1,15.19,2025-08-13
12492,938,3620.8,22.36,2025-08-13
12758,954,2498.8,20.33,2025-08-13
12806,958,2005.4,15.86,2025-08-13
12833,960,2656.5,16.91,2025-08-13
12887,965,1504.1,11.99,2025-08-13
12966,971,4891.2,34.49,2025-08-13
13068,978,2895.2,20.08,2025-08-13
13140,982,1339.2,6.42,2025-08-13
13150,984,2797.2,20.09,2025-08-13
14342,1074,1001.5,8.44,2025-08-13
14592,1091,3071.8,13.81,2025-08-13
14783,1104,2026.8,17.17,2025-08-13
15711,1163,1814.5,13.66,2025-08-13
15966,1177,2950.1,18.05,2025-08-13
16061,1187,970.7,7.2,2025-08-13
16148,1194,3091.4,18.53,2025-08-13
16538,1223,2322.2,19.49,2025-08-13
17254,1271,1861.1,15.15,2025-08-13
17362,1277,3930.2,25.1,2025-08-13
17649,1299,3206.5,26.23,2025-08-13
17678,1304,1633.1,9.8,2025-08-13
18795,1382,3874.3,37.49,2025-08-13
19315,1423,3956.1,26.18,2025-08-13
19964,1470,2428.9,26.44,2025-08-13
20338,1177,2950.1,18.05,2025-08-13
997,82,2063.0,15.99,2025-08-14
1360,108,2213.3,17.06,2025-08-14
1498,118,1917.4,16.97,2025-08-14
2378,187,2327.0,12.32,2025-08-14
2647,205,4073.4,31.42,2025-08-14
3281,243,4152.5,19.13,2025-08-14
3478,256,1664.3,12.75,2025-08-14
3607,271,1008.6,8.06,2025-08-14
3930,296,3835.8,16.13,2025-08-14
4099,308,1698.8,11.46,2025-08-14
6166,475,1345.6,11.48,2025-08-14
6742,519,1240.3,10.03,2025-08-14
6791,521,4348.9,29.11,2025-08-14
7293,558,2843.2,17.71,2025-08-14
7982,609,4534.9,29.01,2025-08-14
8817,679,2096.4,11.35,2025-08-14
9405,714,1097.4,7.63,2025-08-14
10538,791,1786.8,18.4,2025-08-14
10810,810,1492.4,20.39,2025-08-14
11196,841,1022.0,8.92,2025-08-14
12612,944,10373.0,66.7,2025-08-14
13089,979,3961.5,19.75,2025-08-14
13262,993,1699.5,10.81,2025-08-14
13302,996,1819.7,13.07,2025-08-14
13350,999,6925.6,31.37,2025-08-14
13470,1007,1749.8,10.96,2025-08-14
13513,1011,1348.6,6.34,2025-08-14
14031,1051,5906.4,31.61,2025-08-14
14316,1072,1332.4,11.22,2025-08-14
14473,1082,1734.4,12.72,2025-08-14
14757,1102,2020.8,12.36,2025-08-14
14856,1108,2092.4,12.01,2025-08-14
15041,1120,4583.7,36.14,2025-08-14
15053,1121,1917.6,12.97,2025-08-14
15354,1141,1250.4,9.29,2025-08-14
15804,1167,1280.6,8.05,2025-08-14
17251,1271,4285.8,23.88,2025-08-14
17330,1275,3555.4,22.18,2025-08-14
17425,1283,3082.5,18.01,2025-08-14
17505,1289,1217.4,6.31,2025-08-14
17625,1298,2902.0,20.86,2025-08-14
18221,1337,1409.0,12.74,2025-08-14
18605,1365,5098.3,43.37,2025-08-14
18792,1382,1628.3,16.56,2025-08-14
19070,1405,1303.4,9.59,2025-08-14
19171,1414,1838.9,15.48,2025-08-14
19524,1438,2890.7,14.81,2025-08-14
567,47,1633.5,9.22,2025-08-15
642,54,1338.2,9.41,2025-08-15
839,70,1699.7,11.27,2025-08-15
899,74,3079.9,30.08,2025-08-15
1291,103,3240.8,22.65,2025-08-15
2106,167,8925.7,36.93,2025-08-15
2265,181,1557.7,10.76,2025-08-15
2522,197,1285.6,8.63,2025-08-15
2706,209,8091.9,48.56,2025-08-15
2874,221,2082.4,14.69,2025-08-15
3393,252,2250.5,18.57,2025-08-15
4685,358,2030.0,23.05,2025-08-15
5389,418,1748.2,10.12,2025-08-15
6038,465,1485.1,14.48,2025-08-15
6162,475,1584.9,7.67,2025-08-15
6828,522,3538.0,26.92,2025-08-15
6912,531,2131.9,13.05,2025-08-15
7363,562,2431.5,15.88,2025-08-15
7453,570,5108.5,24.49,2025-08-15
7590,580,2947.8,20.04,2025-08-15
7678,587,5302.5,28.04,2025-08-15
7759,594,4095.7,23.05,2025-08-15
7972,608,1478.2,7.27,2025-08-15
7998,610,3959.7,25.32,2025-08-15
8243,632,2838.3,18.9,2025-08-15
8696,670,2524.7,15.63,2025-08-15
8787,679,3231.9,25.37,2025-08-15
8877,682,4308.5,22.93,2025-08-15
9538,721,1630.7,11.29,2025-08-15
9904,750,3238.0,20.31,2025-08-15
10855,813,4835.2,22.57,2025-08-15
11008,823,3894.7,24.33,2025-08-15
11041,826,3688.6,26.22,2025-08-15
11474,863,1772.8,11.64,2025-08-15
11882,891,5957.0,25.65,2025-08-15
12389,926,2669.8,15.61,2025-08-15
14390,1077,2323.7,16.95,2025-08-15
14604,1091,3445.3,23.17,2025-08-15
14767,1103,2873.9,21.45,2025-08-15
15515,1153,4097.8,28.69,2025-08-15
15828,1168,2321.9,21.56,2025-08-15
15882,1170,3377.6,20.04,2025-08-15
16167,1195,1528.1,8.98,2025-08-15
16768,1243,1088.9,6.65,2025-08-15
17677,1304,3007.7,17.83,2025-08-15
17833,1314,1308.3,9.89,2025-08-15
18284,1343,2572.1,12.66,2025-08-15
18624,1366,2904.5,27.65,2025-08-15
18652,1369,1335.5,12.1,2025-08-15
18752,1378,3095.8,25.89,2025-08-15
18990,1401,2163.9,17.61,2025-08-15
19099,1408,3265.9,24.21,2025-08-15
19393,1429,1578.0,12.58,2025-08-15
19884,1467,3797.5,26.28,2025-08-15
20037,1476,2747.8,21.11,2025-08-15
458,36,1596.8,13.15,2025-08-16
674,58,2867.5,21.03,2025-08-16
1462,115,3201.7,20.84,2025-08-16
1642,128,3557.1,21.19,2025-08-16
2469,194,1462.4,10.28,2025-08-16
4075,307,2199.2,17.13,2025-08-16
4198,316,3927.8,19.92,2025-08-16
4412,336,1131.1,7.27,2025-08-16
4809,371,3636.1,21.79,2025-08-16
4957,380,1242.0,16.65,2025-08-16
5325,413,3064.9,22.25,2025-08-16
5736,442,2353.7,13.97,2025-08-16
6005,463,1241.7,8.21,2025-08-16
6788,521,2930.1,21.25,2025-08-16
6911,531,2116.1,15.11,2025-08-16
7130,547,3052.7,17.13,2025-08-16
7447,569,3159.1,16.91,2025-08-16
8858,681,3375.8,16.84,2025-08-16
9176,700,2620.4,15.31,2025-08-16
9414,714,4767.9,28.2,2025-08-16
10396,782,3346.2,13.92,2025-08-16
10744,805,2987.8,19.52,2025-08-16
10835,812,4742.2,62.28,2025-08-16
11103,833,3106.2,21.82,2025-08-16
11320,850,1147.4,11.6,2025-08-16
11710,879,1899.2,10.75,2025-08-16
12620,944,2631.4,15.2,2025-08-16
12816,959,1991.6,21.07,2025-08-16
14264,1070,2498.4,19.35,2025-08-16
14424,1079,1442.4,12.24,2025-08-16
14469,1082,1219.2,7.63,2025-08-16
14840,1108,2879.2,27.02,2025-08-16
17373,1277,2199.7,15.57,2025-08-16
19205,1417,10916.7,59.48,2025-08-16
19474,1435,2858.7,17.95,2025-08-16
19806,1460,2935.0,26.42,2025-08-16
19837,1462,2152.8,15.72,2025-08-16
19975,1471,1357.9,7.5,2025-08-16
110,12,2170.8,13.16,2025-08-17
219,19,2834.9,24.42,2025-08-17
1554,121,3005.2,19.51,2025-08-17
1746,138,1670.1,21.89,2025-08-17
1846,146,2831.5,20.27,2025-08-17
1850,146,2172.3,21.3,2025-08-17
1890,148,3381.1,24.48,2025-08-17
2088,166,1147.1,6.72,2025-08-17
2320,184,3332.3,23.77,2025-08-17
2428,190,4345.9,26.97,2025-08-17
3271,242,3155.7,17.93,2025-08-17
5413,420,1837.0,11.85,2025-08-17
5535,429,3083.2,21.89,2025-08-17
6961,535,3193.2,23.79,2025-08-17
7318,559,1806.4,8.97,2025-08-17
7575,580,2017.5,12.95,2025-08-17
7576,580,1941.2,12.05,2025-08-17
7612,582,2864.8,20.32,2025-08-17
8179,626,1786.1,8.33,2025-08-17
8752,675,2239.4,11.66,2025-08-17
9249,704,5412.7,27.74,2025-08-17
11168,839,1506.2,10.8,2025-08-17
11852,888,4450.4,19.99,2025-08-17
12273,918,1812.1,11.63,2025-08-17
12320,920,3014.1,20.78,2025-08-17
12828,959,3148.5,23.25,2025-08-17
14027,1050,5490.6,38.3,2025-08-17
14426,1079,1933.2,12.11,2025-08-17
14795,1106,3929.5,24.81,2025-08-17
14950,1115,1904.8,10.69,2025-08-17
15045,1121,1771.7,15.91,2025-08-17
15082,1124,2936.8,18.43,2025-08-17
15193,1129,4257.0,33.9,2025-08-17
15269,1135,2510.4,15.27,2025-08-17
16413,1212,2121.2,12.92,2025-08-17
16480,1217,3823.2,17.93,2025-08-17
16590,1227,2760.4,20.93,2025-08-17
17898,1317,3990.8,19.37,2025-08-17
18170,1333,7858.7,45.8,2025-08-17
18215,1335,2317.3,16.94,2025-08-17
18829,1386,4136.1,26.56,2025-08-17
18864,1392,2090.9,13.24,2025-08-17
19670,1451,2511.7,17.62,2025-08-17
19721,1454,2401.2,17.48,2025-08-17
19726,1454,2578.3,15.7,2025-08-17
290,21,3676.2,18.74,2025-08-18
1220,99,5036.3,28.52,2025-08-18
1384,109,2729.8,26.09,2025-08-18
2990,229,4010.2,28.02,2025-08-18
3559,265,5680.9,36.91,2025-08-18
3966,298,2382.0,16.78,2025-08-18
4166,312,3937.6,22.63,2025-08-18
4644,357,3300.9,16.34,2025-08-18
4677,358,1754.7,11.44,2025-08-18
5124,397,2705.3,13.46,2025-08-18
5718,442,1399.0,9.06,2025-08-18
6156,474,2186.9,16.16,2025-08-18
6841,523,7561.1,66.07,2025-08-18
6868,527,4101.2,24.03,2025-08-18
6870,527,2618.9,22.24,2025-08-18
7516,575,1513.2,11.5,2025-08-18
7540,578,2083.6,17.45,2025-08-18
7817,597,1726.2,17.47,2025-08-18
8187,626,3546.1,20.11,2025-08-18
8191,626,2490.1,19.76,2025-08-18
8280,637,1426.1,19.95,2025-08-18
8789,679,3106.6,24.72,2025-08-18
8930,685,2521.1,16.03,2025-08-18
9323,708,2442.4,13.08,2025-08-18
9619,728,2614.8,16.09,2025-08-18
9694,736,3069.0,17.01,2025-08-18
10205,771,6077.5,38.82,2025-08-18
11722,879,3298.4,22.82,2025-08-18
11790,887,4341.5,20.49,2025-08-18
12402,927,5097.1,24.92,2025-08-18
12920,967,4026.9,20.82,2025-08-18
12942,970,2633.7,17.53,2025-08-18
13690,1024,3918.2,29.66,2025-08-18
14756,1101,6489.6,28.83,2025-08-18
15627,1159,1544.7,7.28,2025-08-18
16578,1227,2191.1,12.13,2025-08-18
16943,1252,2838.6,22.71,2025-08-18
16987,1257,2386.5,15.22,2025-08-18
19492,1436,1296.9,10.81,2025-08-18
11,2,2216.7,14.03,2025-08-19
529,43,3815.7,14.3,2025-08-19
564,47,3167.0,27.98,2025-08-19
616,50,4251.8,29.19,2025-08-19
1389,109,2938.8,17.32,2025-08-19
1638,128,1130.8,8.89,2025-08-19
2239,179,1485.2,9.52,2025-08-19
2768,214,3904.1,23.72,2025-08-19
3234,240,3773.7,29.54,2025-08-19
3299,244,1176.2,10.93,2025-08-19
3457,256,2364.0,11.43,2025-08-19
3566,265,2550.0,16.71,2025-08-19
4024,302,3952.8,38.04,2025-08-19
4249,322,2525.3,15.66,2025-08-19
4976,384,4785.1,27.53,2025-08-19
5092,393,1703.2,15.32,2025-08-19
7720,591,2213.8,15.87,2025-08-19
8033,613,4512.5,21.09,2025-08-19
8452,648,623.8,5.23,2025-08-19
9021,691,2564.6,19.02,2025-08-19
9158,699,3244.8,21.78,2025-08-19
9165,699,1124.3,10.55,2025-08-19
9371,710,1251.2,10.21,2025-08-19
9625,728,1615.6,16.37,2025-08-19
9718,736,1593.0,9.19,2025-08-19
9783,741,3111.1,16.65,2025-08-19
9848,746,2015.6,20.69,2025-08-19
10423,784,5751.6,30.01,2025-08-19
10664,799,2444.6,15.45,2025-08-19
10861,813,2803.6,22.73,2025-08-19
10918,817,2591.2,20.31,2025-08-19
10970,821,0.0,0.0,2025-08-19
11137,838,1542.8,8.04,2025-08-19
11290,848,1853.2,12.02,2025-08-19
12494,938,1829.3,12.46,2025-08-19
12531,939,1757.8,12.08,2025-08-19
12606,943,2809.7,13.86,2025-08-19
12879,965,1843.1,14.06,2025-08-19
13288,995,4087.7,22.4,2025-08-19
13458,1005,1407.0,8.79,2025-08-19
14383,1077,3433.2,17.98,2025-08-19
14453,1081,1279.5,7.11,2025-08-19
14530,1086,2881.5,15.83,2025-08-19
14718,1099,3351.0,20.36,2025-08-19
15520,1154,1397.0,10.02,2025-08-19
15796,1167,2348.1,16.72,2025-08-19
16179,1197,1708.3,9.55,2025-08-19
16514,1222,2932.3,30.07,2025-08-19
16871,1249,1493.4,8.75,2025-08-19
17386,1279,1216.0,9.0,2025-08-19
17701,1304,2565.5,18.43,2025-08-19
18179,1333,9706.2,50.65,2025-08-19
18460,1355,984.6,12.86,2025-08-19
18868,1393,1611.0,12.37,2025-08-19
19279,1420,3674.6,15.4,2025-08-19
19422,1431,2845.5,17.69,2025-08-19
19463,1434,4359.3,28.01,2025-08-19
19523,1438,4428.6,23.24,2025-08-19
19820,1461,1587.7,13.21,2025-08-19
20098,1479,1605.3,15.52,2025-08-19
20171,1488,2469.0,22.31,2025-08-19
310,23,1616.6,16.09,2025-08-20
360,25,1783.1,13.18,2025-08-20
376,25,5211.1,27.58,2025-08-20
722,63,7778.4,56.21,2025-08-20
957,80,1988.9,15.18,2025-08-20
1459,115,2289.9,18.11,2025-08-20
2836,218,9134.6,31.82,2025-08-20
3293,244,1534.3,13.02,2025-08-20
3447,255,3190.7,18.02,2025-08-20
4799,370,4516.0,23.99,2025-08-20
5763,444,3220.2,28.98,2025-08-20
5804,447,1952.1,11.93,2025-08-20
6072,469,1338.4,12.16,2025-08-20
6186,476,739.2,7.66,2025-08-20
6819,522,1319.0,6.7,2025-08-20
6845,523,2617.8,15.73,2025-08-20
7019,539,3244.8,17.05,2025-08-20
7206,554,2322.7,11.95,2025-08-20
7406,568,2372.4,12.91,2025-08-20
7697,588,3800.5,20.59,2025-08-20
7704,590,1054.1,9.1,2025-08-20
7885,602,3211.1,14.94,2025-08-20
9102,695,2772.9,15.55,2025-08-20
9366,710,2211.2,13.75,2025-08-20
11126,837,3897.7,18.79,2025-08-20
12244,917,6742.0,45.07,2025-08-20
12257,917,1462.2,9.01,2025-08-20
12377,925,1823.8,14.59,2025-08-20
13701,1025,2586.5,17.08,2025-08-20
14662,1096,1825.4,12.7,2025-08-20
14829,1107,885.0,10.16,2025-08-20
14961,1116,1404.7,9.12,2025-08-20
15184,1129,2354.4,18.21,2025-08-20
15392,1143,2565.1,15.51,2025-08-20
15562,1157,4768.3,29.07,2025-08-20
16272,1204,1452.6,7.65,2025-08-20
17627,1298,2783.8,16.95,2025-08-20
17744,1307,2871.2,28.02,2025-08-20
17911,1320,3246.0,16.13,2025-08-20
18621,1366,1813.5,14.06,2025-08-20
18832,1387,3482.5,36.44,2025-08-20
18866,1393,2365.3,15.12,2025-08-20
19161,1414,3871.7,21.97,2025-08-20
19165,1414,6242.0,35.67,2025-08-20
19443,1433,3990.6,26.96,2025-08-20
20005,1472,3886.6,20.53,2025-08-20
247,20,2952.0,13.08,2025-08-21
282,21,2517.8,14.35,2025-08-21
504,42,1694.9,12.79,2025-08-21
1208,97,4286.8,24.98,2025-08-21
1293,103,1917.4,11.59,2025-08-21
2892,222,1510.4,18.5,2025-08-21
2994,229,2669.9,13.64,2025-08-21
3080,233,1010.2,11.14,2025-08-21
3298,244,4771.5,22.31,2025-08-21
3391,251,1544.3,12.56,2025-08-21
3512,262,2499.7,14.02,2025-08-21
4085,308,3873.2,20.09,2025-08-21
4313,328,1722.6,15.53,2025-08-21
4547,347,1853.0,13.61,2025-08-21
4848,372,2877.9,21.67,2025-08-21
5345,414,4370.3,29.81,2025-08-21
6250,484,2614.0,15.62,2025-08-21
7451,570,1470.5,8.14,2025-08-21
8149,622,2929.1,24.84,2025-08-21
8290,639,3472.9,18.41,2025-08-21
9302,707,1493.9,9.94,2025-08-21
9686,735,1695.9,11.22,2025-08-21
9889,749,3653.2,19.85,2025-08-21
10038,763,3273.3,18.24,2025-08-21
10133,769,3221.6,15.31,2025-08-21
10187,771,506.0,7.51,2025-08-21
10448,787,1926.0,13.1,2025-08-21
10550,792,2884.8,16.78,2025-08-21
10988,822,2579.2,17.54,2025-08-21
11414,857,2562.7,16.49,2025-08-21
11426,858,3604.4,23.91,2025-08-21
12078,906,1464.2,8.44,2025-08-21
12148,911,4258.0,30.05,2025-08-21
12474,936,4103.3,26.89,2025-08-21
13334,997,2431.0,13.68,2025-08-21
13422,1003,1115.4,18.59,2025-08-21
13580,1016,2559.6,17.77,2025-08-21
14250,1068,6995.6,44.52,2025-08-21
14367,1075,1466.7,12.47,2025-08-21
14490,1083,4475.9,43.88,2025-08-21
15551,1156,3881.1,23.12,2025-08-21
15582,1157,3271.7,17.69,2025-08-21
15654,1161,2218.9,13.32,2025-08-21
15759,1165,3326.0,23.31,2025-08-21
16312,1206,3104.2,17.54,2025-08-21
16719,1238,3017.9,22.38,2025-08-21
16784,1244,6784.9,41.13,2025-08-21
18260,1341,2557.5,15.95,2025-08-21
19214,1417,3898.9,25.97,2025-08-21
19514,1438,1335.9,8.64,2025-08-21
155,14,4567.9,22.31,2025-08-22
1855,146,2872.7,18.76,2025-08-22
1880,148,2755.2,19.2,2025-08-22
2068,165,4339.6,20.44,2025-08-22
2712,210,921.3,9.32,2025-08-22
2911,224,1353.5,12.92,2025-08-22
3154,237,6454.3,33.99,2025-08-22
4497,344,824.8,6.78,2025-08-22
5014,388,1898.8,12.29,2025-08-22
5066,391,732.5,8.37,2025-08-22
5778,445,2767.1,17.66,2025-08-22
5962,459,5501.0,36.08,2025-08-22
6579,508,2172.4,15.29,2025-08-22
7542,578,2453.5,17.64,2025-08-22
8785,679,2750.0,20.03,2025-08-22
8922,685,3414.0,21.11,2025-08-22
9557,722,2711.5,18.58,2025-08-22
9563,723,1471.0,11.31,2025-08-22
10278,775,2399.6,15.23,2025-08-22
10635,797,2273.0,18.81,2025-08-22
11027,825,2321.2,11.97,2025-08-22
11360,853,1974.5,16.6,2025-08-22
11440,860,3181.3,16.07,2025-08-22
13252,993,4064.9,27.03,2025-08-22
13936,1044,1692.2,8.77,2025-08-22
14173,1063,2397.5,22.91,2025-08-22
14901,1113,3077.5,27.71,2025-08-22
15143,1126,1475.7,14.7,2025-08-22
15429,1149,3248.8,19.66,2025-08-22
15870,1169,1051.0,7.45,2025-08-22
16762,1242,3536.4,23.6,2025-08-22
17140,1263,1856.4,13.35,2025-08-22
17480,1288,5346.7,29.7,2025-08-22
17628,1298,2087.1,22.01,2025-08-22
17909,1319,1608.4,17.89,2025-08-22
18272,1342,3300.1,19.64,2025-08-22
18883,1393,3689.0,27.72,2025-08-22
18893,1393,1646.5,11.04,2025-08-22
19455,1434,6881.9,43.64,2025-08-22
19736,1455,5142.1,40.61,2025-08-22
19797,1459,3881.8,25.85,2025-08-22
20038,1476,1771.6,8.12,2025-08-22
316,23,2197.1,14.9,2025-08-23
747,64,5175.9,24.25,2025-08-23
903,74,2010.3,16.17,2025-08-23
1537,120,4550.5,31.01,2025-08-23
1671,131,2039.6,20.01,2025-08-23
2358,185,2422.7,16.68,2025-08-23
2465,194,2853.1,19.71,2025-08-23
2520,197,2056.6,12.28,2025-08-23
3021,230,3657.6,19.31,2025-08-23
3071,233,1092.1,9.93,2025-08-23
3538,263,1433.6,9.22,2025-08-23
3859,290,2311.0,10.77,2025-08-23
4406,336,2820.3,16.13,2025-08-23
4756,365,1859.5,11.98,2025-08-23
5229,405,4231.3,28.44,2025-08-23
5580,430,3258.6,19.3,2025-08-23
6120,472,1666.2,9.54,2025-08-23
6197,477,3554.7,17.79,2025-08-23
6260,486,3037.0,16.76,2025-08-23
6414,498,1727.0,8.97,2025-08-23
6927,531,1470.9,8.67,2025-08-23
7449,570,1470.3,11.87,2025-08-23
8206,627,1460.9,14.18,2025-08-23
8634,665,1451.7,10.67,2025-08-23
8747,675,8179.6,46.37,2025-08-23
10602,795,2961.7,19.54,2025-08-23
13232,992,2961.6,26.19,2025-08-23
13806,1034,2904.9,26.58,2025-08-23
13961,1046,2166.2,16.43,2025-08-23
14428,1079,4776.5,37.19,2025-08-23
15432,1149,1035.7,7.39,2025-08-23
15523,1154,1845.5,15.63,2025-08-23
15912,1172,4063.0,21.29,2025-08-23
16459,1217,1821.7,16.93,2025-08-23
17085,1262,2134.4,14.44,2025-08-23
18261,1341,2171.0,17.83,2025-08-23
18470,1355,2399.4,16.14,2025-08-23
18928,1397,2607.3,17.9,2025-08-23
19188,1415,2651.8,16.78,2025-08-23
19189,1416,2429.2,13.98,2025-08-23
19402,1430,2824.4,17.14,2025-08-23
19489,1436,3022.4,18.67,2025-08-23
19787,1459,2127.0,11.2,2025-08-23
20360,1149,1035.7,7.39,2025-08-23
589,49,1420.7,8.91,2025-08-24
691,59,4581.1,28.78,2025-08-24
2047,163,765.8,5.76,2025-08-24
2581,200,1342.5,8.82,2025-08-24
3227,239,6256.3,41.53,2025-08-24
3841,290,2732.2,16.65,2025-08-24
3998,300,1884.6,11.64,2025-08-24
4174,313,3309.3,27.1,2025-08-24
4193,316,1114.3,6.71,2025-08-24
4240,320,2762.2,18.42,2025-08-24
4499,344,1276.5,9.82,2025-08-24
4915,377,2116.3,10.08,2025-08-24
5622,433,3426.3,16.63,2025-08-24
7553,579,5735.4,27.15,2025-08-24
7725,591,3392.3,26.64,2025-08-24
7828,597,1672.6,9.82,2025-08-24
9011,690,1104.6,11.33,2025-08-24
9584,724,3771.8,20.02,2025-08-24
10112,767,2000.5,11.49,2025-08-24
10438,785,3403.4,22.23,2025-08-24
11072,831,2096.6,20.96,2025-08-24
11075,831,2790.0,14.02,2025-08-24
11190,841,3380.4,19.72,2025-08-24
11229,845,3347.9,22.43,2025-08-24
11626,874,2885.9,17.02,2025-08-24
11955,899,2859.2,23.62,2025-08-24
12097,907,1352.4,8.84,2025-08-24
12391,926,3608.5,21.09,2025-08-24
12458,934,1099.1,6.01,2025-08-24
12964,971,5276.5,24.9,2025-08-24
13026,974,1256.6,8.66,2025-08-24
13056,977,1193.5,9.22,2025-08-24
14325,1073,5339.9,37.85,2025-08-24
14898,1113,2541.7,15.81,2025-08-24
15129,1125,4632.4,18.85,2025-08-24
15318,1139,1499.4,9.86,2025-08-24
15545,1155,3408.7,19.57,2025-08-24
16004,1180,3065.2,14.54,2025-08-24
16782,1244,2659.0,20.18,2025-08-24
17252,1271,5515.8,33.96,2025-08-24
17332,1275,2383.6,20.85,2025-08-24
17927,1320,1741.7,13.14,2025-08-24
17984,1322,2677.8,44.63,2025-08-24
18335,1347,2365.0,12.98,2025-08-24
18807,1384,2688.8,17.81,2025-08-24
19530,1438,4305.0,27.32,2025-08-24
20411,433,3426.3,16.63,2025-08-24
348,25,3211.4,16.62,2025-08-25
958,80,1485.4,9.33,2025-08-25
1191,97,2541.9,15.1,2025-08-25
1589,123,7350.5,36.21,2025-08-25
1622,125,2763.1,19.64,2025-08-25
2160,173,1107.1,6.86,2025-08-25
2735,211,3331.2,17.12,2025-08-25
2875,221,2732.1,16.78,2025-08-25
3345,246,2122.2,15.18,2025-08-25
3593,269,3323.8,18.0,2025-08-25
3605,271,979.8,7.26,2025-08-25
4431,339,1631.9,12.32,2025-08-25
4990,384,1547.3,9.82,2025-08-25
5367,416,1657.9,13.14,2025-08-25
5409,419,2105.6,16.09,2025-08-25
5919,456,5737.3,27.5,2025-08-25
6019,464,2965.1,19.07,2025-08-25
6749,519,1812.3,14.06,2025-08-25
6980,535,3956.5,22.24,2025-08-25
7648,584,3469.2,18.72,2025-08-25
8132,621,1262.6,15.46,2025-08-25
8924,685,1067.9,7.54,2025-08-25
8943,687,2633.2,11.76,2025-08-25
9186,700,2784.7,27.33,2025-08-25
9486,718,1898.3,11.35,2025-08-25
9971,758,4449.9,31.91,2025-08-25
10013,761,2051.2,12.12,2025-08-25
10943,819,660.8,4.57,2025-08-25
11215,843,811.2,6.19,2025-08-25
11444,861,1503.3,9.68,2025-08-25
11451,861,2430.6,14.48,2025-08-25
11754,882,3028.3,17.69,2025-08-25
11887,892,4069.6,29.4,2025-08-25
12146,911,3774.7,19.33,2025-08-25
12305,920,4113.9,25.8,2025-08-25
12715,951,3220.1,15.54,2025-08-25
14466,1082,0.0,0.0,2025-08-25
14485,1082,5842.9,28.03,2025-08-25
14678,1096,2031.2,19.15,2025-08-25
14690,1096,3204.5,22.52,2025-08-25
14971,1117,5636.1,28.46,2025-08-25
16905,1251,2724.9,12.78,2025-08-25
16913,1252,1623.6,11.94,2025-08-25
17047,1260,6062.9,30.36,2025-08-25
17383,1279,2342.1,26.31,2025-08-25
17477,1287,1396.1,21.46,2025-08-25
18127,1330,3679.5,21.05,2025-08-25
18385,1349,3610.8,25.19,2025-08-25
18808,1384,2668.7,13.94,2025-08-25
19335,1424,4801.4,31.1,2025-08-25
20090,1478,2320.8,18.1,2025-08-25
20293,1495,4193.8,23.36,2025-08-25
14,2,4988.7,35.98,2025-08-26
69,8,2181.2,14.75,2025-08-26
197,18,8126.2,58.3,2025-08-26
1149,93,2122.9,13.21,2025-08-26
1798,144,5205.8,26.08,2025-08-26
1983,157,5477.4,34.05,2025-08-26
2200,177,2674.5,15.78,2025-08-26
2749,213,4137.7,23.07,2025-08-26
2879,221,3035.6,22.69,2025-08-26
3137,236,3628.8,29.29,2025-08-26
3725,281,3499.5,23.84,2025-08-26
3847,290,2049.3,11.05,2025-08-26
4297,327,3598.7,17.69,2025-08-26
4683,358,1538.2,16.75,2025-08-26
4838,372,2119.2,19.11,2025-08-26
7377,564,2572.1,16.21,2025-08-26
7925,606,1976.4,16.81,2025-08-26
8428,647,2448.0,18.07,2025-08-26
8671,669,1289.1,12.09,2025-08-26
8992,690,3071.4,15.45,2025-08-26
9052,692,2987.1,17.29,2025-08-26
9204,702,1650.4,14.06,2025-08-26
9658,732,2035.9,24.82,2025-08-26
9995,760,4658.9,27.29,2025-08-26
10149,769,2073.5,15.86,2025-08-26
10202,771,1711.3,12.76,2025-08-26
10616,796,1781.2,13.69,2025-08-26
11198,842,2170.5,14.47,2025-08-26
11306,848,3596.2,18.06,2025-08-26
11416,857,3252.6,18.92,2025-08-26
11757,882,2601.8,17.89,2025-08-26
11787,886,1830.8,14.07,2025-08-26
12301,920,2262.7,11.81,2025-08-26
12322,920,9769.0,49.19,2025-08-26
13481,1009,5880.5,30.77,2025-08-26
13488,1009,2022.8,14.95,2025-08-26
13518,1013,5860.3,33.35,2025-08-26
13752,1029,2038.1,13.55,2025-08-26
14768,1103,1341.8,13.69,2025-08-26
14811,1107,1633.5,15.16,2025-08-26
14889,1111,5222.8,33.04,2025-08-26
15148,1126,1562.2,8.3,2025-08-26
15469,1151,4814.0,32.58,2025-08-26
15972,1177,1881.6,14.17,2025-08-26
15996,1179,2118.9,11.76,2025-08-26
16093,1190,2030.5,14.64,2025-08-26
17029,1259,1801.6,12.69,2025-08-26
17055,1260,5411.0,24.84,2025-08-26
18031,1327,1355.9,14.01,2025-08-26
18446,1354,2995.3,22.79,2025-08-26
18501,1357,1814.3,9.83,2025-08-26
18776,1381,4427.8,24.21,2025-08-26
18966,1398,5684.0,32.64,2025-08-26
19539,1439,5841.4,37.65,2025-08-26
19554,1441,2810.6,16.1,2025-08-26
20271,1495,2532.1,16.48,2025-08-26
20359,1260,5411.0,24.84,2025-08-26
806,69,4114.2,22.92,2025-08-27
1427,113,1620.0,8.49,2025-08-27
2443,193,3706.1,28.48,2025-08-27
3128,236,1932.7,17.06,2025-08-27
5500,425,2213.7,15.08,2025-08-27
7525,577,3438.5,20.14,2025-08-27
7755,594,3569.3,18.22,2025-08-27
7773,594,5700.2,28.4,2025-08-27
8488,652,5578.2,33.43,2025-08-27
8515,653,3965.8,27.75,2025-08-27
8952,687,4837.2,28.88,2025-08-27
9063,693,1896.5,13.28,2025-08-27
9441,715,1699.1,13.14,2025-08-27
10124,768,3404.4,23.73,2025-08-27
10799,808,2340.8,15.59,2025-08-27
11078,831,3229.0,15.37,2025-08-27
11172,840,3254.1,23.03,2025-08-27
11446,861,1907.0,12.37,2025-08-27
13249,993,3459.2,26.64,2025-08-27
13440,1004,3038.2,17.27,2025-08-27
13541,1014,2024.0,13.81,2025-08-27
13801,1034,3767.9,21.19,2025-08-27
14005,1050,2626.4,24.05,2025-08-27
14423,1079,1300.4,8.94,2025-08-27
14800,1106,1071.2,7.3,2025-08-27
15102,1124,1200.6,11.92,2025-08-27
15616,1158,4766.4,34.02,2025-08-27
15634,1160,3179.3,15.6,2025-08-27
15848,1169,2895.3,21.31,2025-08-27
15908,1172,3843.9,19.4,2025-08-27
16237,1200,4166.1,34.96,2025-08-27
16289,1204,4358.9,22.43,2025-08-27
16961,1255,2041.8,14.65,2025-08-27
17005,1258,3941.1,20.67,2025-08-27
18346,1347,1777.5,11.53,2025-08-27
18790,1382,4770.3,28.37,2025-08-27
18964,1398,1450.8,9.39,2025-08-27
19108,1409,1967.8,12.7,2025-08-27
19308,1423,1146.0,6.24,2025-08-27
811,69,1570.0,12.09,2025-08-28
1302,104,3174.1,13.33,2025-08-28
1458,115,2044.2,16.91,2025-08-28
1509,119,2104.4,13.02,2025-08-28
1534,120,5339.4,25.19,2025-08-28
2176,175,3819.0,20.12,2025-08-28
2261,180,3344.0,24.24,2025-08-28
2284,182,3452.1,21.24,2025-08-28
2688,208,2919.5,15.68,2025-08-28
3746,282,3943.3,22.52,2025-08-28
4286,326,3471.6,20.2,2025-08-28
4632,356,538.5,4.37,2025-08-28
4843,372,1501.4,10.4,2025-08-28
5437,422,2835.1,19.26,2025-08-28
5474,424,4238.2,22.12,2025-08-28
5623,433,3103.8,13.77,2025-08-28
6198,477,5255.1,30.42,2025-08-28
6866,526,1797.8,11.13,2025-08-28
6954,534,1510.2,19.6,2025-08-28
7009,538,2423.6,25.0,2025-08-28
7970,608,2081.2,10.66,2025-08-28
8008,611,1215.6,9.04,2025-08-28
8107,617,1813.2,14.62,2025-08-28
8494,652,1406.4,7.87,2025-08-28
8717,672,2552.8,16.17,2025-08-28
9305,708,2130.4,13.79,2025-08-28
10047,763,2203.3,13.08,2025-08-28
10154,769,1292.6,13.71,2025-08-28
11139,838,5247.6,31.15,2025-08-28
11161,839,7730.4,54.62,2025-08-28
11208,842,1444.0,8.14,2025-08-28
11531,868,1349.5,9.8,2025-08-28
11655,875,5577.5,28.19,2025-08-28
11812,887,1515.4,10.24,2025-08-28
12461,934,2857.7,20.3,2025-08-28
12834,960,1384.0,10.59,2025-08-28
12867,964,1969.3,11.98,2025-08-28
13325,996,3102.2,16.04,2025-08-28
13388,1000,3580.8,16.44,2025-08-28
13430,1004,3144.6,19.53,2025-08-28
13839,1035,2704.4,14.26,2025-08-28
14345,1074,2488.1,12.94,2025-08-28
14862,1109,4058.8,22.59,2025-08-28
15456,1151,2431.4,17.03,2025-08-28
15628,1159,1245.9,7.19,2025-08-28
15973,1177,1583.5,12.63,2025-08-28
16474,1217,4303.7,20.55,2025-08-28
17359,1276,2435.3,15.03,2025-08-28
17549,1294,4233.3,22.8,2025-08-28
17599,1296,1405.7,11.19,2025-08-28
18149,1332,1845.0,9.88,2025-08-28
18705,1375,6949.1,48.14,2025-08-28
19056,1404,2741.6,14.48,2025-08-28
19496,1437,2467.2,14.61,2025-08-28
20075,1478,1586.9,11.07,2025-08-28
20405,534,1510.2,19.6,2025-08-28
258,20,3723.5,19.76,2025-08-29
973,80,3015.3,23.89,2025-08-29
1740,138,3002.2,19.74,2025-08-29
1779,141,4585.8,28.61,2025-08-29
1951,153,3514.1,18.32,2025-08-29
2785,214,2881.9,27.74,2025-08-29
2940,227,4704.9,40.02,2025-08-29
3307,244,2631.8,19.14,2025-08-29
3582,267,2082.4,16.93,2025-08-29
3655,275,2011.3,18.9,2025-08-29
3800,287,4242.4,25.58,2025-08-29
3941,297,3520.2,21.51,2025-08-29
4023,302,1737.4,11.36,2025-08-29
5098,394,2377.8,24.11,2025-08-29
5296,411,4027.7,18.86,2025-08-29
5786,446,2783.9,13.06,2025-08-29
6009,464,2258.7,26.73,2025-08-29
6774,519,3918.7,24.06,2025-08-29
7160,549,2959.8,16.9,2025-08-29
7442,569,5487.1,30.96,2025-08-29
7518,576,2383.6,15.95,2025-08-29
7790,595,7880.5,40.94,2025-08-29
10066,764,1874.2,9.55,2025-08-29
10080,765,1222.5,12.22,2025-08-29
10126,768,5567.2,28.3,2025-08-29
10725,802,3819.5,29.14,2025-08-29
10787,807,1830.9,10.21,2025-08-29
10822,811,3798.1,31.19,2025-08-29
11185,840,1526.5,10.64,2025-08-29
11434,858,4920.6,24.28,2025-08-29
12541,940,4136.5,27.85,2025-08-29
12649,945,4346.3,20.44,2025-08-29
12798,957,1304.2,8.38,2025-08-29
12809,959,2457.6,21.03,2025-08-29
12962,971,946.2,12.82,2025-08-29
13088,979,3783.9,18.39,2025-08-29
15436,1149,2114.3,17.48,2025-08-29
15446,1150,2733.5,19.27,2025-08-29
15877,1170,4133.4,17.58,2025-08-29
16020,1181,4970.1,26.22,2025-08-29
16404,1212,7440.8,40.13,2025-08-29
16493,1218,5505.7,30.9,2025-08-29
16528,1223,7134.3,49.21,2025-08-29
16804,1245,1050.4,15.1,2025-08-29
16893,1250,3367.9,18.19,2025-08-29
17266,1271,2831.9,14.78,2025-08-29
17530,1292,2086.7,21.45,2025-08-29
18662,1371,3107.3,20.18,2025-08-29
19495,1437,3314.3,17.15,2025-08-29
19587,1443,4812.4,29.73,2025-08-29
20136,1484,1901.3,12.27,2025-08-29
606,50,2193.6,16.67,2025-08-30
1139,93,5764.8,30.56,2025-08-30
1218,98,2496.1,15.55,2025-08-30
1541,120,4159.5,27.86,2025-08-30
2739,211,8482.7,56.48,2025-08-30
2853,220,3729.1,17.66,2025-08-30
2932,227,2504.0,16.41,2025-08-30
3129,236,2664.8,20.33,2025-08-30
3539,264,4506.8,21.4,2025-08-30
3913,294,3451.2,17.64,2025-08-30
4218,318,3736.8,20.78,2025-08-30
5261,409,1005.6,5.5,2025-08-30
5504,425,2157.6,12.47,2025-08-30
5855,450,2167.1,12.4,2025-08-30
6853,524,2567.0,14.02,2025-08-30
7387,564,2921.8,15.66,2025-08-30
7524,577,2149.6,11.18,2025-08-30
7823,597,2926.7,16.7,2025-08-30
8010,612,2601.7,21.65,2025-08-30
8218,629,4227.3,25.32,2025-08-30
8234,631,6267.7,35.96,2025-08-30
8801,679,5399.8,22.95,2025-08-30
8820,680,3478.4,18.23,2025-08-30
10649,798,5428.4,28.5,2025-08-30
11437,858,3246.0,18.4,2025-08-30
12085,906,2382.1,16.84,2025-08-30
12314,920,3300.5,19.28,2025-08-30
12931,969,1729.4,8.7,2025-08-30
12933,970,1934.1,13.54,2025-08-30
13621,1021,1937.0,10.08,2025-08-30
14089,1056,1863.8,9.04,2025-08-30
14138,1061,3072.8,19.64,2025-08-30
14175,1063,1826.4,19.92,2025-08-30
15010,1118,1867.1,12.39,2025-08-30
15337,1140,2538.4,15.06,2025-08-30
17502,1289,3305.5,17.28,2025-08-30
17563,1294,4990.3,29.4,2025-08-30
17611,1297,1962.9,12.79,2025-08-30
17845,1314,1566.0,12.88,2025-08-30
18005,1325,3273.3,20.65,2025-08-30
18117,1329,4009.1,31.78,2025-08-30
18404,1351,2622.6,15.66,2025-08-30
18955,1398,4872.4,23.97,2025-08-30
19204,1416,1349.6,12.84,2025-08-30
19383,1429,1740.4,10.48,2025-08-30
19631,1448,3170.2,23.57,2025-08-30
19645,1451,7995.4,46.9,2025-08-30
20427,680,3478.4,18.23,2025-08-30
20469,236,2664.8,20.33,2025-08-30
682,58,3210.6,22.7,2025-08-31
872,72,3217.5,16.07,2025-08-31
887,73,802.9,8.56,2025-08-31
2048,163,3128.7,17.36,2025-08-31
2508,195,3461.4,22.14,2025-08-31
3212,238,1644.0,13.16,2025-08-31
3335,245,1773.6,9.94,2025-08-31
3505,262,3067.6,22.84,2025-08-31
3603,271,1271.2,8.48,2025-08-31
3790,285,1233.7,8.76,2025-08-31
3861,290,3963.4,18.02,2025-08-31
3959,298,2805.6,14.18,2025-08-31
4635,356,4125.2,25.7,2025-08-31
5793,446,3522.2,24.5,2025-08-31
6436,500,2560.8,23.85,2025-08-31
7631,582,0.0,0.0,2025-08-31
7744,593,1462.2,10.39,2025-08-31
7822,597,2016.5,14.35,2025-08-31
7995,610,1048.0,5.41,2025-08-31
8155,623,2198.7,13.14,2025-08-31
8277,637,986.7,6.89,2025-08-31
8304,639,7208.6,44.88,2025-08-31
8592,660,2630.1,17.55,2025-08-31
8681,669,4810.3,22.72,2025-08-31
8957,687,2188.4,12.23,2025-08-31
9088,693,6951.9,34.36,2025-08-31
13152,984,2847.5,14.79,2025-08-31
13591,1017,1584.9,7.27,2025-08-31
14029,1051,3032.6,14.83,2025-08-31
14048,1052,2074.7,12.72,2025-08-31
14983,1117,4083.2,23.25,2025-08-31
14986,1117,1120.9,8.84,2025-08-31
15099,1124,1525.4,13.78,2025-08-31
15160,1127,811.7,7.79,2025-08-31
15596,1157,2826.6,20.26,2025-08-31
15856,1169,1022.3,6.82,2025-08-31
15890,1170,3275.7,22.18,2025-08-31
16673,1234,1346.7,9.69,2025-08-31
17789,1311,4193.6,18.3,2025-08-31
17925,1320,8349.3,45.33,2025-08-31
18827,1386,1715.6,11.18,2025-08-31
18846,1388,2864.8,21.2,2025-08-31
18882,1393,1658.4,10.6,2025-08-31
19836,1462,2479.7,13.82,2025-08-31
20404,1117,4083.2,23.25,2025-08-31
49,6,1171.8,7.76,2025-09-01
412,30,4064.5,24.38,2025-09-01
438,35,1170.5,8.42,2025-09-01
497,39,1507.5,17.88,2025-09-01
579,48,1926.7,15.86,2025-09-01
702,60,3825.8,27.02,2025-09-01
2257,180,755.6,7.34,2025-09-01
2361,185,2073.8,13.7,2025-09-01
3530,263,6543.0,35.34,2025-09-01
3644,275,6650.6,33.91,2025-09-01
3720,281,3202.7,25.48,2025-09-01
3935,296,1762.1,10.3,2025-09-01
4405,336,1985.7,13.1,2025-09-01
4603,353,3627.9,25.16,2025-09-01
4836,372,4395.2,33.1,2025-09-01
5370,416,4220.9,21.81,2025-09-01
6004,463,3079.6,16.73,2025-09-01
6045,466,2893.0,16.64,2025-09-01
6106,471,3741.7,21.93,2025-09-01
6305,489,2304.9,16.27,2025-09-01
6661,514,1609.4,9.13,2025-09-01
6713,516,6546.6,32.24,2025-09-01
6827,522,4899.5,25.03,2025-09-01
7060,542,3574.8,27.27,2025-09-01
7077,544,842.7,5.03,2025-09-01
7873,601,1687.1,13.99,2025-09-01
7989,610,1268.6,9.11,2025-09-01
8459,649,2596.5,14.16,2025-09-01
8489,652,1003.0,6.26,2025-09-01
8574,660,2804.8,12.24,2025-09-01
8913,684,3877.2,26.3,2025-09-01
8970,688,5000.8,31.29,2025-09-01
9135,696,3334.9,23.42,2025-09-01
10283,775,2152.1,13.66,2025-09-01
10537,791,2589.5,17.29,2025-09-01
10560,793,2027.1,12.65,2025-09-01
11301,848,2276.7,12.27,2025-09-01
11350,852,5649.9,34.2,2025-09-01
11656,875,1360.3,9.94,2025-09-01
12418,928,2294.1,13.65,2025-09-01
13193,987,654.4,8.39,2025-09-01
13443,1004,4592.9,24.64,2025-09-01
13703,1025,3094.5,18.26,2025-09-01
13794,1032,2707.9,12.96,2025-09-01
13855,1037,3058.5,17.31,2025-09-01
13896,1041,6432.2,41.2,2025-09-01
14396,1078,4219.6,24.36,2025-09-01
14988,1117,7172.5,66.73,2025-09-01
15223,1130,2535.3,18.03,2025-09-01
15713,1164,2751.7,22.08,2025-09-01
15883,1170,2477.5,18.7,2025-09-01
16897,1250,1901.9,16.06,2025-09-01
17453,1284,5809.7,32.83,2025-09-01
17491,1289,1434.8,7.56,2025-09-01
17519,1291,3169.7,16.16,2025-09-01
18182,1333,3358.2,17.28,2025-09-01
18944,1397,8878.3,40.83,2025-09-01
19316,1423,2588.2,17.1,2025-09-01
19326,1423,2651.3,14.77,2025-09-01
19838,1462,4118.1,21.83,2025-09-01
19993,1471,1321.4,9.92,2025-09-01
20204,1490,3115.2,24.83,2025-09-01
501,41,2466.0,17.62,2025-09-02
928,76,5395.4,42.57,2025-09-02
2113,168,3174.1,16.4,2025-09-02
3019,230,1314.8,14.16,2025-09-02
3658,275,964.5,6.64,2025-09-02
4123,309,2592.9,19.61,2025-09-02
5033,389,2966.7,20.83,2025-09-02
5302,411,5069.7,29.68,2025-09-02
5626,433,3353.8,33.3,2025-09-02
6281,487,3799.9,25.38,2025-09-02
6298,488,5455.7,26.67,2025-09-02
6591,509,3748.9,32.59,2025-09-02
6944,533,2436.2,15.51,2025-09-02
7165,550,3067.5,16.64,2025-09-02
7307,559,2698.6,15.56,2025-09-02
7799,595,2004.1,15.14,2025-09-02
8708,671,5529.8,26.84,2025-09-02
9104,695,1863.2,9.91,2025-09-02
9448,715,3124.1,15.81,2025-09-02
9519,720,3889.8,26.48,2025-09-02
9644,731,2395.1,14.08,2025-09-02
9859,746,2135.5,13.8,2025-09-02
10509,790,1051.7,10.78,2025-09-02
11395,855,2209.3,15.15,2025-09-02
11640,875,3443.8,22.11,2025-09-02
11925,896,1534.4,15.1,2025-09-02
12553,940,2499.4,14.34,2025-09-02
12629,944,2454.1,12.91,2025-09-02
13003,973,3537.5,16.8,2025-09-02
13604,1019,3178.7,15.46,2025-09-02
13657,1022,1503.4,9.28,2025-09-02
14456,1081,4263.5,27.6,2025-09-02
14629,1094,1773.1,8.67,2025-09-02
14930,1113,4746.0,21.9,2025-09-02
15130,1125,1349.0,10.95,2025-09-02
15845,1168,2255.8,14.19,2025-09-02
15965,1177,2208.5,11.8,2025-09-02
16110,1191,8684.8,54.52,2025-09-02
16829,1247,1572.4,10.89,2025-09-02
17831,1313,2643.5,21.53,2025-09-02
18595,1365,0.0,0.0,2025-09-02
18961,1398,5047.3,35.0,2025-09-02
19116,1411,3518.7,20.6,2025-09-02
19801,1460,2516.9,13.93,2025-09-02
19851,1463,4664.0,24.33,2025-09-02
20175,1489,2015.6,19.44,2025-09-02
20230,1491,1715.0,12.22,2025-09-02
625,53,1065.0,9.21,2025-09-03
1176,96,2721.7,18.89,2025-09-03
1733,136,2426.5,18.6,2025-09-03
2162,173,3839.1,21.0,2025-09-03
2950,227,5288.2,30.51,2025-09-03
3401,252,4781.5,25.32,2025-09-03
4191,316,2589.1,26.16,2025-09-03
5332,413,2149.8,18.7,2025-09-03
5838,448,2233.0,15.91,2025-09-03
6501,504,2570.6,15.81,2025-09-03
6595,509,3649.5,24.41,2025-09-03
7883,602,3146.3,20.01,2025-09-03
8571,660,2833.3,17.5,2025-09-03
9020,691,1704.2,15.37,2025-09-03
9367,710,3046.6,15.68,2025-09-03
9866,747,5594.2,29.65,2025-09-03
11465,863,6359.5,36.44,2025-09-03
12213,915,6149.6,38.88,2025-09-03
12275,918,1311.9,11.09,2025-09-03
12299,920,2301.8,19.24,2025-09-03
12507,938,4727.9,24.91,2025-09-03
12770,954,1758.2,11.83,2025-09-03
13170,985,1743.7,12.41,2025-09-03
13243,992,3346.5,19.79,2025-09-03
14907,1113,4649.6,21.19,2025-09-03
15038,1120,1009.2,7.3,2025-09-03
15470,1151,2115.8,15.07,2025-09-03
16250,1202,3260.0,19.4,2025-09-03
16581,1227,4721.4,35.66,2025-09-03
16785,1245,6717.4,31.87,2025-09-03
17815,1313,1267.6,7.76,2025-09-03
17894,1317,2182.6,14.82,2025-09-03
18126,1330,1259.5,9.2,2025-09-03
18258,1341,2719.8,15.25,2025-09-03
18560,1362,3893.0,29.85,2025-09-03
18857,1390,2292.7,15.17,2025-09-03
19582,1443,3372.4,16.76,2025-09-03
20135,1484,1446.0,12.77,2025-09-03
552,44,3561.9,37.31,2025-09-04
867,72,1264.2,5.85,2025-09-04
1723,134,1637.7,9.38,2025-09-04
1981,156,1891.1,11.87,2025-09-04
2311,184,2998.0,18.39,2025-09-04
2737,211,3967.5,20.16,2025-09-04
3916,294,2669.7,15.73,2025-09-04
3957,298,2498.7,12.65,2025-09-04
4212,317,4726.1,34.94,2025-09-04
4573,351,2506.8,17.69,2025-09-04
4607,354,4971.0,35.92,2025-09-04
4945,379,1687.0,13.29,2025-09-04
5317,412,1176.5,7.86,2025-09-04
7036,541,3058.3,19.69,2025-09-04
7732,591,9861.8,68.45,2025-09-04
8229,630,1611.8,11.51,2025-09-04
8278,637,2159.8,15.67,2025-09-04
8403,645,2986.3,18.58,2025-09-04
8461,649,2587.3,26.36,2025-09-04
8876,682,3600.6,22.72,2025-09-04
10484,788,6475.8,32.52,2025-09-04
10827,811,3559.5,19.64,2025-09-04
10889,815,3498.3,18.5,2025-09-04
11834,888,2457.1,15.61,2025-09-04
12049,904,2233.6,16.57,2025-09-04
12660,946,4004.1,23.04,2025-09-04
12872,964,1304.0,9.68,2025-09-04
13414,1003,2355.9,23.28,2025-09-04
13700,1025,2119.9,14.34,2025-09-04
14421,1079,2585.7,14.53,2025-09-04
14781,1103,1267.0,12.65,2025-09-04
15419,1147,3851.0,25.75,2025-09-04
16065,1187,2431.8,10.59,2025-09-04
16271,1204,5076.8,38.4,2025-09-04
16346,1209,1476.6,10.84,2025-09-04
16496,1219,2542.4,11.84,2025-09-04
16882,1249,3165.0,23.56,2025-09-04
17608,1297,5879.2,41.5,2025-09-04
20272,1495,3286.5,19.39,2025-09-04
89,11,2905.2,16.05,2025-09-05
311,23,1938.5,16.17,2025-09-05
555,44,736.6,5.85,2025-09-05
573,48,3053.4,13.69,2025-09-05
1126,93,882.9,5.4,2025-09-05
1229,99,2347.4,19.25,2025-09-05
1322,106,3415.6,32.64,2025-09-05
1368,109,5156.3,28.91,2025-09-05
2167,174,2437.1,25.3,2025-09-05
3104,235,945.0,7.11,2025-09-05
3638,274,4671.8,29.12,2025-09-05
5107,395,4577.3,26.76,2025-09-05
5490,425,907.2,8.81,2025-09-05
5555,429,2743.5,20.45,2025-09-05
6613,512,2435.0,15.54,2025-09-05
6702,516,1459.9,9.14,2025-09-05
7162,550,1738.7,13.47,2025-09-05
7196,552,1467.4,8.42,2025-09-05
7645,584,741.1,3.8,2025-09-05
7868,601,4480.9,25.54,2025-09-05
8300,639,2825.8,16.84,2025-09-05
8741,675,2666.0,24.75,2025-09-05
9051,692,3487.7,19.62,2025-09-05
10605,796,2108.7,12.62,2025-09-05
10966,820,1178.6,7.26,2025-09-05
11019,825,1158.1,7.29,2025-09-05
12000,903,974.2,7.08,2025-09-05
12399,927,1971.5,8.77,2025-09-05
14645,1094,1904.0,11.07,2025-09-05
14754,1100,2584.8,17.76,2025-09-05
14798,1106,2174.0,14.7,2025-09-05
15048,1121,3402.1,16.93,2025-09-05
15325,1139,3127.8,20.05,2025-09-05
15525,1154,1755.8,11.89,2025-09-05
15675,1162,2443.4,12.84,2025-09-05
15907,1172,3408.8,22.84,2025-09-05
16542,1224,2688.4,21.36,2025-09-05
16550,1224,1873.3,16.22,2025-09-05
16666,1233,2901.9,27.72,2025-09-05
18279,1343,3650.8,21.47,2025-09-05
18565,1362,1808.2,11.46,2025-09-05
18890,1393,4104.2,23.31,2025-09-05
343,25,2943.6,18.82,2025-09-06
1056,85,2016.5,9.28,2025-09-06
1555,121,727.8,7.76,2025-09-06
2348,185,1403.7,8.06,2025-09-06
2420,190,5521.8,32.11,2025-09-06
2566,199,4039.8,33.76,2025-09-06
2848,219,1816.0,11.88,2025-09-06
3124,236,3678.3,26.46,2025-09-06
3833,290,3524.0,22.23,2025-09-06
4766,366,3967.8,37.06,2025-09-06
5328,413,1083.6,10.36,2025-09-06
5534,429,1626.3,13.16,2025-09-06
6317,490,2660.5,14.72,2025-09-06
6706,516,8929.5,40.33,2025-09-06
7259,557,1417.2,10.05,2025-09-06
7303,559,2504.5,17.48,2025-09-06
7345,561,3346.9,19.68,2025-09-06
7564,579,2780.2,16.94,2025-09-06
7623,582,3920.1,25.47,2025-09-06
7783,595,3059.5,22.86,2025-09-06
7994,610,1456.0,14.38,2025-09-06
8167,624,3721.4,19.21,2025-09-06
10019,761,3868.8,21.88,2025-09-06
10241,773,1645.2,12.3,2025-09-06
10309,777,952.9,7.72,2025-09-06
10698,801,4097.0,22.97,2025-09-06
11662,876,2114.2,11.05,2025-09-06
12476,937,2155.4,13.72,2025-09-06
12679,949,2258.8,18.14,2025-09-06
12755,954,2431.9,16.0,2025-09-06
13681,1024,1829.9,8.16,2025-09-06
13746,1028,4871.5,23.82,2025-09-06
13778,1031,2645.2,15.08,2025-09-06
13862,1037,3442.5,21.96,2025-09-06
14276,1071,1986.1,12.89,2025-09-06
14593,1091,1324.4,8.63,2025-09-06
14995,1117,1530.8,8.64,2025-09-06
15428,1149,2725.1,19.36,2025-09-06
16070,1188,3058.3,21.58,2025-09-06
16308,1205,2062.8,11.87,2025-09-06
17454,1284,1334.1,10.91,2025-09-06
18116,1329,10124.7,61.11,2025-09-06
18611,1365,1429.9,9.99,2025-09-06
18686,1375,6748.7,37.17,2025-09-06
18834,1387,752.2,6.15,2025-09-06
19322,1423,3958.9,17.13,2025-09-06
19373,1426,862.7,7.27,2025-09-06
19377,1428,3490.3,30.15,2025-09-06
19845,1463,1267.6,7.18,2025-09-06
19875,1466,1923.1,15.73,2025-09-06
453,36,1458.7,12.96,2025-09-07
696,59,1419.4,8.14,2025-09-07
1481,118,3148.7,18.05,2025-09-07
2435,190,3501.7,22.49,2025-09-07
2641,205,2958.6,16.68,2025-09-07
2878,221,2353.3,13.74,2025-09-07
3052,231,2627.1,19.25,2025-09-07
3679,278,5393.2,31.09,2025-09-07
4934,379,1797.4,19.24,2025-09-07
4962,381,704.3,6.14,2025-09-07
5641,434,832.7,6.87,2025-09-07
5837,448,1297.4,8.84,2025-09-07
6101,470,625.2,4.77,2025-09-07
6560,508,0.0,0.0,2025-09-07
6846,523,3407.7,27.25,2025-09-07
6864,526,4261.5,31.62,2025-09-07
7018,539,2687.4,18.3,2025-09-07
7814,597,2608.5,11.54,2025-09-07
8620,662,2387.4,14.24,2025-09-07
8686,670,729.1,4.65,2025-09-07
8872,682,1977.0,21.84,2025-09-07
9257,704,2858.3,16.49,2025-09-07
9313,708,4128.9,18.11,2025-09-07
9408,714,2203.1,15.15,2025-09-07
9479,717,799.3,9.85,2025-09-07
10032,762,5054.7,36.51,2025-09-07
10221,772,3782.5,21.74,2025-09-07
10713,802,6288.0,42.61,2025-09-07
10718,802,2297.8,10.99,2025-09-07
11342,852,2388.4,17.11,2025-09-07
11436,858,4304.6,29.03,2025-09-07
11889,892,6060.9,38.58,2025-09-07
12084,906,3861.9,20.55,2025-09-07
12446,932,1620.1,10.21,2025-09-07
12753,954,2346.7,13.18,2025-09-07
12812,959,2461.1,15.95,2025-09-07
13688,1024,2007.2,10.18,2025-09-07
13971,1047,1843.7,13.99,2025-09-07
14103,1058,10223.7,57.37,2025-09-07
14512,1085,1849.9,15.19,2025-09-07
14520,1086,2276.5,15.75,2025-09-07
14673,1096,2146.2,15.13,2025-09-07
15771,1166,2857.7,17.51,2025-09-07
16222,1200,2899.3,15.87,2025-09-07
17062,1261,3148.0,16.54,2025-09-07
17294,1272,2309.8,16.28,2025-09-07
17634,1299,1857.8,9.34,2025-09-07
18409,1351,1644.2,15.89,2025-09-07
18492,1356,1251.2,10.14,2025-09-07
18647,1369,1219.5,10.56,2025-09-07
18657,1370,3572.4,26.75,2025-09-07
18707,1375,2420.8,16.4,2025-09-07
19593,1443,3359.4,23.81,2025-09-07
19681,1453,1107.0,8.72,2025-09-07
19810,1460,2765.4,16.87,2025-09-07
19828,1462,2940.7,33.26,2025-09-07
19863,1465,1942.3,13.71,2025-09-07
20191,1489,5557.4,26.76,2025-09-07
2025,161,1732.7,13.38,2025-09-08
2223,178,2365.4,14.31,2025-09-08
2568,199,1860.4,14.47,2025-09-08
2666,206,3559.3,16.67,2025-09-08
3044,231,1512.5,12.2,2025-09-08
3329,245,2669.4,15.79,2025-09-08
4362,331,2598.7,18.15,2025-09-08
4977,384,3686.3,16.87,2025-09-08
5319,412,2756.8,14.0,2025-09-08
5955,459,2243.1,10.93,2025-09-08
6219,481,3435.1,27.41,2025-09-08
6282,487,2766.7,19.97,2025-09-08
7179,551,4279.6,34.07,2025-09-08
9236,703,3947.1,26.46,2025-09-08
9493,718,1470.2,9.34,2025-09-08
9542,722,6192.6,30.64,2025-09-08
9674,734,1497.3,9.86,2025-09-08
10298,777,1630.4,12.3,2025-09-08
10558,793,1593.3,10.25,2025-09-08
10723,802,1933.3,16.45,2025-09-08
10781,807,2248.6,23.22,2025-09-08
11926,896,3968.0,23.26,2025-09-08
13253,993,1934.4,12.29,2025-09-08
13329,997,3096.3,23.44,2025-09-08
13490,1009,7274.3,32.99,2025-09-08
13618,1020,939.2,9.05,2025-09-08
13860,1037,1582.0,9.86,2025-09-08
14160,1063,1458.6,10.27,2025-09-08
14919,1113,3964.5,22.09,2025-09-08
14942,1114,1862.0,9.66,2025-09-08
15526,1154,3183.6,17.6,2025-09-08
15593,1157,1145.0,13.23,2025-09-08
15925,1172,1153.3,11.95,2025-09-08
16670,1233,2731.3,14.47,2025-09-08
17148,1264,6079.0,34.89,2025-09-08
17610,1297,1846.8,11.55,2025-09-08
18095,1328,3598.1,21.9,2025-09-08
18222,1337,1526.6,10.69,2025-09-08
18282,1343,4873.0,24.34,2025-09-08
19263,1419,6421.0,36.75,2025-09-08
19481,1436,1828.9,10.32,2025-09-08
19548,1440,2698.9,18.93,2025-09-08
19937,1468,1424.4,13.54,2025-09-08
4,1,2748.8,16.16,2025-09-09
306,23,1418.3,8.94,2025-09-09
1456,115,799.3,8.57,2025-09-09
2004,160,3143.2,22.25,2025-09-09
2215,178,7282.3,37.96,2025-09-09
2370,186,5438.6,26.82,2025-09-09
2665,206,6426.9,29.91,2025-09-09
3205,238,4301.2,27.07,2025-09-09
3451,255,1873.8,16.19,2025-09-09
3649,275,2340.1,13.81,2025-09-09
3848,290,4031.3,22.4,2025-09-09
3912,294,2618.9,21.53,2025-09-09
4680,358,1453.7,9.01,2025-09-09
5977,461,929.5,6.56,2025-09-09
6261,486,2453.0,13.88,2025-09-09
6285,487,2301.8,16.15,2025-09-09
6758,519,1274.7,7.61,2025-09-09
7095,546,2543.1,18.19,2025-09-09
7621,582,1607.1,26.56,2025-09-09
8550,656,4765.0,38.54,2025-09-09
9057,692,2212.0,12.89,2025-09-09
9719,736,2161.4,16.84,2025-09-09
10640,797,1059.7,9.94,2025-09-09
10654,799,2276.9,16.0,2025-09-09
10747,805,2544.3,14.0,2025-09-09
11743,881,464.0,4.18,2025-09-09
11773,884,3846.6,20.54,2025-09-09
12188,913,5128.0,23.4,2025-09-09
12384,925,2331.8,14.9,2025-09-09
12659,946,1989.9,14.15,2025-09-09
12742,952,2885.7,21.94,2025-09-09
12868,964,3290.2,21.1,2025-09-09
13706,1025,3788.9,29.92,2025-09-09
16471,1217,2497.4,16.29,2025-09-09
17063,1261,5319.1,27.59,2025-09-09
17462,1284,3358.0,20.77,2025-09-09
18295,1344,5039.4,37.86,2025-09-09
18747,1378,4315.1,24.19,2025-09-09
18931,1397,3699.7,23.32,2025-09-09
19024,1403,4806.7,28.21,2025-09-09
19077,1406,2178.8,15.12,2025-09-09
20261,1494,2478.0,15.96,2025-09-09
20281,1495,4273.6,24.65,2025-09-09
20421,952,2885.7,21.94,2025-09-09
828,70,1857.6,14.19,2025-09-10
1318,106,3714.8,22.72,2025-09-10
1416,111,655.3,4.4,2025-09-10
1542,120,4280.9,22.03,2025-09-10
2006,160,3231.0,15.49,2025-09-10
2487,195,3347.8,19.86,2025-09-10
2887,221,2522.3,14.55,2025-09-10
3038,231,3078.5,15.72,2025-09-10
3588,268,2398.1,13.29,2025-09-10
3940,297,3669.5,16.01,2025-09-10
4053,304,5532.4,27.99,2025-09-10
4231,319,1118.3,6.6,2025-09-10
4805,371,2312.8,12.31,2025-09-10
6075,469,1533.0,9.36,2025-09-10
6369,494,2624.3,12.97,2025-09-10
6489,504,1278.1,7.55,2025-09-10
7051,541,3093.6,20.27,2025-09-10
7068,543,1728.6,14.54,2025-09-10
7247,557,1947.8,12.44,2025-09-10
7492,572,4653.4,23.52,2025-09-10
8237,631,2978.6,23.18,2025-09-10
8480,652,1976.4,15.31,2025-09-10
8865,682,2955.0,21.22,2025-09-10
9361,709,2267.5,16.04,2025-09-10
9638,730,2493.3,20.46,2025-09-10
9746,738,6466.6,25.3,2025-09-10
9758,738,2582.9,19.41,2025-09-10
10071,764,3769.1,22.39,2025-09-10
10383,782,3917.6,26.59,2025-09-10
10545,791,2154.1,14.6,2025-09-10
10584,794,3109.8,21.29,2025-09-10
11742,881,1712.0,8.83,2025-09-10
11864,889,4006.4,20.29,2025-09-10
13021,974,2989.0,21.22,2025-09-10
13028,974,3136.8,19.96,2025-09-10
14148,1061,2397.4,10.98,2025-09-10
14534,1087,2673.1,15.63,2025-09-10
14684,1096,2244.5,18.94,2025-09-10
15118,1125,2699.3,14.04,2025-09-10
15323,1139,3310.9,22.05,2025-09-10
15808,1167,3487.8,24.39,2025-09-10
16058,1187,2344.1,17.96,2025-09-10
16433,1214,2093.7,13.95,2025-09-10
16597,1227,2419.9,17.43,2025-09-10
16781,1244,2110.2,13.03,2025-09-10
16939,1252,1146.1,7.99,2025-09-10
17552,1294,2960.7,15.68,2025-09-10
17725,1305,3241.3,26.89,2025-09-10
18019,1326,2324.3,15.63,2025-09-10
18092,1328,1756.4,10.35,2025-09-10
18305,1345,1840.6,14.2,2025-09-10
18334,1347,1958.7,13.43,2025-09-10
18432,1353,3293.6,25.06,2025-09-10
19456,1434,3174.3,25.94,2025-09-10
19482,1436,3855.0,23.36,2025-09-10
19549,1440,1980.3,13.11,2025-09-10
19580,1443,1070.5,8.84,2025-09-10
13,2,4818.7,23.49,2025-09-11
834,70,3435.4,19.43,2025-09-11
1199,97,2555.3,12.43,2025-09-11
2021,160,2339.0,18.84,2025-09-11
3103,235,1860.2,13.25,2025-09-11
3270,242,4194.5,35.69,2025-09-11
3677,277,1302.1,10.18,2025-09-11
4049,303,5285.9,28.63,2025-09-11
4057,304,2400.5,13.68,2025-09-11
4271,325,3264.2,18.77,2025-09-11
4408,336,2987.6,21.83,2025-09-11
4436,339,1711.9,15.23,2025-09-11
4692,359,456.2,3.55,2025-09-11
5046,390,1491.5,7.92,2025-09-11
5874,451,1652.8,10.27,2025-09-11
6189,477,3377.2,21.31,2025-09-11
6969,535,1827.5,11.45,2025-09-11
7436,569,7000.8,37.26,2025-09-11
7473,572,1776.1,10.25,2025-09-11
7498,574,2957.9,21.81,2025-09-11
8081,616,2640.8,14.61,2025-09-11
8495,652,2049.5,12.87,2025-09-11
8637,665,1768.2,9.87,2025-09-11
8923,685,2255.4,11.89,2025-09-11
9023,691,2484.2,18.85,2025-09-11
9256,704,5318.0,23.86,2025-09-11
9685,735,1739.0,9.37,2025-09-11
9884,748,4069.7,33.63,2025-09-11
10178,771,3865.4,20.36,2025-09-11
11510,866,1604.2,12.76,2025-09-11
12198,915,2044.0,11.12,2025-09-11
12392,926,1380.7,10.41,2025-09-11
12505,938,5118.1,28.45,2025-09-11
12767,954,1391.4,20.23,2025-09-11
12776,955,3269.8,17.65,2025-09-11
13361,999,5244.5,30.37,2025-09-11
13543,1014,2629.1,14.31,2025-09-11
14319,1073,1583.5,16.52,2025-09-11
14728,1099,2660.9,14.81,2025-09-11
15179,1129,5428.3,33.58,2025-09-11
15312,1138,1662.7,19.51,2025-09-11
15461,1151,2194.3,11.05,2025-09-11
15834,1168,3178.3,25.16,2025-09-11
16295,1204,1073.8,9.19,2025-09-11
17261,1271,1906.0,9.2,2025-09-11
17613,1297,4617.3,29.69,2025-09-11
17687,1304,3150.2,23.68,2025-09-11
18089,1328,1357.4,7.07,2025-09-11
18111,1329,2343.8,18.43,2025-09-11
18849,1388,3214.1,13.89,2025-09-11
19018,1402,2086.5,11.98,2025-09-11
20314,1498,2432.8,21.96,2025-09-11
795,68,6054.6,37.05,2025-09-12
2067,165,5411.4,34.52,2025-09-12
2194,177,1533.0,15.61,2025-09-12
2832,218,1728.9,10.32,2025-09-12
3081,233,2390.8,16.68,2025-09-12
3884,291,2122.9,19.95,2025-09-12
4890,375,2395.2,13.77,2025-09-12
5215,404,676.8,9.31,2025-09-12
5290,411,4781.4,33.42,2025-09-12
5824,448,2139.8,11.45,2025-09-12
6017,464,2697.1,18.04,2025-09-12
6135,473,2049.2,25.11,2025-09-12
6244,484,4271.5,19.92,2025-09-12
6309,490,1496.7,14.47,2025-09-12
6479,503,4439.0,24.96,2025-09-12
6937,532,3149.2,16.59,2025-09-12
7246,557,2233.7,32.09,2025-09-12
7689,588,2646.2,15.37,2025-09-12
8308,639,4010.7,18.4,2025-09-12
8523,654,3539.7,19.47,2025-09-12
8799,679,1111.8,9.78,2025-09-12
9274,705,3905.7,18.98,2025-09-12
9791,742,3423.2,29.71,2025-09-12
10382,782,2291.7,12.55,2025-09-12
10562,793,2745.3,16.65,2025-09-12
10609,796,1842.7,10.39,2025-09-12
11050,827,780.5,5.13,2025-09-12
11570,870,2004.6,10.95,2025-09-12
11716,879,4012.2,32.47,2025-09-12
11771,884,981.0,6.28,2025-09-12
11795,887,3924.8,21.54,2025-09-12
12502,938,4712.7,24.62,2025-09-12
12533,939,2991.8,17.47,2025-09-12
13297,995,2337.6,13.25,2025-09-12
13548,1015,835.0,7.47,2025-09-12
13668,1023,6064.2,33.04,2025-09-12
14143,1061,851.5,10.33,2025-09-12
14272,1071,2189.5,12.49,2025-09-12
14377,1076,1545.1,15.4,2025-09-12
14445,1081,2460.7,21.59,2025-09-12
15207,1130,2455.3,15.68,2025-09-12
15663,1161,3055.7,19.12,2025-09-12
16145,1194,7457.1,39.68,2025-09-12
16197,1198,3468.5,31.29,2025-09-12
16364,1210,3638.9,25.79,2025-09-12
16908,1251,1580.9,9.87,2025-09-12
17021,1258,6759.1,30.32,2025-09-12
17277,1272,1686.9,11.56,2025-09-12
18094,1328,2283.7,15.79,2025-09-12
18943,1397,1371.5,9.15,2025-09-12
19226,1418,7351.1,33.24,2025-09-12
19978,1471,833.4,13.89,2025-09-12
20042,1476,1632.8,11.3,2025-09-12
629,53,1419.0,7.69,2025-09-13
1004,82,3435.1,16.28,2025-09-13
1385,109,2909.2,13.02,2025-09-13
1439,113,3570.9,26.86,2025-09-13
1499,118,4046.8,19.89,2025-09-13
1875,147,1715.7,12.22,2025-09-13
2099,167,1913.6,10.8,2025-09-13
2344,185,1931.0,10.38,2025-09-13
2597,201,1374.8,17.56,2025-09-13
2689,208,1272.7,7.83,2025-09-13
2900,223,3800.6,22.03,2025-09-13
3473,256,1415.0,6.98,2025-09-13
3981,299,4392.0,25.12,2025-09-13
4365,331,2165.7,13.46,2025-09-13
5017,389,1830.2,14.16,2025-09-13
5557,429,1372.4,16.47,2025-09-13
5807,448,3476.8,25.71,2025-09-13
6536,506,2853.2,18.18,2025-09-13
7364,562,2085.8,11.73,2025-09-13
7535,577,2172.8,15.28,2025-09-13
8447,647,3983.4,22.7,2025-09-13
9611,727,9219.2,42.47,2025-09-13
9962,756,2979.7,25.19,2025-09-13
10256,774,3579.1,25.33,2025-09-13
10905,817,2556.3,18.14,2025-09-13
11014,824,2536.0,12.11,2025-09-13
11083,832,1412.4,11.19,2025-09-13
12101,907,4282.8,22.69,2025-09-13
12783,956,2096.8,10.01,2025-09-13
12932,970,7401.2,51.43,2025-09-13
13355,999,1362.4,10.33,2025-09-13
13684,1024,2731.9,16.3,2025-09-13
14017,1050,3508.5,20.5,2025-09-13
14107,1059,1475.2,10.9,2025-09-13
14658,1096,4924.7,24.31,2025-09-13
14920,1113,1512.3,9.87,2025-09-13
15231,1131,1282.5,9.03,2025-09-13
15438,1150,3916.7,21.3,2025-09-13
15749,1165,4077.8,26.98,2025-09-13
16184,1197,1776.6,10.55,2025-09-13
16310,1206,3080.5,15.0,2025-09-13
16415,1212,4865.8,25.32,2025-09-13
16612,1228,2246.9,14.19,2025-09-13
17165,1266,3244.2,17.58,2025-09-13
17200,1268,1746.0,10.06,2025-09-13
17377,1278,907.1,6.95,2025-09-13
17517,1291,2078.0,10.42,2025-09-13
18213,1335,1542.4,8.79,2025-09-13
18628,1366,1188.7,9.04,2025-09-13
19082,1406,2497.6,24.13,2025-09-13
19169,1414,4659.5,31.1,2025-09-13
19436,1432,1428.2,11.68,2025-09-13
19719,1454,6400.8,29.64,2025-09-13
20239,1494,1369.4,22.82,2025-09-13
20381,1206,3080.5,15.0,2025-09-13
791,68,1019.2,8.72,2025-09-14
1039,84,3939.3,28.38,2025-09-14
1575,121,6524.9,32.57,2025-09-14
1765,139,1304.2,11.53,2025-09-14
2121,170,2160.0,10.93,2025-09-14
4054,304,3649.8,15.85,2025-09-14
4363,331,1146.8,8.72,2025-09-14
5000,385,3931.4,20.49,2025-09-14
5318,412,2131.5,13.99,2025-09-14
5472,424,2379.9,18.4,2025-09-14
5572,430,1185.1,10.37,2025-09-14
5644,434,1372.8,7.91,2025-09-14
5660,435,1358.9,8.81,2025-09-14
6711,516,861.5,6.63,2025-09-14
6797,522,4645.4,24.87,2025-09-14
7015,539,915.2,8.25,2025-09-14
8595,660,1280.4,9.09,2025-09-14
8674,669,619.4,5.39,2025-09-14
8837,680,2580.0,11.59,2025-09-14
8846,681,397.4,4.6,2025-09-14
9818,743,1329.2,11.32,2025-09-14
9976,758,4581.9,25.91,2025-09-14
10774,807,1732.7,11.79,2025-09-14
10952,820,1979.0,10.51,2025-09-14
10965,820,2321.3,13.5,2025-09-14
11384,855,3258.2,17.0,2025-09-14
11505,865,2155.9,12.16,2025-09-14
11794,887,3869.2,17.3,2025-09-14
12499,938,7037.6,41.52,2025-09-14
13367,999,4087.8,26.22,2025-09-14
13644,1022,3499.5,18.81,2025-09-14
14010,1050,2115.6,12.17,2025-09-14
14681,1096,2791.3,20.47,2025-09-14
15556,1156,2671.6,18.47,2025-09-14
15710,1163,2118.4,22.59,2025-09-14
16168,1195,2000.0,15.83,2025-09-14
16577,1227,2727.6,13.36,2025-09-14
17091,1262,6762.7,32.09,2025-09-14
17681,1304,3935.5,20.7,2025-09-14
17910,1320,4826.5,23.9,2025-09-14
19507,1438,5536.3,40.14,2025-09-14
20073,1478,2869.6,12.8,2025-09-14
20149,1486,10009.1,71.1,2025-09-14
575,48,2868.9,17.36,2025-09-15
675,58,2407.7,12.49,2025-09-15
951,78,995.0,7.93,2025-09-15
1078,89,1521.4,9.6,2025-09-15
1283,103,2506.3,11.93,2025-09-15
1287,103,777.2,6.67,2025-09-15
1780,141,2220.7,15.37,2025-09-15
2256,179,5675.1,30.19,2025-09-15
2921,226,2187.7,12.65,2025-09-15
3484,258,1823.5,7.94,2025-09-15
3486,258,2674.1,28.52,2025-09-15
3743,282,2542.8,13.16,2025-09-15
3827,289,2984.1,15.27,2025-09-15
5260,408,0.0,0.0,2025-09-15
5646,434,3609.7,23.22,2025-09-15
5697,437,2129.7,21.29,2025-09-15
5702,439,3942.1,22.0,2025-09-15
6634,512,1701.8,14.67,2025-09-15
6884,527,3174.5,15.68,2025-09-15
6992,536,4293.6,23.77,2025-09-15
7346,561,2033.1,16.69,2025-09-15
7947,607,2326.7,19.8,2025-09-15
8134,621,3404.5,28.4,2025-09-15
8340,641,1758.5,11.61,2025-09-15
8343,642,1117.3,9.78,2025-09-15
8405,646,1590.8,9.28,2025-09-15
8544,656,4709.6,23.94,2025-09-15
8606,662,2945.3,22.26,2025-09-15
9646,731,1600.5,10.8,2025-09-15
11284,848,2323.9,19.55,2025-09-15
11562,870,5767.0,30.69,2025-09-15
11868,890,2700.1,18.37,2025-09-15
12509,938,5567.9,30.74,2025-09-15
12523,939,2614.7,18.85,2025-09-15
12726,952,2703.4,17.53,2025-09-15
13087,979,1031.3,4.94,2025-09-15
13322,996,790.4,5.47,2025-09-15
13653,1022,2342.6,14.7,2025-09-15
14692,1096,1261.8,10.35,2025-09-15
15213,1130,2527.9,17.74,2025-09-15
15340,1140,1010.3,5.48,2025-09-15
15785,1167,3963.6,23.2,2025-09-15
17173,1266,4222.9,27.33,2025-09-15
17240,1270,3419.7,23.15,2025-09-15
19743,1456,10027.3,55.36,2025-09-15
19812,1460,4019.9,21.98,2025-09-15
19882,1467,1161.9,6.76,2025-09-15
407,30,4772.2,35.93,2025-09-16
1262,102,4608.3,24.48,2025-09-16
2046,163,2792.8,15.0,2025-09-16
2308,184,2519.8,19.28,2025-09-16
2741,211,2602.3,15.41,2025-09-16
2883,221,2821.2,14.44,2025-09-16
2924,226,3435.5,22.45,2025-09-16
3240,240,1709.1,10.43,2025-09-16
4171,312,2066.9,8.91,2025-09-16
4488,344,1907.3,10.2,2025-09-16
5209,403,2205.8,11.93,2025-09-16
5599,431,1587.9,12.1,2025-09-16
5865,450,3144.5,28.15,2025-09-16
5870,451,1380.9,11.8,2025-09-16
5908,455,6141.0,44.97,2025-09-16
6605,510,2784.3,17.91,2025-09-16
6838,523,2919.4,19.93,2025-09-16
7310,559,1343.4,11.43,2025-09-16
7500,574,2997.3,15.5,2025-09-16
7583,580,1277.5,11.34,2025-09-16
8119,619,4275.8,24.44,2025-09-16
8945,687,2011.8,13.21,2025-09-16
9086,693,2508.7,14.54,2025-09-16
9869,747,1982.3,14.8,2025-09-16
10450,787,2933.5,14.36,2025-09-16
10586,794,3758.7,21.08,2025-09-16
10812,810,5718.0,38.79,2025-09-16
10931,817,950.5,6.88,2025-09-16
11013,824,2457.3,10.7,2025-09-16
11295,848,1634.8,9.93,2025-09-16
11333,851,1267.6,9.94,2025-09-16
11744,881,2937.8,21.04,2025-09-16
12176,913,2504.0,14.52,2025-09-16
12336,921,1510.1,12.36,2025-09-16
12549,940,2377.0,21.12,2025-09-16
13534,1014,2026.0,13.21,2025-09-16
13832,1035,5376.6,32.58,2025-09-16
15353,1141,2572.5,16.64,2025-09-16
16055,1187,4778.5,37.95,2025-09-16
17568,1295,1281.3,11.08,2025-09-16
18556,1361,2267.5,16.56,2025-09-16
19439,1432,1250.5,9.31,2025-09-16
19960,1470,456.0,7.6,2025-09-16
20018,1474,1531.1,10.77,2025-09-16
300,23,3639.5,18.11,2025-09-17
481,38,10736.6,61.29,2025-09-17
508,42,1501.2,8.9,2025-09-17
796,68,1715.7,18.73,2025-09-17
1179,96,2321.6,13.82,2025-09-17
2461,194,3419.0,20.43,2025-09-17
3097,234,2263.9,11.38,2025-09-17
3782,285,2008.1,16.85,2025-09-17
3822,288,3427.6,22.52,2025-09-17
3837,290,1960.5,18.79,2025-09-17
3906,293,1563.4,8.13,2025-09-17
5203,402,1717.1,10.73,2025-09-17
6226,481,6477.5,32.37,2025-09-17
6339,492,2136.0,12.72,2025-09-17
6473,503,2365.0,13.06,2025-09-17
6539,506,4203.4,22.51,2025-09-17
6745,519,2643.3,18.77,2025-09-17
6810,522,3492.4,27.93,2025-09-17
7767,594,2952.8,20.76,2025-09-17
7789,595,1326.0,8.07,2025-09-17
8111,617,682.9,7.66,2025-09-17
8182,626,2402.9,13.65,2025-09-17
8302,639,2297.3,14.15,2025-09-17
8310,639,2051.7,18.37,2025-09-17
8566,660,4712.2,28.28,2025-09-17
9865,747,2460.5,19.11,2025-09-17
10089,766,4716.1,21.97,2025-09-17
10483,788,3930.5,24.34,2025-09-17
10643,797,2655.1,16.94,2025-09-17
11130,838,2362.7,12.69,2025-09-17
11336,851,2018.3,16.23,2025-09-17
11478,864,1510.6,12.34,2025-09-17
11652,875,1993.5,12.83,2025-09-17
11840,888,589.7,6.69,2025-09-17
12201,915,4531.5,23.76,2025-09-17
12342,922,4397.6,29.08,2025-09-17
12427,929,3164.2,21.47,2025-09-17
12518,939,3193.2,23.72,2025-09-17
12664,946,2304.0,13.05,2025-09-17
12781,956,2642.0,12.86,2025-09-17
13034,975,831.9,10.14,2025-09-17
13176,985,1896.9,9.41,2025-09-17
13844,1035,3115.9,19.86,2025-09-17
14114,1060,1692.1,17.98,2025-09-17
14313,1072,3825.7,23.53,2025-09-17
14386,1077,3400.1,22.05,2025-09-17
14613,1092,959.6,7.18,2025-09-17
14863,1109,2218.5,15.27,2025-09-17
15957,1177,1996.1,13.06,2025-09-17
18343,1347,619.3,4.57,2025-09-17
18356,1348,1949.4,15.63,2025-09-17
19048,1403,8473.8,38.92,2025-09-17
19192,1416,2714.1,20.36,2025-09-17
19232,1418,605.9,6.51,2025-09-17
19513,1438,1506.6,16.28,2025-09-17
19981,1471,1373.8,12.1,2025-09-17
20368,1348,1949.4,15.63,2025-09-17
72,9,3204.6,25.16,2025-09-18
356,25,3131.0,28.73,2025-09-18
1352,107,1312.9,9.0,2025-09-18
1401,110,2103.5,9.12,2025-09-18
1928,152,1029.6,7.1,2025-09-18
2148,172,2846.5,18.97,2025-09-18
2280,182,7085.8,35.58,2025-09-18
2971,228,7787.7,36.95,2025-09-18
2996,229,3158.8,17.31,2025-09-18
3358,248,1061.9,8.15,2025-09-18
3554,264,3403.6,18.86,2025-09-18
3983,299,674.9,6.17,2025-09-18
4012,301,1512.7,14.32,2025-09-18
4159,312,1592.6,11.35,2025-09-18
4879,374,1324.4,11.05,2025-09-18
5570,430,3389.0,22.4,2025-09-18
5585,430,2835.6,22.23,2025-09-18
6070,469,2657.4,23.01,2025-09-18
6801,522,3423.2,23.83,2025-09-18
6887,527,2297.8,22.41,2025-09-18
6948,533,646.8,10.78,2025-09-18
8361,643,1405.1,10.23,2025-09-18
8631,664,1934.5,17.28,2025-09-18
8823,680,926.4,15.13,2025-09-18
8894,683,2921.8,20.46,2025-09-18
9253,704,4778.2,35.2,2025-09-18
9318,708,3140.5,23.02,2025-09-18
9862,746,923.7,4.94,2025-09-18
10469,787,4299.2,25.06,2025-09-18
10734,803,2144.8,17.09,2025-09-18
11038,826,1780.6,13.24,2025-09-18
12225,916,4923.5,28.55,2025-09-18
13646,1022,2299.0,15.54,2025-09-18
13666,1023,3815.1,23.16,2025-09-18
14180,1063,4454.8,25.23,2025-09-18
14248,1068,2208.7,10.67,2025-09-18
14670,1096,4032.5,23.28,2025-09-18
14914,1113,3193.4,19.9,2025-09-18
15136,1126,2768.9,17.13,2025-09-18
15295,1137,2799.2,16.65,2025-09-18
15298,1137,1143.2,7.7,2025-09-18
15466,1151,2497.4,24.45,2025-09-18
15935,1173,5159.8,24.2,2025-09-18
17324,1275,5380.9,27.07,2025-09-18
17361,1277,1357.6,8.78,2025-09-18
17393,1280,1377.3,12.71,2025-09-18
17438,1283,3365.3,18.87,2025-09-18
18417,1353,3393.4,13.66,2025-09-18
18637,1368,1571.4,12.64,2025-09-18
19397,1430,1499.1,9.26,2025-09-18
19490,1436,2446.2,17.07,2025-09-18
19537,1439,2144.4,13.53,2025-09-18
19632,1449,5881.0,25.63,2025-09-18
19848,1463,842.1,4.77,2025-09-18
20176,1489,2269.8,13.07,2025-09-18
20343,708,3140.5,23.02,2025-09-18
20384,312,1592.6,11.35,2025-09-18
384,27,3068.5,17.32,2025-09-19
394,28,1177.2,8.89,2025-09-19
740,63,1399.0,12.08,2025-09-19
748,64,1543.4,18.24,2025-09-19
1300,104,2556.0,15.16,2025-09-19
1863,146,3696.2,19.58,2025-09-19
2135,172,2214.2,13.02,2025-09-19
2404,188,1123.6,9.94,2025-09-19
2745,212,4092.0,22.81,2025-09-19
3613,272,2205.0,16.03,2025-09-19
4209,317,3227.8,25.74,2025-09-19
4336,329,7728.8,49.26,2025-09-19
4599,353,2551.3,17.21,2025-09-19
4929,379,2455.2,14.88,2025-09-19
5293,411,2087.1,13.38,2025-09-19
5428,422,3120.1,24.35,2025-09-19
6014,464,1877.7,16.24,2025-09-19
6361,494,3049.7,17.48,2025-09-19
6755,519,7901.7,42.62,2025-09-19
7335,560,2645.9,17.41,2025-09-19
7461,572,5299.7,24.29,2025-09-19
8609,662,2807.9,14.38,2025-09-19
9178,700,2123.9,14.16,2025-09-19
9210,702,1492.9,16.29,2025-09-19
9439,714,4273.2,27.61,2025-09-19
9453,715,3040.4,25.8,2025-09-19
9461,716,2094.3,13.34,2025-09-19
9636,730,2110.7,10.33,2025-09-19
10161,770,1784.7,11.26,2025-09-19
10320,778,3684.7,21.67,2025-09-19
10907,817,3710.3,19.34,2025-09-19
11949,898,1960.0,9.9,2025-09-19
12099,907,2072.0,14.12,2025-09-19
12394,927,4243.9,24.26,2025-09-19
13219,990,1447.5,10.62,2025-09-19
13246,992,2534.1,18.68,2025-09-19
13881,1040,3345.7,15.04,2025-09-19
13991,1049,1056.6,6.6,2025-09-19
14236,1068,2712.7,25.33,2025-09-19
14263,1070,1176.5,8.0,2025-09-19
15376,1142,3012.1,20.56,2025-09-19
16273,1204,2817.1,14.31,2025-09-19
16447,1215,2071.6,12.86,2025-09-19
16569,1226,2763.6,17.21,2025-09-19
16895,1250,1988.5,16.13,2025-09-19
17553,1294,4136.0,20.98,2025-09-19
17855,1315,2531.4,16.71,2025-09-19
18442,1354,2123.6,13.3,2025-09-19
19692,1453,979.2,6.05,2025-09-19
19786,1458,1577.0,6.93,2025-09-19
19824,1461,1658.9,9.53,2025-09-19
19985,1471,1599.8,14.88,2025-09-19
20113,1482,6055.0,32.36,2025-09-19
20329,1500,3639.1,20.58,2025-09-19
20353,1070,1176.5,8.0,2025-09-19
20363,1471,1599.8,14.88,2025-09-19
20393,1354,2123.6,13.3,2025-09-19
264,21,3212.5,20.96,2025-09-20
778,67,2196.3,11.42,2025-09-20
1135,93,4167.8,29.21,2025-09-20
1280,102,5697.8,27.99,2025-09-20
1376,109,4699.3,30.04,2025-09-20
1471,115,2211.4,15.84,2025-09-20
2064,165,1958.3,13.05,2025-09-20
3065,233,4882.9,33.09,2025-09-20
3405,252,2081.5,14.09,2025-09-20
3881,291,1929.9,12.8,2025-09-20
5096,394,13287.8,90.0,2025-09-20
5245,407,1366.1,8.58,2025-09-20
5268,409,3636.0,20.44,2025-09-20
6137,473,700.4,8.57,2025-09-20
6205,479,2279.3,17.13,2025-09-20
6675,515,2687.3,30.94,2025-09-20
6809,522,4087.0,20.79,2025-09-20
6906,531,1151.6,6.78,2025-09-20
7685,587,2238.0,20.31,2025-09-20
8124,619,2400.8,15.15,2025-09-20
8319,640,7711.2,37.51,2025-09-20
8445,647,1722.9,10.71,2025-09-20
8536,656,4940.8,25.77,2025-09-20
8648,666,1614.7,10.12,2025-09-20
9800,742,3848.9,40.11,2025-09-20
9919,751,1711.5,10.96,2025-09-20
10195,771,3344.5,24.51,2025-09-20
10924,817,2058.0,12.42,2025-09-20
11488,865,1609.2,13.61,2025-09-20
11678,876,1604.1,9.64,2025-09-20
12751,954,3400.4,16.98,2025-09-20
12774,955,3048.2,15.0,2025-09-20
13463,1005,1651.6,11.09,2025-09-20
14092,1057,2215.9,12.07,2025-09-20
15194,1129,6625.4,38.33,2025-09-20
16087,1190,1869.6,9.54,2025-09-20
16157,1195,2656.7,14.63,2025-09-20
16163,1195,2232.9,13.61,2025-09-20
18972,1399,3231.5,17.43,2025-09-20
19646,1451,2645.3,11.61,2025-09-20
20237,1493,6279.4,33.17,2025-09-20
312,23,3906.2,20.18,2025-09-21
1451,114,2435.8,15.18,2025-09-21
1631,126,2125.0,10.77,2025-09-21
2207,177,3004.6,19.0,2025-09-21
2872,221,3630.0,16.41,2025-09-21
3703,279,2744.4,22.06,2025-09-21
3945,297,5666.2,26.91,2025-09-21
3958,298,2667.1,14.24,2025-09-21
4340,329,1254.1,12.81,2025-09-21
4355,330,2529.2,19.2,2025-09-21
4616,354,1969.2,16.41,2025-09-21
5396,418,2094.2,17.92,2025-09-21
7820,597,3232.5,21.14,2025-09-21
8446,647,3581.3,19.45,2025-09-21
9040,691,1917.0,23.78,2025-09-21
9422,714,594.8,8.76,2025-09-21
9516,720,7782.6,33.04,2025-09-21
10218,772,2231.6,16.51,2025-09-21
10317,778,2680.1,17.62,2025-09-21
10364,781,2179.3,14.16,2025-09-21
10407,782,1179.0,19.65,2025-09-21
11113,834,1939.1,10.32,2025-09-21
11159,839,5984.4,36.51,2025-09-21
12818,959,5380.4,24.98,2025-09-21
13207,988,2202.9,15.18,2025-09-21
13270,993,4249.2,34.18,2025-09-21
13351,999,1343.2,17.49,2025-09-21
13387,1000,4438.3,32.93,2025-09-21
14130,1061,2696.3,11.42,2025-09-21
14291,1072,3503.4,21.38,2025-09-21
14709,1098,1667.0,9.51,2025-09-21
15139,1126,5294.7,32.06,2025-09-21
15510,1153,1494.8,10.49,2025-09-21
15598,1157,3171.5,21.88,2025-09-21
16176,1197,2424.8,16.21,2025-09-21
16458,1217,2137.7,14.01,2025-09-21
16661,1233,774.5,4.98,2025-09-21
16779,1244,2717.1,21.34,2025-09-21
17144,1264,3173.0,22.96,2025-09-21
17257,1271,1033.4,8.98,2025-09-21
17641,1299,3031.1,16.61,2025-09-21
18157,1332,1801.8,12.32,2025-09-21
18781,1381,1028.6,8.2,2025-09-21
19129,1413,2304.9,13.83,2025-09-21
19289,1421,2766.7,14.65,2025-09-21
19581,1443,4437.1,26.07,2025-09-21
19650,1451,1669.9,14.24,2025-09-21
20420,1153,1494.8,10.49,2025-09-21
559,46,1274.3,7.71,2025-09-22
697,60,901.9,9.09,2025-09-22
731,63,1063.7,7.05,2025-09-22
2660,206,1123.4,8.51,2025-09-22
3450,255,5374.1,27.18,2025-09-22
3863,290,1248.0,10.82,2025-09-22
3991,299,3927.9,25.75,2025-09-22
4432,339,1294.1,7.41,2025-09-22
4494,344,5728.3,32.49,2025-09-22
5288,411,3760.6,21.4,2025-09-22
5581,430,564.7,5.52,2025-09-22
5752,444,1567.4,10.97,2025-09-22
6395,497,3133.7,17.61,2025-09-22
6420,498,626.0,6.9,2025-09-22
6510,505,967.7,8.21,2025-09-22
7410,568,5495.8,40.32,2025-09-22
7833,599,2143.9,12.04,2025-09-22
8230,630,995.4,6.62,2025-09-22
8378,644,3102.4,21.25,2025-09-22
8680,669,3377.7,21.8,2025-09-22
8757,676,2736.6,16.24,2025-09-22
8783,679,1738.0,11.18,2025-09-22
8988,690,2463.5,20.13,2025-09-22
10311,778,1967.3,11.85,2025-09-22
10322,778,2215.8,16.74,2025-09-22
10585,794,2741.4,15.57,2025-09-22
11900,894,2120.6,11.49,2025-09-22
12002,903,4957.0,25.72,2025-09-22
12904,966,3948.6,25.61,2025-09-22
13315,996,4074.7,20.96,2025-09-22
13489,1009,2937.3,17.47,2025-09-22
13864,1038,1571.8,8.52,2025-09-22
14552,1089,3964.2,21.29,2025-09-22
14594,1091,3217.0,20.43,2025-09-22
15079,1124,4560.8,32.34,2025-09-22
15776,1166,4066.7,30.33,2025-09-22
15844,1168,1778.8,13.66,2025-09-22
15852,1169,1604.4,11.19,2025-09-22
16078,1188,6300.0,40.56,2025-09-22
16361,1210,1467.8,17.36,2025-09-22
16901,1250,2962.2,15.12,2025-09-22
17189,1267,7179.7,44.9,2025-09-22
17264,1271,3805.3,24.61,2025-09-22
17265,1271,4072.0,22.9,2025-09-22
17513,1290,1422.3,9.99,2025-09-22
17647,1299,1983.7,16.37,2025-09-22
17992,1323,4227.5,23.1,2025-09-22
18165,1333,6512.5,41.83,2025-09-22
18245,1341,1432.9,9.06,2025-09-22
18794,1382,3827.3,24.37,2025-09-22
892,74,5934.8,24.18,2025-09-23
1933,152,1334.8,9.31,2025-09-23
2042,163,1896.5,13.7,2025-09-23
2274,182,4175.1,18.63,2025-09-23
2329,184,1886.1,14.45,2025-09-23
3121,236,1944.5,16.84,2025-09-23
3517,263,12115.1,70.92,2025-09-23
3694,279,1162.0,12.76,2025-09-23
3755,283,1168.6,11.35,2025-09-23
3824,289,4722.8,29.07,2025-09-23
4059,304,3552.5,24.82,2025-09-23
4359,331,4414.1,25.96,2025-09-23
4870,374,4958.3,34.19,2025-09-23
5074,391,1081.4,8.28,2025-09-23
5112,395,1325.9,11.26,2025-09-23
5594,431,2748.0,15.07,2025-09-23
6412,498,4339.2,22.11,2025-09-23
6542,506,1969.9,16.35,2025-09-23
6608,510,1479.0,16.33,2025-09-23
7125,547,4705.3,25.68,2025-09-23
7348,561,745.4,5.97,2025-09-23
7589,580,1903.3,15.84,2025-09-23
7854,601,1908.8,12.09,2025-09-23
8440,647,2115.5,15.5,2025-09-23
8499,652,944.7,7.7,2025-09-23
9181,700,7271.5,35.16,2025-09-23
10645,798,2982.4,22.61,2025-09-23
11399,855,2597.2,17.26,2025-09-23
11996,902,1443.4,10.62,2025-09-23
12571,940,2299.7,11.37,2025-09-23
13015,973,5972.6,37.67,2025-09-23
13917,1042,2381.3,14.3,2025-09-23
13929,1043,2572.1,15.67,2025-09-23
14420,1079,6511.1,36.3,2025-09-23
14864,1109,2934.6,17.23,2025-09-23
14915,1113,1828.8,16.93,2025-09-23
14996,1117,1398.2,13.85,2025-09-23
15306,1137,4259.6,30.35,2025-09-23
15681,1162,6736.2,39.08,2025-09-23
15891,1170,7673.0,39.8,2025-09-23
15998,1179,1723.3,11.14,2025-09-23
16383,1212,2355.6,20.29,2025-09-23
16449,1215,5667.8,26.32,2025-09-23
16947,1253,3025.8,20.77,2025-09-23
17341,1276,3021.4,26.42,2025-09-23
17344,1276,4119.4,27.56,2025-09-23
17368,1277,2894.5,15.37,2025-09-23
17690,1304,2686.5,12.69,2025-09-23
20151,1486,2978.5,20.35,2025-09-23
194,17,2372.6,28.24,2025-09-24
933,76,1293.4,12.57,2025-09-24
1138,93,3366.4,18.3,2025-09-24
1409,110,4521.0,24.42,2025-09-24
2187,175,2901.5,23.2,2025-09-24
2298,183,628.7,9.21,2025-09-24
2326,184,1719.3,13.52,2025-09-24
2340,185,2408.2,16.91,2025-09-24
2462,194,2630.9,19.52,2025-09-24
2627,203,1432.7,13.89,2025-09-24
2659,205,2403.5,14.89,2025-09-24
2809,216,3593.1,34.18,2025-09-24
3197,238,4467.9,20.27,2025-09-24
3443,255,2390.0,18.92,2025-09-24
3693,278,4065.8,23.49,2025-09-24
4435,339,3878.7,29.19,2025-09-24
4554,348,2296.3,18.16,2025-09-24
4579,351,4403.2,23.93,2025-09-24
4906,376,1394.6,9.05,2025-09-24
5179,401,3789.2,34.25,2025-09-24
6093,470,1663.5,9.53,2025-09-24
6443,500,3261.2,29.53,2025-09-24
6709,516,965.5,10.97,2025-09-24
8133,621,1720.7,11.05,2025-09-24
8225,629,3821.2,19.64,2025-09-24
8429,647,1931.5,16.2,2025-09-24
8590,660,3600.3,22.98,2025-09-24
9868,747,3424.1,20.13,2025-09-24
11627,874,1457.0,14.02,2025-09-24
12193,914,2909.6,18.88,2025-09-24
12284,919,2418.0,12.74,2025-09-24
12379,925,3588.5,19.69,2025-09-24
13363,999,7665.6,48.06,2025-09-24
13699,1025,2352.7,16.07,2025-09-24
14392,1077,4559.0,27.46,2025-09-24
14666,1096,1711.2,17.56,2025-09-24
15243,1131,6426.2,44.18,2025-09-24
15549,1156,1729.0,13.18,2025-09-24
15694,1163,2020.8,11.43,2025-09-24
15701,1163,1771.7,16.73,2025-09-24
16133,1193,5325.7,25.24,2025-09-24
16950,1254,1390.8,5.8,2025-09-24
16984,1256,3635.6,30.09,2025-09-24
17078,1261,3752.5,23.76,2025-09-24
17516,1291,1410.5,9.84,2025-09-24
17637,1299,2691.2,17.2,2025-09-24
17655,1299,2278.8,13.61,2025-09-24
18068,1328,2413.7,15.04,2025-09-24
18519,1358,3262.2,14.79,2025-09-24
18597,1365,1844.5,12.78,2025-09-24
19265,1419,1542.0,14.45,2025-09-24
19757,1458,3812.6,20.57,2025-09-24
20039,1476,2994.0,15.48,2025-09-24
20155,1487,2689.3,15.1,2025-09-24
20192,1489,4384.6,26.0,2025-09-24
880,73,1563.1,9.42,2025-09-25
1842,146,2678.9,18.68,2025-09-25
1869,147,1198.4,7.56,2025-09-25
2416,190,2696.6,16.3,2025-09-25
3008,229,4928.9,30.71,2025-09-25
3247,241,2053.4,14.93,2025-09-25
3400,252,1533.7,13.15,2025-09-25
3438,254,575.4,4.69,2025-09-25
3496,260,3073.7,18.84,2025-09-25
3624,273,2211.6,16.27,2025-09-25
3880,291,7565.5,45.06,2025-09-25
4005,300,3399.2,38.15,2025-09-25
6630,512,7276.7,40.21,2025-09-25
6993,536,2013.3,15.15,2025-09-25
7272,558,3823.1,20.79,2025-09-25
8130,621,1782.3,15.58,2025-09-25
8142,622,5040.6,35.57,2025-09-25
8640,665,2559.5,20.09,2025-09-25
8644,665,7816.0,48.7,2025-09-25
8982,689,4049.7,27.83,2025-09-25
9434,714,3021.0,16.26,2025-09-25
9471,716,1485.8,14.83,2025-09-25
9673,734,2992.2,21.89,2025-09-25
9857,746,5416.5,28.28,2025-09-25
10240,773,4147.9,21.54,2025-09-25
10372,781,1948.4,11.88,2025-09-25
10514,791,3859.1,26.55,2025-09-25
10701,801,4201.3,38.34,2025-09-25
10869,813,2531.8,13.31,2025-09-25
11970,900,2228.4,14.05,2025-09-25
12155,911,7728.7,32.4,2025-09-25
12554,940,1572.7,10.77,2025-09-25
12738,952,4944.8,33.47,2025-09-25
13480,1009,4005.8,19.72,2025-09-25
13813,1035,2160.4,14.38,2025-09-25
13903,1042,2422.5,24.23,2025-09-25
13940,1044,3900.1,21.92,2025-09-25
14252,1069,1284.3,8.26,2025-09-25
14320,1073,1866.3,13.42,2025-09-25
14557,1090,976.5,10.27,2025-09-25
14946,1115,2352.8,14.72,2025-09-25
15141,1126,1660.3,11.74,2025-09-25
15788,1167,9733.0,35.27,2025-09-25
16473,1217,4267.1,30.04,2025-09-25
17103,1262,2080.8,20.88,2025-09-25
17186,1267,2668.7,17.48,2025-09-25
17321,1274,1956.8,8.24,2025-09-25
18275,1342,1418.8,9.36,2025-09-25
18515,1358,2182.8,16.21,2025-09-25
18655,1369,2422.2,18.67,2025-09-25
18730,1377,3120.5,22.67,2025-09-25
19694,1453,3213.5,18.11,2025-09-25
632,54,2986.1,20.04,2025-09-26
975,80,2466.4,20.41,2025-09-26
1479,116,3023.5,21.81,2025-09-26
2577,200,1907.8,10.9,2025-09-26
3256,242,2028.4,18.69,2025-09-26
3260,242,3022.8,12.37,2025-09-26
4283,325,1503.4,14.25,2025-09-26
5321,413,3828.7,21.45,2025-09-26
5950,459,2023.1,15.72,2025-09-26
6511,505,2111.7,14.66,2025-09-26
8109,617,3007.2,18.4,2025-09-26
8805,679,1248.0,12.09,2025-09-26
8969,688,2830.7,27.08,2025-09-26
9065,693,6379.4,39.79,2025-09-26
9353,709,5261.3,28.87,2025-09-26
9602,725,4296.5,30.65,2025-09-26
9684,735,2179.9,16.06,2025-09-26
9807,742,2971.6,24.01,2025-09-26
10503,789,7207.3,34.82,2025-09-26
10638,797,2546.7,15.26,2025-09-26
10678,800,5309.4,28.26,2025-09-26
11391,855,3684.7,27.22,2025-09-26
11469,863,1914.2,13.38,2025-09-26
11544,868,5925.4,33.58,2025-09-26
12661,946,2250.5,11.18,2025-09-26
14519,1086,2894.7,15.56,2025-09-26
14835,1108,2342.7,15.69,2025-09-26
14908,1113,2614.3,17.82,2025-09-26
15046,1121,3880.5,18.97,2025-09-26
15415,1146,1277.6,11.23,2025-09-26
16229,1200,2279.9,11.38,2025-09-26
16574,1226,2216.4,19.06,2025-09-26
16861,1248,1858.8,13.01,2025-09-26
17030,1259,1361.7,8.34,2025-09-26
17446,1283,1752.1,12.04,2025-09-26
17479,1287,1989.7,11.89,2025-09-26
18473,1355,899.2,5.45,2025-09-26
20034,1476,3278.6,24.77,2025-09-26
20394,1226,2216.4,19.06,2025-09-26
477,37,1504.9,9.71,2025-09-27
514,42,2840.4,13.27,2025-09-27
1678,132,1887.5,12.6,2025-09-27
1853,146,2929.9,16.77,2025-09-27
2192,176,1513.0,10.19,2025-09-27
3252,241,2503.7,15.84,2025-09-27
3766,284,1277.7,8.86,2025-09-27
3801,287,638.6,8.96,2025-09-27
3944,297,1698.1,16.97,2025-09-27
3972,299,3198.4,25.79,2025-09-27
3993,299,4882.9,18.29,2025-09-27
4595,352,7779.8,54.73,2025-09-27
5417,420,1174.1,10.56,2025-09-27
5593,431,1392.9,10.72,2025-09-27
5677,436,3988.1,27.52,2025-09-27
5729,442,2896.2,17.74,2025-09-27
5785,446,3160.9,19.85,2025-09-27
6444,500,3845.0,16.49,2025-09-27
6462,501,2034.9,11.42,2025-09-27
6523,505,3653.0,23.58,2025-09-27
6740,519,1953.1,13.39,2025-09-27
6789,521,4044.2,26.12,2025-09-27
6862,526,2997.4,22.17,2025-09-27
7267,557,1785.8,12.6,2025-09-27
7470,572,2711.4,21.58,2025-09-27
7580,580,3793.6,21.08,2025-09-27
8556,658,2083.3,23.24,2025-09-27
9046,692,3850.4,22.53,2025-09-27
9568,724,3031.0,19.47,2025-09-27
9622,728,1702.5,10.23,2025-09-27
10815,810,2391.7,17.01,2025-09-27
10836,812,2435.7,17.0,2025-09-27
11179,840,2362.3,15.3,2025-09-27
12191,914,1334.9,15.27,2025-09-27
12616,944,1952.1,14.2,2025-09-27
12891,965,1706.8,7.94,2025-09-27
13579,1016,1951.9,11.97,2025-09-27
13943,1044,2384.1,15.49,2025-09-27
14028,1050,2271.3,13.32,2025-09-27
14142,1061,3010.2,14.43,2025-09-27
14677,1096,3997.3,16.66,2025-09-27
14960,1116,2637.9,20.77,2025-09-27
15239,1131,4036.2,21.9,2025-09-27
15553,1156,1956.4,15.47,2025-09-27
17116,1263,2051.1,17.06,2025-09-27
17143,1264,1797.4,10.48,2025-09-27
17242,1270,2484.4,17.18,2025-09-27
17323,1275,2525.7,17.73,2025-09-27
17512,1290,4326.7,26.99,2025-09-27
17633,1299,4884.1,36.4,2025-09-27
18201,1334,4567.5,23.79,2025-09-27
18863,1391,2276.8,17.98,2025-09-27
19498,1437,2228.9,13.29,2025-09-27
20311,1498,1464.5,13.14,2025-09-27
20366,1050,2271.3,13.32,2025-09-27
20438,1264,1797.4,10.48,2025-09-27
12,2,2230.8,20.12,2025-09-28
138,13,4404.0,23.52,2025-09-28
422,32,1689.5,11.83,2025-09-28
1007,82,1910.9,12.02,2025-09-28
1722,134,3835.2,33.83,2025-09-28
1904,149,1503.0,9.63,2025-09-28
2156,172,3048.2,16.57,2025-09-28
2567,199,2238.1,12.52,2025-09-28
3238,240,1350.2,8.36,2025-09-28
3442,255,844.2,7.37,2025-09-28
3562,265,2973.0,19.29,2025-09-28
3761,283,4569.2,26.12,2025-09-28
5059,391,4149.3,24.44,2025-09-28
5366,416,7759.6,46.84,2025-09-28
5788,446,2031.2,11.44,2025-09-28
6364,494,2029.8,16.56,2025-09-28
6404,497,4907.8,28.86,2025-09-28
7560,579,1641.8,12.63,2025-09-28
7656,585,3820.2,25.2,2025-09-28
8356,642,1491.5,10.55,2025-09-28
8995,690,1907.9,14.38,2025-09-28
9042,692,7157.3,37.74,2025-09-28
9399,713,1412.9,10.18,2025-09-28
10105,767,3523.1,20.3,2025-09-28
10749,806,2586.9,15.32,2025-09-28
10804,809,2199.5,12.85,2025-09-28
11513,866,3629.4,20.8,2025-09-28
11673,876,4081.4,22.64,2025-09-28
14156,1063,2823.8,19.24,2025-09-28
14738,1100,3356.7,21.41,2025-09-28
15773,1166,3556.9,20.4,2025-09-28
16407,1212,1307.7,8.69,2025-09-28
16502,1219,0.0,0.0,2025-09-28
17954,1321,1534.5,11.17,2025-09-28
18514,1358,2961.0,21.09,2025-09-28
18689,1375,3349.8,19.13,2025-09-28
19118,1411,4020.1,19.54,2025-09-28
19201,1416,1457.7,8.56,2025-09-28
19385,1429,3534.5,26.91,2025-09-28
20181,1489,3886.9,20.6,2025-09-28
85,11,3737.0,17.61,2025-09-29
1207,97,2449.6,15.64,2025-09-29
1616,125,2296.2,14.56,2025-09-29
1646,129,2078.2,13.35,2025-09-29
2362,186,1930.5,15.55,2025-09-29
2572,199,2642.0,27.24,2025-09-29
3077,233,1713.9,13.76,2025-09-29
3903,293,3764.4,19.58,2025-09-29
4086,308,2147.7,20.79,2025-09-29
4881,374,3362.6,27.3,2025-09-29
4960,381,2101.4,15.38,2025-09-29
5055,390,2156.7,16.39,2025-09-29
5998,462,1888.6,15.51,2025-09-29
6558,507,2161.3,14.67,2025-09-29
7548,578,2147.6,12.96,2025-09-29
8122,619,5885.3,34.37,2025-09-29
8570,660,3692.5,22.68,2025-09-29
8736,675,5292.4,42.61,2025-09-29
8740,675,3371.7,24.77,2025-09-29
8947,687,1932.9,12.54,2025-09-29
9027,691,3826.4,15.65,2025-09-29
9191,700,6160.6,28.66,2025-09-29
9218,703,2497.2,16.63,2025-09-29
9840,746,746.6,8.55,2025-09-29
10070,764,1650.4,14.25,2025-09-29
10148,769,1832.3,13.82,2025-09-29
10215,771,1729.1,18.16,2025-09-29
10331,779,5965.4,29.47,2025-09-29
10488,788,3312.7,14.35,2025-09-29
11141,838,1428.1,18.85,2025-09-29
12006,903,2713.5,18.14,2025-09-29
12238,916,1808.5,13.68,2025-09-29
12605,943,2376.2,21.43,2025-09-29
12937,970,2675.7,16.52,2025-09-29
13431,1004,2551.8,14.92,2025-09-29
14209,1067,2405.8,13.39,2025-09-29
14958,1116,8317.4,42.53,2025-09-29
15563,1157,4333.7,23.84,2025-09-29
16450,1215,1883.5,13.71,2025-09-29
16453,1216,4885.8,27.38,2025-09-29
17215,1269,2047.1,13.7,2025-09-29
17542,1293,5252.4,26.36,2025-09-29
17573,1295,5626.5,35.08,2025-09-29
17656,1299,2218.1,18.13,2025-09-29
18281,1343,4223.5,25.1,2025-09-29
18721,1377,2118.8,15.63,2025-09-29
19075,1405,0.0,0.0,2025-09-29
19533,1439,1018.6,5.56,2025-09-29
19854,1464,1120.2,6.02,2025-09-29
19999,1472,1959.8,15.43,2025-09-29
20146,1486,2637.9,13.02,2025-09-29
20335,746,746.6,8.55,2025-09-29
2483,195,3482.9,14.97,2025-09-30
2825,217,2006.6,18.24,2025-09-30
3960,298,2118.5,15.43,2025-09-30
4089,308,1948.5,16.8,2025-09-30
4504,344,7442.6,29.94,2025-09-30
4661,357,2149.7,21.66,2025-09-30
4818,371,2185.7,12.52,2025-09-30
4935,379,1868.7,12.81,2025-09-30
4987,384,1740.1,12.5,2025-09-30
5031,389,3141.5,20.66,2025-09-30
6113,471,3268.2,16.78,2025-09-30
6215,480,1333.5,11.09,2025-09-30
6259,485,1492.6,9.66,2025-09-30
6471,502,1743.5,13.32,2025-09-30
7250,557,2056.2,11.71,2025-09-30
7606,582,2680.6,17.53,2025-09-30
8724,673,2888.3,25.43,2025-09-30
8842,681,2317.3,11.55,2025-09-30
8966,687,1848.3,20.24,2025-09-30
10884,814,4746.6,27.12,2025-09-30
11455,861,4259.0,31.28,2025-09-30
12270,918,4138.5,26.49,2025-09-30
12351,922,2043.5,14.94,2025-09-30
12810,959,3909.4,19.14,2025-09-30
13047,977,3316.9,20.13,2025-09-30
13900,1041,3684.5,24.92,2025-09-30
13901,1041,6164.3,38.16,2025-09-30
15874,1170,3983.4,19.92,2025-09-30
16743,1240,1745.2,17.53,2025-09-30
16952,1254,1399.0,9.18,2025-09-30
17179,1266,2212.7,17.18,2025-09-30
17363,1277,2360.7,13.38,2025-09-30
19011,1402,2528.1,13.38,2025-09-30
19526,1438,1649.8,10.72,2025-09-30
19552,1440,2547.0,15.29,2025-09-30
20068,1477,3110.7,16.91,2025-09-30
293,22,2010.5,13.58,2025-10-01
988,81,2052.4,14.69,2025-10-01
1165,95,3458.2,18.17,2025-10-01
1192,97,1696.4,10.13,2025-10-01
2334,185,1536.1,14.24,2025-10-01
2881,221,1046.8,13.72,2025-10-01
3555,264,2716.6,15.33,2025-10-01
4002,300,2274.0,15.55,2025-10-01
4659,357,1686.9,11.6,2025-10-01
5547,429,2574.1,19.27,2025-10-01
6288,487,3483.7,22.9,2025-10-01
6775,519,8091.7,46.1,2025-10-01
6825,522,13646.2,62.1,2025-10-01
6883,527,1662.6,9.37,2025-10-01
7646,584,2124.0,15.7,2025-10-01
7953,608,5295.7,27.93,2025-10-01
8331,640,2317.6,17.01,2025-10-01
8349,642,1762.3,12.18,2025-10-01
8406,646,5414.3,37.18,2025-10-01
8466,650,3551.5,18.21,2025-10-01
8707,671,3668.4,26.14,2025-10-01
8776,678,937.4,10.07,2025-10-01
9130,696,1465.5,9.96,2025-10-01
9430,714,4426.2,17.79,2025-10-01
9861,746,1420.6,10.13,2025-10-01
10618,796,2418.1,15.73,2025-10-01
11114,834,2755.3,18.04,2025-10-01
11281,848,2735.8,19.27,2025-10-01
11520,867,3626.3,23.89,2025-10-01
11892,893,2938.5,19.06,2025-10-01
12053,904,3960.5,32.02,2025-10-01
12203,915,2654.8,21.0,2025-10-01
12241,917,1507.2,10.09,2025-10-01
12323,920,1713.0,13.37,2025-10-01
12482,937,3597.8,22.78,2025-10-01
13952,1045,2058.7,9.23,2025-10-01
13973,1047,4683.7,23.15,2025-10-01
14936,1114,2736.6,22.66,2025-10-01
16219,1200,2660.9,14.32,2025-10-01
16409,1212,3917.7,19.16,2025-10-01
16912,1252,2197.8,17.86,2025-10-01
17012,1258,5982.5,32.83,2025-10-01
17301,1273,3525.8,20.49,2025-10-01
17676,1304,2983.5,16.3,2025-10-01
17983,1322,2690.7,16.53,2025-10-01
18389,1350,1737.6,10.03,2025-10-01
18415,1352,1425.3,8.77,2025-10-01
18609,1365,831.6,9.34,2025-10-01
18646,1369,5537.9,26.78,2025-10-01
18665,1371,1695.4,24.73,2025-10-01
20449,1252,2197.8,17.86,2025-10-01
37,5,3431.1,22.96,2025-10-02
53,7,3805.6,24.07,2025-10-02
396,29,1499.3,12.41,2025-10-02
1092,90,930.4,5.9,2025-10-02
1261,101,1705.1,10.06,2025-10-02
1272,102,4194.8,26.71,2025-10-02
1304,104,2383.1,12.04,2025-10-02
1421,111,1614.0,11.52,2025-10-02
1900,149,5011.8,26.72,2025-10-02
2013,160,2745.1,17.0,2025-10-02
2796,215,3748.0,27.89,2025-10-02
2882,221,3123.8,17.18,2025-10-02
3477,256,4571.6,23.02,2025-10-02
4164,312,4811.7,25.61,2025-10-02
4285,325,2057.4,17.26,2025-10-02
4820,372,2419.3,17.55,2025-10-02
5223,404,1605.7,13.42,2025-10-02
6152,474,2662.8,14.5,2025-10-02
6626,512,4189.0,25.58,2025-10-02
6653,513,6501.5,46.23,2025-10-02
6735,518,2253.2,10.17,2025-10-02
6750,519,3208.7,16.33,2025-10-02
7380,564,2697.2,19.09,2025-10-02
7472,572,3753.1,25.07,2025-10-02
7584,580,4632.9,28.7,2025-10-02
8254,633,1695.8,12.25,2025-10-02
8373,644,2420.8,15.51,2025-10-02
8690,670,3757.9,18.15,2025-10-02
8907,683,2042.8,19.29,2025-10-02
8919,684,1872.4,11.28,2025-10-02
9595,725,2157.0,11.4,2025-10-02
12919,967,1416.0,16.09,2025-10-02
13013,973,2874.1,17.41,2025-10-02
13473,1007,3075.4,17.31,2025-10-02
13724,1028,1664.4,13.59,2025-10-02
14653,1095,2083.8,14.49,2025-10-02
15497,1152,2045.9,13.87,2025-10-02
15720,1164,1252.3,10.22,2025-10-02
15757,1165,5443.7,41.02,2025-10-02
16023,1181,1421.2,11.74,2025-10-02
16486,1218,2357.4,17.87,2025-10-02
16511,1222,1323.9,9.87,2025-10-02
17096,1262,3015.5,13.43,2025-10-02
17555,1294,2445.7,19.22,2025-10-02
18131,1330,5923.2,37.46,2025-10-02
19497,1437,3192.1,18.72,2025-10-02
19751,1457,3458.7,19.88,2025-10-02
77,10,2058.4,18.5,2025-10-03
292,22,3070.6,15.22,2025-10-03
1310,105,3032.2,14.23,2025-10-03
1517,120,2713.1,17.96,2025-10-03
2303,184,3590.9,19.57,2025-10-03
5342,414,3092.4,21.3,2025-10-03
5600,432,1563.1,12.35,2025-10-03
5840,448,2535.1,18.16,2025-10-03
5958,459,2068.8,11.71,2025-10-03
6117,472,2995.1,16.0,2025-10-03
6584,509,1557.8,11.59,2025-10-03
6955,534,3139.4,27.64,2025-10-03
7184,552,2161.2,8.78,2025-10-03
7554,579,2452.0,19.22,2025-10-03
8116,618,1497.6,12.52,2025-10-03
10088,766,1573.8,10.81,2025-10-03
10097,766,3159.9,15.38,2025-10-03
10239,773,2511.2,14.41,2025-10-03
10786,807,3177.1,23.29,2025-10-03
11022,825,2166.2,20.52,2025-10-03
11117,835,4167.9,21.18,2025-10-03
11259,847,2922.8,18.79,2025-10-03
12254,917,1992.0,11.4,2025-10-03
12405,927,2872.3,24.54,2025-10-03
12586,941,1879.7,18.59,2025-10-03
12702,950,1916.4,10.48,2025-10-03
12714,951,2344.4,13.43,2025-10-03
12790,957,5674.0,30.74,2025-10-03
13415,1003,1313.2,8.14,2025-10-03
13685,1024,1577.0,9.78,2025-10-03
14158,1063,2364.1,21.28,2025-10-03
14389,1077,2910.7,32.23,2025-10-03
14710,1098,2610.3,16.62,2025-10-03
14772,1103,396.6,6.61,2025-10-03
14963,1116,2239.9,13.92,2025-10-03
15452,1151,4990.0,29.32,2025-10-03
15630,1159,2063.2,15.55,2025-10-03
15795,1167,4391.5,38.05,2025-10-03
15993,1179,1773.7,11.23,2025-10-03
16053,1186,4272.2,16.42,2025-10-03
16377,1211,2770.2,15.59,2025-10-03
17267,1271,3523.7,20.01,2025-10-03
17398,1281,2777.6,18.56,2025-10-03
17932,1320,2575.0,14.13,2025-10-03
18033,1327,2555.0,13.71,2025-10-03
18456,1355,6054.8,55.76,2025-10-03
18495,1356,1915.7,11.73,2025-10-03
18510,1358,2616.8,20.34,2025-10-03
18819,1385,4875.3,37.86,2025-10-03
19029,1403,826.6,6.51,2025-10-03
19162,1414,4625.6,19.91,2025-10-03
19465,1434,3993.7,22.23,2025-10-03
19595,1444,2296.8,10.12,2025-10-03
818,69,4269.7,31.0,2025-10-04
1071,87,1248.2,11.05,2025-10-04
1223,99,3874.7,22.73,2025-10-04
1285,103,5963.0,26.38,2025-10-04
1602,124,4373.5,25.03,2025-10-04
2707,210,1132.9,10.18,2025-10-04
3036,231,2789.1,14.49,2025-10-04
3143,236,2631.3,13.52,2025-10-04
3282,243,1745.3,12.48,2025-10-04
3629,273,4305.1,34.21,2025-10-04
3668,276,5093.2,27.29,2025-10-04
4695,359,1834.7,23.25,2025-10-04
4732,362,1579.0,10.73,2025-10-04
5169,401,3056.5,21.05,2025-10-04
6097,470,4132.8,26.0,2025-10-04
6316,490,3098.1,18.03,2025-10-04
6417,498,844.6,5.44,2025-10-04
6793,521,2840.6,17.57,2025-10-04
7693,588,2817.0,31.31,2025-10-04
7748,593,1970.8,11.24,2025-10-04
8575,660,2300.2,15.22,2025-10-04
8622,663,2511.5,16.23,2025-10-04
8684,669,1347.0,7.95,2025-10-04
9184,700,2033.1,12.37,2025-10-04
9605,726,1848.2,15.92,2025-10-04
9910,751,1237.8,10.38,2025-10-04
10274,775,1661.7,9.71,2025-10-04
10800,808,1901.5,15.92,2025-10-04
11245,847,1414.9,7.65,2025-10-04
11352,852,1778.8,14.24,2025-10-04
11634,875,1193.1,7.99,2025-10-04
11735,879,3723.2,24.38,2025-10-04
12335,921,2984.3,20.47,2025-10-04
12795,957,1757.1,9.94,2025-10-04
13117,981,2550.5,18.36,2025-10-04
13276,994,4033.2,23.26,2025-10-04
13408,1003,4494.9,25.45,2025-10-04
13638,1021,2813.6,19.2,2025-10-04
14241,1068,4065.2,18.98,2025-10-04
14244,1068,1474.7,10.39,2025-10-04
14824,1107,3892.2,24.13,2025-10-04
15100,1124,2743.8,15.94,2025-10-04
15320,1139,1849.5,17.52,2025-10-04
15476,1152,4144.8,30.81,2025-10-04
15983,1178,3643.2,18.19,2025-10-04
16187,1197,2899.4,22.23,2025-10-04
16986,1256,5858.7,47.3,2025-10-04
18105,1329,1228.3,15.48,2025-10-04
18453,1355,3722.5,20.12,2025-10-04
19403,1430,2976.4,19.91,2025-10-04
19519,1438,1195.0,9.47,2025-10-04
20078,1478,3280.9,24.47,2025-10-04
20313,1498,1380.5,11.19,2025-10-04
17,2,5107.0,20.29,2025-10-05
799,68,2149.8,26.81,2025-10-05
1089,89,4017.5,36.45,2025-10-05
1111,91,4318.7,26.73,2025-10-05
1511,120,7261.6,41.56,2025-10-05
1701,133,1879.1,13.66,2025-10-05
2082,165,2066.9,14.82,2025-10-05
2430,190,3126.4,17.9,2025-10-05
2829,218,2726.2,17.23,2025-10-05
2863,221,3111.0,17.78,2025-10-05
3501,260,2265.2,10.83,2025-10-05
3531,263,5760.6,32.92,2025-10-05
4044,303,6306.7,32.7,2025-10-05
4172,312,5500.7,36.31,2025-10-05
4244,322,3824.6,21.35,2025-10-05
5484,425,3643.7,19.76,2025-10-05
5801,447,2294.6,11.62,2025-10-05
5951,459,2305.3,15.79,2025-10-05
6134,473,1083.4,10.13,2025-10-05
6455,500,785.2,5.73,2025-10-05
6637,513,4068.3,25.47,2025-10-05
6641,513,2362.1,12.59,2025-10-05
7533,577,1662.5,11.95,2025-10-05
7850,601,3012.7,20.02,2025-10-05
7928,607,1543.6,10.21,2025-10-05
8186,626,3120.1,20.49,2025-10-05
8364,644,2765.3,18.09,2025-10-05
8710,671,733.6,7.09,2025-10-05
8780,678,5121.1,22.73,2025-10-05
9521,721,2351.5,15.62,2025-10-05
10122,768,5422.3,29.98,2025-10-05
10622,796,4770.2,23.04,2025-10-05
11067,831,1571.7,9.44,2025-10-05
11218,844,2166.4,23.93,2025-10-05
11643,875,3352.8,30.0,2025-10-05
11717,879,1581.2,10.45,2025-10-05
11960,899,1111.6,7.36,2025-10-05
13907,1042,4500.9,41.26,2025-10-05
13996,1049,1408.3,11.71,2025-10-05
14330,1073,1610.2,13.64,2025-10-05
14625,1093,4159.4,21.05,2025-10-05
14847,1108,2449.5,16.61,2025-10-05
15073,1123,3616.5,19.46,2025-10-05
15077,1123,4498.8,28.85,2025-10-05
15299,1137,3086.2,19.89,2025-10-05
15588,1157,2382.8,16.3,2025-10-05
15752,1165,641.2,5.82,2025-10-05
15982,1178,1374.9,7.56,2025-10-05
16201,1199,2644.5,15.41,2025-10-05
16546,1224,5672.3,33.88,2025-10-05
16690,1236,1894.1,23.54,2025-10-05
16946,1253,1185.0,6.58,2025-10-05
17118,1263,3785.7,23.03,2025-10-05
17472,1287,2114.3,16.25,2025-10-05
17943,1320,1260.2,7.77,2025-10-05
19399,1430,3016.3,22.53,2025-10-05
19955,1470,2096.2,12.49,2025-10-05
20179,1489,4697.1,22.41,2025-10-05
20446,875,3352.8,30.0,2025-10-05
415,30,3348.8,20.29,2025-10-06
416,31,1959.3,11.64,2025-10-06
1118,91,3061.0,14.46,2025-10-06
1224,99,3095.5,15.0,2025-10-06
1239,100,2444.0,11.89,2025-10-06
1781,141,1204.6,7.68,2025-10-06
1796,144,4472.7,26.57,2025-10-06
2283,182,2192.5,12.35,2025-10-06
2590,201,1045.7,7.11,2025-10-06
3099,234,1534.4,16.46,2025-10-06
3395,252,2122.4,21.83,2025-10-06
3487,258,1835.4,9.54,2025-10-06
3700,279,4823.3,19.89,2025-10-06
3943,297,763.6,6.79,2025-10-06
4287,326,2525.9,14.13,2025-10-06
4451,341,5544.5,28.44,2025-10-06
5130,398,1938.6,11.77,2025-10-06
5633,434,1915.6,18.37,2025-10-06
5635,434,2609.4,18.68,2025-10-06
5642,434,5377.7,25.21,2025-10-06
5659,435,3766.8,22.06,2025-10-06
5683,436,1431.0,15.08,2025-10-06
7273,558,2123.6,14.34,2025-10-06
7362,562,1512.5,13.35,2025-10-06
7956,608,1868.6,12.31,2025-10-06
8325,640,3579.0,22.7,2025-10-06
8904,683,1926.8,10.55,2025-10-06
9960,756,1638.0,13.0,2025-10-06
10229,773,3035.7,20.23,2025-10-06
10868,813,2342.1,15.36,2025-10-06
11252,847,1747.1,11.21,2025-10-06
11799,887,1506.1,12.83,2025-10-06
12015,903,2882.2,15.79,2025-10-06
12215,915,1024.3,8.96,2025-10-06
13610,1020,2636.0,21.06,2025-10-06
13994,1049,3315.2,21.28,2025-10-06
14157,1063,2885.3,17.31,2025-10-06
15430,1149,3034.3,16.7,2025-10-06
16397,1212,1913.8,11.25,2025-10-06
16400,1212,1276.5,9.73,2025-10-06
16770,1243,2125.9,13.14,2025-10-06
17728,1306,1857.8,13.24,2025-10-06
17959,1321,3829.9,20.57,2025-10-06
18000,1324,1273.3,7.88,2025-10-06
18103,1329,2443.9,14.08,2025-10-06
18424,1353,3291.1,19.59,2025-10-06
18566,1363,2925.0,17.48,2025-10-06
18676,1373,1756.4,10.32,2025-10-06
18855,1389,0.0,0.0,2025-10-06
19488,1436,3530.6,18.72,2025-10-06
19700,1453,2530.7,12.79,2025-10-06
19713,1454,1751.1,12.74,2025-10-06
19731,1454,957.6,15.96,2025-10-06
20270,1495,7342.6,27.15,2025-10-06
1388,109,2028.2,11.05,2025-10-07
2179,175,4107.6,26.89,2025-10-07
2476,194,3144.6,17.49,2025-10-07
2630,203,1376.0,10.94,2025-10-07
3047,231,1874.9,14.14,2025-10-07
3643,275,2244.5,12.53,2025-10-07
3735,281,4978.5,32.05,2025-10-07
5071,391,4096.5,18.31,2025-10-07
5378,416,1594.3,17.08,2025-10-07
5434,422,2510.6,16.26,2025-10-07
5515,426,1190.5,11.83,2025-10-07
5887,452,1730.5,9.95,2025-10-07
6519,505,1019.1,9.8,2025-10-07
6705,516,3563.5,19.78,2025-10-07
6889,527,1198.5,13.2,2025-10-07
7217,555,2583.5,15.36,2025-10-07
7220,555,2204.6,13.67,2025-10-07
8730,674,2346.1,13.39,2025-10-07
9263,704,4152.5,19.36,2025-10-07
9378,712,2032.7,10.2,2025-10-07
9438,714,5331.7,38.18,2025-10-07
9455,715,1938.7,12.29,2025-10-07
10029,762,3460.3,17.66,2025-10-07
10216,771,4220.3,19.91,2025-10-07
12145,911,1689.5,10.84,2025-10-07
12306,920,2125.0,10.91,2025-10-07
12750,954,3144.6,34.09,2025-10-07
13255,993,3816.5,24.22,2025-10-07
13567,1015,3828.4,18.84,2025-10-07
13680,1024,6794.5,44.81,2025-10-07
13856,1037,3046.3,28.49,2025-10-07
14537,1087,3133.8,16.81,2025-10-07
14911,1113,3618.4,28.61,2025-10-07
15182,1129,2875.1,22.22,2025-10-07
15291,1137,1313.8,10.67,2025-10-07
15327,1139,746.7,5.91,2025-10-07
15422,1148,1794.4,8.52,2025-10-07
15570,1157,2071.5,16.06,2025-10-07
15682,1162,3736.7,20.81,2025-10-07
16993,1257,1435.5,8.16,2025-10-07
17038,1260,1752.5,7.5,2025-10-07
17187,1267,2326.2,15.41,2025-10-07
18079,1328,2942.8,21.44,2025-10-07
18227,1339,2330.0,18.11,2025-10-07
18578,1364,1770.3,8.74,2025-10-07
18698,1375,3080.3,22.0,2025-10-07
18881,1393,2377.8,19.04,2025-10-07
19004,1402,1104.1,7.71,2025-10-07
19049,1403,6631.7,36.47,2025-10-07
19054,1404,4834.6,28.45,2025-10-07
19483,1436,5310.9,27.65,2025-10-07
19970,1471,2017.8,14.23,2025-10-07
20217,1490,1956.0,13.16,2025-10-07
78,10,5146.4,29.45,2025-10-08
366,25,1629.2,10.77,2025-10-08
1595,124,3213.4,19.98,2025-10-08
1856,146,1692.6,13.85,2025-10-08
2058,165,8551.1,47.4,2025-10-08
2713,210,1723.6,13.1,2025-10-08
2877,221,2066.5,23.51,2025-10-08
3310,244,1489.3,12.68,2025-10-08
3429,253,1916.3,15.02,2025-10-08
3570,266,5667.2,27.78,2025-10-08
4009,301,3706.3,24.08,2025-10-08
4230,319,1113.6,9.32,2025-10-08
4254,322,2504.2,15.72,2025-10-08
4267,324,2875.8,14.98,2025-10-08
4676,358,1286.5,7.79,2025-10-08
4744,364,617.7,5.75,2025-10-08
5146,399,4723.3,24.55,2025-10-08
5374,416,2819.3,26.04,2025-10-08
5469,424,2450.0,14.82,2025-10-08
5796,446,3557.0,16.74,2025-10-08
5886,452,809.4,4.48,2025-10-08
6175,475,6843.5,27.97,2025-10-08
6248,484,3621.7,21.1,2025-10-08
6670,515,1193.4,8.52,2025-10-08
6708,516,1398.2,12.11,2025-10-08
6773,519,1612.7,9.08,2025-10-08
7012,538,1608.2,12.76,2025-10-08
7056,542,8601.5,39.98,2025-10-08
7450,570,3602.6,30.09,2025-10-08
8391,645,6667.0,53.9,2025-10-08
8518,653,1401.3,12.94,2025-10-08
9066,693,2774.9,19.32,2025-10-08
9431,714,1394.6,14.48,2025-10-08
9608,727,3528.2,19.19,2025-10-08
10005,760,3488.9,26.98,2025-10-08
10063,764,1825.7,9.63,2025-10-08
10485,788,3372.0,19.56,2025-10-08
11317,850,2333.2,17.51,2025-10-08
11529,867,6611.4,29.97,2025-10-08
11844,888,2056.9,17.34,2025-10-08
11944,898,2164.9,13.16,2025-10-08
12061,905,1645.3,10.19,2025-10-08
12431,930,2090.7,10.88,2025-10-08
12704,950,1600.3,8.99,2025-10-08
12817,959,2778.5,19.72,2025-10-08
12859,962,3257.6,25.92,2025-10-08
13039,975,2230.8,12.22,2025-10-08
13314,996,1156.8,10.32,2025-10-08
13335,997,2659.3,11.92,2025-10-08
14597,1091,1550.0,8.7,2025-10-08
14599,1091,4223.5,23.2,2025-10-08
14612,1092,2779.7,15.65,2025-10-08
15036,1120,1610.2,13.2,2025-10-08
15668,1161,3456.8,15.88,2025-10-08
16099,1191,1402.6,11.07,2025-10-08
16658,1232,1686.3,12.7,2025-10-08
18373,1349,2582.6,15.58,2025-10-08
18403,1350,1135.0,11.63,2025-10-08
18772,1380,4186.6,29.43,2025-10-08
18898,1394,1993.0,14.13,2025-10-08
19135,1413,1790.0,13.34,2025-10-08
19888,1467,2416.5,16.06,2025-10-08
19998,1472,1339.9,10.9,2025-10-08
20148,1486,1394.9,11.98,2025-10-08
20265,1495,3989.8,17.2,2025-10-08
315,23,2646.7,22.9,2025-10-09
1154,94,2605.0,14.32,2025-10-09
1793,143,4039.4,24.64,2025-10-09
1974,156,1030.1,7.6,2025-10-09
2694,208,2197.1,11.21,2025-10-09
3317,245,3467.4,21.42,2025-10-09
3616,272,2077.5,10.62,2025-10-09
3835,290,2004.5,13.97,2025-10-09
5320,413,1176.8,7.91,2025-10-09
5726,442,2416.4,19.5,2025-10-09
6764,519,1671.4,14.34,2025-10-09
7626,582,12219.4,55.12,2025-10-09
8112,617,2553.5,17.33,2025-10-09
8479,652,887.0,4.75,2025-10-09
8496,652,2565.2,13.1,2025-10-09
8533,655,5284.2,31.48,2025-10-09
8610,662,4941.1,28.56,2025-10-09
8743,675,1294.0,15.87,2025-10-09
9058,693,2738.3,13.34,2025-10-09
9330,709,3127.8,19.49,2025-10-09
9539,721,0.0,0.0,2025-10-09
11595,871,5248.6,25.87,2025-10-09
11713,879,4362.7,31.48,2025-10-09
11823,888,3049.2,18.14,2025-10-09
12034,903,3222.7,17.58,2025-10-09
12100,907,1912.0,12.59,2025-10-09
12359,923,1759.1,8.61,2025-10-09
14399,1078,3846.6,32.84,2025-10-09
14630,1094,759.6,6.58,2025-10-09
14873,1111,1794.5,9.03,2025-10-09
15097,1124,4272.2,30.49,2025-10-09
15163,1127,1180.7,7.91,2025-10-09
15202,1130,2909.3,15.53,2025-10-09
15247,1133,1153.6,10.95,2025-10-09
16072,1188,3485.0,45.0,2025-10-09
16332,1208,2637.5,16.28,2025-10-09
16399,1212,1956.3,16.86,2025-10-09
17722,1305,2848.5,15.32,2025-10-09
17914,1320,8653.3,41.91,2025-10-09
18146,1331,1329.6,9.82,2025-10-09
18688,1375,2075.0,18.93,2025-10-09
18708,1375,1609.0,9.07,2025-10-09
19337,1424,1442.4,9.93,2025-10-09
19384,1429,1880.7,11.71,2025-10-09
19599,1445,2111.7,16.25,2025-10-09
19771,1458,5075.4,21.69,2025-10-09
20163,1488,2729.4,18.86,2025-10-09
1080,89,1865.1,9.97,2025-10-10
1794,144,3224.8,19.77,2025-10-10
2231,178,3012.9,16.93,2025-10-10
4278,325,3113.2,21.01,2025-10-10
5190,401,1477.3,10.81,2025-10-10
5586,431,3863.1,23.51,2025-10-10
5760,444,2133.8,13.31,2025-10-10
5781,445,1339.6,9.58,2025-10-10
5827,448,8488.4,45.6,2025-10-10
6028,465,1465.8,6.05,2025-10-10
6218,481,1919.3,14.79,2025-10-10
6357,494,2907.5,18.18,2025-10-10
7460,572,2273.0,12.15,2025-10-10
8379,645,1383.2,9.17,2025-10-10
9160,699,5853.9,29.61,2025-10-10
9699,736,1153.1,9.74,2025-10-10
10929,817,3691.3,20.19,2025-10-10
11032,826,1138.1,10.81,2025-10-10
11808,887,8897.0,55.15,2025-10-10
12297,920,3655.6,18.83,2025-10-10
12346,922,2982.7,16.41,2025-10-10
12691,949,1521.7,15.48,2025-10-10
13319,996,3459.0,19.97,2025-10-10
13909,1042,2789.1,14.93,2025-10-10
14468,1082,2552.1,12.06,2025-10-10
15326,1139,2602.2,23.85,2025-10-10
15585,1157,681.7,5.56,2025-10-10
16567,1226,1570.5,6.87,2025-10-10
17114,1263,3616.0,22.26,2025-10-10
17440,1283,1704.8,12.37,2025-10-10
17544,1293,3329.0,17.54,2025-10-10
17554,1294,1634.9,12.88,2025-10-10
18142,1331,3099.5,23.97,2025-10-10
18270,1342,2669.7,16.96,2025-10-10
18843,1388,1436.8,14.02,2025-10-10
19194,1416,3380.8,16.19,2025-10-10
19636,1449,3039.2,28.13,2025-10-10
19866,1465,2131.0,11.71,2025-10-10
20041,1476,2209.2,14.49,2025-10-10
20126,1484,2567.8,15.04,2025-10-10
324,24,10653.9,59.1,2025-10-11
544,43,3338.2,23.88,2025-10-11
1087,89,1708.7,10.98,2025-10-11
1255,101,6092.2,33.25,2025-10-11
1488,118,1817.6,20.28,2025-10-11
1599,124,4252.1,22.18,2025-10-11
1624,125,2600.2,15.87,2025-10-11
2376,186,1315.2,13.38,2025-10-11
2648,205,2760.1,16.37,2025-10-11
2673,207,2616.6,12.45,2025-10-11
2760,213,1707.1,10.31,2025-10-11
3086,233,1119.7,11.43,2025-10-11
3119,236,1489.0,7.55,2025-10-11
3294,244,2445.9,16.09,2025-10-11
5234,406,1721.0,13.58,2025-10-11
5422,421,1843.6,18.65,2025-10-11
5639,434,1889.4,9.86,2025-10-11
6636,513,2825.6,21.13,2025-10-11
8006,611,2182.1,14.45,2025-10-11
8449,647,2067.6,9.89,2025-10-11
8661,668,936.8,4.81,2025-10-11
8824,680,1738.7,15.95,2025-10-11
8900,683,2263.3,13.59,2025-10-11
8962,687,1853.5,10.61,2025-10-11
9727,737,4215.1,23.8,2025-10-11
10183,771,1998.0,19.75,2025-10-11
10521,791,3035.4,17.86,2025-10-11
10631,796,2207.5,18.17,2025-10-11
11217,843,1591.1,12.96,2025-10-11
11324,850,3936.5,17.81,2025-10-11
11368,853,3103.3,20.15,2025-10-11
12010,903,4672.5,24.93,2025-10-11
12174,913,3184.3,19.53,2025-10-11
13049,977,1889.0,27.43,2025-10-11
14023,1050,2327.8,17.96,2025-10-11
14235,1068,2100.3,17.48,2025-10-11
14580,1090,1883.8,10.41,2025-10-11
15706,1163,851.4,14.19,2025-10-11
15974,1177,6187.2,47.0,2025-10-11
16049,1186,4447.6,31.97,2025-10-11
16130,1193,3436.5,24.59,2025-10-11
18384,1349,6867.3,34.54,2025-10-11
18577,1363,1789.5,14.16,2025-10-11
18850,1388,1602.7,15.09,2025-10-11
19033,1403,12391.1,61.39,2025-10-11
19601,1445,2052.2,12.67,2025-10-11
19877,1467,1981.6,16.88,2025-10-11
50,6,1328.1,9.9,2025-10-12
181,16,1435.2,8.08,2025-10-12
404,29,2173.9,15.93,2025-10-12
424,32,2394.1,15.38,2025-10-12
541,43,2549.6,15.4,2025-10-12
908,74,3545.4,22.84,2025-10-12
925,76,1576.0,12.94,2025-10-12
1027,83,1924.9,11.85,2025-10-12
1144,93,3243.3,15.36,2025-10-12
1476,116,1881.2,18.32,2025-10-12
3083,233,0.0,0.0,2025-10-12
3179,237,6086.1,32.16,2025-10-12
3398,252,1170.5,9.15,2025-10-12
3440,254,1304.3,5.91,2025-10-12
3731,281,2288.5,10.24,2025-10-12
3895,291,4257.3,31.33,2025-10-12
4185,315,4593.5,29.95,2025-10-12
5846,449,7159.5,40.93,2025-10-12
8056,615,5023.8,35.64,2025-10-12
8080,616,2029.4,14.73,2025-10-12
8698,671,1621.4,11.57,2025-10-12
8986,690,3298.5,19.14,2025-10-12
9707,736,2631.4,14.39,2025-10-12
10370,781,6764.0,44.46,2025-10-12
10495,788,1489.1,20.31,2025-10-12
11149,838,2365.4,13.37,2025-10-12
11628,874,1302.3,9.89,2025-10-12
11838,888,2033.0,16.07,2025-10-12
11910,895,1439.1,10.73,2025-10-12
12454,934,1355.7,10.15,2025-10-12
12657,946,3276.6,21.35,2025-10-12
13054,977,2875.3,15.98,2025-10-12
13272,994,1261.7,7.6,2025-10-12
13817,1035,5211.2,25.68,2025-10-12
13827,1035,2019.8,17.41,2025-10-12
13883,1040,4122.2,22.58,2025-10-12
14153,1063,1613.6,10.61,2025-10-12
14285,1071,2095.9,16.93,2025-10-12
14382,1077,0.0,0.0,2025-10-12
15266,1135,1573.5,8.79,2025-10-12
15734,1164,1265.6,8.1,2025-10-12
16318,1206,2812.3,21.75,2025-10-12
16777,1244,2496.6,15.35,2025-10-12
17375,1277,4155.0,22.0,2025-10-12
17389,1279,1678.5,11.41,2025-10-12
17781,1311,2686.9,19.74,2025-10-12
17861,1315,4105.0,17.56,2025-10-12
18029,1327,2220.2,13.43,2025-10-12
18357,1348,2452.0,16.2,2025-10-12
18625,1366,2922.1,19.51,2025-10-12
18997,1401,2269.1,19.32,2025-10-12
19363,1426,2367.8,9.97,2025-10-12
19944,1469,4062.4,31.86,2025-10-12
20318,1499,1959.8,11.75,2025-10-12
467,36,2312.6,13.34,2025-10-13
518,43,2223.1,19.92,2025-10-13
927,76,2663.5,13.08,2025-10-13
1008,82,3551.9,20.04,2025-10-13
1246,100,832.7,10.27,2025-10-13
2870,221,1315.5,10.53,2025-10-13
2885,221,1703.4,13.67,2025-10-13
3090,233,2060.0,19.87,2025-10-13
3305,244,2203.8,12.09,2025-10-13
3636,274,3416.5,17.7,2025-10-13
4256,323,7066.9,28.58,2025-10-13
4568,349,1827.5,9.55,2025-10-13
4620,354,2063.1,13.29,2025-10-13
6021,464,1546.5,16.98,2025-10-13
6023,465,2866.0,17.93,2025-10-13
7209,554,1828.4,11.88,2025-10-13
7582,580,2459.5,19.09,2025-10-13
8605,662,4049.1,23.96,2025-10-13
9604,726,3005.7,15.93,2025-10-13
10813,810,3020.8,16.75,2025-10-13
11288,848,2749.7,19.91,2025-10-13
11586,871,8028.6,49.25,2025-10-13
11609,873,1569.0,11.98,2025-10-13
11641,875,1718.5,12.95,2025-10-13
11646,875,4992.6,30.2,2025-10-13
12153,911,1946.4,9.73,2025-10-13
12546,940,2471.2,13.81,2025-10-13
12730,952,1263.6,11.22,2025-10-13
12959,971,2627.4,13.34,2025-10-13
13258,993,11606.7,88.51,2025-10-13
13769,1030,1881.1,22.25,2025-10-13
14929,1113,2440.5,17.53,2025-10-13
15591,1157,2323.3,24.31,2025-10-13
15766,1165,1969.0,14.73,2025-10-13
16115,1191,5576.4,25.66,2025-10-13
16131,1193,3725.1,19.68,2025-10-13
16622,1229,2281.7,24.8,2025-10-13
17891,1316,2843.2,17.9,2025-10-13
17901,1318,2978.5,14.03,2025-10-13
18197,1334,4565.3,29.19,2025-10-13
18200,1334,9980.2,43.9,2025-10-13
18342,1347,1672.2,9.86,2025-10-13
18455,1355,2662.9,16.01,2025-10-13
18458,1355,3651.9,20.96,2025-10-13
18604,1365,6147.3,27.09,2025-10-13
19203,1416,3618.2,24.49,2025-10-13
19247,1418,2292.2,12.78,2025-10-13
723,63,3195.3,14.63,2025-10-14
755,65,2285.9,15.31,2025-10-14
2535,198,2556.8,13.38,2025-10-14
2675,207,2134.8,17.29,2025-10-14
3225,239,3356.8,21.47,2025-10-14
3257,242,1532.7,16.29,2025-10-14
3681,278,3267.1,18.59,2025-10-14
3682,278,4664.1,23.01,2025-10-14
4103,308,6274.5,39.05,2025-10-14
4426,338,2450.9,10.88,2025-10-14
4640,356,3029.7,16.77,2025-10-14
5529,427,2386.3,19.38,2025-10-14
5565,430,2555.3,17.95,2025-10-14
6433,499,1245.4,8.02,2025-10-14
6655,514,2614.1,14.44,2025-10-14
7132,547,5398.0,30.46,2025-10-14
7200,553,2133.1,12.23,2025-10-14
7228,556,5751.9,34.51,2025-10-14
9514,720,2519.7,17.46,2025-10-14
9730,737,4158.6,27.23,2025-10-14
10457,787,3864.7,28.01,2025-10-14
10465,787,4622.6,29.23,2025-10-14
10518,791,3398.6,25.96,2025-10-14
11017,824,1326.3,9.43,2025-10-14
11176,840,1699.8,16.91,2025-10-14
11508,866,1570.9,9.29,2025-10-14
12514,939,3350.7,17.82,2025-10-14
13291,995,753.3,5.65,2025-10-14
13465,1005,4240.3,22.83,2025-10-14
13526,1013,4546.7,35.84,2025-10-14
14341,1074,767.2,9.68,2025-10-14
14497,1083,1955.8,14.53,2025-10-14
15410,1146,4905.3,39.4,2025-10-14
16199,1199,3594.2,23.05,2025-10-14
16962,1255,1520.3,7.87,2025-10-14
17749,1309,3407.0,14.78,2025-10-14
18122,1330,3480.2,25.13,2025-10-14
18439,1354,1561.8,9.65,2025-10-14
19067,1405,3892.6,25.59,2025-10-14
19076,1406,5059.7,31.83,2025-10-14
19212,1417,4154.2,27.26,2025-10-14
19607,1446,13930.3,77.73,2025-10-14
44,5,1396.9,12.63,2025-10-15
571,47,3244.4,19.14,2025-10-15
1684,132,4627.3,26.46,2025-10-15
1775,140,2807.4,15.87,2025-10-15
1802,144,5033.0,22.77,2025-10-15
2209,178,6256.5,49.41,2025-10-15
2521,197,3692.4,20.5,2025-10-15
3565,265,1560.2,13.64,2025-10-15
3798,286,2598.0,13.12,2025-10-15
3846,290,3043.1,19.88,2025-10-15
3929,296,2057.7,10.9,2025-10-15
5942,459,4092.5,23.02,2025-10-15
6008,464,3799.9,22.28,2025-10-15
6169,475,1323.5,9.2,2025-10-15
6383,497,1534.8,9.86,2025-10-15
7295,558,1812.9,11.23,2025-10-15
7880,602,817.4,7.25,2025-10-15
8162,623,1537.6,9.53,2025-10-15
8516,653,3426.3,30.4,2025-10-15
8715,672,1775.2,12.06,2025-10-15
8784,679,6984.5,35.78,2025-10-15
9740,738,3362.2,22.2,2025-10-15
9986,759,3901.7,21.63,2025-10-15
10056,764,1579.5,11.23,2025-10-15
10061,764,792.4,6.55,2025-10-15
10227,772,2118.2,11.04,2025-10-15
10248,773,2630.9,14.57,2025-10-15
10314,778,1360.0,10.7,2025-10-15
10531,791,2100.7,13.0,2025-10-15
10572,793,1718.5,10.03,2025-10-15
10731,803,4698.0,23.14,2025-10-15
11946,898,1982.7,10.43,2025-10-15
12545,940,3085.6,20.12,2025-10-15
12788,957,2139.1,11.95,2025-10-15
12804,958,2066.2,12.33,2025-10-15
13063,978,1993.8,16.31,2025-10-15
13149,984,2726.6,16.12,2025-10-15
13593,1018,1916.8,16.81,2025-10-15
13868,1040,7220.8,39.69,2025-10-15
13950,1045,3767.5,25.87,2025-10-15
13977,1047,4309.8,28.42,2025-10-15
13992,1049,1649.7,10.13,2025-10-15
14018,1050,1440.2,9.52,2025-10-15
14603,1091,3237.9,15.92,2025-10-15
14672,1096,2898.7,21.36,2025-10-15
14992,1117,3921.9,19.53,2025-10-15
16512,1222,2942.1,21.76,2025-10-15
16989,1257,2868.9,19.93,2025-10-15
16995,1257,1513.7,7.86,2025-10-15
17064,1261,3173.0,17.15,2025-10-15
17698,1304,4097.1,22.43,2025-10-15
17813,1313,1990.6,14.24,2025-10-15
17863,1315,1381.9,8.5,2025-10-15
18026,1327,8112.3,39.21,2025-10-15
18546,1360,2017.9,9.53,2025-10-15
19137,1413,4953.2,29.89,2025-10-15
19419,1430,1236.5,9.28,2025-10-15
19844,1463,1181.2,8.5,2025-10-15
20344,1117,3921.9,19.53,2025-10-15
329,24,3098.4,20.19,2025-10-16
1022,82,4694.0,24.99,2025-10-16
1811,145,3293.3,18.28,2025-10-16
2002,159,1769.2,13.76,2025-10-16
2474,194,5212.2,40.8,2025-10-16
4585,352,2158.9,21.08,2025-10-16
6279,487,4389.3,24.02,2025-10-16
6627,512,6818.7,36.92,2025-10-16
6900,530,2852.0,21.92,2025-10-16
6932,532,1344.9,8.87,2025-10-16
7475,572,1316.8,9.21,2025-10-16
7665,585,6491.7,38.79,2025-10-16
8989,690,1549.1,13.08,2025-10-16
9242,703,1719.7,10.75,2025-10-16
9246,704,4462.6,21.04,2025-10-16
9398,713,2061.7,10.68,2025-10-16
9907,750,1668.8,9.87,2025-10-16
10036,762,1774.6,12.84,2025-10-16
10662,799,1474.7,9.48,2025-10-16
11660,875,2102.3,13.56,2025-10-16
12471,935,3681.3,19.46,2025-10-16
13383,1000,1108.3,7.95,2025-10-16
13878,1040,2266.0,10.84,2025-10-16
13999,1049,3018.0,20.98,2025-10-16
14725,1099,5061.5,25.29,2025-10-16
14812,1107,3709.6,19.67,2025-10-16
15945,1176,3588.4,23.75,2025-10-16
16302,1205,1909.2,12.58,2025-10-16
16341,1209,989.6,6.57,2025-10-16
16357,1210,7877.3,39.93,2025-10-16
16587,1227,2113.6,16.82,2025-10-16
16707,1237,2204.1,12.03,2025-10-16
17084,1262,3083.7,19.17,2025-10-16
19107,1409,2897.9,12.76,2025-10-16
19625,1448,1412.0,14.96,2025-10-16
19958,1470,1956.4,20.37,2025-10-16
20403,875,2102.3,13.56,2025-10-16
149,14,2179.4,13.74,2025-10-17
437,34,1245.7,6.92,2025-10-17
1145,93,4950.6,27.33,2025-10-17
1325,106,4714.4,38.19,2025-10-17
1367,109,2142.2,18.94,2025-10-17
1568,121,1124.1,6.88,2025-10-17
1822,145,5582.6,29.56,2025-10-17
1925,151,1922.0,14.11,2025-10-17
2757,213,2889.0,15.64,2025-10-17
3423,253,1211.6,9.35,2025-10-17
3493,259,4402.4,26.73,2025-10-17
4455,341,1028.7,8.83,2025-10-17
4892,375,1720.8,11.61,2025-10-17
5395,418,2716.8,17.7,2025-10-17
6056,468,2687.8,19.89,2025-10-17
6382,497,4463.6,26.01,2025-10-17
7371,563,2758.7,16.75,2025-10-17
7753,593,1612.1,14.65,2025-10-17
7834,599,4035.8,20.37,2025-10-17
8737,675,7826.4,45.7,2025-10-17
9028,691,2288.9,17.88,2025-10-17
9103,695,2122.5,16.0,2025-10-17
9207,702,3376.7,19.9,2025-10-17
9332,709,1570.6,8.86,2025-10-17
9338,709,973.7,12.04,2025-10-17
10323,778,1672.5,9.17,2025-10-17
10425,784,2987.8,22.16,2025-10-17
10515,791,2892.4,12.11,2025-10-17
10733,803,4415.4,28.69,2025-10-17
12552,940,2157.8,11.71,2025-10-17
12700,949,4239.3,17.39,2025-10-17
12772,955,2175.4,12.84,2025-10-17
13027,974,2437.9,30.64,2025-10-17
14227,1067,3987.6,28.02,2025-10-17
14541,1089,6813.7,29.57,2025-10-17
14810,1107,1758.6,9.11,2025-10-17
14850,1108,1906.3,18.98,2025-10-17
14858,1108,2151.4,13.58,2025-10-17
14867,1110,8642.4,47.96,2025-10-17
15702,1163,4335.8,27.03,2025-10-17
16005,1180,1957.8,11.98,2025-10-17
16348,1209,4939.7,29.57,2025-10-17
16732,1239,5989.9,27.31,2025-10-17
16916,1252,6437.5,31.23,2025-10-17
18329,1347,1513.5,11.29,2025-10-17
18405,1351,2394.8,16.32,2025-10-17
18791,1382,1534.3,10.23,2025-10-17
18887,1393,1410.0,10.44,2025-10-17
19267,1419,3086.1,15.4,2025-10-17
19891,1467,1556.0,10.44,2025-10-17
20122,1484,2644.4,20.78,2025-10-17
38,5,4918.8,30.18,2025-10-18
222,19,3556.7,24.67,2025-10-18
328,24,1927.8,11.2,2025-10-18
489,39,5550.4,29.67,2025-10-18
604,49,2825.8,14.64,2025-10-18
813,69,5019.7,34.66,2025-10-18
1372,109,2226.2,20.04,2025-10-18
1751,138,2144.5,13.81,2025-10-18
2421,190,2893.5,14.68,2025-10-18
2922,226,1303.8,10.92,2025-10-18
3050,231,2636.0,13.68,2025-10-18
3415,252,2081.6,16.0,2025-10-18
3900,292,2538.9,14.75,2025-10-18
4108,308,4536.6,26.65,2025-10-18
4145,310,2261.1,12.06,2025-10-18
4563,349,2182.3,13.51,2025-10-18
4785,369,2773.5,15.79,2025-10-18
4798,370,1806.8,11.48,2025-10-18
5094,393,1387.6,11.67,2025-10-18
5952,459,5529.6,42.3,2025-10-18
5965,459,8947.0,50.34,2025-10-18
6173,475,1925.4,12.46,2025-10-18
6270,486,860.3,9.38,2025-10-18
6435,499,2214.7,16.9,2025-10-18
6935,532,2847.3,22.62,2025-10-18
6994,536,3703.5,22.76,2025-10-18
8066,615,2166.3,19.04,2025-10-18
8657,668,3940.9,23.65,2025-10-18
8874,682,2313.3,22.78,2025-10-18
9775,740,2003.3,16.02,2025-10-18
9803,742,871.8,7.45,2025-10-18
10430,784,2352.1,18.51,2025-10-18
10481,788,1589.7,11.41,2025-10-18
10567,793,1026.0,8.08,2025-10-18
11236,846,3764.0,32.7,2025-10-18
11359,853,2233.8,15.29,2025-10-18
11439,860,1845.8,13.23,2025-10-18
11993,902,1960.1,10.55,2025-10-18
12248,917,6057.0,37.27,2025-10-18
13019,974,4763.4,25.07,2025-10-18
13339,998,4907.8,24.7,2025-10-18
13620,1021,4751.9,35.64,2025-10-18
14065,1055,1879.7,11.33,2025-10-18
14391,1077,3725.5,30.7,2025-10-18
14572,1090,2002.0,9.37,2025-10-18
14714,1098,1461.4,10.39,2025-10-18
15086,1124,1857.2,16.03,2025-10-18
16564,1226,2455.3,15.85,2025-10-18
16798,1245,8534.1,46.67,2025-10-18
16849,1247,6501.7,32.16,2025-10-18
17045,1260,3243.4,24.55,2025-10-18
17723,1305,2720.8,14.8,2025-10-18
17801,1312,3341.0,20.69,2025-10-18
18049,1327,2273.1,13.76,2025-10-18
18715,1376,3049.3,21.4,2025-10-18
18720,1376,1433.7,13.4,2025-10-18
19472,1435,983.9,5.52,2025-10-18
19730,1454,2311.2,17.56,2025-10-18
19947,1470,3469.6,23.64,2025-10-18
486,39,5859.7,43.98,2025-10-19
2224,178,4386.8,26.03,2025-10-19
2478,194,2755.1,15.92,2025-10-19
3111,235,3308.8,20.93,2025-10-19
3425,253,1972.1,12.92,2025-10-19
3860,290,3707.5,25.36,2025-10-19
6012,464,2823.8,24.14,2025-10-19
7104,546,3176.4,15.7,2025-10-19
8102,617,2298.4,14.28,2025-10-19
8251,633,1311.3,16.25,2025-10-19
8401,645,1907.3,7.97,2025-10-19
10263,774,2528.6,12.86,2025-10-19
10942,819,3375.1,17.87,2025-10-19
10981,822,1023.7,13.21,2025-10-19
11090,832,5296.5,31.98,2025-10-19
11242,846,1417.3,11.53,2025-10-19
11251,847,1334.1,8.35,2025-10-19
11745,881,2927.8,19.29,2025-10-19
11801,887,2003.6,14.28,2025-10-19
12055,904,5310.8,30.69,2025-10-19
12098,907,6248.4,38.73,2025-10-19
12187,913,4036.7,24.67,2025-10-19
12591,941,2376.6,15.61,2025-10-19
13043,977,4242.2,26.15,2025-10-19
13617,1020,2068.5,10.21,2025-10-19
14956,1116,3701.7,26.28,2025-10-19
15204,1130,3865.4,22.28,2025-10-19
15232,1131,1837.7,9.28,2025-10-19
15249,1133,5100.1,34.08,2025-10-19
15329,1140,4569.7,21.58,2025-10-19
15508,1153,1707.8,9.09,2025-10-19
15538,1155,3039.5,15.23,2025-10-19
15900,1171,1414.6,9.9,2025-10-19
16303,1205,4070.9,32.11,2025-10-19
17268,1271,5072.5,33.87,2025-10-19
18525,1358,1714.7,10.37,2025-10-19
18762,1379,6845.8,34.75,2025-10-19
19059,1404,6886.3,38.9,2025-10-19
20452,881,2927.8,19.29,2025-10-19
195,17,0.0,0.0,2025-10-20
511,42,4289.5,27.62,2025-10-20
634,54,1357.2,7.22,2025-10-20
885,73,2205.4,11.21,2025-10-20
1500,118,8651.7,43.35,2025-10-20
1630,126,3728.1,26.95,2025-10-20
2927,226,5074.5,31.08,2025-10-20
3412,252,2365.8,22.47,2025-10-20
3724,281,3215.0,17.63,2025-10-20
3915,294,2895.2,18.16,2025-10-20
4090,308,2545.5,26.25,2025-10-20
4152,311,1758.8,15.07,2025-10-20
4610,354,1618.3,9.44,2025-10-20
5853,450,1254.6,10.39,2025-10-20
6061,468,3740.5,25.54,2025-10-20
6273,487,6341.1,36.96,2025-10-20
6644,513,1042.1,6.25,2025-10-20
6803,522,4586.4,27.44,2025-10-20
6957,534,2585.7,13.93,2025-10-20
7277,558,1446.1,11.97,2025-10-20
8483,652,2216.5,17.18,2025-10-20
8683,669,2553.8,15.45,2025-10-20
9285,705,4323.8,25.84,2025-10-20
9561,723,4037.5,22.41,2025-10-20
9700,736,2341.2,12.0,2025-10-20
9777,741,3133.1,21.26,2025-10-20
9829,745,7302.9,31.43,2025-10-20
10683,800,3535.0,21.04,2025-10-20
11483,864,2284.5,14.87,2025-10-20
11571,870,2530.4,17.86,2025-10-20
11881,891,2027.9,21.98,2025-10-20
12435,930,6431.6,29.99,2025-10-20
12485,937,2224.7,11.97,2025-10-20
12870,964,1129.5,7.36,2025-10-20
13849,1036,2723.2,23.67,2025-10-20
14744,1100,4536.5,21.79,2025-10-20
14816,1107,1839.7,10.55,2025-10-20
15799,1167,1082.2,6.91,2025-10-20
15911,1172,2709.7,16.47,2025-10-20
18407,1351,1676.2,12.05,2025-10-20
18856,1390,1813.0,9.42,2025-10-20
18885,1393,2217.0,12.82,2025-10-20
19896,1467,5650.2,38.81,2025-10-20
20279,1495,1557.2,10.02,2025-10-20
41,5,3119.5,19.93,2025-10-21
800,68,5640.6,43.94,2025-10-21
1005,82,3953.4,23.67,2025-10-21
1341,107,1006.2,7.56,2025-10-21
1501,118,3280.7,20.92,2025-10-21
1609,125,2898.2,18.8,2025-10-21
1821,145,4042.8,25.58,2025-10-21
1836,145,2682.3,12.85,2025-10-21
2036,162,4532.1,28.06,2025-10-21
2537,198,2587.0,14.19,2025-10-21
2751,213,1297.8,10.83,2025-10-21
3989,299,2546.8,16.65,2025-10-21
4160,312,5440.1,37.51,2025-10-21
6111,471,2440.0,14.6,2025-10-21
6594,509,1727.4,13.7,2025-10-21
6665,514,1584.8,9.45,2025-10-21
6734,518,1926.6,12.24,2025-10-21
7195,552,2659.9,17.4,2025-10-21
7350,561,4623.3,35.65,2025-10-21
7567,579,2864.4,18.87,2025-10-21
7780,595,2180.6,14.63,2025-10-21
8929,685,2925.4,15.17,2025-10-21
8963,687,3533.3,15.7,2025-10-21
9169,699,2640.2,24.75,2025-10-21
9309,708,4879.0,28.34,2025-10-21
9745,738,1736.8,11.51,2025-10-21
9810,742,2350.5,21.77,2025-10-21
9961,756,1491.7,10.67,2025-10-21
10193,771,4078.7,21.19,2025-10-21
10214,771,1717.3,11.18,2025-10-21
10513,790,1732.1,14.43,2025-10-21
11244,846,3115.9,16.19,2025-10-21
11807,887,2243.8,17.77,2025-10-21
12681,949,5352.6,30.26,2025-10-21
12701,949,2686.9,16.36,2025-10-21
12866,964,1857.2,13.56,2025-10-21
12913,966,1466.0,9.01,2025-10-21
13664,1023,3433.7,23.87,2025-10-21
13691,1024,2530.5,16.79,2025-10-21
14039,1051,3002.5,20.42,2025-10-21
14729,1099,2929.6,22.11,2025-10-21
15236,1131,1452.0,11.55,2025-10-21
15607,1157,1508.9,13.25,2025-10-21
16207,1199,1490.8,11.73,2025-10-21
16366,1210,1233.8,9.11,2025-10-21
16825,1246,1672.1,10.05,2025-10-21
17532,1292,3659.5,26.14,2025-10-21
17695,1304,1585.8,10.65,2025-10-21
19093,1407,2931.1,14.47,2025-10-21
19409,1430,1022.4,8.64,2025-10-21
19457,1434,6068.0,37.29,2025-10-21
566,47,2674.4,16.61,2025-10-22
884,73,4866.5,25.57,2025-10-22
1057,85,4063.1,19.93,2025-10-22
1428,113,2399.3,21.56,2025-10-22
1896,149,786.4,8.76,2025-10-22
1967,155,4559.9,24.61,2025-10-22
3057,233,3496.4,20.88,2025-10-22
3175,237,2287.0,14.02,2025-10-22
3684,278,4339.3,19.68,2025-10-22
4682,358,3921.5,23.5,2025-10-22
4919,377,617.7,4.31,2025-10-22
6059,468,1133.2,6.88,2025-10-22
6486,503,969.1,8.22,2025-10-22
6534,506,2620.2,14.4,2025-10-22
7131,547,4094.9,34.56,2025-10-22
7262,557,3472.1,21.46,2025-10-22
8744,675,3701.9,22.09,2025-10-22
9002,690,3191.4,19.89,2025-10-22
9203,701,4737.1,31.93,2025-10-22
9533,721,4616.9,27.43,2025-10-22
9732,737,1225.0,13.3,2025-10-22
10068,764,4928.1,26.02,2025-10-22
10330,779,2603.5,22.46,2025-10-22
10785,807,3123.6,16.02,2025-10-22
11046,827,2213.2,11.31,2025-10-22
11265,847,1950.8,10.47,2025-10-22
11577,870,2535.4,18.73,2025-10-22
11769,883,1224.2,7.99,2025-10-22
11893,893,2146.7,13.64,2025-10-22
12281,919,1265.6,9.03,2025-10-22
12713,951,2103.1,19.4,2025-10-22
12949,971,1346.9,11.14,2025-10-22
12997,972,3999.1,17.91,2025-10-22
13284,995,3117.9,15.41,2025-10-22
13438,1004,2705.5,17.41,2025-10-22
13536,1014,1325.1,10.44,2025-10-22
14015,1050,4308.9,23.42,2025-10-22
14626,1093,1226.1,7.72,2025-10-22
15022,1118,2651.9,19.84,2025-10-22
15709,1163,1654.4,9.03,2025-10-22
16249,1202,2075.9,11.7,2025-10-22
19304,1423,3385.2,20.69,2025-10-22
19346,1425,1320.6,9.64,2025-10-22
19470,1435,2787.7,25.78,2025-10-22
19722,1454,1759.3,8.42,2025-10-22
19917,1468,3950.0,16.58,2025-10-22
172,16,2940.0,22.14,2025-10-23
289,21,1730.8,11.46,2025-10-23
323,24,3354.5,18.98,2025-10-23
408,30,0.0,0.0,2025-10-23
1535,120,2553.9,19.21,2025-10-23
1588,123,1275.9,7.35,2025-10-23
1969,155,2084.1,16.38,2025-10-23
2681,208,1933.3,10.08,2025-10-23
3355,248,2943.6,13.22,2025-10-23
3726,281,2277.5,11.86,2025-10-23
4474,343,6432.4,36.12,2025-10-23
5123,397,1965.0,15.08,2025-10-23
5225,404,1539.5,13.6,2025-10-23
5653,434,7256.1,29.39,2025-10-23
6098,470,1807.0,12.85,2025-10-23
7936,607,1569.5,14.32,2025-10-23
8389,645,1325.2,11.26,2025-10-23
8513,653,1996.5,14.1,2025-10-23
8687,670,3197.2,18.93,2025-10-23
8955,687,4628.3,24.5,2025-10-23
9284,705,1626.3,13.16,2025-10-23
9931,752,1178.7,10.21,2025-10-23
10639,797,2299.2,15.69,2025-10-23
10803,808,4713.0,24.57,2025-10-23
11805,887,4067.0,23.67,2025-10-23
11952,899,1714.5,9.64,2025-10-23
12410,928,2461.0,19.7,2025-10-23
12448,933,3005.3,16.62,2025-10-23
12501,938,5112.5,25.53,2025-10-23
12615,944,1546.6,11.67,2025-10-23
13096,979,3667.1,16.26,2025-10-23
13167,985,1030.3,11.65,2025-10-23
13338,998,5126.3,32.62,2025-10-23
14381,1077,1933.3,12.44,2025-10-23
15008,1118,3174.4,18.77,2025-10-23
15124,1125,2801.0,20.14,2025-10-23
15573,1157,2048.4,14.59,2025-10-23
15817,1168,5873.3,30.26,2025-10-23
16261,1203,1951.1,14.86,2025-10-23
16479,1217,1554.7,17.9,2025-10-23
16833,1247,5988.4,46.59,2025-10-23
17562,1294,2749.9,14.7,2025-10-23
17745,1308,1990.1,18.48,2025-10-23
17860,1315,1312.1,17.22,2025-10-23
18257,1341,2085.8,10.9,2025-10-23
18527,1358,1984.6,10.87,2025-10-23
18549,1360,1385.9,12.69,2025-10-23
19252,1419,2905.9,17.24,2025-10-23
19356,1425,1664.3,10.39,2025-10-23
19720,1454,2521.8,16.92,2025-10-23
20161,1488,1700.3,11.21,2025-10-23
67,8,1739.3,9.11,2025-10-24
125,12,7023.4,40.99,2025-10-24
445,36,906.1,9.47,2025-10-24
782,67,2888.0,19.21,2025-10-24
824,69,4274.8,22.49,2025-10-24
1865,146,1586.6,22.76,2025-10-24
1927,152,1505.9,9.29,2025-10-24
2509,195,3090.6,20.01,2025-10-24
3215,239,1409.3,10.83,2025-10-24
3723,281,7020.8,47.37,2025-10-24
4551,347,7222.5,34.96,2025-10-24
7400,566,3450.6,21.16,2025-10-24
7716,591,1748.0,13.34,2025-10-24
7961,608,2686.5,20.94,2025-10-24
7992,610,8242.7,35.53,2025-10-24
8211,628,525.9,6.71,2025-10-24
8214,628,408.4,6.5,2025-10-24
8796,679,2138.0,12.19,2025-10-24
9055,692,2628.0,15.34,2025-10-24
9161,699,1899.7,15.48,2025-10-24
9365,710,1926.1,9.77,2025-10-24
9650,731,2097.7,15.13,2025-10-24
10532,791,2530.1,17.2,2025-10-24
11620,874,5349.7,29.98,2025-10-24
12111,908,3908.9,22.75,2025-10-24
15246,1133,3930.4,25.54,2025-10-24
15276,1135,1210.2,7.7,2025-10-24
15789,1167,2600.7,19.11,2025-10-24
16028,1182,2911.1,16.28,2025-10-24
16280,1204,3790.7,21.7,2025-10-24
17212,1269,2788.7,15.15,2025-10-24
18114,1329,2313.8,16.76,2025-10-24
18198,1334,1673.9,9.69,2025-10-24
18259,1341,2031.1,10.57,2025-10-24
18920,1396,1192.3,5.77,2025-10-24
18941,1397,4185.3,33.59,2025-10-24
19027,1403,2381.1,14.0,2025-10-24
19292,1421,4298.9,37.08,2025-10-24
131,13,2133.6,18.33,2025-10-25
266,21,2075.6,12.6,2025-10-25
643,54,4836.7,26.36,2025-10-25
700,60,3000.5,17.68,2025-10-25
3082,233,1863.7,13.88,2025-10-25
4169,312,2327.1,18.24,2025-10-25
4553,348,2654.1,19.71,2025-10-25
4708,360,2281.6,12.03,2025-10-25
6652,513,9487.6,43.63,2025-10-25
6718,516,4120.2,43.28,2025-10-25
6832,522,1519.7,11.35,2025-10-25
7075,544,3581.7,21.79,2025-10-25
7096,546,1346.9,13.18,2025-10-25
7315,559,1754.3,11.19,2025-10-25
7337,560,3019.3,22.7,2025-10-25
7549,578,4531.6,28.93,2025-10-25
8106,617,1454.6,8.0,2025-10-25
9022,691,2722.3,14.81,2025-10-25
9303,707,4729.2,27.4,2025-10-25
9499,719,6400.1,29.67,2025-10-25
10182,771,6474.6,41.31,2025-10-25
10219,772,2133.8,15.83,2025-10-25
10551,792,2634.6,13.96,2025-10-25
10759,807,4796.2,28.74,2025-10-25
11813,887,1824.2,12.3,2025-10-25
12119,909,1867.7,16.17,2025-10-25
13055,977,1019.5,8.03,2025-10-25
13216,990,2585.3,17.85,2025-10-25
13344,998,2129.5,12.7,2025-10-25
13508,1011,3761.9,25.19,2025-10-25
13521,1013,2042.4,13.74,2025-10-25
13661,1022,1874.9,11.75,2025-10-25
14225,1067,1378.8,11.3,2025-10-25
15541,1155,2350.0,17.31,2025-10-25
15547,1155,2548.1,14.02,2025-10-25
15592,1157,2644.3,13.65,2025-10-25
15719,1164,1969.4,12.24,2025-10-25
16097,1190,2937.6,33.29,2025-10-25
16162,1195,2684.1,14.24,2025-10-25
17156,1266,3037.5,22.84,2025-10-25
17195,1267,4936.8,25.21,2025-10-25
18174,1333,3715.0,30.47,2025-10-25
18175,1333,3025.5,18.61,2025-10-25
18303,1345,2133.2,14.19,2025-10-25
18733,1377,2203.4,17.14,2025-10-25
19355,1425,1579.1,12.01,2025-10-25
19398,1430,3287.4,15.86,2025-10-25
19677,1452,5204.7,24.98,2025-10-25
20224,1490,3395.9,16.49,2025-10-25
20238,1494,1391.8,12.06,2025-10-25
20433,560,3019.3,22.7,2025-10-25
1070,87,2599.5,16.58,2025-10-26
1132,93,3908.8,24.98,2025-10-26
1551,121,2896.5,13.43,2025-10-26
1695,133,2292.0,20.05,2025-10-26
2095,166,1789.7,12.3,2025-10-26
3737,281,1870.2,11.1,2025-10-26
3767,284,2656.9,19.99,2025-10-26
5578,430,1796.3,10.75,2025-10-26
6126,472,2229.9,13.66,2025-10-26
6206,479,2183.0,16.31,2025-10-26
6208,479,1875.9,11.94,2025-10-26
6280,487,3313.4,21.31,2025-10-26
6290,487,1660.9,10.98,2025-10-26
6829,522,7758.4,43.93,2025-10-26
7847,600,2378.4,14.78,2025-10-26
9235,703,3043.1,14.14,2025-10-26
9349,709,3686.5,23.22,2025-10-26
9571,724,3524.0,23.83,2025-10-26
9812,743,2433.7,16.15,2025-10-26
9860,746,3984.8,18.64,2025-10-26
9985,759,5032.2,25.85,2025-10-26
10085,766,3677.3,21.85,2025-10-26
11239,846,2584.9,13.74,2025-10-26
11349,852,2559.2,14.29,2025-10-26
11590,871,3130.2,25.24,2025-10-26
11597,871,2245.4,22.34,2025-10-26
12075,906,5318.5,33.49,2025-10-26
13277,994,4133.9,22.71,2025-10-26
13389,1000,2211.9,10.53,2025-10-26
13500,1010,4805.4,25.12,2025-10-26
13587,1016,1949.6,10.18,2025-10-26
13683,1024,2073.6,13.37,2025-10-26
13721,1027,1806.6,13.37,2025-10-26
13728,1028,8016.5,38.67,2025-10-26
13988,1049,5146.6,25.67,2025-10-26
14041,1051,1675.4,9.56,2025-10-26
14166,1063,3413.0,12.97,2025-10-26
16027,1182,1793.1,11.27,2025-10-26
16169,1196,1621.0,11.85,2025-10-26
16775,1244,1372.1,13.16,2025-10-26
17269,1272,1593.6,12.19,2025-10-26
17735,1307,1228.6,7.32,2025-10-26
17853,1314,2288.6,14.1,2025-10-26
18645,1369,1441.9,9.2,2025-10-26
19228,1418,2266.5,17.84,2025-10-26
19342,1424,4475.2,26.04,2025-10-26
19400,1430,3390.2,19.37,2025-10-26
19815,1461,1420.9,14.44,2025-10-26
19818,1461,2225.6,15.58,2025-10-26
20183,1489,2262.0,12.21,2025-10-26
20215,1490,6836.2,35.9,2025-10-26
239,20,924.0,7.46,2025-10-27
243,20,3769.3,21.18,2025-10-27
251,20,3836.3,27.5,2025-10-27
291,22,1729.4,7.76,2025-10-27
342,25,4296.5,29.71,2025-10-27
766,66,4360.7,26.57,2025-10-27
893,74,1761.2,15.64,2025-10-27
900,74,3160.7,16.35,2025-10-27
1202,97,1277.4,7.25,2025-10-27
1332,106,2908.5,19.85,2025-10-27
2197,177,3768.5,17.65,2025-10-27
2914,225,8198.6,52.11,2025-10-27
3070,233,5688.6,40.89,2025-10-27
3474,256,827.5,10.67,2025-10-27
4074,307,1556.6,8.9,2025-10-27
5143,399,2822.0,22.75,2025-10-27
5423,421,2674.4,17.11,2025-10-27
6583,509,1965.9,15.15,2025-10-27
7211,555,4918.1,22.89,2025-10-27
9994,760,1517.4,9.66,2025-10-27
10607,796,1539.1,9.74,2025-10-27
11175,840,1264.0,9.38,2025-10-27
11184,840,1649.6,11.18,2025-10-27
12584,941,2142.4,17.8,2025-10-27
13417,1003,2680.6,15.59,2025-10-27
13751,1029,3557.8,27.07,2025-10-27
13772,1031,1074.5,10.93,2025-10-27
13808,1034,3884.5,21.89,2025-10-27
13816,1035,4414.1,22.97,2025-10-27
14564,1090,1645.9,17.08,2025-10-27
14917,1113,4044.0,20.81,2025-10-27
15190,1129,3643.6,20.91,2025-10-27
15611,1158,4550.9,29.48,2025-10-27
15927,1172,2199.6,10.32,2025-10-27
16188,1197,2091.4,21.44,2025-10-27
16370,1210,3795.5,19.09,2025-10-27
16834,1247,1365.5,11.47,2025-10-27
17220,1270,2592.5,15.91,2025-10-27
17369,1277,1421.5,13.16,2025-10-27
17635,1299,2180.0,15.1,2025-10-27
18100,1329,3744.5,24.33,2025-10-27
18299,1345,3875.6,22.16,2025-10-27
18693,1375,1886.8,10.46,2025-10-27
18960,1398,1393.0,9.56,2025-10-27
18993,1401,2802.5,13.89,2025-10-27
19471,1435,9094.9,61.01,2025-10-27
19543,1439,2931.9,19.28,2025-10-27
19733,1454,2355.6,13.08,2025-10-27
20001,1472,1266.3,9.83,2025-10-27
20459,1401,2802.5,13.89,2025-10-27
215,19,2929.8,18.78,2025-10-28
218,19,719.9,7.15,2025-10-28
533,43,2970.7,14.67,2025-10-28
860,72,2375.5,17.23,2025-10-28
1972,156,3660.6,22.57,2025-10-28
2484,195,5929.1,40.45,2025-10-28
2969,228,6093.6,31.93,2025-10-28
3209,238,4895.8,23.63,2025-10-28
3803,287,2268.0,14.43,2025-10-28
4433,339,1716.6,11.63,2025-10-28
4949,379,2169.1,21.44,2025-10-28
5102,394,3017.2,14.2,2025-10-28
5543,429,5608.0,25.34,2025-10-28
5559,429,939.7,8.77,2025-10-28
5782,445,11977.2,58.64,2025-10-28
6600,510,1338.6,8.33,2025-10-28
7593,581,1060.4,7.42,2025-10-28
8816,679,2644.7,20.7,2025-10-28
9698,736,5944.3,27.08,2025-10-28
10745,805,2838.7,19.65,2025-10-28
11337,851,2351.5,12.83,2025-10-28
11608,873,1195.2,7.03,2025-10-28
11664,876,2994.6,16.77,2025-10-28
12024,903,3867.1,19.71,2025-10-28
12178,913,5703.2,33.4,2025-10-28
14378,1076,2528.5,15.0,2025-10-28
14503,1084,2794.0,24.19,2025-10-28
15144,1126,2489.9,13.09,2025-10-28
16454,1216,5993.2,37.22,2025-10-28
16631,1230,6275.4,33.46,2025-10-28
17245,1271,2416.6,24.9,2025-10-28
17475,1287,3247.0,19.95,2025-10-28
17873,1316,1785.6,10.47,2025-10-28
18635,1368,3040.9,15.96,2025-10-28
19080,1406,3550.1,22.48,2025-10-28
19141,1413,4479.1,22.54,2025-10-28
177,16,3044.5,18.86,2025-10-29
816,69,3605.5,23.14,2025-10-29
1492,118,2303.8,15.72,2025-10-29
1977,156,1323.5,9.91,2025-10-29
2409,189,1177.2,10.91,2025-10-29
2412,189,1199.7,8.79,2025-10-29
2813,216,3595.1,22.36,2025-10-29
3002,229,1311.4,7.17,2025-10-29
3508,262,2965.0,15.98,2025-10-29
3886,291,4977.4,31.08,2025-10-29
4063,306,2760.4,15.89,2025-10-29
4251,322,1476.3,8.09,2025-10-29
4307,328,1740.8,13.88,2025-10-29
4758,365,3123.9,15.99,2025-10-29
4846,372,3110.7,19.16,2025-10-29
5131,398,2743.7,20.75,2025-10-29
5167,400,2351.1,15.03,2025-10-29
5960,459,1787.4,11.71,2025-10-29
7087,544,5570.8,28.37,2025-10-29
7107,546,458.8,4.49,2025-10-29
8579,660,1532.5,9.21,2025-10-29
9069,693,4497.0,28.71,2025-10-29
9374,711,1296.2,9.96,2025-10-29
9672,733,4487.2,25.68,2025-10-29
9825,744,3613.6,18.74,2025-10-29
10479,788,3355.6,26.83,2025-10-29
10529,791,1496.8,8.39,2025-10-29
10563,793,2101.5,13.15,2025-10-29
11003,822,5068.1,40.55,2025-10-29
11162,839,4052.6,28.58,2025-10-29
11376,854,2765.7,16.27,2025-10-29
11784,885,2385.7,14.1,2025-10-29
11937,897,2530.9,14.26,2025-10-29
11981,902,3532.7,23.21,2025-10-29
12479,937,6645.6,50.14,2025-10-29
13223,991,2087.4,12.2,2025-10-29
13228,991,1441.8,9.7,2025-10-29
13719,1027,2725.4,19.03,2025-10-29
14128,1061,3375.8,16.96,2025-10-29
14457,1081,3061.7,18.68,2025-10-29
15738,1165,4548.7,27.39,2025-10-29
16175,1197,3535.6,19.87,2025-10-29
16194,1197,1775.0,11.15,2025-10-29
17875,1316,2096.2,12.01,2025-10-29
18531,1358,5889.0,32.9,2025-10-29
18823,1385,2132.3,12.05,2025-10-29
19005,1402,1488.8,15.35,2025-10-29
19142,1413,1808.5,15.93,2025-10-29
19642,1450,2192.5,15.12,2025-10-29
326,24,3531.9,28.19,2025-10-30
377,26,1372.2,10.37,2025-10-30
601,49,4945.6,30.76,2025-10-30
736,63,3427.5,16.14,2025-10-30
1117,91,2348.7,20.38,2025-10-30
1252,101,2674.3,18.29,2025-10-30
1273,102,2343.6,17.06,2025-10-30
1685,132,7842.9,46.65,2025-10-30
2902,223,3759.5,20.83,2025-10-30
3739,282,640.1,7.78,2025-10-30
4393,335,1794.0,10.09,2025-10-30
4439,340,1711.3,16.84,2025-10-30
4966,382,2593.8,16.66,2025-10-30
7846,600,1247.6,10.3,2025-10-30
8758,676,1733.2,15.67,2025-10-30
8819,680,2652.8,14.28,2025-10-30
9107,695,2993.8,16.5,2025-10-30
9206,702,1607.1,13.38,2025-10-30
9578,724,5359.4,30.38,2025-10-30
9701,736,1568.3,12.37,2025-10-30
9808,742,2706.0,13.01,2025-10-30
10265,774,2918.9,23.48,2025-10-30
13141,982,2092.0,12.89,2025-10-30
13365,999,2827.5,24.22,2025-10-30
13605,1019,3163.8,20.45,2025-10-30
13990,1049,1648.6,10.71,2025-10-30
14134,1061,3595.6,28.96,2025-10-30
14817,1107,3097.1,21.45,2025-10-30
15819,1168,1057.4,6.62,2025-10-30
15985,1178,1637.1,17.14,2025-10-30
16297,1204,1179.7,8.46,2025-10-30
16527,1223,1837.7,14.99,2025-10-30
16650,1231,2846.9,19.24,2025-10-30
16870,1249,1499.2,8.65,2025-10-30
17411,1282,1504.8,11.73,2025-10-30
18185,1334,2614.6,11.39,2025-10-30
18399,1350,1035.2,5.94,2025-10-30
19264,1419,1786.9,12.04,2025-10-30
19929,1468,2828.5,32.61,2025-10-30
431,34,3461.3,21.19,2025-10-31
995,82,928.3,9.04,2025-10-31
1331,106,3047.0,16.4,2025-10-31
2086,166,4617.4,21.52,2025-10-31
2097,167,1350.0,11.81,2025-10-31
2341,185,2009.5,10.47,2025-10-31
2558,199,1955.5,14.37,2025-10-31
2687,208,1494.7,6.75,2025-10-31
2743,212,6638.7,33.36,2025-10-31
5062,391,2944.5,19.28,2025-10-31
5826,448,2375.8,20.27,2025-10-31
5829,448,3898.7,20.6,2025-10-31
6177,475,3827.6,23.67,2025-10-31
7099,546,2752.0,16.74,2025-10-31
7314,559,4211.1,22.14,2025-10-31
7334,560,2857.8,18.82,2025-10-31
7855,601,3219.2,15.09,2025-10-31
8317,639,1446.6,13.39,2025-10-31
8755,675,1351.2,9.64,2025-10-31
8870,682,1101.0,9.63,2025-10-31
9876,748,1939.9,11.57,2025-10-31
9883,748,3664.9,19.92,2025-10-31
10069,764,1690.1,21.46,2025-10-31
12013,903,2342.3,18.58,2025-10-31
12457,934,1869.3,12.45,2025-10-31
12655,946,4512.7,38.9,2025-10-31
13086,979,2780.7,13.23,2025-10-31
13107,980,2917.4,17.36,2025-10-31
13306,996,2335.4,13.14,2025-10-31
13843,1035,1730.6,14.42,2025-10-31
13981,1048,1983.7,11.04,2025-10-31
15034,1120,2512.1,15.9,2025-10-31
15244,1132,1602.7,10.61,2025-10-31
15733,1164,2009.6,14.78,2025-10-31
16981,1256,785.0,6.78,2025-10-31
17089,1262,2225.7,17.29,2025-10-31
17175,1266,1802.2,14.21,2025-10-31
18412,1352,1649.6,10.82,2025-10-31
18526,1358,3236.9,20.45,2025-10-31
18649,1369,3109.3,21.5,2025-10-31
20236,1493,1385.5,9.67,2025-10-31
20351,212,6638.7,33.36,2025-10-31
20355,996,2335.4,13.14,2025-10-31
20416,1048,1983.7,11.04,2025-10-31
158,15,3729.1,28.77,2025-11-01
161,15,2805.3,18.14,2025-11-01
540,43,2365.5,13.84,2025-11-01
763,65,1900.0,14.1,2025-11-01
1365,109,1693.9,10.17,2025-11-01
1515,120,893.5,6.21,2025-11-01
1778,141,2016.4,12.13,2025-11-01
1915,150,1209.6,9.13,2025-11-01
2518,196,2947.4,16.9,2025-11-01
2810,216,2048.0,15.88,2025-11-01
3037,231,1219.6,7.09,2025-11-01
4047,303,7811.4,44.15,2025-11-01
4076,307,1645.2,11.43,2025-11-01
4371,332,1142.7,8.73,2025-11-01
4438,340,1568.0,8.58,2025-11-01
6254,485,1616.9,10.29,2025-11-01
7078,544,3684.9,18.97,2025-11-01
7531,577,2304.1,13.21,2025-11-01
7781,595,1808.4,11.19,2025-11-01
7935,607,3578.2,45.71,2025-11-01
8018,612,1520.4,8.14,2025-11-01
8387,645,4258.6,24.32,2025-11-01
8731,674,2868.2,19.73,2025-11-01
9381,712,1458.2,7.06,2025-11-01
9552,722,2576.5,14.24,2025-11-01
10444,785,2636.1,15.55,2025-11-01
10852,813,2981.6,12.61,2025-11-01
11257,847,2077.4,11.78,2025-11-01
11369,853,2058.3,14.36,2025-11-01
11611,873,3785.6,27.2,2025-11-01
12300,920,1960.8,12.81,2025-11-01
13716,1027,2784.1,22.22,2025-11-01
14183,1064,1878.5,10.6,2025-11-01
15083,1124,6619.9,40.38,2025-11-01
15210,1130,2261.4,13.31,2025-11-01
15567,1157,3005.8,15.48,2025-11-01
16264,1203,3499.4,19.31,2025-11-01
16432,1214,3828.5,28.43,2025-11-01
16731,1239,2283.1,12.87,2025-11-01
17011,1258,4486.3,30.36,2025-11-01
17785,1311,2039.7,18.03,2025-11-01
18741,1377,4099.4,30.81,2025-11-01
19544,1439,3721.5,19.49,2025-11-01
19620,1448,3488.2,22.84,2025-11-01
19740,1455,2082.8,14.29,2025-11-01
19833,1462,3668.7,21.44,2025-11-01
20288,1495,4642.0,30.63,2025-11-01
66,8,2476.6,13.57,2025-11-02
83,11,3059.8,27.11,2025-11-02
84,11,1323.0,8.18,2025-11-02
804,69,3185.4,16.03,2025-11-02
1036,84,4058.3,21.31,2025-11-02
1917,151,2967.6,15.88,2025-11-02
2017,160,5001.3,28.01,2025-11-02
2110,168,2912.5,13.92,2025-11-02
2981,229,2312.9,17.74,2025-11-02
4081,308,1710.6,15.8,2025-11-02
5348,415,2959.8,19.13,2025-11-02
5511,426,1693.8,12.82,2025-11-02
5966,459,3098.6,25.16,2025-11-02
7504,575,3659.5,23.94,2025-11-02
8215,628,1846.1,12.4,2025-11-02
8262,634,1956.0,21.3,2025-11-02
8694,670,4204.9,29.9,2025-11-02
9137,697,1774.1,13.15,2025-11-02
9224,703,1672.1,9.99,2025-11-02
9464,716,1660.1,10.96,2025-11-02
9815,743,1668.9,9.26,2025-11-02
9846,746,3298.3,35.23,2025-11-02
9955,755,2316.7,19.11,2025-11-02
10620,796,3625.3,25.48,2025-11-02
12207,915,3715.9,18.69,2025-11-02
12406,927,3010.4,22.88,2025-11-02
12411,928,4551.4,25.77,2025-11-02
12864,964,1643.8,12.99,2025-11-02
12951,971,4548.3,34.96,2025-11-02
13342,998,2844.2,16.8,2025-11-02
14117,1060,8299.4,49.89,2025-11-02
14372,1076,1677.3,10.54,2025-11-02
14675,1096,4481.2,32.49,2025-11-02
14755,1101,3265.2,19.75,2025-11-02
15105,1125,3291.2,18.6,2025-11-02
15659,1161,1716.0,9.11,2025-11-02
15729,1164,4654.2,34.36,2025-11-02
16017,1181,5409.3,32.3,2025-11-02
16088,1190,4461.7,23.81,2025-11-02
16287,1204,2133.4,19.91,2025-11-02
17133,1263,2795.4,15.43,2025-11-02
17263,1271,2129.6,13.13,2025-11-02
17449,1283,1738.9,13.81,2025-11-02
18468,1355,2391.7,12.7,2025-11-02
18471,1355,3916.1,24.47,2025-11-02
18671,1372,950.0,8.37,2025-11-02
18950,1398,3052.8,16.85,2025-11-02
19299,1422,2243.0,16.7,2025-11-02
19574,1443,5008.5,29.25,2025-11-02
709,60,2211.4,18.04,2025-11-03
712,61,7421.7,38.9,2025-11-03
1189,96,5137.5,34.38,2025-11-03
1569,121,1695.3,14.46,2025-11-03
2052,163,2775.5,14.5,2025-11-03
2143,172,1352.9,8.27,2025-11-03
2315,184,3557.5,22.26,2025-11-03
3268,242,1949.7,14.42,2025-11-03
3279,243,1438.8,12.2,2025-11-03
3619,273,3951.4,19.98,2025-11-03
4482,344,2937.3,34.19,2025-11-03
5020,389,2630.9,17.13,2025-11-03
5159,400,2991.1,14.44,2025-11-03
5545,429,3712.1,25.72,2025-11-03
5916,455,4105.4,21.83,2025-11-03
6336,491,2303.3,12.45,2025-11-03
6569,508,1793.9,10.58,2025-11-03
7098,546,5243.4,34.18,2025-11-03
7275,558,2149.6,17.12,2025-11-03
7305,559,3578.1,23.68,2025-11-03
7398,565,1914.3,9.79,2025-11-03
7468,572,3299.8,29.25,2025-11-03
7620,582,0.0,0.0,2025-11-03
7904,605,2561.2,19.41,2025-11-03
8185,626,4450.6,29.89,2025-11-03
8301,639,2335.3,12.27,2025-11-03
8759,676,5486.9,35.96,2025-11-03
9362,710,2747.5,13.46,2025-11-03
9387,712,4188.5,25.54,2025-11-03
9932,752,2364.0,14.05,2025-11-03
10632,796,1593.5,13.78,2025-11-03
11300,848,1942.5,11.82,2025-11-03
11322,850,3808.2,25.48,2025-11-03
11422,857,1999.5,13.18,2025-11-03
11875,891,2060.0,11.35,2025-11-03
12983,972,2756.4,23.88,2025-11-03
13427,1004,1003.1,11.66,2025-11-03
13647,1022,1817.7,14.55,2025-11-03
14169,1063,2482.8,19.08,2025-11-03
14306,1072,6384.1,34.36,2025-11-03
14446,1081,2491.3,17.21,2025-11-03
15061,1121,4472.4,25.49,2025-11-03
15255,1133,1231.1,10.75,2025-11-03
15569,1157,2662.3,15.26,2025-11-03
16938,1252,6098.0,35.7,2025-11-03
17120,1263,5864.2,29.57,2025-11-03
17243,1271,3424.0,19.27,2025-11-03
17279,1272,3013.3,16.22,2025-11-03
17408,1282,1493.0,12.47,2025-11-03
17488,1289,2129.9,20.23,2025-11-03
18588,1365,2026.9,12.44,2025-11-03
18731,1377,837.5,5.6,2025-11-03
18869,1393,3310.0,17.1,2025-11-03
18984,1400,2988.7,15.66,2025-11-03
19448,1433,1698.1,15.03,2025-11-03
20088,1478,4984.8,29.26,2025-11-03
20169,1488,2866.4,20.75,2025-11-03
1714,133,2606.1,14.9,2025-11-04
2929,226,1323.6,10.76,2025-11-04
2956,227,1798.8,16.56,2025-11-04
3199,238,1291.3,8.12,2025-11-04
3717,280,3030.3,17.03,2025-11-04
3844,290,2304.2,15.67,2025-11-04
4724,361,2684.8,17.55,2025-11-04
4754,365,1246.2,6.71,2025-11-04
4888,375,0.0,0.0,2025-11-04
5061,391,2317.4,16.88,2025-11-04
5188,401,5622.1,34.95,2025-11-04
5610,432,1411.5,18.7,2025-11-04
6033,465,1976.9,17.76,2025-11-04
6233,481,1826.7,12.13,2025-11-04
6293,487,2395.3,17.33,2025-11-04
7011,538,5668.4,28.38,2025-11-04
7830,598,2246.4,22.29,2025-11-04
7832,599,2466.5,11.72,2025-11-04
7917,606,3669.3,34.92,2025-11-04
7934,607,3085.5,16.22,2025-11-04
7945,607,1599.6,8.05,2025-11-04
7979,609,1642.4,8.76,2025-11-04
8054,615,3410.0,33.29,2025-11-04
8831,680,3985.9,26.33,2025-11-04
9457,715,1934.0,14.57,2025-11-04
9628,729,8179.7,36.05,2025-11-04
10257,774,2257.7,15.75,2025-11-04
11818,887,5661.4,30.92,2025-11-04
11820,887,4328.6,22.56,2025-11-04
12452,933,3246.3,24.87,2025-11-04
12576,940,784.5,6.94,2025-11-04
12900,965,1140.4,8.49,2025-11-04
12965,971,6478.3,42.36,2025-11-04
14045,1052,3971.8,30.56,2025-11-04
14551,1089,3140.2,19.16,2025-11-04
14962,1116,1786.2,15.32,2025-11-04
15748,1165,1930.7,16.09,2025-11-04
15854,1169,1200.7,11.36,2025-11-04
16025,1181,1993.2,11.69,2025-11-04
16704,1237,6134.3,33.83,2025-11-04
17349,1276,3451.7,22.81,2025-11-04
17788,1311,3416.8,25.77,2025-11-04
18059,1327,5642.4,37.67,2025-11-04
18317,1346,3996.2,20.09,2025-11-04
18433,1354,2402.5,12.14,2025-11-04
19224,1417,2015.7,10.81,2025-11-04
20240,1494,3331.0,23.0,2025-11-04
20328,1500,3851.0,30.25,2025-11-04
160,15,2049.9,9.09,2025-11-05
1518,120,4085.8,28.2,2025-11-05
1824,145,6604.1,44.38,2025-11-05
2069,165,3760.6,20.15,2025-11-05
2369,186,1219.7,17.62,2025-11-05
2701,209,3514.7,21.11,2025-11-05
2725,211,3198.7,22.7,2025-11-05
3025,230,1462.6,10.26,2025-11-05
3611,272,1015.7,8.29,2025-11-05
3955,297,2653.3,17.53,2025-11-05
4422,338,1181.2,7.56,2025-11-05
4679,358,3501.7,20.68,2025-11-05
5556,429,3382.7,20.81,2025-11-05
5776,445,1380.9,10.45,2025-11-05
6029,465,2276.6,12.92,2025-11-05
6159,474,2198.1,15.19,2025-11-05
7530,577,1166.4,10.45,2025-11-05
7949,607,6632.6,40.39,2025-11-05
8084,616,2300.6,15.96,2025-11-05
8228,630,1952.3,10.65,2025-11-05
8268,635,2356.9,18.1,2025-11-05
8316,639,2184.9,13.76,2025-11-05
8987,690,1908.3,13.69,2025-11-05
9141,698,2732.8,12.36,2025-11-05
9754,738,3270.0,20.74,2025-11-05
9785,741,3321.3,18.44,2025-11-05
10296,777,2030.2,14.7,2025-11-05
10453,787,4217.7,17.87,2025-11-05
10597,795,3121.3,14.97,2025-11-05
10648,798,682.5,9.09,2025-11-05
11097,833,1156.6,10.29,2025-11-05
11935,897,2056.7,13.97,2025-11-05
12028,903,3845.3,20.09,2025-11-05
12439,932,3275.6,21.22,2025-11-05
13396,1001,2045.4,18.66,2025-11-05
13635,1021,0.0,0.0,2025-11-05
13885,1040,2557.2,17.97,2025-11-05
14032,1051,1594.2,9.14,2025-11-05
14566,1090,1852.5,19.15,2025-11-05
15011,1118,2604.4,16.36,2025-11-05
15344,1140,2457.3,14.36,2025-11-05
15382,1143,2938.9,15.16,2025-11-05
15559,1156,2695.2,23.61,2025-11-05
16342,1209,7002.4,33.36,2025-11-05
17147,1264,1661.2,10.29,2025-11-05
17561,1294,3804.9,39.72,2025-11-05
19124,1413,2184.4,18.83,2025-11-05
19130,1413,2822.6,18.21,2025-11-05
19231,1418,2585.3,19.66,2025-11-05
19718,1454,3286.7,18.77,2025-11-05
19823,1461,2307.6,18.46,2025-11-05
20242,1494,2684.0,18.85,2025-11-05
203,19,2685.3,17.63,2025-11-06
383,27,1336.3,8.65,2025-11-06
680,58,1771.4,10.63,2025-11-06
1002,82,4632.5,27.34,2025-11-06
1396,110,3323.9,18.3,2025-11-06
1680,132,1358.1,7.85,2025-11-06
1954,153,2681.3,16.39,2025-11-06
2500,195,2667.4,13.74,2025-11-06
2585,201,1396.5,10.08,2025-11-06
2717,210,5497.8,35.92,2025-11-06
3557,265,2665.5,22.65,2025-11-06
4296,326,1664.0,10.88,2025-11-06
5728,442,2069.4,13.29,2025-11-06
6449,500,8542.8,42.97,2025-11-06
6779,520,2097.6,11.25,2025-11-06
6971,535,1936.6,10.75,2025-11-06
7177,551,5051.6,39.41,2025-11-06
7424,568,3536.9,27.27,2025-11-06
7756,594,4814.4,22.74,2025-11-06
8404,646,2289.9,14.73,2025-11-06
8676,669,4180.5,19.52,2025-11-06
9845,746,1735.8,13.62,2025-11-06
9853,746,1392.3,8.1,2025-11-06
10825,811,2479.3,23.87,2025-11-06
10947,819,788.5,8.16,2025-11-06
11006,822,1425.9,11.46,2025-11-06
12849,961,2550.1,15.37,2025-11-06
12989,972,1028.9,11.51,2025-11-06
12992,972,2095.3,12.03,2025-11-06
13097,979,2200.4,15.12,2025-11-06
13131,982,1423.7,7.05,2025-11-06
13733,1028,1428.3,8.75,2025-11-06
14222,1067,2532.4,16.1,2025-11-06
14246,1068,4515.8,34.05,2025-11-06
14825,1107,5232.7,27.16,2025-11-06
14913,1113,1433.0,10.88,2025-11-06
16112,1191,2223.5,16.15,2025-11-06
16687,1236,2917.9,14.88,2025-11-06
17023,1259,4522.2,20.14,2025-11-06
19138,1413,2670.1,14.76,2025-11-06
19183,1415,1740.5,13.02,2025-11-06
20336,27,1336.3,8.65,2025-11-06
46,6,3874.1,23.45,2025-11-07
837,70,5537.7,35.82,2025-11-07
1640,128,2307.2,17.34,2025-11-07
1643,128,2884.7,13.71,2025-11-07
3441,254,1124.0,8.09,2025-11-07
3519,263,1973.0,13.81,2025-11-07
3838,290,1177.8,8.07,2025-11-07
4489,344,0.0,0.0,2025-11-07
5696,437,2733.3,10.76,2025-11-07
6552,507,1570.5,9.23,2025-11-07
7696,588,3673.6,27.1,2025-11-07
7838,599,2110.1,11.51,2025-11-07
7912,606,2788.1,21.01,2025-11-07
8175,625,2266.7,22.74,2025-11-07
8511,653,1802.0,12.57,2025-11-07
8782,679,2214.8,15.95,2025-11-07
8840,681,1694.6,15.63,2025-11-07
9500,719,2591.6,19.73,2025-11-07
10276,775,2045.4,11.15,2025-11-07
11116,835,1353.8,12.25,2025-11-07
11308,848,2540.4,13.58,2025-11-07
11480,864,8005.9,41.18,2025-11-07
11568,870,3017.9,16.48,2025-11-07
11706,879,982.2,6.62,2025-11-07
11930,897,2190.0,19.12,2025-11-07
11973,900,7374.7,39.17,2025-11-07
11999,903,2635.3,18.26,2025-11-07
12022,903,2463.0,13.65,2025-11-07
12181,913,5282.1,31.48,2025-11-07
12347,922,1753.1,10.76,2025-11-07
12863,963,1956.8,12.33,2025-11-07
12955,971,3909.7,18.75,2025-11-07
14398,1078,5493.2,27.65,2025-11-07
14648,1095,2197.4,18.73,2025-11-07
15069,1122,6960.1,45.73,2025-11-07
15787,1167,2409.0,17.7,2025-11-07
15926,1172,2185.7,9.56,2025-11-07
16075,1188,3076.5,12.39,2025-11-07
16117,1192,5128.2,29.88,2025-11-07
16154,1195,6396.0,34.21,2025-11-07
16182,1197,4274.5,28.72,2025-11-07
16755,1242,3722.7,19.71,2025-11-07
16799,1245,3211.6,20.27,2025-11-07
16866,1249,7376.8,28.53,2025-11-07
17577,1295,4545.0,24.86,2025-11-07
18768,1380,1535.8,8.73,2025-11-07
18841,1388,3813.4,20.96,2025-11-07
18876,1393,1760.6,10.89,2025-11-07
19287,1421,1494.0,12.25,2025-11-07
19911,1468,2838.1,30.96,2025-11-07
333,24,1737.2,12.49,2025-11-08
446,36,7327.9,35.23,2025-11-08
456,36,2659.0,22.02,2025-11-08
681,58,2816.5,14.43,2025-11-08
1721,134,2606.2,16.76,2025-11-08
2307,184,4313.6,20.28,2025-11-08
2591,201,1926.5,9.75,2025-11-08
2752,213,5980.7,34.87,2025-11-08
3410,252,2638.3,13.11,2025-11-08
3479,256,2063.2,13.17,2025-11-08
3485,258,2955.4,16.26,2025-11-08
5108,395,2609.4,17.81,2025-11-08
5693,436,2321.0,17.33,2025-11-08
6130,473,1654.7,8.74,2025-11-08
6642,513,2167.1,11.21,2025-11-08
7321,560,2997.9,24.79,2025-11-08
7728,591,1250.1,8.96,2025-11-08
7920,606,3617.4,22.06,2025-11-08
7977,609,2882.9,16.44,2025-11-08
8067,616,4851.2,31.95,2025-11-08
9092,693,2448.6,17.81,2025-11-08
9143,698,3111.0,19.76,2025-11-08
9617,728,6290.0,31.31,2025-11-08
10522,791,2090.6,12.25,2025-11-08
10580,793,2294.8,16.05,2025-11-08
11128,838,1903.3,16.75,2025-11-08
12182,913,922.4,5.41,2025-11-08
12765,954,1764.9,12.18,2025-11-08
12813,959,2739.8,16.98,2025-11-08
13066,978,3509.0,25.52,2025-11-08
14359,1075,1395.2,10.26,2025-11-08
14363,1075,1943.8,12.36,2025-11-08
14617,1092,3634.1,27.73,2025-11-08
14790,1105,4204.8,26.96,2025-11-08
15258,1133,1459.7,8.34,2025-11-08
16857,1248,1449.5,15.18,2025-11-08
17007,1258,3998.0,29.07,2025-11-08
17223,1270,5322.2,35.07,2025-11-08
17319,1274,2497.7,18.42,2025-11-08
17487,1289,2396.8,17.59,2025-11-08
17518,1291,2548.0,13.18,2025-11-08
17973,1321,2614.1,12.94,2025-11-08
18155,1332,2832.4,19.35,2025-11-08
18304,1345,2403.0,15.65,2025-11-08
18347,1347,3379.0,22.98,2025-11-08
18448,1354,4194.6,29.34,2025-11-08
19113,1410,3652.7,20.07,2025-11-08
19261,1419,1511.1,9.4,2025-11-08
19323,1423,3729.6,19.65,2025-11-08
19885,1467,1720.0,9.12,2025-11-08
992,82,3006.4,17.42,2025-11-09
1016,82,3588.4,22.44,2025-11-09
1167,96,1319.2,8.31,2025-11-09
1422,112,3158.8,17.29,2025-11-09
1717,134,2085.8,13.11,2025-11-09
1938,152,2813.0,24.97,2025-11-09
1975,156,884.8,5.34,2025-11-09
2118,168,2119.8,18.98,2025-11-09
2715,210,1777.1,10.91,2025-11-09
4261,323,3398.6,18.04,2025-11-09
4395,335,846.2,8.1,2025-11-09
4862,374,2309.7,15.29,2025-11-09
5452,424,2553.9,13.26,2025-11-09
6502,504,4507.4,23.54,2025-11-09
6564,508,2422.5,11.98,2025-11-09
6786,520,3590.6,32.15,2025-11-09
6790,521,2082.8,13.4,2025-11-09
7270,557,675.1,8.42,2025-11-09
7809,596,1917.1,15.77,2025-11-09
8561,659,2510.0,14.72,2025-11-09
9612,728,1970.7,12.96,2025-11-09
9820,743,5544.5,48.54,2025-11-09
10041,763,0.0,0.0,2025-11-09
10445,786,2734.4,16.2,2025-11-09
10992,822,1434.3,8.64,2025-11-09
11060,829,1294.2,7.81,2025-11-09
11310,848,3101.4,16.85,2025-11-09
11752,882,3648.5,22.49,2025-11-09
12050,904,1268.7,8.86,2025-11-09
12220,915,5225.0,24.49,2025-11-09
12415,928,2409.9,13.0,2025-11-09
12459,934,3426.2,20.58,2025-11-09
12588,941,5897.6,29.73,2025-11-09
13128,981,3076.3,17.34,2025-11-09
13213,989,2340.5,13.86,2025-11-09
13368,999,2299.3,17.5,2025-11-09
15006,1118,2530.9,17.31,2025-11-09
15103,1124,1020.7,6.07,2025-11-09
16536,1223,1192.5,10.88,2025-11-09
17026,1259,1925.3,14.13,2025-11-09
17126,1263,4437.6,33.45,2025-11-09
17154,1266,4216.2,25.71,2025-11-09
17211,1269,1480.5,8.78,2025-11-09
17329,1275,5341.5,30.93,2025-11-09
19253,1419,1862.6,10.64,2025-11-09
20066,1477,7606.9,38.92,2025-11-09
420,32,3192.2,25.65,2025-11-10
1237,100,2071.2,15.83,2025-11-10
1292,103,2288.1,12.27,2025-11-10
1707,133,3374.7,15.64,2025-11-10
1898,149,2965.7,15.42,2025-11-10
2606,202,2172.6,17.29,2025-11-10
3076,233,3363.2,24.35,2025-11-10
3123,236,7069.5,40.51,2025-11-10
3219,239,2820.5,17.22,2025-11-10
3241,241,2583.1,23.12,2025-11-10
4390,333,1885.2,12.31,2025-11-10
4559,348,1976.3,19.84,2025-11-10
4636,356,3289.4,16.96,2025-11-10
5111,395,2998.3,16.48,2025-11-10
6264,486,4345.5,25.41,2025-11-10
6529,505,2686.7,14.62,2025-11-10
6645,513,3952.1,22.59,2025-11-10
7771,594,5382.5,35.63,2025-11-10
7840,599,2799.7,19.03,2025-11-10
7874,601,2283.7,16.96,2025-11-10
8125,620,3882.1,22.76,2025-11-10
8678,669,2612.6,25.24,2025-11-10
9341,709,1171.4,13.94,2025-11-10
10316,778,2695.0,15.08,2025-11-10
10582,793,3943.1,32.44,2025-11-10
11475,863,5738.3,34.0,2025-11-10
11764,883,3282.0,16.03,2025-11-10
12672,948,2883.2,18.83,2025-11-10
12862,962,2059.1,13.27,2025-11-10
13179,985,4239.9,27.17,2025-11-10
13976,1047,2960.8,15.05,2025-11-10
14129,1061,4602.3,31.03,2025-11-10
14242,1068,4292.7,36.48,2025-11-10
14369,1075,2253.6,13.15,2025-11-10
14643,1094,2972.3,15.72,2025-11-10
14887,1111,2080.3,15.58,2025-11-10
15655,1161,1641.2,14.31,2025-11-10
17503,1289,2275.4,16.21,2025-11-10
17675,1303,4291.9,33.08,2025-11-10
17924,1320,8197.5,61.87,2025-11-10
18063,1328,2615.8,16.34,2025-11-10
18375,1349,2276.6,13.69,2025-11-10
18543,1359,2144.2,9.32,2025-11-10
18979,1400,3132.4,15.98,2025-11-10
19013,1402,1553.2,7.4,2025-11-10
19244,1418,1342.5,9.54,2025-11-10
19626,1448,2314.7,21.34,2025-11-10
19865,1465,946.0,9.59,2025-11-10
20167,1488,2107.9,19.35,2025-11-10
387,27,2768.8,29.91,2025-11-11
1516,120,3162.2,19.41,2025-11-11
2387,188,0.0,0.0,2025-11-11
2770,214,3028.4,22.31,2025-11-11
3454,255,5183.8,25.44,2025-11-11
4042,303,2834.0,21.5,2025-11-11
4272,325,1343.7,10.8,2025-11-11
5859,450,2463.6,18.89,2025-11-11
6622,512,4377.8,35.05,2025-11-11
7112,546,1510.7,13.14,2025-11-11
7630,582,2998.8,21.92,2025-11-11
7643,584,1546.6,11.16,2025-11-11
8060,615,1949.1,10.73,2025-11-11
8069,616,4040.0,18.22,2025-11-11
8253,633,1643.1,16.07,2025-11-11
8270,635,2086.3,11.75,2025-11-11
8572,660,2864.8,17.69,2025-11-11
8629,664,2312.0,15.02,2025-11-11
9327,708,1706.7,13.09,2025-11-11
9345,709,3506.6,20.4,2025-11-11
10368,781,4219.9,24.93,2025-11-11
10902,816,2824.1,25.41,2025-11-11
11371,854,2286.2,17.39,2025-11-11
11388,855,661.7,8.27,2025-11-11
11519,867,8262.7,38.48,2025-11-11
12836,960,3216.0,18.69,2025-11-11
13004,973,1830.2,15.8,2025-11-11
13437,1004,3656.4,21.78,2025-11-11
13723,1027,6118.6,32.41,2025-11-11
14059,1054,5229.1,28.5,2025-11-11
15770,1165,2403.9,17.38,2025-11-11
15816,1168,2036.2,17.42,2025-11-11
16077,1188,1915.2,10.46,2025-11-11
16685,1236,3690.1,32.21,2025-11-11
16852,1247,3647.6,20.88,2025-11-11
17226,1270,2697.0,18.87,2025-11-11
17922,1320,2411.6,15.26,2025-11-11
18861,1391,1000.1,15.51,2025-11-11
19100,1408,1743.2,8.15,2025-11-11
20140,1486,683.5,6.38,2025-11-11
20304,1497,1818.1,11.53,2025-11-11
1124,92,1804.2,10.9,2025-11-12
1349,107,2971.2,16.45,2025-11-12
1661,130,1728.1,7.55,2025-11-12
2364,186,2392.2,13.62,2025-11-12
2431,190,3886.4,23.08,2025-11-12
3107,235,7919.7,56.05,2025-11-12
3115,235,1728.4,12.45,2025-11-12
3203,238,3392.6,21.6,2025-11-12
4052,303,1624.5,9.89,2025-11-12
4647,357,1419.6,10.46,2025-11-12
4927,379,2095.8,16.05,2025-11-12
6356,494,2948.9,17.23,2025-11-12
8180,626,1366.9,12.34,2025-11-12
9110,695,3254.8,17.1,2025-11-12
9710,736,6930.1,33.77,2025-11-12
10612,796,3406.4,17.54,2025-11-12
10667,799,2887.6,21.88,2025-11-12
11798,887,2890.8,16.66,2025-11-12
12168,913,5137.0,42.74,2025-11-12
12447,932,3079.7,16.8,2025-11-12
12614,944,2132.1,11.11,2025-11-12
13740,1028,2013.1,14.92,2025-11-12
13916,1042,4396.9,25.08,2025-11-12
15849,1169,2642.5,14.5,2025-11-12
15946,1176,880.2,6.09,2025-11-12
16491,1218,2544.0,12.98,2025-11-12
17757,1310,1012.1,7.71,2025-11-12
17774,1311,3194.5,22.54,2025-11-12
18320,1346,1029.1,7.05,2025-11-12
19583,1443,3502.8,23.35,2025-11-12
20077,1478,1798.5,10.29,2025-11-12
440,35,4079.0,26.6,2025-11-13
1878,148,1154.4,7.17,2025-11-13
2661,206,1457.6,9.61,2025-11-13
3609,271,2202.9,14.05,2025-11-13
3760,283,3434.6,19.76,2025-11-13
3787,285,3041.2,19.93,2025-11-13
3911,293,2695.5,17.06,2025-11-13
4116,309,1905.7,17.9,2025-11-13
5157,400,2426.9,18.62,2025-11-13
5289,411,1347.4,8.91,2025-11-13
5647,434,2254.6,13.56,2025-11-13
6010,464,922.2,7.91,2025-11-13
6274,487,1557.8,9.73,2025-11-13
6398,497,4688.1,25.08,2025-11-13
7083,544,3032.2,15.62,2025-11-13
7923,606,1414.9,14.61,2025-11-13
8813,679,2705.5,19.87,2025-11-13
9170,699,1659.2,9.42,2025-11-13
9881,748,1495.7,10.33,2025-11-13
10581,793,3025.7,23.12,2025-11-13
10968,821,3957.8,28.25,2025-11-13
11767,883,2836.6,14.65,2025-11-13
11829,888,2769.1,13.64,2025-11-13
11969,900,1798.5,11.5,2025-11-13
12105,908,8467.1,49.59,2025-11-13
12630,945,2651.2,13.9,2025-11-13
13033,975,1828.7,12.7,2025-11-13
13309,996,5268.5,32.52,2025-11-13
13902,1041,2723.9,19.04,2025-11-13
14533,1087,2001.2,24.79,2025-11-13
15913,1172,5118.3,32.63,2025-11-13
15959,1177,1925.5,11.95,2025-11-13
16668,1233,1339.2,7.45,2025-11-13
17297,1273,2365.2,16.36,2025-11-13
17412,1282,3954.1,24.97,2025-11-13
17415,1282,1487.4,24.79,2025-11-13
18023,1327,3601.1,16.9,2025-11-13
18278,1342,5302.1,23.55,2025-11-13
18574,1363,1604.6,13.87,2025-11-13
19045,1403,1709.3,14.02,2025-11-13
19392,1429,2407.1,28.23,2025-11-13
19444,1433,2239.5,12.52,2025-11-13
19603,1446,1145.0,7.2,2025-11-13
19697,1453,2578.2,15.29,2025-11-13
19841,1462,4126.7,30.2,2025-11-13
20091,1478,1857.3,13.12,2025-11-13
94,12,2943.0,17.76,2025-11-14
565,47,2489.6,16.55,2025-11-14
1094,90,1989.9,13.42,2025-11-14
1507,119,0.0,0.0,2025-11-14
2729,211,10125.2,60.55,2025-11-14
3004,229,2350.5,20.84,2025-11-14
3006,229,2565.8,17.0,2025-11-14
3184,238,1478.9,11.58,2025-11-14
4731,362,4770.3,25.42,2025-11-14
4806,371,1586.1,17.74,2025-11-14
4808,371,1383.0,7.84,2025-11-14
5754,444,2512.4,16.94,2025-11-14
6464,501,2576.2,19.77,2025-11-14
6732,518,3396.8,24.39,2025-11-14
6795,522,2476.4,14.68,2025-11-14
6949,533,1698.2,17.45,2025-11-14
7869,601,2194.1,14.19,2025-11-14
8136,621,3055.9,19.21,2025-11-14
8607,662,4151.4,22.55,2025-11-14
9167,699,4709.8,32.76,2025-11-14
10033,762,3188.5,17.83,2025-11-14
10526,791,2466.2,16.05,2025-11-14
11442,860,2921.3,18.31,2025-11-14
11904,894,935.4,10.55,2025-11-14
11911,895,1621.6,12.42,2025-11-14
11948,898,2951.1,15.94,2025-11-14
12072,906,1975.1,13.06,2025-11-14
13370,999,1935.8,17.42,2025-11-14
14104,1058,1974.5,11.53,2025-11-14
14501,1084,6497.0,36.68,2025-11-14
14571,1090,8025.8,34.77,2025-11-14
14671,1096,4183.6,25.78,2025-11-14
14977,1117,2555.7,20.83,2025-11-14
15109,1125,1892.4,13.83,2025-11-14
15372,1142,1587.9,11.08,2025-11-14
15454,1151,2057.8,14.36,2025-11-14
15894,1170,1791.1,11.92,2025-11-14
16008,1181,2256.3,13.48,2025-11-14
16102,1191,777.3,6.97,2025-11-14
16906,1251,1802.5,11.42,2025-11-14
17237,1270,1690.2,13.76,2025-11-14
17506,1289,3310.8,23.27,2025-11-14
18238,1340,3239.4,17.97,2025-11-14
18785,1382,1324.5,6.81,2025-11-14
19260,1419,1605.9,9.91,2025-11-14
19711,1454,2749.2,14.08,2025-11-14
19856,1464,1995.1,12.87,2025-11-14
20120,1484,2490.4,17.3,2025-11-14
558,46,2576.8,18.07,2025-11-15
810,69,3302.1,26.1,2025-11-15
1178,96,3213.0,15.33,2025-11-15
1225,99,3107.2,21.84,2025-11-15
1275,102,2443.3,12.63,2025-11-15
2129,171,1912.8,13.04,2025-11-15
2671,207,4672.5,29.42,2025-11-15
3029,231,2102.7,11.76,2025-11-15
3166,237,3186.2,21.44,2025-11-15
3964,298,2955.9,18.36,2025-11-15
4301,327,827.9,7.09,2025-11-15
4478,344,2442.8,11.49,2025-11-15
4714,361,5186.1,27.91,2025-11-15
5152,399,2914.5,17.88,2025-11-15
5858,450,1648.6,9.89,2025-11-15
6844,523,2612.7,23.04,2025-11-15
7403,568,2695.9,16.09,2025-11-15
7446,569,2741.9,17.08,2025-11-15
7474,572,4697.1,17.65,2025-11-15
9038,691,2583.3,22.9,2025-11-15
10092,766,3275.8,23.41,2025-11-15
10249,773,3078.4,20.5,2025-11-15
10376,781,2185.0,12.67,2025-11-15
10755,806,2463.1,15.62,2025-11-15
11222,844,2374.8,18.14,2025-11-15
11574,870,5709.9,24.15,2025-11-15
11685,877,992.7,9.13,2025-11-15
11796,887,3011.5,14.83,2025-11-15
11954,899,2078.2,14.46,2025-11-15
12517,939,2520.1,15.32,2025-11-15
12589,941,2275.9,16.32,2025-11-15
12928,968,2225.3,12.56,2025-11-15
14274,1071,1322.3,12.34,2025-11-15
14667,1096,2345.1,21.85,2025-11-15
15383,1143,3293.3,26.1,2025-11-15
15459,1151,1691.4,12.31,2025-11-15
15902,1171,1686.5,10.02,2025-11-15
16532,1223,1384.3,9.74,2025-11-15
17248,1271,1900.6,10.92,2025-11-15
18076,1328,2349.9,15.44,2025-11-15
18162,1332,5558.1,37.85,2025-11-15
20063,1477,1331.6,12.45,2025-11-15
168,15,1398.6,9.3,2025-11-16
234,20,8849.8,47.66,2025-11-16
358,25,1566.2,10.87,2025-11-16
362,25,2720.0,16.16,2025-11-16
677,58,4181.5,30.0,2025-11-16
1120,92,1441.3,8.2,2025-11-16
1162,94,2273.3,13.98,2025-11-16
2170,174,3397.0,19.7,2025-11-16
2670,207,1395.8,12.5,2025-11-16
3040,231,3520.1,16.38,2025-11-16
3669,276,2715.7,18.38,2025-11-16
3820,288,2628.8,13.65,2025-11-16
4470,343,2753.4,18.24,2025-11-16
6767,519,3390.5,20.61,2025-11-16
6836,523,3715.1,17.06,2025-11-16
7059,542,3720.0,18.69,2025-11-16
7328,560,2829.4,15.24,2025-11-16
7913,606,4574.9,22.2,2025-11-16
8248,633,2272.4,24.74,2025-11-16
8798,679,3417.5,20.6,2025-11-16
8908,683,2357.4,15.39,2025-11-16
9416,714,5425.8,31.46,2025-11-16
10446,787,0.0,0.0,2025-11-16
10768,807,2250.9,13.0,2025-11-16
11279,848,2475.0,18.8,2025-11-16
11466,863,808.0,5.19,2025-11-16
11821,887,2693.3,16.34,2025-11-16
12259,917,3807.9,20.32,2025-11-16
13180,985,2636.6,21.63,2025-11-16
13244,992,3093.8,16.97,2025-11-16
14373,1076,2949.4,17.85,2025-11-16
14528,1086,2157.3,14.83,2025-11-16
14970,1117,1595.1,9.86,2025-11-16
15492,1152,1204.0,15.56,2025-11-16
17902,1318,4487.5,32.19,2025-11-16
17947,1321,2032.4,18.57,2025-11-16
19001,1402,2841.2,24.96,2025-11-16
19105,1409,0.0,0.0,2025-11-16
19307,1423,3518.3,26.24,2025-11-16
19338,1424,3227.5,22.74,2025-11-16
19783,1458,3780.8,20.04,2025-11-16
20406,887,2693.3,16.34,2025-11-16
20414,58,4181.5,30.0,2025-11-16
20463,288,2628.8,13.65,2025-11-16
936,77,2258.7,11.96,2025-11-17
1194,97,2139.6,13.24,2025-11-17
1665,131,2348.2,11.72,2025-11-17
2033,161,2150.8,16.66,2025-11-17
2279,182,4354.5,33.01,2025-11-17
3308,244,7966.4,45.62,2025-11-17
3458,256,3156.3,20.82,2025-11-17
4776,368,2546.4,17.74,2025-11-17
5165,400,1647.7,8.53,2025-11-17
5339,414,5363.4,25.72,2025-11-17
5616,432,8836.2,53.0,2025-11-17
6295,488,3515.7,19.17,2025-11-17
6345,493,3307.3,16.18,2025-11-17
6692,515,6904.1,43.35,2025-11-17
7097,546,2072.3,13.76,2025-11-17
7411,568,2996.4,21.04,2025-11-17
7715,591,3956.7,22.92,2025-11-17
8422,647,2334.9,12.3,2025-11-17
8959,687,4062.6,21.56,2025-11-17
9159,699,1060.2,8.37,2025-11-17
9260,704,4888.1,27.89,2025-11-17
9680,735,3885.3,24.98,2025-11-17
9682,735,2397.2,17.17,2025-11-17
10890,815,1273.9,8.4,2025-11-17
12548,940,5452.0,31.65,2025-11-17
12583,941,2940.8,15.47,2025-11-17
12598,943,1197.0,10.8,2025-11-17
13032,974,2126.1,12.19,2025-11-17
13046,977,1460.4,9.65,2025-11-17
13305,996,2427.5,16.79,2025-11-17
13323,996,6983.0,40.28,2025-11-17
14967,1116,3547.7,26.17,2025-11-17
15018,1118,3385.2,25.86,2025-11-17
15728,1164,2405.9,14.62,2025-11-17
15999,1180,3019.9,22.93,2025-11-17
16120,1192,721.7,5.38,2025-11-17
16212,1199,1493.7,8.25,2025-11-17
16292,1204,3530.5,27.68,2025-11-17
16382,1211,2999.1,31.41,2025-11-17
16973,1255,763.5,5.77,2025-11-17
17340,1275,3961.0,22.33,2025-11-17
17547,1293,2667.7,19.77,2025-11-17
18006,1325,4143.7,20.9,2025-11-17
18041,1327,3027.8,17.23,2025-11-17
18262,1342,2907.4,21.37,2025-11-17
18312,1345,6559.1,42.61,2025-11-17
19695,1453,2171.0,23.41,2025-11-17
19847,1463,2793.0,12.39,2025-11-17
20055,1477,2540.0,14.37,2025-11-17
20356,1293,2667.7,19.77,2025-11-17
469,36,4390.9,31.57,2025-11-18
576,48,2373.4,13.19,2025-11-18
926,76,3402.8,20.11,2025-11-18
1164,95,2483.8,18.41,2025-11-18
1955,153,2203.4,16.61,2025-11-18
1956,153,4908.8,32.47,2025-11-18
2116,168,2403.6,22.2,2025-11-18
2446,193,931.1,5.9,2025-11-18
2894,223,5081.4,32.92,2025-11-18
5281,411,0.0,0.0,2025-11-18
5468,424,5110.8,38.19,2025-11-18
5688,436,2217.8,11.5,2025-11-18
6089,469,2459.0,17.55,2025-11-18
6554,507,2772.6,12.62,2025-11-18
7066,543,3159.5,15.85,2025-11-18
7190,552,1018.5,8.6,2025-11-18
8223,629,1764.9,12.69,2025-11-18
8517,653,3285.4,39.6,2025-11-18
9010,690,4859.1,25.54,2025-11-18
10062,764,4758.8,27.11,2025-11-18
10165,770,1495.9,14.25,2025-11-18
10816,810,2867.4,14.65,2025-11-18
10923,817,1006.7,11.4,2025-11-18
11479,864,8047.4,47.45,2025-11-18
11761,883,3474.3,17.02,2025-11-18
12140,910,2964.9,26.39,2025-11-18
12540,940,6037.1,33.43,2025-11-18
12823,959,4181.0,30.85,2025-11-18
13168,985,2876.1,17.12,2025-11-18
14150,1063,1295.8,10.33,2025-11-18
14211,1067,2280.0,15.81,2025-11-18
14628,1093,1121.7,6.52,2025-11-18
14635,1094,2949.5,18.55,2025-11-18
15121,1125,3019.6,19.18,2025-11-18
15125,1125,2744.9,20.29,2025-11-18
16333,1209,8665.3,55.95,2025-11-18
16430,1213,2882.7,24.26,2025-11-18
16757,1242,2802.9,16.67,2025-11-18
16848,1247,4161.6,22.96,2025-11-18
17233,1270,4133.5,20.38,2025-11-18
17387,1279,4219.2,34.59,2025-11-18
17540,1293,2465.5,15.1,2025-11-18
17918,1320,2308.4,15.15,2025-11-18
18011,1326,1969.5,15.39,2025-11-18
18425,1353,2324.1,15.44,2025-11-18
18770,1380,1643.6,13.1,2025-11-18
19605,1446,2392.3,12.88,2025-11-18
395,29,5190.1,28.88,2025-11-19
615,50,1366.8,11.37,2025-11-19
858,72,3340.8,19.86,2025-11-19
894,74,4151.6,26.92,2025-11-19
1390,109,4422.8,23.41,2025-11-19
1403,110,4337.7,20.82,2025-11-19
1658,130,4818.0,33.94,2025-11-19
2564,199,4399.7,36.64,2025-11-19
2731,211,2120.8,15.44,2025-11-19
2804,216,945.0,7.15,2025-11-19
4463,342,1191.2,9.64,2025-11-19
4678,358,2876.1,19.13,2025-11-19
5174,401,3137.2,18.11,2025-11-19
5314,412,3724.9,22.86,2025-11-19
5795,446,6125.2,27.61,2025-11-19
5856,450,2198.6,11.92,2025-11-19
6096,470,2873.4,25.55,2025-11-19
6546,507,1085.9,7.55,2025-11-19
7027,540,4254.7,26.46,2025-11-19
7916,606,1289.9,6.48,2025-11-19
8128,621,4470.4,23.68,2025-11-19
8154,622,3450.1,16.29,2025-11-19
9062,693,2614.9,21.76,2025-11-19
9172,700,2047.7,15.91,2025-11-19
9930,752,4622.9,21.38,2025-11-19
10272,775,2962.0,21.01,2025-11-19
10440,785,2455.1,19.1,2025-11-19
10611,796,3055.9,25.92,2025-11-19
10925,817,1087.4,16.2,2025-11-19
11563,870,2103.8,13.24,2025-11-19
12582,941,1530.9,8.93,2025-11-19
13356,999,1373.2,10.94,2025-11-19
13915,1042,2888.4,20.05,2025-11-19
14271,1070,2347.9,15.45,2025-11-19
14431,1079,3856.4,22.88,2025-11-19
14460,1081,3789.4,21.25,2025-11-19
14482,1082,3431.5,16.76,2025-11-19
14803,1107,4284.2,29.6,2025-11-19
15165,1127,4701.5,21.55,2025-11-19
15166,1127,1245.3,6.47,2025-11-19
15400,1144,1943.3,14.82,2025-11-19
16566,1226,1021.6,6.88,2025-11-19
16677,1236,1990.8,10.85,2025-11-19
16887,1250,3566.3,18.46,2025-11-19
17543,1293,0.0,0.0,2025-11-19
17952,1321,4625.4,26.86,2025-11-19
18118,1329,3655.4,20.33,2025-11-19
18702,1375,3495.0,31.94,2025-11-19
19608,1446,1551.4,9.97,2025-11-19
19673,1451,825.4,8.34,2025-11-19
19857,1465,3455.7,18.66,2025-11-19
20193,1489,3050.5,27.55,2025-11-19
20283,1495,4515.2,25.81,2025-11-19
25,4,1995.1,10.58,2025-11-20
797,68,3740.0,19.37,2025-11-20
848,71,3005.8,20.12,2025-11-20
1520,120,3698.8,15.24,2025-11-20
1988,158,995.3,7.1,2025-11-20
2293,183,3048.6,18.07,2025-11-20
2335,185,2752.4,21.81,2025-11-20
2678,207,4258.4,26.54,2025-11-20
2857,220,3423.3,21.94,2025-11-20
3125,236,1776.0,14.08,2025-11-20
3321,245,1369.9,10.34,2025-11-20
3522,263,1253.6,13.24,2025-11-20
3630,274,2915.3,17.52,2025-11-20
3987,299,4550.0,26.81,2025-11-20
5313,412,4119.9,26.36,2025-11-20
5427,422,2421.9,15.6,2025-11-20
5954,459,3381.1,19.35,2025-11-20
6302,488,1544.1,8.34,2025-11-20
6319,491,4227.9,26.32,2025-11-20
7785,595,3263.5,15.5,2025-11-20
9489,718,2347.2,13.76,2025-11-20
9772,740,7060.0,35.93,2025-11-20
10012,761,2482.6,17.36,2025-11-20
10135,769,2353.6,12.71,2025-11-20
10169,770,903.7,14.25,2025-11-20
10399,782,1750.1,8.42,2025-11-20
10411,782,932.0,7.19,2025-11-20
10614,796,5985.9,30.36,2025-11-20
11413,857,1171.1,7.97,2025-11-20
11419,857,2097.1,10.45,2025-11-20
12822,959,1109.8,12.01,2025-11-20
13137,982,4115.2,22.68,2025-11-20
14623,1093,2267.0,17.54,2025-11-20
15067,1122,3923.3,31.97,2025-11-20
15217,1130,3676.2,18.34,2025-11-20
15443,1150,3523.5,19.79,2025-11-20
15924,1172,4303.0,26.48,2025-11-20
16113,1191,5648.1,28.56,2025-11-20
16314,1206,1614.0,15.16,2025-11-20
16334,1209,2767.2,18.88,2025-11-20
16427,1213,3878.3,18.24,2025-11-20
17423,1283,1123.7,8.33,2025-11-20
17588,1296,1576.6,19.37,2025-11-20
17669,1302,944.6,8.15,2025-11-20
19997,1472,1735.0,12.19,2025-11-20
898,74,4551.1,32.28,2025-11-21
1231,99,4059.1,38.43,2025-11-21
1528,120,2725.4,18.77,2025-11-21
1573,121,2708.9,20.49,2025-11-21
4855,373,3445.9,26.2,2025-11-21
5240,406,2071.5,12.74,2025-11-21
6294,487,1031.9,9.68,2025-11-21
6453,500,2112.3,15.33,2025-11-21
6851,523,2317.9,12.39,2025-11-21
8045,614,1701.7,13.57,2025-11-21
8157,623,3930.2,21.91,2025-11-21
8412,646,1511.0,11.33,2025-11-21
8437,647,863.8,6.21,2025-11-21
9006,690,2249.1,14.61,2025-11-21
9131,696,4313.9,20.49,2025-11-21
9524,721,2259.7,17.51,2025-11-21
10044,763,3068.1,21.19,2025-11-21
10137,769,2907.4,22.43,2025-11-21
10633,796,2544.0,13.95,2025-11-21
11157,839,1557.3,15.8,2025-11-21
11401,855,1270.3,9.27,2025-11-21
11573,870,2516.0,21.31,2025-11-21
12059,905,1931.4,13.28,2025-11-21
12245,917,1622.2,17.03,2025-11-21
12881,965,3397.1,17.19,2025-11-21
13707,1025,3560.7,31.0,2025-11-21
14187,1065,2657.5,14.88,2025-11-21
14375,1076,1292.3,7.72,2025-11-21
14539,1087,2951.1,16.78,2025-11-21
15309,1138,1485.1,11.76,2025-11-21
16104,1191,6641.6,42.13,2025-11-21
16203,1199,2716.0,19.02,2025-11-21
16411,1212,3248.9,22.2,2025-11-21
16535,1223,995.0,7.65,2025-11-21
16551,1224,5336.3,28.33,2025-11-21
17184,1267,4040.8,24.19,2025-11-21
17498,1289,2527.6,16.47,2025-11-21
18452,1355,4818.3,37.47,2025-11-21
19935,1468,3215.7,37.03,2025-11-21
184,16,1263.6,13.89,2025-11-22
252,20,2828.8,26.24,2025-11-22
382,27,4615.2,36.67,2025-11-22
519,43,1832.8,10.48,2025-11-22
721,63,818.8,5.27,2025-11-22
768,66,1484.0,15.14,2025-11-22
776,66,3349.7,14.73,2025-11-22
1633,127,727.9,5.77,2025-11-22
1873,147,11520.3,58.99,2025-11-22
1923,151,2985.6,18.94,2025-11-22
2024,160,2715.0,25.75,2025-11-22
2517,196,2382.4,17.82,2025-11-22
2769,214,3581.2,21.63,2025-11-22
3258,242,1597.3,13.17,2025-11-22
3645,275,3519.3,14.75,2025-11-22
3691,278,1875.6,12.08,2025-11-22
3751,283,2643.2,16.28,2025-11-22
3951,297,4838.2,39.62,2025-11-22
4384,332,3786.2,22.03,2025-11-22
5013,388,1503.9,10.21,2025-11-22
5935,458,1163.6,8.03,2025-11-22
6507,504,2681.2,14.91,2025-11-22
7002,537,1619.3,13.69,2025-11-22
7297,558,1628.2,17.1,2025-11-22
7861,601,2293.8,22.16,2025-11-22
7926,606,8041.6,43.1,2025-11-22
8462,649,1539.1,7.68,2025-11-22
8538,656,2103.3,13.17,2025-11-22
9173,700,2903.5,21.82,2025-11-22
9503,720,1175.9,15.58,2025-11-22
9969,756,1713.0,9.64,2025-11-22
10006,761,1780.5,10.55,2025-11-22
10242,773,2057.8,14.78,2025-11-22
10738,803,2344.1,16.76,2025-11-22
11091,832,883.5,6.45,2025-11-22
11675,876,2446.3,12.14,2025-11-22
12386,925,2075.5,14.04,2025-11-22
12940,970,1173.2,13.32,2025-11-22
13172,985,6384.9,31.92,2025-11-22
13632,1021,2066.9,12.08,2025-11-22
14331,1073,2639.2,14.61,2025-11-22
14450,1081,1965.1,18.25,2025-11-22
15111,1125,2671.9,17.68,2025-11-22
16160,1195,11389.7,64.83,2025-11-22
16305,1205,2999.5,22.89,2025-11-22
16664,1233,2147.0,12.85,2025-11-22
17272,1272,5578.2,21.87,2025-11-22
17316,1274,2384.0,19.03,2025-11-22
17376,1278,3925.4,22.2,2025-11-22
17971,1321,1816.3,13.5,2025-11-22
18845,1388,5082.5,27.78,2025-11-22
19083,1406,4804.9,32.09,2025-11-22
19114,1411,1549.9,10.47,2025-11-22
19696,1453,1072.5,9.9,2025-11-22
48,6,2269.9,16.42,2025-11-23
190,17,999.5,6.48,2025-11-23
734,63,2613.8,17.63,2025-11-23
775,66,3120.2,20.82,2025-11-23
1566,121,5804.4,31.68,2025-11-23
1919,151,5443.4,23.82,2025-11-23
2035,162,691.1,8.22,2025-11-23
2201,177,3173.6,17.4,2025-11-23
2313,184,604.7,8.29,2025-11-23
2679,208,3169.0,17.99,2025-11-23
3265,242,2889.3,19.37,2025-11-23
3318,245,1517.8,16.25,2025-11-23
3623,273,1520.8,9.51,2025-11-23
5299,411,3960.4,27.37,2025-11-23
5775,444,3986.1,30.95,2025-11-23
7426,568,2581.3,13.15,2025-11-23
7507,575,2689.3,16.02,2025-11-23
7638,583,3136.7,20.9,2025-11-23
8094,617,2895.0,20.13,2025-11-23
8115,618,1437.6,15.73,2025-11-23
8232,631,4719.6,30.05,2025-11-23
8297,639,4086.0,23.97,2025-11-23
8362,644,4217.3,23.02,2025-11-23
8697,670,4062.8,20.87,2025-11-23
9407,714,3230.5,16.25,2025-11-23
9637,730,2167.6,12.31,2025-11-23
9769,740,2330.2,17.77,2025-11-23
10478,788,1504.2,12.53,2025-11-23
10589,794,1693.0,11.67,2025-11-23
11049,827,1031.6,7.18,2025-11-23
11372,854,2083.2,9.62,2025-11-23
12298,920,2986.0,16.79,2025-11-23
12493,938,2166.4,14.14,2025-11-23
12826,959,2356.0,17.42,2025-11-23
13118,981,3571.0,22.37,2025-11-23
13129,982,2359.0,13.22,2025-11-23
13469,1007,1628.8,12.66,2025-11-23
14318,1073,1571.0,11.72,2025-11-23
15524,1154,5207.5,27.35,2025-11-23
15744,1165,2780.5,16.51,2025-11-23
15786,1167,2532.2,12.5,2025-11-23
16143,1194,1674.0,9.55,2025-11-23
16206,1199,2153.4,12.32,2025-11-23
16244,1201,1871.3,18.78,2025-11-23
16869,1249,2086.4,12.81,2025-11-23
16937,1252,2959.1,15.39,2025-11-23
17009,1258,876.9,6.35,2025-11-23
17017,1258,1068.2,7.39,2025-11-23
18001,1324,1030.0,9.22,2025-11-23
18617,1366,3067.2,20.17,2025-11-23
19298,1422,2534.1,21.95,2025-11-23
19972,1471,1291.9,10.63,2025-11-23
20036,1476,3497.7,24.91,2025-11-23
43,5,1594.4,11.9,2025-11-24
392,28,2163.7,12.77,2025-11-24
1397,110,3599.4,19.14,2025-11-24
1579,121,5236.5,28.44,2025-11-24
1768,140,1507.2,9.22,2025-11-24
2152,172,4942.5,43.48,2025-11-24
3158,237,2429.7,10.73,2025-11-24
3672,277,2016.0,14.6,2025-11-24
3811,288,2014.5,24.5,2025-11-24
4034,302,3311.6,22.91,2025-11-24
5065,391,1855.7,9.16,2025-11-24
5104,394,4331.5,30.96,2025-11-24
5385,417,2725.3,26.5,2025-11-24
6629,512,2477.9,18.27,2025-11-24
7299,558,1602.2,12.81,2025-11-24
7455,570,2302.4,11.24,2025-11-24
7513,575,1237.4,8.1,2025-11-24
8095,617,4752.0,34.55,2025-11-24
8658,668,3066.0,16.47,2025-11-24
8688,670,3257.8,16.82,2025-11-24
8792,679,964.7,6.37,2025-11-24
9094,693,4082.5,27.34,2025-11-24
9337,709,0.0,0.0,2025-11-24
9421,714,2176.2,17.03,2025-11-24
9480,717,3435.6,17.28,2025-11-24
9497,719,5955.4,40.41,2025-11-24
9914,751,5988.9,33.42,2025-11-24
10098,766,914.4,15.24,2025-11-24
10319,778,2214.5,12.03,2025-11-24
11302,848,5075.9,32.79,2025-11-24
11489,865,2942.0,21.93,2025-11-24
12747,953,3754.9,31.53,2025-11-24
13064,978,3789.2,29.61,2025-11-24
13251,993,3106.6,16.32,2025-11-24
13826,1035,5351.5,37.8,2025-11-24
14237,1068,1661.4,11.71,2025-11-24
14434,1080,2346.4,16.51,2025-11-24
14452,1081,3979.8,21.8,2025-11-24
14518,1086,1770.5,11.35,2025-11-24
14844,1108,4665.4,23.59,2025-11-24
15780,1166,3001.3,19.77,2025-11-24
16204,1199,2399.5,16.68,2025-11-24
16746,1240,3267.0,18.94,2025-11-24
17739,1307,3209.0,28.26,2025-11-24
18581,1364,3745.2,15.91,2025-11-24
18988,1400,1477.7,13.94,2025-11-24
19175,1414,6140.9,33.87,2025-11-24
19813,1460,3397.2,19.08,2025-11-24
20231,1491,1471.5,10.83,2025-11-24
20232,1491,2404.9,16.65,2025-11-24
452,36,3802.7,21.85,2025-11-25
783,67,803.7,5.54,2025-11-25
801,68,5247.3,39.82,2025-11-25
802,68,2617.4,22.56,2025-11-25
850,71,5115.6,26.7,2025-11-25
1069,87,1488.5,16.73,2025-11-25
1168,96,2781.1,17.12,2025-11-25
1404,110,2709.0,19.37,2025-11-25
1506,119,3874.4,19.91,2025-11-25
1929,152,6782.6,43.73,2025-11-25
2237,179,3944.2,19.23,2025-11-25
2948,227,8009.0,35.6,2025-11-25
4236,320,2454.1,13.66,2025-11-25
4428,339,1787.2,15.19,2025-11-25
4833,372,3762.0,26.73,2025-11-25
7294,558,1429.0,11.84,2025-11-25
7395,564,2964.5,19.14,2025-11-25
8350,642,1260.0,11.87,2025-11-25
9111,695,3755.9,17.27,2025-11-25
9185,700,2660.9,20.57,2025-11-25
9606,726,1641.4,9.33,2025-11-25
9973,758,2838.8,20.94,2025-11-25
10053,764,2737.6,23.3,2025-11-25
10294,777,4618.6,30.31,2025-11-25
10329,779,1895.9,10.01,2025-11-25
10767,807,3764.3,20.64,2025-11-25
11054,828,2136.3,11.81,2025-11-25
11720,879,2757.5,16.69,2025-11-25
12650,945,6623.8,41.35,2025-11-25
12652,945,2555.7,23.23,2025-11-25
12676,948,1821.1,14.11,2025-11-25
13796,1033,6971.5,48.57,2025-11-25
15603,1157,1898.3,16.74,2025-11-25
15631,1159,5660.2,27.86,2025-11-25
16086,1190,2659.4,13.38,2025-11-25
16706,1237,2934.7,22.27,2025-11-25
16970,1255,3822.2,18.75,2025-11-25
17052,1260,2453.6,18.03,2025-11-25
18028,1327,2877.5,20.36,2025-11-25
18921,1396,1836.6,13.16,2025-11-25
19125,1413,880.8,14.68,2025-11-25
19520,1438,3160.9,16.02,2025-11-25
19663,1451,1988.4,11.31,2025-11-25
20197,1489,2170.3,15.31,2025-11-25
20474,339,1787.2,15.19,2025-11-25
19,2,1022.8,7.28,2025-11-26
153,14,2964.4,21.61,2025-11-26
398,29,2945.2,17.59,2025-11-26
414,30,7127.4,55.48,2025-11-26
2373,186,8165.0,35.0,2025-11-26
2602,202,1930.5,12.08,2025-11-26
3667,276,3349.3,19.72,2025-11-26
3931,296,1264.0,8.36,2025-11-26
4615,354,2471.8,12.36,2025-11-26
4997,384,5510.9,25.29,2025-11-26
5579,430,1643.3,17.26,2025-11-26
5872,451,2298.0,16.0,2025-11-26
5992,462,3379.2,18.35,2025-11-26
6036,465,5735.2,38.64,2025-11-26
6138,473,6059.2,24.68,2025-11-26
6257,485,2675.5,18.92,2025-11-26
6504,504,2176.3,17.24,2025-11-26
6527,505,1449.6,9.67,2025-11-26
6601,510,3584.8,19.69,2025-11-26
6973,535,1565.7,7.51,2025-11-26
7014,538,3967.0,22.75,2025-11-26
7586,580,1465.5,10.96,2025-11-26
7794,595,8054.8,42.97,2025-11-26
7864,601,1435.4,10.21,2025-11-26
8883,682,1193.3,7.64,2025-11-26
9017,690,1530.1,18.33,2025-11-26
9097,695,11155.1,61.42,2025-11-26
9272,705,3413.7,17.01,2025-11-26
9813,743,1313.4,9.8,2025-11-26
11918,895,2963.8,24.03,2025-11-26
12908,966,1413.3,15.14,2025-11-26
13115,981,3151.2,22.46,2025-11-26
13800,1033,1995.6,15.31,2025-11-26
14336,1073,2058.6,14.58,2025-11-26
15339,1140,3193.5,14.06,2025-11-26
16094,1190,1540.4,9.84,2025-11-26
16372,1211,3453.5,30.33,2025-11-26
16374,1211,1395.9,8.63,2025-11-26
17110,1262,3315.4,30.59,2025-11-26
17308,1273,1939.6,12.95,2025-11-26
17937,1320,2020.1,14.66,2025-11-26
18042,1327,2984.7,15.72,2025-11-26
18290,1343,2575.6,24.42,2025-11-26
18506,1358,1905.8,17.09,2025-11-26
18656,1370,2031.3,10.12,2025-11-26
18812,1384,3677.7,17.85,2025-11-26
19990,1471,1519.3,10.89,2025-11-26
235,20,3926.5,22.19,2025-11-27
354,25,3215.0,17.44,2025-11-27
587,49,7493.3,42.29,2025-11-27
1042,84,4873.6,29.21,2025-11-27
1112,91,1962.9,9.88,2025-11-27
1886,148,1983.3,13.54,2025-11-27
2580,200,1640.0,13.7,2025-11-27
2645,205,2375.4,27.46,2025-11-27
2860,220,1260.8,7.55,2025-11-27
4810,371,4127.3,28.62,2025-11-27
4940,379,4991.7,24.73,2025-11-27
5091,392,2329.0,10.63,2025-11-27
7117,546,4710.8,26.67,2025-11-27
7731,591,992.5,10.36,2025-11-27
7807,595,1094.1,7.81,2025-11-27
8275,637,1681.2,8.09,2025-11-27
9045,692,654.3,5.67,2025-11-27
9144,698,3009.0,16.08,2025-11-27
9283,705,1509.8,13.95,2025-11-27
9723,737,1760.9,11.31,2025-11-27
10209,771,1434.9,8.06,2025-11-27
10226,772,1888.6,21.18,2025-11-27
10342,780,3897.0,17.82,2025-11-27
10601,795,2238.8,11.02,2025-11-27
11140,838,3560.5,22.23,2025-11-27
11178,840,2221.3,13.88,2025-11-27
11193,841,1428.9,7.97,2025-11-27
11283,848,8593.1,47.2,2025-11-27
12599,943,4272.1,25.17,2025-11-27
12791,957,3119.6,18.03,2025-11-27
13011,973,2218.0,12.59,2025-11-27
13586,1016,4497.5,21.84,2025-11-27
13736,1028,2937.6,17.88,2025-11-27
13825,1035,1716.7,10.82,2025-11-27
14233,1068,2053.7,20.4,2025-11-27
15366,1142,3001.7,18.37,2025-11-27
16018,1181,6797.3,30.3,2025-11-27
16056,1187,3044.0,22.08,2025-11-27
16090,1190,2817.0,20.61,2025-11-27
16224,1200,4744.6,22.44,2025-11-27
16438,1214,918.6,5.29,2025-11-27
16708,1237,2877.8,18.5,2025-11-27
17104,1262,1950.0,18.05,2025-11-27
18144,1331,7243.0,32.23,2025-11-27
18735,1377,4062.6,21.54,2025-11-27
19160,1414,1707.7,11.93,2025-11-27
19959,1470,4735.7,24.97,2025-11-27
20228,1490,2352.8,15.19,2025-11-27
230,19,1255.4,10.56,2025-11-28
314,23,3197.5,25.03,2025-11-28
421,32,1887.4,9.02,2025-11-28
679,58,3999.2,22.01,2025-11-28
910,74,2102.0,10.74,2025-11-28
1063,86,1248.4,7.73,2025-11-28
1134,93,2839.4,20.97,2025-11-28
3552,264,2176.9,12.98,2025-11-28
4113,309,900.5,7.96,2025-11-28
4792,370,1675.6,11.63,2025-11-28
5636,434,1913.3,12.91,2025-11-28
6377,496,1677.4,10.24,2025-11-28
6748,519,1377.7,8.15,2025-11-28
6839,523,1928.2,24.23,2025-11-28
7386,564,1552.8,11.54,2025-11-28
7968,608,664.1,4.08,2025-11-28
8160,623,2022.4,15.12,2025-11-28
8857,681,2082.0,34.7,2025-11-28
9273,705,2719.6,15.7,2025-11-28
9380,712,3165.7,21.54,2025-11-28
9839,746,3681.3,21.78,2025-11-28
10355,780,4980.9,25.15,2025-11-28
10403,782,2017.6,13.91,2025-11-28
10409,782,1452.5,10.99,2025-11-28
10604,796,1557.9,14.88,2025-11-28
12095,906,1909.9,14.56,2025-11-28
12542,940,6547.4,38.65,2025-11-28
13416,1003,1683.7,9.82,2025-11-28
13667,1023,5432.1,33.13,2025-11-28
13741,1028,1955.2,11.33,2025-11-28
14510,1085,685.1,5.16,2025-11-28
14524,1086,4805.2,32.63,2025-11-28
15356,1141,1747.4,12.25,2025-11-28
15391,1143,2955.6,19.52,2025-11-28
15426,1149,3067.1,19.27,2025-11-28
16082,1189,2475.2,11.88,2025-11-28
16138,1193,1189.0,8.36,2025-11-28
17075,1261,2857.3,16.23,2025-11-28
17086,1262,3664.9,22.03,2025-11-28
17206,1269,4525.0,27.16,2025-11-28
17207,1269,7416.2,31.27,2025-11-28
17939,1320,4297.7,22.67,2025-11-28
18199,1334,2727.3,14.23,2025-11-28
18450,1354,3150.6,18.5,2025-11-28
18464,1355,3011.4,16.04,2025-11-28
19250,1418,2798.6,14.51,2025-11-28
19251,1419,3320.1,20.03,2025-11-28
19515,1438,2493.2,17.93,2025-11-28
19637,1449,1961.7,12.45,2025-11-28
19763,1458,1448.3,9.73,2025-11-28
19980,1471,1939.2,20.16,2025-11-28
20048,1476,3779.2,30.03,2025-11-28
20061,1477,3137.5,17.28,2025-11-28
20383,1023,5432.1,33.13,2025-11-28
29,5,4658.1,30.21,2025-11-29
80,10,2439.7,15.95,2025-11-29
134,13,4066.3,26.56,2025-11-29
330,24,4332.5,32.7,2025-11-29
733,63,1482.3,15.25,2025-11-29
1186,96,5581.9,33.57,2025-11-29
2248,179,4667.3,31.09,2025-11-29
2499,195,2462.8,12.89,2025-11-29
3283,243,1645.3,17.22,2025-11-29
3340,245,3168.4,23.15,2025-11-29
3448,255,1911.9,14.88,2025-11-29
5508,425,1628.2,9.79,2025-11-29
6467,501,939.1,5.45,2025-11-29
6962,535,1357.7,11.66,2025-11-29
7304,559,4251.6,25.53,2025-11-29
8028,612,2393.6,12.59,2025-11-29
8222,629,2721.8,23.6,2025-11-29
8279,637,5019.7,42.71,2025-11-29
8284,638,4245.6,19.77,2025-11-29
9594,725,1290.8,6.96,2025-11-29
10310,777,6572.6,43.05,2025-11-29
10388,782,2160.2,11.73,2025-11-29
10871,813,1081.7,11.7,2025-11-29
11566,870,1839.7,16.08,2025-11-29
11642,875,1722.7,11.72,2025-11-29
12628,944,2427.5,19.6,2025-11-29
14335,1073,6568.9,35.14,2025-11-29
14427,1079,2224.2,17.14,2025-11-29
14535,1087,1920.9,13.01,2025-11-29
14808,1107,3815.4,21.83,2025-11-29
15555,1156,3473.1,24.47,2025-11-29
15851,1169,2618.1,20.47,2025-11-29
16134,1193,5485.9,24.56,2025-11-29
16196,1198,2331.8,14.95,2025-11-29
16277,1204,5786.2,27.0,2025-11-29
17286,1272,3674.3,25.77,2025-11-29
17298,1273,2704.6,19.12,2025-11-29
17524,1292,1516.4,10.86,2025-11-29
17713,1305,3898.6,21.56,2025-11-29
18441,1354,2648.9,15.76,2025-11-29
18712,1375,3155.0,25.56,2025-11-29
19182,1415,1560.1,11.88,2025-11-29
20015,1473,1323.7,9.18,2025-11-29
20364,13,4066.3,26.56,2025-11-29
257,20,1640.3,6.95,2025-11-30
543,43,7146.6,37.26,2025-11-30
1030,83,2632.4,18.6,2025-11-30
1612,125,2463.9,13.62,2025-11-30
2008,160,3351.6,20.37,2025-11-30
3078,233,1554.7,8.0,2025-11-30
3315,244,2019.1,18.63,2025-11-30
3437,254,2776.8,18.44,2025-11-30
3757,283,1768.8,11.29,2025-11-30
4131,309,8330.8,48.33,2025-11-30
4215,318,7731.8,68.87,2025-11-30
4270,325,1438.1,12.32,2025-11-30
4634,356,1832.9,10.79,2025-11-30
4664,358,2032.4,13.37,2025-11-30
4954,379,3402.5,20.76,2025-11-30
5410,419,2742.1,16.93,2025-11-30
5789,446,2261.2,14.02,2025-11-30
6114,471,6879.5,33.8,2025-11-30
6124,472,2351.7,13.82,2025-11-30
6514,505,799.2,8.56,2025-11-30
6556,507,3782.4,22.63,2025-11-30
6572,508,4294.5,24.15,2025-11-30
6897,529,1855.4,11.76,2025-11-30
6933,532,1190.6,12.8,2025-11-30
7054,542,2463.7,19.76,2025-11-30
7116,546,2631.4,18.35,2025-11-30
7222,556,1606.8,17.85,2025-11-30
7688,587,2388.0,17.92,2025-11-30
7812,597,1482.9,9.76,2025-11-30
7821,597,1018.0,9.8,2025-11-30
7891,602,0.0,0.0,2025-11-30
7986,609,2250.9,20.21,2025-11-30
8399,645,1649.5,8.93,2025-11-30
9044,692,1745.3,12.32,2025-11-30
9306,708,2097.1,11.52,2025-11-30
9321,708,1654.2,16.83,2025-11-30
9485,718,2775.7,15.84,2025-11-30
9654,731,4428.2,24.17,2025-11-30
10007,761,1912.7,15.68,2025-11-30
11099,833,3294.5,20.08,2025-11-30
11109,834,2043.8,11.16,2025-11-30
11189,841,3408.9,22.08,2025-11-30
11195,841,1679.5,14.44,2025-11-30
11782,885,2205.5,18.51,2025-11-30
11943,898,3117.0,23.76,2025-11-30
12417,928,1927.2,14.99,2025-11-30
13495,1009,3172.0,22.13,2025-11-30
13951,1045,1575.0,9.06,2025-11-30
14429,1079,1416.6,12.03,2025-11-30
15942,1175,1560.3,13.76,2025-11-30
16988,1257,2442.3,14.45,2025-11-30
17780,1311,3068.3,17.85,2025-11-30
18078,1328,2969.4,16.59,2025-11-30
22,3,3302.9,19.27,2025-12-01
226,19,621.4,4.93,2025-12-01
364,25,2164.8,12.88,2025-12-01
1000,82,2490.7,15.45,2025-12-01
1045,84,2108.7,11.98,2025-12-01
1055,85,1485.1,9.52,2025-12-01
1683,132,2263.8,14.0,2025-12-01
1689,133,2332.3,13.3,2025-12-01
2204,177,5879.2,36.99,2025-12-01
2233,178,2953.3,20.05,2025-12-01
2277,182,9509.2,43.03,2025-12-01
2933,227,2306.8,18.96,2025-12-01
3140,236,1944.7,12.66,2025-12-01
3274,242,2249.3,12.11,2025-12-01
3564,265,2385.5,10.0,2025-12-01
4133,309,4973.9,30.54,2025-12-01
4655,357,3285.2,12.57,2025-12-01
4814,371,6095.0,32.07,2025-12-01
5051,390,3665.9,17.11,2025-12-01
5371,416,1447.6,6.62,2025-12-01
5961,459,4249.6,25.4,2025-12-01
5971,459,4558.0,22.73,2025-12-01
6373,496,3171.7,20.39,2025-12-01
6837,523,6846.3,30.52,2025-12-01
7786,595,1275.8,7.55,2025-12-01
8321,640,2111.8,16.27,2025-12-01
8668,669,5512.3,22.26,2025-12-01
8769,677,1809.4,13.11,2025-12-01
8779,678,1943.1,15.08,2025-12-01
9669,733,3225.4,16.53,2025-12-01
9835,746,3538.1,18.05,2025-12-01
10439,785,3110.4,17.67,2025-12-01
10569,793,3688.9,21.7,2025-12-01
10680,800,5300.3,24.41,2025-12-01
10802,808,3017.9,16.24,2025-12-01
10989,822,2321.4,13.62,2025-12-01
11036,826,2224.7,15.24,2025-12-01
11147,838,2682.6,18.78,2025-12-01
11235,846,3350.3,24.55,2025-12-01
11394,855,4690.5,27.19,2025-12-01
11471,863,5303.3,26.39,2025-12-01
12228,916,1940.4,32.34,2025-12-01
12845,961,1910.3,10.43,2025-12-01
12930,969,2653.8,15.01,2025-12-01
13357,999,2721.0,29.44,2025-12-01
14491,1083,7211.0,28.01,2025-12-01
14498,1083,2056.6,11.86,2025-12-01
14949,1115,3342.2,30.3,2025-12-01
15528,1154,1196.0,9.64,2025-12-01
16247,1202,2618.6,14.57,2025-12-01
17083,1262,3822.0,36.23,2025-12-01
17567,1295,1467.0,8.99,2025-12-01
17679,1304,5953.7,27.52,2025-12-01
18564,1362,2021.9,14.22,2025-12-01
18651,1369,681.7,5.42,2025-12-01
18663,1371,1880.8,11.69,2025-12-01
18831,1387,3586.5,34.87,2025-12-01
18970,1399,3577.2,20.13,2025-12-01
19046,1403,3790.3,27.45,2025-12-01
19132,1413,882.7,7.61,2025-12-01
20396,826,2224.7,15.24,2025-12-01
20428,523,6846.3,30.52,2025-12-01
164,15,3519.3,20.02,2025-12-02
1020,82,2803.9,16.27,2025-12-02
2392,188,12332.4,64.2,2025-12-02
2663,206,5647.4,26.14,2025-12-02
2801,216,3875.0,20.58,2025-12-02
2898,223,3380.5,23.91,2025-12-02
3156,237,1770.6,29.51,2025-12-02
4051,303,3119.8,16.46,2025-12-02
4752,365,1146.6,6.97,2025-12-02
5875,451,3006.0,15.91,2025-12-02
6146,474,3597.1,18.66,2025-12-02
6763,519,3147.8,20.63,2025-12-02
6861,526,1769.1,22.98,2025-12-02
7527,577,903.4,6.53,2025-12-02
7543,578,1702.4,13.86,2025-12-02
7929,607,1656.8,9.43,2025-12-02
8098,617,4338.3,19.71,2025-12-02
8383,645,2213.8,11.99,2025-12-02
8936,686,3695.2,16.7,2025-12-02
9008,690,1656.4,9.48,2025-12-02
9410,714,1530.9,9.91,2025-12-02
9445,715,1946.9,11.5,2025-12-02
9689,735,1521.6,8.21,2025-12-02
9997,760,1448.7,8.26,2025-12-02
11653,875,1121.6,15.23,2025-12-02
11679,876,4783.6,28.02,2025-12-02
11697,879,1971.5,12.94,2025-12-02
12167,913,3045.4,13.94,2025-12-02
12184,913,1604.1,8.06,2025-12-02
12724,952,2767.1,20.3,2025-12-02
13824,1035,3636.3,25.41,2025-12-02
14164,1063,1762.9,9.25,2025-12-02
14477,1082,1357.8,13.81,2025-12-02
14819,1107,3722.1,25.3,2025-12-02
15000,1118,5465.1,25.33,2025-12-02
15801,1167,3505.4,21.44,2025-12-02
16504,1221,7674.4,46.85,2025-12-02
16838,1247,3580.9,22.84,2025-12-02
18362,1348,3447.9,18.24,2025-12-02
18377,1349,2663.0,32.52,2025-12-02
18396,1350,2568.9,19.58,2025-12-02
18608,1365,2816.1,15.86,2025-12-02
18949,1398,4330.4,17.07,2025-12-02
18968,1399,1730.5,10.91,2025-12-02
19152,1413,1985.8,15.24,2025-12-02
19814,1460,1987.7,11.62,2025-12-02
19923,1468,4024.0,30.74,2025-12-02
20321,1499,2769.2,18.59,2025-12-02
20422,1348,3447.9,18.24,2025-12-02
450,36,2636.4,16.22,2025-12-03
525,43,1774.5,14.21,2025-12-03
585,49,3024.6,17.35,2025-12-03
1868,147,2641.0,17.02,2025-12-03
1986,157,4193.6,21.96,2025-12-03
2246,179,10730.3,54.31,2025-12-03
2408,189,3056.8,16.72,2025-12-03
2549,199,2042.1,14.06,2025-12-03
2888,221,7980.4,33.46,2025-12-03
3055,232,2621.2,20.28,2025-12-03
4733,363,2938.8,15.17,2025-12-03
5147,399,3123.6,25.88,2025-12-03
5305,411,358.4,5.65,2025-12-03
5383,417,1490.6,7.91,2025-12-03
5881,452,3284.3,23.88,2025-12-03
6094,470,3401.9,24.94,2025-12-03
6128,472,3938.3,23.9,2025-12-03
6452,500,973.5,7.46,2025-12-03
7145,547,3958.7,26.12,2025-12-03
8247,633,2657.5,19.44,2025-12-03
8299,639,2938.6,17.15,2025-12-03
9162,699,2168.9,14.83,2025-12-03
10050,763,1729.9,18.25,2025-12-03
10203,771,3688.6,31.19,2025-12-03
10814,810,2192.9,21.18,2025-12-03
11481,864,2397.0,13.2,2025-12-03
11914,895,3421.8,27.05,2025-12-03
12524,939,2298.0,17.51,2025-12-03
12703,950,3358.3,27.68,2025-12-03
12824,959,11043.0,89.02,2025-12-03
13174,985,3411.2,20.38,2025-12-03
13235,992,1529.1,9.49,2025-12-03
13822,1035,2719.6,13.84,2025-12-03
13926,1043,2158.4,12.63,2025-12-03
14087,1056,880.8,7.09,2025-12-03
14639,1094,2523.4,30.56,2025-12-03
15745,1165,2220.9,13.04,2025-12-03
16803,1245,1763.7,10.37,2025-12-03
16839,1247,1487.8,17.52,2025-12-03
18183,1333,6037.6,34.78,2025-12-03
18797,1383,2672.5,20.5,2025-12-03
19508,1438,1755.9,14.71,2025-12-03
19615,1448,1398.1,11.37,2025-12-03
19640,1449,3534.7,21.04,2025-12-03
20447,1247,1487.8,17.52,2025-12-03
524,43,2352.6,13.76,2025-12-04
1188,96,3748.3,27.62,2025-12-04
1294,103,2949.6,20.15,2025-12-04
1469,115,6080.0,42.53,2025-12-04
1809,145,2854.7,14.58,2025-12-04
2795,215,3488.6,18.35,2025-12-04
4276,325,2485.1,19.34,2025-12-04
4344,330,2089.5,15.63,2025-12-04
4604,353,2160.3,13.29,2025-12-04
4779,369,1506.6,10.45,2025-12-04
4832,372,947.9,8.2,2025-12-04
6118,472,1058.6,6.47,2025-12-04
6245,484,3828.1,22.81,2025-12-04
6359,494,3410.7,14.55,2025-12-04
6924,531,2777.1,14.03,2025-12-04
7421,568,2030.1,15.1,2025-12-04
7597,581,1962.5,13.62,2025-12-04
8044,614,2804.0,23.54,2025-12-04
8426,647,3549.6,27.19,2025-12-04
9871,748,1537.0,11.08,2025-12-04
10421,784,2695.4,15.49,2025-12-04
11221,844,2247.7,10.45,2025-12-04
12147,911,5749.6,34.56,2025-12-04
12169,913,1939.5,10.6,2025-12-04
12432,930,1002.0,10.45,2025-12-04
12503,938,5520.1,37.3,2025-12-04
12794,957,5532.0,30.82,2025-12-04
12884,965,1654.5,10.11,2025-12-04
14339,1073,3723.6,28.11,2025-12-04
14574,1090,6601.0,43.85,2025-12-04
14589,1091,3071.5,23.48,2025-12-04
15096,1124,5529.2,26.65,2025-12-04
15157,1126,1897.0,9.01,2025-12-04
15242,1131,2728.1,14.85,2025-12-04
15313,1138,2478.7,20.71,2025-12-04
15521,1154,1532.6,15.5,2025-12-04
15978,1177,2477.1,16.35,2025-12-04
16354,1210,926.3,12.82,2025-12-04
16691,1236,2474.0,24.7,2025-12-04
17840,1314,2579.9,20.86,2025-12-04
18660,1370,1768.8,12.04,2025-12-04
19127,1413,3133.6,20.47,2025-12-04
20324,1499,3876.6,31.82,2025-12-04
64,7,1821.3,13.65,2025-12-05
661,56,1406.9,12.4,2025-12-05
1205,97,3092.8,17.86,2025-12-05
1547,121,1334.4,12.37,2025-12-05
1998,159,4308.3,24.66,2025-12-05
2548,199,4713.4,20.63,2025-12-05
3727,281,2110.6,14.47,2025-12-05
4586,352,2045.4,12.08,2025-12-05
4877,374,2867.9,15.68,2025-12-05
5657,435,2997.2,19.55,2025-12-05
6856,524,1929.7,11.02,2025-12-05
6986,535,3630.0,27.03,2025-12-05
7182,551,1613.7,14.05,2025-12-05
7264,557,4015.9,22.5,2025-12-05
7760,594,4185.0,19.45,2025-12-05
8197,626,4265.9,29.61,2025-12-05
8339,641,1571.0,16.04,2025-12-05
8804,679,3059.3,20.88,2025-12-05
9243,704,2678.0,15.13,2025-12-05
9275,705,3579.5,24.08,2025-12-05
9787,742,4434.3,26.63,2025-12-05
9890,749,2993.6,22.71,2025-12-05
10796,808,1422.9,9.26,2025-12-05
10820,811,1828.6,12.87,2025-12-05
11044,827,1338.6,10.62,2025-12-05
11192,841,3914.9,23.16,2025-12-05
11211,842,2893.7,20.6,2025-12-05
11354,853,3165.6,19.8,2025-12-05
11533,868,3136.4,21.39,2025-12-05
12023,903,5254.6,27.7,2025-12-05
12283,919,1529.0,8.54,2025-12-05
12894,965,1498.3,13.78,2025-12-05
13111,981,2499.8,18.37,2025-12-05
14872,1111,5517.5,41.78,2025-12-05
16996,1257,4432.2,22.67,2025-12-05
17191,1267,1600.0,11.94,2025-12-05
17427,1283,2749.5,17.05,2025-12-05
18060,1327,3592.5,23.08,2025-12-05
19684,1453,2422.8,18.96,2025-12-05
19800,1460,2367.0,13.67,2025-12-05
5,1,2802.1,21.23,2025-12-06
272,21,2264.2,16.76,2025-12-06
319,24,1574.2,7.47,2025-12-06
594,49,1330.7,14.96,2025-12-06
846,71,1965.1,12.25,2025-12-06
1104,91,3831.0,22.97,2025-12-06
2287,182,2287.3,13.05,2025-12-06
2331,184,3407.1,15.86,2025-12-06
2610,202,4615.9,26.48,2025-12-06
3394,252,1652.7,11.79,2025-12-06
3774,284,3576.9,23.36,2025-12-06
4173,313,2919.2,23.0,2025-12-06
4500,344,1023.0,6.99,2025-12-06
5023,389,1594.2,26.57,2025-12-06
5183,401,5935.6,38.2,2025-12-06
5847,449,2197.9,22.37,2025-12-06
6136,473,4737.6,30.53,2025-12-06
7115,546,2587.4,24.02,2025-12-06
7997,610,1293.2,7.47,2025-12-06
8071,616,1855.4,15.34,2025-12-06
8213,628,4534.0,26.77,2025-12-06
8589,660,2874.5,19.15,2025-12-06
8594,660,1771.4,10.92,2025-12-06
8903,683,8168.8,39.74,2025-12-06
9592,725,4828.5,38.43,2025-12-06
9938,753,4171.1,18.71,2025-12-06
10057,764,2329.2,10.75,2025-12-06
10196,771,873.7,7.82,2025-12-06
10326,779,1244.7,12.28,2025-12-06
10419,784,1652.3,10.27,2025-12-06
11392,855,4341.9,38.0,2025-12-06
12651,945,4564.3,29.93,2025-12-06
13301,996,5832.2,26.11,2025-12-06
13453,1005,3426.2,20.27,2025-12-06
13650,1022,842.4,11.67,2025-12-06
13979,1048,3414.8,22.67,2025-12-06
14071,1055,2813.7,23.02,2025-12-06
14763,1102,2264.8,13.15,2025-12-06
16006,1180,3157.7,15.18,2025-12-06
16533,1223,3108.5,22.12,2025-12-06
17095,1262,4340.8,38.03,2025-12-06
17394,1281,4226.5,20.15,2025-12-06
17566,1294,1861.4,11.31,2025-12-06
18475,1355,4882.7,27.45,2025-12-06
19551,1440,2448.3,14.12,2025-12-06
20143,1486,2436.6,16.15,2025-12-06
20184,1489,2781.4,14.9,2025-12-06
192,17,3803.8,21.58,2025-12-07
1565,121,1252.3,11.03,2025-12-07
1814,145,4551.9,18.91,2025-12-07
2363,186,1129.6,9.83,2025-12-07
2436,191,1335.9,9.9,2025-12-07
2655,205,1408.2,8.43,2025-12-07
3460,256,5089.3,37.49,2025-12-07
3472,256,2428.2,13.76,2025-12-07
3657,275,1803.3,11.77,2025-12-07
4019,302,4016.7,27.98,2025-12-07
4852,372,2891.5,14.95,2025-12-07
5039,389,4203.4,22.39,2025-12-07
6440,500,1284.8,10.08,2025-12-07
6470,501,1790.8,11.66,2025-12-07
6730,517,1487.6,12.91,2025-12-07
7397,565,2119.3,12.0,2025-12-07
7405,568,2437.6,15.54,2025-12-07
7604,581,2464.0,18.02,2025-12-07
7654,585,2888.9,17.34,2025-12-07
8168,624,1691.1,12.04,2025-12-07
8342,642,2300.3,12.81,2025-12-07
8371,644,1425.1,12.06,2025-12-07
8704,671,2136.6,18.24,2025-12-07
8909,683,1115.2,9.87,2025-12-07
9039,691,2118.6,11.0,2025-12-07
9268,705,2177.3,10.89,2025-12-07
9328,708,1615.3,14.85,2025-12-07
9536,721,2398.4,14.94,2025-12-07
9927,752,4283.4,25.42,2025-12-07
10251,773,2441.7,13.07,2025-12-07
10369,781,1287.0,11.6,2025-12-07
10482,788,9486.9,43.41,2025-12-07
10863,813,5062.5,22.24,2025-12-07
11058,829,1110.5,8.44,2025-12-07
11491,865,3917.8,21.76,2025-12-07
12070,906,1462.9,9.94,2025-12-07
12251,917,3617.4,16.66,2025-12-07
12443,932,5030.1,27.31,2025-12-07
12705,950,3737.5,20.62,2025-12-07
12958,971,3330.7,23.11,2025-12-07
13215,989,4558.8,17.54,2025-12-07
13274,994,2093.0,19.22,2025-12-07
13995,1049,2126.6,11.32,2025-12-07
14201,1066,1335.7,10.03,2025-12-07
14307,1072,962.1,5.68,2025-12-07
14640,1094,4673.9,23.82,2025-12-07
14838,1108,1719.3,18.84,2025-12-07
15571,1157,1752.5,15.53,2025-12-07
16161,1195,1607.6,10.05,2025-12-07
16925,1252,3511.0,23.18,2025-12-07
17459,1284,3617.0,20.54,2025-12-07
17868,1316,3668.2,25.26,2025-12-07
19353,1425,1025.4,7.53,2025-12-07
19671,1451,910.6,5.13,2025-12-07
19672,1451,5168.7,29.45,2025-12-07
96,12,1887.2,13.76,2025-12-08
340,24,3011.5,14.49,2025-12-08
1592,124,2145.3,12.96,2025-12-08
1992,158,2802.4,18.95,2025-12-08
2258,180,3131.1,17.61,2025-12-08
2371,186,2760.0,16.69,2025-12-08
2727,211,3341.7,13.03,2025-12-08
2734,211,2937.5,14.78,2025-12-08
2790,214,4024.0,26.34,2025-12-08
2935,227,5358.4,30.81,2025-12-08
3336,245,2824.9,14.94,2025-12-08
3738,281,3517.3,20.2,2025-12-08
4507,344,2078.7,24.57,2025-12-08
6275,487,4090.1,25.66,2025-12-08
6344,493,1668.7,9.68,2025-12-08
6512,505,4407.9,20.47,2025-12-08
6618,512,3897.4,22.33,2025-12-08
6686,515,4371.3,21.45,2025-12-08
6823,522,4273.2,30.09,2025-12-08
6929,531,5314.7,27.74,2025-12-08
7342,561,5755.1,49.76,2025-12-08
7372,563,5219.0,39.9,2025-12-08
9794,742,1060.8,17.68,2025-12-08
10076,765,3317.6,15.75,2025-12-08
10174,770,2627.7,17.32,2025-12-08
10235,773,4771.4,21.15,2025-12-08
10337,780,3316.1,17.62,2025-12-08
10587,794,3074.5,24.32,2025-12-08
10933,817,1073.8,7.55,2025-12-08
11654,875,2817.5,16.04,2025-12-08
11903,894,1667.4,9.58,2025-12-08
12003,903,1913.6,11.58,2025-12-08
13136,982,4278.6,24.75,2025-12-08
13310,996,4177.7,24.84,2025-12-08
14189,1065,3693.7,20.59,2025-12-08
14759,1102,3404.1,23.79,2025-12-08
15345,1140,2947.4,17.34,2025-12-08
17405,1282,6152.2,32.06,2025-12-08
18575,1363,707.4,9.52,2025-12-08
19103,1409,2227.7,17.21,2025-12-08
19324,1423,5151.2,30.12,2025-12-08
19469,1435,3272.3,24.11,2025-12-08
19614,1448,3318.9,31.63,2025-12-08
19775,1458,4345.9,27.54,2025-12-08
20358,1435,3272.3,24.11,2025-12-08
1061,86,1518.5,9.09,2025-12-09
2662,206,5478.2,28.36,2025-12-09
2850,220,5136.7,27.8,2025-12-09
3045,231,3287.4,31.76,2025-12-09
3713,280,4653.1,35.4,2025-12-09
4013,301,2525.3,17.33,2025-12-09
4557,348,648.2,9.16,2025-12-09
4999,385,3605.4,24.03,2025-12-09
5249,407,1845.5,12.91,2025-12-09
5303,411,1405.3,6.06,2025-12-09
5802,447,2064.5,18.6,2025-12-09
5819,448,2469.7,15.73,2025-12-09
6062,468,2491.0,16.46,2025-12-09
6066,468,5195.9,36.95,2025-12-09
6416,498,2123.3,13.04,2025-12-09
7735,592,2039.8,10.0,2025-12-09
8035,613,3278.7,20.65,2025-12-09
9251,704,5587.4,28.39,2025-12-09
9304,707,4929.5,31.26,2025-12-09
9614,728,4451.1,29.37,2025-12-09
9929,752,2267.1,12.88,2025-12-09
9993,759,1489.4,8.24,2025-12-09
11127,838,4347.8,23.11,2025-12-09
11689,877,1833.8,10.89,2025-12-09
11727,879,1993.1,16.27,2025-12-09
12369,925,2456.4,14.93,2025-12-09
12478,937,1014.7,10.1,2025-12-09
12973,971,1314.7,17.65,2025-12-09
13974,1047,1288.2,11.07,2025-12-09
14777,1103,1293.7,11.59,2025-12-09
14912,1113,2144.0,16.29,2025-12-09
15435,1149,3387.7,14.88,2025-12-09
16046,1185,6427.6,33.08,2025-12-09
16694,1236,1301.8,10.4,2025-12-09
16873,1249,4468.4,32.04,2025-12-09
17132,1263,2107.8,11.49,2025-12-09
17579,1295,1454.6,9.4,2025-12-09
18113,1329,2591.6,13.18,2025-12-09
18789,1382,4273.4,21.0,2025-12-09
19609,1446,3695.5,21.4,2025-12-09
19987,1471,7610.4,40.98,2025-12-09
20032,1475,2403.9,19.02,2025-12-09
126,12,2193.7,16.49,2025-12-10
211,19,3501.8,23.4,2025-12-10
1106,91,5345.9,29.33,2025-12-10
1107,91,6871.4,41.42,2025-12-10
1151,93,4163.7,25.68,2025-12-10
1299,104,1878.4,15.26,2025-12-10
1359,108,5185.2,26.97,2025-12-10
1431,113,3322.8,17.84,2025-12-10
2305,184,3936.4,19.65,2025-12-10
2493,195,2113.3,13.28,2025-12-10
3426,253,4821.2,33.77,2025-12-10
3428,253,3044.7,21.42,2025-12-10
4550,347,1072.2,10.26,2025-12-10
4592,352,5046.3,25.26,2025-12-10
4657,357,3875.2,20.92,2025-12-10
5351,415,2913.3,13.12,2025-12-10
5820,448,5800.2,38.21,2025-12-10
7106,546,1380.1,11.95,2025-12-10
7287,558,2014.9,13.72,2025-12-10
7352,561,1172.5,8.22,2025-12-10
7547,578,4881.5,25.68,2025-12-10
7690,588,1940.1,9.36,2025-12-10
8623,663,2032.4,13.65,2025-12-10
8732,675,5337.1,27.06,2025-12-10
8931,686,3229.8,21.52,2025-12-10
8991,690,2623.4,13.75,2025-12-10
9402,714,1171.1,6.17,2025-12-10
9460,716,1822.9,16.29,2025-12-10
9472,716,3098.8,18.34,2025-12-10
9736,737,2905.3,15.82,2025-12-10
9832,745,1043.0,10.54,2025-12-10
9925,751,1457.0,13.02,2025-12-10
10287,775,4461.9,22.43,2025-12-10
10676,800,3156.6,23.69,2025-12-10
12483,937,1694.8,9.74,2025-12-10
13224,991,1931.7,12.14,2025-12-10
13259,993,2398.8,11.2,2025-12-10
13364,999,2181.0,10.98,2025-12-10
13607,1019,1997.3,14.85,2025-12-10
13886,1040,4357.6,22.97,2025-12-10
13972,1047,1439.7,17.75,2025-12-10
14418,1079,3922.6,22.64,2025-12-10
14562,1090,945.2,7.18,2025-12-10
14758,1102,2944.1,13.95,2025-12-10
14855,1108,2262.9,14.49,2025-12-10
15572,1157,2538.5,13.62,2025-12-10
16071,1188,1188.1,8.61,2025-12-10
16414,1212,1808.1,15.19,2025-12-10
16469,1217,3054.5,24.78,2025-12-10
16483,1218,1082.2,9.13,2025-12-10
16498,1219,1001.8,8.05,2025-12-10
18022,1326,2696.5,22.04,2025-12-10
18687,1375,5205.4,27.81,2025-12-10
18701,1375,2661.9,16.55,2025-12-10
19064,1405,3552.2,25.05,2025-12-10
19111,1409,8856.3,49.18,2025-12-10
19591,1443,1870.0,13.83,2025-12-10
249,20,1622.2,10.49,2025-12-11
379,27,3258.0,19.93,2025-12-11
554,44,1869.9,10.43,2025-12-11
2459,194,5280.7,29.09,2025-12-11
4382,332,2491.8,20.26,2025-12-11
4979,384,3670.4,19.77,2025-12-11
5442,422,2751.2,17.11,2025-12-11
6323,491,3471.1,22.17,2025-12-11
6403,497,2426.6,16.58,2025-12-11
6541,506,4181.9,22.5,2025-12-11
6559,508,2658.7,14.34,2025-12-11
6743,519,6367.7,33.15,2025-12-11
6820,522,1546.2,15.5,2025-12-11
6872,527,1790.4,11.19,2025-12-11
6876,527,828.8,4.76,2025-12-11
7031,541,3029.9,20.18,2025-12-11
7058,542,1544.7,9.06,2025-12-11
7221,555,4733.7,24.86,2025-12-11
7354,562,2471.6,15.56,2025-12-11
7521,577,2260.6,12.66,2025-12-11
7657,585,5340.5,27.15,2025-12-11
7810,596,1791.8,9.89,2025-12-11
7976,609,3668.5,25.58,2025-12-11
8539,656,1627.5,11.22,2025-12-11
8551,657,2047.0,15.25,2025-12-11
8905,683,2780.3,13.25,2025-12-11
8985,689,4230.3,21.83,2025-12-11
9068,693,1766.1,15.75,2025-12-11
9171,699,1706.8,10.59,2025-12-11
9468,716,3747.6,33.8,2025-12-11
9618,728,2397.4,13.66,2025-12-11
10014,761,5229.7,25.91,2025-12-11
10264,774,2955.2,16.22,2025-12-11
10442,785,2724.5,21.26,2025-12-11
10658,799,2977.6,20.99,2025-12-11
10777,807,5478.9,32.36,2025-12-11
11908,894,2577.6,22.22,2025-12-11
12287,919,2244.6,15.55,2025-12-11
12453,934,1488.1,8.23,2025-12-11
15259,1134,3385.0,21.52,2025-12-11
17197,1267,2171.6,11.77,2025-12-11
17238,1270,1208.5,11.44,2025-12-11
18811,1384,1451.4,11.79,2025-12-11
19502,1437,1863.0,9.49,2025-12-11
19565,1441,1474.2,10.92,2025-12-11
19682,1453,3930.3,23.02,2025-12-11
19792,1459,2586.0,18.58,2025-12-11
341,25,757.8,9.68,2025-12-12
1238,100,4036.5,20.2,2025-12-12
1843,146,5286.1,35.38,2025-12-12
1876,147,2297.8,14.65,2025-12-12
2188,175,4047.8,18.09,2025-12-12
3049,231,3428.0,21.08,2025-12-12
3714,280,1959.1,14.78,2025-12-12
3901,292,1006.7,8.04,2025-12-12
4068,306,3348.9,19.61,2025-12-12
4142,309,3560.4,33.1,2025-12-12
4162,312,3138.3,13.03,2025-12-12
4335,329,2871.1,13.81,2025-12-12
4375,332,4459.4,26.78,2025-12-12
5619,433,0.0,0.0,2025-12-12
6140,473,1600.4,11.93,2025-12-12
6314,490,3213.7,18.74,2025-12-12
6744,519,2307.5,15.87,2025-12-12
6910,531,1725.1,8.71,2025-12-12
7879,602,2212.0,16.12,2025-12-12
9005,690,3159.9,24.92,2025-12-12
9125,696,2988.7,23.05,2025-12-12
9196,700,3120.8,21.59,2025-12-12
9229,703,2323.8,14.55,2025-12-12
9545,722,2652.0,13.78,2025-12-12
9882,748,2126.3,18.91,2025-12-12
10081,765,4268.2,21.12,2025-12-12
10267,774,3435.2,18.78,2025-12-12
10666,799,1571.7,16.93,2025-12-12
10845,812,2169.6,16.22,2025-12-12
10922,817,4099.1,22.19,2025-12-12
12847,961,2669.1,26.32,2025-12-12
12915,966,1309.4,13.5,2025-12-12
13557,1015,5780.3,29.99,2025-12-12
13834,1035,3308.0,21.89,2025-12-12
14035,1051,5092.8,28.32,2025-12-12
14132,1061,2806.5,18.37,2025-12-12
14292,1072,3812.2,21.58,2025-12-12
14699,1097,1981.9,8.6,2025-12-12
15316,1138,3486.9,16.27,2025-12-12
15575,1157,2631.6,15.91,2025-12-12
15968,1177,1370.7,10.66,2025-12-12
16548,1224,2499.7,19.82,2025-12-12
16999,1257,2194.8,22.75,2025-12-12
17071,1261,1772.3,12.43,2025-12-12
18276,1342,2726.4,15.2,2025-12-12
18496,1356,2023.5,17.22,2025-12-12
18555,1360,2410.1,11.3,2025-12-12
18805,1384,1900.0,13.47,2025-12-12
18962,1398,4662.7,33.31,2025-12-12
19117,1411,2163.3,11.44,2025-12-12
19389,1429,5644.7,29.63,2025-12-12
19643,1450,2889.4,17.89,2025-12-12
19940,1468,3044.9,23.28,2025-12-12
20020,1474,6829.6,39.72,2025-12-12
1399,110,2729.9,27.12,2025-12-13
1747,138,5209.6,24.04,2025-12-13
2184,175,5964.0,36.14,2025-12-13
2598,201,2487.0,15.79,2025-12-13
3151,237,1824.1,13.91,2025-12-13
3245,241,4105.5,25.95,2025-12-13
3928,296,2527.8,13.21,2025-12-13
4050,303,3062.5,16.96,2025-12-13
4327,328,2432.5,12.38,2025-12-13
4706,360,1254.4,9.36,2025-12-13
4727,362,1814.2,12.25,2025-12-13
4755,365,3134.5,17.35,2025-12-13
4781,369,1884.8,15.59,2025-12-13
5357,416,2977.6,20.06,2025-12-13
5651,434,1274.6,7.54,2025-12-13
6684,515,2098.1,14.64,2025-12-13
7339,560,2249.3,11.72,2025-12-13
7563,579,1519.5,9.08,2025-12-13
7911,606,1026.0,17.1,2025-12-13
10172,770,2011.9,12.79,2025-12-13
10357,780,4339.2,21.04,2025-12-13
10730,802,4787.0,34.46,2025-12-13
10900,816,4795.4,28.04,2025-12-13
12436,930,3009.2,16.07,2025-12-13
13256,993,2845.7,12.83,2025-12-13
13374,999,1873.3,13.46,2025-12-13
13755,1029,3029.2,19.59,2025-12-13
13847,1035,2597.9,18.49,2025-12-13
13888,1040,4979.7,24.85,2025-12-13
14465,1082,2548.0,10.86,2025-12-13
15181,1129,2886.7,15.81,2025-12-13
17741,1307,3627.0,25.1,2025-12-13
17977,1321,3575.8,25.79,2025-12-13
18058,1327,3972.9,24.49,2025-12-13
18067,1328,2954.8,16.14,2025-12-13
19832,1462,3733.9,21.71,2025-12-13
20419,365,3134.5,17.35,2025-12-13
20455,1307,3627.0,25.1,2025-12-13
568,47,903.3,6.0,2025-12-14
1074,88,2507.1,20.61,2025-12-14
1413,110,1711.7,10.18,2025-12-14
3266,242,4441.0,23.5,2025-12-14
3598,271,2684.4,15.35,2025-12-14
3994,299,914.1,6.02,2025-12-14
4177,314,2290.6,9.63,2025-12-14
4252,322,2442.8,21.45,2025-12-14
4774,368,3449.2,15.35,2025-12-14
5110,395,2141.8,13.45,2025-12-14
7089,544,2833.7,20.37,2025-12-14
8306,639,2295.0,16.83,2025-12-14
8827,680,4408.0,32.23,2025-12-14
9715,736,2404.4,19.8,2025-12-14
10261,774,5911.1,29.64,2025-12-14
10385,782,2589.0,17.38,2025-12-14
10998,822,1713.7,12.56,2025-12-14
11039,826,1756.1,12.54,2025-12-14
11053,828,2745.0,23.06,2025-12-14
11152,839,2812.2,16.26,2025-12-14
11165,839,2131.8,19.24,2025-12-14
11227,845,2341.5,23.3,2025-12-14
12311,920,1154.6,12.61,2025-12-14
12338,921,1907.8,11.02,2025-12-14
12562,940,1732.3,17.57,2025-12-14
12613,944,2974.7,20.19,2025-12-14
12835,960,2499.8,13.42,2025-12-14
12982,972,1280.1,14.35,2025-12-14
13035,975,4710.7,26.32,2025-12-14
13090,979,1316.0,8.95,2025-12-14
13570,1015,2177.4,12.68,2025-12-14
13658,1022,2558.6,12.62,2025-12-14
14393,1078,1973.2,10.18,2025-12-14
14570,1090,1687.1,12.68,2025-12-14
14702,1097,2277.0,14.05,2025-12-14
14778,1103,2930.5,14.36,2025-12-14
15253,1133,4963.5,29.56,2025-12-14
15367,1142,3343.8,19.08,2025-12-14
15512,1153,1760.4,10.06,2025-12-14
15937,1174,2280.0,16.45,2025-12-14
16499,1219,2783.3,13.75,2025-12-14
16940,1252,4582.7,33.9,2025-12-14
18541,1359,2418.7,12.01,2025-12-14
18636,1368,5331.9,29.06,2025-12-14
19782,1458,1120.2,14.84,2025-12-14
20435,1078,1973.2,10.18,2025-12-14
262,20,4960.0,23.44,2025-12-15
876,73,5363.8,40.63,2025-12-15
1253,101,2873.1,22.55,2025-12-15
1269,102,1066.2,7.51,2025-12-15
1480,117,890.1,13.52,2025-12-15
1788,143,2485.7,33.07,2025-12-15
1965,153,2992.0,17.77,2025-12-15
2429,190,1182.8,13.47,2025-12-15
2541,198,1319.1,15.04,2025-12-15
2668,207,1186.5,10.29,2025-12-15
3152,237,1908.0,9.82,2025-12-15
3230,240,2344.0,12.02,2025-12-15
3285,244,2534.9,13.63,2025-12-15
3961,298,2596.2,18.47,2025-12-15
3997,300,2961.6,15.47,2025-12-15
4027,302,1724.0,13.12,2025-12-15
5372,416,2186.3,9.31,2025-12-15
7996,610,830.5,8.49,2025-12-15
8145,622,4001.2,24.96,2025-12-15
8548,656,1065.1,8.55,2025-12-15
9776,740,2469.7,11.95,2025-12-15
10064,764,2158.3,13.01,2025-12-15
10284,775,3971.5,20.42,2025-12-15
10315,778,1283.0,11.12,2025-12-15
10341,780,4701.6,27.54,2025-12-15
10805,810,3985.4,26.04,2025-12-15
10977,821,1849.7,17.43,2025-12-15
11085,832,3206.9,20.61,2025-12-15
11343,852,1178.6,9.59,2025-12-15
11647,875,3925.8,21.68,2025-12-15
12080,906,2741.4,39.52,2025-12-15
12361,923,2857.4,17.37,2025-12-15
12890,965,2390.2,15.59,2025-12-15
13504,1010,1541.4,11.9,2025-12-15
14002,1050,1601.5,8.39,2025-12-15
14268,1070,8206.1,40.95,2025-12-15
15328,1139,2054.2,11.71,2025-12-15
15342,1140,1785.9,11.05,2025-12-15
15540,1155,2783.4,28.82,2025-12-15
15717,1164,3520.5,22.99,2025-12-15
15742,1165,3057.7,17.94,2025-12-15
15867,1169,7182.8,41.74,2025-12-15
15938,1174,1921.3,10.13,2025-12-15
16019,1181,3537.6,22.55,2025-12-15
16114,1191,1562.5,8.11,2025-12-15
17048,1260,2587.9,13.49,2025-12-15
17930,1320,2102.4,19.34,2025-12-15
18467,1355,2922.3,14.46,2025-12-15
18745,1378,2463.9,16.07,2025-12-15
19150,1413,1260.1,12.48,2025-12-15
19200,1416,1968.6,14.6,2025-12-15
19294,1422,2655.9,17.06,2025-12-15
20291,1495,2771.8,16.03,2025-12-15
389,27,1903.3,12.77,2025-12-16
479,37,2469.9,19.1,2025-12-16
760,65,1382.6,14.86,2025-12-16
1159,94,4436.7,20.78,2025-12-16
2460,194,4428.0,30.89,2025-12-16
4258,323,5882.4,30.84,2025-12-16
4710,360,2445.9,14.94,2025-12-16
5133,398,3424.7,17.97,2025-12-16
5344,414,2095.9,8.89,2025-12-16
7034,541,1383.5,12.67,2025-12-16
7849,601,4414.2,27.55,2025-12-16
8451,647,2257.6,11.93,2025-12-16
9148,698,4077.5,21.71,2025-12-16
9261,704,3769.5,22.62,2025-12-16
10096,766,6192.1,32.41,2025-12-16
10299,777,2400.0,10.97,2025-12-16
10878,814,375.1,5.59,2025-12-16
10950,820,1678.0,11.48,2025-12-16
11047,827,2114.6,26.62,2025-12-16
11231,845,3759.3,20.5,2025-12-16
11452,861,3520.3,19.46,2025-12-16
11482,864,2057.7,11.99,2025-12-16
12350,922,2310.3,15.1,2025-12-16
12587,941,2935.7,16.11,2025-12-16
13268,993,2915.9,17.2,2025-12-16
13397,1001,2537.1,18.74,2025-12-16
14329,1073,1675.2,14.74,2025-12-16
14349,1074,1507.3,8.41,2025-12-16
16507,1221,2517.5,16.86,2025-12-16
16646,1230,2505.4,15.07,2025-12-16
16832,1247,1285.2,8.43,2025-12-16
16891,1250,3594.5,20.97,2025-12-16
16980,1256,1709.4,9.82,2025-12-16
17202,1268,2892.3,15.84,2025-12-16
17631,1299,3310.1,21.91,2025-12-16
17980,1321,3927.0,21.96,2025-12-16
18203,1334,1720.8,9.9,2025-12-16
18271,1342,3335.0,20.94,2025-12-16
18365,1349,4754.8,29.57,2025-12-16
19394,1429,1195.8,17.78,2025-12-16
19516,1438,4110.8,21.74,2025-12-16
19938,1468,4747.7,27.0,2025-12-16
34,5,3725.9,26.27,2025-12-17
572,47,3138.1,17.75,2025-12-17
792,68,4858.0,27.42,2025-12-17
895,74,2705.4,17.89,2025-12-17
946,78,2539.0,29.71,2025-12-17
1098,90,3240.8,19.45,2025-12-17
1362,108,3904.9,22.35,2025-12-17
1741,138,4241.9,30.97,2025-12-17
2059,165,3589.6,26.21,2025-12-17
2800,216,1791.2,16.83,2025-12-17
3498,260,3003.4,13.69,2025-12-17
3711,280,1912.4,16.62,2025-12-17
4757,365,5795.4,40.08,2025-12-17
5477,424,1390.4,13.58,2025-12-17
5488,425,5567.1,24.1,2025-12-17
5502,425,7326.5,37.36,2025-12-17
7147,548,8753.9,35.63,2025-12-17
7813,597,2799.1,20.91,2025-12-17
8096,617,3028.0,26.01,2025-12-17
8577,660,3499.0,37.3,2025-12-17
8655,668,3448.3,21.92,2025-12-17
9484,718,1279.0,8.25,2025-12-17
10301,777,826.8,5.13,2025-12-17
10844,812,2654.6,23.41,2025-12-17
10888,815,1265.9,7.84,2025-12-17
10915,817,3482.4,17.46,2025-12-17
12031,903,3694.0,25.76,2025-12-17
12475,937,2986.0,16.32,2025-12-17
12600,943,3059.9,20.13,2025-12-17
13671,1023,1370.2,8.4,2025-12-17
14697,1096,3062.5,15.67,2025-12-17
14737,1100,1851.5,9.66,2025-12-17
14874,1111,912.9,8.7,2025-12-17
15028,1119,2391.9,16.07,2025-12-17
15421,1148,2165.0,15.98,2025-12-17
16492,1218,3056.3,23.37,2025-12-17
17209,1269,2273.7,10.67,2025-12-17
18096,1328,2407.2,17.6,2025-12-17
18331,1347,3300.9,20.13,2025-12-17
18681,1374,5953.6,28.62,2025-12-17
18969,1399,3629.7,31.35,2025-12-17
19281,1420,2806.7,25.11,2025-12-17
20392,1023,1370.2,8.4,2025-12-17
20413,365,5795.4,40.08,2025-12-17
271,21,3930.4,18.41,2025-12-18
628,53,1582.4,10.04,2025-12-18
974,80,2161.4,17.25,2025-12-18
1017,82,2183.0,9.9,2025-12-18
1215,98,4185.3,25.38,2025-12-18
2090,166,1948.2,18.65,2025-12-18
2183,175,3365.6,17.39,2025-12-18
2384,188,2781.6,16.17,2025-12-18
2896,223,1900.0,9.21,2025-12-18
3589,268,4162.5,22.9,2025-12-18
3596,270,1876.6,12.33,2025-12-18
3924,295,0.0,0.0,2025-12-18
4442,340,2710.1,22.11,2025-12-18
4829,372,6080.7,33.53,2025-12-18
4968,382,886.7,5.43,2025-12-18
5546,429,3717.4,17.43,2025-12-18
6731,517,4486.6,20.67,2025-12-18
8282,637,3793.5,29.82,2025-12-18
8434,647,3023.0,23.09,2025-12-18
8549,656,1856.2,10.43,2025-12-18
9228,703,6520.8,31.11,2025-12-18
9695,736,2605.2,19.4,2025-12-18
10220,772,4933.5,26.31,2025-12-18
10826,811,2336.3,14.26,2025-12-18
11145,838,2854.3,19.0,2025-12-18
11213,842,1372.0,7.73,2025-12-18
11593,871,4690.7,34.95,2025-12-18
12011,903,3019.4,17.86,2025-12-18
13024,974,5675.8,36.68,2025-12-18
13828,1035,2775.5,18.55,2025-12-18
14495,1083,2003.6,12.68,2025-12-18
14540,1088,1747.2,10.6,2025-12-18
14993,1117,3702.5,22.14,2025-12-18
15117,1125,976.7,8.39,2025-12-18
15672,1162,2786.1,21.01,2025-12-18
15934,1173,733.8,12.23,2025-12-18
16855,1248,2656.6,18.42,2025-12-18
17210,1269,3432.3,20.07,2025-12-18
17246,1271,4914.6,41.1,2025-12-18
17417,1282,3384.0,19.97,2025-12-18
17526,1292,2131.8,17.35,2025-12-18
18395,1350,1510.3,10.32,2025-12-18
19245,1418,14607.2,90.0,2025-12-18
19313,1423,759.3,6.57,2025-12-18
19484,1436,2835.3,19.32,2025-12-18
20134,1484,1304.2,13.83,2025-12-18
336,24,4171.8,28.96,2025-12-19
978,81,877.8,9.11,2025-12-19
1099,90,2476.0,14.45,2025-12-19
2401,188,5105.9,39.96,2025-12-19
2463,194,1566.3,13.56,2025-12-19
3277,242,4589.8,26.1,2025-12-19
3380,250,2068.2,12.82,2025-12-19
3583,267,3016.8,19.68,2025-12-19
3721,281,3518.1,17.78,2025-12-19
4229,319,1697.8,8.63,2025-12-19
4302,327,5694.6,34.7,2025-12-19
6170,475,3330.2,17.2,2025-12-19
6914,531,3467.5,29.48,2025-12-19
7073,544,3133.1,17.36,2025-12-19
7618,582,2979.8,17.2,2025-12-19
8011,612,5884.9,27.48,2025-12-19
8298,639,1853.5,12.41,2025-12-19
8492,652,2368.9,16.89,2025-12-19
8619,662,6779.1,54.53,2025-12-19
8832,680,3409.5,19.42,2025-12-19
9121,696,4180.3,23.55,2025-12-19
9591,725,1929.5,12.32,2025-12-19
9645,731,3559.5,13.91,2025-12-19
10456,787,2500.8,13.39,2025-12-19
11086,832,3034.5,22.68,2025-12-19
11364,853,1047.5,7.38,2025-12-19
11542,868,2364.9,17.06,2025-12-19
11913,895,1626.1,12.74,2025-12-19
12195,915,3685.6,18.01,2025-12-19
14191,1065,4725.1,34.92,2025-12-19
14269,1070,2320.9,17.86,2025-12-19
14379,1077,1664.6,10.67,2025-12-19
14527,1086,2885.0,15.98,2025-12-19
14900,1113,2020.7,15.17,2025-12-19
15055,1121,4531.3,30.77,2025-12-19
15176,1129,3590.1,29.4,2025-12-19
15205,1130,3609.6,35.05,2025-12-19
15331,1140,2550.1,15.11,2025-12-19
15509,1153,1827.6,18.41,2025-12-19
15755,1165,2534.8,22.57,2025-12-19
17230,1270,2495.4,14.87,2025-12-19
17700,1304,1832.7,16.45,2025-12-19
17859,1315,1900.9,14.15,2025-12-19
17872,1316,2061.9,15.23,2025-12-19
17969,1321,1299.9,7.8,2025-12-19
18181,1333,644.0,8.86,2025-12-19
18430,1353,3481.0,22.7,2025-12-19
18631,1366,1711.8,14.98,2025-12-19
19418,1430,1680.2,13.12,2025-12-19
20009,1473,5499.2,26.9,2025-12-19
52,7,1729.3,11.74,2025-12-20
87,11,2302.4,16.64,2025-12-20
569,47,8642.7,42.69,2025-12-20
1444,114,2166.3,14.38,2025-12-20
1449,114,2829.7,16.01,2025-12-20
1514,120,1278.8,15.0,2025-12-20
2136,172,4093.5,22.75,2025-12-20
3147,236,2858.7,16.34,2025-12-20
3233,240,3012.5,26.46,2025-12-20
3784,285,2834.2,15.37,2025-12-20
3867,290,1449.1,11.07,2025-12-20
4784,369,3284.3,19.71,2025-12-20
4913,377,5773.7,28.2,2025-12-20
5612,432,2971.3,23.75,2025-12-20
5771,444,1905.0,11.89,2025-12-20
5934,458,1272.9,6.86,2025-12-20
6235,483,2582.7,15.92,2025-12-20
7127,547,6127.1,32.75,2025-12-20
7248,557,3460.4,28.98,2025-12-20
7463,572,2413.1,15.59,2025-12-20
7907,606,1189.3,7.45,2025-12-20
7915,606,4588.9,24.68,2025-12-20
8328,640,6219.7,43.99,2025-12-20
9292,706,5102.9,29.14,2025-12-20
10145,769,2541.5,21.21,2025-12-20
10155,769,2477.9,17.53,2025-12-20
10347,780,2515.0,17.13,2025-12-20
10353,780,1647.6,13.63,2025-12-20
10700,801,1487.3,12.7,2025-12-20
10791,808,3551.4,17.08,2025-12-20
11433,858,2789.6,20.64,2025-12-20
11598,871,3365.2,24.45,2025-12-20
12150,911,2132.8,14.27,2025-12-20
12165,913,2210.5,16.77,2025-12-20
12202,915,1534.2,12.41,2025-12-20
12317,920,2659.8,14.26,2025-12-20
12752,954,2600.4,21.1,2025-12-20
12829,959,1534.6,8.81,2025-12-20
14278,1071,2231.4,16.24,2025-12-20
14334,1073,6523.3,34.77,2025-12-20
14351,1075,2457.4,12.45,2025-12-20
15049,1121,1347.6,9.26,2025-12-20
15116,1125,857.2,5.2,2025-12-20
15584,1157,1587.8,8.53,2025-12-20
15666,1161,3689.8,29.24,2025-12-20
15778,1166,2609.1,18.26,2025-12-20
15990,1178,2671.8,23.33,2025-12-20
16818,1246,1636.1,13.56,2025-12-20
17014,1258,1203.5,8.95,2025-12-20
17273,1272,2844.4,17.32,2025-12-20
17887,1316,1017.1,11.36,2025-12-20
18700,1375,2652.4,17.17,2025-12-20
18842,1388,2615.8,12.71,2025-12-20
18889,1393,614.7,9.39,2025-12-20
19275,1420,1983.8,8.51,2025-12-20
19744,1456,1156.6,8.73,2025-12-20
19979,1471,3949.9,24.77,2025-12-20
20451,120,1278.8,15.0,2025-12-20
285,21,0.0,0.0,2025-12-21
434,34,2328.7,15.87,2025-12-21
1001,82,2522.0,14.24,2025-12-21
1048,85,1938.2,12.91,2025-12-21
1753,138,2840.1,17.94,2025-12-21
1859,146,4505.6,24.2,2025-12-21
2225,178,1225.0,7.17,2025-12-21
2758,213,5248.1,32.72,2025-12-21
2772,214,1740.4,13.53,2025-12-21
2780,214,2618.5,18.62,2025-12-21
2983,229,4145.6,27.65,2025-12-21
3467,256,1648.4,12.25,2025-12-21
3759,283,5548.6,32.34,2025-12-21
3985,299,1698.7,10.67,2025-12-21
4147,311,4054.3,26.71,2025-12-21
4898,376,6274.5,30.76,2025-12-21
5038,389,2558.9,12.46,2025-12-21
5569,430,4683.9,26.14,2025-12-21
5629,434,2615.5,16.17,2025-12-21
5676,436,1196.5,9.99,2025-12-21
5866,450,3694.0,19.13,2025-12-21
6334,491,2149.6,13.02,2025-12-21
7173,550,2377.2,19.9,2025-12-21
7306,559,1255.2,7.9,2025-12-21
7325,560,1163.5,8.43,2025-12-21
7485,572,3689.9,20.83,2025-12-21
8171,625,2871.9,18.23,2025-12-21
8367,644,7537.4,35.53,2025-12-21
11412,856,1579.3,12.57,2025-12-21
11942,898,1320.3,13.4,2025-12-21
12094,906,2736.7,20.74,2025-12-21
12252,917,1270.1,10.71,2025-12-21
13421,1003,4074.5,24.39,2025-12-21
13659,1022,4361.3,22.76,2025-12-21
13725,1028,2685.5,14.5,2025-12-21
13850,1036,1523.1,9.23,2025-12-21
14245,1068,2410.6,13.68,2025-12-21
14277,1071,1894.8,16.07,2025-12-21
14326,1073,3987.6,23.54,2025-12-21
14935,1113,1233.8,10.52,2025-12-21
15162,1127,3441.5,28.54,2025-12-21
15888,1170,3121.5,14.44,2025-12-21
16016,1181,3240.5,23.72,2025-12-21
16531,1223,907.3,8.67,2025-12-21
17670,1302,1476.4,10.67,2025-12-21
18976,1400,1879.4,11.87,2025-12-21
19853,1464,1195.0,9.0,2025-12-21
19965,1470,4816.1,26.41,2025-12-21
186,17,1911.1,15.97,2025-12-22
473,36,1955.7,10.31,2025-12-22
873,72,4151.2,23.12,2025-12-22
1200,97,3812.0,30.79,2025-12-22
1625,125,1754.0,11.32,2025-12-22
2213,178,2211.0,11.8,2025-12-22
2254,179,2366.9,13.96,2025-12-22
2672,207,3603.9,18.22,2025-12-22
3370,250,11946.3,57.31,2025-12-22
3938,297,6816.0,38.07,2025-12-22
4115,309,3767.8,38.38,2025-12-22
4397,335,3180.2,20.05,2025-12-22
4602,353,1804.3,14.55,2025-12-22
5075,391,3657.1,24.15,2025-12-22
5584,430,2323.2,10.91,2025-12-22
5678,436,2239.0,15.43,2025-12-22
6638,513,3595.2,15.24,2025-12-22
7368,562,1670.0,16.56,2025-12-22
7469,572,4701.0,27.78,2025-12-22
8911,684,2336.6,13.91,2025-12-22
9077,693,2750.3,14.96,2025-12-22
9968,756,4882.0,31.08,2025-12-22
10773,807,4603.7,23.78,2025-12-22
12158,911,4176.7,25.62,2025-12-22
12423,929,867.1,5.37,2025-12-22
12975,971,3498.5,17.26,2025-12-22
12984,972,5183.2,30.05,2025-12-22
13133,982,4988.5,27.54,2025-12-22
13559,1015,948.0,7.61,2025-12-22
13852,1036,1867.3,14.0,2025-12-22
13874,1040,2386.6,18.57,2025-12-22
14042,1051,2515.1,12.97,2025-12-22
14094,1057,1477.3,10.02,2025-12-22
14137,1061,3607.2,20.25,2025-12-22
14515,1085,2986.5,26.47,2025-12-22
15064,1122,5478.9,27.46,2025-12-22
15290,1137,1126.5,12.68,2025-12-22
15546,1155,2059.8,14.74,2025-12-22
15617,1158,2610.5,22.96,2025-12-22
15829,1168,2378.0,16.73,2025-12-22
16467,1217,1358.6,9.46,2025-12-22
17285,1272,2838.8,17.33,2025-12-22
17451,1283,3249.5,20.34,2025-12-22
17556,1294,5764.1,45.22,2025-12-22
17642,1299,7115.7,42.94,2025-12-22
18523,1358,5534.7,30.43,2025-12-22
18801,1383,0.0,0.0,2025-12-22
19085,1406,2092.8,14.46,2025-12-22
19880,1467,3861.9,31.17,2025-12-22
19921,1468,3392.7,15.11,2025-12-22
26,4,3306.0,20.62,2025-12-23
35,5,5304.5,28.41,2025-12-23
371,25,4867.4,21.38,2025-12-23
577,48,3153.9,21.34,2025-12-23
907,74,5899.5,44.91,2025-12-23
1508,119,2547.0,23.99,2025-12-23
1699,133,5339.5,25.11,2025-12-23
1837,145,3452.3,18.29,2025-12-23
3676,277,8983.4,43.62,2025-12-23
3704,279,4881.1,27.92,2025-12-23
4064,306,3259.1,17.45,2025-12-23
4298,327,3024.0,16.63,2025-12-23
4577,351,2749.0,11.18,2025-12-23
6031,465,3185.9,18.01,2025-12-23
6088,469,5405.5,25.71,2025-12-23
6625,512,2438.6,14.04,2025-12-23
6660,514,3177.4,21.9,2025-12-23
7432,569,4261.9,25.09,2025-12-23
7798,595,2566.6,12.31,2025-12-23
9436,714,6054.8,26.58,2025-12-23
9607,727,1535.0,11.11,2025-12-23
10706,802,1183.1,8.9,2025-12-23
11389,855,6357.9,37.26,2025-12-23
11406,855,5127.2,35.87,2025-12-23
11932,897,2539.4,14.28,2025-12-23
12163,912,2202.3,12.44,2025-12-23
12192,914,2260.8,16.2,2025-12-23
12315,920,6314.6,40.04,2025-12-23
12380,925,1934.9,15.61,2025-12-23
12643,945,2200.1,16.04,2025-12-23
12654,946,1779.7,10.11,2025-12-23
12692,949,1346.6,6.86,2025-12-23
13130,982,2558.8,17.34,2025-12-23
14851,1108,1361.5,11.4,2025-12-23
15214,1130,1745.6,9.04,2025-12-23
15433,1149,1280.0,5.93,2025-12-23
15488,1152,1094.3,8.92,2025-12-23
15657,1161,1547.3,9.96,2025-12-23
15923,1172,4075.1,26.89,2025-12-23
16230,1200,4556.6,20.25,2025-12-23
16299,1205,2177.2,10.88,2025-12-23
16563,1225,2940.3,16.8,2025-12-23
16739,1240,1969.8,17.03,2025-12-23
17318,1274,2961.1,20.94,2025-12-23
17424,1283,4907.8,37.43,2025-12-23
17507,1290,3242.6,20.97,2025-12-23
17874,1316,2887.6,17.0,2025-12-23
18806,1384,3921.8,24.71,2025-12-23
19664,1451,1969.8,11.31,2025-12-23
28,5,2122.6,11.03,2025-12-24
480,38,2397.5,15.3,2025-12-24
904,74,2686.4,16.17,2025-12-24
1043,84,0.0,0.0,2025-12-24
1899,149,3330.1,17.36,2025-12-24
2123,170,5086.9,38.89,2025-12-24
2268,181,2109.8,16.58,2025-12-24
2640,205,2113.9,10.76,2025-12-24
3087,233,3855.1,29.39,2025-12-24
3584,267,1743.3,13.37,2025-12-24
3740,282,3065.5,14.08,2025-12-24
3809,288,1474.4,9.02,2025-12-24
3984,299,4655.0,24.0,2025-12-24
4460,342,2626.5,18.94,2025-12-24
5045,390,2438.9,16.05,2025-12-24
5178,401,1815.4,17.45,2025-12-24
5486,425,3636.8,18.85,2025-12-24
5705,439,3311.3,19.02,2025-12-24
5984,461,3467.2,18.5,2025-12-24
6052,467,1448.9,7.34,2025-12-24
7086,544,4122.4,22.37,2025-12-24
7136,547,2815.8,23.45,2025-12-24
7174,551,2823.4,19.0,2025-12-24
7302,559,2974.0,15.51,2025-12-24
7360,562,3515.6,25.35,2025-12-24
7803,595,3327.3,17.48,2025-12-24
7835,599,2414.2,17.04,2025-12-24
8733,675,3239.4,18.39,2025-12-24
9179,700,2378.3,14.95,2025-12-24
9917,751,2387.6,15.52,2025-12-24
10108,767,1426.6,12.54,2025-12-24
10501,788,4581.9,30.39,2025-12-24
11453,861,1510.1,11.28,2025-12-24
11470,863,1921.8,19.06,2025-12-24
11945,898,2342.6,12.88,2025-12-24
11968,900,5410.3,33.68,2025-12-24
12749,953,1634.5,10.01,2025-12-24
13911,1042,1981.1,11.27,2025-12-24
15836,1168,3355.3,22.74,2025-12-24
15880,1170,2226.4,16.63,2025-12-24
15939,1174,2120.6,11.95,2025-12-24
16101,1191,1807.9,9.86,2025-12-24
17019,1258,3455.2,20.1,2025-12-24
17295,1273,4584.5,24.96,2025-12-24
17565,1294,3541.3,18.19,2025-12-24
17630,1298,1808.7,9.44,2025-12-24
18073,1328,2657.9,19.21,2025-12-24
18220,1337,1186.2,7.95,2025-12-24
18345,1347,3456.9,20.8,2025-12-24
19946,1469,942.6,15.71,2025-12-24
367,25,1169.4,10.35,2025-12-25
397,29,2963.5,17.55,2025-12-25
648,55,1961.6,15.92,2025-12-25
1026,83,3048.8,20.47,2025-12-25
1096,90,2899.0,21.98,2025-12-25
1461,115,4720.8,34.72,2025-12-25
1831,145,2567.6,13.2,2025-12-25
2016,160,2558.8,11.6,2025-12-25
2784,214,2238.8,22.67,2025-12-25
3547,264,1533.5,10.94,2025-12-25
3637,274,2720.3,15.91,2025-12-25
3765,283,5262.8,32.04,2025-12-25
4720,361,1710.1,9.92,2025-12-25
4868,374,1122.2,7.96,2025-12-25
4872,374,4451.6,23.14,2025-12-25
5060,391,5047.4,34.28,2025-12-25
5421,421,2711.4,15.71,2025-12-25
6057,468,2106.9,13.94,2025-12-25
6459,501,2921.6,19.42,2025-12-25
7438,569,2063.2,15.82,2025-12-25
7745,593,2952.3,21.16,2025-12-25
8534,655,2756.9,18.73,2025-12-25
8654,668,2110.1,10.91,2025-12-25
9245,704,1660.8,9.75,2025-12-25
9880,748,1777.5,11.97,2025-12-25
10045,763,1920.4,10.16,2025-12-25
10794,808,3197.4,17.64,2025-12-25
10809,810,1914.2,9.44,2025-12-25
10881,814,2148.3,20.9,2025-12-25
10945,819,1029.2,10.67,2025-12-25
11331,850,1569.7,10.76,2025-12-25
11361,853,3291.0,17.28,2025-12-25
11363,853,1354.0,16.25,2025-12-25
11658,875,1906.2,12.3,2025-12-25
12104,907,2964.2,22.66,2025-12-25
12262,917,1930.1,9.28,2025-12-25
12985,972,1604.9,13.06,2025-12-25
13475,1008,5733.7,39.29,2025-12-25
14590,1091,2855.6,20.3,2025-12-25
14974,1117,2418.5,13.44,2025-12-25
16509,1221,2874.2,12.91,2025-12-25
16680,1236,6909.0,37.04,2025-12-25
16720,1238,2617.8,14.57,2025-12-25
17127,1263,1995.2,21.13,2025-12-25
18756,1379,2373.4,15.35,2025-12-25
18799,1383,1694.3,14.58,2025-12-25
19234,1418,2391.8,13.81,2025-12-25
19366,1426,2450.9,16.98,2025-12-25
19705,1453,1464.3,11.33,2025-12-25
19732,1454,1516.2,11.9,2025-12-25
19952,1470,2566.9,18.48,2025-12-25
169,15,2372.3,15.87,2025-12-26
318,24,2480.3,13.95,2025-12-26
670,57,1733.5,14.44,2025-12-26
2026,161,4767.2,29.88,2025-12-26
2074,165,1156.6,7.5,2025-12-26
2398,188,1253.2,10.75,2025-12-26
2938,227,5716.0,44.09,2025-12-26
3320,245,2596.7,14.84,2025-12-26
4143,309,6479.4,43.56,2025-12-26
4574,351,1509.5,7.07,2025-12-26
5036,389,4494.2,27.13,2025-12-26
5530,427,1679.4,10.66,2025-12-26
5666,436,4386.6,31.02,2025-12-26
5893,453,2376.6,14.7,2025-12-26
6277,487,6082.9,29.37,2025-12-26
6821,522,1033.0,12.59,2025-12-26
7309,559,1688.9,13.14,2025-12-26
7713,591,2701.4,15.66,2025-12-26
8014,612,7679.7,50.74,2025-12-26
8235,631,2909.7,16.42,2025-12-26
8918,684,1820.3,11.82,2025-12-26
8999,690,6001.8,28.23,2025-12-26
9587,725,1298.4,9.63,2025-12-26
9943,753,3390.9,18.42,2025-12-26
11307,848,1315.8,9.77,2025-12-26
11315,849,2131.5,19.39,2025-12-26
11876,891,2246.3,13.71,2025-12-26
11933,897,2761.4,18.64,2025-12-26
12318,920,3013.8,20.23,2025-12-26
12325,920,2185.9,13.11,2025-12-26
12409,928,4175.8,25.3,2025-12-26
12808,959,2324.4,24.98,2025-12-26
12856,962,1762.6,12.4,2025-12-26
12927,968,3874.6,26.7,2025-12-26
13927,1043,1471.7,13.87,2025-12-26
14409,1079,1897.2,13.74,2025-12-26
14608,1091,2577.4,28.03,2025-12-26
14987,1117,5423.9,34.09,2025-12-26
15412,1146,2090.4,15.88,2025-12-26
15519,1153,3780.1,21.59,2025-12-26
16014,1181,2372.9,15.3,2025-12-26
16040,1182,1480.1,9.04,2025-12-26
16050,1186,2451.4,13.45,2025-12-26
17717,1305,2177.5,21.84,2025-12-26
18071,1328,1071.6,7.44,2025-12-26
18925,1397,3843.8,27.55,2025-12-26
19016,1402,2809.9,17.97,2025-12-26
19311,1423,1969.9,12.76,2025-12-26
19477,1436,2959.2,16.12,2025-12-26
19499,1437,4096.5,25.16,2025-12-26
19592,1443,5030.7,27.73,2025-12-26
20047,1476,1487.5,11.07,2025-12-26
20299,1497,4640.1,38.14,2025-12-26
563,46,2334.8,17.05,2025-12-27
1174,96,2419.2,15.18,2025-12-27
1212,98,1209.3,7.11,2025-12-27
1473,116,1793.8,11.36,2025-12-27
1786,143,2412.8,17.29,2025-12-27
2078,165,2813.1,14.83,2025-12-27
2301,184,3176.2,20.93,2025-12-27
2579,200,2351.8,17.43,2025-12-27
2852,220,3189.9,19.68,2025-12-27
2953,227,1840.6,19.87,2025-12-27
3403,252,1838.5,12.7,2025-12-27
3797,286,2277.7,14.72,2025-12-27
4476,344,3858.3,18.26,2025-12-27
4485,344,4845.9,28.24,2025-12-27
4656,357,2971.2,15.4,2025-12-27
5185,401,2109.9,17.86,2025-12-27
5531,428,1946.7,14.99,2025-12-27
6768,519,1503.6,7.82,2025-12-27
7263,557,2074.1,14.32,2025-12-27
7381,564,1831.8,30.53,2025-12-27
8024,612,2887.7,15.84,2025-12-27
8062,615,1981.1,15.12,2025-12-27
9567,724,1579.3,15.63,2025-12-27
10168,770,3043.5,22.67,2025-12-27
10188,771,3880.3,25.52,2025-12-27
10206,771,4593.3,31.48,2025-12-27
10556,792,7198.5,48.52,2025-12-27
12071,906,4229.2,20.4,2025-12-27
12286,919,5226.3,23.0,2025-12-27
12424,929,5010.3,35.33,2025-12-27
13753,1029,2092.6,11.93,2025-12-27
14934,1113,2484.5,12.33,2025-12-27
15021,1118,3992.6,24.5,2025-12-27
15175,1129,3313.5,16.77,2025-12-27
15235,1131,3083.4,16.51,2025-12-27
15687,1162,3609.0,20.21,2025-12-27
15991,1178,3418.6,19.77,2025-12-27
16811,1245,1204.9,7.69,2025-12-27
18355,1348,2614.3,19.41,2025-12-27
18406,1351,3456.9,18.19,2025-12-27
18509,1358,9472.1,55.35,2025-12-27
18529,1358,4115.8,29.25,2025-12-27
19255,1419,1111.2,6.86,2025-12-27
19327,1423,0.0,0.0,2025-12-27
19870,1466,2300.6,17.54,2025-12-27
20200,1490,1869.6,10.71,2025-12-27
45,5,1903.9,14.4,2025-12-28
492,39,2984.8,19.69,2025-12-28
608,50,2700.2,12.87,2025-12-28
916,74,4278.1,22.27,2025-12-28
935,77,1264.9,6.97,2025-12-28
1085,89,2060.1,12.7,2025-12-28
1203,97,2690.6,18.89,2025-12-28
1328,106,1855.5,15.04,2025-12-28
1617,125,2219.9,14.94,2025-12-28
1659,130,1467.5,11.86,2025-12-28
2107,167,2682.1,15.98,2025-12-28
2480,195,661.9,9.02,2025-12-28
2960,227,1865.0,14.09,2025-12-28
3113,235,2253.3,13.97,2025-12-28
4600,353,2109.1,11.83,2025-12-28
4618,354,2435.3,19.5,2025-12-28
4969,382,2268.6,13.79,2025-12-28
5200,402,1287.9,10.85,2025-12-28
5527,427,2164.1,12.21,2025-12-28
5967,459,2317.9,25.31,2025-12-28
5990,462,2437.0,14.08,2025-12-28
6122,472,1620.7,14.15,2025-12-28
6551,507,1766.4,11.65,2025-12-28
6918,531,4382.2,25.39,2025-12-28
7238,556,1268.6,10.9,2025-12-28
7508,575,2123.1,20.47,2025-12-28
7627,582,2335.9,15.02,2025-12-28
7637,583,2308.0,19.98,2025-12-28
7924,606,2575.5,15.22,2025-12-28
8500,652,5322.9,36.57,2025-12-28
8599,662,3302.3,20.23,2025-12-28
9003,690,1368.1,8.56,2025-12-28
9753,738,2588.7,14.72,2025-12-28
10377,781,2573.8,11.31,2025-12-28
10647,798,2451.3,12.96,2025-12-28
10775,807,6166.8,35.31,2025-12-28
10865,813,834.1,6.4,2025-12-28
11463,863,3859.3,23.11,2025-12-28
11477,863,1981.2,15.51,2025-12-28
11547,868,2006.9,17.55,2025-12-28
11583,870,3350.1,15.43,2025-12-28
13925,1043,2035.5,13.51,2025-12-28
14266,1070,1178.5,8.81,2025-12-28
14448,1081,4370.9,24.95,2025-12-28
14721,1099,2782.1,17.81,2025-12-28
15066,1122,8221.2,39.51,2025-12-28
15347,1140,2867.2,15.74,2025-12-28
15767,1165,3996.4,23.87,2025-12-28
16617,1228,1803.7,13.87,2025-12-28
16637,1230,2839.6,21.12,2025-12-28
17008,1258,1746.5,12.33,2025-12-28
17738,1307,1894.3,15.4,2025-12-28
18050,1327,2832.7,17.42,2025-12-28
18190,1334,1234.9,8.5,2025-12-28
18401,1350,4369.1,19.67,2025-12-28
19143,1413,1636.5,8.92,2025-12-28
19186,1415,4028.0,24.39,2025-12-28
19344,1424,4509.9,24.3,2025-12-28
19411,1430,4730.5,25.99,2025-12-28
19641,1450,2288.6,13.81,2025-12-28
707,60,2542.0,15.54,2025-12-29
1190,97,7116.0,32.49,2025-12-29
1494,118,3550.5,24.73,2025-12-29
1725,134,1142.2,6.68,2025-12-29
1978,156,7696.0,48.59,2025-12-29
2193,176,2241.3,11.94,2025-12-29
2867,221,1512.4,10.49,2025-12-29
3170,237,2006.4,14.65,2025-12-29
3520,263,1821.1,20.99,2025-12-29
3653,275,3744.9,23.72,2025-12-29
3692,278,2021.2,12.68,2025-12-29
3706,279,3989.6,23.49,2025-12-29
3710,280,4949.1,30.72,2025-12-29
3808,288,2315.4,11.94,2025-12-29
3990,299,2424.7,19.71,2025-12-29
4564,349,1996.5,11.58,2025-12-29
4575,351,1842.4,8.67,2025-12-29
5352,415,1830.3,12.81,2025-12-29
5360,416,6035.1,26.43,2025-12-29
5403,418,1916.0,17.14,2025-12-29
5541,429,9160.0,45.27,2025-12-29
6024,465,1656.3,11.41,2025-12-29
6500,504,2206.2,16.26,2025-12-29
6533,505,2440.3,19.26,2025-12-29
6831,522,1979.6,10.39,2025-12-29
7003,538,1206.0,13.99,2025-12-29
7101,546,2702.3,14.37,2025-12-29
7750,593,3844.1,18.93,2025-12-29
8135,621,1178.7,8.03,2025-12-29
8448,647,1922.4,14.26,2025-12-29
8994,690,2277.7,28.35,2025-12-29
9033,691,2125.1,14.95,2025-12-29
9136,697,3815.9,18.4,2025-12-29
9205,702,2370.3,13.97,2025-12-29
9230,703,1002.2,5.68,2025-12-29
10282,775,2899.1,19.55,2025-12-29
10797,808,2079.7,20.82,2025-12-29
10904,816,2737.4,21.43,2025-12-29
11174,840,1785.5,11.63,2025-12-29
11249,847,1840.3,14.21,2025-12-29
11746,882,2235.0,12.25,2025-12-29
11760,883,1407.4,9.69,2025-12-29
11841,888,2303.4,19.58,2025-12-29
11989,902,3985.5,25.13,2025-12-29
13687,1024,2240.2,13.07,2025-12-29
13770,1030,3040.9,17.84,2025-12-29
13865,1038,3466.0,17.47,2025-12-29
13912,1042,1730.8,14.61,2025-12-29
14206,1066,1386.7,8.56,2025-12-29
14857,1108,2342.6,15.87,2025-12-29
15177,1129,1571.5,11.23,2025-12-29
15348,1140,3402.0,26.4,2025-12-29
15480,1152,3956.1,24.79,2025-12-29
15518,1153,2501.0,15.79,2025-12-29
16032,1182,1332.9,11.72,2025-12-29
16461,1217,3124.7,18.56,2025-12-29
16749,1241,1966.7,12.32,2025-12-29
17364,1277,1935.0,12.29,2025-12-29
17432,1283,2572.3,19.0,2025-12-29
17734,1307,2725.5,16.84,2025-12-29
19091,1407,4745.4,30.56,2025-12-29
19735,1455,887.2,8.03,2025-12-29
19825,1461,8120.1,40.45,2025-12-29
32,5,4526.9,23.08,2025-12-30
106,12,7311.6,27.77,2025-12-30
142,14,1345.8,10.74,2025-12-30
406,30,4039.3,22.41,2025-12-30
516,43,8765.2,65.51,2025-12-30
717,62,1486.4,13.52,2025-12-30
950,78,2929.1,13.64,2025-12-30
1303,104,2463.7,15.46,2025-12-30
1414,110,1418.8,7.97,2025-12-30
1826,145,4526.7,23.38,2025-12-30
1889,148,3306.3,24.37,2025-12-30
2056,163,817.3,8.2,2025-12-30
2652,205,2325.8,16.78,2025-12-30
2837,218,4250.2,27.6,2025-12-30
2949,227,1756.6,14.27,2025-12-30
2955,227,2032.0,17.47,2025-12-30
4179,314,2293.6,15.31,2025-12-30
4882,374,2878.7,16.49,2025-12-30
4923,378,1272.3,6.11,2025-12-30
5019,389,2711.8,17.85,2025-12-30
5583,430,3853.2,24.33,2025-12-30
6423,499,2757.6,23.67,2025-12-30
6696,515,3705.1,23.14,2025-12-30
7142,547,1688.1,9.87,2025-12-30
7322,560,3046.5,16.05,2025-12-30
7519,577,998.2,6.92,2025-12-30
8061,615,1818.6,13.7,2025-12-30
9013,690,2863.2,19.12,2025-12-30
9231,703,2755.9,19.6,2025-12-30
9716,736,8851.5,50.5,2025-12-30
9958,755,4182.0,27.06,2025-12-30
10937,818,3951.6,24.3,2025-12-30
11120,835,3588.6,20.64,2025-12-30
11358,853,1492.9,9.59,2025-12-30
11408,855,2355.5,12.99,2025-12-30
11536,868,3327.9,16.84,2025-12-30
11589,871,2067.0,12.14,2025-12-30
11732,879,2202.9,22.46,2025-12-30
11739,881,3102.9,24.83,2025-12-30
12500,938,2083.5,20.55,2025-12-30
13642,1021,3203.3,22.65,2025-12-30
14347,1074,2749.5,17.01,2025-12-30
14443,1081,907.7,9.62,2025-12-30
14447,1081,2556.6,12.89,2025-12-30
15514,1153,4304.3,26.45,2025-12-30
15602,1157,2353.5,20.27,2025-12-30
15822,1168,2801.3,15.71,2025-12-30
16549,1224,4553.2,32.89,2025-12-30
18265,1342,2280.5,12.33,2025-12-30
18463,1355,1425.7,10.29,2025-12-30
18740,1377,4619.9,21.33,2025-12-30
19015,1402,2331.4,18.74,2025-12-30
19023,1402,7417.6,31.67,2025-12-30
19382,1429,5741.3,29.92,2025-12-30
19491,1436,2904.1,15.29,2025-12-30
19510,1438,5219.4,31.29,2025-12-30
20106,1480,2800.8,20.64,2025-12-30
10,2,7988.9,47.5,2025-12-31
115,12,2789.5,18.81,2025-12-31
157,14,1838.8,8.39,2025-12-31
1021,82,4520.0,25.74,2025-12-31
1236,99,2623.5,16.36,2025-12-31
1838,145,1362.6,7.77,2025-12-31
3360,249,3171.7,21.01,2025-12-31
3652,275,1777.3,16.12,2025-12-31
3807,288,1483.1,15.83,2025-12-31
3893,291,1285.2,7.41,2025-12-31
4416,337,6456.7,35.09,2025-12-31
5513,426,4342.0,27.26,2025-12-31
6378,496,3199.8,16.8,2025-12-31
6575,508,2526.5,16.95,2025-12-31
6984,535,2367.2,15.61,2025-12-31
7244,556,3519.9,22.83,2025-12-31
7749,593,5565.8,30.05,2025-12-31
8725,673,1421.0,10.88,2025-12-31
8950,687,2916.1,18.96,2025-12-31
9030,691,3659.4,16.37,2025-12-31
9364,710,1800.5,8.74,2025-12-31
9593,725,3144.9,17.79,2025-12-31
9849,746,2138.7,12.85,2025-12-31
11066,831,6086.9,35.56,2025-12-31
11705,879,1965.0,12.53,2025-12-31
11711,879,2251.1,15.19,2025-12-31
11734,879,5940.4,32.71,2025-12-31
12041,904,3061.8,16.28,2025-12-31
12387,925,6653.4,43.41,2025-12-31
12403,927,1065.6,8.1,2025-12-31
12768,954,4658.4,29.83,2025-12-31
12977,971,2417.6,24.36,2025-12-31
14037,1051,2043.7,29.19,2025-12-31
14275,1071,4192.4,25.84,2025-12-31
14411,1079,2083.7,16.61,2025-12-31
14871,1111,1536.8,20.31,2025-12-31
15149,1126,2805.5,18.15,2025-12-31
15683,1162,1597.6,9.94,2025-12-31
16330,1208,2934.0,16.08,2025-12-31
16477,1217,2960.0,15.94,2025-12-31
16545,1224,5204.6,27.83,2025-12-31
16702,1237,1454.9,9.48,2025-12-31
17593,1296,742.4,5.15,2025-12-31
17871,1316,1562.9,10.39,2025-12-31
18037,1327,2704.5,15.34,2025-12-31
18286,1343,2238.6,14.99,2025-12-31
18465,1355,3802.8,22.04,2025-12-31
19562,1441,3448.2,15.88,2025-12-31
19793,1459,4330.3,30.88,2025-12-31
19942,1469,2043.6,11.99,2025-12-31
33,5,3074.0,18.44,2026-01-01
357,25,1347.2,10.74,2026-01-01
527,43,3643.7,19.13,2026-01-01
708,60,2232.3,8.82,2026-01-01
897,74,4359.8,35.25,2026-01-01
2604,202,4550.4,22.82,2026-01-01
2906,223,3158.0,17.76,2026-01-01
3261,242,2614.7,12.61,2026-01-01
3351,247,1185.3,8.55,2026-01-01
3749,283,2788.7,19.04,2026-01-01
4322,328,3600.6,20.41,2026-01-01
4608,354,1509.0,12.48,2026-01-01
4973,383,1418.3,11.34,2026-01-01
5083,392,3175.3,20.4,2026-01-01
5588,431,1727.2,18.85,2026-01-01
6040,466,2311.6,15.2,2026-01-01
6188,477,2757.9,23.88,2026-01-01
6353,493,2099.3,13.61,2026-01-01
6812,522,2316.9,15.61,2026-01-01
6826,522,3507.7,17.33,2026-01-01
7509,575,3720.9,25.71,2026-01-01
7609,582,1604.3,10.14,2026-01-01
8027,612,1738.0,14.43,2026-01-01
8147,622,1974.3,8.03,2026-01-01
9271,705,2468.2,22.61,2026-01-01
9310,708,1949.1,8.27,2026-01-01
9326,708,1605.8,14.15,2026-01-01
9898,749,4403.1,23.99,2026-01-01
10555,792,2465.7,15.38,2026-01-01
10778,807,2452.2,19.35,2026-01-01
10779,807,1003.0,7.7,2026-01-01
10903,816,2214.4,12.94,2026-01-01
11234,846,5583.3,36.6,2026-01-01
11759,883,2225.1,14.77,2026-01-01
12310,920,4055.9,25.46,2026-01-01
12451,933,3980.4,21.88,2026-01-01
12481,937,1416.2,10.35,2026-01-01
12641,945,2802.3,14.42,2026-01-01
12789,957,1817.8,10.54,2026-01-01
14159,1063,1318.1,16.24,2026-01-01
14433,1079,2753.0,23.93,2026-01-01
14688,1096,1661.3,10.1,2026-01-01
15360,1142,2885.1,17.11,2026-01-01
15481,1152,2643.6,15.3,2026-01-01
15491,1152,3753.6,23.23,2026-01-01
15971,1177,5444.7,28.28,2026-01-01
16045,1185,2602.2,21.23,2026-01-01
16322,1207,1451.0,12.15,2026-01-01
16847,1247,1838.6,12.33,2026-01-01
17241,1270,4576.9,23.54,2026-01-01
17354,1276,1952.9,12.17,2026-01-01
17447,1283,4939.7,21.55,2026-01-01
18025,1327,3000.6,18.82,2026-01-01
18672,1372,2410.3,12.91,2026-01-01
19594,1443,1770.4,14.78,2026-01-01
19699,1453,2300.6,11.92,2026-01-01
20006,1472,1384.0,11.7,2026-01-01
503,42,1916.5,19.31,2026-01-02
921,75,2127.8,16.58,2026-01-02
961,80,2400.8,15.95,2026-01-02
1083,89,2368.8,18.37,2026-01-02
1879,148,1807.9,13.17,2026-01-02
2210,178,1179.0,11.85,2026-01-02
2748,213,2394.6,14.82,2026-01-02
3033,231,1598.1,22.03,2026-01-02
4900,376,1874.4,9.93,2026-01-02
6251,485,2448.7,13.01,2026-01-02
6381,497,4185.5,22.17,2026-01-02
6741,519,1771.4,12.51,2026-01-02
7091,545,2149.6,17.63,2026-01-02
8082,616,2988.4,24.47,2026-01-02
8173,625,1084.9,9.79,2026-01-02
8314,639,945.9,7.86,2026-01-02
8591,660,2303.7,15.36,2026-01-02
8624,663,2395.2,13.91,2026-01-02
8767,677,4800.8,27.75,2026-01-02
8940,686,7676.0,37.59,2026-01-02
10119,768,2886.9,23.67,2026-01-02
10277,775,3687.8,20.13,2026-01-02
10304,777,2529.2,20.44,2026-01-02
10460,787,1193.6,7.35,2026-01-02
10486,788,1790.2,13.49,2026-01-02
11065,830,4842.3,25.15,2026-01-02
11093,833,4954.2,22.27,2026-01-02
12014,903,2845.6,18.46,2026-01-02
12365,924,4876.8,30.52,2026-01-02
12706,950,4500.4,27.36,2026-01-02
13031,974,2722.9,22.48,2026-01-02
13313,996,3325.0,22.17,2026-01-02
13590,1016,1519.8,9.14,2026-01-02
13809,1034,1421.0,8.79,2026-01-02
14731,1099,1142.8,11.21,2026-01-02
14973,1117,1828.1,10.16,2026-01-02
15478,1152,2024.0,13.32,2026-01-02
15864,1169,2551.1,23.29,2026-01-02
16063,1187,2822.4,19.02,2026-01-02
17520,1291,2905.9,17.28,2026-01-02
18685,1374,1663.8,8.46,2026-01-02
19566,1441,5808.0,28.36,2026-01-02
19951,1470,3056.6,20.8,2026-01-02
1324,106,3025.6,21.98,2026-01-03
2134,172,4407.4,28.63,2026-01-03
2302,184,2177.5,17.66,2026-01-03
2536,198,4795.7,28.02,2026-01-03
3383,250,5451.0,31.18,2026-01-03
3595,269,1961.7,14.41,2026-01-03
3631,274,4730.7,26.76,2026-01-03
4178,314,3563.0,28.74,2026-01-03
4584,352,3047.6,23.1,2026-01-03
4996,384,1658.3,11.96,2026-01-03
5141,399,999.3,11.5,2026-01-03
5196,402,2432.9,13.78,2026-01-03
5242,406,2533.5,17.51,2026-01-03
5769,444,2012.5,20.68,2026-01-03
5994,462,5123.1,28.84,2026-01-03
6457,501,5336.0,42.43,2026-01-03
6628,512,1200.7,10.2,2026-01-03
6938,532,2135.8,10.21,2026-01-03
7574,580,1311.9,8.6,2026-01-03
8201,627,4157.0,25.53,2026-01-03
8221,629,7209.7,41.0,2026-01-03
8925,685,2153.8,15.89,2026-01-03
9267,705,2648.1,17.42,2026-01-03
9702,736,4060.7,20.87,2026-01-03
9959,755,2979.7,15.33,2026-01-03
9999,760,7604.2,43.43,2026-01-03
10060,764,2045.2,11.63,2026-01-03
10603,795,2022.9,20.8,2026-01-03
10686,800,1515.1,9.14,2026-01-03
10736,803,2251.0,17.69,2026-01-03
11292,848,5094.5,29.45,2026-01-03
11400,855,1824.9,17.66,2026-01-03
11842,888,4602.4,43.7,2026-01-03
11950,898,4997.7,24.93,2026-01-03
12333,921,1489.0,7.17,2026-01-03
13166,984,2162.8,14.87,2026-01-03
14228,1067,5106.2,29.86,2026-01-03
14693,1096,6629.0,38.96,2026-01-03
15568,1157,6730.8,38.07,2026-01-03
16121,1192,1521.0,10.55,2026-01-03
16363,1210,2838.6,27.52,2026-01-03
16756,1242,533.4,6.46,2026-01-03
16971,1255,2386.9,15.19,2026-01-03
17431,1283,1554.7,10.42,2026-01-03
17614,1297,2896.2,16.04,2026-01-03
19401,1430,2540.0,20.8,2026-01-03
19445,1433,1649.1,23.26,2026-01-03
19461,1434,8889.7,47.76,2026-01-03
19658,1451,2106.1,15.2,2026-01-03
20071,1477,2696.8,15.28,2026-01-03
20100,1479,1680.5,11.49,2026-01-03
279,21,2559.0,14.43,2026-01-04
433,34,3238.1,19.9,2026-01-04
996,82,8696.2,43.95,2026-01-04
1125,92,3050.4,18.68,2026-01-04
1447,114,2412.9,18.1,2026-01-04
1490,118,2957.2,17.85,2026-01-04
1827,145,810.1,8.37,2026-01-04
2011,160,2589.2,13.79,2026-01-04
2117,168,1162.7,6.58,2026-01-04
2264,181,2216.7,8.88,2026-01-04
2453,194,2148.3,13.34,2026-01-04
2964,227,3534.7,33.68,2026-01-04
3280,243,1709.5,12.53,2026-01-04
3549,264,3358.9,22.21,2026-01-04
3875,291,1640.3,10.29,2026-01-04
4967,382,2486.1,18.48,2026-01-04
5032,389,3408.9,22.85,2026-01-04
5158,400,5028.2,31.28,2026-01-04
5263,409,4527.6,23.12,2026-01-04
5912,455,2262.2,10.0,2026-01-04
6902,530,2967.3,18.12,2026-01-04
7235,556,2015.4,13.31,2026-01-04
7241,556,3369.0,17.9,2026-01-04
7347,561,3272.0,25.03,2026-01-04
7529,577,3541.7,18.57,2026-01-04
7734,591,1742.6,15.36,2026-01-04
8013,612,1733.0,19.69,2026-01-04
8601,662,2535.7,16.88,2026-01-04
8612,662,2063.8,11.68,2026-01-04
8613,662,2551.3,15.08,2026-01-04
8656,668,1621.8,13.3,2026-01-04
8774,678,882.4,5.82,2026-01-04
9113,696,1582.4,10.69,2026-01-04
9123,696,3323.4,21.58,2026-01-04
10004,760,2614.5,19.15,2026-01-04
10110,767,2832.9,18.24,2026-01-04
10892,815,5095.1,41.93,2026-01-04
11055,828,628.7,5.27,2026-01-04
11228,845,2164.4,16.95,2026-01-04
11638,875,5488.5,24.93,2026-01-04
12821,959,4621.7,18.32,2026-01-04
12990,972,2284.4,12.89,2026-01-04
13114,981,3035.6,16.02,2026-01-04
13311,996,6252.6,30.7,2026-01-04
13731,1028,2663.7,14.11,2026-01-04
13732,1028,6196.9,34.4,2026-01-04
14188,1065,4503.3,22.95,2026-01-04
14356,1075,2464.0,14.14,2026-01-04
15823,1168,2470.3,20.98,2026-01-04
17124,1263,5946.2,27.5,2026-01-04
17236,1270,2195.0,10.94,2026-01-04
17949,1321,2494.2,16.42,2026-01-04
18109,1329,4222.1,26.75,2026-01-04
18167,1333,2732.3,14.38,2026-01-04
18191,1334,2372.4,13.3,2026-01-04
18683,1374,4693.0,32.91,2026-01-04
19241,1418,5668.4,39.6,2026-01-04
19431,1431,3344.1,22.92,2026-01-04
19494,1437,6729.3,38.63,2026-01-04
19761,1458,1032.7,11.55,2026-01-04
19873,1466,2316.2,13.85,2026-01-04
20152,1486,3998.1,26.87,2026-01-04
143,14,2633.0,23.94,2026-01-05
338,24,4576.6,25.31,2026-01-05
1247,101,1869.3,15.69,2026-01-05
1764,139,513.0,5.33,2026-01-05
2146,172,2302.2,17.95,2026-01-05
2880,221,3215.4,29.13,2026-01-05
3854,290,2457.0,14.91,2026-01-05
4008,300,3596.8,18.89,2026-01-05
5973,460,5216.6,30.78,2026-01-05
6498,504,2122.8,10.09,2026-01-05
6722,516,4106.5,21.69,2026-01-05
6778,520,1423.5,6.17,2026-01-05
6800,522,2206.9,10.62,2026-01-05
6990,536,2005.9,10.23,2026-01-05
8178,626,2595.3,14.48,2026-01-05
8444,647,2335.7,17.22,2026-01-05
8585,660,2688.0,21.15,2026-01-05
8652,668,2045.0,22.9,2026-01-05
8954,687,1911.4,12.95,2026-01-05
9992,759,4232.8,22.65,2026-01-05
10426,784,2819.4,23.61,2026-01-05
10818,811,1715.6,14.76,2026-01-05
11667,876,1804.8,11.58,2026-01-05
12803,958,1354.8,9.88,2026-01-05
12912,966,3294.6,24.74,2026-01-05
12957,971,3165.6,17.91,2026-01-05
13695,1024,1986.2,17.43,2026-01-05
14337,1073,3160.3,21.18,2026-01-05
14348,1074,1471.2,13.54,2026-01-05
14355,1075,2964.3,21.25,2026-01-05
14464,1082,3691.6,21.27,2026-01-05
14517,1086,2880.3,12.32,2026-01-05
14741,1100,3755.0,23.12,2026-01-05
15688,1163,2322.9,18.88,2026-01-05
15850,1169,2890.8,14.63,2026-01-05
16208,1199,2131.1,15.14,2026-01-05
16609,1228,1675.6,15.95,2026-01-05
16683,1236,1120.3,8.13,2026-01-05
17131,1263,1677.6,14.53,2026-01-05
17234,1270,2807.9,26.45,2026-01-05
17253,1271,1711.1,11.43,2026-01-05
18774,1380,3689.4,25.12,2026-01-05
19020,1402,1006.8,11.73,2026-01-05
19657,1451,5723.9,24.04,2026-01-05
204,19,3154.7,17.42,2026-01-06
405,29,1212.0,10.83,2026-01-06
1375,109,2786.4,24.13,2026-01-06
2294,183,2513.6,21.01,2026-01-06
2380,187,1820.4,15.88,2026-01-06
2553,199,2642.3,15.92,2026-01-06
2683,208,1077.6,7.51,2026-01-06
3020,230,4924.2,24.94,2026-01-06
3127,236,2795.5,20.45,2026-01-06
3647,275,2939.4,22.51,2026-01-06
5077,391,1608.5,10.33,2026-01-06
5492,425,2794.0,22.74,2026-01-06
5747,443,1075.1,6.78,2026-01-06
5756,444,2797.8,16.56,2026-01-06
5854,450,2105.1,12.3,2026-01-06
6689,515,3943.3,29.23,2026-01-06
7149,548,3505.5,24.93,2026-01-06
7448,569,3669.7,19.46,2026-01-06
7808,595,3109.9,22.11,2026-01-06
7898,604,1958.2,14.77,2026-01-06
8068,616,1678.9,9.41,2026-01-06
9215,703,3135.9,24.23,2026-01-06
9254,704,5329.6,26.12,2026-01-06
9356,709,2671.7,20.84,2026-01-06
9404,714,6317.1,36.91,2026-01-06
10224,772,1112.0,8.04,2026-01-06
10694,801,4640.0,25.71,2026-01-06
12680,949,1208.4,9.33,2026-01-06
13290,995,2530.4,12.63,2026-01-06
13449,1005,5129.9,18.93,2026-01-06
13676,1023,3923.5,20.24,2026-01-06
14257,1069,1610.8,9.89,2026-01-06
14407,1079,2603.1,23.31,2026-01-06
14650,1095,1968.9,18.07,2026-01-06
15457,1151,2507.3,21.88,2026-01-06
16012,1181,5714.7,30.54,2026-01-06
16929,1252,2907.2,17.89,2026-01-06
16974,1255,2158.1,10.83,2026-01-06
17098,1262,791.7,6.81,2026-01-06
20370,616,1678.9,9.41,2026-01-06
238,20,1384.1,8.25,2026-01-07
640,54,3889.2,22.12,2026-01-07
743,64,5948.4,37.67,2026-01-07
914,74,2312.5,14.49,2026-01-07
1691,133,2656.8,17.99,2026-01-07
3174,237,1970.0,14.33,2026-01-07
4110,308,3079.8,19.78,2026-01-07
4448,340,1480.0,16.5,2026-01-07
4511,345,1935.4,9.52,2026-01-07
4681,358,5366.2,27.21,2026-01-07
4745,364,2790.7,18.87,2026-01-07
5658,435,2494.2,13.66,2026-01-07
5673,436,1241.0,11.46,2026-01-07
6087,469,1942.1,12.0,2026-01-07
6574,508,3480.3,21.4,2026-01-07
6690,515,2660.8,14.61,2026-01-07
8628,663,4830.9,32.14,2026-01-07
9574,724,3619.0,24.58,2026-01-07
10025,761,1382.0,8.44,2026-01-07
11194,841,2882.9,15.13,2026-01-07
11312,848,1857.3,11.73,2026-01-07
11327,850,1652.0,17.15,2026-01-07
13154,984,4384.6,21.72,2026-01-07
13873,1040,4584.5,30.14,2026-01-07
14024,1050,1335.3,10.26,2026-01-07
14449,1081,3646.4,24.89,2026-01-07
15678,1162,2248.9,15.17,2026-01-07
15739,1165,3824.2,21.07,2026-01-07
16026,1182,1461.9,9.3,2026-01-07
16107,1191,1613.5,15.44,2026-01-07
16215,1199,1177.1,10.94,2026-01-07
16242,1201,3326.6,24.55,2026-01-07
16446,1215,5987.9,39.47,2026-01-07
16547,1224,402.6,6.71,2026-01-07
16570,1226,1571.6,9.53,2026-01-07
16608,1228,1393.8,23.23,2026-01-07
16793,1245,627.5,8.73,2026-01-07
17409,1282,1641.4,12.79,2026-01-07
17419,1282,5031.0,33.87,2026-01-07
18615,1366,2335.0,16.16,2026-01-07
18695,1375,1131.3,6.82,2026-01-07
19041,1403,2647.2,15.47,2026-01-07
19089,1407,1612.0,14.05,2026-01-07
20164,1488,3282.1,20.95,2026-01-07
664,57,1707.2,10.56,2026-01-08
711,60,3192.4,18.94,2026-01-08
930,76,2262.0,15.62,2026-01-08
960,80,3786.2,29.13,2026-01-08
1495,118,2720.0,23.01,2026-01-08
1670,131,4282.1,20.9,2026-01-08
2600,201,4130.4,20.3,2026-01-08
2639,205,2436.8,17.37,2026-01-08
2968,228,1788.3,16.36,2026-01-08
4578,351,2182.8,19.93,2026-01-08
4654,357,1478.1,9.67,2026-01-08
4899,376,2692.1,20.2,2026-01-08
5244,407,1908.6,12.76,2026-01-08
5373,416,3808.4,21.92,2026-01-08
5407,419,1964.1,11.26,2026-01-08
6007,464,861.3,5.71,2026-01-08
6940,532,873.4,5.05,2026-01-08
7103,546,5366.7,24.64,2026-01-08
7153,549,1514.7,13.85,2026-01-08
11332,850,1523.9,9.51,2026-01-08
11435,858,5724.6,38.02,2026-01-08
11575,870,1576.4,12.64,2026-01-08
11899,894,1539.4,9.61,2026-01-08
12040,904,1464.1,15.16,2026-01-08
13279,994,1903.9,9.73,2026-01-08
14954,1116,4894.8,25.75,2026-01-08
15051,1121,1009.1,6.47,2026-01-08
15314,1138,3501.2,21.12,2026-01-08
15363,1142,3013.8,15.72,2026-01-08
15690,1163,3482.3,25.16,2026-01-08
16320,1206,2700.4,23.55,2026-01-08
16368,1210,1928.3,14.99,2026-01-08
16464,1217,1124.1,9.23,2026-01-08
16508,1221,1636.6,12.75,2026-01-08
16607,1228,3420.3,30.46,2026-01-08
17293,1272,1707.3,11.47,2026-01-08
18487,1356,822.8,5.95,2026-01-08
19238,1418,1377.0,14.25,2026-01-08
54,7,3884.4,22.18,2026-01-09
86,11,2610.8,13.13,2026-01-09
105,12,1376.6,9.05,2026-01-09
1832,145,5423.4,30.71,2026-01-09
1851,146,3079.9,19.61,2026-01-09
2083,165,5704.9,27.0,2026-01-09
2419,190,2041.9,14.46,2026-01-09
2485,195,1456.6,8.83,2026-01-09
2962,227,1389.9,9.22,2026-01-09
3117,236,2504.0,21.94,2026-01-09
3600,271,3972.2,19.06,2026-01-09
3606,271,2132.7,13.86,2026-01-09
3627,273,2106.7,12.01,2026-01-09
4242,320,3463.4,21.91,2026-01-09
4965,381,2931.6,15.28,2026-01-09
5042,390,3872.8,28.54,2026-01-09
5933,458,1856.7,15.05,2026-01-09
6431,499,1869.9,11.13,2026-01-09
7686,587,1856.8,11.77,2026-01-09
7827,597,769.9,5.37,2026-01-09
8077,616,3675.1,24.76,2026-01-09
8706,671,1424.1,11.39,2026-01-09
10125,768,1595.0,12.63,2026-01-09
10498,788,2401.6,13.92,2026-01-09
12109,908,1890.8,13.65,2026-01-09
12498,938,2159.9,15.58,2026-01-09
13123,981,2728.7,14.29,2026-01-09
13242,992,1138.6,7.54,2026-01-09
13953,1045,1743.1,15.72,2026-01-09
14026,1050,2465.1,14.93,2026-01-09
14073,1055,3410.2,18.14,2026-01-09
14618,1092,2680.0,20.87,2026-01-09
14724,1099,3405.7,25.85,2026-01-09
14894,1111,2945.1,15.46,2026-01-09
15814,1167,2575.8,16.25,2026-01-09
15928,1173,2122.4,13.79,2026-01-09
15988,1178,1610.7,10.12,2026-01-09
16380,1211,1851.2,12.81,2026-01-09
16890,1250,2379.5,16.01,2026-01-09
17455,1284,1339.8,12.58,2026-01-09
17993,1323,2267.2,12.08,2026-01-09
18034,1327,3089.0,21.82,2026-01-09
18152,1332,3309.0,18.24,2026-01-09
18386,1349,1642.1,8.34,2026-01-09
18919,1396,3978.0,24.94,2026-01-09
19427,1431,3070.3,19.12,2026-01-09
19613,1448,3193.5,20.02,2026-01-09
20201,1490,6380.9,28.83,2026-01-09
283,21,3216.8,20.21,2026-01-10
844,71,5098.9,25.26,2026-01-10
1872,147,1985.1,20.49,2026-01-10
3349,247,5993.3,35.65,2026-01-10
3851,290,2179.2,16.88,2026-01-10
3969,298,1146.0,7.31,2026-01-10
4069,306,0.0,0.0,2026-01-10
4274,325,2695.0,14.4,2026-01-10
4545,347,4473.5,18.42,2026-01-10
4669,358,1751.6,8.65,2026-01-10
4697,359,2313.8,19.04,2026-01-10
5631,434,5060.4,25.69,2026-01-10
5830,448,0.0,0.0,2026-01-10
6053,467,1939.9,13.86,2026-01-10
6265,486,2877.3,18.66,2026-01-10
6589,509,2264.4,18.02,2026-01-10
7423,568,5278.7,31.69,2026-01-10
7700,588,1482.3,10.07,2026-01-10
8036,613,2455.2,14.36,2026-01-10
8046,614,3057.8,17.57,2026-01-10
8345,642,3856.8,23.58,2026-01-10
8431,647,1346.4,12.44,2026-01-10
8788,679,1915.6,13.22,2026-01-10
9082,693,1706.0,9.86,2026-01-10
9140,698,707.3,6.06,2026-01-10
9180,700,2203.3,12.53,2026-01-10
9447,715,2070.8,17.54,2026-01-10
9583,724,3511.9,24.22,2026-01-10
10365,781,2880.9,18.07,2026-01-10
10530,791,3942.6,19.28,2026-01-10
11237,846,4113.8,22.77,2026-01-10
11692,878,1711.1,8.72,2026-01-10
12133,910,1761.0,12.11,2026-01-10
12590,941,2045.1,16.39,2026-01-10
12779,956,2088.9,22.9,2026-01-10
12960,971,2714.5,17.0,2026-01-10
13037,975,815.0,5.74,2026-01-10
13241,992,1108.2,10.9,2026-01-10
13966,1047,2130.0,13.31,2026-01-10
14075,1055,1673.0,10.89,2026-01-10
14168,1063,1399.3,12.17,2026-01-10
14568,1090,1377.4,9.65,2026-01-10
15460,1151,1750.6,16.16,2026-01-10
15815,1168,1683.7,23.76,2026-01-10
15932,1173,1896.3,13.28,2026-01-10
16365,1210,4319.3,23.94,2026-01-10
16518,1222,5076.3,26.55,2026-01-10
16586,1227,7807.2,32.67,2026-01-10
16693,1236,3098.6,18.81,2026-01-10
17309,1273,3717.7,24.58,2026-01-10
17400,1281,2383.3,14.37,2026-01-10
17407,1282,2269.5,19.55,2026-01-10
17500,1289,1779.0,13.86,2026-01-10
18313,1345,3369.0,24.22,2026-01-10
18612,1366,1200.6,20.01,2026-01-10
18820,1385,789.0,10.72,2026-01-10
19429,1431,1304.6,8.87,2026-01-10
19547,1440,2589.5,19.71,2026-01-10
19924,1468,2932.3,23.45,2026-01-10
133,13,1197.6,10.56,2026-01-11
309,23,2788.9,14.31,2026-01-11
488,39,4109.2,25.99,2026-01-11
612,50,1934.4,12.93,2026-01-11
1086,89,0.0,0.0,2026-01-11
2310,184,1377.0,8.63,2026-01-11
3191,238,1758.0,10.93,2026-01-11
4377,332,3434.1,15.31,2026-01-11
4423,338,1392.3,8.1,2026-01-11
5770,444,2143.4,14.69,2026-01-11
6632,512,2353.2,12.28,2026-01-11
6981,535,1229.9,6.22,2026-01-11
7283,558,4036.0,27.22,2026-01-11
7417,568,1749.5,15.41,2026-01-11
7443,569,4355.2,34.13,2026-01-11
7993,610,1703.6,12.34,2026-01-11
8617,662,4602.8,33.57,2026-01-11
8651,667,711.2,6.68,2026-01-11
9322,708,3264.3,21.06,2026-01-11
9566,724,4455.3,22.35,2026-01-11
10838,812,2235.5,11.73,2026-01-11
11356,853,5316.6,27.63,2026-01-11
11763,883,3337.4,24.03,2026-01-11
12065,905,3199.7,21.14,2026-01-11
12090,906,3722.9,15.42,2026-01-11
12271,918,6299.8,39.26,2026-01-11
13018,973,1583.5,10.31,2026-01-11
13260,993,2896.3,18.98,2026-01-11
13506,1010,1116.0,18.6,2026-01-11
14631,1094,6064.8,34.29,2026-01-11
15395,1144,1449.3,9.31,2026-01-11
17708,1304,3279.4,20.1,2026-01-11
18047,1327,1057.1,9.39,2026-01-11
18363,1349,4235.3,26.93,2026-01-11
18398,1350,1526.4,12.34,2026-01-11
18626,1366,4709.4,30.85,2026-01-11
18682,1374,3844.7,18.2,2026-01-11
18782,1381,2512.0,17.03,2026-01-11
19069,1405,1288.4,8.22,2026-01-11
19575,1443,4718.1,31.35,2026-01-11
19654,1451,5860.0,40.67,2026-01-11
19914,1468,2673.7,19.47,2026-01-11
1690,133,4514.3,25.29,2026-01-12
1706,133,2326.2,14.23,2026-01-12
2570,199,3639.6,23.85,2026-01-12
3058,233,2726.0,16.0,2026-01-12
4122,309,3609.0,23.71,2026-01-12
4525,346,4405.0,28.21,2026-01-12
4597,352,3480.0,20.94,2026-01-12
5398,418,2527.5,19.22,2026-01-12
6766,519,2223.9,16.3,2026-01-12
6917,531,3792.4,22.09,2026-01-12
7384,564,3513.7,35.12,2026-01-12
8369,644,3099.3,24.06,2026-01-12
8545,656,3273.0,19.66,2026-01-12
8573,660,2989.9,13.49,2026-01-12
8663,668,3286.4,16.66,2026-01-12
8672,669,3574.3,27.34,2026-01-12
8750,675,5133.8,22.51,2026-01-12
8790,679,5265.3,30.18,2026-01-12
10040,763,2086.2,10.2,2026-01-12
10661,799,1565.6,13.37,2026-01-12
11509,866,2264.9,17.42,2026-01-12
11606,872,2156.4,13.21,2026-01-12
11712,879,7818.0,72.5,2026-01-12
12069,906,1198.2,8.76,2026-01-12
12096,907,1937.1,13.0,2026-01-12
12118,909,3167.1,15.05,2026-01-12
12292,920,2097.9,12.86,2026-01-12
12372,925,4094.7,27.12,2026-01-12
12383,925,2414.1,13.42,2026-01-12
12623,944,2075.1,12.36,2026-01-12
13135,982,3360.2,25.4,2026-01-12
13486,1009,1253.9,9.47,2026-01-12
13673,1023,1282.4,8.08,2026-01-12
14162,1063,2116.9,15.16,2026-01-12
14210,1067,2079.2,22.7,2026-01-12
14262,1070,4919.2,26.41,2026-01-12
14288,1071,2186.4,24.45,2026-01-12
14545,1089,3293.2,21.14,2026-01-12
14841,1108,3153.8,24.6,2026-01-12
16460,1217,2136.0,19.5,2026-01-12
16553,1224,2755.4,16.13,2026-01-12
16983,1256,780.8,7.68,2026-01-12
17923,1320,2531.7,26.46,2026-01-12
19006,1402,2208.5,17.12,2026-01-12
19941,1469,2190.4,12.5,2026-01-12
20376,133,2326.2,14.23,2026-01-12
3322,245,3281.0,16.69,2026-01-13
4046,303,1572.1,9.21,2026-01-13
4079,307,2038.0,15.36,2026-01-13
4337,329,4145.7,27.66,2026-01-13
4596,352,3029.0,20.88,2026-01-13
4631,355,886.0,9.27,2026-01-13
4947,379,2430.5,16.32,2026-01-13
4974,384,1874.4,11.11,2026-01-13
5985,461,3717.2,24.74,2026-01-13
6271,487,4824.0,26.12,2026-01-13
7633,582,1622.9,9.5,2026-01-13
7724,591,4432.1,26.05,2026-01-13
7806,595,1109.4,11.88,2026-01-13
8490,652,1365.3,9.73,2026-01-13
8510,653,2690.9,15.65,2026-01-13
8546,656,3626.3,21.05,2026-01-13
8836,680,3019.8,17.52,2026-01-13
9194,700,2230.5,13.11,2026-01-13
10160,770,2138.0,16.33,2026-01-13
10308,777,1911.1,18.46,2026-01-13
10862,813,4637.0,32.43,2026-01-13
11877,891,1595.9,11.81,2026-01-13
12636,945,5658.8,30.78,2026-01-13
12934,970,1584.5,12.06,2026-01-13
13549,1015,1316.0,11.19,2026-01-13
14494,1083,3265.4,29.48,2026-01-13
15396,1144,2846.8,17.13,2026-01-13
15901,1171,2774.9,19.13,2026-01-13
16076,1188,4109.1,28.84,2026-01-13
16448,1215,2798.0,15.81,2026-01-13
16523,1223,1340.5,9.05,2026-01-13
17027,1259,5757.8,31.03,2026-01-13
17256,1271,3306.9,19.07,2026-01-13
17413,1282,2491.6,14.63,2026-01-13
17829,1313,2295.0,22.62,2026-01-13
18587,1365,2093.1,16.82,2026-01-13
18983,1400,1319.3,11.87,2026-01-13
19473,1435,2786.4,19.99,2026-01-13
20417,245,3281.0,16.69,2026-01-13
198,18,1424.2,12.94,2026-01-14
427,32,3084.5,21.72,2026-01-14
462,36,4680.1,25.86,2026-01-14
530,43,4319.1,25.22,2026-01-14
1077,88,3723.9,24.12,2026-01-14
1493,118,2124.4,9.33,2026-01-14
2196,177,3257.8,21.21,2026-01-14
2242,179,5493.3,32.97,2026-01-14
2528,198,2211.2,15.74,2026-01-14
4742,363,1693.7,16.81,2026-01-14
4946,379,2676.5,22.98,2026-01-14
4948,379,2430.1,13.32,2026-01-14
5199,402,17475.7,90.0,2026-01-14
5509,425,3892.4,22.65,2026-01-14
6303,488,937.1,6.99,2026-01-14
6458,501,2161.9,12.96,2026-01-14
6596,509,3840.2,21.84,2026-01-14
6991,536,2406.9,17.14,2026-01-14
7327,560,2164.4,13.74,2026-01-14
7746,593,5196.1,47.57,2026-01-14
7877,601,8296.2,46.8,2026-01-14
8091,617,1440.5,11.34,2026-01-14
8100,617,4898.2,29.03,2026-01-14
8618,662,2176.9,11.85,2026-01-14
8775,678,852.0,9.84,2026-01-14
8949,687,5395.5,26.46,2026-01-14
10123,768,3662.1,19.92,2026-01-14
10784,807,2839.7,23.81,2026-01-14
10864,813,1644.6,8.45,2026-01-14
11132,838,967.9,7.64,2026-01-14
11403,855,2631.5,20.69,2026-01-14
11898,893,1696.6,10.31,2026-01-14
12269,918,2827.6,21.62,2026-01-14
12539,940,3502.9,31.3,2026-01-14
13275,994,1540.2,12.4,2026-01-14
13766,1030,4920.1,23.22,2026-01-14
14532,1086,1765.2,13.14,2026-01-14
15386,1143,6263.9,44.35,2026-01-14
15963,1177,3190.5,17.22,2026-01-14
16627,1229,4514.2,41.3,2026-01-14
16686,1236,2714.1,15.34,2026-01-14
16801,1245,1911.7,15.25,2026-01-14
16898,1250,2097.6,10.83,2026-01-14
16936,1252,4236.7,21.92,2026-01-14
18484,1356,2569.2,19.82,2026-01-14
18932,1397,2033.7,14.29,2026-01-14
19097,1408,823.5,6.99,2026-01-14
20107,1481,2679.1,26.59,2026-01-14
20395,88,3723.9,24.12,2026-01-14
20398,662,2176.9,11.85,2026-01-14
1337,106,2519.6,20.71,2026-01-15
1436,113,2188.6,17.94,2026-01-15
2115,168,2067.0,13.57,2026-01-15
2693,208,947.9,11.18,2026-01-15
3213,238,3691.4,25.81,2026-01-15
3898,291,1819.3,13.31,2026-01-15
5010,388,744.0,6.01,2026-01-15
5027,389,3896.7,22.71,2026-01-15
5235,406,2941.5,26.26,2026-01-15
5335,414,1410.2,5.42,2026-01-15
5825,448,2575.3,18.19,2026-01-15
7320,559,1824.1,18.71,2026-01-15
7863,601,1795.3,10.24,2026-01-15
8509,653,2923.7,20.74,2026-01-15
9090,693,1146.1,9.64,2026-01-15
9214,702,1964.5,14.75,2026-01-15
9259,704,1818.7,11.98,2026-01-15
9359,709,900.8,6.89,2026-01-15
9809,742,3410.1,20.33,2026-01-15
9811,742,1874.8,11.72,2026-01-15
9899,749,1257.3,8.66,2026-01-15
10198,771,3443.9,25.89,2026-01-15
10412,782,801.7,5.42,2026-01-15
11076,831,1730.7,13.72,2026-01-15
11635,875,2059.3,17.63,2026-01-15
12666,947,2990.3,16.87,2026-01-15
13455,1005,3297.3,16.88,2026-01-15
14110,1059,3992.1,29.44,2026-01-15
14401,1078,2823.2,21.68,2026-01-15
14487,1082,2282.1,12.57,2026-01-15
15003,1118,2971.5,13.19,2026-01-15
15057,1121,4160.3,24.88,2026-01-15
15976,1177,1820.6,11.98,2026-01-15
16232,1200,2965.1,15.72,2026-01-15
16865,1249,1054.8,11.08,2026-01-15
17225,1270,1865.3,13.35,2026-01-15
19022,1402,2846.2,16.58,2026-01-15
19406,1430,4148.0,23.39,2026-01-15
19691,1453,2524.3,11.13,2026-01-15
19887,1467,3410.0,22.83,2026-01-15
19907,1468,1422.9,12.07,2026-01-15
20044,1476,4543.5,25.05,2026-01-15
735,63,1823.9,13.23,2026-01-16
4018,302,3989.7,26.45,2026-01-16
4347,330,3126.0,25.41,2026-01-16
4469,342,2576.1,16.45,2026-01-16
5194,402,7935.1,36.97,2026-01-16
5277,410,1347.0,8.38,2026-01-16
5294,411,4221.6,23.2,2026-01-16
5376,416,3371.5,15.18,2026-01-16
5391,418,2779.8,20.67,2026-01-16
5670,436,2472.1,11.88,2026-01-16
6180,476,3278.9,22.55,2026-01-16
6362,494,1247.3,7.94,2026-01-16
7456,570,3693.9,19.52,2026-01-16
7841,599,1979.4,14.15,2026-01-16
7914,606,6159.5,34.04,2026-01-16
8256,633,1815.1,15.45,2026-01-16
8276,637,2106.9,23.78,2026-01-16
8307,639,3226.0,18.3,2026-01-16
9100,695,1271.1,8.4,2026-01-16
9991,759,2731.4,14.58,2026-01-16
10333,779,1508.2,12.53,2026-01-16
10986,822,4376.0,26.17,2026-01-16
11029,826,4909.1,26.24,2026-01-16
11125,836,3515.0,19.59,2026-01-16
11740,881,2989.2,16.6,2026-01-16
12175,913,1315.2,10.95,2026-01-16
12456,934,2421.8,14.33,2026-01-16
13539,1014,1066.9,9.35,2026-01-16
13574,1016,1799.8,12.77,2026-01-16
14199,1066,2618.4,17.45,2026-01-16
14261,1070,3634.6,20.15,2026-01-16
16015,1181,7789.6,50.26,2026-01-16
16813,1246,4135.3,27.05,2026-01-16
16942,1252,4205.2,21.44,2026-01-16
17080,1262,3686.1,26.49,2026-01-16
17715,1305,5424.6,30.36,2026-01-16
17869,1316,4406.7,33.08,2026-01-16
18502,1357,1121.3,9.43,2026-01-16
18603,1365,1351.3,8.52,2026-01-16
18618,1366,1677.3,9.93,2026-01-16
19447,1433,2588.8,14.8,2026-01-16
19756,1458,1751.3,12.46,2026-01-16
20221,1490,4381.6,24.04,2026-01-16
20247,1494,2158.8,13.69,2026-01-16
20248,1494,2035.9,16.61,2026-01-16
212,19,1814.8,10.6,2026-01-17
228,19,3276.9,27.34,2026-01-17
344,25,2623.0,18.24,2026-01-17
1110,91,935.4,6.96,2026-01-17
1156,94,7238.1,42.94,2026-01-17
1732,136,943.5,8.77,2026-01-17
1924,151,1376.4,13.02,2026-01-17
2396,188,2583.6,17.13,2026-01-17
2864,221,2909.6,14.91,2026-01-17
3041,231,7338.5,43.74,2026-01-17
3286,244,2287.0,12.91,2026-01-17
3729,281,1074.8,6.29,2026-01-17
4346,330,1590.5,12.09,2026-01-17
4548,347,1304.4,10.49,2026-01-17
4782,369,4250.8,26.64,2026-01-17
5198,402,2191.7,13.29,2026-01-17
5216,404,2213.7,14.68,2026-01-17
5232,405,2888.3,14.47,2026-01-17
5526,427,4794.6,30.22,2026-01-17
6640,513,4147.4,21.94,2026-01-17
6893,528,849.3,6.76,2026-01-17
6960,534,3463.7,18.07,2026-01-17
7118,547,2260.6,14.97,2026-01-17
7289,558,2026.6,11.65,2026-01-17
8627,663,1545.9,13.62,2026-01-17
8685,669,2536.1,15.66,2026-01-17
8926,685,2391.7,16.31,2026-01-17
9120,696,2170.5,14.97,2026-01-17
9127,696,2073.2,17.57,2026-01-17
9220,703,444.5,4.43,2026-01-17
9279,705,2954.8,20.64,2026-01-17
10344,780,5048.3,22.05,2026-01-17
11427,858,3522.0,23.66,2026-01-17
11770,884,1110.0,10.89,2026-01-17
11776,884,3050.5,28.08,2026-01-17
12327,920,4687.6,22.29,2026-01-17
12618,944,4163.5,21.7,2026-01-17
13394,1001,5167.8,34.06,2026-01-17
14509,1084,2855.2,15.8,2026-01-17
15063,1121,4601.5,20.86,2026-01-17
15604,1157,1206.7,9.79,2026-01-17
16126,1192,3077.8,19.96,2026-01-17
16128,1192,943.8,8.17,2026-01-17
16593,1227,1026.0,6.17,2026-01-17
16878,1249,1677.1,12.82,2026-01-17
17290,1272,1555.1,14.2,2026-01-17
17378,1278,2805.4,15.09,2026-01-17
18277,1342,1455.1,9.36,2026-01-17
1187,96,1532.8,10.29,2026-01-18
1546,120,4256.8,23.47,2026-01-18
1957,153,1835.2,11.35,2026-01-18
3100,234,3219.9,28.99,2026-01-18
3109,235,4269.7,22.18,2026-01-18
3675,277,2532.3,18.32,2026-01-18
3905,293,3930.2,20.36,2026-01-18
4941,379,1137.0,8.91,2026-01-18
5254,408,1873.1,15.01,2026-01-18
5436,422,2882.0,18.2,2026-01-18
5849,449,2675.1,24.56,2026-01-18
5948,459,1683.6,9.5,2026-01-18
6210,480,2169.2,19.19,2026-01-18
6624,512,1348.1,10.39,2026-01-18
6719,516,1681.7,13.74,2026-01-18
7100,546,2531.3,23.32,2026-01-18
7281,558,5095.2,24.03,2026-01-18
7856,601,6211.4,26.0,2026-01-18
8198,626,3673.9,21.81,2026-01-18
8219,629,2260.5,14.06,2026-01-18
8239,632,3924.1,27.91,2026-01-18
8860,681,4804.8,23.54,2026-01-18
9541,721,3029.4,23.21,2026-01-18
9670,733,3166.9,24.37,2026-01-18
9837,746,1388.0,7.95,2026-01-18
10566,793,1978.7,12.61,2026-01-18
11024,825,3636.4,17.47,2026-01-18
11276,848,2350.9,23.22,2026-01-18
11736,880,2447.9,20.25,2026-01-18
12204,915,1681.5,11.13,2026-01-18
12222,916,5357.0,29.43,2026-01-18
12227,916,1960.3,10.47,2026-01-18
12763,954,3067.7,17.72,2026-01-18
12839,960,2728.3,16.15,2026-01-18
12995,972,1915.9,15.02,2026-01-18
13358,999,1200.3,9.16,2026-01-18
13776,1031,4645.2,25.72,2026-01-18
13829,1035,7599.2,38.08,2026-01-18
13959,1046,4157.9,27.22,2026-01-18
14196,1065,5088.9,30.17,2026-01-18
14422,1079,948.3,7.83,2026-01-18
14555,1090,7699.3,51.8,2026-01-18
14567,1090,2393.0,13.59,2026-01-18
14720,1099,1641.3,8.36,2026-01-18
15494,1152,8086.2,48.86,2026-01-18
15833,1168,2880.6,17.33,2026-01-18
16048,1186,1968.3,10.86,2026-01-18
16285,1204,3684.5,27.93,2026-01-18
16423,1213,4080.7,21.76,2026-01-18
16562,1225,937.5,5.67,2026-01-18
17430,1283,2897.0,20.19,2026-01-18
17583,1295,3114.9,26.82,2026-01-18
17660,1300,1603.0,19.26,2026-01-18
17703,1304,770.5,10.85,2026-01-18
17755,1309,3599.9,20.3,2026-01-18
17791,1311,2244.6,14.45,2026-01-18
19563,1441,2957.3,18.32,2026-01-18
20465,408,1873.1,15.01,2026-01-18
409,30,1033.5,4.8,2026-01-19
656,56,780.7,4.73,2026-01-19
1158,94,4424.7,25.18,2026-01-19
1395,110,5455.9,30.94,2026-01-19
1561,121,2127.9,10.88,2026-01-19
2618,203,3583.1,22.5,2026-01-19
2622,203,2284.0,21.43,2026-01-19
2705,209,4105.7,30.06,2026-01-19
3043,231,3510.3,23.48,2026-01-19
3149,237,1489.3,15.23,2026-01-19
4203,317,2345.0,18.75,2026-01-19
4556,348,1766.4,17.64,2026-01-19
5247,407,2370.0,13.15,2026-01-19
5567,430,7256.5,43.08,2026-01-19
5806,447,5858.4,35.05,2026-01-19
6011,464,990.9,6.22,2026-01-19
6163,475,2312.5,11.96,2026-01-19
6171,475,2798.5,19.64,2026-01-19
7539,578,1491.6,10.41,2026-01-19
8029,613,2073.4,14.63,2026-01-19
8400,645,1789.9,9.59,2026-01-19
8912,684,12324.7,62.04,2026-01-19
9012,690,3585.5,22.07,2026-01-19
9222,703,5398.6,37.88,2026-01-19
10949,820,3006.8,18.96,2026-01-19
11775,884,3437.8,13.95,2026-01-19
11826,888,2062.3,14.97,2026-01-19
12019,903,1583.4,16.74,2026-01-19
12064,905,2253.8,16.05,2026-01-19
12395,927,2951.9,24.48,2026-01-19
12408,927,4097.3,28.87,2026-01-19
13578,1016,1264.3,10.33,2026-01-19
14286,1071,3719.7,32.59,2026-01-19
14823,1107,1970.2,12.51,2026-01-19
15507,1153,3549.8,20.07,2026-01-19
15826,1168,2494.5,16.87,2026-01-19
16381,1211,10305.7,56.79,2026-01-19
16653,1232,6592.5,32.39,2026-01-19
16727,1239,1711.6,8.4,2026-01-19
16919,1252,2070.8,11.27,2026-01-19
17662,1300,2697.8,17.58,2026-01-19
18306,1345,2783.5,12.83,2026-01-19
18767,1379,2333.6,12.09,2026-01-19
19821,1461,1793.8,12.76,2026-01-19
20249,1494,3915.5,30.86,2026-01-19
24,4,1762.3,14.61,2026-01-20
151,14,1857.1,11.56,2026-01-20
284,21,5075.0,27.57,2026-01-20
457,36,1948.4,12.64,2026-01-20
2020,160,1972.1,11.27,2026-01-20
2102,167,3228.2,22.29,2026-01-20
2157,173,2332.6,13.23,2026-01-20
3094,234,1678.1,26.66,2026-01-20
3480,257,3511.7,28.34,2026-01-20
4403,335,1746.6,11.22,2026-01-20
6570,508,1685.0,8.01,2026-01-20
6587,509,2351.7,13.99,2026-01-20
6850,523,8298.3,61.96,2026-01-20
6965,535,2913.8,24.88,2026-01-20
7227,556,1407.9,11.07,2026-01-20
7736,592,1611.6,13.44,2026-01-20
8093,617,3056.0,21.53,2026-01-20
8121,619,1199.8,9.17,2026-01-20
8504,652,4316.8,28.61,2026-01-20
10424,784,7201.6,41.06,2026-01-20
10896,815,2523.6,16.24,2026-01-20
11016,824,2053.7,16.29,2026-01-20
11846,888,2087.5,18.42,2026-01-20
12044,904,1830.0,18.13,2026-01-20
12522,939,2559.5,14.86,2026-01-20
12627,944,3625.3,19.92,2026-01-20
12646,945,1940.8,15.1,2026-01-20
13218,990,3655.5,17.47,2026-01-20
13236,992,5940.0,41.37,2026-01-20
13501,1010,3948.2,26.5,2026-01-20
13744,1028,1512.3,7.66,2026-01-20
13913,1042,2520.9,16.48,2026-01-20
14120,1060,4192.6,26.68,2026-01-20
14508,1084,3023.6,16.11,2026-01-20
14830,1107,2002.7,12.44,2026-01-20
14940,1114,1980.9,11.88,2026-01-20
15302,1137,1930.3,11.46,2026-01-20
15656,1161,1343.9,15.21,2026-01-20
15967,1177,4089.9,21.84,2026-01-20
16478,1217,7672.9,36.44,2026-01-20
16918,1252,3496.6,27.74,2026-01-20
16977,1256,1124.5,7.02,2026-01-20
17426,1283,1969.6,15.32,2026-01-20
17501,1289,1545.1,12.07,2026-01-20
17534,1293,2303.8,23.33,2026-01-20
17612,1297,1104.6,8.23,2026-01-20
18307,1345,1706.6,11.25,2026-01-20
18704,1375,1280.5,10.39,2026-01-20
18905,1395,2690.8,17.29,2026-01-20
19687,1453,1342.9,7.02,2026-01-20
20166,1488,2903.9,20.97,2026-01-20
20241,1494,3199.7,22.04,2026-01-20
20347,1453,1342.9,7.02,2026-01-20
666,57,4556.6,25.05,2026-01-21
1491,118,2726.9,12.38,2026-01-21
1532,120,3272.9,19.98,2026-01-21
3235,240,1990.5,19.76,2026-01-21
3970,298,1400.0,13.81,2026-01-21
4109,308,6677.7,40.05,2026-01-21
4555,348,1411.5,8.52,2026-01-21
4619,354,4589.2,36.25,2026-01-21
5458,424,1042.1,7.06,2026-01-21
5704,439,2293.3,16.68,2026-01-21
5745,443,1620.1,11.01,2026-01-21
6390,497,4194.7,20.56,2026-01-21
6425,499,2248.9,13.2,2026-01-21
6635,513,2710.7,19.13,2026-01-21
6704,516,3341.6,17.68,2026-01-21
7239,556,2311.1,15.12,2026-01-21
7831,599,4234.4,23.33,2026-01-21
8567,660,1080.0,14.58,2026-01-21
8669,669,4241.8,27.69,2026-01-21
8748,675,6535.2,35.96,2026-01-21
8948,687,1166.4,11.19,2026-01-21
9154,699,2806.3,18.07,2026-01-21
9428,714,2476.4,22.02,2026-01-21
9570,724,3705.8,17.1,2026-01-21
10177,771,2895.1,21.3,2026-01-21
10674,800,2494.6,16.37,2026-01-21
11204,842,3802.6,17.89,2026-01-21
12253,917,6551.9,46.08,2026-01-21
12527,939,1477.3,8.7,2026-01-21
12792,957,2144.2,10.11,2026-01-21
13206,988,2647.0,14.06,2026-01-21
13404,1002,1829.1,9.27,2026-01-21
13754,1029,3115.7,14.16,2026-01-21
14297,1072,4074.0,19.21,2026-01-21
14881,1111,1788.1,9.82,2026-01-21
15468,1151,3182.4,17.84,2026-01-21
16276,1204,3142.9,19.72,2026-01-21
16565,1226,2913.5,20.09,2026-01-21
16969,1255,2077.7,13.63,2026-01-21
17130,1263,3161.7,18.35,2026-01-21
17337,1275,2411.4,15.63,2026-01-21
17428,1283,2400.5,13.98,2026-01-21
17674,1303,7067.3,39.88,2026-01-21
19708,1454,5641.2,31.43,2026-01-21
19835,1462,1863.5,8.66,2026-01-21
402,29,3292.1,22.47,2026-01-22
517,43,3236.7,23.82,2026-01-22
699,60,1501.8,15.92,2026-01-22
1737,138,1902.5,17.71,2026-01-22
1991,158,1732.7,12.87,2026-01-22
2296,183,1602.6,10.44,2026-01-22
2349,185,6418.0,29.76,2026-01-22
3030,231,4712.4,38.47,2026-01-22
3357,248,3999.6,21.43,2026-01-22
3816,288,4740.4,22.58,2026-01-22
3823,289,3992.3,22.0,2026-01-22
5180,401,1322.7,8.17,2026-01-22
5485,425,2431.5,13.72,2026-01-22
6085,469,4838.2,27.43,2026-01-22
6252,485,3345.8,18.83,2026-01-22
6331,491,2761.7,18.27,2026-01-22
6400,497,3610.0,28.05,2026-01-22
9523,721,2676.1,21.75,2026-01-22
10754,806,1195.4,8.36,2026-01-22
10996,822,1525.0,12.23,2026-01-22
11177,840,2633.3,24.39,2026-01-22
11485,864,1656.2,6.65,2026-01-22
11521,867,2558.0,20.9,2026-01-22
11977,901,2577.4,19.04,2026-01-22
12128,910,1084.2,6.03,2026-01-22
12360,923,2243.5,24.14,2026-01-22
12513,939,3112.5,24.37,2026-01-22
12748,953,2176.8,13.18,2026-01-22
12874,965,4449.3,21.16,2026-01-22
13445,1004,2849.5,13.08,2026-01-22
13810,1034,2936.4,22.31,2026-01-22
14606,1091,2658.4,14.73,2026-01-22
14813,1107,2649.7,17.87,2026-01-22
15554,1156,600.6,5.26,2026-01-22
15747,1165,2539.2,15.97,2026-01-22
16037,1182,1047.9,8.21,2026-01-22
17929,1320,2525.3,14.98,2026-01-22
18178,1333,3324.5,20.12,2026-01-22
18228,1339,2665.8,17.48,2026-01-22
18520,1358,3133.8,18.01,2026-01-22
18619,1366,5428.0,31.09,2026-01-22
19932,1468,1656.4,8.91,2026-01-22
20209,1490,2569.3,20.56,2026-01-22
361,25,2120.3,16.04,2026-01-23
686,58,1454.0,8.53,2026-01-23
896,74,3294.2,26.11,2026-01-23
1460,115,1548.5,12.73,2026-01-23
1773,140,1446.5,8.19,2026-01-23
2677,207,2938.5,21.7,2026-01-23
2841,218,2537.7,14.25,2026-01-23
3639,274,2275.5,11.83,2026-01-23
3925,296,2507.1,20.6,2026-01-23
4650,357,2851.4,21.67,2026-01-23
4917,377,2374.5,19.06,2026-01-23
6182,476,2114.7,12.9,2026-01-23
6190,477,3498.3,17.54,2026-01-23
6310,490,1928.3,12.34,2026-01-23
6447,500,4919.5,40.01,2026-01-23
7285,558,1916.1,9.81,2026-01-23
7329,560,1447.7,8.53,2026-01-23
7431,569,2272.2,23.17,2026-01-23
8127,621,1174.8,9.61,2026-01-23
8565,659,4833.1,35.3,2026-01-23
8997,690,2517.9,14.98,2026-01-23
9451,715,2449.5,17.39,2026-01-23
10084,766,1465.6,14.41,2026-01-23
10102,766,1670.6,8.63,2026-01-23
11077,831,2192.1,21.74,2026-01-23
11340,852,3921.4,20.81,2026-01-23
11411,856,2495.7,15.91,2026-01-23
11522,867,2415.2,18.9,2026-01-23
11556,868,2468.1,24.58,2026-01-23
12007,903,3399.2,20.52,2026-01-23
12020,903,2036.8,12.8,2026-01-23
12081,906,8411.3,31.21,2026-01-23
12088,906,2796.6,21.29,2026-01-23
12091,906,2861.9,24.33,2026-01-23
13819,1035,3634.3,16.16,2026-01-23
13863,1037,1663.9,10.06,2026-01-23
17033,1259,2965.9,19.0,2026-01-23
17876,1316,573.7,5.32,2026-01-23
17880,1316,3136.8,16.45,2026-01-23
18147,1331,2103.4,13.53,2026-01-23
18344,1347,4061.5,19.29,2026-01-23
18766,1379,2571.3,18.43,2026-01-23
18778,1381,2421.0,15.0,2026-01-23
19703,1453,2342.2,12.0,2026-01-23
19996,1472,1635.6,10.8,2026-01-23
20053,1477,1362.1,10.17,2026-01-23
20080,1478,3431.5,19.25,2026-01-23
175,16,1781.6,7.9,2026-01-24
241,20,1277.0,8.76,2026-01-24
275,21,1001.7,7.57,2026-01-24
471,36,1311.2,10.02,2026-01-24
654,55,2371.9,10.67,2026-01-24
948,78,3208.8,16.38,2026-01-24
1251,101,1014.1,7.21,2026-01-24
1320,106,2672.8,16.08,2026-01-24
2010,160,4159.8,21.78,2026-01-24
2206,177,1464.4,11.08,2026-01-24
2354,185,1036.7,6.26,2026-01-24
3361,249,1156.5,9.84,2026-01-24
4646,357,4958.7,38.09,2026-01-24
5238,406,1308.8,7.97,2026-01-24
5909,455,5706.0,26.57,2026-01-24
5968,459,2405.8,14.99,2026-01-24
6234,482,3318.3,18.4,2026-01-24
7478,572,2484.2,12.65,2026-01-24
7887,602,1429.0,11.57,2026-01-24
9117,696,1267.9,7.73,2026-01-24
9683,735,5022.2,26.58,2026-01-24
10175,770,1485.7,7.76,2026-01-24
10615,796,6419.0,34.06,2026-01-24
11212,842,3054.5,15.64,2026-01-24
11339,852,1840.4,9.44,2026-01-24
12516,939,3076.6,22.86,2026-01-24
12525,939,3158.3,19.36,2026-01-24
12796,957,4365.3,22.26,2026-01-24
14459,1081,3424.2,20.88,2026-01-24
14616,1092,2410.4,11.23,2026-01-24
14953,1116,4084.8,22.27,2026-01-24
14980,1117,7126.0,42.42,2026-01-24
15948,1176,3306.7,19.91,2026-01-24
17087,1262,3886.2,20.29,2026-01-24
17727,1306,2061.5,20.57,2026-01-24
19334,1424,1435.7,9.17,2026-01-24
19466,1434,2711.0,14.5,2026-01-24
19578,1443,3120.2,14.85,2026-01-24
20137,1484,3199.0,17.04,2026-01-24
220,19,1678.4,14.6,2026-01-25
242,20,1890.3,18.21,2026-01-25
923,76,1287.7,10.78,2026-01-25
1266,102,1696.8,10.1,2026-01-25
1279,102,3476.0,31.12,2026-01-25
1443,113,2780.1,16.37,2026-01-25
2015,160,3526.1,24.96,2026-01-25
2034,162,3437.9,34.45,2026-01-25
2601,201,1356.8,9.12,2026-01-25
3544,264,1848.3,17.6,2026-01-25
3975,299,1098.6,9.43,2026-01-25
4183,315,3025.7,15.35,2026-01-25
4187,315,1757.2,8.66,2026-01-25
5363,416,3535.7,23.07,2026-01-25
5402,418,2416.4,25.7,2026-01-25
5863,450,2544.3,25.66,2026-01-25
6333,491,2898.0,17.57,2026-01-25
6548,507,3392.2,23.17,2026-01-25
6724,517,1552.7,13.12,2026-01-25
7194,552,2578.0,20.48,2026-01-25
7599,581,2368.4,13.84,2026-01-25
8039,613,2193.4,12.42,2026-01-25
8172,625,10156.8,60.95,2026-01-25
9001,690,3671.7,23.57,2026-01-25
9873,748,1891.7,13.23,2026-01-25
10577,793,1401.2,11.03,2026-01-25
10703,801,1500.0,9.14,2026-01-25
10761,807,2546.6,14.19,2026-01-25
11494,865,4540.9,24.98,2026-01-25
14080,1056,2781.2,21.01,2026-01-25
15196,1129,4008.1,31.71,2026-01-25
15831,1168,1298.4,21.64,2026-01-25
15914,1172,4035.3,28.01,2026-01-25
16192,1197,2485.6,13.91,2026-01-25
16307,1205,1336.3,7.86,2026-01-25
16557,1225,4700.4,33.82,2026-01-25
16648,1231,3832.8,25.69,2026-01-25
16837,1247,4652.5,22.61,2026-01-25
17016,1258,2960.8,22.66,2026-01-25
17867,1316,4085.3,30.87,2026-01-25
18297,1344,4043.9,24.73,2026-01-25
18542,1359,2327.4,10.36,2026-01-25
19586,1443,8737.3,40.76,2026-01-25
19770,1458,1672.4,12.07,2026-01-25
225,19,2984.1,16.35,2026-01-26
345,25,5530.1,24.76,2026-01-26
953,79,2609.8,11.98,2026-01-26
962,80,3377.6,25.55,2026-01-26
2066,165,2595.8,13.55,2026-01-26
2342,185,3361.4,20.08,2026-01-26
2403,188,3952.9,21.18,2026-01-26
3246,241,5155.2,33.53,2026-01-26
3384,250,4657.3,29.48,2026-01-26
4098,308,2112.7,10.74,2026-01-26
4374,332,1842.9,12.21,2026-01-26
4473,343,1353.1,10.48,2026-01-26
5149,399,2453.0,11.61,2026-01-26
5742,443,1812.3,10.73,2026-01-26
6877,527,1583.5,9.73,2026-01-26
7276,558,3980.6,19.53,2026-01-26
7476,572,2716.9,24.37,2026-01-26
8183,626,2083.4,10.76,2026-01-26
8267,635,2446.8,18.95,2026-01-26
8417,647,2234.6,18.36,2026-01-26
8677,669,4064.6,23.13,2026-01-26
9223,703,3399.8,23.84,2026-01-26
9315,708,1308.8,8.6,2026-01-26
9643,731,1248.6,12.86,2026-01-26
9649,731,2855.0,18.83,2026-01-26
9834,745,1980.3,12.66,2026-01-26
10247,773,4348.1,26.47,2026-01-26
10404,782,3152.4,17.38,2026-01-26
10941,818,5345.6,41.3,2026-01-26
11246,847,4806.8,25.57,2026-01-26
11985,902,3186.0,18.64,2026-01-26
12214,915,1846.4,11.51,2026-01-26
12289,919,3106.6,15.88,2026-01-26
13382,999,1324.8,12.82,2026-01-26
13588,1016,1574.6,9.66,2026-01-26
14368,1075,4477.7,26.85,2026-01-26
14437,1081,2409.9,24.25,2026-01-26
14826,1107,2513.4,16.21,2026-01-26
14909,1113,2763.2,20.57,2026-01-26
15054,1121,4953.8,31.92,2026-01-26
15601,1157,2902.6,19.11,2026-01-26
16057,1187,2213.0,15.93,2026-01-26
16371,1210,4307.2,23.07,2026-01-26
16442,1215,2551.5,11.13,2026-01-26
16841,1247,2981.3,23.29,2026-01-26
17181,1267,1717.4,9.29,2026-01-26
17805,1312,2355.8,12.05,2026-01-26
18038,1327,1762.1,11.96,2026-01-26
18098,1329,2805.2,17.3,2026-01-26
18318,1346,3604.9,20.29,2026-01-26
19036,1403,1948.5,23.45,2026-01-26
19121,1413,1691.4,13.53,2026-01-26
19859,1465,5539.1,32.51,2026-01-26
19994,1471,2659.1,25.82,2026-01-26
256,20,2427.0,12.17,2026-01-27
1605,124,1970.3,19.78,2026-01-27
1663,131,1907.1,13.44,2026-01-27
1789,143,2196.6,10.12,2026-01-27
2220,178,2816.8,16.79,2026-01-27
2285,182,4301.5,29.46,2026-01-27
2432,190,2007.6,16.83,2026-01-27
2578,200,4775.5,42.6,2026-01-27
2611,202,2226.3,28.41,2026-01-27
2621,203,1304.5,8.54,2026-01-27
2916,225,1853.0,10.84,2026-01-27
3350,247,3268.9,20.42,2026-01-27
3716,280,1114.3,8.2,2026-01-27
3763,283,0.0,0.0,2026-01-27
4430,339,2239.6,21.84,2026-01-27
4942,379,1923.2,17.01,2026-01-27
5471,424,4392.5,23.09,2026-01-27
6667,514,4881.1,39.44,2026-01-27
6899,530,1723.9,12.08,2026-01-27
7129,547,2310.0,15.12,2026-01-27
7908,606,1709.7,7.3,2026-01-27
8562,659,1124.9,7.72,2026-01-27
8626,663,1072.6,7.87,2026-01-27
8889,683,2272.5,13.23,2026-01-27
9116,696,1547.5,15.86,2026-01-27
10091,766,2259.1,13.39,2026-01-27
11270,847,3036.9,21.15,2026-01-27
13600,1019,2273.2,13.46,2026-01-27
13713,1027,1969.9,14.73,2026-01-27
14093,1057,914.2,6.72,2026-01-27
14178,1063,5974.4,42.48,2026-01-27
14499,1084,1392.7,12.67,2026-01-27
14976,1117,1810.2,12.04,2026-01-27
15495,1152,4050.7,24.82,2026-01-27
15511,1153,2396.4,17.91,2026-01-27
16060,1187,1309.9,7.8,2026-01-27
16106,1191,5773.4,33.65,2026-01-27
16142,1194,1447.2,10.59,2026-01-27
16772,1243,1390.1,11.69,2026-01-27
16888,1250,10116.2,63.41,2026-01-27
17100,1262,1513.4,15.04,2026-01-27
17489,1289,6949.5,30.03,2026-01-27
18148,1332,2313.0,13.65,2026-01-27
18287,1343,3319.3,27.52,2026-01-27
18579,1364,5237.1,22.89,2026-01-27
18675,1373,735.3,8.44,2026-01-27
19706,1453,1024.5,6.9,2026-01-27
144,14,2543.4,18.29,2026-01-28
560,46,2191.9,17.48,2026-01-28
584,49,0.0,0.0,2026-01-28
808,69,3445.3,21.71,2026-01-28
861,72,7410.7,40.49,2026-01-28
1013,82,1694.0,10.54,2026-01-28
1326,106,5717.1,40.01,2026-01-28
1373,109,616.6,4.96,2026-01-28
1454,115,2930.9,13.53,2026-01-28
1874,147,7156.9,31.42,2026-01-28
2730,211,2021.3,16.48,2026-01-28
3243,241,2675.3,19.54,2026-01-28
4367,332,3450.4,20.82,2026-01-28
4824,372,1709.0,18.01,2026-01-28
5292,411,2987.4,19.31,2026-01-28
5476,424,2502.3,17.85,2026-01-28
5808,448,2744.8,21.48,2026-01-28
5917,455,1707.1,13.56,2026-01-28
6158,474,6159.0,38.31,2026-01-28
6409,497,2083.9,10.67,2026-01-28
7080,544,3084.6,17.53,2026-01-28
7151,548,2508.5,17.37,2026-01-28
7610,582,1734.9,11.7,2026-01-28
8392,645,3671.4,28.67,2026-01-28
9182,700,4312.2,18.55,2026-01-28
9440,714,6940.5,36.41,2026-01-28
9443,715,2220.6,12.91,2026-01-28
9641,730,1467.6,8.59,2026-01-28
9856,746,5598.5,22.52,2026-01-28
9956,755,3926.9,21.4,2026-01-28
9998,760,3718.1,19.95,2026-01-28
10619,796,2520.0,17.82,2026-01-28
11457,861,2740.7,21.19,2026-01-28
11524,867,5819.3,40.21,2026-01-28
11780,885,978.3,8.88,2026-01-28
12341,922,2839.0,16.51,2026-01-28
12878,965,3234.5,16.5,2026-01-28
13142,983,2032.7,16.52,2026-01-28
13381,999,1136.9,10.92,2026-01-28
14504,1084,2184.4,11.48,2026-01-28
14776,1103,4526.9,22.7,2026-01-28
16035,1182,1369.2,10.2,2026-01-28
16257,1203,1111.2,7.45,2026-01-28
16451,1216,670.5,11.1,2026-01-28
16733,1239,1985.0,9.85,2026-01-28
16745,1240,1912.9,18.37,2026-01-28
16761,1242,2867.7,18.31,2026-01-28
17164,1266,4506.4,31.94,2026-01-28
17282,1272,0.0,0.0,2026-01-28
17683,1304,1606.7,15.02,2026-01-28
17917,1320,2939.2,17.28,2026-01-28
18469,1355,9282.3,42.37,2026-01-28
18854,1389,1875.9,18.09,2026-01-28
18963,1398,1909.8,11.0,2026-01-28
20174,1489,3389.9,19.86,2026-01-28
57,7,2130.1,12.53,2026-01-29
233,19,5591.6,30.32,2026-01-29
660,56,4682.2,22.44,2026-01-29
705,60,3221.1,18.08,2026-01-29
826,70,2144.3,16.88,2026-01-29
1084,89,4904.4,26.46,2026-01-29
1763,139,753.8,7.2,2026-01-29
1828,145,5055.2,26.34,2026-01-29
2147,172,1525.3,11.08,2026-01-29
2325,184,2454.5,13.95,2026-01-29
2426,190,3654.6,26.94,2026-01-29
2997,229,3614.0,17.81,2026-01-29
3525,263,3262.3,21.23,2026-01-29
3612,272,5415.3,36.16,2026-01-29
3661,276,586.4,4.89,2026-01-29
3744,282,2488.5,16.46,2026-01-29
4073,307,1616.0,10.9,2026-01-29
4339,329,2435.5,17.63,2026-01-29
4505,344,1147.2,6.99,2026-01-29
5085,392,3435.8,26.15,2026-01-29
5544,429,5835.6,25.39,2026-01-29
5744,443,1769.7,13.02,2026-01-29
7072,543,6565.6,33.83,2026-01-29
7357,562,2539.0,14.66,2026-01-29
7379,564,2127.1,12.32,2026-01-29
8087,617,7590.2,50.41,2026-01-29
8217,629,2578.6,18.64,2026-01-29
8368,644,2264.3,17.16,2026-01-29
8424,647,2832.1,17.47,2026-01-29
8465,649,1920.6,9.08,2026-01-29
8481,652,2963.4,19.16,2026-01-29
9232,703,3291.2,19.88,2026-01-29
9797,742,2843.8,21.36,2026-01-29
10023,761,1669.2,12.61,2026-01-29
10179,771,2312.6,15.61,2026-01-29
11319,850,1699.6,14.91,2026-01-29
11617,873,2888.9,13.43,2026-01-29
11674,876,2537.6,14.44,2026-01-29
12296,920,1206.9,10.23,2026-01-29
12381,925,2396.2,12.29,2026-01-29
12490,938,2161.6,12.63,2026-01-29
13289,995,5845.5,27.18,2026-01-29
15465,1151,4467.5,23.32,2026-01-29
15909,1172,1161.4,9.21,2026-01-29
16108,1191,2302.9,14.8,2026-01-29
17182,1267,2304.5,13.32,2026-01-29
17201,1268,6434.4,33.97,2026-01-29
19816,1461,2418.4,13.02,2026-01-29
20301,1497,2861.2,20.62,2026-01-29
42,5,1884.3,13.56,2026-01-30
1101,90,4465.6,21.34,2026-01-30
1958,153,2071.0,18.1,2026-01-30
2208,177,1000.7,12.21,2026-01-30
2402,188,1796.1,12.1,2026-01-30
2494,195,2392.1,12.4,2026-01-30
3618,273,1912.1,11.88,2026-01-30
3671,276,764.7,4.58,2026-01-30
3722,281,2215.6,21.36,2026-01-30
3887,291,2048.5,13.94,2026-01-30
4464,342,761.4,5.95,2026-01-30
5686,436,4301.8,26.13,2026-01-30
5735,442,5599.0,35.98,2026-01-30
7113,546,1245.0,12.14,2026-01-30
7242,556,3006.5,16.07,2026-01-30
7312,559,3393.4,20.31,2026-01-30
8241,632,3029.0,21.65,2026-01-30
8709,671,2574.5,22.11,2026-01-30
9174,700,2105.0,10.73,2026-01-30
9247,704,3395.1,20.99,2026-01-30
10400,782,7295.0,52.81,2026-01-30
10583,794,2675.7,14.64,2026-01-30
11214,842,2686.9,14.86,2026-01-30
11545,868,8263.5,41.35,2026-01-30
12445,932,2503.1,27.57,2026-01-30
13466,1005,1022.5,6.53,2026-01-30
14249,1068,4206.8,24.8,2026-01-30
14538,1087,1992.4,17.02,2026-01-30
14730,1099,3068.2,14.37,2026-01-30
15072,1123,2266.7,19.75,2026-01-30
15146,1126,3169.7,22.85,2026-01-30
15153,1126,6305.5,49.92,2026-01-30
15229,1131,4392.7,25.05,2026-01-30
15784,1167,2161.2,15.68,2026-01-30
16802,1245,1524.7,11.41,2026-01-30
17235,1270,5894.2,34.19,2026-01-30
17481,1289,4695.0,30.93,2026-01-30
17585,1295,2237.4,24.27,2026-01-30
17665,1301,3989.9,26.98,2026-01-30
17893,1316,3916.1,24.82,2026-01-30
17896,1317,3357.1,20.17,2026-01-30
18086,1328,3848.3,21.26,2026-01-30
18263,1342,6764.2,55.19,2026-01-30
18504,1357,826.8,10.55,2026-01-30
18544,1360,2027.9,12.0,2026-01-30
19172,1414,3071.7,24.27,2026-01-30
19239,1418,1809.3,9.97,2026-01-30
19291,1421,2046.8,15.12,2026-01-30
19534,1439,2303.7,13.69,2026-01-30
20059,1477,2773.6,24.19,2026-01-30
20280,1495,4794.2,22.42,2026-01-30
123,12,2458.1,24.39,2026-01-31
166,15,1913.8,11.86,2026-01-31
334,24,2906.3,17.57,2026-01-31
759,65,3783.9,28.6,2026-01-31
1354,108,1644.1,11.86,2026-01-31
2051,163,4273.7,25.41,2026-01-31
2332,185,8795.8,59.53,2026-01-31
4253,322,1331.1,8.08,2026-01-31
4334,329,2579.4,17.68,2026-01-31
4457,341,1352.4,12.19,2026-01-31
5063,391,4655.3,28.38,2026-01-31
5218,404,2078.3,12.07,2026-01-31
5524,427,1733.8,18.95,2026-01-31
5784,446,5183.7,31.62,2026-01-31
5828,448,2606.2,23.41,2026-01-31
6367,494,7469.6,41.47,2026-01-31
6388,497,2994.3,19.87,2026-01-31
7140,547,2843.3,18.11,2026-01-31
7168,550,1283.4,11.99,2026-01-31
7675,587,3381.4,15.49,2026-01-31
7971,608,2152.1,16.68,2026-01-31
8200,627,1324.0,8.3,2026-01-31
8932,686,4782.1,49.57,2026-01-31
10131,769,4080.7,24.42,2026-01-31
10630,796,6239.0,31.52,2026-01-31
10752,806,3402.8,24.18,2026-01-31
11089,832,2122.1,18.2,2026-01-31
11253,847,1937.6,12.32,2026-01-31
12027,903,4505.6,25.51,2026-01-31
12030,903,3270.5,20.58,2026-01-31
12437,931,749.7,5.97,2026-01-31
12722,952,2359.1,16.66,2026-01-31
13205,988,2609.0,15.69,2026-01-31
13264,993,2874.3,17.72,2026-01-31
14181,1063,2386.8,19.23,2026-01-31
14484,1082,877.2,6.03,2026-01-31
14793,1105,2682.1,16.59,2026-01-31
15170,1127,2564.6,15.1,2026-01-31
15517,1153,2207.3,13.89,2026-01-31
16403,1212,1180.9,8.82,2026-01-31
17792,1311,3477.7,19.55,2026-01-31
18255,1341,9328.6,49.42,2026-01-31
18454,1355,3155.1,23.49,2026-01-31
18489,1356,2773.5,20.29,2026-01-31
18534,1358,1588.8,9.05,2026-01-31
19196,1416,3343.7,18.28,2026-01-31
19874,1466,3897.5,18.22,2026-01-31
130,13,1342.4,11.01,2026-02-01
750,64,1157.2,9.29,2026-02-01
756,65,2562.6,18.24,2026-02-01
805,69,1571.7,20.35,2026-02-01
1068,87,765.9,6.2,2026-02-01
1655,130,3293.9,19.96,2026-02-01
2232,178,1868.0,10.78,2026-02-01
2674,207,739.7,6.55,2026-02-01
2854,220,3675.0,19.62,2026-02-01
2974,228,1555.6,18.37,2026-02-01
3146,236,3088.8,15.91,2026-02-01
3242,241,9177.5,64.94,2026-02-01
3377,250,1205.3,11.53,2026-02-01
3650,275,2499.2,15.38,2026-02-01
3783,285,2946.1,15.11,2026-02-01
3967,298,3747.0,32.99,2026-02-01
4441,340,772.6,4.55,2026-02-01
4743,364,4368.4,32.01,2026-02-01
5088,392,1776.0,11.8,2026-02-01
5213,403,4641.5,28.68,2026-02-01
5447,423,2107.6,15.05,2026-02-01
5889,453,2726.8,13.2,2026-02-01
6115,472,1628.4,11.16,2026-02-01
6478,503,1157.3,10.43,2026-02-01
6543,506,4024.0,23.31,2026-02-01
6617,512,1359.0,11.12,2026-02-01
9277,705,3222.1,27.83,2026-02-01
10899,815,3328.0,25.47,2026-02-01
11578,870,5733.7,41.51,2026-02-01
12775,955,2072.8,16.95,2026-02-01
13082,978,4241.5,25.8,2026-02-01
13109,980,3073.7,28.64,2026-02-01
13201,988,1257.1,8.72,2026-02-01
13519,1013,640.2,8.72,2026-02-01
14573,1090,2396.8,12.35,2026-02-01
14923,1113,1491.7,17.44,2026-02-01
15286,1137,2609.9,15.87,2026-02-01
15660,1161,944.7,5.8,2026-02-01
15898,1171,568.2,3.95,2026-02-01
16410,1212,2861.6,15.17,2026-02-01
16615,1228,4765.6,24.93,2026-02-01
17473,1287,2603.4,13.62,2026-02-01
17580,1295,6709.1,33.78,2026-02-01
17879,1316,4355.6,32.66,2026-02-01
18024,1327,1948.9,9.15,2026-02-01
18547,1360,3453.3,23.44,2026-02-01
18753,1378,2325.4,14.68,2026-02-01
19270,1419,1197.1,5.77,2026-02-01
19564,1441,1645.7,7.65,2026-02-01
19849,1463,2124.7,16.65,2026-02-01
159,15,1295.6,8.6,2026-02-02
597,49,1220.7,7.95,2026-02-02
1726,135,3547.0,24.87,2026-02-02
1799,144,4476.6,28.86,2026-02-02
2109,168,1395.9,9.35,2026-02-02
2345,185,1664.3,9.52,2026-02-02
2542,198,2085.0,12.71,2026-02-02
3392,251,3275.4,18.1,2026-02-02
3776,284,2173.4,10.67,2026-02-02
4082,308,2229.5,18.58,2026-02-02
4629,355,2166.8,13.06,2026-02-02
4658,357,2536.8,12.2,2026-02-02
4959,381,1453.5,8.25,2026-02-02
5523,427,2094.1,11.37,2026-02-02
6896,529,2398.2,13.84,2026-02-02
7144,547,3225.2,19.21,2026-02-02
8322,640,3794.0,28.69,2026-02-02
9642,731,2585.9,16.04,2026-02-02
9952,754,2636.8,13.5,2026-02-02
10244,773,2018.7,11.79,2026-02-02
10782,807,1547.2,10.25,2026-02-02
12092,906,3690.0,25.62,2026-02-02
12551,940,2058.1,12.94,2026-02-02
12877,965,1423.1,8.5,2026-02-02
13923,1042,3160.9,19.99,2026-02-02
14218,1067,5019.2,24.26,2026-02-02
14708,1098,793.7,7.79,2026-02-02
15005,1118,3890.9,17.3,2026-02-02
15037,1120,4835.5,26.49,2026-02-02
16436,1214,2324.4,12.79,2026-02-02
16712,1237,3043.1,21.12,2026-02-02
16842,1247,885.2,10.84,2026-02-02
16885,1249,3624.2,31.78,2026-02-02
17288,1272,2388.2,12.28,2026-02-02
17436,1283,1934.0,17.27,2026-02-02
17844,1314,3679.3,36.78,2026-02-02
18210,1334,4518.0,22.35,2026-02-02
18580,1364,1878.9,10.77,2026-02-02
18602,1365,805.4,5.57,2026-02-02
19098,1408,4408.9,28.76,2026-02-02
19584,1443,3288.1,19.96,2026-02-02
20372,1118,3890.9,17.3,2026-02-02
269,21,5139.4,29.75,2026-02-03
303,23,2751.4,21.35,2026-02-03
769,66,1606.5,9.91,2026-02-03
1160,94,5439.4,34.93,2026-02-03
1668,131,1908.5,17.37,2026-02-03
2657,205,1837.3,13.75,2026-02-03
2859,220,1321.7,10.2,2026-02-03
2891,222,1592.6,11.11,2026-02-03
3576,267,5305.6,32.83,2026-02-03
3742,282,2077.9,17.2,2026-02-03
3836,290,4720.0,30.58,2026-02-03
4964,381,4595.8,22.35,2026-02-03
6621,512,1877.6,15.76,2026-02-03
6886,527,6722.2,35.02,2026-02-03
8017,612,2257.0,13.85,2026-02-03
8189,626,3899.2,22.08,2026-02-03
8977,688,1783.7,9.77,2026-02-03
9473,716,1317.6,10.1,2026-02-03
9626,729,5464.2,37.06,2026-02-03
9757,738,1197.0,8.79,2026-02-03
10367,781,2800.9,23.37,2026-02-03
10373,781,2073.0,11.43,2026-02-03
11108,834,1896.4,17.0,2026-02-03
11526,867,4697.9,23.98,2026-02-03
11917,895,2994.4,20.13,2026-02-03
11962,899,797.7,6.77,2026-02-03
12056,904,2877.9,17.02,2026-02-03
12653,945,2320.0,14.17,2026-02-03
13479,1009,1712.5,10.11,2026-02-03
13678,1024,3206.7,22.0,2026-02-03
14121,1060,1219.3,10.19,2026-02-03
14877,1111,1480.2,12.88,2026-02-03
15542,1155,3346.3,25.75,2026-02-03
15686,1162,3264.9,16.79,2026-02-03
15772,1166,4460.6,24.02,2026-02-03
15775,1166,4359.2,27.17,2026-02-03
16010,1181,3897.5,22.37,2026-02-03
16576,1227,1829.7,15.03,2026-02-03
16682,1236,1896.6,7.29,2026-02-03
16868,1249,3368.2,18.98,2026-02-03
17643,1299,3006.8,21.94,2026-02-03
17807,1313,2434.7,14.1,2026-02-03
18080,1328,6554.9,42.04,2026-02-03
18143,1331,2402.8,18.01,2026-02-03
18208,1334,2193.4,24.19,2026-02-03
18980,1400,1504.1,9.46,2026-02-03
19243,1418,3267.0,18.45,2026-02-03
19861,1465,4941.9,27.73,2026-02-03
20033,1476,1327.6,14.5,2026-02-03
20051,1477,6298.9,28.16,2026-02-03
20429,1418,3267.0,18.45,2026-02-03
633,54,2619.6,18.07,2026-02-04
1620,125,2251.2,14.19,2026-02-04
2031,161,2005.8,16.06,2026-02-04
2685,208,1385.0,13.85,2026-02-04
2897,223,2972.0,20.21,2026-02-04
3239,240,1108.1,9.2,2026-02-04
3386,250,1301.9,9.97,2026-02-04
3626,273,1856.5,13.13,2026-02-04
3849,290,3664.4,21.62,2026-02-04
4303,327,1450.6,9.82,2026-02-04
5037,389,2652.5,24.47,2026-02-04
5115,395,940.4,9.64,2026-02-04
5457,424,4561.7,29.92,2026-02-04
5587,431,1620.4,13.68,2026-02-04
6256,485,4576.2,27.83,2026-02-04
6442,500,4318.7,28.67,2026-02-04
7180,551,2008.9,14.09,2026-02-04
7552,579,7766.3,33.32,2026-02-04
7695,588,2971.6,14.86,2026-02-04
8007,611,5876.9,29.23,2026-02-04
9668,733,2571.7,17.4,2026-02-04
10245,773,4338.3,26.56,2026-02-04
10914,817,2324.8,17.71,2026-02-04
12032,903,1689.1,12.13,2026-02-04
12555,940,2587.6,20.65,2026-02-04
12882,965,3780.5,31.48,2026-02-04
12923,967,1314.2,6.87,2026-02-04
13119,981,1391.1,9.62,2026-02-04
13307,996,2847.0,17.84,2026-02-04
13802,1034,3334.5,17.68,2026-02-04
14063,1055,3598.7,20.51,2026-02-04
14415,1079,7194.7,57.51,2026-02-04
14736,1100,6345.9,30.1,2026-02-04
15032,1119,1865.2,17.35,2026-02-04
15230,1131,2473.6,14.61,2026-02-04
15437,1149,1651.7,10.49,2026-02-04
15451,1151,1934.5,12.23,2026-02-04
15860,1169,1578.2,16.73,2026-02-04
15992,1178,3248.8,15.82,2026-02-04
16109,1191,4594.3,21.81,2026-02-04
16808,1245,2904.0,20.83,2026-02-04
16884,1249,2331.0,13.91,2026-02-04
17494,1289,3456.3,22.02,2026-02-04
17537,1293,3910.3,46.7,2026-02-04
17594,1296,2666.4,11.23,2026-02-04
17795,1311,1567.0,10.34,2026-02-04
17883,1316,1605.8,15.38,2026-02-04
17962,1321,2113.3,11.08,2026-02-04
18755,1378,2103.6,14.01,2026-02-04
19122,1413,2971.8,23.97,2026-02-04
19237,1418,2719.8,24.59,2026-02-04
19819,1461,3491.9,15.74,2026-02-04
20058,1477,1354.2,7.43,2026-02-04
20263,1494,2511.6,15.54,2026-02-04
18,2,2119.5,16.11,2026-02-05
58,7,1736.5,12.09,2026-02-05
277,21,919.5,13.76,2026-02-05
490,39,2036.2,13.56,2026-02-05
863,72,1418.0,16.68,2026-02-05
931,76,3270.2,17.24,2026-02-05
1113,91,3324.8,15.61,2026-02-05
1195,97,2054.5,10.72,2026-02-05
1593,124,1868.7,10.72,2026-02-05
1724,134,1731.5,9.07,2026-02-05
1934,152,3112.4,20.61,2026-02-05
2538,198,2873.9,14.16,2026-02-05
2547,199,1666.4,11.1,2026-02-05
2711,210,2443.1,20.31,2026-02-05
3553,264,1124.6,10.12,2026-02-05
4003,300,2008.6,12.95,2026-02-05
4427,339,1524.2,7.46,2026-02-05
4721,361,1961.0,13.85,2026-02-05
5900,454,1326.1,16.07,2026-02-05
6164,475,4197.8,28.24,2026-02-05
6346,493,1803.7,12.28,2026-02-05
6555,507,1547.3,10.83,2026-02-05
8415,647,972.9,9.6,2026-02-05
9036,691,2898.2,14.85,2026-02-05
9106,695,1967.3,10.31,2026-02-05
10677,800,3123.8,20.99,2026-02-05
10771,807,3438.9,18.74,2026-02-05
11225,845,2525.2,14.28,2026-02-05
11404,855,3087.1,20.21,2026-02-05
11528,867,2431.4,13.57,2026-02-05
11632,875,3805.4,22.52,2026-02-05
11708,879,772.8,5.44,2026-02-05
12345,922,4301.6,26.87,2026-02-05
12709,950,2975.7,17.64,2026-02-05
13159,984,1939.1,13.58,2026-02-05
13204,988,3037.7,14.83,2026-02-05
13533,1014,1294.4,16.78,2026-02-05
13845,1035,1210.3,10.91,2026-02-05
14135,1061,2786.7,20.42,2026-02-05
15200,1130,2207.4,15.75,2026-02-05
15264,1134,1995.6,15.07,2026-02-05
15703,1163,8119.6,44.73,2026-02-05
15947,1176,2651.6,16.79,2026-02-05
16790,1245,2161.8,17.96,2026-02-05
16823,1246,1689.1,13.43,2026-02-05
16967,1255,2145.5,11.75,2026-02-05
17514,1290,5356.9,32.62,2026-02-05
17546,1293,4069.5,28.74,2026-02-05
18052,1327,975.1,6.1,2026-02-05
18498,1356,2894.3,20.09,2026-02-05
18535,1358,1804.2,18.29,2026-02-05
19899,1468,3330.8,28.02,2026-02-05
20382,1356,2894.3,20.09,2026-02-05
118,12,4181.6,25.83,2026-02-06
1286,103,1024.7,8.18,2026-02-06
2240,179,1297.8,6.99,2026-02-06
2400,188,1619.3,8.41,2026-02-06
2814,216,4341.7,19.68,2026-02-06
2976,228,3123.7,19.24,2026-02-06
3511,262,2605.6,15.48,2026-02-06
3560,265,1580.3,10.41,2026-02-06
4102,308,2429.7,12.92,2026-02-06
4168,312,774.1,5.92,2026-02-06
4734,363,2203.8,11.0,2026-02-06
4751,365,1613.2,9.97,2026-02-06
4802,371,2315.2,20.52,2026-02-06
5255,408,1810.6,12.82,2026-02-06
5350,415,1252.6,11.35,2026-02-06
6013,464,4210.2,25.96,2026-02-06
6150,474,3212.8,17.47,2026-02-06
8177,626,1741.1,11.94,2026-02-06
8288,638,2688.3,17.86,2026-02-06
8695,670,1643.3,9.74,2026-02-06
9662,732,1061.0,8.99,2026-02-06
10151,769,4426.3,32.32,2026-02-06
10157,769,3978.7,21.49,2026-02-06
10436,785,3110.7,24.6,2026-02-06
10846,812,1645.8,11.73,2026-02-06
10870,813,4038.4,24.3,2026-02-06
11909,895,2691.1,17.83,2026-02-06
12382,925,2254.8,13.37,2026-02-06
12621,944,2513.3,17.04,2026-02-06
12901,965,3317.4,14.66,2026-02-06
13271,993,3453.9,24.18,2026-02-06
13553,1015,2375.3,21.38,2026-02-06
13630,1021,2411.9,19.27,2026-02-06
13998,1049,2349.0,18.41,2026-02-06
14084,1056,1919.2,13.27,2026-02-06
14753,1100,1445.5,9.75,2026-02-06
15278,1136,2351.8,22.91,2026-02-06
15499,1152,2156.7,15.06,2026-02-06
16786,1245,6388.3,46.18,2026-02-06
16955,1254,1626.3,9.84,2026-02-06
17157,1266,2294.0,11.53,2026-02-06
17657,1299,1568.1,9.08,2026-02-06
17975,1321,2947.0,16.1,2026-02-06
18224,1337,3184.9,20.37,2026-02-06
18884,1393,2284.1,11.26,2026-02-06
18940,1397,1400.8,11.3,2026-02-06
19441,1433,3258.7,17.16,2026-02-06
441,35,4295.1,27.14,2026-02-07
655,56,2140.6,12.54,2026-02-07
1014,82,1884.8,16.79,2026-02-07
1577,121,2219.1,18.99,2026-02-07
2728,211,2686.2,16.52,2026-02-07
3059,233,4792.1,31.36,2026-02-07
3561,265,6607.7,34.84,2026-02-07
3923,295,1271.8,9.58,2026-02-07
4693,359,3886.8,22.03,2026-02-07
4857,373,6098.4,42.72,2026-02-07
4873,374,4174.5,18.31,2026-02-07
5914,455,2623.5,27.43,2026-02-07
6142,473,0.0,0.0,2026-02-07
6620,512,1402.1,12.44,2026-02-07
7353,562,1314.4,8.75,2026-02-07
7782,595,2470.4,15.16,2026-02-07
7888,602,3679.5,24.02,2026-02-07
8614,662,4095.4,27.83,2026-02-07
8972,688,2866.6,22.96,2026-02-07
9370,710,1010.6,6.29,2026-02-07
9944,753,1185.9,10.5,2026-02-07
9988,759,2394.5,14.87,2026-02-07
12563,940,3982.6,26.32,2026-02-07
12893,965,1588.0,11.04,2026-02-07
13392,1001,2923.2,19.47,2026-02-07
14172,1063,987.7,7.87,2026-02-07
15092,1124,2145.6,16.63,2026-02-07
15884,1170,5677.5,42.28,2026-02-07
15936,1173,5800.5,25.65,2026-02-07
16007,1180,786.9,7.6,2026-02-07
16300,1205,2720.0,16.74,2026-02-07
16655,1232,4330.1,22.93,2026-02-07
16753,1242,0.0,0.0,2026-02-07
16859,1248,2734.1,29.14,2026-02-07
17135,1263,3729.2,16.31,2026-02-07
18374,1349,4118.2,43.78,2026-02-07
19050,1404,3215.0,19.81,2026-02-07
19817,1461,3630.9,26.67,2026-02-07
20468,688,2866.6,22.96,2026-02-07
373,25,8768.8,50.23,2026-02-08
630,54,1086.0,12.27,2026-02-08
1581,122,2008.2,10.15,2026-02-08
1864,146,4586.7,33.5,2026-02-08
2505,195,2556.8,13.38,2026-02-08
2571,199,1387.7,10.91,2026-02-08
2617,203,3131.4,20.93,2026-02-08
2871,221,2939.6,21.78,2026-02-08
2995,229,2362.7,13.97,2026-02-08
3237,240,5184.8,28.22,2026-02-08
3524,263,8283.3,46.97,2026-02-08
4452,341,3013.4,19.55,2026-02-08
5116,396,3862.1,25.08,2026-02-08
5381,417,2038.2,14.52,2026-02-08
6080,469,3121.8,21.15,2026-02-08
6161,475,6054.2,34.09,2026-02-08
7494,572,2496.2,23.71,2026-02-08
7768,594,1716.4,9.98,2026-02-08
8552,657,1207.9,9.59,2026-02-08
8735,675,4018.4,26.95,2026-02-08
8781,678,1250.8,9.64,2026-02-08
9526,721,3418.0,19.05,2026-02-08
9600,725,1791.6,17.54,2026-02-08
10106,767,2351.7,15.4,2026-02-08
10414,782,2405.4,17.13,2026-02-08
10808,810,3841.7,22.85,2026-02-08
11048,827,4358.0,23.15,2026-02-08
13001,972,2114.0,17.03,2026-02-08
13148,984,2297.1,22.89,2026-02-08
13185,986,2403.3,13.86,2026-02-08
13441,1004,6715.4,35.78,2026-02-08
15387,1143,1372.1,8.45,2026-02-08
15600,1157,2440.3,20.82,2026-02-08
15614,1158,5469.8,31.76,2026-02-08
15878,1170,1596.1,10.61,2026-02-08
16248,1202,1177.1,14.36,2026-02-08
17050,1260,2909.2,20.78,2026-02-08
17172,1266,3643.0,17.36,2026-02-08
18800,1383,2782.5,17.82,2026-02-08
19487,1436,1899.8,19.83,2026-02-08
19661,1451,3600.2,21.29,2026-02-08
19791,1459,2806.8,17.03,2026-02-08
268,21,4506.1,28.75,2026-02-09
288,21,3761.4,32.92,2026-02-09
498,40,2476.3,12.22,2026-02-09
710,60,2303.2,20.25,2026-02-09
1019,82,3286.9,22.17,2026-02-09
3220,239,1568.1,10.75,2026-02-09
3556,265,2791.6,13.37,2026-02-09
4016,302,3564.8,19.11,2026-02-09
4459,342,3293.0,21.75,2026-02-09
4546,347,2422.4,17.79,2026-02-09
5284,411,2713.7,12.38,2026-02-09
5661,435,1471.9,10.23,2026-02-09
6073,469,1532.2,10.64,2026-02-09
6283,487,4433.5,31.18,2026-02-09
6461,501,2195.3,11.79,2026-02-09
6783,520,3212.0,17.0,2026-02-09
8529,655,3379.1,36.73,2026-02-09
8984,689,2699.3,16.58,2026-02-09
9385,712,733.4,6.99,2026-02-09
10217,771,3348.0,20.93,2026-02-09
10292,776,1576.6,9.71,2026-02-09
10726,802,799.1,6.62,2026-02-09
11134,838,5426.6,22.69,2026-02-09
11636,875,3594.0,18.04,2026-02-09
12378,925,4163.3,23.33,2026-02-09
12799,957,3247.0,18.04,2026-02-09
13060,978,4817.4,22.97,2026-02-09
13905,1042,3184.2,16.66,2026-02-09
14425,1079,791.1,5.59,2026-02-09
14886,1111,2469.5,14.33,2026-02-09
15030,1119,5906.8,24.15,2026-02-09
15790,1167,1413.7,11.97,2026-02-09
16356,1210,2113.3,15.46,2026-02-09
16367,1210,2765.2,15.05,2026-02-09
16735,1240,2928.2,18.58,2026-02-09
16763,1242,1749.3,10.33,2026-02-09
16951,1254,729.3,4.59,2026-02-09
17365,1277,4544.7,27.61,2026-02-09
17410,1282,2520.8,20.81,2026-02-09
17895,1317,6041.0,32.87,2026-02-09
18416,1353,3119.2,16.32,2026-02-09
18582,1364,2459.8,15.61,2026-02-09
18996,1401,4752.9,24.07,2026-02-09
19106,1409,2965.9,15.84,2026-02-09
19166,1414,4534.8,21.94,2026-02-09
20274,1495,4716.7,28.79,2026-02-09
97,12,2555.8,21.49,2026-02-10
635,54,3012.4,16.18,2026-02-10
854,72,2286.4,14.07,2026-02-10
1276,102,3634.4,34.1,2026-02-10
1387,109,5259.3,25.93,2026-02-10
1883,148,1449.1,8.73,2026-02-10
1937,152,1977.2,12.37,2026-02-10
2122,170,1431.3,9.1,2026-02-10
2299,183,1666.6,11.57,2026-02-10
2788,214,1573.9,9.55,2026-02-10
2966,228,1794.7,11.8,2026-02-10
3855,290,2252.1,13.79,2026-02-10
3879,291,3470.4,18.61,2026-02-10
3952,297,2100.1,10.88,2026-02-10
4022,302,1249.5,7.46,2026-02-10
4028,302,3447.9,25.24,2026-02-10
4186,315,2789.3,16.11,2026-02-10
4265,324,2026.1,15.2,2026-02-10
4290,326,2993.3,15.1,2026-02-10
4321,328,2796.5,24.08,2026-02-10
4920,377,2409.1,16.31,2026-02-10
5665,436,2754.8,17.66,2026-02-10
5743,443,2183.4,11.74,2026-02-10
6127,472,1380.2,8.7,2026-02-10
6221,481,3963.7,27.43,2026-02-10
6330,491,3097.1,23.77,2026-02-10
6606,510,1646.4,12.46,2026-02-10
6646,513,995.9,7.36,2026-02-10
6666,514,4809.2,24.1,2026-02-10
6693,515,1161.5,8.94,2026-02-10
7102,546,4140.8,24.72,2026-02-10
7291,558,1353.4,9.64,2026-02-10
8238,632,2671.1,21.53,2026-02-10
8527,655,2994.1,23.91,2026-02-10
9532,721,3427.5,15.99,2026-02-10
9731,737,1547.2,6.54,2026-02-10
9980,758,2557.3,17.37,2026-02-10
10568,793,2139.8,11.93,2026-02-10
11377,854,1948.4,15.87,2026-02-10
11953,899,2843.6,16.91,2026-02-10
12073,906,5808.4,31.01,2026-02-10
12083,906,2294.8,14.56,2026-02-10
12773,955,1811.8,12.25,2026-02-10
12946,971,2149.0,16.01,2026-02-10
13083,979,3242.5,19.28,2026-02-10
13211,989,2150.7,14.83,2026-02-10
13614,1020,3781.5,19.58,2026-02-10
13692,1024,3499.4,18.66,2026-02-10
14221,1067,4387.0,26.96,2026-02-10
14918,1113,3133.0,17.22,2026-02-10
14941,1114,4399.1,27.81,2026-02-10
15897,1170,1646.0,11.11,2026-02-10
16129,1192,2444.5,17.61,2026-02-10
16445,1215,1890.2,13.84,2026-02-10
16494,1218,1885.4,11.53,2026-02-10
16595,1227,2677.2,20.28,2026-02-10
16725,1239,4656.7,35.03,2026-02-10
19919,1468,1901.3,10.19,2026-02-10
20003,1472,2453.8,13.91,2026-02-10
6,1,1351.1,6.94,2026-02-11
871,72,1859.8,10.05,2026-02-11
983,81,1152.7,9.06,2026-02-11
1731,135,2072.6,16.09,2026-02-11
2367,186,3774.1,24.34,2026-02-11
2515,196,7778.1,46.0,2026-02-11
2540,198,4275.4,29.71,2026-02-11
2913,224,6885.0,37.43,2026-02-11
3388,250,1046.4,6.93,2026-02-11
3578,267,3371.2,21.48,2026-02-11
4372,332,1725.8,16.82,2026-02-11
5048,390,2174.3,13.31,2026-02-11
5160,400,1922.0,11.17,2026-02-11
5337,414,6714.5,32.57,2026-02-11
5577,430,5930.0,31.79,2026-02-11
6168,475,3909.7,25.43,2026-02-11
6174,475,3594.1,27.21,2026-02-11
8630,664,1123.8,6.92,2026-02-11
11348,852,3609.7,26.02,2026-02-11
11687,877,2130.2,17.72,2026-02-11
12579,941,913.9,4.65,2026-02-11
13120,981,1939.2,15.72,2026-02-11
13321,996,5149.9,41.25,2026-02-11
14505,1084,3162.9,15.93,2026-02-11
14605,1091,3094.3,18.29,2026-02-11
14965,1116,1470.3,9.86,2026-02-11
15550,1156,3830.2,20.22,2026-02-11
17311,1274,1787.1,9.52,2026-02-11
17737,1307,2470.0,17.34,2026-02-11
17837,1314,1705.3,11.13,2026-02-11
18697,1375,1762.4,8.96,2026-02-11
19860,1465,2505.8,20.37,2026-02-11
19867,1466,2065.4,13.49,2026-02-11
20258,1494,1188.3,9.09,2026-02-11
1025,83,3362.5,16.72,2026-02-12
1226,99,6001.3,37.42,2026-02-12
1334,106,1510.0,9.57,2026-02-12
1959,153,4047.0,27.31,2026-02-12
2650,205,3118.7,18.44,2026-02-12
3165,237,7517.2,35.82,2026-02-12
3599,271,5980.1,31.49,2026-02-12
3937,296,3951.9,22.9,2026-02-12
4077,307,2477.6,21.98,2026-02-12
4300,327,1705.6,10.28,2026-02-12
5330,413,2494.4,16.24,2026-02-12
5336,414,8926.6,56.65,2026-02-12
5602,432,3019.9,28.07,2026-02-12
5762,444,2867.1,16.28,2026-02-12
6202,479,1153.5,18.12,2026-02-12
6699,516,1818.8,12.37,2026-02-12
6714,516,2704.6,15.82,2026-02-12
6806,522,2723.4,18.79,2026-02-12
6966,535,3420.6,25.42,2026-02-12
7038,541,3063.0,26.0,2026-02-12
7260,557,2767.1,20.37,2026-02-12
7965,608,2036.8,15.18,2026-02-12
8746,675,759.2,6.5,2026-02-12
8934,686,1563.4,15.34,2026-02-12
9474,716,5980.8,33.3,2026-02-12
9540,721,1958.0,18.08,2026-02-12
9864,746,1909.4,17.13,2026-02-12
10186,771,2745.0,17.15,2026-02-12
11341,852,2340.8,12.86,2026-02-12
11995,902,4713.0,30.86,2026-02-12
12120,909,1349.3,8.37,2026-02-12
12267,918,4321.0,21.14,2026-02-12
12364,924,4557.6,24.7,2026-02-12
14385,1077,4422.8,28.3,2026-02-12
15969,1177,2167.8,13.91,2026-02-12
16069,1188,3045.3,27.33,2026-02-12
16472,1217,2637.9,22.12,2026-02-12
17105,1262,6868.9,42.61,2026-02-12
17322,1275,5994.7,32.15,2026-02-12
17771,1310,2675.0,17.24,2026-02-12
17790,1311,1182.3,8.32,2026-02-12
18090,1328,2118.1,13.48,2026-02-12
18340,1347,2735.0,21.53,2026-02-12
18751,1378,3174.6,20.36,2026-02-12
18817,1385,1994.4,16.51,2026-02-12
18934,1397,2517.6,15.76,2026-02-12
19659,1451,6159.0,30.12,2026-02-12
19846,1463,974.4,7.39,2026-02-12
20390,205,3118.7,18.44,2026-02-12
1079,89,1371.3,7.7,2026-02-13
1667,131,4091.3,17.45,2026-02-13
1887,148,2277.8,13.3,2026-02-13
2676,207,2769.5,19.29,2026-02-13
2919,226,2124.0,15.14,2026-02-13
3167,237,5795.1,40.49,2026-02-13
4663,357,4389.7,20.98,2026-02-13
5392,418,2430.0,13.89,2026-02-13
6047,466,2107.8,19.4,2026-02-13
6516,505,1389.5,9.45,2026-02-13
8099,617,2272.8,20.28,2026-02-13
8586,660,4240.9,23.12,2026-02-13
8653,668,1473.5,7.63,2026-02-13
8976,688,1407.6,9.69,2026-02-13
9559,723,3516.5,20.14,2026-02-13
9748,738,3388.3,20.22,2026-02-13
10766,807,2520.3,16.16,2026-02-13
11068,831,1580.7,11.84,2026-02-13
11335,851,2066.6,9.88,2026-02-13
11599,871,1814.7,9.42,2026-02-13
11680,876,3047.1,19.46,2026-02-13
11928,896,1838.3,10.51,2026-02-13
11965,900,1817.0,11.76,2026-02-13
12048,904,4686.7,27.43,2026-02-13
12407,927,3037.6,18.09,2026-02-13
12469,935,1496.7,17.9,2026-02-13
12637,945,2087.5,11.86,2026-02-13
13747,1028,2797.9,12.94,2026-02-13
13869,1040,3082.2,22.3,2026-02-13
13890,1040,1687.7,9.91,2026-02-13
13984,1048,1616.7,16.81,2026-02-13
14231,1068,5043.1,22.81,2026-02-13
14364,1075,3332.0,22.87,2026-02-13
15462,1151,2980.9,25.61,2026-02-13
16544,1224,2969.7,17.01,2026-02-13
16766,1243,2190.9,21.17,2026-02-13
17920,1320,3950.4,23.74,2026-02-13
18229,1339,3161.9,16.54,2026-02-13
19047,1403,4092.9,21.95,2026-02-13
19969,1471,2415.3,14.06,2026-02-13
20101,1480,3731.1,18.06,2026-02-13
111,12,3851.5,21.01,2026-02-14
793,68,2400.0,18.19,2026-02-14
1193,97,2865.0,15.5,2026-02-14
1847,146,1215.8,12.85,2026-02-14
2306,184,3762.5,31.1,2026-02-14
2372,186,1701.7,13.7,2026-02-14
2986,229,4215.0,22.42,2026-02-14
3024,230,3370.2,18.87,2026-02-14
3267,242,2517.7,16.47,2026-02-14
3411,252,2417.8,14.25,2026-02-14
3523,263,1465.4,9.33,2026-02-14
3932,296,1099.8,8.21,2026-02-14
4503,344,5803.0,39.51,2026-02-14
4662,357,1861.2,13.0,2026-02-14
4718,361,5873.7,21.61,2026-02-14
5182,401,1062.5,5.65,2026-02-14
5207,403,4988.0,29.95,2026-02-14
5220,404,3212.2,26.81,2026-02-14
5397,418,5351.6,36.35,2026-02-14
5454,424,4537.8,24.69,2026-02-14
5901,454,1188.3,6.04,2026-02-14
6133,473,2268.6,15.42,2026-02-14
6429,499,3125.4,17.93,2026-02-14
6802,522,3281.9,16.81,2026-02-14
6947,533,2417.0,17.36,2026-02-14
7044,541,1032.9,6.53,2026-02-14
7709,591,2019.6,10.7,2026-02-14
8382,645,2523.7,13.61,2026-02-14
8416,647,4744.4,24.25,2026-02-14
10973,821,4758.7,44.8,2026-02-14
11092,832,2405.5,25.2,2026-02-14
11409,856,3454.0,27.85,2026-02-14
11410,856,1883.3,14.03,2026-02-14
11783,885,2171.2,13.92,2026-02-14
13197,988,3879.0,25.35,2026-02-14
13633,1021,6585.3,30.79,2026-02-14
13895,1041,2303.7,15.46,2026-02-14
14116,1060,730.6,6.37,2026-02-14
14190,1065,3251.4,20.77,2026-02-14
14588,1090,3446.4,30.75,2026-02-14
15128,1125,7119.3,37.14,2026-02-14
15379,1143,788.3,5.54,2026-02-14
15931,1173,2204.7,16.98,2026-02-14
16039,1182,1721.6,9.82,2026-02-14
16734,1239,3705.8,31.75,2026-02-14
16809,1245,2262.1,18.69,2026-02-14
18266,1342,2559.3,21.47,2026-02-14
18289,1343,10023.8,54.2,2026-02-14
18584,1365,3378.7,19.09,2026-02-14
18758,1379,4007.0,21.14,2026-02-14
18939,1397,2315.5,15.42,2026-02-14
19789,1459,1694.4,10.64,2026-02-14
19862,1465,6357.9,34.43,2026-02-14
232,19,4257.0,35.76,2026-02-15
1440,113,2797.7,15.04,2026-02-15
1943,153,3271.0,23.46,2026-02-15
2077,165,2822.3,15.63,2026-02-15
3446,255,1448.0,10.66,2026-02-15
3802,287,2098.1,18.53,2026-02-15
3918,294,2575.4,15.42,2026-02-15
3949,297,2841.7,23.13,2026-02-15
4158,312,6168.8,36.98,2026-02-15
4722,361,1881.0,12.45,2026-02-15
4764,366,747.9,5.4,2026-02-15
5401,418,1536.7,12.9,2026-02-15
5980,461,1735.7,14.55,2026-02-15
6482,503,4055.9,22.98,2026-02-15
6974,535,2416.2,16.12,2026-02-15
6999,537,652.7,7.54,2026-02-15
7203,554,3631.5,17.31,2026-02-15
7414,568,1875.7,10.26,2026-02-15
8110,617,2194.7,13.26,2026-02-15
8927,685,3670.3,19.36,2026-02-15
10354,780,2453.2,14.31,2026-02-15
10539,791,3451.4,19.71,2026-02-15
10559,793,1249.4,7.99,2026-02-15
11004,822,2623.9,16.33,2026-02-15
11025,825,1766.7,11.64,2026-02-15
11622,874,1860.4,11.92,2026-02-15
12233,916,1674.9,7.15,2026-02-15
12356,923,4007.4,18.6,2026-02-15
13424,1004,4275.8,24.43,2026-02-15
13568,1015,4819.0,28.06,2026-02-15
13730,1028,3225.2,22.32,2026-02-15
14147,1061,1597.7,8.96,2026-02-15
14462,1082,3279.2,24.66,2026-02-15
14479,1082,2445.8,17.65,2026-02-15
14712,1098,4536.0,30.39,2026-02-15
15147,1126,1392.7,12.27,2026-02-15
15275,1135,3333.8,30.6,2026-02-15
15365,1142,3121.8,19.73,2026-02-15
15434,1149,2213.2,13.43,2026-02-15
15646,1160,5462.0,33.05,2026-02-15
17366,1277,6120.1,38.52,2026-02-15
17856,1315,2350.6,12.64,2026-02-15
18760,1379,828.0,6.07,2026-02-15
19349,1425,1650.2,13.64,2026-02-15
20172,1488,1946.2,14.71,2026-02-15
20337,1160,5462.0,33.05,2026-02-15
20448,1126,1392.7,12.27,2026-02-15
27,4,3406.7,18.35,2026-02-16
588,49,1363.7,22.59,2026-02-16
941,77,2120.0,12.87,2026-02-16
1510,119,3279.2,17.32,2026-02-16
1960,153,3415.6,24.19,2026-02-16
2669,207,1703.9,10.99,2026-02-16
2699,209,1499.8,16.94,2026-02-16
3516,263,1168.6,7.45,2026-02-16
3674,277,1318.2,18.83,2026-02-16
4140,309,1592.3,11.08,2026-02-16
4181,314,3625.5,23.32,2026-02-16
4516,345,3299.9,20.93,2026-02-16
5024,389,2867.0,13.93,2026-02-16
5186,401,3660.0,19.73,2026-02-16
5309,412,2857.7,19.17,2026-02-16
5347,415,2485.3,16.51,2026-02-16
6909,531,4052.7,26.65,2026-02-16
8085,616,2080.2,14.12,2026-02-16
9278,705,6335.0,32.23,2026-02-16
9623,728,1630.0,11.12,2026-02-16
9852,746,1548.1,8.32,2026-02-16
10094,766,1185.7,7.22,2026-02-16
10143,769,1213.2,9.29,2026-02-16
10231,773,1133.2,8.72,2026-02-16
10262,774,1939.2,11.12,2026-02-16
10684,800,2496.7,13.93,2026-02-16
11171,840,2121.0,13.66,2026-02-16
11318,850,2962.2,20.89,2026-02-16
11334,851,1249.1,12.57,2026-02-16
13134,982,1378.8,12.05,2026-02-16
13191,987,765.6,5.87,2026-02-16
13360,999,3137.7,17.21,2026-02-16
14451,1081,2605.3,18.84,2026-02-16
14879,1111,2644.0,18.45,2026-02-16
14927,1113,3683.0,21.48,2026-02-16
15824,1168,1789.7,12.0,2026-02-16
15954,1176,2000.5,14.32,2026-02-16
16730,1239,3003.1,19.56,2026-02-16
16932,1252,1970.9,14.75,2026-02-16
17720,1305,1970.4,17.3,2026-02-16
17751,1309,2627.8,17.86,2026-02-16
17799,1312,3676.2,19.29,2026-02-16
17828,1313,2859.9,14.75,2026-02-16
17935,1320,1172.1,7.8,2026-02-16
18091,1328,4018.8,24.11,2026-02-16
18264,1342,2518.3,12.55,2026-02-16
18613,1366,3251.9,25.59,2026-02-16
18837,1387,3562.6,16.81,2026-02-16
19008,1402,5450.0,42.57,2026-02-16
19065,1405,1958.8,12.85,2026-02-16
19602,1445,3762.0,15.68,2026-02-16
19764,1458,3017.1,17.26,2026-02-16
827,70,1326.6,18.06,2026-02-17
841,70,1697.5,10.59,2026-02-17
1911,150,2699.9,19.88,2026-02-17
1963,153,3186.7,15.51,2026-02-17
2093,166,2752.3,14.41,2026-02-17
3150,237,3073.0,19.62,2026-02-17
3264,242,739.8,8.39,2026-02-17
3475,256,1333.4,12.57,2026-02-17
4000,300,3299.3,22.19,2026-02-17
4197,316,4351.8,30.82,2026-02-17
4725,361,2132.9,14.52,2026-02-17
4837,372,2745.7,17.87,2026-02-17
4844,372,2976.9,19.99,2026-02-17
4863,374,3831.9,23.27,2026-02-17
5312,412,2105.3,16.71,2026-02-17
5562,429,4985.5,30.62,2026-02-17
7343,561,3831.0,19.79,2026-02-17
7705,590,2204.4,16.36,2026-02-17
7775,595,2712.9,17.09,2026-02-17
8360,643,9618.2,56.24,2026-02-17
9419,714,1920.6,20.14,2026-02-17
9528,721,1934.3,13.14,2026-02-17
9950,754,1635.5,10.74,2026-02-17
10065,764,2640.6,15.66,2026-02-17
10410,782,4492.1,25.78,2026-02-17
12413,928,4851.8,29.5,2026-02-17
12632,945,1153.6,11.09,2026-02-17
12662,946,3419.9,21.59,2026-02-17
13121,981,5130.7,51.77,2026-02-17
13398,1001,2418.0,12.44,2026-02-17
13459,1005,2947.4,16.92,2026-02-17
13702,1025,4596.5,26.09,2026-02-17
14171,1063,1745.5,9.2,2026-02-17
14229,1067,3936.2,24.33,2026-02-17
14234,1068,1928.4,15.61,2026-02-17
14500,1084,2432.8,22.44,2026-02-17
16796,1245,1676.4,11.78,2026-02-17
17862,1315,2730.1,13.19,2026-02-17
19123,1413,3893.3,18.83,2026-02-17
19191,1416,3519.4,21.01,2026-02-17
19290,1421,6299.3,29.93,2026-02-17
19728,1454,1809.1,13.9,2026-02-17
19905,1468,3930.8,18.95,2026-02-17
1097,90,1110.0,7.87,2026-02-18
1483,118,2205.0,14.37,2026-02-18
1539,120,2052.4,18.54,2026-02-18
1576,121,1427.2,8.85,2026-02-18
2230,178,3742.7,23.98,2026-02-18
3013,229,1075.5,14.26,2026-02-18
3168,237,3150.3,16.42,2026-02-18
4404,336,1569.4,7.3,2026-02-18
5906,454,1555.9,15.37,2026-02-18
5946,459,2239.1,14.0,2026-02-18
6199,477,3938.8,24.26,2026-02-18
6212,480,5075.8,32.1,2026-02-18
6685,515,2462.7,17.92,2026-02-18
7201,553,2923.7,17.77,2026-02-18
7308,559,3404.8,19.19,2026-02-18
7691,588,1914.8,10.17,2026-02-18
8236,631,889.3,10.98,2026-02-18
9093,693,3324.2,24.43,2026-02-18
9764,739,1565.7,14.53,2026-02-18
11009,824,1170.8,12.54,2026-02-18
11122,836,1447.2,8.99,2026-02-18
11700,879,5479.2,28.02,2026-02-18
12089,906,8611.1,43.03,2026-02-18
12401,927,1381.5,10.83,2026-02-18
12784,956,7449.6,38.19,2026-02-18
13006,973,2602.4,25.89,2026-02-18
13036,975,1497.4,8.97,2026-02-18
13619,1020,1215.2,8.21,2026-02-18
13641,1021,2821.3,19.87,2026-02-18
13805,1034,1422.1,9.72,2026-02-18
13921,1042,1745.6,11.88,2026-02-18
14066,1055,3059.5,18.59,2026-02-18
14077,1055,5590.8,29.24,2026-02-18
14100,1058,2620.3,13.46,2026-02-18
14259,1070,2993.1,19.1,2026-02-18
14607,1091,2775.4,16.63,2026-02-18
14924,1113,4833.3,37.33,2026-02-18
17615,1297,2451.7,19.45,2026-02-18
17819,1313,1875.0,11.4,2026-02-18
17961,1321,2264.9,12.09,2026-02-18
18016,1326,4781.8,62.14,2026-02-18
18214,1335,1328.1,8.66,2026-02-18
18505,1358,2207.9,17.41,2026-02-18
18777,1381,3175.8,20.63,2026-02-18
19208,1417,2498.4,14.88,2026-02-18
19317,1423,3347.1,43.78,2026-02-18
19689,1453,4217.6,28.43,2026-02-18
19826,1461,3356.0,19.89,2026-02-18
19930,1468,3888.7,22.4,2026-02-18
20205,1490,2729.2,19.6,2026-02-18
15,2,2655.9,19.76,2026-02-19
940,77,3225.6,18.26,2026-02-19
3587,268,2843.6,17.78,2026-02-19
3689,278,4305.2,24.35,2026-02-19
4930,379,2262.0,15.12,2026-02-19
4944,379,3725.4,27.72,2026-02-19
5155,400,1706.2,16.31,2026-02-19
5282,411,2240.8,15.13,2026-02-19
5388,418,5858.2,41.21,2026-02-19
5424,421,2258.7,19.86,2026-02-19
6374,496,730.3,7.73,2026-02-19
7191,552,2274.0,12.94,2026-02-19
7268,557,4760.1,21.46,2026-02-19
7963,608,3941.4,27.97,2026-02-19
9511,720,1692.0,11.51,2026-02-19
9965,756,1801.4,19.92,2026-02-19
10443,785,2261.3,14.47,2026-02-19
10471,787,1411.3,12.31,2026-02-19
10741,805,1975.9,11.78,2026-02-19
10983,822,5067.1,32.68,2026-02-19
11857,888,2816.5,14.96,2026-02-19
12428,929,3767.4,26.0,2026-02-19
12757,954,4019.4,24.73,2026-02-19
13079,978,1474.2,11.55,2026-02-19
14078,1055,3236.1,15.89,2026-02-19
14136,1061,5804.0,42.65,2026-02-19
14174,1063,4200.5,22.56,2026-02-19
14529,1086,3790.1,19.87,2026-02-19
14762,1102,4564.0,30.2,2026-02-19
14905,1113,6806.6,36.24,2026-02-19
15586,1157,2652.5,15.93,2026-02-19
16002,1180,6754.6,29.18,2026-02-19
16044,1184,2990.0,17.5,2026-02-19
16282,1204,1871.3,12.78,2026-02-19
17218,1270,2597.7,20.96,2026-02-19
17437,1283,3036.7,16.3,2026-02-19
17470,1285,4968.1,29.01,2026-02-19
17693,1304,1059.6,9.01,2026-02-19
18325,1347,8616.3,46.84,2026-02-19
18696,1375,3930.3,19.45,2026-02-19
19148,1413,3960.7,18.99,2026-02-19
19367,1426,2155.7,19.32,2026-02-19
19559,1441,2194.1,19.34,2026-02-19
19785,1458,5944.9,32.86,2026-02-19
843,71,4703.4,21.77,2026-02-20
1810,145,4625.8,23.22,2026-02-20
2629,203,6544.8,33.68,2026-02-20
3042,231,1101.3,7.82,2026-02-20
3878,291,1822.2,16.04,2026-02-20
4262,323,3054.2,21.31,2026-02-20
5300,411,4715.6,29.9,2026-02-20
5634,434,2352.8,23.47,2026-02-20
5668,436,4845.6,26.19,2026-02-20
5792,446,2811.4,28.67,2026-02-20
6077,469,2431.6,13.39,2026-02-20
6100,470,2192.3,12.24,2026-02-20
6463,501,1062.2,7.79,2026-02-20
7497,574,2269.4,17.38,2026-02-20
7572,580,1854.0,10.97,2026-02-20
7635,582,6166.2,47.15,2026-02-20
7853,601,4403.2,36.93,2026-02-20
8181,626,3464.0,15.9,2026-02-20
8471,650,1132.4,11.58,2026-02-20
8691,670,2032.5,16.97,2026-02-20
9035,691,1309.0,8.25,2026-02-20
9201,701,1807.4,12.62,2026-02-20
9575,724,3887.6,22.17,2026-02-20
10441,785,1904.6,9.99,2026-02-20
10709,802,5825.9,31.52,2026-02-20
11837,888,5340.3,27.64,2026-02-20
12668,948,3384.2,20.49,2026-02-20
13196,988,3009.8,17.28,2026-02-20
13317,996,3535.7,27.94,2026-02-20
13714,1027,2088.3,18.22,2026-02-20
14480,1082,3899.7,19.87,2026-02-20
14782,1103,1374.6,10.13,2026-02-20
15645,1160,1634.6,17.14,2026-02-20
17686,1304,3981.5,26.18,2026-02-20
17694,1304,2330.2,10.59,2026-02-20
18135,1330,6239.8,36.23,2026-02-20
18476,1355,2920.8,18.98,2026-02-20
18862,1391,1224.0,9.19,2026-02-20
19305,1423,2167.8,22.23,2026-02-20
19417,1430,3638.1,20.66,2026-02-20
19500,1437,1916.5,10.65,2026-02-20
145,14,2709.1,16.35,2026-02-21
207,19,822.7,7.56,2026-02-21
482,38,4166.6,23.74,2026-02-21
825,70,1829.2,12.11,2026-02-21
890,74,3325.1,23.98,2026-02-21
968,80,2490.1,14.93,2026-02-21
1290,103,2537.1,24.63,2026-02-21
1382,109,2133.1,15.08,2026-02-21
1526,120,1449.2,7.65,2026-02-21
2023,160,1230.7,8.35,2026-02-21
3768,284,2428.9,12.6,2026-02-21
4624,355,1153.0,7.83,2026-02-21
5219,404,2886.4,19.11,2026-02-21
6041,466,2667.8,20.37,2026-02-21
6262,486,1492.2,8.99,2026-02-21
6614,512,3144.9,17.16,2026-02-21
6663,514,1710.8,17.83,2026-02-21
6796,522,3601.1,19.1,2026-02-21
6880,527,4090.4,21.21,2026-02-21
7738,592,1290.0,21.5,2026-02-21
8503,652,1997.6,24.07,2026-02-21
8875,682,670.8,10.36,2026-02-21
9145,698,7197.4,32.94,2026-02-21
9676,734,2874.1,13.88,2026-02-21
9850,746,8031.7,42.27,2026-02-21
9951,754,1461.8,7.51,2026-02-21
11087,832,1850.2,10.65,2026-02-21
12025,903,2547.8,19.3,2026-02-21
12265,918,1717.7,11.43,2026-02-21
13171,985,2499.3,15.07,2026-02-21
13511,1011,3690.0,28.11,2026-02-21
13773,1031,2461.3,16.04,2026-02-21
14155,1063,1611.6,15.76,2026-02-21
14866,1109,2514.3,18.82,2026-02-21
15168,1127,1946.9,10.85,2026-02-21
15501,1152,2513.4,22.11,2026-02-21
15557,1156,1509.3,12.6,2026-02-21
16269,1204,4336.8,19.13,2026-02-21
16513,1222,1929.4,12.75,2026-02-21
16726,1239,5641.7,34.77,2026-02-21
16846,1247,3019.2,21.09,2026-02-21
17465,1284,1200.7,10.04,2026-02-21
18241,1341,2793.3,19.55,2026-02-21
20115,1482,2272.6,12.74,2026-02-21
20302,1497,3309.1,28.84,2026-02-21
201,18,1644.0,9.37,2026-02-22
902,74,2729.9,19.55,2026-02-22
1345,107,3853.1,31.97,2026-02-22
1908,150,2869.9,18.59,2026-02-22
3110,235,3019.8,16.72,2026-02-22
3546,264,3968.3,33.08,2026-02-22
4107,308,1729.5,13.8,2026-02-22
5140,399,1281.2,10.22,2026-02-22
5566,430,2651.4,21.63,2026-02-22
5871,451,2780.1,17.88,2026-02-22
6406,497,830.8,10.29,2026-02-22
7186,552,1904.4,13.37,2026-02-22
7218,555,1992.8,14.51,2026-02-22
7784,595,2399.3,13.69,2026-02-22
7967,608,837.0,13.95,2026-02-22
8289,639,4057.7,19.41,2026-02-22
9099,695,3797.9,25.23,2026-02-22
10598,795,2637.4,14.46,2026-02-22
10608,796,4521.7,24.27,2026-02-22
10660,799,2626.6,15.91,2026-02-22
11153,839,2714.5,17.13,2026-02-22
11500,865,1629.1,10.33,2026-02-22
12820,959,3184.3,20.28,2026-02-22
13081,978,2590.7,15.0,2026-02-22
13132,982,6037.2,38.93,2026-02-22
14602,1091,2785.1,20.46,2026-02-22
14849,1108,1864.5,13.15,2026-02-22
15137,1126,3093.1,16.64,2026-02-22
15260,1134,4017.8,23.44,2026-02-22
15577,1157,1608.0,8.69,2026-02-22
16105,1191,2083.0,16.37,2026-02-22
16714,1237,1934.9,16.62,2026-02-22
17068,1261,5677.3,32.75,2026-02-22
17457,1284,3386.4,17.08,2026-02-22
17803,1312,6925.0,43.3,2026-02-22
17972,1321,1853.2,13.34,2026-02-22
18391,1350,1182.0,6.35,2026-02-22
18426,1353,5120.4,29.93,2026-02-22
18437,1354,4779.8,25.94,2026-02-22
19025,1403,3268.1,20.82,2026-02-22
19110,1409,2987.5,18.98,2026-02-22
19834,1462,7163.4,35.99,2026-02-22
20275,1495,3578.1,19.43,2026-02-22
88,11,3557.1,29.36,2026-02-23
114,12,3193.8,18.58,2026-02-23
273,21,2828.8,22.01,2026-02-23
574,48,6217.4,43.05,2026-02-23
613,50,4261.3,21.15,2026-02-23
619,51,4115.5,31.79,2026-02-23
687,58,5070.3,25.3,2026-02-23
1263,102,2117.5,11.4,2026-02-23
1597,124,2717.5,18.2,2026-02-23
1867,147,3703.5,17.57,2026-02-23
2339,185,4295.5,30.68,2026-02-23
2574,200,3802.3,26.34,2026-02-23
2624,203,980.9,8.07,2026-02-23
2912,224,1648.5,13.64,2026-02-23
3463,256,6629.8,26.25,2026-02-23
4304,327,3761.6,22.04,2026-02-23
4392,334,4606.8,27.99,2026-02-23
5783,446,2727.0,15.11,2026-02-23
6048,466,2645.7,19.55,2026-02-23
6095,470,2923.9,20.42,2026-02-23
6207,479,1519.7,11.77,2026-02-23
6380,497,2136.7,15.99,2026-02-23
7385,564,2007.7,17.05,2026-02-23
8394,645,4036.6,23.71,2026-02-23
8951,687,1621.0,12.91,2026-02-23
9080,693,3216.7,22.03,2026-02-23
9166,699,2368.7,15.3,2026-02-23
10087,766,2294.6,16.27,2026-02-23
10210,771,3575.9,20.17,2026-02-23
10477,788,1942.5,15.42,2026-02-23
11749,882,3497.9,15.19,2026-02-23
11878,891,2188.3,12.31,2026-02-23
12358,923,3038.7,15.37,2026-02-23
12520,939,3154.0,15.98,2026-02-23
13226,991,2796.2,16.28,2026-02-23
13401,1001,4723.0,32.87,2026-02-23
13710,1026,943.7,6.94,2026-02-23
14328,1073,1350.9,13.77,2026-02-23
14805,1107,2034.5,11.79,2026-02-23
15023,1119,1926.0,14.25,2026-02-23
15271,1135,1293.0,17.2,2026-02-23
15853,1169,1042.6,6.61,2026-02-23
16185,1197,2526.5,14.69,2026-02-23
16886,1250,974.9,12.91,2026-02-23
17255,1271,2293.1,17.79,2026-02-23
17382,1279,1602.4,9.7,2026-02-23
17490,1289,2628.1,17.38,2026-02-23
17604,1297,2013.9,14.07,2026-02-23
17668,1301,1928.2,11.87,2026-02-23
17830,1313,1411.8,10.6,2026-02-23
17881,1316,1587.9,8.97,2026-02-23
18422,1353,3604.0,28.05,2026-02-23
18775,1381,1437.6,11.14,2026-02-23
18813,1384,668.2,8.63,2026-02-23
19358,1425,1043.4,7.49,2026-02-23
19414,1430,1536.3,8.78,2026-02-23
19435,1432,1800.9,13.4,2026-02-23
20278,1495,3466.6,21.13,2026-02-23
20400,1001,4723.0,32.87,2026-02-23
20473,48,6217.4,43.05,2026-02-23
386,27,2747.1,12.21,2026-02-24
1312,105,5888.0,30.23,2026-02-24
1632,127,3418.9,24.02,2026-02-24
1945,153,4914.7,34.83,2026-02-24
2063,165,5519.1,31.75,2026-02-24
2379,187,1465.3,10.48,2026-02-24
2811,216,2467.9,15.24,2026-02-24
3347,246,1773.4,10.71,2026-02-24
4260,323,2168.1,13.01,2026-02-24
5405,419,1721.6,12.44,2026-02-24
5822,448,1654.8,15.6,2026-02-24
5983,461,3608.4,17.05,2026-02-24
6849,523,3130.1,14.42,2026-02-24
6956,534,888.7,4.92,2026-02-24
7067,543,1599.5,15.38,2026-02-24
7990,610,4106.7,21.15,2026-02-24
8625,663,2215.8,12.95,2026-02-24
8641,665,3233.5,17.69,2026-02-24
9312,708,6128.6,34.37,2026-02-24
9733,737,5123.1,36.92,2026-02-24
9767,739,3084.9,14.41,2026-02-24
9920,751,3203.6,19.18,2026-02-24
9964,756,2704.7,14.8,2026-02-24
10055,764,1625.8,18.03,2026-02-24
10268,774,2061.2,16.07,2026-02-24
10321,778,1807.4,10.53,2026-02-24
10847,812,1773.0,29.55,2026-02-24
10906,817,4897.5,22.39,2026-02-24
11187,840,1231.8,13.06,2026-02-24
11614,873,7703.8,38.04,2026-02-24
11704,879,1150.3,6.79,2026-02-24
11777,884,3582.1,23.44,2026-02-24
13573,1015,1978.5,15.97,2026-02-24
14192,1065,3924.5,33.94,2026-02-24
14651,1095,1548.6,11.25,2026-02-24
14764,1102,4426.9,19.84,2026-02-24
16298,1204,2501.6,13.36,2026-02-24
16630,1230,1855.1,13.02,2026-02-24
16959,1254,1384.5,11.02,2026-02-24
17842,1314,2017.6,11.17,2026-02-24
18323,1346,1836.7,12.73,2026-02-24
18554,1360,3638.1,21.1,2026-02-24
18627,1366,4817.2,31.34,2026-02-24
18953,1398,1247.6,8.86,2026-02-24
18978,1400,2996.0,17.39,2026-02-24
18987,1400,1692.4,9.65,2026-02-24
19043,1403,3380.0,17.67,2026-02-24
19501,1437,3201.6,20.28,2026-02-24
19521,1438,1917.7,15.36,2026-02-24
19869,1466,3359.1,22.36,2026-02-24
20124,1484,1356.2,9.57,2026-02-24
20243,1494,2192.6,13.7,2026-02-24
20374,534,888.7,4.92,2026-02-24
308,23,2168.8,12.1,2026-02-25
598,49,2365.4,13.97,2026-02-25
1123,92,4852.9,26.24,2026-02-25
1222,99,3814.5,21.34,2026-02-25
1505,119,1670.6,10.68,2026-02-25
1860,146,628.9,5.6,2026-02-25
1944,153,3212.3,19.79,2026-02-25
2120,170,2581.7,13.44,2026-02-25
2721,211,2222.5,15.9,2026-02-25
3537,263,2313.4,13.17,2026-02-25
4001,300,1252.6,10.95,2026-02-25
4007,300,3305.2,31.69,2026-02-25
4161,312,4359.6,34.12,2026-02-25
4192,316,5225.7,23.61,2026-02-25
4351,330,3386.4,14.46,2026-02-25
4484,344,4731.5,27.42,2026-02-25
4486,344,3815.7,23.7,2026-02-25
6650,513,3918.4,23.93,2026-02-25
6979,535,2201.0,14.41,2026-02-25
7215,555,2641.6,15.82,2026-02-25
7480,572,2400.3,22.18,2026-02-25
7740,592,1467.9,7.77,2026-02-25
7805,595,2874.1,18.63,2026-02-25
8078,616,3198.7,20.24,2026-02-25
8998,690,3396.3,16.83,2026-02-25
9390,713,2419.6,16.19,2026-02-25
11063,830,1796.4,12.93,2026-02-25
11430,858,4013.5,32.14,2026-02-25
14284,1071,3257.0,21.11,2026-02-25
14486,1082,1589.3,9.84,2026-02-25
15126,1125,2129.5,12.41,2026-02-25
15215,1130,1427.7,7.59,2026-02-25
15731,1164,4222.8,23.7,2026-02-25
15929,1173,3127.1,20.62,2026-02-25
17281,1272,2337.2,17.77,2026-02-25
17356,1276,2598.4,13.13,2026-02-25
18009,1325,7664.4,43.71,2026-02-25
18532,1358,4572.6,30.46,2026-02-25
18765,1379,3124.3,16.95,2026-02-25
19391,1429,3608.1,17.29,2026-02-25
19420,1431,3759.0,18.44,2026-02-25
20190,1489,1796.8,11.55,2026-02-25
20229,1490,2350.2,18.11,2026-02-25
20388,344,3815.7,23.7,2026-02-25
120,12,2901.1,19.88,2026-02-26
167,15,1403.3,10.98,2026-02-26
365,25,5774.9,28.71,2026-02-26
1644,128,1580.5,12.76,2026-02-26
1692,133,2871.1,20.4,2026-02-26
2189,175,4435.3,29.69,2026-02-26
2351,185,2646.8,20.36,2026-02-26
2477,194,1087.1,10.61,2026-02-26
3224,239,3275.9,15.52,2026-02-26
3686,278,2553.4,29.45,2026-02-26
3789,285,1378.9,10.07,2026-02-26
4146,310,3572.0,24.53,2026-02-26
4202,317,3074.5,17.57,2026-02-26
4418,338,4951.0,23.01,2026-02-26
4513,345,2395.9,11.39,2026-02-26
5969,459,4045.4,24.43,2026-02-26
9056,692,2949.3,19.29,2026-02-26
9377,711,1471.6,8.62,2026-02-26
9543,722,3373.9,20.65,2026-02-26
10428,784,2104.5,9.67,2026-02-26
10972,821,2385.8,16.71,2026-02-26
11030,826,5403.6,37.72,2026-02-26
11100,833,4100.9,26.45,2026-02-26
11676,876,5314.7,25.49,2026-02-26
11703,879,3882.7,22.76,2026-02-26
11731,879,2703.5,15.19,2026-02-26
12593,942,2010.0,12.98,2026-02-26
12974,971,2067.4,13.54,2026-02-26
14308,1072,8605.7,53.4,2026-02-26
14910,1113,5175.8,31.59,2026-02-26
15475,1152,5864.4,33.32,2026-02-26
15565,1157,1261.3,7.7,2026-02-26
16122,1192,2691.4,24.69,2026-02-26
17467,1284,1421.2,8.78,2026-02-26
17584,1295,3899.1,24.54,2026-02-26
17966,1321,1556.4,10.9,2026-02-26
17982,1322,1753.0,11.08,2026-02-26
19773,1458,1103.2,8.45,2026-02-26
19780,1458,3535.6,30.8,2026-02-26
20168,1488,2606.2,13.78,2026-02-26
695,59,469.8,3.62,2026-02-27
1295,103,1912.5,11.48,2026-02-27
1774,140,1825.9,11.08,2026-02-27
1877,148,1305.4,10.85,2026-02-27
2164,174,3760.2,20.08,2026-02-27
2633,205,3561.7,20.73,2026-02-27
3435,254,4908.1,26.9,2026-02-27
4729,362,4794.5,27.62,2026-02-27
5301,411,4133.8,22.44,2026-02-27
5461,424,2414.9,13.67,2026-02-27
7511,575,4343.1,23.1,2026-02-27
7682,587,1353.2,13.47,2026-02-27
7857,601,3143.3,19.95,2026-02-27
7940,607,2429.2,17.49,2026-02-27
8001,611,6752.5,31.71,2026-02-27
8231,630,5013.5,23.86,2026-02-27
9054,692,1869.0,11.15,2026-02-27
9199,701,4941.8,30.02,2026-02-27
10374,781,5737.9,29.71,2026-02-27
10499,788,2517.5,19.03,2026-02-27
10508,789,3270.2,26.9,2026-02-27
11007,822,3043.8,23.75,2026-02-27
11591,871,2483.4,16.81,2026-02-27
12152,911,2498.8,16.99,2026-02-27
12186,913,1539.0,10.78,2026-02-27
12683,949,1686.4,15.0,2026-02-27
12889,965,3824.2,19.67,2026-02-27
13629,1021,1721.6,10.57,2026-02-27
14212,1067,1681.1,15.78,2026-02-27
14299,1072,3938.9,20.24,2026-02-27
14668,1096,1380.8,10.46,2026-02-27
15357,1141,1505.5,9.66,2026-02-27
15477,1152,3193.4,14.16,2026-02-27
15868,1169,1957.7,10.62,2026-02-27
16054,1187,4161.7,27.17,2026-02-27
16488,1218,3414.2,14.22,2026-02-27
16792,1245,4209.6,31.53,2026-02-27
17125,1263,2768.8,14.5,2026-02-27
17307,1273,2283.1,11.39,2026-02-27
18428,1353,1958.5,15.63,2026-02-27
18888,1393,835.1,9.22,2026-02-27
19096,1407,1164.2,6.83,2026-02-27
19272,1419,3358.9,18.86,2026-02-27
19310,1423,2613.3,18.57,2026-02-27
19464,1434,2383.3,15.58,2026-02-27
20402,1393,835.1,9.22,2026-02-27
491,39,4078.9,32.18,2026-02-28
531,43,4254.5,35.09,2026-02-28
715,62,761.2,6.14,2026-02-28
1053,85,1415.5,11.6,2026-02-28
1090,89,832.3,5.85,2026-02-28
1419,111,991.4,10.89,2026-02-28
1497,118,1773.5,12.99,2026-02-28
1583,122,2847.9,19.4,2026-02-28
1596,124,2042.8,13.97,2026-02-28
1626,126,2440.7,16.29,2026-02-28
2290,182,2493.1,16.35,2026-02-28
2318,184,2196.6,16.65,2026-02-28
2410,189,2555.2,15.16,2026-02-28
2488,195,865.3,9.03,2026-02-28
2750,213,5894.4,36.72,2026-02-28
2824,217,4093.6,21.51,2026-02-28
2963,227,5535.7,25.42,2026-02-28
3489,259,3594.4,26.57,2026-02-28
3830,290,1778.8,9.39,2026-02-28
3897,291,3210.9,17.99,2026-02-28
4889,375,1304.2,8.35,2026-02-28
5171,401,2973.5,16.43,2026-02-28
5690,436,2190.5,10.99,2026-02-28
5920,456,2706.3,17.36,2026-02-28
6178,476,2362.8,16.84,2026-02-28
6194,477,5449.3,27.06,2026-02-28
6322,491,2259.1,12.55,2026-02-28
6521,505,1202.4,10.64,2026-02-28
7026,540,3796.0,23.3,2026-02-28
7296,558,1118.8,7.37,2026-02-28
7659,585,1242.2,8.5,2026-02-28
8344,642,3200.8,17.57,2026-02-28
8402,645,2327.1,12.27,2026-02-28
8588,660,1709.6,18.87,2026-02-28
8848,681,6075.1,31.78,2026-02-28
9342,709,2718.1,13.71,2026-02-28
9424,714,2414.8,9.03,2026-02-28
9779,741,1262.0,14.98,2026-02-28
9833,745,1453.9,9.07,2026-02-28
10022,761,4308.9,20.29,2026-02-28
10721,802,4210.0,24.59,2026-02-28
10757,807,2037.1,14.39,2026-02-28
10828,812,2610.2,18.84,2026-02-28
10859,813,2490.0,19.31,2026-02-28
10911,817,1949.0,12.63,2026-02-28
11028,825,1420.7,7.38,2026-02-28
11248,847,2705.5,12.8,2026-02-28
12996,972,4170.3,41.33,2026-02-28
13331,997,1508.3,12.92,2026-02-28
13384,1000,1654.1,9.19,2026-02-28
13483,1009,8141.0,41.82,2026-02-28
13577,1016,4301.9,39.77,2026-02-28
13792,1032,3792.6,16.04,2026-02-28
15145,1126,2724.8,18.06,2026-02-28
15418,1147,1294.1,10.36,2026-02-28
16074,1188,12472.5,69.85,2026-02-28
16439,1214,2457.7,14.22,2026-02-28
18230,1339,4693.2,30.21,2026-02-28
19062,1404,8778.7,49.83,2026-02-28
19217,1417,2189.1,12.21,2026-02-28
19410,1430,1573.3,12.41,2026-02-28
19437,1432,4032.4,28.71,2026-02-28
19460,1434,4382.6,20.59,2026-02-28
19668,1451,3332.3,21.15,2026-02-28
20017,1474,2361.2,16.06,2026-02-28
485,39,1044.6,17.41,2026-03-01
980,81,2182.4,11.84,2026-03-01
1233,99,1573.6,6.97,2026-03-01
2128,171,2098.7,13.61,2026-03-01
2270,182,1770.8,10.22,2026-03-01
2323,184,4506.9,23.71,2026-03-01
2504,195,1667.6,12.88,2026-03-01
2845,218,5275.3,31.36,2026-03-01
3754,283,1106.7,11.51,2026-03-01
3791,285,2022.3,15.01,2026-03-01
5466,424,2577.1,19.71,2026-03-01
5632,434,2116.0,13.36,2026-03-01
6562,508,3772.4,22.28,2026-03-01
6923,531,7593.8,39.41,2026-03-01
7614,582,1334.6,11.2,2026-03-01
7647,584,4644.8,25.24,2026-03-01
7763,594,7412.9,33.12,2026-03-01
7815,597,4254.1,25.14,2026-03-01
8720,673,2328.7,16.18,2026-03-01
9122,696,7085.4,37.59,2026-03-01
9360,709,1235.4,8.19,2026-03-01
9501,719,5831.9,40.99,2026-03-01
9517,720,1680.1,13.93,2026-03-01
10435,785,1467.5,9.56,2026-03-01
10628,796,2418.8,14.83,2026-03-01
11558,868,2786.1,14.01,2026-03-01
11990,902,716.7,3.85,2026-03-01
12280,919,1816.1,8.88,2026-03-01
12302,920,1716.5,10.28,2026-03-01
12640,945,4260.9,28.25,2026-03-01
13777,1031,2957.1,20.03,2026-03-01
13831,1035,5203.7,35.22,2026-03-01
14090,1057,2857.8,20.24,2026-03-01
14703,1097,871.1,6.6,2026-03-01
15031,1119,973.7,6.83,2026-03-01
15033,1119,4315.3,22.45,2026-03-01
15133,1126,2666.3,19.63,2026-03-01
15527,1154,1610.1,11.31,2026-03-01
16198,1199,9755.8,49.88,2026-03-01
16362,1210,4258.4,31.48,2026-03-01
16660,1232,906.1,8.42,2026-03-01
16991,1257,1533.2,11.64,2026-03-01
17145,1264,3134.8,20.75,2026-03-01
17168,1266,1541.9,7.18,2026-03-01
17422,1283,6377.1,38.49,2026-03-01
17590,1296,2760.5,21.46,2026-03-01
17968,1321,3506.8,21.18,2026-03-01
18012,1326,1690.7,12.19,2026-03-01
18796,1382,2302.9,20.54,2026-03-01
18995,1401,1519.5,12.0,2026-03-01
19017,1402,6660.7,29.02,2026-03-01
19396,1430,8105.3,59.96,2026-03-01
19596,1444,1747.8,9.73,2026-03-01
19667,1451,2595.9,18.2,2026-03-01
19674,1451,1959.1,13.9,2026-03-01
19962,1470,2249.2,17.67,2026-03-01
20000,1472,2012.8,12.69,2026-03-01
163,15,1972.7,10.71,2026-03-02
644,54,1863.4,14.29,2026-03-02
967,80,3658.6,19.76,2026-03-02
1018,82,1660.6,10.72,2026-03-02
1129,93,2550.9,14.94,2026-03-02
1543,120,3150.7,21.66,2026-03-02
1550,121,1427.4,14.08,2026-03-02
1636,127,2148.1,10.58,2026-03-02
1892,148,4272.1,23.66,2026-03-02
2145,172,1525.0,11.91,2026-03-02
2628,203,947.5,8.4,2026-03-02
2719,210,2432.1,10.48,2026-03-02
2740,211,2652.1,11.52,2026-03-02
3026,230,2076.0,12.74,2026-03-02
3514,262,10736.9,43.8,2026-03-02
3527,263,3386.9,21.16,2026-03-02
4093,308,2228.8,19.12,2026-03-02
4268,324,1210.2,9.34,2026-03-02
4329,328,1545.5,10.88,2026-03-02
5100,394,1905.5,9.33,2026-03-02
5522,427,1948.4,12.39,2026-03-02
5533,429,1543.1,16.11,2026-03-02
5880,452,1150.1,9.9,2026-03-02
6707,516,1794.4,11.14,2026-03-02
6882,527,1512.5,13.87,2026-03-02
6890,528,993.6,7.78,2026-03-02
6967,535,8105.3,46.1,2026-03-02
8023,612,2317.9,15.84,2026-03-02
8514,653,3164.1,22.2,2026-03-02
8933,686,2293.9,11.61,2026-03-02
10021,761,8071.5,40.07,2026-03-02
11005,822,1884.2,10.37,2026-03-02
11774,884,3330.6,18.28,2026-03-02
11778,884,3086.1,24.49,2026-03-02
12710,951,3449.8,26.46,2026-03-02
13281,995,1666.8,9.59,2026-03-02
13406,1002,1789.8,16.1,2026-03-02
13835,1035,5807.0,43.92,2026-03-02
14119,1060,2729.3,20.29,2026-03-02
14230,1067,2086.8,14.01,2026-03-02
15110,1125,1502.4,9.68,2026-03-02
15114,1125,2536.5,15.07,2026-03-02
15209,1130,3523.1,27.48,2026-03-02
16024,1181,5823.4,28.92,2026-03-02
16540,1224,1066.9,5.86,2026-03-02
16628,1229,1019.1,11.97,2026-03-02
16767,1243,3900.6,19.98,2026-03-02
17421,1283,3930.0,18.1,2026-03-02
17705,1304,1845.2,9.78,2026-03-02
17852,1314,3190.9,21.01,2026-03-02
18007,1325,4646.0,26.55,2026-03-02
18641,1368,1775.6,12.46,2026-03-02
18779,1381,1586.4,12.08,2026-03-02
19518,1438,3995.7,31.94,2026-03-02
19890,1467,3300.8,17.52,2026-03-02
20269,1495,2067.1,17.71,2026-03-02
20320,1499,1384.8,12.55,2026-03-02
20348,1060,2729.3,20.29,2026-03-02
20424,127,2148.1,10.58,2026-03-02
39,5,2173.8,14.79,2026-03-03
1076,88,1883.4,10.02,2026-03-03
1119,91,4064.9,24.93,2026-03-03
2226,178,3670.3,25.42,2026-03-03
2482,195,4191.5,25.11,2026-03-03
2516,196,4058.4,20.76,2026-03-03
2637,205,3562.8,27.6,2026-03-03
2868,221,6119.2,30.03,2026-03-03
3772,284,2887.9,19.01,2026-03-03
3826,289,1330.3,7.94,2026-03-03
4673,358,1236.5,9.61,2026-03-03
4925,378,2472.6,23.07,2026-03-03
5142,399,1706.6,10.13,2026-03-03
5246,407,2244.1,14.96,2026-03-03
5455,424,4186.9,27.06,2026-03-03
5746,443,4477.3,29.72,2026-03-03
6079,469,5062.1,35.53,2026-03-03
6195,477,4108.9,15.88,2026-03-03
6217,480,1397.4,9.02,2026-03-03
6451,500,3607.9,28.36,2026-03-03
6484,503,7453.2,49.88,2026-03-03
6867,526,2695.1,19.18,2026-03-03
7039,541,4011.2,21.62,2026-03-03
7323,560,1028.7,10.37,2026-03-03
7428,568,1635.5,13.81,2026-03-03
7559,579,1686.7,14.22,2026-03-03
8086,617,3343.2,18.59,2026-03-03
8088,617,1626.8,14.37,2026-03-03
8888,683,2043.4,12.07,2026-03-03
9048,692,2316.4,16.15,2026-03-03
9084,693,3111.1,19.3,2026-03-03
9609,727,2144.9,20.65,2026-03-03
10109,767,2744.8,17.41,2026-03-03
10497,788,1895.4,16.52,2026-03-03
10655,799,7570.0,50.35,2026-03-03
10788,807,2191.9,15.83,2026-03-03
10975,821,7299.9,50.06,2026-03-03
11378,855,2625.4,21.77,2026-03-03
11551,868,3048.1,22.01,2026-03-03
13002,973,2115.8,12.5,2026-03-03
13061,978,6199.6,27.56,2026-03-03
13765,1030,1698.3,13.3,2026-03-03
14076,1055,3053.3,22.38,2026-03-03
16286,1204,1411.6,11.7,2026-03-03
16539,1224,1609.9,20.74,2026-03-03
16899,1250,1623.0,13.87,2026-03-03
17283,1272,2248.6,19.76,2026-03-03
17646,1299,4036.2,21.21,2026-03-03
18132,1330,1570.2,9.22,2026-03-03
18240,1341,8885.8,44.09,2026-03-03
18252,1341,3438.5,19.17,2026-03-03
18809,1384,4305.1,22.34,2026-03-03
19425,1431,726.9,9.19,2026-03-03
19485,1436,1132.3,9.52,2026-03-03
19685,1453,1391.1,11.44,2026-03-03
19753,1457,2393.1,13.4,2026-03-03
20157,1488,1997.9,16.08,2026-03-03
20223,1490,4032.2,24.31,2026-03-03
814,69,2489.2,14.98,2026-03-04
1614,125,2903.0,36.9,2026-03-04
2091,166,1775.0,14.73,2026-03-04
3196,238,2957.3,12.95,2026-03-04
3326,245,1089.5,7.12,2026-03-04
3341,245,2677.4,15.22,2026-03-04
3453,255,4542.4,24.04,2026-03-04
3543,264,1179.7,7.34,2026-03-04
3780,284,5824.5,26.3,2026-03-04
3920,294,4333.1,32.74,2026-03-04
4309,328,9895.0,60.61,2026-03-04
4800,370,1854.5,11.5,2026-03-04
5253,408,2421.3,15.4,2026-03-04
5722,442,3204.1,21.56,2026-03-04
6970,535,909.0,8.19,2026-03-04
7047,541,2730.3,19.18,2026-03-04
7634,582,4143.1,21.62,2026-03-04
7779,595,3416.9,18.62,2026-03-04
7866,601,2092.5,13.79,2026-03-04
8520,653,2999.4,17.36,2026-03-04
8878,682,2920.9,16.72,2026-03-04
9827,745,561.1,5.3,2026-03-04
9855,746,8191.6,33.63,2026-03-04
10146,769,2654.3,15.97,2026-03-04
11191,841,2286.7,12.85,2026-03-04
11580,870,1349.7,8.56,2026-03-04
11648,875,1633.8,10.24,2026-03-04
11733,879,5120.4,27.89,2026-03-04
11824,888,3894.2,23.42,2026-03-04
13320,996,1402.8,12.16,2026-03-04
13337,998,3012.9,23.76,2026-03-04
13665,1023,697.3,5.49,2026-03-04
13939,1044,4555.5,19.9,2026-03-04
14492,1083,2113.4,10.84,2026-03-04
15016,1118,4842.6,40.42,2026-03-04
15350,1141,5648.7,25.57,2026-03-04
15536,1155,1858.2,9.55,2026-03-04
16132,1193,3988.9,28.77,2026-03-04
16982,1256,1557.6,9.33,2026-03-04
17884,1316,1151.2,7.6,2026-03-04
18824,1385,3021.8,20.43,2026-03-04
19178,1415,4178.7,20.24,2026-03-04
19680,1453,2604.0,14.11,2026-03-04
20013,1473,1456.4,9.72,2026-03-04
20116,1483,1049.0,8.45,2026-03-04
20156,1487,2444.3,21.1,2026-03-04
1,1,3469.5,23.31,2026-03-05
2050,163,2447.9,17.92,2026-03-05
2076,165,2083.4,15.69,2026-03-05
2486,195,1541.3,12.3,2026-03-05
2620,203,1578.6,8.02,2026-03-05
2626,203,3885.3,21.62,2026-03-05
2684,208,4695.2,28.82,2026-03-05
2831,218,623.0,4.87,2026-03-05
2954,227,4970.5,29.21,2026-03-05
3540,264,3006.0,14.99,2026-03-05
3777,284,2874.2,23.37,2026-03-05
4055,304,2121.1,12.5,2026-03-05
4414,336,2052.7,15.44,2026-03-05
4828,372,1371.3,6.24,2026-03-05
4991,384,4730.7,35.56,2026-03-05
5028,389,5371.4,34.54,2026-03-05
5489,425,1641.7,8.74,2026-03-05
5979,461,2804.1,17.83,2026-03-05
6030,465,6262.1,38.07,2026-03-05
6167,475,4875.5,32.7,2026-03-05
8258,633,1822.2,10.77,2026-03-05
8413,646,2896.8,19.45,2026-03-05
8487,652,2451.5,16.92,2026-03-05
8711,671,2445.0,14.32,2026-03-05
9219,703,1433.3,9.25,2026-03-05
9395,713,5177.0,33.32,2026-03-05
9505,720,1168.5,7.45,2026-03-05
9555,722,1598.3,9.87,2026-03-05
9635,729,1303.9,9.29,2026-03-05
10223,772,3033.2,13.99,2026-03-05
10564,793,1284.8,10.53,2026-03-05
10849,812,4942.5,27.14,2026-03-05
10856,813,4816.5,27.64,2026-03-05
11282,848,2027.8,13.81,2026-03-05
11541,868,2696.4,15.77,2026-03-05
11919,896,3618.8,18.79,2026-03-05
11921,896,5023.6,31.13,2026-03-05
12217,915,2383.8,20.58,2026-03-05
12926,968,2268.5,15.18,2026-03-05
13395,1001,3132.4,21.3,2026-03-05
13708,1025,2447.5,22.32,2026-03-05
13986,1048,2384.2,14.86,2026-03-05
14659,1096,6187.1,30.68,2026-03-05
15081,1124,2900.7,16.09,2026-03-05
15296,1137,4088.0,19.92,2026-03-05
16180,1197,1919.0,13.64,2026-03-05
16251,1202,6799.2,37.12,2026-03-05
16944,1252,653.6,5.86,2026-03-05
17000,1257,2894.1,15.99,2026-03-05
17003,1258,1650.6,10.56,2026-03-05
17456,1284,2772.9,15.51,2026-03-05
17817,1313,956.3,9.03,2026-03-05
18250,1341,2123.1,14.12,2026-03-05
18757,1379,2333.9,17.37,2026-03-05
19193,1416,6528.1,30.63,2026-03-05
19199,1416,5076.1,26.48,2026-03-05
20029,1475,1255.4,8.56,2026-03-05
20203,1490,2670.3,15.71,2026-03-05
20450,1416,5076.1,26.48,2026-03-05
248,20,2397.9,22.24,2026-03-06
651,55,2488.2,11.82,2026-03-06
1213,98,1954.3,13.04,2026-03-06
1378,109,3112.5,35.92,2026-03-06
1383,109,654.4,5.84,2026-03-06
2649,205,3181.0,17.53,2026-03-06
2695,209,1533.8,11.94,2026-03-06
3095,234,3826.4,24.05,2026-03-06
3323,245,2463.0,16.25,2026-03-06
3372,250,3073.9,21.18,2026-03-06
3375,250,990.3,8.9,2026-03-06
3502,261,4202.7,24.25,2026-03-06
5552,429,2219.5,22.68,2026-03-06
5878,452,4915.4,27.84,2026-03-06
7825,597,1593.8,9.27,2026-03-06
7878,601,1939.5,18.74,2026-03-06
8712,672,1914.3,12.78,2026-03-06
8727,673,774.5,5.99,2026-03-06
8749,675,3046.7,21.83,2026-03-06
9074,693,3482.6,28.42,2026-03-06
9705,736,1483.1,10.23,2026-03-06
10000,760,1681.8,11.9,2026-03-06
10043,763,3060.3,19.7,2026-03-06
10691,801,2570.1,16.81,2026-03-06
11502,865,3332.6,23.27,2026-03-06
11607,872,2763.6,17.49,2026-03-06
12357,923,599.7,5.2,2026-03-06
12669,948,1421.9,10.24,2026-03-06
12903,966,2145.4,16.52,2026-03-06
13139,982,2010.4,13.31,2026-03-06
13250,993,2510.2,19.46,2026-03-06
13318,996,2272.7,15.24,2026-03-06
13624,1021,3986.5,21.33,2026-03-06
14062,1055,2324.0,18.78,2026-03-06
15704,1163,4085.6,23.66,2026-03-06
16205,1199,1915.6,8.34,2026-03-06
16221,1200,3947.3,24.73,2026-03-06
16678,1236,4688.7,29.84,2026-03-06
17328,1275,1190.0,11.09,2026-03-06
17404,1282,3636.7,19.66,2026-03-06
17652,1299,3062.1,19.05,2026-03-06
18285,1343,5583.9,35.95,2026-03-06
18296,1344,2600.2,12.83,2026-03-06
18576,1363,1634.0,11.73,2026-03-06
18907,1395,2684.3,17.92,2026-03-06
19630,1448,1889.4,9.53,2026-03-06
19864,1465,2504.1,14.37,2026-03-06
20150,1486,1495.9,11.6,2026-03-06
107,12,4500.4,25.35,2026-03-07
917,75,2952.4,19.36,2026-03-07
1183,96,4072.0,17.43,2026-03-07
1297,104,852.7,7.82,2026-03-07
1854,146,1395.3,8.48,2026-03-07
2560,199,2434.5,13.29,2026-03-07
2910,224,1710.1,13.6,2026-03-07
4425,338,4559.1,27.88,2026-03-07
4963,381,2641.9,16.61,2026-03-07
5921,456,2646.4,18.53,2026-03-07
6086,469,1945.5,9.52,2026-03-07
6920,531,2443.7,14.61,2026-03-07
8807,679,4091.9,26.21,2026-03-07
8811,679,6247.3,37.27,2026-03-07
9112,696,1560.7,9.51,2026-03-07
9262,704,3872.9,25.65,2026-03-07
9495,718,2573.4,13.39,2026-03-07
9713,736,2699.6,14.7,2026-03-07
10027,761,949.6,14.44,2026-03-07
10031,762,3132.2,20.36,2026-03-07
10067,764,1870.6,17.27,2026-03-07
10692,801,2068.8,14.77,2026-03-07
11305,848,2700.4,21.11,2026-03-07
11517,866,2735.8,17.64,2026-03-07
12173,913,3500.9,20.74,2026-03-07
12352,923,3741.8,20.84,2026-03-07
12477,937,1601.6,13.47,2026-03-07
12956,971,2048.0,10.88,2026-03-07
14296,1072,2329.6,15.06,2026-03-07
14665,1096,1055.9,9.17,2026-03-07
14966,1116,1184.5,10.48,2026-03-07
15984,1178,3908.9,22.3,2026-03-07
16610,1228,4965.1,32.29,2026-03-07
18364,1349,1604.5,10.81,2026-03-07
18445,1354,2460.5,21.13,2026-03-07
18793,1382,2964.4,16.83,2026-03-07
19903,1468,2525.9,18.06,2026-03-07
1761,138,2405.2,17.28,2026-03-08
1962,153,1525.2,10.63,2026-03-08
2205,177,1715.0,12.27,2026-03-08
2260,180,2156.4,13.23,2026-03-08
2418,190,3871.1,20.73,2026-03-08
3056,232,2111.9,13.37,2026-03-08
3211,238,2681.4,20.97,2026-03-08
3581,267,2339.5,13.69,2026-03-08
3707,279,4889.2,44.09,2026-03-08
3779,284,1426.8,10.37,2026-03-08
4104,308,2774.7,12.89,2026-03-08
4623,355,2168.6,11.54,2026-03-08
5114,395,1068.9,12.75,2026-03-08
5441,422,2304.6,12.71,2026-03-08
5724,442,3512.7,15.28,2026-03-08
5857,450,4356.8,30.97,2026-03-08
6242,483,1794.1,10.3,2026-03-08
6858,525,1307.1,15.85,2026-03-08
6989,535,2157.6,21.43,2026-03-08
7167,550,1447.0,17.96,2026-03-08
7232,556,2074.3,10.5,2026-03-08
7639,584,3371.2,22.12,2026-03-08
7672,586,1040.4,10.63,2026-03-08
7762,594,1696.3,10.56,2026-03-08
8259,633,3548.4,23.31,2026-03-08
8295,639,4712.7,25.82,2026-03-08
8810,679,2560.3,19.58,2026-03-08
8815,679,4978.2,33.48,2026-03-08
8890,683,1455.4,21.84,2026-03-08
9888,749,289.5,3.89,2026-03-08
10366,781,1181.1,11.76,2026-03-08
10651,799,5178.2,31.18,2026-03-08
10893,815,2117.0,17.46,2026-03-08
11450,861,5310.4,33.81,2026-03-08
11496,865,5037.1,30.03,2026-03-08
11750,882,1127.1,5.99,2026-03-08
11966,900,1505.3,10.35,2026-03-08
12268,918,2614.7,19.28,2026-03-08
12617,944,1783.9,12.66,2026-03-08
12687,949,2316.3,12.42,2026-03-08
12922,967,1791.9,9.14,2026-03-08
14280,1071,3540.2,20.57,2026-03-08
14436,1081,2127.4,17.32,2026-03-08
14955,1116,3399.6,18.07,2026-03-08
15458,1151,2187.7,17.37,2026-03-08
15487,1152,4218.0,26.45,2026-03-08
15887,1170,2078.6,15.54,2026-03-08
15906,1172,992.8,9.08,2026-03-08
16095,1190,2239.5,12.54,2026-03-08
16541,1224,2565.7,15.26,2026-03-08
16657,1232,3255.5,21.68,2026-03-08
17097,1262,4589.4,23.89,2026-03-08
17299,1273,928.2,11.01,2026-03-08
17664,1301,2604.6,15.96,2026-03-08
18088,1328,2734.7,19.92,2026-03-08
18815,1384,2250.8,15.74,2026-03-08
20064,1477,3034.9,14.51,2026-03-08
109,12,3228.3,18.29,2026-03-09
939,77,905.2,6.36,2026-03-09
1185,96,1797.1,12.45,2026-03-09
1307,104,1394.0,12.08,2026-03-09
1574,121,1549.5,12.74,2026-03-09
1833,145,2092.7,16.99,2026-03-09
2805,216,3702.8,20.04,2026-03-09
3327,245,1972.7,14.6,2026-03-09
4691,359,1536.3,7.9,2026-03-09
5113,395,9313.8,48.23,2026-03-09
5170,401,4880.3,23.2,2026-03-09
5233,405,2397.0,15.78,2026-03-09
5404,418,1468.5,8.61,2026-03-09
5537,429,4623.4,29.81,2026-03-09
5611,432,2892.7,18.71,2026-03-09
7172,550,3278.5,18.47,2026-03-09
7234,556,2940.0,17.98,2026-03-09
7401,566,4054.8,24.47,2026-03-09
7404,568,1139.8,6.49,2026-03-09
7561,579,2781.7,18.79,2026-03-09
7615,582,1957.0,12.75,2026-03-09
7902,605,2143.0,14.43,2026-03-09
8773,678,4016.1,23.95,2026-03-09
9202,701,2512.2,15.4,2026-03-09
10128,768,2554.7,15.44,2026-03-09
10147,769,1600.5,15.15,2026-03-09
11381,855,3462.8,21.08,2026-03-09
12160,911,2810.7,20.57,2026-03-09
12162,911,2312.0,18.04,2026-03-09
12226,916,4236.8,21.5,2026-03-09
12786,956,1997.8,13.66,2026-03-09
12850,961,4134.6,24.43,2026-03-09
14444,1081,2038.3,25.47,2026-03-09
15093,1124,2933.7,31.51,2026-03-09
15636,1160,1679.6,9.91,2026-03-09
16534,1223,2331.5,15.63,2026-03-09
17042,1260,5148.9,33.88,2026-03-09
17177,1266,1364.0,16.28,2026-03-09
19031,1403,7255.4,44.38,2026-03-09
19198,1416,2265.3,20.91,2026-03-09
20207,1490,3271.2,26.15,2026-03-09
20277,1495,2382.7,15.91,2026-03-09
20294,1495,2350.5,12.95,2026-03-09
20458,768,2554.7,15.44,2026-03-09
214,19,2231.8,21.98,2026-03-10
987,81,3505.1,19.46,2026-03-10
1861,146,1525.7,8.44,2026-03-10
1901,149,1011.4,8.46,2026-03-10
2149,172,2106.5,11.2,2026-03-10
2445,193,1626.0,10.25,2026-03-10
2454,194,3894.2,22.15,2026-03-10
2759,213,2279.0,12.29,2026-03-10
3328,245,5298.0,35.59,2026-03-10
3387,250,2694.1,13.61,2026-03-10
4029,302,1818.9,15.24,2026-03-10
4279,325,2170.5,12.58,2026-03-10
5596,431,3840.0,26.95,2026-03-10
6522,505,1544.5,12.26,2026-03-10
6566,508,3350.4,25.91,2026-03-10
6772,519,1337.2,8.85,2026-03-10
7367,562,4817.7,21.23,2026-03-10
7412,568,2270.6,13.0,2026-03-10
7742,593,1005.4,8.29,2026-03-10
7793,595,1558.2,11.61,2026-03-10
8025,612,3646.1,20.93,2026-03-10
8899,683,3645.9,26.48,2026-03-10
9291,706,1293.3,8.68,2026-03-10
9331,709,3215.9,16.63,2026-03-10
9427,714,4079.2,18.43,2026-03-10
9490,718,9505.9,46.93,2026-03-10
10273,775,6639.2,47.65,2026-03-10
11424,858,3861.4,28.36,2026-03-10
12218,915,2716.4,13.71,2026-03-10
13059,978,3704.3,24.51,2026-03-10
13391,1001,3938.7,19.88,2026-03-10
14095,1057,2593.0,13.73,2026-03-10
14598,1091,1402.8,15.34,2026-03-10
14948,1115,1760.0,11.47,2026-03-10
14989,1117,6990.2,40.79,2026-03-10
15319,1139,1321.1,8.4,2026-03-10
15830,1168,3559.7,20.71,2026-03-10
15889,1170,2543.1,16.9,2026-03-10
16614,1228,1700.0,11.54,2026-03-10
16736,1240,2928.8,20.41,2026-03-10
16880,1249,4168.8,40.46,2026-03-10
18482,1355,4051.4,27.08,2026-03-10
19634,1449,2443.8,14.37,2026-03-10
90,11,960.8,7.1,2026-03-11
714,62,1741.1,8.81,2026-03-11
822,69,2658.9,15.39,2026-03-11
1038,84,5431.5,37.33,2026-03-11
1075,88,8020.1,42.73,2026-03-11
1230,99,2975.0,18.93,2026-03-11
1795,144,3180.1,16.77,2026-03-11
2383,188,2234.9,16.6,2026-03-11
2440,191,2085.8,16.03,2026-03-11
2557,199,1589.2,6.91,2026-03-11
2828,218,2543.5,13.68,2026-03-11
3088,233,2769.4,13.62,2026-03-11
3126,236,1303.2,7.79,2026-03-11
4281,325,1635.2,17.22,2026-03-11
4885,375,1927.6,9.96,2026-03-11
5467,424,2255.2,12.28,2026-03-11
5482,425,3395.9,18.88,2026-03-11
5573,430,2942.4,16.8,2026-03-11
5591,431,2201.6,14.75,2026-03-11
6132,473,9070.6,40.65,2026-03-11
6396,497,1878.8,12.77,2026-03-11
6456,501,647.2,5.11,2026-03-11
6582,509,2641.0,16.16,2026-03-11
6905,530,2155.9,11.03,2026-03-11
7164,550,3258.8,19.62,2026-03-11
8021,612,2328.9,16.52,2026-03-11
8252,633,2182.7,13.22,2026-03-11
8667,669,3151.8,21.6,2026-03-11
8971,688,3643.5,27.5,2026-03-11
9073,693,3256.6,20.62,2026-03-11
9280,705,2910.3,22.47,2026-03-11
9389,713,1402.2,9.07,2026-03-11
9396,713,2037.0,10.66,2026-03-11
9531,721,2689.0,15.99,2026-03-11
9874,748,3021.9,19.76,2026-03-11
9953,755,2834.1,16.41,2026-03-11
10297,777,3812.5,24.58,2026-03-11
10417,784,3561.4,23.73,2026-03-11
11224,845,4814.2,24.06,2026-03-11
11314,849,2907.8,19.22,2026-03-11
11421,857,3759.8,20.39,2026-03-11
11534,868,3762.4,19.43,2026-03-11
12373,925,1854.1,13.43,2026-03-11
13750,1029,6400.8,35.17,2026-03-11
13914,1042,2383.8,17.72,2026-03-11
16495,1218,3538.1,17.59,2026-03-11
17617,1297,1710.8,9.71,2026-03-11
18017,1326,2484.3,17.07,2026-03-11
18379,1349,3691.5,22.7,2026-03-11
18571,1363,2399.4,17.35,2026-03-11
19078,1406,3253.3,16.17,2026-03-11
19128,1413,3144.2,14.38,2026-03-11
19567,1441,2853.4,19.39,2026-03-11
19804,1460,1305.4,18.69,2026-03-11
19904,1468,2986.9,21.27,2026-03-11
653,55,2241.0,17.43,2026-03-12
1052,85,2336.3,19.98,2026-03-12
1916,151,1845.7,14.3,2026-03-12
1973,156,2748.5,14.98,2026-03-12
2967,228,1156.9,8.19,2026-03-12
3311,244,3651.4,16.29,2026-03-12
3461,256,1764.9,19.34,2026-03-12
3834,290,3268.9,32.36,2026-03-12
4350,330,871.9,12.56,2026-03-12
4434,339,2415.6,12.13,2026-03-12
4737,363,2247.4,18.3,2026-03-12
4938,379,3331.4,23.46,2026-03-12
5206,403,4592.9,22.22,2026-03-12
5227,405,1020.5,16.3,2026-03-12
5278,410,1494.5,12.1,2026-03-12
6155,474,2546.5,16.83,2026-03-12
6643,513,5643.9,23.86,2026-03-12
7257,557,3478.7,25.12,2026-03-12
7791,595,1611.0,10.54,2026-03-12
8244,632,561.0,6.41,2026-03-12
8983,689,3071.1,16.71,2026-03-12
8993,690,6637.4,42.11,2026-03-12
9029,691,5755.1,28.82,2026-03-12
9269,705,2697.3,20.95,2026-03-12
9629,729,4552.6,24.1,2026-03-12
9759,738,2384.2,20.43,2026-03-12
10052,763,2898.0,15.99,2026-03-12
10162,770,5311.8,26.29,2026-03-12
10336,780,2203.7,15.58,2026-03-12
10593,794,1377.9,12.37,2026-03-12
11081,831,1603.6,8.68,2026-03-12
11329,850,1533.6,7.76,2026-03-12
11585,871,1745.1,8.03,2026-03-12
12761,954,3683.1,21.55,2026-03-12
12857,962,1416.7,11.56,2026-03-12
13602,1019,2371.8,15.75,2026-03-12
14332,1073,2848.6,11.87,2026-03-12
16036,1182,3173.1,20.58,2026-03-12
16620,1228,2148.1,19.85,2026-03-12
16656,1232,3385.6,23.8,2026-03-12
16794,1245,1454.4,9.46,2026-03-12
17384,1279,1250.7,7.25,2026-03-12
17756,1309,3134.5,20.39,2026-03-12
19177,1415,3194.0,25.61,2026-03-12
19222,1417,2805.2,13.68,2026-03-12
19404,1430,3949.7,30.68,2026-03-12
19579,1443,3297.3,17.16,2026-03-12
20019,1474,3282.4,19.73,2026-03-12
227,19,3118.1,16.29,2026-03-13
298,23,1914.6,9.94,2026-03-13
380,27,1370.7,9.36,2026-03-13
652,55,1397.9,11.2,2026-03-13
727,63,4023.9,19.17,2026-03-13
2262,180,1106.2,11.47,2026-03-13
2266,181,3720.3,23.75,2026-03-13
2654,205,4317.2,22.89,2026-03-13
3159,237,2524.6,13.77,2026-03-13
3248,241,4090.0,26.29,2026-03-13
3371,250,2517.7,21.29,2026-03-13
3708,279,1600.1,18.45,2026-03-13
4239,320,939.7,6.68,2026-03-13
4275,325,2430.5,18.48,2026-03-13
4333,329,639.8,8.47,2026-03-13
4667,358,5995.0,33.76,2026-03-13
4712,360,836.3,11.02,2026-03-13
4765,366,1968.4,16.17,2026-03-13
4989,384,3504.4,25.06,2026-03-13
5243,406,2826.2,12.43,2026-03-13
5272,410,1990.6,12.77,2026-03-13
5283,411,2172.8,14.55,2026-03-13
5415,420,3020.5,14.44,2026-03-13
5913,455,6208.8,29.46,2026-03-13
6139,473,897.7,6.27,2026-03-13
6325,491,933.3,4.87,2026-03-13
6341,492,2857.0,22.52,2026-03-13
6885,527,3161.4,18.87,2026-03-13
7208,554,1889.0,11.59,2026-03-13
7265,557,7112.1,31.66,2026-03-13
7279,558,1386.4,15.68,2026-03-13
8005,611,5882.7,32.23,2026-03-13
8554,658,3349.9,14.5,2026-03-13
8682,669,2083.9,11.88,2026-03-13
9119,696,3570.2,25.12,2026-03-13
9765,739,2121.8,13.75,2026-03-13
10086,766,6865.5,50.25,2026-03-13
11546,868,1191.9,7.89,2026-03-13
11803,887,2452.9,16.58,2026-03-13
12086,906,3786.3,23.81,2026-03-13
12112,908,2179.8,12.71,2026-03-13
12917,967,2513.9,14.78,2026-03-13
13433,1004,2082.3,12.0,2026-03-13
13450,1005,1322.3,7.68,2026-03-13
13502,1010,2046.8,13.25,2026-03-13
13571,1015,3665.8,16.69,2026-03-13
14305,1072,4408.4,21.05,2026-03-13
14796,1106,4217.6,32.76,2026-03-13
15330,1140,2706.0,17.49,2026-03-13
15782,1166,3670.3,28.14,2026-03-13
16235,1200,2055.1,12.07,2026-03-13
16238,1200,4035.8,29.97,2026-03-13
16353,1210,2338.4,19.03,2026-03-13
16524,1223,4186.0,27.3,2026-03-13
16854,1248,5118.8,34.51,2026-03-13
17486,1289,3184.2,19.1,2026-03-13
17539,1293,1422.4,10.69,2026-03-13
17601,1296,1387.1,9.63,2026-03-13
17989,1323,3502.1,27.66,2026-03-13
17998,1324,1159.7,7.11,2026-03-13
18308,1345,2179.2,13.9,2026-03-13
18483,1355,1341.8,10.6,2026-03-13
19702,1453,3573.4,22.67,2026-03-13
20256,1494,2352.2,12.76,2026-03-13
20371,473,897.7,6.27,2026-03-13
20464,1015,3665.8,16.69,2026-03-13
23,4,3635.0,18.95,2026-03-14
325,24,4697.4,30.88,2026-03-14
349,25,1040.8,10.33,2026-03-14
538,43,5687.6,36.98,2026-03-14
610,50,2524.1,11.39,2026-03-14
1264,102,2264.8,15.05,2026-03-14
1982,156,2278.3,12.93,2026-03-14
3005,229,3065.0,17.74,2026-03-14
4282,325,6002.6,29.55,2026-03-14
4316,328,1828.1,10.69,2026-03-14
4569,350,1009.5,10.5,2026-03-14
4611,354,2323.0,15.67,2026-03-14
5682,436,2271.1,20.13,2026-03-14
5928,456,4664.8,23.88,2026-03-14
6025,465,2547.1,12.56,2026-03-14
6659,514,1640.1,10.0,2026-03-14
6694,515,3003.9,16.25,2026-03-14
7210,555,2480.7,12.07,2026-03-14
7245,556,3956.5,21.43,2026-03-14
7568,579,1500.7,11.51,2026-03-14
8689,670,3934.1,19.22,2026-03-14
8851,681,11464.3,50.61,2026-03-14
9633,729,2425.0,16.96,2026-03-14
10200,771,2015.5,13.34,2026-03-14
10715,802,1253.8,9.77,2026-03-14
11871,890,2422.9,12.75,2026-03-14
11958,899,5791.9,22.53,2026-03-14
12354,923,1537.5,10.73,2026-03-14
12491,938,2071.0,18.99,2026-03-14
12938,970,2347.8,12.35,2026-03-14
13126,981,1233.4,11.31,2026-03-14
13562,1015,2975.7,14.76,2026-03-14
15944,1175,1514.3,8.55,2026-03-14
16226,1200,2955.0,20.85,2026-03-14
16721,1239,1840.6,13.38,2026-03-14
16934,1252,2199.6,10.96,2026-03-14
17119,1263,2849.7,17.78,2026-03-14
17921,1320,1955.2,9.82,2026-03-14
17995,1323,2501.9,13.33,2026-03-14
18036,1327,2382.4,17.96,2026-03-14
19120,1412,1970.2,13.83,2026-03-14
19799,1460,3220.0,19.57,2026-03-14
19961,1470,1124.3,10.9,2026-03-14
20118,1483,1364.5,13.77,2026-03-14
20389,899,5791.9,22.53,2026-03-14
20454,556,3956.5,21.43,2026-03-14
703,60,1323.6,8.97,2026-03-15
779,67,5139.2,32.02,2026-03-15
1438,113,3301.3,22.37,2026-03-15
1708,133,5045.8,23.18,2026-03-15
2044,163,1046.3,5.76,2026-03-15
2946,227,1121.6,8.98,2026-03-15
3089,233,3540.5,18.31,2026-03-15
3091,233,5450.6,34.08,2026-03-15
3236,240,3465.3,15.52,2026-03-15
3374,250,1331.2,10.81,2026-03-15
3376,250,4059.2,26.31,2026-03-15
3817,288,6455.7,29.07,2026-03-15
3839,290,1727.2,8.8,2026-03-15
4232,319,2600.7,10.18,2026-03-15
4593,352,1679.4,12.75,2026-03-15
4719,361,3368.9,18.73,2026-03-15
4826,372,2067.6,16.56,2026-03-15
5280,410,2269.7,14.02,2026-03-15
5464,424,3664.6,18.37,2026-03-15
5894,453,1440.8,7.33,2026-03-15
6018,464,3802.6,34.58,2026-03-15
6528,505,2077.6,14.87,2026-03-15
6540,506,1628.0,11.6,2026-03-15
6875,527,2104.0,9.97,2026-03-15
6894,529,1795.9,12.26,2026-03-15
6907,531,4640.4,29.08,2026-03-15
7063,543,1494.1,8.05,2026-03-15
7094,545,3433.1,24.25,2026-03-15
8435,647,2523.2,16.37,2026-03-15
9133,696,1513.6,12.04,2026-03-15
9795,742,2091.2,23.67,2026-03-15
10679,800,3737.3,20.26,2026-03-15
10764,807,2609.9,19.55,2026-03-15
11166,839,3132.7,22.31,2026-03-15
11415,857,1844.1,9.17,2026-03-15
13025,974,2632.4,15.31,2026-03-15
13156,984,2351.0,15.38,2026-03-15
13385,1000,1601.4,7.56,2026-03-15
13717,1027,2689.6,18.92,2026-03-15
13722,1027,1632.8,13.84,2026-03-15
13811,1034,1663.5,14.54,2026-03-15
14705,1097,3077.2,18.44,2026-03-15
14745,1100,2704.0,13.07,2026-03-15
15857,1169,3037.0,21.8,2026-03-15
16401,1212,3096.5,22.78,2026-03-15
16623,1229,954.5,6.7,2026-03-15
17581,1295,2187.8,12.06,2026-03-15
17809,1313,1498.7,9.26,2026-03-15
17938,1320,1383.7,7.94,2026-03-15
18123,1330,2777.2,21.92,2026-03-15
18892,1393,4544.9,34.21,2026-03-15
19074,1405,2130.2,18.16,2026-03-15
19282,1420,2529.2,17.24,2026-03-15
19588,1443,3249.1,20.65,2026-03-15
19772,1458,4353.9,24.89,2026-03-15
20008,1473,1180.1,9.33,2026-03-15
1571,121,1719.0,10.91,2026-03-16
1687,132,5797.5,25.4,2026-03-16
3255,241,1712.0,10.75,2026-03-16
3424,253,1123.5,14.21,2026-03-16
3436,254,804.1,9.12,2026-03-16
3971,298,1684.9,8.53,2026-03-16
4210,317,4745.0,32.08,2026-03-16
4357,330,1534.2,12.47,2026-03-16
4653,357,2745.3,24.23,2026-03-16
4773,367,1670.1,10.77,2026-03-16
4893,375,823.4,4.48,2026-03-16
5222,404,1442.8,7.1,2026-03-16
5664,436,3649.2,19.62,2026-03-16
5707,439,2694.3,17.74,2026-03-16
5940,459,1689.6,12.58,2026-03-16
6550,507,1499.9,14.56,2026-03-16
7741,592,1794.6,19.75,2026-03-16
8090,617,2694.5,13.65,2026-03-16
8285,638,2433.0,12.02,2026-03-16
8377,644,1260.5,6.93,2026-03-16
8646,666,2172.8,14.14,2026-03-16
9234,703,3116.9,16.84,2026-03-16
9770,740,3042.5,21.63,2026-03-16
9824,743,809.5,5.07,2026-03-16
9841,746,4011.7,23.13,2026-03-16
9895,749,2134.5,10.97,2026-03-16
10163,770,4355.3,28.49,2026-03-16
10260,774,2966.3,20.78,2026-03-16
10617,796,3229.2,23.37,2026-03-16
10955,820,3094.6,17.05,2026-03-16
11939,898,3558.2,15.33,2026-03-16
12578,941,6462.2,31.37,2026-03-16
12690,949,3348.7,19.97,2026-03-16
13784,1031,2608.7,26.76,2026-03-16
13795,1033,2460.0,14.68,2026-03-16
13853,1036,3613.3,31.14,2026-03-16
14202,1066,2928.2,13.45,2026-03-16
14317,1073,4029.8,23.54,2026-03-16
14488,1083,4745.0,26.71,2026-03-16
14560,1090,4449.1,24.02,2026-03-16
14951,1115,1324.2,14.36,2026-03-16
14964,1116,1145.7,12.31,2026-03-16
15068,1122,3450.9,19.18,2026-03-16
15076,1123,1754.2,10.24,2026-03-16
15398,1144,3068.7,21.98,2026-03-16
15714,1164,2503.2,14.18,2026-03-16
17041,1260,2064.9,15.33,2026-03-16
17059,1260,2176.2,19.7,2026-03-16
17765,1310,601.3,4.73,2026-03-16
18018,1326,1990.3,10.49,2026-03-16
18601,1365,1871.0,16.51,2026-03-16
18714,1376,2354.2,17.77,2026-03-16
20379,1073,4029.8,23.54,2026-03-16
55,7,3245.0,24.16,2026-03-17
979,81,2498.5,14.23,2026-03-17
1358,108,999.6,5.18,2026-03-17
2001,159,3295.8,24.24,2026-03-17
2427,190,3963.1,25.99,2026-03-17
2479,195,2337.9,11.22,2026-03-17
2524,198,3384.5,21.76,2026-03-17
2812,216,3690.4,27.11,2026-03-17
3269,242,2977.9,16.85,2026-03-17
3660,276,2169.0,11.19,2026-03-17
3853,290,1577.7,12.1,2026-03-17
4213,317,2891.1,19.45,2026-03-17
5521,427,3705.5,17.23,2026-03-17
6074,469,1451.6,8.44,2026-03-17
6597,509,5032.9,33.13,2026-03-17
7154,549,2154.7,14.62,2026-03-17
8184,626,2001.3,17.7,2026-03-17
8335,640,4481.2,23.63,2026-03-17
8410,646,3156.6,24.59,2026-03-17
8522,653,2407.9,16.07,2026-03-17
8844,681,1173.6,6.86,2026-03-17
9091,693,3037.5,14.14,2026-03-17
9355,709,1798.0,13.17,2026-03-17
9681,735,1669.7,10.75,2026-03-17
10134,769,1471.8,11.68,2026-03-17
10306,777,2064.7,14.16,2026-03-17
11501,865,1334.6,7.63,2026-03-17
11681,876,1418.1,7.7,2026-03-17
12897,965,4545.8,29.63,2026-03-17
13546,1015,6963.2,50.64,2026-03-17
13589,1016,2902.1,23.69,2026-03-17
14575,1090,5019.3,26.7,2026-03-17
14748,1100,1516.5,13.42,2026-03-17
14821,1107,1166.9,8.72,2026-03-17
16556,1225,1667.9,9.99,2026-03-17
16759,1242,1935.5,10.48,2026-03-17
16953,1254,2783.5,18.77,2026-03-17
17605,1297,1030.3,8.1,2026-03-17
18992,1401,1446.6,14.56,2026-03-17
19676,1451,3223.3,21.01,2026-03-17
19725,1454,1541.3,10.58,2026-03-17
19778,1458,1535.3,11.73,2026-03-17
20069,1477,2046.5,11.93,2026-03-17
20210,1490,1687.1,12.4,2026-03-17
1932,152,2363.7,11.24,2026-03-18
2249,179,1286.9,8.17,2026-03-18
2855,220,2331.8,14.63,2026-03-18
3169,237,1843.9,11.54,2026-03-18
3343,245,3249.3,17.71,2026-03-18
3434,254,1134.6,8.56,2026-03-18
4060,304,5048.6,29.9,2026-03-18
4125,309,3244.8,18.94,2026-03-18
4139,309,1663.9,9.3,2026-03-18
4508,344,1664.7,16.99,2026-03-18
4594,352,1664.9,19.09,2026-03-18
4606,353,1881.6,12.81,2026-03-18
4950,379,2629.1,11.56,2026-03-18
5058,391,8821.5,56.55,2026-03-18
6747,519,1987.7,19.73,2026-03-18
6847,523,6871.4,33.06,2026-03-18
6978,535,3769.2,20.42,2026-03-18
7216,555,4876.3,29.71,2026-03-18
7653,584,2671.3,16.22,2026-03-18
8974,688,5054.9,37.46,2026-03-18
9018,691,5107.5,24.77,2026-03-18
9037,691,2650.0,14.12,2026-03-18
9893,749,1471.2,17.36,2026-03-18
10204,771,4676.2,40.7,2026-03-18
10397,782,3924.6,23.67,2026-03-18
10574,793,2271.3,17.45,2026-03-18
10908,817,1207.6,9.58,2026-03-18
11668,876,4557.4,19.1,2026-03-18
12066,906,1371.1,12.26,2026-03-18
12825,959,6596.4,37.91,2026-03-18
13595,1018,2894.1,23.58,2026-03-18
14713,1098,3043.2,20.73,2026-03-18
15489,1152,3882.7,29.99,2026-03-18
15516,1153,1710.4,14.95,2026-03-18
15821,1168,3276.1,20.13,2026-03-18
16200,1199,2968.3,20.45,2026-03-18
16822,1246,2867.2,13.01,2026-03-18
16902,1250,1314.0,8.86,2026-03-18
16965,1255,2013.0,16.65,2026-03-18
17468,1285,1081.1,7.73,2026-03-18
17533,1292,2798.2,13.39,2026-03-18
19073,1405,4381.8,27.82,2026-03-18
19126,1413,5532.7,30.47,2026-03-18
19822,1461,2964.7,17.73,2026-03-18
20144,1486,2369.9,20.77,2026-03-18
95,12,2777.7,22.63,2026-03-19
429,34,1163.7,7.68,2026-03-19
977,81,655.5,6.35,2026-03-19
2039,162,1535.3,14.02,2026-03-19
2304,184,1547.8,6.7,2026-03-19
2754,213,2271.9,14.61,2026-03-19
3529,263,6264.2,31.67,2026-03-19
4208,317,3215.5,20.25,2026-03-19
4317,328,1740.3,12.32,2026-03-19
5310,412,2206.7,16.03,2026-03-19
6289,487,6197.1,27.7,2026-03-19
6445,500,3839.4,22.05,2026-03-19
6656,514,1568.0,10.71,2026-03-19
7048,541,1377.7,11.69,2026-03-19
7197,553,1193.3,11.11,2026-03-19
8139,621,1944.0,15.8,2026-03-19
8312,639,5559.7,36.07,2026-03-19
8423,647,903.3,12.38,2026-03-19
8484,652,6004.3,40.64,2026-03-19
9156,699,2684.1,17.95,2026-03-19
9462,716,3684.1,20.92,2026-03-19
10213,771,4766.7,28.47,2026-03-19
10468,787,2828.5,16.09,2026-03-19
11207,842,2850.8,14.3,2026-03-19
11839,888,3019.4,17.48,2026-03-19
12237,916,1888.0,11.99,2026-03-19
12374,925,3958.5,28.82,2026-03-19
12530,939,4760.8,31.15,2026-03-19
12787,956,3097.7,16.26,2026-03-19
12854,962,2770.0,19.17,2026-03-19
13057,977,4380.7,28.82,2026-03-19
13125,981,2278.5,11.02,2026-03-19
13594,1018,2558.4,23.92,2026-03-19
13840,1035,2939.0,19.16,2026-03-19
14112,1060,8704.6,48.51,2026-03-19
14384,1077,3224.5,23.57,2026-03-19
14559,1090,4978.4,31.83,2026-03-19
14770,1103,1980.0,10.9,2026-03-19
15074,1123,3510.3,24.83,2026-03-19
15378,1143,3512.9,21.75,2026-03-19
15774,1166,1628.6,8.63,2026-03-19
15781,1166,2164.4,17.9,2026-03-19
16153,1195,2093.4,15.87,2026-03-19
16217,1200,1456.0,6.51,2026-03-19
16336,1209,2001.5,13.65,2026-03-19
16386,1212,4026.2,30.36,2026-03-19
17794,1311,2891.6,18.59,2026-03-19
17824,1313,2046.4,19.24,2026-03-19
18150,1332,7862.0,46.86,2026-03-19
18233,1339,1994.4,17.25,2026-03-19
18298,1344,12410.0,67.47,2026-03-19
18490,1356,2437.1,16.35,2026-03-19
18918,1396,1475.4,10.18,2026-03-19
18948,1398,5448.1,44.25,2026-03-19
19807,1460,2962.1,20.62,2026-03-19
20173,1488,3087.2,17.05,2026-03-19
706,60,6852.2,36.43,2026-03-20
1041,84,2502.2,13.61,2026-03-20
1913,150,2078.4,9.97,2026-03-20
4543,347,1710.4,13.82,2026-03-20
4549,347,1431.0,10.81,2026-03-20
4895,376,1326.5,14.64,2026-03-20
4983,384,6922.8,33.02,2026-03-20
5445,423,2170.4,15.07,2026-03-20
6160,474,2899.0,18.32,2026-03-20
7867,601,2935.9,14.17,2026-03-20
8075,616,3255.8,19.87,2026-03-20
8140,622,890.2,11.51,2026-03-20
8250,633,1340.7,10.7,2026-03-20
8430,647,776.5,6.59,2026-03-20
8587,660,2410.3,13.12,2026-03-20
9221,703,5165.8,34.34,2026-03-20
9244,704,2228.9,15.1,2026-03-20
9981,758,3198.9,21.16,2026-03-20
10225,772,1177.8,8.43,2026-03-20
10437,785,1726.0,8.77,2026-03-20
10549,792,928.2,9.3,2026-03-20
10824,811,772.5,6.59,2026-03-20
11261,847,3348.8,24.08,2026-03-20
11487,864,6542.2,41.33,2026-03-20
12016,903,3681.7,26.91,2026-03-20
12124,910,3420.4,15.74,2026-03-20
12519,939,1140.5,14.96,2026-03-20
12536,940,6551.5,40.45,2026-03-20
12663,946,1806.8,18.24,2026-03-20
14003,1050,1810.3,11.9,2026-03-20
14397,1078,1818.1,9.99,2026-03-20
14751,1100,4378.9,26.48,2026-03-20
14804,1107,2302.1,12.42,2026-03-20
15358,1142,4005.7,24.79,2026-03-20
16281,1204,3399.2,22.8,2026-03-20
16933,1252,3971.1,19.91,2026-03-20
17106,1262,1627.3,11.02,2026-03-20
17219,1270,1617.9,11.99,2026-03-20
17278,1272,3097.0,17.47,2026-03-20
17621,1297,2164.1,20.17,2026-03-20
17804,1312,2459.0,18.98,2026-03-20
17889,1316,4334.4,21.18,2026-03-20
18913,1396,5642.6,33.96,2026-03-20
19611,1448,5660.7,35.63,2026-03-20
19936,1468,2162.7,15.07,2026-03-20
20081,1478,9719.5,49.98,2026-03-20
20262,1494,4024.8,23.5,2026-03-20
20303,1497,2123.8,12.4,2026-03-20
428,33,2528.4,19.09,2026-03-21
515,42,3143.4,18.44,2026-03-21
614,50,1423.1,8.73,2026-03-21
774,66,2487.7,18.28,2026-03-21
964,80,1700.5,16.1,2026-03-21
1278,102,1050.4,8.74,2026-03-21
1475,116,6004.8,39.56,2026-03-21
1980,156,1108.7,6.9,2026-03-21
2003,160,1834.8,10.69,2026-03-21
2070,165,2920.4,15.23,2026-03-21
2359,185,3833.4,27.34,2026-03-21
2807,216,2700.6,15.64,2026-03-21
3249,241,1069.3,14.22,2026-03-21
5145,399,3184.6,22.12,2026-03-21
5663,435,1503.2,17.08,2026-03-21
5689,436,4913.6,30.12,2026-03-21
5812,448,2565.8,17.5,2026-03-21
6108,471,3151.1,23.73,2026-03-21
7158,549,1445.6,8.9,2026-03-21
7359,562,2022.5,13.47,2026-03-21
8153,622,5116.6,27.06,2026-03-21
8723,673,1584.4,7.46,2026-03-21
8887,683,2102.4,17.58,2026-03-21
9352,709,1690.9,11.64,2026-03-21
9477,716,2506.3,16.08,2026-03-21
9752,738,2819.6,16.06,2026-03-21
10253,773,5795.3,31.16,2026-03-21
10358,780,3993.8,21.81,2026-03-21
10650,798,3931.9,25.4,2026-03-21
11326,850,3632.5,24.13,2026-03-21
11330,850,5273.5,26.84,2026-03-21
11370,853,3104.0,19.4,2026-03-21
11396,855,1585.2,9.83,2026-03-21
11621,874,1708.8,11.44,2026-03-21
11696,879,2512.4,17.61,2026-03-21
11806,887,3497.5,17.67,2026-03-21
11847,888,2560.1,20.38,2026-03-21
12326,920,2309.3,20.1,2026-03-21
12771,954,2747.0,16.45,2026-03-21
13423,1004,5461.1,34.41,2026-03-21
13472,1007,1284.5,6.92,2026-03-21
14115,1060,2555.7,15.47,2026-03-21
14343,1074,1576.4,9.84,2026-03-21
15441,1150,2212.6,18.47,2026-03-21
15832,1168,1471.9,14.39,2026-03-21
16052,1186,2442.1,13.29,2026-03-21
16127,1192,1823.8,11.12,2026-03-21
16234,1200,5318.4,34.11,2026-03-21
16904,1250,3222.1,17.82,2026-03-21
17336,1275,2446.2,17.61,2026-03-21
17654,1299,4575.6,24.85,2026-03-21
18750,1378,2008.1,16.58,2026-03-21
19296,1422,1018.9,11.39,2026-03-21
20319,1499,7599.6,34.83,2026-03-21
1227,99,4779.0,21.39,2026-03-22
1314,105,2411.0,11.61,2026-03-22
1418,111,1361.0,12.36,2026-03-22
1572,121,11577.5,49.12,2026-03-22
2343,185,4998.9,24.37,2026-03-22
2656,205,1777.1,9.27,2026-03-22
3272,242,1946.9,8.63,2026-03-22
4891,375,3116.0,18.75,2026-03-22
5609,432,2404.3,11.6,2026-03-22
6263,486,1171.3,10.11,2026-03-22
6384,497,2257.5,16.3,2026-03-22
6878,527,5555.8,28.4,2026-03-22
6903,530,2549.8,12.11,2026-03-22
7017,539,3981.9,25.35,2026-03-22
7440,569,2312.5,11.83,2026-03-22
7978,609,3731.8,23.81,2026-03-22
8049,614,2338.3,11.07,2026-03-22
8388,645,780.5,5.46,2026-03-22
8507,653,2133.5,15.2,2026-03-22
8975,688,2449.7,19.42,2026-03-22
9078,693,1526.0,11.33,2026-03-22
10233,773,3673.1,28.95,2026-03-22
10696,801,867.9,5.65,2026-03-22
10979,822,1974.2,14.11,2026-03-22
11102,833,1891.4,13.7,2026-03-22
11240,846,2071.4,18.4,2026-03-22
13299,996,639.1,6.75,2026-03-22
13324,996,3995.6,25.02,2026-03-22
14470,1082,3389.2,29.43,2026-03-22
14513,1085,1916.4,10.62,2026-03-22
14734,1100,2904.9,22.44,2026-03-22
14943,1114,1901.8,17.94,2026-03-22
15643,1160,2999.2,21.83,2026-03-22
15689,1163,2379.2,12.16,2026-03-22
15737,1164,3233.1,22.65,2026-03-22
15798,1167,1596.8,8.33,2026-03-22
15979,1178,4608.9,27.09,2026-03-22
16098,1191,4269.2,30.8,2026-03-22
16960,1254,2352.8,14.35,2026-03-22
17296,1273,3605.8,33.58,2026-03-22
17752,1309,1312.2,7.95,2026-03-22
17988,1323,920.1,5.71,2026-03-22
17999,1324,3845.1,20.88,2026-03-22
18008,1325,2457.0,22.84,2026-03-22
18046,1327,4070.6,25.0,2026-03-22
18958,1398,2167.3,12.44,2026-03-22
19063,1404,5241.3,27.17,2026-03-22
603,49,2203.7,25.76,2026-03-23
764,65,1621.7,10.79,2026-03-23
1219,98,6017.6,37.82,2026-03-23
1315,105,3152.2,20.22,2026-03-23
1825,145,1507.8,11.1,2026-03-23
2199,177,2321.9,14.93,2026-03-23
2333,185,2548.2,14.55,2026-03-23
2523,197,1810.8,11.4,2026-03-23
3120,236,2577.8,19.21,2026-03-23
3290,244,3778.4,20.24,2026-03-23
4399,335,2719.8,15.79,2026-03-23
4763,366,1764.3,11.65,2026-03-23
4789,369,2720.8,13.67,2026-03-23
5016,389,6478.7,33.61,2026-03-23
5890,453,2905.2,22.97,2026-03-23
6480,503,2213.6,20.66,2026-03-23
6615,512,2513.5,13.95,2026-03-23
6824,522,5941.6,31.4,2026-03-23
6958,534,1426.4,10.61,2026-03-23
7205,554,5253.8,22.11,2026-03-23
7617,582,1568.7,8.88,2026-03-23
8064,615,3119.7,18.45,2026-03-23
9786,741,2494.8,13.44,2026-03-23
10349,780,5617.7,49.06,2026-03-23
10776,807,2628.9,18.92,2026-03-23
11015,824,2746.7,19.41,2026-03-23
11721,879,3422.3,27.78,2026-03-23
11766,883,1773.5,13.54,2026-03-23
13745,1028,3721.6,22.49,2026-03-23
13924,1042,1772.1,14.24,2026-03-23
14311,1072,2048.9,10.86,2026-03-23
16817,1246,2699.1,17.38,2026-03-23
17031,1259,1343.0,8.58,2026-03-23
17250,1271,5865.7,30.53,2026-03-23
17371,1277,1495.9,13.91,2026-03-23
18051,1327,1220.0,7.89,2026-03-23
18840,1387,0.0,0.0,2026-03-23
19717,1454,2386.0,12.16,2026-03-23
20112,1482,2790.4,18.38,2026-03-23
20352,236,2577.8,19.21,2026-03-23
9,1,2024.7,12.21,2026-03-24
76,10,2232.1,15.27,2026-03-24
851,72,1550.4,13.31,2026-03-24
1743,138,1721.6,8.96,2026-03-24
2433,190,3928.6,28.54,2026-03-24
4032,302,5454.3,38.41,2026-03-24
4219,318,2863.0,29.68,2026-03-24
4280,325,2032.6,14.72,2026-03-24
4527,346,3302.4,40.54,2026-03-24
4621,354,5371.6,23.8,2026-03-24
4762,366,628.4,9.8,2026-03-24
4897,376,2227.6,12.82,2026-03-24
5764,444,1729.8,19.7,2026-03-24
5869,451,3306.0,21.08,2026-03-24
5873,451,2639.5,14.16,2026-03-24
6287,487,2995.9,21.04,2026-03-24
6366,494,4550.5,23.03,2026-03-24
7594,581,4697.5,31.26,2026-03-24
8000,610,4188.1,21.89,2026-03-24
8273,637,1120.7,12.8,2026-03-24
8386,645,1337.9,12.61,2026-03-24
8568,660,5515.7,22.02,2026-03-24
9415,714,1305.4,11.04,2026-03-24
10024,761,4131.5,34.14,2026-03-24
10194,771,4138.5,25.14,2026-03-24
10288,775,4570.8,31.1,2026-03-24
10656,799,2788.4,15.42,2026-03-24
11564,870,1015.0,10.95,2026-03-24
11884,892,2257.6,10.88,2026-03-24
11982,902,5300.5,37.04,2026-03-24
12802,958,2614.0,19.12,2026-03-24
12814,959,3532.2,21.75,2026-03-24
13512,1011,2123.3,15.32,2026-03-24
14060,1055,4517.9,22.24,2026-03-24
15104,1125,2048.1,15.22,2026-03-24
15401,1144,2629.3,15.61,2026-03-24
16778,1244,1792.9,10.51,2026-03-24
17458,1284,1368.5,10.22,2026-03-24
18159,1332,2588.6,19.83,2026-03-24
18202,1334,3461.8,19.87,2026-03-24
18239,1341,3477.1,23.43,2026-03-24
18378,1349,2582.3,14.98,2026-03-24
19933,1468,6991.8,37.82,2026-03-24
465,36,6258.2,42.6,2026-03-25
1040,84,2612.9,15.98,2026-03-25
1136,93,3996.0,29.4,2026-03-25
1553,121,4162.7,28.29,2026-03-25
1736,138,1598.8,10.71,2026-03-25
2275,182,2179.1,15.19,2026-03-25
4531,346,3411.2,19.72,2026-03-25
4576,351,3165.7,19.91,2026-03-25
4858,374,1758.2,11.18,2026-03-25
5924,456,3334.8,21.68,2026-03-25
6553,507,2201.6,15.88,2026-03-25
6759,519,3404.7,18.5,2026-03-25
7024,540,2877.2,25.25,2026-03-25
7860,601,3412.7,19.12,2026-03-25
8701,671,3963.3,21.81,2026-03-25
10463,787,3040.3,15.1,2026-03-25
10842,812,4497.4,25.99,2026-03-25
11809,887,3614.8,27.05,2026-03-25
12744,952,1544.0,13.25,2026-03-25
12766,954,3432.3,18.45,2026-03-25
12782,956,4584.6,25.36,2026-03-25
12907,966,3367.7,17.14,2026-03-25
13212,989,1975.4,12.72,2026-03-25
13254,993,3063.7,13.06,2026-03-25
13524,1013,6088.1,37.4,2026-03-25
14283,1071,6163.3,28.96,2026-03-25
14547,1089,2630.1,18.89,2026-03-25
15131,1125,2141.8,16.67,2026-03-25
15154,1126,2585.8,21.59,2026-03-25
16213,1199,3124.3,22.28,2026-03-25
16789,1245,3440.4,20.56,2026-03-25
17171,1266,1518.9,9.28,2026-03-25
18350,1347,2022.5,12.97,2026-03-25
19405,1430,1983.4,9.63,2026-03-25
20011,1473,4203.8,21.17,2026-03-25
287,21,7502.0,31.02,2026-03-26
1298,104,1021.7,9.29,2026-03-26
1350,107,1526.1,13.79,2026-03-26
1762,138,2653.7,15.28,2026-03-26
2583,201,694.5,6.06,2026-03-26
2724,211,4627.6,28.31,2026-03-26
3414,252,1343.7,6.27,2026-03-26
4163,312,1875.2,11.85,2026-03-26
4424,338,2487.9,15.19,2026-03-26
5532,429,1814.2,12.96,2026-03-26
5834,448,1242.3,7.85,2026-03-26
6243,484,4044.4,25.86,2026-03-26
6401,497,3844.3,25.6,2026-03-26
6951,533,2290.3,24.85,2026-03-26
6998,537,1970.2,17.8,2026-03-26
7298,558,3856.7,21.75,2026-03-26
7336,560,4193.9,28.2,2026-03-26
9307,708,5060.7,28.5,2026-03-26
9851,746,2579.8,15.23,2026-03-26
10127,768,1478.0,9.64,2026-03-26
10312,778,3588.7,19.39,2026-03-26
10422,784,2101.7,14.44,2026-03-26
10714,802,3857.8,24.97,2026-03-26
11672,876,5499.8,28.8,2026-03-26
13386,1000,1705.8,24.68,2026-03-26
13426,1004,2773.2,17.67,2026-03-26
14025,1050,3977.9,24.85,2026-03-26
14161,1063,3054.6,26.1,2026-03-26
14985,1117,2307.6,18.92,2026-03-26
15013,1118,1581.9,8.41,2026-03-26
15199,1130,3352.9,16.97,2026-03-26
16174,1197,1501.2,9.19,2026-03-26
16246,1201,2983.1,25.99,2026-03-26
16387,1212,2341.6,16.71,2026-03-26
16828,1247,2671.3,29.02,2026-03-26
17433,1283,2356.0,31.88,2026-03-26
18981,1400,2163.4,18.27,2026-03-26
19633,1449,4770.4,34.57,2026-03-26
20062,1477,4487.1,28.26,2026-03-26
20340,746,2579.8,15.23,2026-03-26
31,5,1180.3,11.64,2026-03-27
411,30,2810.6,16.11,2026-03-27
534,43,2010.4,14.71,2026-03-27
1976,156,2806.5,17.04,2026-03-27
2000,159,1103.0,8.36,2026-03-27
3312,244,3635.5,18.78,2026-03-27
4291,326,3003.3,21.04,2026-03-27
4842,372,711.8,4.51,2026-03-27
5025,389,2588.6,20.68,2026-03-27
5387,418,3051.5,14.29,2026-03-27
5563,429,2771.1,22.4,2026-03-27
5649,434,4524.5,26.75,2026-03-27
5803,447,1680.7,10.75,2026-03-27
5976,461,3007.6,17.54,2026-03-27
6224,481,3877.8,26.62,2026-03-27
7249,557,3379.6,17.79,2026-03-27
7684,587,2066.9,12.0,2026-03-27
8074,616,4498.6,20.84,2026-03-27
8797,679,4076.2,24.54,2026-03-27
9465,716,2227.2,13.79,2026-03-27
9616,728,1395.8,8.53,2026-03-27
9822,743,3472.5,23.88,2026-03-27
9996,760,2173.2,17.52,2026-03-27
10281,775,1715.7,15.67,2026-03-27
10627,796,4207.7,17.79,2026-03-27
11830,888,2298.5,21.31,2026-03-27
11983,902,3161.1,30.44,2026-03-27
12462,934,2427.9,16.94,2026-03-27
13184,986,2265.1,13.27,2026-03-27
13823,1035,2628.5,16.79,2026-03-27
14185,1065,13183.3,56.41,2026-03-27
14217,1067,1095.7,6.58,2026-03-27
15142,1126,2468.1,13.26,2026-03-27
15414,1146,2200.8,17.21,2026-03-27
15455,1151,1177.3,9.07,2026-03-27
15736,1164,1398.0,8.42,2026-03-27
15921,1172,2753.7,23.55,2026-03-27
16328,1208,1338.5,14.52,2026-03-27
16696,1237,3180.9,33.56,2026-03-27
16964,1255,952.1,6.6,2026-03-27
17028,1259,4983.6,29.95,2026-03-27
18099,1329,1993.0,10.3,2026-03-27
19440,1433,3768.5,23.41,2026-03-27
20426,43,2010.4,14.71,2026-03-27
350,25,1444.6,12.97,2026-03-28
1702,133,2203.3,12.44,2026-03-28
2211,178,2386.7,13.75,2026-03-28
2269,182,2304.1,11.39,2026-03-28
2920,226,1177.1,5.97,2026-03-28
3018,230,1823.8,11.52,2026-03-28
3899,292,1409.1,13.14,2026-03-28
4120,309,1241.7,7.73,2026-03-28
4266,324,3940.5,18.48,2026-03-28
4912,377,3417.9,14.26,2026-03-28
6363,494,1361.0,10.33,2026-03-28
7037,541,3214.2,18.82,2026-03-28
8041,614,2947.0,14.46,2026-03-28
8778,678,4153.5,23.88,2026-03-28
9031,691,3023.5,13.84,2026-03-28
9830,745,1257.4,11.96,2026-03-28
9870,748,4659.9,27.66,2026-03-28
10167,770,3745.8,19.79,2026-03-28
10875,814,1217.2,7.1,2026-03-28
11447,861,7226.4,34.46,2026-03-28
11549,868,2167.8,17.97,2026-03-28
11644,875,1401.7,11.42,2026-03-28
12042,904,3081.9,16.92,2026-03-28
12321,920,2198.8,10.86,2026-03-28
12362,923,2138.1,18.75,2026-03-28
13341,998,1287.5,10.23,2026-03-28
13467,1006,3620.9,19.22,2026-03-28
13880,1040,5169.7,29.04,2026-03-28
14405,1078,1669.0,8.15,2026-03-28
14581,1090,1374.9,8.92,2026-03-28
15159,1127,1609.9,16.79,2026-03-28
15227,1131,3432.7,18.57,2026-03-28
15861,1169,2695.5,12.56,2026-03-28
15885,1170,5381.7,27.71,2026-03-28
16402,1212,3572.3,17.76,2026-03-28
17327,1275,4033.1,17.24,2026-03-28
17886,1316,2772.8,19.3,2026-03-28
18218,1337,2531.3,15.55,2026-03-28
18986,1400,1738.3,10.58,2026-03-28
19345,1425,3898.7,28.31,2026-03-28
19504,1437,4300.8,32.54,2026-03-28
19535,1439,2113.3,10.09,2026-03-28
19759,1458,3952.9,31.38,2026-03-28
19893,1467,3981.5,20.9,2026-03-28
19898,1467,3050.7,19.01,2026-03-28
19925,1468,3503.0,16.07,2026-03-28
20185,1489,5779.7,33.25,2026-03-28
20432,678,4153.5,23.88,2026-03-28
369,25,1821.1,11.58,2026-03-29
1430,113,1624.3,10.64,2026-03-29
2394,188,1691.9,8.64,2026-03-29
2423,190,4066.8,30.85,2026-03-29
2776,214,5663.0,33.79,2026-03-29
2876,221,2341.6,13.54,2026-03-29
2944,227,4993.5,20.6,2026-03-29
3821,288,4231.2,24.97,2026-03-29
4095,308,4491.3,25.47,2026-03-29
4630,355,3711.6,22.35,2026-03-29
6468,501,1611.4,10.58,2026-03-29
6599,510,1256.3,13.39,2026-03-29
7341,561,3749.4,19.49,2026-03-29
7893,603,2083.9,16.35,2026-03-29
8193,626,1783.5,16.21,2026-03-29
8547,656,2405.2,13.8,2026-03-29
8859,681,4026.1,27.24,2026-03-29
8868,682,3493.4,32.76,2026-03-29
9076,693,1999.0,14.85,2026-03-29
9126,696,2067.3,12.42,2026-03-29
9708,736,1940.5,13.85,2026-03-29
10010,761,2920.1,20.46,2026-03-29
10285,775,7934.6,42.49,2026-03-29
10659,799,3789.0,17.05,2026-03-29
10665,799,2742.9,18.12,2026-03-29
12005,903,5319.0,30.85,2026-03-29
12609,943,1168.5,8.69,2026-03-29
12764,954,825.9,9.17,2026-03-29
13978,1047,2012.4,12.7,2026-03-29
14687,1096,1696.5,12.99,2026-03-29
14931,1113,2842.3,15.64,2026-03-29
15262,1134,3952.2,27.6,2026-03-29
15287,1137,2468.8,15.4,2026-03-29
15576,1157,3527.1,17.18,2026-03-29
16319,1206,1458.2,16.82,2026-03-29
16466,1217,2889.1,15.89,2026-03-29
16643,1230,1850.2,14.45,2026-03-29
16945,1253,1647.3,9.88,2026-03-29
17275,1272,1835.8,13.63,2026-03-29
17390,1280,4313.4,26.2,2026-03-29
17600,1296,1705.1,12.64,2026-03-29
18249,1341,2430.1,19.44,2026-03-29
18368,1349,2064.6,16.83,2026-03-29
19505,1437,2623.3,15.39,2026-03-29
19830,1462,5812.6,30.38,2026-03-29
19878,1467,779.9,6.48,2026-03-29
20309,1498,679.5,6.8,2026-03-29
236,20,3302.5,36.7,2026-03-30
1024,83,1594.2,10.52,2026-03-30
1607,125,1600.0,8.41,2026-03-30
1759,138,3465.9,24.86,2026-03-30
1921,151,5529.8,37.92,2026-03-30
2153,172,1597.4,15.95,2026-03-30
2236,179,3647.4,18.16,2026-03-30
3182,238,2530.4,18.12,2026-03-30
4783,369,2170.8,17.36,2026-03-30
5181,401,6097.2,45.74,2026-03-30
5257,408,5414.7,29.52,2026-03-30
5699,438,2550.0,12.74,2026-03-30
5709,439,2623.1,13.77,2026-03-30
5904,454,3798.3,22.66,2026-03-30
5905,454,1589.4,10.98,2026-03-30
6213,480,3476.1,18.06,2026-03-30
6379,496,2513.9,13.99,2026-03-30
6855,524,1222.6,9.38,2026-03-30
8057,615,2431.1,18.86,2026-03-30
8559,659,3263.7,21.42,2026-03-30
9287,705,6063.2,37.95,2026-03-30
9373,711,3519.0,26.86,2026-03-30
9660,732,3822.1,27.01,2026-03-30
10646,798,2469.0,25.11,2026-03-30
11104,834,2808.0,17.51,2026-03-30
11263,847,5871.4,36.55,2026-03-30
12550,940,1752.9,17.6,2026-03-30
13551,1015,3222.2,17.97,2026-03-30
14352,1075,5683.3,25.83,2026-03-30
16064,1187,2730.4,14.62,2026-03-30
17136,1263,1855.4,12.66,2026-03-30
17379,1279,2903.4,17.23,2026-03-30
17531,1292,3415.2,14.81,2026-03-30
17711,1305,4087.5,25.63,2026-03-30
18137,1330,2805.0,21.37,2026-03-30
18522,1358,1630.6,9.27,2026-03-30
19984,1471,2082.4,13.92,2026-03-30
20093,1478,2773.8,16.51,2026-03-30
535,43,2685.9,17.04,2026-03-31
668,57,1545.8,10.91,2026-03-31
1435,113,2656.7,14.07,2026-03-31
2133,172,2842.6,16.86,2026-03-31
2267,181,4997.8,27.89,2026-03-31
2527,198,3942.4,29.45,2026-03-31
2794,214,2476.3,18.41,2026-03-31
4137,309,2016.4,11.14,2026-03-31
4753,365,1083.5,6.87,2026-03-31
5089,392,3297.4,20.88,2026-03-31
5420,420,3668.3,34.36,2026-03-31
5432,422,1544.1,12.41,2026-03-31
5462,424,3623.9,21.8,2026-03-31
6247,484,4817.7,25.76,2026-03-31
6428,499,1673.6,8.5,2026-03-31
6610,510,1033.6,7.95,2026-03-31
6874,527,3662.3,23.98,2026-03-31
7025,540,1978.4,10.26,2026-03-31
7090,544,1637.3,12.22,2026-03-31
7319,559,2730.3,17.93,2026-03-31
7413,568,3252.6,17.43,2026-03-31
7692,588,1058.2,6.99,2026-03-31
8022,612,2959.2,16.37,2026-03-31
8108,617,2449.2,21.79,2026-03-31
8432,647,3155.3,24.09,2026-03-31
8935,686,3975.5,22.46,2026-03-31
9661,732,7916.3,40.07,2026-03-31
10166,770,1479.2,9.82,2026-03-31
10625,796,3853.5,29.98,2026-03-31
12205,915,2370.6,14.75,2026-03-31
12307,920,1471.5,7.89,2026-03-31
12800,958,3560.7,21.08,2026-03-31
12941,970,2695.3,23.06,2026-03-31
13348,998,6412.0,44.52,2026-03-31
13663,1022,2745.0,17.32,2026-03-31
14184,1065,4970.9,39.34,2026-03-31
14312,1072,5317.4,27.54,2026-03-31
15206,1130,2413.1,11.24,2026-03-31
15479,1152,2952.8,27.43,2026-03-31
15667,1161,4267.6,23.58,2026-03-31
15746,1165,3628.2,21.62,2026-03-31
15758,1165,5340.8,29.2,2026-03-31
16304,1205,2376.9,15.23,2026-03-31
16814,1246,1606.6,11.1,2026-03-31
17232,1270,4743.8,26.1,2026-03-31
17684,1304,2307.6,16.24,2026-03-31
18593,1365,2723.5,19.05,2026-03-31
18599,1365,3267.8,18.39,2026-03-31
18666,1371,4128.6,26.87,2026-03-31
18718,1376,2786.4,15.78,2026-03-31
19102,1409,1761.8,12.02,2026-03-31
19571,1442,2883.6,17.0,2026-03-31
19701,1453,1692.7,15.33,2026-03-31
20089,1478,3398.6,21.24,2026-03-31
20218,1490,3372.2,29.36,2026-03-31
20375,568,3252.6,17.43,2026-03-31
1153,94,0.0,0.0,2026-04-01
1619,125,1793.3,12.62,2026-04-01
2481,195,2193.1,17.01,2026-04-01
3882,291,2531.1,14.55,2026-04-01
4211,317,2377.0,14.81,2026-04-01
4926,379,1050.9,10.22,2026-04-01
5713,440,6776.8,38.45,2026-04-01
6352,493,1658.6,11.25,2026-04-01
7119,547,1333.4,10.78,2026-04-01
8436,647,4257.2,27.66,2026-04-01
9200,701,2547.4,13.35,2026-04-01
9512,720,2299.7,15.5,2026-04-01
9911,751,2796.3,14.56,2026-04-01
10401,782,3142.8,16.44,2026-04-01
11321,850,2326.1,17.36,2026-04-01
11407,855,1277.4,7.06,2026-04-01
12137,910,2480.4,15.26,2026-04-01
13048,977,1990.0,12.66,2026-04-01
13069,978,2075.9,15.21,2026-04-01
13405,1002,2656.6,14.65,2026-04-01
14193,1065,2129.9,12.98,2026-04-01
14614,1092,2446.7,15.44,2026-04-01
15283,1137,774.7,5.41,2026-04-01
15373,1142,3200.9,21.46,2026-04-01
15649,1160,3014.7,16.01,2026-04-01
17587,1295,1944.8,12.4,2026-04-01
17806,1312,3014.5,28.77,2026-04-01
18394,1350,5254.3,32.57,2026-04-01
18830,1387,2888.0,22.54,2026-04-01
19286,1420,1219.0,8.55,2026-04-01
19370,1426,2927.8,18.57,2026-04-01
19462,1434,1403.3,7.75,2026-04-01
19675,1451,2812.9,21.21,2026-04-01
447,36,5278.4,25.6,2026-04-02
1102,90,7459.6,44.65,2026-04-02
1600,124,2035.4,12.28,2026-04-02
2273,182,1516.4,13.23,2026-04-02
2414,190,2772.6,17.23,2026-04-02
2696,209,4875.1,27.31,2026-04-02
2815,216,3930.6,27.02,2026-04-02
3054,232,2617.2,21.24,2026-04-02
3702,279,3606.1,22.9,2026-04-02
3753,283,2347.8,11.42,2026-04-02
4132,309,2934.0,16.86,2026-04-02
5412,419,2260.1,14.43,2026-04-02
5564,430,6697.4,35.05,2026-04-02
5615,432,2831.9,18.46,2026-04-02
6312,490,2188.4,12.91,2026-04-02
6817,522,4372.9,23.29,2026-04-02
6873,527,4054.3,24.96,2026-04-02
7931,607,7604.6,41.3,2026-04-02
8856,681,2442.5,15.13,2026-04-02
9691,736,1758.3,15.16,2026-04-02
10001,760,2763.8,15.37,2026-04-02
10657,799,3549.4,16.6,2026-04-02
11000,822,2065.4,13.18,2026-04-02
11118,835,2527.2,14.23,2026-04-02
11555,868,1060.3,6.91,2026-04-02
11974,900,2133.8,12.23,2026-04-02
12285,919,5107.9,31.87,2026-04-02
12876,965,4459.8,27.0,2026-04-02
13637,1021,1399.7,13.59,2026-04-02
13798,1033,5662.9,32.88,2026-04-02
14511,1085,1861.6,13.66,2026-04-02
14774,1103,4268.6,26.0,2026-04-02
14904,1113,4905.6,34.26,2026-04-02
15112,1125,4150.7,22.6,2026-04-02
15699,1163,4872.0,36.79,2026-04-02
15732,1164,2184.3,14.94,2026-04-02
15915,1172,3596.0,21.67,2026-04-02
16972,1255,3830.8,26.19,2026-04-02
17347,1276,3444.8,24.37,2026-04-02
17682,1304,5812.4,32.25,2026-04-02
18134,1330,1197.7,9.87,2026-04-02
19809,1460,2470.0,15.84,2026-04-02
19913,1468,3669.1,18.59,2026-04-02
19976,1471,1138.6,7.83,2026-04-02
20235,1493,1291.1,6.59,2026-04-02
196,18,2335.4,21.98,2026-04-03
952,79,1219.4,11.03,2026-04-03
1585,123,1345.2,8.7,2026-04-03
1688,132,4035.2,19.99,2026-04-03
2551,199,3562.0,24.83,2026-04-03
3736,281,5273.3,33.12,2026-04-03
4398,335,3417.6,18.83,2026-04-03
4458,341,4483.5,27.99,2026-04-03
4471,343,5818.7,31.97,2026-04-03
4853,372,3898.6,22.92,2026-04-03
5214,403,2621.7,19.3,2026-04-03
6798,522,2236.8,15.08,2026-04-03
7183,551,4617.3,25.01,2026-04-03
7231,556,2521.0,19.22,2026-04-03
8059,615,989.1,11.27,2026-04-03
8242,632,1643.3,8.61,2026-04-03
8381,645,2365.1,23.79,2026-04-03
9237,703,3893.7,20.34,2026-04-03
9838,746,2697.8,23.16,2026-04-03
10307,777,1290.2,9.5,2026-04-03
10541,791,1478.1,8.7,2026-04-03
10588,794,3101.2,17.1,2026-04-03
10693,801,1765.7,12.13,2026-04-03
10737,803,996.0,8.15,2026-04-03
10841,812,1823.7,14.67,2026-04-03
10991,822,3794.4,23.52,2026-04-03
11148,838,6667.8,31.07,2026-04-03
11345,852,2950.7,13.21,2026-04-03
12121,909,3985.4,23.19,2026-04-03
12430,930,2002.5,15.82,2026-04-03
13670,1023,1382.5,9.27,2026-04-03
13872,1040,2373.5,15.35,2026-04-03
14000,1049,2129.1,13.73,2026-04-03
14624,1093,4662.9,29.55,2026-04-03
14997,1117,2485.7,20.82,2026-04-03
17061,1261,4969.4,41.8,2026-04-03
17474,1287,3352.9,20.39,2026-04-03
17691,1304,2607.9,14.72,2026-04-03
17710,1305,5563.7,36.58,2026-04-03
18115,1329,2590.0,17.38,2026-04-03
18640,1368,3953.8,28.6,2026-04-03
18851,1388,2916.9,11.2,2026-04-03
18871,1393,2199.0,16.36,2026-04-03
20129,1484,2835.7,19.42,2026-04-03
20159,1488,1789.2,16.44,2026-04-03
875,72,3178.6,18.01,2026-04-04
1128,93,3949.5,22.4,2026-04-04
1979,156,918.0,5.48,2026-04-04
2366,186,3297.9,17.05,2026-04-04
3364,249,5118.8,39.25,2026-04-04
3665,276,5191.8,21.38,2026-04-04
4039,303,2381.9,15.46,2026-04-04
4822,372,3116.2,19.59,2026-04-04
4955,380,3051.5,18.74,2026-04-04
5129,398,4892.6,31.87,2026-04-04
6296,488,1052.4,6.91,2026-04-04
7111,546,3098.2,19.64,2026-04-04
7120,547,4548.2,24.16,2026-04-04
7373,563,1649.2,13.73,2026-04-04
7596,581,2106.4,12.35,2026-04-04
7677,587,4619.7,26.9,2026-04-04
7871,601,2100.2,13.4,2026-04-04
9586,724,5219.8,38.62,2026-04-04
9603,726,1977.2,14.11,2026-04-04
9936,753,1859.4,10.47,2026-04-04
11136,838,3269.8,19.9,2026-04-04
12093,906,1862.9,16.06,2026-04-04
13030,974,1555.7,7.93,2026-04-04
13072,978,4700.9,24.98,2026-04-04
13202,988,2455.9,19.95,2026-04-04
14647,1094,2144.4,13.44,2026-04-04
14978,1117,1131.9,12.79,2026-04-04
15042,1120,1784.1,14.91,2026-04-04
15065,1122,1874.0,17.68,2026-04-04
15122,1125,2895.2,21.01,2026-04-04
16554,1225,3580.1,22.95,2026-04-04
16836,1247,1372.0,6.77,2026-04-04
17067,1261,1926.2,12.24,2026-04-04
17247,1271,3630.7,35.84,2026-04-04
18172,1333,4159.6,22.79,2026-04-04
18301,1345,3163.6,20.02,2026-04-04
18516,1358,3122.3,17.7,2026-04-04
18804,1384,2222.1,14.37,2026-04-04
18873,1393,1800.9,12.85,2026-04-04
18902,1395,4105.4,23.79,2026-04-04
19454,1434,2478.0,16.19,2026-04-04
19754,1457,4219.3,24.32,2026-04-04
19760,1458,3291.0,17.66,2026-04-04
339,24,2189.9,14.57,2026-04-05
990,82,2511.3,18.38,2026-04-05
2773,214,4291.5,21.99,2026-04-05
3620,273,1906.4,18.24,2026-04-05
4295,326,4167.7,25.54,2026-04-05
4588,352,10360.8,69.98,2026-04-05
4670,358,1788.5,13.15,2026-04-05
6231,481,2874.9,19.13,2026-04-05
6386,497,2545.1,21.58,2026-04-05
6577,508,2309.0,13.1,2026-04-05
6815,522,3805.3,17.78,2026-04-05
7013,538,3273.5,21.82,2026-04-05
7092,545,3441.4,18.16,2026-04-05
7465,572,3390.4,20.66,2026-04-05
7937,607,2893.7,18.61,2026-04-05
9449,715,2544.4,14.37,2026-04-05
9677,734,2669.7,14.91,2026-04-05
9879,748,866.4,7.14,2026-04-05
10724,802,2657.1,14.91,2026-04-05
10751,806,1790.6,17.68,2026-04-05
10921,817,1178.5,8.94,2026-04-05
12087,906,2729.3,18.05,2026-04-05
12339,922,1364.0,11.12,2026-04-05
12426,929,1409.1,10.31,2026-04-05
12948,971,1596.9,18.17,2026-04-05
12976,971,4267.9,19.68,2026-04-05
13498,1009,2797.9,22.16,2026-04-05
13552,1015,3236.7,22.92,2026-04-05
13606,1019,2513.1,16.6,2026-04-05
13768,1030,2677.0,20.0,2026-04-05
14542,1089,4925.0,25.45,2026-04-05
14543,1089,2780.8,19.57,2026-04-05
14860,1108,4005.5,26.59,2026-04-05
15192,1129,1428.6,10.02,2026-04-05
15371,1142,6181.3,36.54,2026-04-05
16172,1197,2202.8,17.33,2026-04-05
16256,1203,1289.4,10.47,2026-04-05
16355,1210,3403.5,24.43,2026-04-05
16850,1247,3064.5,23.55,2026-04-05
17374,1277,3613.6,18.27,2026-04-05
17575,1295,3141.9,17.35,2026-04-05
18273,1342,1190.1,13.97,2026-04-05
18388,1349,3128.2,20.01,2026-04-05
18661,1370,3341.1,22.04,2026-04-05
19831,1462,6202.9,50.62,2026-04-05
20460,971,4267.9,19.68,2026-04-05
81,10,3865.9,18.28,2026-04-06
671,57,994.9,7.26,2026-04-06
781,67,815.0,9.68,2026-04-06
1035,83,2015.2,10.99,2026-04-06
1391,109,2068.0,18.5,2026-04-06
1961,153,2484.4,14.07,2026-04-06
2009,160,1978.5,9.59,2026-04-06
2130,171,949.1,9.53,2026-04-06
2321,184,6161.9,30.88,2026-04-06
2407,188,4384.2,22.6,2026-04-06
3028,230,2645.0,12.95,2026-04-06
3378,250,1107.8,8.66,2026-04-06
3695,279,2345.0,15.43,2026-04-06
5192,401,993.5,8.67,2026-04-06
5197,402,2026.5,17.14,2026-04-06
5237,406,1883.3,11.48,2026-04-06
5251,407,2235.5,14.83,2026-04-06
5576,430,4978.5,24.38,2026-04-06
6253,485,6891.3,40.51,2026-04-06
6602,510,2612.3,14.08,2026-04-06
6770,519,4123.2,23.29,2026-04-06
7374,564,2390.7,16.4,2026-04-06
8174,625,2643.7,22.16,2026-04-06
8718,672,2954.6,20.95,2026-04-06
8873,682,1728.0,12.56,2026-04-06
9132,696,2685.4,21.25,2026-04-06
9425,714,4028.0,29.52,2026-04-06
9624,728,1430.3,15.14,2026-04-06
9717,736,1614.3,10.57,2026-04-06
9945,753,2579.4,15.16,2026-04-06
10101,766,1872.6,13.72,2026-04-06
10232,773,4211.4,30.76,2026-04-06
10533,791,2444.3,14.59,2026-04-06
11223,844,6386.8,40.39,2026-04-06
11645,875,1969.6,14.39,2026-04-06
12993,972,9297.6,41.42,2026-04-06
13116,981,1867.0,11.96,2026-04-06
13300,996,2835.5,16.06,2026-04-06
14053,1053,2925.4,18.59,2026-04-06
14072,1055,3023.7,16.48,2026-04-06
14583,1090,4378.9,26.18,2026-04-06
14717,1099,2653.2,21.18,2026-04-06
14952,1115,1901.0,14.6,2026-04-06
15026,1119,3295.5,19.25,2026-04-06
15027,1119,3954.9,25.53,2026-04-06
15952,1176,1923.9,13.83,2026-04-06
16137,1193,4569.3,24.85,2026-04-06
16894,1250,2337.4,15.86,2026-04-06
17137,1263,1886.8,12.37,2026-04-06
17203,1268,6494.1,46.56,2026-04-06
17262,1271,2491.7,14.24,2026-04-06
17284,1272,2182.3,13.38,2026-04-06
18413,1352,4842.2,29.46,2026-04-06
18513,1358,2946.4,20.57,2026-04-06
18826,1386,1215.2,14.17,2026-04-06
19284,1420,1168.5,9.13,2026-04-06
165,15,1309.3,8.46,2026-04-07
1487,118,2008.0,10.25,2026-04-07
2037,162,1859.2,15.27,2026-04-07
2835,218,2464.5,25.5,2026-04-07
3198,238,3725.9,24.17,2026-04-07
3922,295,789.5,4.06,2026-04-07
5568,430,5380.2,31.42,2026-04-07
5708,439,2037.1,12.65,2026-04-07
5817,448,3733.8,26.02,2026-04-07
6321,491,1982.3,11.78,2026-04-07
7899,604,2936.1,24.72,2026-04-07
7943,607,2659.8,14.77,2026-04-07
8463,649,1288.6,8.76,2026-04-07
9118,696,6940.8,48.65,2026-04-07
9679,735,1684.4,10.73,2026-04-07
11143,838,4363.4,25.81,2026-04-07
11170,839,3424.5,25.34,2026-04-07
12295,920,4859.1,37.03,2026-04-07
12754,954,3959.8,27.57,2026-04-07
12987,972,7306.0,63.51,2026-04-07
13041,975,5843.6,32.9,2026-04-07
13070,978,4952.6,29.72,2026-04-07
13797,1033,2264.0,10.11,2026-04-07
14070,1055,2091.3,11.31,2026-04-07
14933,1113,4057.6,21.94,2026-04-07
15589,1157,6761.2,42.11,2026-04-07
16462,1217,5883.9,36.16,2026-04-07
17111,1262,1474.1,8.88,2026-04-07
17346,1276,2015.8,12.28,2026-04-07
18204,1334,2348.3,16.88,2026-04-07
18246,1341,4360.3,23.84,2026-04-07
18562,1362,2454.7,19.96,2026-04-07
18598,1365,2923.1,16.69,2026-04-07
18900,1394,5160.6,25.01,2026-04-07
18910,1395,2928.7,27.73,2026-04-07
18924,1396,2543.5,14.88,2026-04-07
19003,1402,2371.5,21.21,2026-04-07
19747,1456,1484.3,11.59,2026-04-07
20441,735,1684.4,10.73,2026-04-07
240,20,2866.7,22.83,2026-04-08
942,77,1885.9,12.93,2026-04-08
1012,82,4587.7,28.43,2026-04-08
1305,104,1213.9,8.07,2026-04-08
2057,164,3329.7,23.67,2026-04-08
2519,197,1804.6,15.86,2026-04-08
2973,228,1474.1,11.77,2026-04-08
3092,234,1396.4,7.95,2026-04-08
4030,302,4305.6,28.67,2026-04-08
4214,318,3332.9,19.1,2026-04-08
4305,327,5207.2,27.22,2026-04-08
4332,329,1692.3,10.89,2026-04-08
4668,358,3678.0,20.08,2026-04-08
5456,424,2665.0,16.43,2026-04-08
5936,458,1547.4,9.62,2026-04-08
6267,486,4730.0,29.76,2026-04-08
6964,535,4333.4,23.73,2026-04-08
7714,591,3402.0,22.6,2026-04-08
7754,593,4132.6,32.46,2026-04-08
8137,621,2706.3,17.67,2026-04-08
10270,775,3929.5,19.79,2026-04-08
10610,796,3163.8,22.81,2026-04-08
11203,842,1826.3,9.7,2026-04-08
11303,848,3711.7,16.67,2026-04-08
11657,875,2501.8,18.29,2026-04-08
11669,876,2169.2,13.14,2026-04-08
11684,877,1635.8,9.86,2026-04-08
11975,900,1450.8,9.94,2026-04-08
12684,949,3385.4,18.96,2026-04-08
13112,981,3409.1,16.17,2026-04-08
13379,999,3497.7,18.3,2026-04-08
13960,1046,1003.9,7.19,2026-04-08
14101,1058,1740.9,12.98,2026-04-08
14293,1072,1120.8,8.29,2026-04-08
14474,1082,3746.7,17.07,2026-04-08
14633,1094,2631.2,15.38,2026-04-08
15374,1142,2120.4,15.82,2026-04-08
15498,1152,1465.8,8.71,2026-04-08
16260,1203,5544.8,27.98,2026-04-08
16741,1240,1672.2,10.9,2026-04-08
17351,1276,3468.4,15.9,2026-04-08
18193,1334,2490.0,16.83,2026-04-08
18288,1343,2736.6,14.69,2026-04-08
18761,1379,3699.9,19.99,2026-04-08
18860,1391,1768.9,16.26,2026-04-08
19042,1403,4524.5,40.94,2026-04-08
19375,1428,1591.4,13.79,2026-04-08
19727,1454,1957.9,17.38,2026-04-08
20028,1475,3023.5,15.47,2026-04-08
20298,1496,1732.0,12.82,2026-04-08
20466,1058,1740.9,12.98,2026-04-08
689,59,1077.3,6.91,2026-04-09
738,63,955.2,8.28,2026-04-09
1584,122,1300.8,8.93,2026-04-09
2397,188,1892.5,18.5,2026-04-09
2793,214,2395.0,12.89,2026-04-09
2808,216,2051.6,18.66,2026-04-09
3180,237,1010.6,12.13,2026-04-09
3988,299,2990.8,22.74,2026-04-09
4394,335,2604.9,15.76,2026-04-09
4407,336,1960.2,14.06,2026-04-09
4581,352,2965.4,15.54,2026-04-09
4626,355,2258.1,15.41,2026-04-09
4638,356,5601.2,26.96,2026-04-09
5135,398,1666.1,11.96,2026-04-09
6116,472,769.1,5.86,2026-04-09
6227,481,2728.8,22.04,2026-04-09
6508,504,4074.4,20.76,2026-04-09
7660,585,3436.7,17.47,2026-04-09
8003,611,2119.2,17.79,2026-04-09
8901,683,3945.7,29.88,2026-04-09
8902,683,841.8,8.74,2026-04-09
8965,687,2447.2,13.84,2026-04-09
9227,703,2144.6,11.81,2026-04-09
9239,703,1617.9,10.34,2026-04-09
9255,704,1341.8,7.29,2026-04-09
9573,724,6931.3,51.21,2026-04-09
10180,771,2430.8,20.03,2026-04-09
10207,771,4920.5,27.72,2026-04-09
10236,773,2374.7,11.13,2026-04-09
10351,780,2442.8,15.86,2026-04-09
10390,782,3897.2,26.66,2026-04-09
10576,793,3708.3,24.26,2026-04-09
11150,838,1640.6,12.03,2026-04-09
11387,855,2167.3,16.32,2026-04-09
11559,869,3493.0,19.62,2026-04-09
11979,902,2125.4,18.3,2026-04-09
12209,915,1521.8,11.85,2026-04-09
12597,942,882.3,5.5,2026-04-09
12644,945,3207.7,20.63,2026-04-09
12647,945,3785.4,20.96,2026-04-09
12840,960,6954.0,34.76,2026-04-09
13106,980,3869.7,28.5,2026-04-09
13164,984,2065.2,18.43,2026-04-09
13471,1007,1173.5,13.55,2026-04-09
13474,1007,4205.5,27.22,2026-04-09
13560,1015,1589.4,10.73,2026-04-09
14200,1066,1760.2,10.74,2026-04-09
14843,1108,1759.7,13.11,2026-04-09
15474,1151,2599.0,25.85,2026-04-09
16029,1182,2281.3,15.9,2026-04-09
17396,1281,1658.5,7.95,2026-04-09
17558,1294,3805.1,21.5,2026-04-09
17850,1314,1639.5,9.8,2026-04-09
19218,1417,2146.0,17.08,2026-04-09
19295,1422,1343.0,11.92,2026-04-09
20109,1481,2800.3,22.13,2026-04-09
20125,1484,2402.3,15.46,2026-04-09
1221,99,2397.7,12.9,2026-04-10
1485,118,3051.0,17.37,2026-04-10
1693,133,2122.9,9.97,2026-04-10
1970,155,5288.5,24.65,2026-04-10
2587,201,3295.3,20.11,2026-04-10
2873,221,4275.2,28.56,2026-04-10
4988,384,2798.8,19.43,2026-04-10
5341,414,4222.1,21.27,2026-04-10
5716,441,2239.6,21.15,2026-04-10
5844,449,1976.2,9.98,2026-04-10
6006,463,2158.9,11.25,2026-04-10
6067,468,1632.9,13.28,2026-04-10
6187,476,5250.6,26.63,2026-04-10
6201,479,3137.2,15.51,2026-04-10
6203,479,3484.7,20.26,2026-04-10
6658,514,2133.2,16.03,2026-04-10
6771,519,1967.0,14.36,2026-04-10
6854,524,959.1,9.06,2026-04-10
7006,538,5838.3,41.69,2026-04-10
7613,582,2241.3,24.16,2026-04-10
8891,683,3789.3,17.18,2026-04-10
9163,699,1837.3,13.58,2026-04-10
10735,803,1878.5,11.27,2026-04-10
12068,906,3733.5,20.71,2026-04-10
12556,940,1839.9,16.49,2026-04-10
13000,972,5500.8,32.84,2026-04-10
13615,1020,2263.9,16.38,2026-04-10
14008,1050,1370.7,10.19,2026-04-10
14038,1051,1893.4,11.72,2026-04-10
14154,1063,1815.5,15.17,2026-04-10
14215,1067,1985.7,13.7,2026-04-10
14350,1075,1905.0,21.43,2026-04-10
14632,1094,1384.6,6.87,2026-04-10
15791,1167,4917.5,32.51,2026-04-10
16089,1190,2155.7,29.86,2026-04-10
16166,1195,4557.7,24.68,2026-04-10
16352,1209,4098.5,22.61,2026-04-10
16444,1215,2154.2,13.81,2026-04-10
16709,1237,2165.3,11.12,2026-04-10
17559,1294,10714.2,66.86,2026-04-10
18590,1365,3460.8,22.91,2026-04-10
19868,1466,1595.2,9.28,2026-04-10
19892,1467,3812.4,21.35,2026-04-10
20021,1474,924.1,8.85,2026-04-10
1770,140,2550.0,10.88,2026-04-11
1803,145,5310.8,25.58,2026-04-11
1999,159,2357.2,13.61,2026-04-11
2733,211,2732.5,21.07,2026-04-11
3504,262,1823.4,10.61,2026-04-11
4228,318,3191.6,19.05,2026-04-11
4447,340,1312.5,8.36,2026-04-11
4741,363,1280.5,12.09,2026-04-11
5156,400,3064.0,20.34,2026-04-11
5539,429,2903.5,18.11,2026-04-11
5590,431,3529.4,26.64,2026-04-11
6110,471,1129.9,9.74,2026-04-11
6389,497,1570.8,11.09,2026-04-11
6437,500,3498.9,15.52,2026-04-11
6834,523,1983.4,15.22,2026-04-11
6925,531,1859.8,11.22,2026-04-11
8126,621,2035.6,15.19,2026-04-11
8227,629,1623.1,8.4,2026-04-11
8941,687,1558.8,14.81,2026-04-11
9124,696,3144.8,18.47,2026-04-11
9209,702,5291.0,54.94,2026-04-11
9417,714,1926.6,13.9,2026-04-11
9565,724,7223.9,35.74,2026-04-11
9580,724,2204.0,20.52,2026-04-11
10338,780,2651.8,16.29,2026-04-11
10535,791,1544.7,13.2,2026-04-11
11296,848,1031.0,9.65,2026-04-11
11405,855,2691.8,15.5,2026-04-11
11484,864,1847.7,10.52,2026-04-11
11931,897,1552.3,10.93,2026-04-11
12164,913,1709.0,13.59,2026-04-11
14579,1090,4050.9,21.41,2026-04-11
15039,1120,1880.3,17.2,2026-04-11
15346,1140,4050.7,20.96,2026-04-11
15933,1173,4712.0,27.82,2026-04-11
16338,1209,6032.6,38.47,2026-04-11
16344,1209,2404.9,10.76,2026-04-11
16443,1215,2880.9,18.26,2026-04-11
16561,1225,5402.1,31.88,2026-04-11
16594,1227,1855.4,12.89,2026-04-11
16923,1252,3064.4,16.01,2026-04-11
17229,1270,3740.1,25.9,2026-04-11
17528,1292,9691.1,46.79,2026-04-11
18014,1326,1310.7,9.65,2026-04-11
18643,1368,2502.0,14.18,2026-04-11
19145,1413,3202.4,23.72,2026-04-11
19184,1415,1517.8,8.23,2026-04-11
19734,1454,2378.6,16.05,2026-04-11
20234,1492,1429.1,9.19,2026-04-11
20250,1494,1355.2,10.17,2026-04-11
20254,1494,1331.3,10.09,2026-04-11
20312,1498,4192.4,24.61,2026-04-11
189,17,1038.3,10.6,2026-04-12
331,24,1675.2,9.37,2026-04-12
581,48,2908.9,20.9,2026-04-12
819,69,2752.6,18.46,2026-04-12
1415,111,1554.5,8.56,2026-04-12
1608,125,1989.7,12.32,2026-04-12
1947,153,1787.4,16.19,2026-04-12
3444,255,1380.3,8.81,2026-04-12
4233,319,3281.1,20.43,2026-04-12
4492,344,4581.4,23.51,2026-04-12
4648,357,1608.3,14.13,2026-04-12
4705,360,1850.3,9.59,2026-04-12
5982,461,1564.8,12.89,2026-04-12
6141,473,3793.2,23.43,2026-04-12
6413,498,1948.7,13.58,2026-04-12
7001,537,4082.2,28.39,2026-04-12
7109,546,2754.2,20.43,2026-04-12
7274,558,3307.4,28.85,2026-04-12
8190,626,4708.1,25.43,2026-04-12
8482,652,8196.4,40.33,2026-04-12
8502,652,2248.5,18.15,2026-04-12
8809,679,2551.2,16.48,2026-04-12
8892,683,1696.7,12.21,2026-04-12
9504,720,5395.4,25.32,2026-04-12
10002,760,3211.7,18.98,2026-04-12
10876,814,2408.4,16.0,2026-04-12
10993,822,2034.2,10.8,2026-04-12
11723,879,2162.2,15.12,2026-04-12
11728,879,2062.1,22.77,2026-04-12
11831,888,2640.0,17.76,2026-04-12
11963,899,4868.8,26.78,2026-04-12
12129,910,1788.8,12.93,2026-04-12
12414,928,4340.4,20.66,2026-04-12
13233,992,5453.3,28.91,2026-04-12
13261,993,2257.6,17.99,2026-04-12
13484,1009,2976.8,15.34,2026-04-12
13782,1031,3510.4,17.93,2026-04-12
13942,1044,1896.0,12.18,2026-04-12
14561,1090,1556.5,9.34,2026-04-12
14899,1113,3731.5,26.68,2026-04-12
15107,1125,2589.5,17.36,2026-04-12
15134,1126,2944.8,18.51,2026-04-12
16043,1183,2491.9,12.76,2026-04-12
16321,1206,3228.1,24.0,2026-04-12
16416,1212,5858.4,36.97,2026-04-12
16431,1213,6550.0,31.38,2026-04-12
16568,1226,2938.7,18.32,2026-04-12
17032,1259,2752.9,15.07,2026-04-12
17847,1314,4446.9,20.08,2026-04-12
18256,1341,1743.3,14.39,2026-04-12
18351,1347,3944.7,25.48,2026-04-12
18533,1358,4662.6,27.56,2026-04-12
18545,1360,4551.8,22.41,2026-04-12
19053,1404,2082.7,11.42,2026-04-12
19112,1409,4620.9,31.7,2026-04-12
20119,1483,2701.9,14.56,2026-04-12
20138,1485,1840.0,12.24,2026-04-12
20222,1490,2825.1,18.78,2026-04-12
20423,1212,5858.4,36.97,2026-04-12
245,20,2046.7,15.14,2026-04-13
737,63,4117.8,22.88,2026-04-13
1710,133,1990.5,12.26,2026-04-13
1782,141,0.0,0.0,2026-04-13
1805,145,1562.4,16.81,2026-04-13
2314,184,2055.3,9.3,2026-04-13
3063,233,2468.5,16.17,2026-04-13
3297,244,842.8,9.46,2026-04-13
3379,250,2449.9,13.76,2026-04-13
3745,282,3067.3,22.06,2026-04-13
4308,328,2240.3,13.81,2026-04-13
5845,449,1112.0,7.79,2026-04-13
6329,491,1217.9,7.42,2026-04-13
7052,541,2072.1,18.36,2026-04-13
7769,594,2717.8,22.2,2026-04-13
8385,645,1490.3,12.55,2026-04-13
8639,665,2184.7,15.96,2026-04-13
8761,676,3908.3,30.32,2026-04-13
8839,680,1155.6,6.88,2026-04-13
9043,692,6134.0,33.6,2026-04-13
9978,758,1148.5,6.67,2026-04-13
10138,769,1776.8,11.71,2026-04-13
10516,791,2063.3,13.15,2026-04-13
11254,847,1306.9,7.82,2026-04-13
11313,848,2691.2,33.33,2026-04-13
11992,902,1946.9,8.85,2026-04-13
12110,908,1570.5,12.22,2026-04-13
13239,992,2707.8,17.37,2026-04-13
14099,1058,1530.6,8.97,2026-04-13
14419,1079,1659.7,11.72,2026-04-13
14780,1103,919.4,6.21,2026-04-13
14897,1113,2460.1,14.64,2026-04-13
16209,1199,2935.2,16.32,2026-04-13
16252,1202,1117.9,7.7,2026-04-13
16676,1236,945.8,6.34,2026-04-13
16742,1240,1198.8,11.71,2026-04-13
17117,1263,2697.8,14.76,2026-04-13
17161,1266,2276.9,16.16,2026-04-13
17629,1298,2023.3,16.22,2026-04-13
17934,1320,2884.1,16.8,2026-04-13
19155,1414,2360.0,16.45,2026-04-13
19379,1428,2063.3,10.78,2026-04-13
101,12,9475.3,60.9,2026-04-14
1549,121,2894.6,15.37,2026-04-14
2559,199,5598.8,25.62,2026-04-14
3292,244,1726.8,9.15,2026-04-14
3296,244,2975.7,20.15,2026-04-14
3535,263,6260.3,28.16,2026-04-14
4509,344,5301.7,39.32,2026-04-14
4726,362,4063.4,28.48,2026-04-14
4931,379,4600.8,28.45,2026-04-14
5493,425,2105.0,12.61,2026-04-14
6370,494,3223.0,26.83,2026-04-14
6769,519,2469.6,17.2,2026-04-14
6818,522,7823.5,52.98,2026-04-14
6879,527,1883.8,12.07,2026-04-14
6943,533,3615.5,15.41,2026-04-14
7616,582,2103.9,10.38,2026-04-14
8600,662,3852.4,22.38,2026-04-14
9357,709,4531.0,22.39,2026-04-14
9442,715,1922.7,18.02,2026-04-14
9875,748,1898.1,12.72,2026-04-14
10117,767,2017.5,11.84,2026-04-14
10415,783,3046.2,16.78,2026-04-14
11042,826,3116.4,19.93,2026-04-14
11623,874,1511.4,9.83,2026-04-14
12077,906,1731.4,13.96,2026-04-14
12979,972,1331.0,8.74,2026-04-14
13352,999,3409.2,17.58,2026-04-14
13505,1010,4291.1,21.03,2026-04-14
13547,1015,4818.4,21.51,2026-04-14
13875,1040,1855.1,16.74,2026-04-14
13876,1040,0.0,0.0,2026-04-14
13877,1040,2889.2,12.81,2026-04-14
13920,1042,3307.8,20.93,2026-04-14
14585,1090,11211.3,54.37,2026-04-14
15119,1125,2270.7,15.09,2026-04-14
15285,1137,3568.6,20.3,2026-04-14
15956,1177,1811.9,8.82,2026-04-14
17385,1279,899.9,5.73,2026-04-14
17913,1320,1879.1,11.32,2026-04-14
18021,1326,3557.1,23.25,2026-04-14
18338,1347,3640.1,20.95,2026-04-14
18936,1397,3060.9,25.53,2026-04-14
18959,1398,3044.1,14.5,2026-04-14
19277,1420,2668.2,24.21,2026-04-14
19678,1452,1599.8,10.91,2026-04-14
8,1,1869.2,16.39,2026-04-15
156,14,6776.4,32.39,2026-04-15
639,54,2043.8,23.8,2026-04-15
836,70,2116.7,10.51,2026-04-15
1429,113,2828.5,16.64,2026-04-15
2155,172,2242.4,16.38,2026-04-15
2300,184,2401.5,19.3,2026-04-15
2312,184,1777.1,12.46,2026-04-15
2449,193,1977.7,11.3,2026-04-15
2869,221,1540.5,7.6,2026-04-15
2975,228,2203.0,15.16,2026-04-15
3705,279,1483.5,17.48,2026-04-15
4582,352,3027.9,17.18,2026-04-15
5252,408,2508.1,18.83,2026-04-15
7049,541,4149.7,29.1,2026-04-15
7110,546,3522.2,21.68,2026-04-15
7588,580,5820.4,41.86,2026-04-15
8038,613,2732.6,16.15,2026-04-15
8541,656,2843.9,17.19,2026-04-15
8714,672,5579.2,27.31,2026-04-15
8802,679,4261.5,28.02,2026-04-15
9963,756,4157.3,26.34,2026-04-15
10026,761,3426.5,27.74,2026-04-15
10201,771,2860.3,16.47,2026-04-15
10487,788,974.8,5.81,2026-04-15
10594,794,2175.1,10.22,2026-04-15
10792,808,3257.2,17.72,2026-04-15
12039,904,1377.6,14.88,2026-04-15
12334,921,814.8,8.63,2026-04-15
12529,939,2962.9,19.51,2026-04-15
12608,943,4554.2,20.37,2026-04-15
12858,962,778.2,7.95,2026-04-15
13009,973,765.4,4.64,2026-04-15
13182,986,1258.4,9.19,2026-04-15
14324,1073,2591.8,12.06,2026-04-15
14611,1091,2653.3,16.55,2026-04-15
14828,1107,1885.2,12.95,2026-04-15
15084,1124,740.1,10.49,2026-04-15
15618,1158,3041.6,16.88,2026-04-15
15705,1163,3189.6,19.5,2026-04-15
15760,1165,3201.8,19.48,2026-04-15
15779,1166,4747.1,30.81,2026-04-15
15916,1172,2319.8,15.5,2026-04-15
16347,1209,2110.4,14.54,2026-04-15
16728,1239,2222.5,16.28,2026-04-15
17128,1263,1825.5,11.96,2026-04-15
17355,1276,4372.8,21.16,2026-04-15
17731,1306,3525.8,26.52,2026-04-15
18040,1327,3985.9,25.42,2026-04-15
18302,1345,1094.7,8.08,2026-04-15
18875,1393,3887.5,24.34,2026-04-15
19577,1443,3567.7,17.95,2026-04-15
19655,1451,1946.7,17.85,2026-04-15
20158,1488,5492.4,25.69,2026-04-15
170,15,2260.0,14.99,2026-04-16
553,44,1502.7,8.68,2026-04-16
1306,104,2674.6,20.09,2026-04-16
1694,133,1985.9,14.57,2026-04-16
1920,151,2114.9,13.3,2026-04-16
2619,203,1620.0,11.05,2026-04-16
3513,262,2915.4,24.57,2026-04-16
4087,308,2632.8,16.69,2026-04-16
4628,355,2920.0,23.87,2026-04-16
5175,401,3558.0,35.16,2026-04-16
5655,434,3747.5,27.75,2026-04-16
5748,443,954.7,10.68,2026-04-16
6042,466,2938.4,13.92,2026-04-16
6509,504,3952.3,20.02,2026-04-16
7816,597,1903.5,10.26,2026-04-16
7910,606,1735.9,11.84,2026-04-16
7981,609,2226.4,13.68,2026-04-16
8208,627,1751.2,12.25,2026-04-16
8283,637,673.0,7.16,2026-04-16
8455,648,957.0,9.56,2026-04-16
8662,668,2006.7,12.09,2026-04-16
9024,691,2257.3,18.11,2026-04-16
9426,714,3536.1,37.1,2026-04-16
9444,715,4398.7,24.58,2026-04-16
10739,803,7652.5,56.27,2026-04-16
11527,867,2395.4,13.28,2026-04-16
11817,887,4744.1,24.94,2026-04-16
12291,920,3214.5,23.49,2026-04-16
12355,923,2166.5,11.74,2026-04-16
12441,932,2424.0,13.47,2026-04-16
12510,939,16050.1,80.73,2026-04-16
12725,952,1543.9,15.91,2026-04-16
13435,1004,2430.3,17.52,2026-04-16
15150,1126,2125.2,13.2,2026-04-16
15272,1135,4434.8,20.64,2026-04-16
15282,1137,1406.4,12.56,2026-04-16
15305,1137,2502.0,15.36,2026-04-16
15467,1151,5810.1,36.01,2026-04-16
16603,1227,4184.8,23.03,2026-04-16
18354,1348,2469.9,15.57,2026-04-16
18632,1366,2084.2,13.91,2026-04-16
18951,1398,4165.4,22.75,2026-04-16
19066,1405,4768.2,28.65,2026-04-16
19909,1468,1718.5,14.84,2026-04-16
20004,1472,3159.3,17.65,2026-04-16
20065,1477,6760.3,47.15,2026-04-16
20087,1478,2044.6,11.09,2026-04-16
98,12,2100.5,24.03,2026-04-17
162,15,510.0,4.01,2026-04-17
1155,94,3130.4,15.9,2026-04-17
1434,113,2674.1,15.54,2026-04-17
1544,120,2262.3,12.3,2026-04-17
1801,144,2066.0,12.94,2026-04-17
2150,172,2833.8,17.58,2026-04-17
2195,177,2256.3,10.05,2026-04-17
2393,188,2914.9,18.23,2026-04-17
2533,198,3349.6,14.97,2026-04-17
2899,223,4946.2,27.31,2026-04-17
2970,228,2642.9,17.27,2026-04-17
3528,263,2973.4,19.12,2026-04-17
3572,266,6313.1,26.28,2026-04-17
3690,278,5043.4,19.96,2026-04-17
3770,284,5382.3,41.2,2026-04-17
4015,302,1601.9,10.11,2026-04-17
5794,446,2700.0,16.84,2026-04-17
5929,456,3253.2,27.68,2026-04-17
6103,471,4568.6,24.62,2026-04-17
6351,493,5655.1,25.65,2026-04-17
6603,510,1603.3,15.13,2026-04-17
6703,516,5148.9,39.92,2026-04-17
6754,519,2387.9,13.49,2026-04-17
6977,535,2858.5,17.4,2026-04-17
7300,558,1955.5,11.21,2026-04-17
7608,582,2085.4,16.96,2026-04-17
8105,617,2637.1,16.42,2026-04-17
8450,647,3232.3,19.3,2026-04-17
9319,708,718.3,5.28,2026-04-17
10150,769,1490.2,8.35,2026-04-17
10762,807,5417.3,24.33,2026-04-17
11064,830,1908.9,11.7,2026-04-17
11121,835,2572.3,13.95,2026-04-17
11160,839,3630.0,18.2,2026-04-17
11888,892,2268.6,17.22,2026-04-17
12067,906,2933.0,14.95,2026-04-17
12151,911,2683.2,16.09,2026-04-17
12337,921,2141.9,16.08,2026-04-17
12769,954,3615.0,19.03,2026-04-17
12888,965,3897.9,41.59,2026-04-17
13192,987,1670.9,10.09,2026-04-17
13293,995,1902.6,13.32,2026-04-17
13693,1024,2088.8,17.77,2026-04-17
14068,1055,5429.9,27.98,2026-04-17
15268,1135,1185.3,7.55,2026-04-17
15629,1159,2339.7,15.87,2026-04-17
16066,1188,2188.1,19.72,2026-04-17
16140,1194,1411.2,11.49,2026-04-17
17392,1280,2246.6,16.26,2026-04-17
18013,1326,3212.1,18.36,2026-04-17
18328,1347,3345.4,16.52,2026-04-17
18380,1349,6124.0,27.19,2026-04-17
18994,1401,3216.2,19.67,2026-04-17
19009,1402,3126.5,22.33,2026-04-17
19329,1423,1495.9,13.86,2026-04-17
19478,1436,1013.3,8.22,2026-04-17
19915,1468,4451.2,29.44,2026-04-17
20094,1479,871.8,5.52,2026-04-17
2767,214,4923.0,24.96,2026-04-18
2771,214,2802.6,16.16,2026-04-18
3339,245,1497.4,10.42,2026-04-18
3756,283,1400.2,8.66,2026-04-18
3962,298,3288.1,24.06,2026-04-18
4026,302,2421.6,24.53,2026-04-18
4437,339,2842.2,17.59,2026-04-18
4498,344,1633.8,10.16,2026-04-18
4883,374,789.6,7.53,2026-04-18
4937,379,957.3,5.94,2026-04-18
5067,391,3858.2,27.17,2026-04-18
5799,446,2142.0,10.93,2026-04-18
6269,486,2312.9,11.95,2026-04-18
6426,499,2492.9,13.98,2026-04-18
6901,530,2988.1,18.99,2026-04-18
6952,533,4557.2,21.41,2026-04-18
7933,607,1576.5,9.37,2026-04-18
8224,629,2676.7,14.17,2026-04-18
8420,647,2492.0,17.62,2026-04-18
8869,682,4360.4,27.99,2026-04-18
8915,684,4506.6,29.98,2026-04-18
9659,732,3677.1,21.67,2026-04-18
9763,739,1602.2,8.91,2026-04-18
9942,753,3795.1,23.83,2026-04-18
10379,781,2108.6,10.78,2026-04-18
10740,804,7826.0,43.74,2026-04-18
10857,813,4627.2,24.69,2026-04-18
11610,873,2710.4,15.91,2026-04-18
11971,900,1680.2,12.23,2026-04-18
12243,917,7766.2,35.75,2026-04-18
12261,917,3320.2,21.03,2026-04-18
12466,935,2506.0,18.5,2026-04-18
12595,942,3273.8,20.81,2026-04-18
12696,949,2457.0,13.16,2026-04-18
12846,961,3755.7,20.02,2026-04-18
12981,972,3498.7,25.28,2026-04-18
13496,1009,3011.9,14.72,2026-04-18
13748,1028,5817.4,34.31,2026-04-18
14046,1052,2516.5,18.38,2026-04-18
14198,1066,1325.3,7.41,2026-04-18
14536,1087,4213.6,26.73,2026-04-18
15180,1129,1601.2,11.92,2026-04-18
15288,1137,1774.1,10.68,2026-04-18
15393,1143,1334.1,13.15,2026-04-18
15447,1150,3736.4,19.38,2026-04-18
15697,1163,4203.7,22.0,2026-04-18
15805,1167,3950.9,23.28,2026-04-18
16601,1227,1332.4,10.94,2026-04-18
17107,1262,1701.9,16.66,2026-04-18
18163,1332,1829.2,14.57,2026-04-18
18333,1347,2102.3,24.93,2026-04-18
18420,1353,2964.4,15.86,2026-04-18
19886,1467,2649.7,16.05,2026-04-18
1122,92,3028.0,15.23,2026-04-19
1364,108,2074.3,11.25,2026-04-19
3481,258,2345.0,18.21,2026-04-19
3680,278,1830.4,14.96,2026-04-19
4467,342,1690.7,10.85,2026-04-19
4740,363,1961.0,11.42,2026-04-19
4831,372,3260.1,16.53,2026-04-19
5040,389,3012.7,12.68,2026-04-19
5460,424,2198.9,24.67,2026-04-19
5510,425,5280.2,30.24,2026-04-19
6246,484,2994.5,14.73,2026-04-19
6485,503,1419.4,7.99,2026-04-19
6668,514,1882.6,12.22,2026-04-19
7544,578,2689.5,16.77,2026-04-19
7578,580,2750.4,20.01,2026-04-19
7826,597,3026.5,18.37,2026-04-19
7839,599,2474.2,15.85,2026-04-19
7974,609,2477.4,15.39,2026-04-19
8114,618,2180.5,15.45,2026-04-19
8498,652,1398.8,10.42,2026-04-19
8863,682,4991.6,27.56,2026-04-19
9152,699,3929.2,32.39,2026-04-19
9522,721,2142.7,17.03,2026-04-19
10472,787,1530.9,19.31,2026-04-19
11210,842,1074.3,11.48,2026-04-19
11328,850,4125.9,22.82,2026-04-19
11758,882,3258.1,15.99,2026-04-19
11781,885,7813.6,38.66,2026-04-19
11804,887,2143.4,18.45,2026-04-19
12052,904,4376.9,21.72,2026-04-19
12236,916,1653.1,8.7,2026-04-19
13102,979,4358.3,21.29,2026-04-19
13177,985,4045.3,23.99,2026-04-19
13454,1005,4785.8,26.42,2026-04-19
13871,1040,1355.5,9.55,2026-04-19
13934,1044,2471.3,15.08,2026-04-19
14496,1083,1727.5,9.05,2026-04-19
16047,1185,2122.1,15.4,2026-04-19
16526,1223,1884.5,17.46,2026-04-19
17493,1289,2579.5,18.96,2026-04-19
18583,1364,1409.7,15.3,2026-04-19
19034,1403,4643.8,26.76,2026-04-19
19044,1403,2096.6,10.5,2026-04-19
19312,1423,1376.1,11.82,2026-04-19
19380,1428,474.6,7.91,2026-04-19
20110,1481,2446.7,13.73,2026-04-19
317,24,2363.6,14.45,2026-04-20
1319,106,3119.2,24.45,2026-04-20
1441,113,2215.5,11.84,2026-04-20
1545,120,3969.3,24.91,2026-04-20
1790,143,0.0,0.0,2026-04-20
2353,185,5560.3,38.74,2026-04-20
2616,203,2159.1,11.33,2026-04-20
2787,214,2947.2,19.94,2026-04-20
3381,250,8346.6,50.42,2026-04-20
3814,288,1236.5,6.1,2026-04-20
4111,309,4052.2,26.27,2026-04-20
4713,361,1472.3,16.0,2026-04-20
5073,391,2022.7,11.85,2026-04-20
6239,483,2342.0,10.8,2026-04-20
6563,508,4436.7,25.23,2026-04-20
6871,527,2556.8,19.27,2026-04-20
7188,552,2057.0,10.84,2026-04-20
8384,645,5032.2,29.21,2026-04-20
9026,691,5799.3,27.48,2026-04-20
9238,703,1065.0,10.95,2026-04-20
9397,713,2019.1,10.92,2026-04-20
10386,782,2237.7,13.72,2026-04-20
11057,829,1749.0,10.89,2026-04-20
11094,833,1123.5,12.45,2026-04-20
11459,861,6475.8,29.59,2026-04-20
11633,875,2739.0,21.99,2026-04-20
11920,896,1420.3,17.29,2026-04-20
12343,922,866.8,5.76,2026-04-20
12626,944,2451.3,12.98,2026-04-20
12639,945,3122.6,18.84,2026-04-20
14848,1108,1701.6,10.37,2026-04-20
16674,1235,2629.2,22.1,2026-04-20
18291,1343,3797.8,22.22,2026-04-20
18719,1376,1080.8,9.57,2026-04-20
19055,1404,1337.4,7.45,2026-04-20
19621,1448,3550.7,20.97,2026-04-20
20316,1499,4525.0,24.34,2026-04-20
71,9,2097.9,9.13,2026-04-21
179,16,3655.2,24.67,2026-04-21
600,49,1883.5,10.82,2026-04-21
646,54,2896.3,16.27,2026-04-21
913,74,3386.5,17.3,2026-04-21
1342,107,2295.7,21.71,2026-04-21
1647,130,1937.2,10.23,2026-04-21
1807,145,1928.4,15.22,2026-04-21
2228,178,1504.0,15.0,2026-04-21
2336,185,1369.9,11.61,2026-04-21
2450,194,2535.8,13.21,2026-04-21
2472,194,2641.0,10.72,2026-04-21
2608,202,1196.3,10.45,2026-04-21
3231,240,2312.3,17.4,2026-04-21
3250,241,2753.3,16.99,2026-04-21
5176,401,6127.2,34.67,2026-04-21
5382,417,2462.2,16.54,2026-04-21
5459,424,3662.7,28.25,2026-04-21
5603,432,2642.6,10.62,2026-04-21
5630,434,6228.8,33.15,2026-04-21
5832,448,1947.7,20.71,2026-04-21
6125,472,2546.7,15.26,2026-04-21
6184,476,2667.5,19.12,2026-04-21
6657,514,3404.4,21.98,2026-04-21
6976,535,4438.5,27.68,2026-04-21
7189,552,1429.0,10.57,2026-04-21
8004,611,879.5,5.94,2026-04-21
8151,622,616.6,7.81,2026-04-21
10432,784,2868.5,20.99,2026-04-21
10493,788,1827.9,13.57,2026-04-21
10571,793,1741.5,15.5,2026-04-21
10663,799,1854.4,14.0,2026-04-21
10885,815,2598.8,14.8,2026-04-21
11096,833,4553.2,35.58,2026-04-21
11596,871,3473.1,19.8,2026-04-21
11612,873,1343.8,10.43,2026-04-21
11661,876,3378.3,18.05,2026-04-21
12180,913,930.8,6.24,2026-04-21
12264,917,2442.6,14.02,2026-04-21
12272,918,1308.4,8.61,2026-04-21
12642,945,1371.9,11.29,2026-04-21
13163,984,2245.6,16.55,2026-04-21
13210,989,8572.3,62.41,2026-04-21
13419,1003,3674.2,16.45,2026-04-21
13779,1031,1238.0,7.07,2026-04-21
14747,1100,3220.8,16.21,2026-04-21
14875,1111,5042.6,23.99,2026-04-21
15587,1157,1569.8,11.17,2026-04-21
16437,1214,2857.2,26.94,2026-04-21
16771,1243,1900.6,11.94,2026-04-21
16877,1249,3304.0,20.68,2026-04-21
17224,1270,1380.5,9.77,2026-04-21
17287,1272,1604.3,11.15,2026-04-21
18691,1375,3791.8,25.18,2026-04-21
18773,1380,4560.9,21.65,2026-04-21
19007,1402,1603.2,13.03,2026-04-21
19109,1409,4268.8,22.46,2026-04-21
19553,1440,1954.1,10.54,2026-04-21
20074,1478,849.9,8.86,2026-04-21
20377,16,3655.2,24.67,2026-04-21
390,27,4320.0,33.73,2026-04-22
419,32,1484.1,15.49,2026-04-22
1037,84,1886.5,9.94,2026-04-22
1114,91,840.4,8.73,2026-04-22
1457,115,1838.3,19.41,2026-04-22
1739,138,3216.1,24.61,2026-04-22
2839,218,2104.2,13.29,2026-04-22
2972,228,3593.4,22.48,2026-04-22
3462,256,4240.4,20.83,2026-04-22
4207,317,1149.7,7.91,2026-04-22
5154,400,1654.6,8.35,2026-04-22
5439,422,2987.9,21.07,2026-04-22
5701,439,1761.0,12.48,2026-04-22
6292,487,2439.6,18.46,2026-04-22
6725,517,3962.9,35.34,2026-04-22
6930,531,3157.5,18.44,2026-04-22
7896,604,6679.2,47.84,2026-04-22
8150,622,1712.0,14.08,2026-04-22
8906,683,5002.6,26.28,2026-04-22
10018,761,3698.1,19.22,2026-04-22
10833,812,1287.8,7.98,2026-04-22
11441,860,6490.5,34.44,2026-04-22
11816,887,2129.4,11.84,2026-04-22
12760,954,1135.2,18.92,2026-04-22
12883,965,2801.4,24.88,2026-04-22
14081,1056,2626.4,15.57,2026-04-22
14125,1060,3146.8,19.15,2026-04-22
14471,1082,2778.4,21.39,2026-04-22
14652,1095,4050.3,25.23,2026-04-22
15025,1119,4423.4,24.18,2026-04-22
15178,1129,3613.6,22.54,2026-04-22
15250,1133,921.7,7.01,2026-04-22
15277,1135,4806.7,31.31,2026-04-22
15289,1137,6806.4,34.63,2026-04-22
15698,1163,1410.5,9.54,2026-04-22
16236,1200,3742.2,20.21,2026-04-22
16324,1207,0.0,0.0,2026-04-22
16360,1210,6774.6,40.7,2026-04-22
16862,1248,1479.4,9.57,2026-04-22
16963,1255,2387.8,14.88,2026-04-22
18692,1375,3156.7,16.75,2026-04-22
19381,1429,1731.2,9.89,2026-04-22
146,14,2458.0,13.73,2026-04-23
246,20,2824.7,17.87,2026-04-23
505,42,1779.0,15.82,2026-04-23
512,42,916.9,7.69,2026-04-23
590,49,2390.6,15.08,2026-04-23
637,54,1415.8,9.74,2026-04-23
1148,93,2662.1,17.32,2026-04-23
1166,95,2643.1,18.84,2026-04-23
1728,135,2094.4,12.92,2026-04-23
1845,146,1184.5,11.13,2026-04-23
2473,194,4033.3,32.52,2026-04-23
2584,201,3277.1,23.21,2026-04-23
2993,229,1928.1,10.34,2026-04-23
3187,238,3577.8,34.11,2026-04-23
3254,241,5504.1,29.68,2026-04-23
3416,252,1169.4,8.21,2026-04-23
3641,274,1435.9,7.31,2026-04-23
4314,328,4850.7,27.09,2026-04-23
4496,344,1800.8,11.03,2026-04-23
4532,346,1954.3,12.43,2026-04-23
4589,352,3938.0,20.16,2026-04-23
4735,363,871.9,10.71,2026-04-23
4909,377,3199.5,19.38,2026-04-23
5380,417,1620.7,10.17,2026-04-23
5995,462,1060.7,11.98,2026-04-23
6313,490,3183.9,18.97,2026-04-23
6495,504,2825.6,15.14,2026-04-23
6633,512,2516.6,14.25,2026-04-23
6833,522,2849.7,19.06,2026-04-23
7718,591,3683.1,24.54,2026-04-23
7919,606,1927.0,20.81,2026-04-23
7927,607,3368.3,18.76,2026-04-23
8166,624,2610.7,17.13,2026-04-23
8834,680,3741.8,26.92,2026-04-23
9709,736,3668.2,20.36,2026-04-23
9743,738,2510.8,17.59,2026-04-23
10197,771,2687.0,18.79,2026-04-23
10807,810,3311.6,33.29,2026-04-23
11719,879,5015.8,31.61,2026-04-23
11848,888,971.0,5.3,2026-04-23
12250,917,1919.4,18.02,2026-04-23
12282,919,1434.7,12.43,2026-04-23
12303,920,2927.8,18.48,2026-04-23
12727,952,3628.7,24.78,2026-04-23
13165,984,8263.0,54.03,2026-04-23
13418,1003,1552.0,10.37,2026-04-23
13564,1015,2986.6,15.85,2026-04-23
13704,1025,2526.7,16.63,2026-04-23
14176,1063,5368.6,25.98,2026-04-23
14413,1079,5367.5,30.03,2026-04-23
15531,1154,4825.7,29.62,2026-04-23
15905,1172,3892.2,36.54,2026-04-23
16141,1194,2852.9,14.44,2026-04-23
16151,1194,1347.2,10.78,2026-04-23
16379,1211,4050.4,26.37,2026-04-23
16681,1236,5889.2,31.85,2026-04-23
16695,1236,2177.2,19.2,2026-04-23
17057,1260,4028.6,26.09,2026-04-23
17291,1272,4048.7,26.09,2026-04-23
17870,1316,1796.9,8.49,2026-04-23
17974,1321,2847.9,15.04,2026-04-23
18521,1358,3714.6,17.17,2026-04-23
19090,1407,2211.8,25.02,2026-04-23
19648,1451,1646.1,12.2,2026-04-23
20273,1495,2354.4,21.25,2026-04-23
599,49,5586.4,32.17,2026-04-24
693,59,1619.7,10.61,2026-04-24
772,66,1962.6,10.98,2026-04-24
785,67,1276.9,8.84,2026-04-24
1411,110,2440.6,18.54,2026-04-24
1698,133,5678.9,38.61,2026-04-24
1935,152,2081.7,16.05,2026-04-24
4379,332,3560.8,18.63,2026-04-24
4536,346,5260.4,30.14,2026-04-24
4541,347,2641.0,33.04,2026-04-24
5018,389,5029.2,26.11,2026-04-24
5438,422,2831.1,23.0,2026-04-24
5650,434,925.8,11.88,2026-04-24
6107,471,1530.5,9.85,2026-04-24
6531,505,2690.8,24.35,2026-04-24
6681,515,1377.8,15.95,2026-04-24
6881,527,9061.4,47.1,2026-04-24
7050,541,1583.3,9.25,2026-04-24
9101,695,2791.8,19.18,2026-04-24
10672,799,3515.4,19.78,2026-04-24
10829,812,1756.2,12.86,2026-04-24
11367,853,512.6,7.06,2026-04-24
11382,855,3772.5,22.57,2026-04-24
11768,883,2133.6,16.08,2026-04-24
11862,889,2836.0,15.22,2026-04-24
12943,971,2443.3,12.59,2026-04-24
13091,979,1589.8,9.91,2026-04-24
13143,983,2368.1,14.06,2026-04-24
13439,1004,4435.2,26.2,2026-04-24
14216,1067,1202.0,15.56,2026-04-24
14232,1068,2091.5,13.35,2026-04-24
15058,1121,1493.9,8.7,2026-04-24
15070,1122,3078.2,24.26,2026-04-24
15301,1137,4130.0,23.41,2026-04-24
15308,1137,2479.8,12.93,2026-04-24
15615,1158,6868.7,35.07,2026-04-24
16083,1190,1725.1,10.55,2026-04-24
16503,1220,2492.3,15.22,2026-04-24
16598,1227,1817.5,14.05,2026-04-24
16941,1252,4161.4,26.33,2026-04-24
17053,1260,1570.0,10.31,2026-04-24
17196,1267,4842.3,24.08,2026-04-24
17249,1271,4372.7,36.97,2026-04-24
17753,1309,2321.3,16.34,2026-04-24
19351,1425,1152.6,8.2,2026-04-24
19493,1436,2055.0,14.37,2026-04-24
19576,1443,1462.3,8.43,2026-04-24
19934,1468,3540.3,20.01,2026-04-24
20177,1489,3619.0,24.66,2026-04-24
20226,1490,3298.4,20.3,2026-04-24
596,49,1840.0,11.72,2026-04-25
1734,136,877.2,5.11,2026-04-25
1806,145,1890.4,10.91,2026-04-25
2447,193,1508.5,11.78,2026-04-25
2448,193,1599.7,10.11,2026-04-25
2849,219,4454.3,24.04,2026-04-25
3891,291,7324.4,38.58,2026-04-25
3992,299,1601.2,12.15,2026-04-25
4004,300,3429.8,25.5,2026-04-25
4462,342,1315.4,9.52,2026-04-25
4928,379,1920.8,10.91,2026-04-25
5144,399,1923.3,14.24,2026-04-25
5393,418,2719.3,17.59,2026-04-25
5800,446,1918.2,11.27,2026-04-25
5841,448,4860.3,24.54,2026-04-25
6975,535,2230.3,20.02,2026-04-25
7035,541,1480.2,8.13,2026-04-25
7282,558,1386.3,15.93,2026-04-25
8240,632,4335.5,25.19,2026-04-25
8647,666,1943.7,15.53,2026-04-25
9909,750,1473.4,7.29,2026-04-25
9970,757,3350.0,22.91,2026-04-25
10258,774,1419.7,10.2,2026-04-25
10352,780,3379.4,19.81,2026-04-25
10793,808,3085.3,22.12,2026-04-25
11267,847,1676.1,13.74,2026-04-25
11885,892,2066.2,16.41,2026-04-25
12051,904,1594.1,11.71,2026-04-25
12497,938,2374.7,22.81,2026-04-25
12677,948,2143.0,10.64,2026-04-25
12916,966,7735.0,35.86,2026-04-25
13005,973,2075.7,9.01,2026-04-25
13042,976,4157.8,24.39,2026-04-25
13655,1022,2695.9,16.05,2026-04-25
13682,1024,1146.2,9.44,2026-04-25
13906,1042,1972.5,11.26,2026-04-25
14131,1061,4994.7,26.49,2026-04-25
14516,1086,1896.3,17.77,2026-04-25
14791,1105,749.3,4.91,2026-04-25
15664,1161,2287.4,18.98,2026-04-25
15961,1177,2968.2,17.76,2026-04-25
16218,1200,5172.1,29.35,2026-04-25
16315,1206,3567.9,20.26,2026-04-25
16652,1232,3033.4,20.94,2026-04-25
16701,1237,2314.8,20.1,2026-04-25
16718,1238,3856.0,20.05,2026-04-25
16787,1245,1405.8,10.56,2026-04-25
16815,1246,3080.4,20.13,2026-04-25
17304,1273,3395.9,20.94,2026-04-25
17448,1283,2586.4,15.07,2026-04-25
17706,1304,1392.3,17.1,2026-04-25
698,60,6925.7,33.14,2026-04-26
1015,82,2000.2,9.94,2026-04-26
1407,110,4071.2,22.12,2026-04-26
2851,220,1558.3,7.71,2026-04-26
2936,227,2057.3,14.86,2026-04-26
3210,238,1443.7,10.93,2026-04-26
3534,263,2934.6,28.83,2026-04-26
3699,279,4687.3,34.66,2026-04-26
3933,296,7910.2,40.84,2026-04-26
4221,318,2919.3,16.49,2026-04-26
4613,354,2241.4,16.36,2026-04-26
4796,370,2393.4,16.77,2026-04-26
4851,372,3485.1,21.77,2026-04-26
4975,384,2178.9,11.2,2026-04-26
5126,397,2331.1,19.05,2026-04-26
5315,412,3215.1,18.4,2026-04-26
6258,485,2856.0,17.0,2026-04-26
6438,500,3772.4,19.63,2026-04-26
7061,542,2802.6,13.29,2026-04-26
8593,660,1920.7,15.15,2026-04-26
8615,662,1801.8,10.49,2026-04-26
8721,673,2129.2,14.84,2026-04-26
8722,673,2303.9,13.53,2026-04-26
8946,687,3558.9,16.97,2026-04-26
9569,724,1459.3,12.96,2026-04-26
10789,807,1974.2,16.19,2026-04-26
10860,813,1626.7,12.46,2026-04-26
10990,822,4831.9,31.86,2026-04-26
11737,881,2204.0,16.13,2026-04-26
11843,888,1586.1,18.2,2026-04-26
13944,1044,2994.0,33.21,2026-04-26
14151,1063,1554.5,15.13,2026-04-26
14165,1063,1250.4,10.04,2026-04-26
14186,1065,552.3,4.94,2026-04-26
14576,1090,2207.6,11.9,2026-04-26
15670,1162,1860.9,11.31,2026-04-26
17160,1266,4435.3,28.26,2026-04-26
17338,1275,983.0,6.3,2026-04-26
17779,1311,1599.3,13.04,2026-04-26
18055,1327,3310.5,25.57,2026-04-26
18075,1328,2751.5,16.4,2026-04-26
18360,1348,5324.9,35.42,2026-04-26
18443,1354,3193.1,19.92,2026-04-26
19081,1406,4117.3,18.48,2026-04-26
19269,1419,1769.0,11.4,2026-04-26
19354,1425,3366.6,21.77,2026-04-26
20295,1495,3427.5,17.48,2026-04-26
393,28,4469.9,21.74,2026-04-27
1260,101,2340.3,13.22,2026-04-27
1323,106,2025.0,17.92,2026-04-27
1474,116,4650.6,25.34,2026-04-27
2385,188,6203.7,35.08,2026-04-27
3346,246,5330.5,30.88,2026-04-27
4080,308,4084.9,33.49,2026-04-27
4385,333,1255.6,7.36,2026-04-27
4840,372,3062.2,18.76,2026-04-27
4911,377,1030.5,12.5,2026-04-27
4936,379,1840.3,16.0,2026-04-27
4985,384,1510.9,17.37,2026-04-27
5127,398,2692.3,24.75,2026-04-27
5136,398,2875.1,14.45,2026-04-27
5267,409,4049.0,22.6,2026-04-27
5483,425,2016.5,17.08,2026-04-27
5656,434,2727.4,12.99,2026-04-27
5749,444,2115.5,12.94,2026-04-27
6780,520,1541.0,14.3,2026-04-27
6953,533,3173.0,22.62,2026-04-27
7081,544,1766.5,15.35,2026-04-27
7286,558,2208.1,10.75,2026-04-27
7355,562,3415.4,25.21,2026-04-27
7788,595,5086.6,32.53,2026-04-27
7802,595,1297.0,12.43,2026-04-27
7858,601,2135.0,18.37,2026-04-27
7897,604,3441.0,20.13,2026-04-27
8882,682,2330.6,12.38,2026-04-27
9478,716,2928.2,18.41,2026-04-27
9631,729,2841.5,20.12,2026-04-27
10327,779,3269.6,21.57,2026-04-27
10427,784,1831.6,12.85,2026-04-27
11449,861,2306.6,17.51,2026-04-27
11873,891,2338.8,15.13,2026-04-27
12057,904,5659.8,27.7,2026-04-27
13592,1018,2389.0,11.76,2026-04-27
14476,1082,3810.7,21.62,2026-04-27
14682,1096,812.3,5.13,2026-04-27
15004,1118,2806.7,18.27,2026-04-27
15640,1160,1530.3,11.05,2026-04-27
15865,1169,1267.4,6.33,2026-04-27
16254,1203,1707.7,13.39,2026-04-27
17152,1265,7156.8,35.87,2026-04-27
17406,1282,5955.2,25.19,2026-04-27
17936,1320,9467.0,51.61,2026-04-27
19746,1456,1649.7,9.4,2026-04-27
19963,1470,805.9,5.85,2026-04-27
137,13,1106.0,8.59,2026-04-28
171,15,1959.3,11.51,2026-04-28
451,36,2553.4,14.84,2026-04-28
2032,161,3263.7,21.03,2026-04-28
2512,195,7352.6,38.64,2026-04-28
3069,233,2414.3,12.39,2026-04-28
3840,290,2247.6,12.62,2026-04-28
4141,309,6562.2,44.89,2026-04-28
4905,376,988.0,6.81,2026-04-28
5613,432,2204.5,24.67,2026-04-28
8158,623,5495.2,30.98,2026-04-28
9529,721,3684.9,22.8,2026-04-28
9554,722,3986.2,21.73,2026-04-28
10345,780,2410.3,19.03,2026-04-28
10462,787,1524.6,8.03,2026-04-28
10769,807,7890.3,42.63,2026-04-28
11550,868,5614.8,31.49,2026-04-28
11851,888,2527.1,16.52,2026-04-28
11866,889,1705.1,17.63,2026-04-28
12172,913,1184.8,7.78,2026-04-28
12420,928,2140.2,15.34,2026-04-28
12433,930,1743.6,11.0,2026-04-28
12575,940,2944.2,16.91,2026-04-28
13231,992,3097.3,14.29,2026-04-28
13248,993,1704.8,15.47,2026-04-28
14146,1061,2441.1,14.38,2026-04-28
14463,1082,2093.3,15.56,2026-04-28
15281,1136,6212.9,30.12,2026-04-28
16575,1226,2877.9,15.53,2026-04-28
17213,1269,3271.0,17.87,2026-04-28
17639,1299,2457.7,16.33,2026-04-28
18107,1329,1014.3,7.65,2026-04-28
18431,1353,5369.6,24.28,2026-04-28
20195,1489,5059.3,23.05,2026-04-28
20367,13,1106.0,8.59,2026-04-28
296,23,2710.6,21.17,2026-04-29
370,25,3472.2,22.8,2026-04-29
618,51,1460.1,9.83,2026-04-29
938,77,3305.0,23.55,2026-04-29
998,82,4462.9,28.21,2026-04-29
1170,96,2283.8,13.81,2026-04-29
1301,104,1449.1,11.28,2026-04-29
1852,146,2977.6,14.7,2026-04-29
2124,170,2199.7,11.53,2026-04-29
2234,178,5001.5,26.58,2026-04-29
3105,235,3228.2,19.85,2026-04-29
3181,238,4045.2,27.17,2026-04-29
3888,291,1543.2,12.04,2026-04-29
4366,331,1901.7,9.41,2026-04-29
4487,344,5611.0,34.49,2026-04-29
5265,409,1528.4,9.16,2026-04-29
5285,411,3068.1,16.4,2026-04-29
6027,465,1278.9,8.26,2026-04-29
6037,465,1966.5,13.07,2026-04-29
6410,497,2263.1,11.86,2026-04-29
6496,504,1152.1,8.27,2026-04-29
6908,531,4634.6,27.47,2026-04-29
7030,541,3924.2,18.66,2026-04-29
7126,547,2953.5,19.98,2026-04-29
7932,607,6487.8,32.26,2026-04-29
8103,617,2888.7,16.31,2026-04-29
8148,622,2735.8,25.69,2026-04-29
8212,628,1920.1,11.06,2026-04-29
8506,653,1745.1,14.28,2026-04-29
8700,671,4138.7,24.46,2026-04-29
9041,692,1284.0,6.9,2026-04-29
9096,695,3088.4,17.86,2026-04-29
9576,724,3378.9,17.25,2026-04-29
11010,824,1042.2,10.63,2026-04-29
11095,833,4692.4,21.74,2026-04-29
11238,846,5713.5,30.46,2026-04-29
11907,894,3491.7,22.97,2026-04-29
12239,916,2194.4,13.02,2026-04-29
12929,968,4981.2,24.47,2026-04-29
13639,1021,4015.2,27.46,2026-04-29
13997,1049,5778.4,37.36,2026-04-29
14058,1054,2743.1,20.39,2026-04-29
14766,1103,1332.7,13.99,2026-04-29
15191,1129,5347.0,33.64,2026-04-29
16231,1200,7734.5,50.04,2026-04-29
16758,1242,1701.4,15.64,2026-04-29
16831,1247,1410.7,7.56,2026-04-29
17439,1283,1759.4,12.02,2026-04-29
17597,1296,2766.9,13.85,2026-04-29
19038,1403,2312.9,15.54,2026-04-29
19459,1434,2164.5,17.31,2026-04-29
19749,1456,4043.6,23.23,2026-04-29
128,12,2776.0,15.79,2026-04-30
185,16,3198.2,20.11,2026-04-30
495,39,3802.5,38.15,2026-04-30
1675,131,1632.9,13.02,2026-04-30
2038,162,0.0,0.0,2026-04-30
2503,195,1043.9,13.19,2026-04-30
3075,233,10382.7,52.14,2026-04-30
3615,272,2279.2,31.37,2026-04-30
3870,290,4572.1,24.15,2026-04-30
4135,309,2479.1,20.82,2026-04-30
5226,405,1382.8,8.91,2026-04-30
5334,414,1478.8,11.23,2026-04-30
5355,416,1723.9,17.46,2026-04-30
5882,452,3699.3,25.97,2026-04-30
7266,557,4842.9,25.87,2026-04-30
7900,604,2877.5,20.82,2026-04-30
7969,608,3868.0,20.44,2026-04-30
8326,640,5568.9,29.75,2026-04-30
8530,655,3743.4,32.54,2026-04-30
8760,676,1355.9,7.07,2026-04-30
9293,706,2151.7,12.73,2026-04-30
10636,797,3085.9,14.12,2026-04-30
11138,838,7752.8,37.63,2026-04-30
11362,853,2397.2,12.26,2026-04-30
11984,902,2611.4,14.25,2026-04-30
14999,1118,2212.3,11.93,2026-04-30
15106,1125,3789.6,24.25,2026-04-30
17764,1310,3435.6,15.39,2026-04-30
18933,1397,2746.4,15.46,2026-04-30
18991,1401,2527.3,30.58,2026-04-30
586,49,4679.3,31.49,2026-05-01
1791,143,1431.9,9.76,2026-05-01
1881,148,2626.0,17.42,2026-05-01
2168,174,1379.8,13.39,2026-05-01
2177,175,1993.8,12.19,2026-05-01
2281,182,2527.5,23.97,2026-05-01
2664,206,4688.3,33.8,2026-05-01
2798,216,1502.4,12.93,2026-05-01
3161,237,5037.8,42.09,2026-05-01
4020,302,2512.0,20.55,2026-05-01
4188,315,2448.0,15.7,2026-05-01
4540,347,3014.2,21.4,2026-05-01
5069,391,1861.9,13.97,2026-05-01
5671,436,1091.3,9.77,2026-05-01
5753,444,2026.8,12.69,2026-05-01
5772,444,2917.9,19.17,2026-05-01
6544,506,3413.2,18.27,2026-05-01
6756,519,2491.6,19.71,2026-05-01
6926,531,3058.8,14.47,2026-05-01
6997,536,5367.4,27.01,2026-05-01
8303,639,3199.8,15.61,2026-05-01
8359,643,3907.8,16.91,2026-05-01
8393,645,4517.9,25.72,2026-05-01
9208,702,2143.1,13.67,2026-05-01
9690,736,2554.4,20.41,2026-05-01
9954,755,3307.2,23.28,2026-05-01
10140,769,2516.3,11.74,2026-05-01
10765,807,2061.1,15.63,2026-05-01
10811,810,5736.9,39.41,2026-05-01
11169,839,2515.9,17.08,2026-05-01
11230,845,3735.6,26.4,2026-05-01
11850,888,2630.0,16.83,2026-05-01
11867,889,4623.5,30.29,2026-05-01
12123,910,2210.0,12.93,2026-05-01
12190,914,2554.4,26.39,2026-05-01
12566,940,3651.9,27.79,2026-05-01
12572,940,2203.3,13.89,2026-05-01
12581,941,1368.3,9.28,2026-05-01
13169,985,3074.2,14.31,2026-05-01
14030,1051,5136.2,31.13,2026-05-01
14676,1096,3451.9,22.35,2026-05-01
15336,1140,6355.9,39.52,2026-05-01
16022,1181,1417.9,12.37,2026-05-01
16240,1201,1640.3,11.8,2026-05-01
16263,1203,1572.0,17.11,2026-05-01
16636,1230,1005.4,10.12,2026-05-01
17718,1305,2273.7,13.52,2026-05-01
17888,1316,1191.0,10.31,2026-05-01
17957,1321,1645.6,10.86,2026-05-01
18680,1374,1778.8,17.81,2026-05-01
19268,1419,2427.3,17.01,2026-05-01
19683,1453,1946.5,9.95,2026-05-01
20154,1487,2061.4,12.05,2026-05-01
20244,1494,2130.4,16.24,2026-05-01
20285,1495,6308.2,35.82,2026-05-01
20339,643,3907.8,16.91,2026-05-01
20345,941,1368.3,9.28,2026-05-01
609,50,1930.8,10.69,2026-05-02
901,74,1888.3,13.17,2026-05-02
966,80,1554.2,12.48,2026-05-02
1772,140,5700.6,34.51,2026-05-02
1819,145,2449.3,18.18,2026-05-02
1909,150,6077.1,37.04,2026-05-02
2895,223,4083.0,24.61,2026-05-02
3051,231,4737.1,29.24,2026-05-02
4250,322,3097.5,21.48,2026-05-02
4886,375,4574.5,26.21,2026-05-02
5030,389,2124.8,13.11,2026-05-02
5187,401,1476.5,10.86,2026-05-02
5346,414,3146.1,28.21,2026-05-02
6335,491,3870.2,34.49,2026-05-02
7251,557,2250.6,11.76,2026-05-02
7944,607,918.1,5.97,2026-05-02
8341,641,3402.8,25.84,2026-05-02
8456,648,3152.4,19.08,2026-05-02
8981,688,2193.2,16.18,2026-05-02
9492,718,1928.8,12.88,2026-05-02
9806,742,1412.3,8.89,2026-05-02
10212,771,2633.0,18.49,2026-05-02
10553,792,3149.7,22.02,2026-05-02
11052,828,873.1,6.96,2026-05-02
11247,847,1712.2,17.92,2026-05-02
13522,1013,7682.6,48.2,2026-05-02
14019,1050,1450.1,8.26,2026-05-02
14126,1061,3298.5,19.7,2026-05-02
14694,1096,1734.8,10.28,2026-05-02
15417,1146,2361.2,21.77,2026-05-02
15485,1152,2698.5,16.52,2026-05-02
15800,1167,5300.9,31.29,2026-05-02
16525,1223,2329.9,12.71,2026-05-02
17692,1304,2189.7,14.37,2026-05-02
18896,1394,2352.9,14.62,2026-05-02
19597,1444,2672.4,15.86,2026-05-02
20035,1476,1951.2,13.46,2026-05-02
20102,1480,1815.9,15.57,2026-05-02
20162,1488,1945.1,17.02,2026-05-02
494,39,3774.3,19.52,2026-05-03
578,48,1956.7,10.17,2026-05-03
788,68,2277.8,16.68,2026-05-03
1031,83,2431.2,17.92,2026-05-03
1370,109,3719.6,29.27,2026-05-03
2514,195,2832.8,13.94,2026-05-03
2525,198,2082.6,13.16,2026-05-03
2890,221,1657.4,9.2,2026-05-03
2947,227,1865.9,12.29,2026-05-03
3035,231,6272.7,30.18,2026-05-03
3640,274,3323.0,18.66,2026-05-03
4033,302,3194.8,17.39,2026-05-03
4326,328,2817.2,18.49,2026-05-03
4961,381,3500.9,24.56,2026-05-03
5867,450,2258.7,11.02,2026-05-03
6441,500,1773.3,10.23,2026-05-03
6916,531,1774.7,12.38,2026-05-03
7503,575,1633.9,9.58,2026-05-03
7712,591,4308.2,27.07,2026-05-03
8209,627,2539.9,16.26,2026-05-03
8220,629,2293.3,11.49,2026-05-03
8914,684,2037.3,21.2,2026-05-03
9780,741,7704.4,40.53,2026-05-03
10418,784,5044.7,24.45,2026-05-03
10476,788,4444.2,26.63,2026-05-03
10507,789,2927.4,16.04,2026-05-03
10708,802,2419.5,18.06,2026-05-03
10932,817,3138.5,21.39,2026-05-03
11912,895,2794.3,15.87,2026-05-03
12054,904,1865.2,12.36,2026-05-03
12103,907,1237.6,9.77,2026-05-03
12139,910,2807.7,20.58,2026-05-03
12199,915,3447.6,27.9,2026-05-03
12329,921,1910.9,18.41,2026-05-03
15152,1126,1984.9,13.14,2026-05-03
15224,1131,2919.0,15.42,2026-05-03
15590,1157,2920.2,20.49,2026-05-03
15684,1162,2253.2,14.53,2026-05-03
18077,1328,5375.4,35.16,2026-05-03
18353,1348,2967.5,15.72,2026-05-03
18664,1371,3401.5,23.79,2026-05-03
18903,1395,2579.2,14.83,2026-05-03
18965,1398,3887.6,22.39,2026-05-03
19741,1455,3832.5,24.68,2026-05-03
20108,1481,7168.1,31.99,2026-05-03
20216,1490,1717.2,8.78,2026-05-03
20431,274,3323.0,18.66,2026-05-03
374,25,1875.3,9.24,2026-05-04
676,58,2394.5,12.77,2026-05-04
790,68,4676.5,29.12,2026-05-04
943,77,1695.6,11.31,2026-05-04
955,80,1963.3,11.28,2026-05-04
1355,108,1811.1,9.22,2026-05-04
1410,110,1411.0,7.62,2026-05-04
1907,150,1654.1,9.63,2026-05-04
1953,153,2327.0,13.72,2026-05-04
4106,308,2124.6,13.68,2026-05-04
4222,318,1934.8,9.91,2026-05-04
4238,320,2498.1,14.59,2026-05-04
4795,370,1545.0,10.59,2026-05-04
5453,424,1899.9,13.44,2026-05-04
6616,512,3392.8,22.36,2026-05-04
6727,517,2029.4,19.26,2026-05-04
7156,549,1822.0,14.68,2026-05-04
8366,644,1975.5,21.89,2026-05-04
8734,675,3866.2,25.09,2026-05-04
8786,679,3439.2,22.11,2026-05-04
9392,713,795.3,6.47,2026-05-04
9675,734,1408.1,10.03,2026-05-04
9902,750,1687.9,9.05,2026-05-04
10118,768,1109.6,8.41,2026-05-04
10371,781,752.7,5.23,2026-05-04
11429,858,2689.1,18.26,2026-05-04
11523,867,1980.3,15.34,2026-05-04
11618,874,1041.2,11.42,2026-05-04
12179,913,2107.9,12.54,2026-05-04
12290,919,932.1,7.04,2026-05-04
13186,986,2078.1,12.18,2026-05-04
13354,999,3369.8,24.03,2026-05-04
14704,1097,838.2,8.64,2026-05-04
15594,1157,773.2,9.93,2026-05-04
16125,1192,1607.4,9.68,2026-05-04
17139,1263,2358.0,17.44,2026-05-04
17471,1286,2614.7,20.75,2026-05-04
17772,1310,662.6,4.63,2026-05-04
17848,1314,3909.1,24.84,2026-05-04
18268,1342,1848.6,9.22,2026-05-04
19285,1420,2143.5,8.9,2026-05-04
20333,1500,1302.6,10.61,2026-05-04
216,19,4419.4,26.29,2026-05-05
753,65,3707.8,23.82,2026-05-05
1100,90,2213.1,12.36,2026-05-05
1771,140,3982.6,20.97,2026-05-05
2697,209,1454.6,10.98,2026-05-05
3060,233,1860.6,14.01,2026-05-05
3186,238,5529.0,34.09,2026-05-05
3580,267,1638.7,8.16,2026-05-05
4128,309,3191.5,21.48,2026-05-05
4466,342,2404.9,14.45,2026-05-05
5056,390,2991.2,20.85,2026-05-05
5172,401,5287.3,21.95,2026-05-05
5264,409,1909.5,12.89,2026-05-05
5498,425,3847.5,21.76,2026-05-05
5751,444,2135.0,14.59,2026-05-05
6460,501,3783.7,14.95,2026-05-05
7192,552,1959.9,11.5,2026-05-05
7237,556,5474.2,37.25,2026-05-05
7667,585,2255.9,13.71,2026-05-05
8261,633,1015.0,8.89,2026-05-05
8467,650,4022.7,25.12,2026-05-05
8791,679,1619.6,14.2,2026-05-05
9311,708,1888.2,13.05,2026-05-05
10139,769,2210.7,12.0,2026-05-05
10152,769,1124.8,6.55,2026-05-05
10519,791,6527.3,52.88,2026-05-05
11243,846,2190.6,14.45,2026-05-05
11976,900,1228.1,8.81,2026-05-05
11994,902,1635.3,13.99,2026-05-05
12658,946,1642.8,13.35,2026-05-05
13938,1044,6095.1,43.09,2026-05-05
14868,1110,1131.6,7.15,2026-05-05
15219,1130,2966.6,15.04,2026-05-05
16856,1248,1138.0,11.8,2026-05-05
17545,1293,1750.1,13.18,2026-05-05
17908,1319,5469.2,44.39,2026-05-05
18548,1360,3281.1,17.99,2026-05-05
18810,1384,1288.0,10.9,2026-05-05
19509,1438,4427.4,31.95,2026-05-05
19536,1439,1434.1,7.41,2026-05-05
19540,1439,2374.3,12.18,2026-05-05
19889,1467,4904.0,23.94,2026-05-05
124,12,2237.0,12.93,2026-05-06
260,20,4823.8,30.64,2026-05-06
591,49,1380.9,11.77,2026-05-06
665,57,1018.1,10.08,2026-05-06
2085,166,1566.9,9.24,2026-05-06
2100,167,2278.8,14.8,2026-05-06
2137,172,3220.6,30.41,2026-05-06
2350,185,896.1,5.92,2026-05-06
2406,188,4040.1,20.85,2026-05-06
2926,226,1846.5,13.13,2026-05-06
3494,259,2368.3,13.54,2026-05-06
3877,291,5172.0,32.14,2026-05-06
3919,294,2550.6,14.7,2026-05-06
4360,331,1488.4,18.78,2026-05-06
4641,356,6101.3,31.36,2026-05-06
5106,394,2852.8,14.2,2026-05-06
5640,434,3526.1,23.02,2026-05-06
5703,439,2436.3,16.44,2026-05-06
5896,453,3005.6,19.01,2026-05-06
6358,494,1957.5,12.51,2026-05-06
6726,517,2030.5,13.3,2026-05-06
6859,526,3632.6,17.81,2026-05-06
6985,535,2782.9,16.77,2026-05-06
7057,542,1702.0,10.51,2026-05-06
7652,584,9451.3,38.12,2026-05-06
7710,591,4387.2,20.21,2026-05-06
8921,685,1341.0,13.12,2026-05-06
9289,706,1997.5,17.28,2026-05-06
9481,717,2956.5,20.52,2026-05-06
9782,741,7792.9,35.03,2026-05-06
12135,910,2050.9,16.52,2026-05-06
12728,952,1630.0,14.95,2026-05-06
12998,972,1021.7,9.23,2026-05-06
13326,997,5390.5,38.46,2026-05-06
13738,1028,1429.6,8.98,2026-05-06
13803,1034,1920.8,10.74,2026-05-06
13870,1040,4359.9,19.87,2026-05-06
14239,1068,2089.5,15.06,2026-05-06
14820,1107,1520.1,19.25,2026-05-06
14842,1108,3559.7,19.79,2026-05-06
16463,1217,2417.3,19.96,2026-05-06
17483,1289,2374.5,17.07,2026-05-06
17623,1298,1631.6,11.83,2026-05-06
17726,1305,6026.7,31.67,2026-05-06
17746,1308,1561.3,10.24,2026-05-06
18153,1332,3130.9,15.22,2026-05-06
18699,1375,5582.8,31.08,2026-05-06
18749,1378,3844.4,26.97,2026-05-06
19679,1453,1388.4,12.07,2026-05-06
19803,1460,8325.6,40.42,2026-05-06
19897,1467,1604.5,10.57,2026-05-06
19910,1468,2133.2,16.37,2026-05-06
20445,185,896.1,5.92,2026-05-06
815,69,2973.0,19.09,2026-05-07
1103,91,2757.3,16.7,2026-05-07
1394,110,2645.5,14.37,2026-05-07
1582,122,1486.6,8.03,2026-05-07
1696,133,1951.6,11.25,2026-05-07
1776,141,2933.9,14.23,2026-05-07
2114,168,4776.0,35.23,2026-05-07
3185,238,1933.3,12.45,2026-05-07
3635,274,1918.9,10.62,2026-05-07
4825,372,5211.7,27.08,2026-05-07
4910,377,3002.1,16.83,2026-05-07
5022,389,2399.5,17.51,2026-05-07
6049,466,4120.8,27.71,2026-05-07
6598,509,2341.4,19.05,2026-05-07
7255,557,2817.6,22.08,2026-05-07
7376,564,1791.4,9.84,2026-05-07
7681,587,856.6,11.95,2026-05-07
8164,624,1700.1,11.81,2026-05-07
8199,627,1224.5,7.31,2026-05-07
8274,637,4119.8,21.67,2026-05-07
9789,742,3566.8,22.7,2026-05-07
10222,772,3990.7,22.38,2026-05-07
11896,893,747.8,5.45,2026-05-07
12038,904,0.0,0.0,2026-05-07
12743,952,2083.2,22.13,2026-05-07
13613,1020,3190.1,16.5,2026-05-07
14430,1079,1823.8,19.59,2026-05-07
14683,1096,2055.7,11.79,2026-05-07
14797,1106,1799.0,13.24,2026-05-07
15164,1127,1680.1,11.5,2026-05-07
15408,1145,3697.1,28.29,2026-05-07
15825,1168,2809.9,12.12,2026-05-07
17208,1269,1484.7,7.5,2026-05-07
17658,1299,4854.8,27.3,2026-05-07
17724,1305,2266.7,11.28,2026-05-07
17877,1316,4236.9,20.66,2026-05-07
17990,1323,1786.7,10.46,2026-05-07
18054,1327,3681.8,19.77,2026-05-07
18722,1377,4671.0,27.72,2026-05-07
19012,1402,1668.4,10.34,2026-05-07
19019,1402,3882.9,21.27,2026-05-07
19131,1413,1161.4,6.55,2026-05-07
19716,1454,2655.2,23.85,2026-05-07
297,23,5881.7,24.99,2026-05-08
472,36,3631.1,20.48,2026-05-08
956,80,3025.1,19.14,2026-05-08
1196,97,1310.0,12.48,2026-05-08
1540,120,1997.7,16.16,2026-05-08
1604,124,2330.2,16.04,2026-05-08
1769,140,934.6,13.35,2026-05-08
1823,145,5288.0,31.25,2026-05-08
1857,146,4056.6,23.87,2026-05-08
2105,167,6104.3,32.33,2026-05-08
4440,340,1692.4,16.49,2026-05-08
4456,341,1490.1,9.36,2026-05-08
4907,376,1942.5,10.0,2026-05-08
5349,415,1564.3,9.83,2026-05-08
5675,436,2075.7,20.6,2026-05-08
5868,450,2308.4,11.82,2026-05-08
5988,461,4029.1,23.47,2026-05-08
6268,486,2037.8,11.56,2026-05-08
6611,511,2637.5,15.03,2026-05-08
6934,532,4023.3,22.84,2026-05-08
7743,593,1093.0,7.3,2026-05-08
7801,595,4399.4,24.63,2026-05-08
7958,608,2971.8,15.34,2026-05-08
8771,677,2567.2,13.78,2026-05-08
10517,791,4630.8,26.78,2026-05-08
10595,794,7258.4,33.08,2026-05-08
10760,807,2452.9,16.33,2026-05-08
10995,822,1865.7,11.01,2026-05-08
12229,916,2711.6,19.46,2026-05-08
13303,996,4132.6,36.71,2026-05-08
13330,997,2496.4,18.2,2026-05-08
13444,1004,2778.1,14.96,2026-05-08
13759,1030,1335.6,12.94,2026-05-08
13833,1035,1816.9,9.85,2026-05-08
14553,1089,1771.6,16.59,2026-05-08
14893,1111,1014.0,7.72,2026-05-08
14922,1113,3256.8,25.19,2026-05-08
15101,1124,4007.2,26.1,2026-05-08
16747,1241,2832.0,17.68,2026-05-08
17849,1314,2961.6,17.93,2026-05-08
17865,1316,7653.4,48.89,2026-05-08
18235,1340,2594.4,19.24,2026-05-08
18251,1341,3546.9,17.59,2026-05-08
18414,1352,2112.2,18.01,2026-05-08
19550,1440,3978.3,17.39,2026-05-08
19723,1454,1368.1,13.26,2026-05-08
878,73,1245.0,12.46,2026-05-09
1175,96,4964.4,23.97,2026-05-09
1745,138,2312.1,16.77,2026-05-09
2014,160,0.0,0.0,2026-05-09
2104,167,2809.4,15.3,2026-05-09
2390,188,1644.7,12.36,2026-05-09
2395,188,3683.1,22.52,2026-05-09
2928,226,3159.9,25.91,2026-05-09
2987,229,5818.0,33.87,2026-05-09
3397,252,3088.4,16.4,2026-05-09
4717,361,1401.8,11.41,2026-05-09
5384,417,4680.0,23.51,2026-05-09
5684,436,1974.5,16.45,2026-05-09
5815,448,3390.7,20.91,2026-05-09
6503,504,5721.2,24.8,2026-05-09
7573,580,4447.5,31.54,2026-05-09
7591,580,1570.8,10.94,2026-05-09
7985,609,3376.6,16.43,2026-05-09
8427,647,2950.5,21.16,2026-05-09
9496,719,2646.9,17.13,2026-05-09
9987,759,1459.6,11.09,2026-05-09
10542,791,3227.4,21.92,2026-05-09
11266,847,2679.8,21.88,2026-05-09
11702,879,3450.1,22.29,2026-05-09
11870,890,603.1,5.0,2026-05-09
11883,891,1736.5,11.41,2026-05-09
12797,957,2565.1,15.62,2026-05-09
13537,1014,2377.5,18.09,2026-05-09
13705,1025,3799.0,27.57,2026-05-09
15261,1134,1028.0,8.39,2026-05-09
15311,1138,5701.2,36.81,2026-05-09
15388,1143,3688.1,19.3,2026-05-09
16265,1204,2946.0,18.41,2026-05-09
16867,1249,3389.7,19.89,2026-05-09
16896,1250,2180.3,13.76,2026-05-09
17602,1296,2237.8,15.05,2026-05-09
18836,1387,1688.0,18.63,2026-05-09
18998,1401,1147.6,7.38,2026-05-09
19319,1423,6142.4,31.08,2026-05-09
19662,1451,4307.5,23.47,2026-05-09
19912,1468,3283.7,16.35,2026-05-09
985,81,2348.3,16.73,2026-05-10
1289,103,2223.3,13.42,2026-05-10
1804,145,2250.3,20.59,2026-05-10
2507,195,1103.3,8.74,2026-05-10
2644,205,1490.2,7.42,2026-05-10
3010,229,1231.5,8.64,2026-05-10
3488,258,3421.4,27.05,2026-05-10
3709,279,2778.0,17.34,2026-05-10
4206,317,4812.8,37.8,2026-05-10
4387,333,3315.3,17.25,2026-05-10
5195,402,1050.0,9.44,2026-05-10
5758,444,3296.9,18.19,2026-05-10
6032,465,1069.9,8.23,2026-05-10
6477,503,3351.7,14.95,2026-05-10
7644,584,1496.4,13.93,2026-05-10
7842,599,2102.7,11.3,2026-05-10
8265,635,2725.8,16.94,2026-05-10
9308,708,2203.7,12.35,2026-05-10
10243,773,2454.2,14.71,2026-05-10
10702,801,2232.3,18.75,2026-05-10
10848,812,3304.0,24.47,2026-05-10
11226,845,4062.1,17.82,2026-05-10
12848,961,3663.7,17.7,2026-05-10
13312,996,1157.7,8.35,2026-05-10
14044,1052,2209.2,10.25,2026-05-10
14663,1096,1414.7,11.4,2026-05-10
14833,1107,3455.8,20.49,2026-05-10
16309,1205,1915.1,10.71,2026-05-10
16754,1242,674.0,7.6,2026-05-10
16872,1249,1946.7,11.65,2026-05-10
17548,1293,2845.2,16.34,2026-05-10
17742,1307,2883.7,18.59,2026-05-10
18004,1325,4606.0,35.79,2026-05-10
18231,1339,2646.2,13.4,2026-05-10
18280,1343,3510.8,24.83,2026-05-10
18927,1397,2122.0,13.95,2026-05-10
19210,1417,1695.0,8.82,2026-05-10
19361,1425,2328.1,16.68,2026-05-10
19794,1459,2290.4,17.18,2026-05-10
19908,1468,2260.5,11.05,2026-05-10
470,36,2909.8,21.12,2026-05-11
483,39,5324.2,38.07,2026-05-11
1270,102,1919.2,11.75,2026-05-11
1669,131,2544.2,14.48,2026-05-11
1797,144,2260.5,9.23,2026-05-11
2041,163,2395.8,12.81,2026-05-11
2374,186,2420.6,18.35,2026-05-11
2636,205,1841.2,12.15,2026-05-11
3048,231,2231.8,15.26,2026-05-11
3526,263,4466.6,22.31,2026-05-11
3858,290,2414.0,13.45,2026-05-11
3864,290,2332.6,25.73,2026-05-11
3890,291,3282.6,23.22,2026-05-11
3909,293,4241.3,21.76,2026-05-11
4241,320,4734.3,32.0,2026-05-11
4869,374,2829.2,15.79,2026-05-11
5118,397,2234.4,12.54,2026-05-11
5125,397,2472.4,11.47,2026-05-11
5733,442,3347.6,20.12,2026-05-11
6639,513,5953.4,30.15,2026-05-11
7687,587,6728.1,38.02,2026-05-11
9551,722,1486.2,13.11,2026-05-11
10199,771,1034.0,7.05,2026-05-11
10502,788,4144.3,23.41,2026-05-11
10705,802,3362.4,16.73,2026-05-11
11425,858,6058.8,33.37,2026-05-11
11822,887,4138.5,27.67,2026-05-11
12197,915,2405.0,22.67,2026-05-11
12266,918,1596.4,11.48,2026-05-11
13804,1034,3047.0,18.62,2026-05-11
14047,1052,4038.3,17.73,2026-05-11
14493,1083,1906.0,9.7,2026-05-11
15080,1124,4688.3,31.02,2026-05-11
15420,1147,1907.3,13.01,2026-05-11
16275,1204,1624.5,11.43,2026-05-11
16326,1207,2389.0,16.66,2026-05-11
16349,1209,3675.3,13.62,2026-05-11
16519,1223,2317.2,14.98,2026-05-11
16654,1232,1368.6,8.37,2026-05-11
17188,1267,3467.5,25.8,2026-05-11
17434,1283,1952.1,15.38,2026-05-11
17509,1290,4726.4,21.56,2026-05-11
17697,1304,1768.1,9.41,2026-05-11
18410,1351,1785.8,15.68,2026-05-11
18763,1379,2308.0,20.82,2026-05-11
18916,1396,1498.3,10.86,2026-05-11
18923,1396,2449.5,12.14,2026-05-11
19213,1417,3207.9,22.48,2026-05-11
20412,1396,1498.3,10.86,2026-05-11
375,25,3190.3,19.41,2026-05-12
969,80,2887.7,20.99,2026-05-12
1652,130,2580.0,16.58,2026-05-12
3138,236,2750.0,19.31,2026-05-12
3573,266,3235.0,17.5,2026-05-12
4151,311,1345.3,7.9,2026-05-12
4580,352,1644.7,9.06,2026-05-12
6368,494,1269.8,10.51,2026-05-12
6683,515,2536.4,18.88,2026-05-12
7481,572,1198.1,14.49,2026-05-12
8152,622,2410.9,19.56,2026-05-12
8294,639,1911.5,11.69,2026-05-12
8357,643,1935.8,11.87,2026-05-12
8477,651,2291.8,25.29,2026-05-12
8967,688,2115.2,17.36,2026-05-12
9085,693,2715.3,17.2,2026-05-12
9887,749,2518.0,19.29,2026-05-12
10099,766,3064.2,21.86,2026-05-12
10717,802,5228.7,35.92,2026-05-12
10938,818,1503.2,10.84,2026-05-12
12219,915,3181.1,15.52,2026-05-12
12349,922,1414.6,6.82,2026-05-12
13980,1048,1897.6,9.41,2026-05-12
15623,1158,2618.3,23.4,2026-05-12
17325,1275,3052.0,21.5,2026-05-12
17994,1323,3496.6,19.78,2026-05-12
18764,1379,1344.7,12.02,2026-05-12
18780,1381,1069.7,7.83,2026-05-12
18967,1399,876.2,9.87,2026-05-12
19426,1431,2780.4,13.36,2026-05-12
19619,1448,2641.8,15.02,2026-05-12
19991,1471,1623.6,19.89,2026-05-12
103,12,3061.9,15.8,2026-05-13
231,19,6082.0,33.15,2026-05-13
455,36,1955.0,23.97,2026-05-13
507,42,1683.1,10.41,2026-05-13
976,80,2275.9,14.98,2026-05-13
1606,124,1319.3,10.51,2026-05-13
2055,163,2142.0,14.57,2026-05-13
2399,188,2654.0,17.65,2026-05-13
3591,268,3021.3,20.97,2026-05-13
3786,285,2371.7,16.71,2026-05-13
4058,304,5299.7,36.32,2026-05-13
4803,371,4587.3,27.72,2026-05-13
4850,372,3563.0,23.29,2026-05-13
6590,509,3098.9,15.73,2026-05-13
7585,580,5362.7,32.17,2026-05-13
8257,633,3893.3,26.03,2026-05-13
8692,670,3881.8,23.1,2026-05-13
8990,690,3708.8,21.81,2026-05-13
9197,700,2996.9,20.5,2026-05-13
9198,700,1277.8,10.94,2026-05-13
9454,715,3674.7,22.86,2026-05-13
9572,724,4393.8,36.23,2026-05-13
9761,738,2888.9,14.56,2026-05-13
9922,751,965.7,5.45,2026-05-13
10078,765,3845.4,23.13,2026-05-13
10429,784,2099.2,31.33,2026-05-13
10540,791,1857.3,12.12,2026-05-13
10668,799,3052.4,25.93,2026-05-13
12368,925,1585.4,14.27,2026-05-13
12442,932,3393.2,18.37,2026-05-13
13894,1041,1212.2,9.31,2026-05-13
14224,1067,659.0,7.52,2026-05-13
14441,1081,2606.9,16.33,2026-05-13
14620,1093,5217.7,30.61,2026-05-13
14686,1096,1691.6,16.61,2026-05-13
15089,1124,1521.5,10.88,2026-05-13
15764,1165,4146.9,23.84,2026-05-13
16144,1194,1476.1,10.23,2026-05-13
16278,1204,3346.3,23.05,2026-05-13
16994,1257,3640.4,27.91,2026-05-13
17461,1284,3036.9,13.48,2026-05-13
19557,1441,5590.2,37.58,2026-05-13
20267,1495,2541.7,15.91,2026-05-13
20297,1495,4970.3,34.73,2026-05-13
532,43,1444.5,9.03,2026-05-14
1366,109,2245.5,21.97,2026-05-14
1621,125,1729.4,10.88,2026-05-14
2159,173,1890.6,16.74,2026-05-14
2222,178,1987.4,13.92,2026-05-14
2386,188,2149.7,13.76,2026-05-14
2631,203,3371.1,19.99,2026-05-14
2791,214,1721.8,14.66,2026-05-14
3093,234,2827.7,22.47,2026-05-14
3118,236,8780.9,43.73,2026-05-14
4127,309,2633.2,15.32,2026-05-14
4386,333,2029.0,9.39,2026-05-14
4389,333,3911.8,18.75,2026-05-14
4445,340,2165.6,14.19,2026-05-14
4698,359,2037.9,17.52,2026-05-14
4815,371,1391.6,7.66,2026-05-14
5595,431,1635.3,13.88,2026-05-14
5725,442,3419.5,17.51,2026-05-14
6081,469,5197.8,29.17,2026-05-14
6487,503,2441.8,13.65,2026-05-14
6915,531,5813.1,51.1,2026-05-14
7471,572,5227.4,29.25,2026-05-14
7526,577,3336.9,20.52,2026-05-14
7557,579,2810.3,21.08,2026-05-14
7694,588,3855.9,23.59,2026-05-14
8329,640,2632.8,23.43,2026-05-14
8525,654,998.2,8.63,2026-05-14
8745,675,2281.4,16.97,2026-05-14
9225,703,3277.6,30.87,2026-05-14
9333,709,2233.5,14.96,2026-05-14
9817,743,9593.8,54.2,2026-05-14
9984,759,4406.8,40.63,2026-05-14
10121,768,2684.2,13.25,2026-05-14
10159,769,3532.8,15.73,2026-05-14
10710,802,1847.5,14.23,2026-05-14
10823,811,3148.7,23.05,2026-05-14
11061,830,3717.2,24.32,2026-05-14
11443,861,2948.7,17.23,2026-05-14
11525,867,877.7,6.38,2026-05-14
11682,876,2462.2,18.08,2026-05-14
12076,906,2511.3,18.03,2026-05-14
12634,945,1533.5,6.67,2026-05-14
12914,966,1013.6,8.05,2026-05-14
13203,988,2236.4,21.22,2026-05-14
14290,1071,3337.9,21.71,2026-05-14
14310,1072,4256.3,18.04,2026-05-14
15619,1158,3763.0,21.67,2026-05-14
15721,1164,3497.0,22.84,2026-05-14
15750,1165,3515.9,30.12,2026-05-14
16722,1239,4482.1,20.26,2026-05-14
16744,1240,1348.5,7.86,2026-05-14
16922,1252,3734.3,20.78,2026-05-14
17326,1275,1717.2,10.25,2026-05-14
17370,1277,4828.9,23.18,2026-05-14
17469,1285,3004.3,14.21,2026-05-14
17777,1311,4674.1,25.7,2026-05-14
18589,1365,2950.0,16.81,2026-05-14
18678,1374,1652.0,9.89,2026-05-14
19710,1454,2115.3,16.89,2026-05-14
506,42,4418.0,21.25,2026-05-15
672,57,1504.4,11.06,2026-05-15
1392,109,2884.6,20.32,2026-05-15
1704,133,2476.2,14.18,2026-05-15
1930,152,1794.1,23.19,2026-05-15
4552,348,4469.6,25.98,2026-05-15
5090,392,1758.3,17.56,2026-05-15
5121,397,2751.1,16.7,2026-05-15
6712,516,5849.1,32.63,2026-05-15
6835,523,3453.3,25.99,2026-05-15
7505,575,953.9,8.43,2026-05-15
8194,626,7662.8,40.23,2026-05-15
8271,635,2449.6,17.8,2026-05-15
9423,714,6625.5,31.45,2026-05-15
9548,722,1327.6,13.9,2026-05-15
9558,723,2158.5,12.91,2026-05-15
9714,736,1606.2,11.54,2026-05-15
9734,737,0.0,0.0,2026-05-15
9799,742,1081.6,8.02,2026-05-15
9918,751,7907.9,43.48,2026-05-15
11604,872,1452.7,17.78,2026-05-15
11765,883,2640.9,18.06,2026-05-15
11972,900,2032.0,10.86,2026-05-15
12142,911,1815.7,10.22,2026-05-15
12390,926,1469.5,10.43,2026-05-15
12547,940,1951.6,10.35,2026-05-15
12624,944,913.3,8.73,2026-05-15
12698,949,4168.0,19.66,2026-05-15
12851,961,2426.5,19.53,2026-05-15
12853,962,1434.4,9.07,2026-05-15
12909,966,2305.6,16.57,2026-05-15
13189,987,3341.8,18.92,2026-05-15
13485,1009,4117.0,27.23,2026-05-15
13931,1043,2667.3,22.88,2026-05-15
14265,1070,2002.7,11.98,2026-05-15
15220,1130,3056.0,13.23,2026-05-15
15403,1145,3029.4,20.61,2026-05-15
15674,1162,2284.7,15.15,2026-05-15
15677,1162,4555.4,27.65,2026-05-15
15753,1165,2162.9,13.19,2026-05-15
15895,1170,1290.6,6.92,2026-05-15
16092,1190,1894.0,10.8,2026-05-15
16323,1207,1802.2,12.02,2026-05-15
16422,1213,1899.5,9.51,2026-05-15
16692,1236,1591.1,12.05,2026-05-15
16903,1250,3412.5,21.89,2026-05-15
17314,1274,2530.5,14.0,2026-05-15
17919,1320,5544.8,24.03,2026-05-15
18474,1355,3274.3,22.71,2026-05-15
18771,1380,914.5,7.39,2026-05-15
19331,1423,3852.8,26.2,2026-05-15
19450,1433,1006.9,7.72,2026-05-15
929,76,2258.0,17.01,2026-05-16
1143,93,2007.9,13.71,2026-05-16
1311,105,3586.1,20.3,2026-05-16
1339,107,2486.2,18.07,2026-05-16
1567,121,1008.7,12.73,2026-05-16
2531,198,3455.7,16.98,2026-05-16
3468,256,5420.3,24.74,2026-05-16
3628,273,2351.1,13.97,2026-05-16
4201,317,7039.4,41.01,2026-05-16
4495,344,937.1,7.18,2026-05-16
6084,469,1868.7,10.23,2026-05-16
6475,503,3307.1,18.42,2026-05-16
6671,515,2345.2,10.91,2026-05-16
6674,515,3012.4,23.86,2026-05-16
6982,535,5347.7,31.93,2026-05-16
7062,542,4099.9,25.59,2026-05-16
7163,550,2287.4,14.5,2026-05-16
8323,640,4909.8,29.0,2026-05-16
8333,640,1745.8,11.83,2026-05-16
8374,644,5550.9,32.91,2026-05-16
9482,717,3034.6,24.11,2026-05-16
11260,847,6515.8,42.0,2026-05-16
12396,927,2117.4,9.3,2026-05-16
12489,938,1976.3,11.75,2026-05-16
13010,973,2836.0,17.88,2026-05-16
13080,978,1343.6,13.67,2026-05-16
13161,984,4143.1,21.77,2026-05-16
14083,1056,1237.4,7.8,2026-05-16
14096,1058,2482.4,18.53,2026-05-16
14315,1072,2890.9,18.96,2026-05-16
14440,1081,3580.2,23.66,2026-05-16
15503,1152,6912.8,36.49,2026-05-16
15949,1176,5378.3,24.19,2026-05-16
16003,1180,2506.6,15.34,2026-05-16
16274,1204,2027.1,16.03,2026-05-16
16468,1217,3018.0,15.74,2026-05-16
16485,1218,3627.6,17.11,2026-05-16
16830,1247,2812.8,19.16,2026-05-16
16881,1249,2647.1,13.18,2026-05-16
17603,1296,2902.0,18.88,2026-05-16
18572,1363,1810.8,9.89,2026-05-16
19040,1403,2515.0,22.67,2026-05-16
19168,1414,3235.5,20.46,2026-05-16
19922,1468,3347.0,36.25,2026-05-16
20385,256,5420.3,24.74,2026-05-16
20387,93,2007.9,13.71,2026-05-16
989,81,2964.1,15.17,2026-05-17
999,82,8271.7,42.92,2026-05-17
1211,98,3405.2,25.28,2026-05-17
2530,198,2354.3,13.8,2026-05-17
2744,212,3060.1,20.75,2026-05-17
2764,214,1932.7,19.31,2026-05-17
3579,267,1913.0,19.0,2026-05-17
3734,281,2446.2,18.31,2026-05-17
3799,287,1046.6,12.48,2026-05-17
4144,310,1083.5,14.65,2026-05-17
5173,401,2724.7,15.1,2026-05-17
5394,418,3516.1,15.59,2026-05-17
5406,419,1509.1,10.76,2026-05-17
5715,441,1697.7,11.66,2026-05-17
5861,450,2957.0,22.78,2026-05-17
6196,477,3554.1,28.64,2026-05-17
6225,481,3131.7,20.47,2026-05-17
6375,496,2507.0,16.99,2026-05-17
6465,501,2145.7,12.29,2026-05-17
6972,535,1371.4,10.13,2026-05-17
7495,572,2582.0,15.34,2026-05-17
7764,594,942.0,6.05,2026-05-17
7881,602,6004.5,31.58,2026-05-17
7941,607,1416.5,12.12,2026-05-17
8113,617,3280.3,15.57,2026-05-17
8161,623,2345.6,14.26,2026-05-17
8739,675,4552.9,30.0,2026-05-17
8826,680,2116.8,22.36,2026-05-17
9216,703,2452.6,19.15,2026-05-17
9372,710,4334.6,29.11,2026-05-17
9394,713,3053.9,19.2,2026-05-17
10142,769,3165.5,21.1,2026-05-17
10170,770,3656.3,32.06,2026-05-17
10328,779,4400.0,27.8,2026-05-17
10339,780,2929.8,19.71,2026-05-17
10451,787,2706.8,13.07,2026-05-17
10843,812,1348.8,9.44,2026-05-17
11603,872,2380.0,21.36,2026-05-17
11707,879,6109.4,37.63,2026-05-17
12511,939,3201.2,25.52,2026-05-17
12521,939,1800.3,10.63,2026-05-17
12718,951,2446.7,21.23,2026-05-17
12910,966,3747.8,26.97,2026-05-17
13544,1014,3281.7,17.54,2026-05-17
14149,1062,1247.2,10.28,2026-05-17
14627,1093,1489.7,8.73,2026-05-17
14789,1105,3729.3,31.07,2026-05-17
15222,1130,1120.8,8.49,2026-05-17
16150,1194,2538.6,16.44,2026-05-17
16737,1240,6020.9,30.98,2026-05-17
16751,1242,2746.3,15.08,2026-05-17
16863,1248,1656.3,11.62,2026-05-17
18223,1337,4294.4,20.16,2026-05-17
19163,1414,2933.5,21.22,2026-05-17
19271,1419,1890.8,14.83,2026-05-17
19350,1425,1898.3,11.45,2026-05-17
19906,1468,2457.3,15.08,2026-05-17
592,49,1345.0,8.66,2026-05-18
780,67,2480.7,17.2,2026-05-18
1386,109,1833.8,14.11,2026-05-18
2227,178,5060.0,35.32,2026-05-18
2510,195,2776.6,19.36,2026-05-18
2576,200,7769.6,39.65,2026-05-18
3602,271,2339.6,16.83,2026-05-18
4637,356,1804.4,14.26,2026-05-18
5168,400,2939.8,19.63,2026-05-18
6340,492,4528.9,21.73,2026-05-18
6581,508,4549.3,25.44,2026-05-18
7752,593,1388.0,10.42,2026-05-18
7843,599,1641.4,9.8,2026-05-18
7988,609,2169.3,11.18,2026-05-18
8207,627,2549.1,22.19,2026-05-18
8756,676,3297.1,21.92,2026-05-18
9369,710,2237.3,13.55,2026-05-18
9665,733,5302.2,26.39,2026-05-18
9742,738,5942.5,30.39,2026-05-18
9801,742,3856.4,22.81,2026-05-18
10115,767,1171.6,9.59,2026-05-18
10334,780,3013.3,20.37,2026-05-18
10343,780,3544.9,36.96,2026-05-18
10962,820,2177.1,15.5,2026-05-18
11346,852,3007.5,15.67,2026-05-18
11498,865,1834.4,11.66,2026-05-18
11666,876,2431.5,19.79,2026-05-18
11869,890,1047.5,9.45,2026-05-18
12260,917,2791.0,16.98,2026-05-18
12332,921,704.2,5.3,2026-05-18
12467,935,3580.1,25.11,2026-05-18
12648,945,3581.7,18.47,2026-05-18
13095,979,4656.5,30.98,2026-05-18
13209,988,2253.0,13.64,2026-05-18
13366,999,4929.3,25.7,2026-05-18
13413,1003,2303.7,20.65,2026-05-18
13597,1018,1509.9,8.06,2026-05-18
13857,1037,1334.5,8.42,2026-05-18
14882,1111,2861.8,16.8,2026-05-18
14991,1117,1224.1,9.56,2026-05-18
15872,1169,3350.1,16.96,2026-05-18
16306,1205,3950.4,19.17,2026-05-18
16591,1227,2750.2,20.74,2026-05-18
18592,1365,3176.0,17.06,2026-05-18
18833,1387,2054.2,9.82,2026-05-18
18852,1389,2190.4,23.16,2026-05-18
19330,1423,2506.8,16.41,2026-05-18
19333,1424,2483.9,10.09,2026-05-18
19372,1426,1008.3,10.53,2026-05-18
19408,1430,2377.0,20.66,2026-05-18
19412,1430,4130.4,22.18,2026-05-18
19413,1430,2319.5,14.55,2026-05-18
19755,1458,1515.9,11.91,2026-05-18
19769,1458,2949.3,20.4,2026-05-18
276,21,1585.9,13.42,2026-05-19
667,57,2109.1,19.56,2026-05-19
1267,102,1840.5,12.19,2026-05-19
1882,148,3422.4,28.2,2026-05-19
2028,161,4432.6,26.0,2026-05-19
2700,209,2096.9,19.43,2026-05-19
3116,235,2023.2,12.61,2026-05-19
3902,292,3034.2,21.63,2026-05-19
3999,300,2564.8,17.5,2026-05-19
4376,332,2528.0,16.58,2026-05-19
4674,358,2294.1,11.39,2026-05-19
5304,411,3723.5,22.04,2026-05-19
5714,441,3732.1,23.27,2026-05-19
5991,462,3749.1,28.06,2026-05-19
6026,465,1762.4,9.21,2026-05-19
6399,497,4614.3,23.07,2026-05-19
7487,572,2199.2,21.2,2026-05-19
8009,612,3941.3,19.8,2026-05-19
8582,660,1180.6,16.14,2026-05-19
9340,709,2634.3,18.35,2026-05-19
9483,718,3525.0,17.87,2026-05-19
9652,731,3235.1,19.07,2026-05-19
9957,755,1839.8,14.0,2026-05-19
10286,775,4888.6,33.7,2026-05-19
10742,805,4684.2,22.57,2026-05-19
10934,817,956.6,11.35,2026-05-19
11298,848,3615.3,22.55,2026-05-19
11859,888,1765.3,13.63,2026-05-19
12472,935,9716.9,38.34,2026-05-19
12508,938,3176.6,16.74,2026-05-19
13058,977,1496.2,11.11,2026-05-19
13181,986,2637.8,15.77,2026-05-19
13789,1032,3338.8,23.95,2026-05-19
13830,1035,5492.8,32.42,2026-05-19
13884,1040,1075.4,5.85,2026-05-19
14260,1070,6324.7,30.43,2026-05-19
15040,1120,1462.2,11.78,2026-05-19
15263,1134,2467.7,21.75,2026-05-19
15658,1161,1264.9,11.02,2026-05-19
15940,1174,1325.7,11.03,2026-05-19
16181,1197,1526.9,12.8,2026-05-19
16369,1210,3179.1,18.65,2026-05-19
16911,1252,1525.6,9.46,2026-05-19
17442,1283,2168.7,18.26,2026-05-19
17758,1310,6744.0,27.96,2026-05-19
18064,1328,4087.9,24.99,2026-05-19
18120,1329,2143.8,23.71,2026-05-19
18371,1349,1283.1,9.54,2026-05-19
18825,1385,2669.7,21.83,2026-05-19
19144,1413,2260.3,10.99,2026-05-19
19325,1423,2546.9,16.6,2026-05-19
19968,1471,1621.1,11.57,2026-05-19
20341,332,2528.0,16.58,2026-05-19
718,63,1156.2,19.27,2026-05-20
1232,99,1790.7,13.65,2026-05-20
1682,132,2264.1,15.0,2026-05-20
1727,135,4084.1,21.49,2026-05-20
1767,140,2177.1,11.89,2026-05-20
3027,230,5097.4,40.33,2026-05-20
4071,306,2046.3,16.75,2026-05-20
4114,309,2408.3,16.36,2026-05-20
4396,335,2289.3,13.6,2026-05-20
4410,336,1559.0,9.95,2026-05-20
4475,343,6185.5,41.71,2026-05-20
4517,345,2950.8,16.06,2026-05-20
5323,413,2873.6,18.12,2026-05-20
5618,433,5037.3,40.6,2026-05-20
5700,438,5305.5,29.47,2026-05-20
5949,459,2955.3,31.35,2026-05-20
6076,469,5597.5,22.98,2026-05-20
7392,564,6816.5,36.71,2026-05-20
7723,591,3826.9,17.24,2026-05-20
8770,677,2143.5,12.75,2026-05-20
9494,718,4096.8,20.31,2026-05-20
9828,745,5387.3,25.13,2026-05-20
10591,794,1675.4,8.01,2026-05-20
10879,814,2298.8,13.27,2026-05-20
11788,886,2222.5,13.09,2026-05-20
11980,902,693.1,6.44,2026-05-20
12762,954,2587.8,10.97,2026-05-20
14303,1072,5371.5,29.37,2026-05-20
14406,1078,6113.6,43.44,2026-05-20
14674,1096,2375.4,17.45,2026-05-20
14944,1115,1716.5,9.52,2026-05-20
15171,1127,2545.1,21.93,2026-05-20
15233,1131,1772.9,9.48,2026-05-20
16343,1209,2750.6,35.11,2026-05-20
16390,1212,3317.0,21.08,2026-05-20
16602,1227,8287.0,51.13,2026-05-20
16642,1230,3464.9,14.85,2026-05-20
16800,1245,1233.8,7.31,2026-05-20
17420,1282,4530.3,24.4,2026-05-20
17782,1311,1838.6,13.79,2026-05-20
17800,1312,1730.3,16.23,2026-05-20
17818,1313,2997.4,22.62,2026-05-20
18358,1348,1614.7,11.09,2026-05-20
18419,1353,4211.7,15.95,2026-05-20
19104,1409,2401.5,12.19,2026-05-20
19179,1415,1147.4,10.83,2026-05-20
19442,1433,1709.2,14.82,2026-05-20
19665,1451,4664.8,25.19,2026-05-20
102,12,1731.7,16.92,2026-05-21
638,54,2796.1,16.29,2026-05-21
1197,97,1311.5,12.25,2026-05-21
1377,109,1806.4,11.5,2026-05-21
1613,125,1964.2,15.38,2026-05-21
2075,165,2856.5,26.33,2026-05-21
2471,194,2635.6,14.9,2026-05-21
4045,303,979.4,6.97,2026-05-21
4217,318,2428.5,12.69,2026-05-21
4477,344,1042.0,9.1,2026-05-21
5076,391,5953.8,41.68,2026-05-21
5512,426,2132.3,14.12,2026-05-21
5810,448,2004.8,11.81,2026-05-21
5891,453,2011.8,11.12,2026-05-21
6505,504,963.9,15.18,2026-05-21
6688,515,2485.2,14.36,2026-05-21
7069,543,1467.4,11.23,2026-05-21
7226,556,2612.8,16.24,2026-05-21
7872,601,2800.0,20.19,2026-05-21
8443,647,3298.5,19.34,2026-05-21
8580,660,1100.2,8.55,2026-05-21
9450,715,1781.7,12.55,2026-05-21
9872,748,3398.0,21.17,2026-05-21
10171,770,1640.5,8.09,2026-05-21
11514,866,1096.6,5.74,2026-05-21
11548,868,2334.8,14.61,2026-05-21
12777,956,1909.7,11.39,2026-05-21
12952,971,3415.4,21.42,2026-05-21
13464,1005,2639.3,11.72,2026-05-21
14067,1055,3196.5,23.81,2026-05-21
14526,1086,2928.4,19.74,2026-05-21
15267,1135,1866.3,9.58,2026-05-21
15502,1152,4221.9,25.8,2026-05-21
15662,1161,925.3,14.4,2026-05-21
16606,1227,2297.1,21.89,2026-05-21
16700,1237,3892.2,17.88,2026-05-21
17039,1260,1413.8,6.99,2026-05-21
17099,1262,3919.7,21.67,2026-05-21
17138,1263,2658.4,17.17,2026-05-21
18027,1327,4239.8,24.52,2026-05-21
18743,1378,1230.5,7.39,2026-05-21
18865,1393,1594.4,9.37,2026-05-21
18912,1395,1857.4,14.93,2026-05-21
18974,1400,2936.1,18.7,2026-05-21
19115,1411,1935.3,11.24,2026-05-21
19546,1440,1158.6,9.09,2026-05-21
19666,1451,4224.1,29.12,2026-05-21
19829,1462,3369.2,18.24,2026-05-21
20145,1486,4277.1,27.65,2026-05-21
117,12,2163.2,19.29,2026-05-22
263,21,3847.7,34.51,2026-05-22
536,43,1607.4,11.61,2026-05-22
986,81,2553.5,15.5,2026-05-22
1548,121,0.0,0.0,2026-05-22
1562,121,5148.7,28.06,2026-05-22
1674,131,2643.4,18.78,2026-05-22
1713,133,3219.8,18.93,2026-05-22
1902,149,2497.1,14.56,2026-05-22
2061,165,2976.8,16.74,2026-05-22
2212,178,2003.0,15.34,2026-05-22
3452,255,2613.9,17.67,2026-05-22
3733,281,3226.5,16.07,2026-05-22
4874,374,3116.6,16.66,2026-05-22
4902,376,2487.7,15.3,2026-05-22
5201,402,3164.5,27.79,2026-05-22
5356,416,2845.5,17.53,2026-05-22
6549,507,1865.6,16.04,2026-05-22
7420,568,5685.4,25.5,2026-05-22
7466,572,4301.4,25.13,2026-05-22
7683,587,1527.6,10.89,2026-05-22
8464,649,1330.8,12.78,2026-05-22
8762,676,1664.6,11.09,2026-05-22
8777,678,1714.5,10.96,2026-05-22
9351,709,8813.3,47.26,2026-05-22
9487,718,4664.2,20.02,2026-05-22
9647,731,2023.9,16.03,2026-05-22
9720,736,4928.8,31.29,2026-05-22
10623,796,3887.4,25.02,2026-05-22
10685,800,775.0,6.83,2026-05-22
10689,801,1884.8,12.97,2026-05-22
11181,840,3110.7,17.46,2026-05-22
11262,847,2406.8,15.3,2026-05-22
11499,865,4492.4,32.59,2026-05-22
11872,891,1012.4,8.7,2026-05-22
12008,903,3835.9,19.4,2026-05-22
13052,977,7047.8,47.98,2026-05-22
13694,1024,3190.3,22.84,2026-05-22
13757,1029,980.0,12.43,2026-05-22
13987,1049,2490.2,16.86,2026-05-22
13993,1049,3197.0,25.25,2026-05-22
15304,1137,2431.0,20.29,2026-05-22
15496,1152,2479.2,14.1,2026-05-22
15920,1172,3747.8,26.19,2026-05-22
17334,1275,2080.3,14.99,2026-05-22
17846,1314,4823.3,26.72,2026-05-22
18909,1395,4725.6,21.26,2026-05-22
18952,1398,3256.2,28.31,2026-05-22
19174,1414,4492.9,23.43,2026-05-22
19900,1468,3664.8,26.64,2026-05-22
19973,1471,1892.8,20.28,2026-05-22
20052,1477,3532.0,25.0,2026-05-22
413,30,2077.2,20.11,2026-05-23
1347,107,2833.5,17.49,2026-05-23
1578,121,5317.5,38.51,2026-05-23
2534,198,1882.7,18.18,2026-05-23
2934,227,2601.8,13.64,2026-05-23
3039,231,2416.2,17.23,2026-05-23
4078,307,1732.7,7.18,2026-05-23
4170,312,3710.3,21.86,2026-05-23
5093,393,783.2,5.66,2026-05-23
5306,411,796.9,10.32,2026-05-23
6238,483,2296.8,14.08,2026-05-23
6931,532,1270.6,8.23,2026-05-23
7477,572,1467.9,9.14,2026-05-23
7486,572,2511.8,14.35,2026-05-23
7640,584,4318.0,20.7,2026-05-23
8645,665,1904.2,11.03,2026-05-23
9375,711,3899.7,25.95,2026-05-23
9588,725,3440.6,24.41,2026-05-23
9722,737,4107.9,25.74,2026-05-23
10290,775,1459.8,10.9,2026-05-23
10673,799,1246.2,8.11,2026-05-23
11325,850,2771.3,18.43,2026-05-23
12735,952,1309.3,10.42,2026-05-23
12999,972,2109.8,13.67,2026-05-23
13050,977,1218.4,9.13,2026-05-23
13507,1010,2758.3,16.29,2026-05-23
14052,1053,5284.5,24.53,2026-05-23
15341,1140,1310.2,8.17,2026-05-23
16750,1241,704.8,6.24,2026-05-23
17072,1261,1180.3,8.84,2026-05-23
17289,1272,2703.9,20.35,2026-05-23
17331,1275,2273.9,13.89,2026-05-23
19146,1413,3723.2,19.31,2026-05-23
19320,1423,2308.6,17.01,2026-05-23
19328,1423,2462.4,13.69,2026-05-23
20128,1484,2053.5,14.06,2026-05-23
724,63,3537.0,29.28,2026-05-24
803,69,2255.1,13.02,2026-05-24
859,72,1880.0,12.69,2026-05-24
1417,111,3989.6,25.49,2026-05-24
1705,133,3449.6,17.09,2026-05-24
1897,149,2708.1,12.37,2026-05-24
2071,165,1946.7,16.57,2026-05-24
2255,179,1546.7,15.81,2026-05-24
3466,256,5647.6,33.69,2026-05-24
3542,264,3419.1,20.47,2026-05-24
3904,293,3673.3,19.97,2026-05-24
4247,322,2892.7,22.09,2026-05-24
4388,333,4800.3,46.53,2026-05-24
4512,345,1805.8,11.0,2026-05-24
4896,376,1505.7,13.68,2026-05-24
5680,436,2271.7,22.82,2026-05-24
6064,468,1479.1,7.7,2026-05-24
6091,469,2129.6,14.86,2026-05-24
6291,487,2765.5,25.52,2026-05-24
6520,505,2481.3,17.28,2026-05-24
7625,582,1499.8,11.69,2026-05-24
8596,661,1661.3,14.48,2026-05-24
8822,680,2634.2,16.27,2026-05-24
8866,682,2281.9,17.43,2026-05-24
9756,738,1717.2,14.04,2026-05-24
10866,813,2641.2,20.56,2026-05-24
10984,822,5313.5,34.33,2026-05-24
11183,840,9569.3,53.51,2026-05-24
11476,863,2070.2,10.93,2026-05-24
11690,878,3841.6,24.75,2026-05-24
12330,921,6217.5,49.05,2026-05-24
12385,925,2942.6,16.27,2026-05-24
12438,931,2872.9,20.22,2026-05-24
13336,997,2745.4,17.09,2026-05-24
14179,1063,4287.0,22.1,2026-05-24
14467,1082,3195.3,29.87,2026-05-24
15094,1124,2985.7,15.46,2026-05-24
15362,1142,2776.1,14.56,2026-05-24
16482,1217,5743.4,34.95,2026-05-24
16662,1233,2702.0,16.78,2026-05-24
17193,1267,2094.9,11.48,2026-05-24
17310,1274,1996.0,11.96,2026-05-24
18169,1333,2924.5,21.77,2026-05-24
18538,1358,1653.2,9.85,2026-05-24
18568,1363,3512.9,20.2,2026-05-24
18610,1365,3529.7,24.91,2026-05-24
18802,1384,1315.7,12.07,2026-05-24
19598,1444,1929.8,11.78,2026-05-24
19948,1470,2100.2,12.34,2026-05-24
20202,1490,2002.5,9.39,2026-05-24
1066,86,2863.5,18.08,2026-05-25
1095,90,2017.0,14.37,2026-05-25
1426,113,3415.4,21.11,2026-05-25
1594,124,2432.7,13.57,2026-05-25
1650,130,1997.9,16.39,2026-05-25
1840,146,6680.2,28.3,2026-05-25
1997,159,4690.6,23.48,2026-05-25
2132,172,4928.9,35.7,2026-05-25
2357,185,2150.7,24.54,2026-05-25
2506,195,2137.6,17.58,2026-05-25
2937,227,3750.5,32.96,2026-05-25
4112,309,1965.3,11.43,2026-05-25
4200,317,2421.4,17.48,2026-05-25
4468,342,2500.3,12.47,2026-05-25
4514,345,1555.7,9.69,2026-05-25
4612,354,5509.3,27.01,2026-05-25
4856,373,5687.7,23.49,2026-05-25
5430,422,3246.8,27.43,2026-05-25
5638,434,2405.7,12.78,2026-05-25
6165,475,3276.1,24.25,2026-05-25
6619,512,2634.7,19.66,2026-05-25
6963,535,3284.1,20.07,2026-05-25
7703,590,2969.8,15.99,2026-05-25
7800,595,3448.7,24.68,2026-05-25
7906,606,10901.4,47.77,2026-05-25
8101,617,5166.0,31.09,2026-05-25
8351,642,915.0,5.57,2026-05-25
9168,699,4435.9,27.74,2026-05-25
9299,707,2990.4,18.79,2026-05-25
9615,728,4187.7,23.34,2026-05-25
9712,736,1079.4,9.43,2026-05-25
9842,746,4308.2,23.82,2026-05-25
10380,781,4455.5,22.71,2026-05-25
11123,836,2952.1,18.57,2026-05-25
11347,852,5840.5,35.32,2026-05-25
12166,913,4019.2,22.07,2026-05-25
13371,999,2635.7,15.76,2026-05-25
13555,1015,1850.5,10.42,2026-05-25
13793,1032,2760.9,20.62,2026-05-25
14314,1072,1741.5,12.4,2026-05-25
14891,1111,2319.6,12.79,2026-05-25
15324,1139,1071.0,6.95,2026-05-25
16583,1227,2003.8,16.79,2026-05-25
16585,1227,2665.3,14.26,2026-05-25
16835,1247,1615.9,14.78,2026-05-25
16900,1250,1631.5,10.34,2026-05-25
17944,1320,3109.3,15.05,2026-05-25
18594,1365,1876.2,9.08,2026-05-25
19840,1462,2513.0,20.27,2026-05-25
20111,1482,1310.3,8.74,2026-05-25
141,14,2907.7,16.22,2026-05-26
304,23,4035.1,23.52,2026-05-26
830,70,2829.0,22.45,2026-05-26
1611,125,2251.3,16.94,2026-05-26
1649,130,827.6,6.07,2026-05-26
2079,165,1429.8,9.07,2026-05-26
2089,166,2370.5,16.33,2026-05-26
3771,284,4638.3,27.17,2026-05-26
4195,316,1051.2,5.05,2026-05-26
4542,347,2983.0,18.67,2026-05-26
4982,384,1695.2,12.89,2026-05-26
5787,446,2761.2,12.4,2026-05-26
5943,459,1051.3,9.51,2026-05-26
6051,467,2811.9,22.04,2026-05-26
6090,469,2552.1,14.28,2026-05-26
6145,474,3650.1,18.15,2026-05-26
6307,489,5479.7,26.53,2026-05-26
6799,522,3668.8,21.3,2026-05-26
7541,578,1296.2,7.94,2026-05-26
7859,601,4842.7,33.39,2026-05-26
8961,687,1920.2,10.51,2026-05-26
9108,695,2366.0,17.98,2026-05-26
9320,708,4008.9,30.82,2026-05-26
10681,800,1777.6,16.94,2026-05-26
10756,807,1553.0,11.57,2026-05-26
11250,847,2992.6,18.24,2026-05-26
11677,876,5647.0,30.97,2026-05-26
11854,888,1182.3,10.51,2026-05-26
12422,928,7317.3,41.3,2026-05-26
12969,971,1341.3,8.39,2026-05-26
14111,1059,4856.7,22.92,2026-05-26
15375,1142,2809.2,15.02,2026-05-26
15463,1151,3759.7,29.52,2026-05-26
15535,1155,1737.8,8.43,2026-05-26
15566,1157,2340.5,16.51,2026-05-26
15871,1169,2162.4,16.63,2026-05-26
17037,1260,3384.5,20.48,2026-05-26
17671,1302,3646.0,21.11,2026-05-26
18074,1328,952.9,9.23,2026-05-26
18459,1355,2711.0,19.44,2026-05-26
18569,1363,1020.4,7.24,2026-05-26
18748,1378,6524.0,38.56,2026-05-26
19765,1458,2961.6,16.06,2026-05-26
20252,1494,2142.7,12.89,2026-05-26
147,14,1648.5,11.95,2026-05-27
280,21,2440.8,15.17,2026-05-27
484,39,3181.1,22.74,2026-05-27
730,63,738.8,6.47,2026-05-27
912,74,3109.5,20.8,2026-05-27
1477,116,2617.8,19.3,2026-05-27
1777,141,4726.4,22.95,2026-05-27
2286,182,2580.0,20.24,2026-05-27
2375,186,4054.1,24.36,2026-05-27
3418,252,2594.9,14.11,2026-05-27
3550,264,3746.6,25.45,2026-05-27
4220,318,1531.3,9.86,2026-05-27
5851,449,6747.5,37.59,2026-05-27
5993,462,2488.7,20.31,2026-05-27
6654,514,2556.3,20.43,2026-05-27
7032,541,3313.0,21.53,2026-05-27
7419,568,2048.2,15.16,2026-05-27
8123,619,7247.5,47.14,2026-05-27
8313,639,2663.4,13.3,2026-05-27
8821,680,2312.9,18.78,2026-05-27
9678,734,2177.5,13.99,2026-05-27
10406,782,3618.1,18.64,2026-05-27
12328,921,3560.8,20.3,2026-05-27
12367,925,2877.0,16.69,2026-05-27
12487,938,3403.9,20.46,2026-05-27
13340,998,3658.1,29.81,2026-05-27
13487,1009,4961.2,20.01,2026-05-27
13561,1015,1075.8,9.69,2026-05-27
13898,1041,2229.5,14.09,2026-05-27
14253,1069,1176.0,9.25,2026-05-27
14344,1074,1422.7,13.85,2026-05-27
14578,1090,1503.1,12.2,2026-05-27
15904,1171,3199.8,17.5,2026-05-27
16041,1183,1736.4,11.19,2026-05-27
16659,1232,3242.4,18.39,2026-05-27
16860,1248,661.3,5.37,2026-05-27
16931,1252,1347.0,7.58,2026-05-27
17199,1268,1353.5,9.73,2026-05-27
17619,1297,2771.0,15.36,2026-05-27
17858,1315,3698.2,20.73,2026-05-27
17997,1324,4860.8,26.05,2026-05-27
18133,1330,2848.6,18.99,2026-05-27
18327,1347,3197.1,26.44,2026-05-27
18821,1385,4933.1,26.36,2026-05-27
19240,1418,729.0,5.74,2026-05-27
19558,1441,6367.7,43.66,2026-05-27
19585,1443,2388.4,15.7,2026-05-27
20085,1478,2959.3,21.05,2026-05-27
20380,938,3403.9,20.46,2026-05-27
254,20,5318.9,31.98,2026-05-28
1556,121,1197.0,8.32,2026-05-28
2316,184,2570.8,19.38,2026-05-28
2346,185,2515.7,13.73,2026-05-28
2468,194,1244.1,13.55,2026-05-28
2543,198,2490.7,13.05,2026-05-28
2625,203,2068.0,17.32,2026-05-28
3399,252,5386.6,29.4,2026-05-28
3482,258,2081.9,11.85,2026-05-28
3980,299,2047.2,12.53,2026-05-28
4570,351,2139.3,13.52,2026-05-28
4703,359,3440.0,21.32,2026-05-28
4994,384,3284.7,18.27,2026-05-28
5012,388,4248.7,22.74,2026-05-28
5279,410,2808.8,23.95,2026-05-28
5811,448,3075.9,14.94,2026-05-28
7418,568,1693.6,15.19,2026-05-28
7973,609,3057.1,27.38,2026-05-28
8564,659,3758.5,17.49,2026-05-28
8705,671,1415.7,8.52,2026-05-28
9049,692,2808.8,15.51,2026-05-28
9083,693,2738.6,17.6,2026-05-28
9344,709,977.6,10.46,2026-05-28
9510,720,3299.0,19.18,2026-05-28
9762,738,4576.9,22.72,2026-05-28
9823,743,3037.5,15.23,2026-05-28
10652,799,3646.6,23.3,2026-05-28
11417,857,2200.8,18.27,2026-05-28
13017,973,3916.1,21.94,2026-05-28
13304,996,1568.6,13.73,2026-05-28
14011,1050,3296.4,19.91,2026-05-28
14144,1061,2421.8,16.49,2026-05-28
15370,1142,3201.1,20.48,2026-05-28
15859,1169,1344.9,5.86,2026-05-28
16558,1225,3948.7,19.89,2026-05-28
17522,1292,2932.6,18.71,2026-05-28
18093,1328,3156.1,16.07,2026-05-28
18457,1355,5199.2,33.78,2026-05-28
18639,1368,820.8,9.48,2026-05-28
19278,1420,1660.3,13.26,2026-05-28
19750,1457,1719.7,11.32,2026-05-28
20070,1477,5673.8,28.93,2026-05-28
502,42,3449.3,42.63,2026-05-29
523,43,2112.1,14.41,2026-05-29
647,55,3440.7,19.73,2026-05-29
1308,104,5685.8,33.66,2026-05-29
2087,166,2222.2,17.94,2026-05-29
3162,237,4501.4,26.7,2026-05-29
4461,342,2781.5,15.28,2026-05-29
5148,399,3328.0,23.32,2026-05-29
5322,413,1196.2,7.68,2026-05-29
5972,459,8095.6,47.09,2026-05-29
6547,507,5577.6,26.31,2026-05-29
7722,591,3053.5,13.8,2026-05-29
7876,601,7201.5,32.2,2026-05-29
7884,602,4760.8,32.89,2026-05-29
7950,607,8099.3,39.95,2026-05-29
7964,608,1696.6,11.9,2026-05-29
8141,622,2504.2,14.22,2026-05-29
8286,638,3155.6,23.81,2026-05-29
8433,647,1320.9,13.6,2026-05-29
9007,690,5053.5,29.96,2026-05-29
9598,725,1463.1,14.73,2026-05-29
9692,736,2926.7,15.37,2026-05-29
10250,773,6111.2,37.36,2026-05-29
10361,781,3661.9,19.28,2026-05-29
10999,822,2486.5,13.52,2026-05-29
11088,832,1486.4,12.24,2026-05-29
11316,850,2115.0,11.79,2026-05-29
11741,881,1917.7,14.24,2026-05-29
12001,903,2472.9,14.2,2026-05-29
13074,978,3471.6,30.08,2026-05-29
13230,991,4393.6,19.77,2026-05-29
13514,1011,1921.3,16.25,2026-05-29
14051,1053,1159.2,13.13,2026-05-29
14054,1054,1978.9,12.13,2026-05-29
14438,1081,1931.5,11.45,2026-05-29
14928,1113,1842.1,16.69,2026-05-29
15029,1119,1146.0,14.11,2026-05-29
15505,1152,3161.9,16.23,2026-05-29
15609,1158,2513.6,17.59,2026-05-29
15622,1158,4019.6,23.06,2026-05-29
15941,1174,5094.2,44.94,2026-05-29
16170,1196,2622.1,13.64,2026-05-29
16417,1212,2811.7,15.95,2026-05-29
16651,1232,1029.3,5.58,2026-05-29
17163,1266,4245.6,24.22,2026-05-29
17822,1313,2206.4,13.01,2026-05-29
18267,1342,1621.8,9.94,2026-05-29
18478,1355,1870.8,11.94,2026-05-29
19086,1406,2031.9,12.72,2026-05-29
19424,1431,1442.1,9.12,2026-05-29
20212,1490,2342.4,15.56,2026-05-29
132,13,3721.2,25.66,2026-05-30
191,17,1020.6,7.56,2026-05-30
403,29,1438.2,12.42,2026-05-30
991,82,4065.6,29.47,2026-05-30
1348,107,6316.5,33.35,2026-05-30
1369,109,3631.0,21.98,2026-05-30
1715,133,1242.7,12.98,2026-05-30
2029,161,2694.0,18.13,2026-05-30
2391,188,2983.0,18.21,2026-05-30
2596,201,1870.7,13.5,2026-05-30
2646,205,2446.8,14.15,2026-05-30
4601,353,3383.1,22.25,2026-05-30
4609,354,3265.5,15.97,2026-05-30
4660,357,3152.7,22.28,2026-05-30
5080,391,2864.6,23.81,2026-05-30
5153,400,1748.4,9.12,2026-05-30
5553,429,3126.6,23.87,2026-05-30
5860,450,4507.1,25.2,2026-05-30
6054,467,3865.0,25.99,2026-05-30
6757,519,2916.2,14.27,2026-05-30
7170,550,2747.1,22.97,2026-05-30
7288,558,1774.0,15.6,2026-05-30
7649,584,1019.8,13.05,2026-05-30
7797,595,2640.7,13.04,2026-05-30
8795,679,5673.3,40.04,2026-05-30
9296,706,2136.2,14.85,2026-05-30
10360,780,1391.1,14.75,2026-05-30
11383,855,3059.0,17.85,2026-05-30
11428,858,4332.7,23.56,2026-05-30
11693,879,913.7,6.24,2026-05-30
12486,937,1525.0,12.47,2026-05-30
12842,960,1584.0,10.59,2026-05-30
12852,961,2651.2,16.81,2026-05-30
13645,1022,1682.8,14.8,2026-05-30
13649,1022,4183.5,32.28,2026-05-30
13698,1024,2351.4,14.75,2026-05-30
13956,1046,3548.9,25.07,2026-05-30
15238,1131,4011.1,22.71,2026-05-30
16033,1182,8656.6,43.19,2026-05-30
16042,1183,1780.3,11.81,2026-05-30
16729,1239,2544.0,13.43,2026-05-30
16997,1257,3043.7,18.62,2026-05-30
17015,1258,2390.3,15.25,2026-05-30
18361,1348,2152.2,17.71,2026-05-30
18742,1377,2543.9,17.6,2026-05-30
18908,1395,2484.2,18.47,2026-05-30
19386,1429,4893.8,49.29,2026-05-30
19811,1460,4652.7,28.42,2026-05-30
19918,1468,2773.9,16.44,2026-05-30
20199,1490,1550.3,10.11,2026-05-30
20369,1239,2544.0,13.43,2026-05-30
135,13,1291.4,7.23,2026-05-31
307,23,2101.6,17.5,2026-05-31
745,64,4443.9,31.24,2026-05-31
1157,94,3707.5,18.37,2026-05-31
1610,125,1719.0,9.65,2026-05-31
2065,165,1152.6,19.21,2026-05-31
2272,182,1755.4,14.49,2026-05-31
2276,182,5334.3,29.31,2026-05-31
2356,185,1318.7,13.58,2026-05-31
2444,193,2087.6,13.08,2026-05-31
2451,194,1902.4,14.24,2026-05-31
3621,273,1285.3,11.44,2026-05-31
4522,346,2458.1,13.8,2026-05-31
5177,401,3883.0,22.63,2026-05-31
5503,425,3502.3,28.3,2026-05-31
5809,448,5662.4,32.43,2026-05-31
7082,544,2558.8,16.84,2026-05-31
8728,673,2050.3,16.18,2026-05-31
8960,687,7127.9,47.71,2026-05-31
10527,791,3623.4,24.68,2026-05-31
10528,791,1617.9,12.07,2026-05-31
10637,797,1729.8,12.45,2026-05-31
11464,863,2329.1,16.4,2026-05-31
12331,921,3979.5,20.85,2026-05-31
12363,923,1944.7,11.45,2026-05-31
12465,935,1907.4,11.06,2026-05-31
12689,949,6080.6,33.56,2026-05-31
12741,952,1387.3,8.34,2026-05-31
13283,995,2092.9,12.8,2026-05-31
13287,995,2646.3,17.21,2026-05-31
13411,1003,3782.4,29.21,2026-05-31
14883,1111,7370.7,40.23,2026-05-31
15962,1177,5794.1,29.36,2026-05-31
16243,1201,2385.3,15.36,2026-05-31
16296,1204,2828.9,18.22,2026-05-31
16421,1212,1723.6,17.65,2026-05-31
16629,1230,4372.4,31.61,2026-05-31
16684,1236,3048.7,21.66,2026-05-31
16760,1242,2154.9,10.64,2026-05-31
17069,1261,3368.6,23.33,2026-05-31
17113,1263,1664.6,15.55,2026-05-31
17965,1321,1657.0,15.5,2026-05-31
18723,1377,1018.5,8.36,2026-05-31
19365,1426,1234.6,9.81,2026-05-31
20072,1478,0.0,0.0,2026-05-31
188,17,1218.8,8.19,2026-06-01
496,39,6248.4,31.37,2026-06-01
1405,110,3185.2,19.45,2026-06-01
2259,180,2944.1,17.23,2026-06-01
2931,226,2612.5,21.86,2026-06-01
3207,238,4080.0,25.53,2026-06-01
3291,244,3122.3,23.38,2026-06-01
3597,271,2089.8,16.69,2026-06-01
4711,360,3795.8,37.46,2026-06-01
4871,374,2765.7,12.39,2026-06-01
4921,378,2039.9,11.72,2026-06-01
4995,384,3515.7,19.48,2026-06-01
5151,399,3058.1,17.61,2026-06-01
5250,407,1249.3,7.03,2026-06-01
5276,410,2163.6,17.46,2026-06-01
5839,448,5324.0,33.46,2026-06-01
5862,450,1274.1,11.36,2026-06-01
6015,464,3742.6,24.9,2026-06-01
6408,497,1187.5,6.99,2026-06-01
6499,504,3949.2,20.39,2026-06-01
6557,507,1154.0,7.6,2026-06-01
7074,544,1831.1,10.92,2026-06-01
7204,554,1185.0,19.33,2026-06-01
7658,585,6241.4,29.75,2026-06-01
7707,590,1144.0,9.37,2026-06-01
8031,613,1608.9,8.66,2026-06-01
8129,621,3221.6,24.49,2026-06-01
8318,639,2235.5,14.11,2026-06-01
9560,723,0.0,0.0,2026-06-01
10599,795,4291.5,38.47,2026-06-01
10641,797,1513.5,9.25,2026-06-01
11105,834,4507.5,31.25,2026-06-01
11398,855,1333.6,14.42,2026-06-01
11432,858,4297.5,25.55,2026-06-01
12398,927,2965.7,19.92,2026-06-01
12455,934,2511.1,23.28,2026-06-01
12526,939,2376.9,18.01,2026-06-01
12538,940,1458.8,10.04,2026-06-01
13928,1043,3482.4,21.06,2026-06-01
14223,1067,1515.6,13.07,2026-06-01
14489,1083,1823.3,12.74,2026-06-01
15644,1160,1909.9,10.44,2026-06-01
15970,1177,1364.0,10.61,2026-06-01
16178,1197,1263.0,21.05,2026-06-01
16327,1207,1734.8,10.06,2026-06-01
16373,1211,1167.9,6.34,2026-06-01
16580,1227,7751.1,34.42,2026-06-01
16926,1252,4206.6,33.14,2026-06-01
16958,1254,3095.0,19.83,2026-06-01
17274,1272,3538.9,20.18,2026-06-01
18164,1333,3220.4,24.04,2026-06-01
18400,1350,2366.3,13.1,2026-06-01
19084,1406,2198.4,18.27,2026-06-01
19624,1448,4626.4,26.81,2026-06-01
770,66,4132.5,24.7,2026-06-02
888,73,1550.6,8.55,2026-06-02
1116,91,1046.6,9.85,2026-06-02
1209,97,3658.4,25.6,2026-06-02
1445,114,4211.5,23.27,2026-06-02
1590,123,5448.0,33.3,2026-06-02
2297,183,1820.9,10.46,2026-06-02
3015,229,2160.8,13.13,2026-06-02
3325,245,5352.8,29.15,2026-06-02
3568,265,5958.2,28.21,2026-06-02
3730,281,2525.4,16.95,2026-06-02
4364,331,4769.4,32.17,2026-06-02
4369,332,1098.3,11.11,2026-06-02
4419,338,2890.9,17.92,2026-06-02
4479,344,709.0,6.32,2026-06-02
4529,346,6171.5,29.94,2026-06-02
4972,383,3619.3,20.5,2026-06-02
5193,401,2849.9,14.38,2026-06-02
5307,411,3471.4,20.42,2026-06-02
6078,469,2591.1,14.57,2026-06-02
6185,476,2131.0,12.9,2026-06-02
6350,493,1711.3,15.26,2026-06-02
6942,532,1298.7,11.7,2026-06-02
8390,645,3769.1,27.27,2026-06-02
8469,650,2988.4,14.16,2026-06-02
8806,679,4513.1,29.2,2026-06-02
10452,787,3806.8,19.45,2026-06-02
10716,802,1448.2,16.25,2026-06-02
11233,846,2769.3,13.52,2026-06-02
11390,855,1981.4,16.66,2026-06-02
12807,959,1399.0,13.4,2026-06-02
12860,962,4616.3,23.95,2026-06-02
13190,987,5144.5,26.66,2026-06-02
13372,999,3191.0,23.04,2026-06-02
14220,1067,1703.3,11.32,2026-06-02
14888,1111,5132.2,34.01,2026-06-02
15653,1161,2013.7,16.56,2026-06-02
16476,1217,5334.5,39.63,2026-06-02
16484,1218,1654.6,12.33,2026-06-02
16699,1237,2510.7,15.82,2026-06-02
16748,1241,1318.6,10.11,2026-06-02
16816,1246,1349.8,11.64,2026-06-02
17060,1260,1991.6,9.83,2026-06-02
17312,1274,2962.9,32.08,2026-06-02
17685,1304,2651.9,16.09,2026-06-02
18108,1329,2278.1,16.48,2026-06-02
18726,1377,2836.6,19.78,2026-06-02
18783,1381,1519.7,14.59,2026-06-02
18895,1394,1464.5,8.13,2026-06-02
19767,1458,2846.6,26.54,2026-06-02
947,78,4520.6,29.64,2026-06-03
1719,134,2935.9,25.86,2026-06-03
2101,167,2625.5,10.98,2026-06-03
2140,172,1411.2,8.08,2026-06-03
2691,208,2827.3,17.12,2026-06-03
2917,225,2713.5,15.38,2026-06-03
3222,239,1373.9,7.29,2026-06-03
3263,242,2015.3,14.16,2026-06-03
3551,264,2047.3,14.25,2026-06-03
3845,290,3484.2,27.8,2026-06-03
4255,323,1674.1,12.43,2026-06-03
4939,379,4363.9,31.97,2026-06-03
5004,386,2978.5,17.34,2026-06-03
5230,405,1266.3,6.84,2026-06-03
5506,425,3261.3,20.89,2026-06-03
5550,429,1899.8,12.58,2026-06-03
5710,439,3224.5,15.41,2026-06-03
5773,444,2360.9,13.95,2026-06-03
6535,506,2457.0,20.85,2026-06-03
8414,646,2295.8,21.28,2026-06-03
8439,647,3281.7,18.95,2026-06-03
8457,649,1026.4,6.91,2026-06-03
8636,665,2386.7,22.55,2026-06-03
8980,688,5066.0,32.59,2026-06-03
9655,731,947.4,11.11,2026-06-03
10467,787,4256.4,22.7,2026-06-03
11532,868,1622.0,9.68,2026-06-03
11588,871,3437.8,22.02,2026-06-03
11625,874,4050.0,24.84,2026-06-03
11762,883,1602.0,8.48,2026-06-03
11785,885,7210.4,51.86,2026-06-03
11902,894,1277.2,8.18,2026-06-03
12132,910,3118.0,15.49,2026-06-03
12449,933,2159.6,18.43,2026-06-03
12671,948,1144.5,6.53,2026-06-03
12675,948,2734.4,19.28,2026-06-03
13073,978,3776.1,21.77,2026-06-03
13478,1009,2247.1,18.14,2026-06-03
13821,1035,2452.9,16.33,2026-06-03
14056,1054,2571.4,16.35,2026-06-03
14102,1058,920.9,8.76,2026-06-03
14558,1090,2747.3,13.54,2026-06-03
14609,1091,2646.6,26.41,2026-06-03
15500,1152,2088.2,14.48,2026-06-03
15608,1157,2904.7,23.64,2026-06-03
15875,1170,1466.3,11.32,2026-06-03
16034,1182,4355.6,20.38,2026-06-03
16875,1249,3081.5,21.01,2026-06-03
17006,1258,4854.4,29.77,2026-06-03
17227,1270,1601.1,9.74,2026-06-03
17714,1305,3627.9,21.02,2026-06-03
17834,1314,1863.1,14.87,2026-06-03
18536,1358,1615.1,11.14,2026-06-03
19058,1404,2914.8,20.24,2026-06-03
19468,1435,3429.5,19.58,2026-06-03
20079,1478,2105.9,11.55,2026-06-03
521,43,4721.4,25.96,2026-06-04
657,56,2603.8,22.99,2026-06-04
1240,100,1346.2,9.83,2026-06-04
1243,100,4620.7,28.95,2026-06-04
1317,105,2069.6,10.07,2026-06-04
1374,109,1242.6,12.32,2026-06-04
2190,176,2237.0,16.8,2026-06-04
2243,179,4952.6,25.07,2026-06-04
2903,223,3551.4,18.96,2026-06-04
3470,256,1465.7,12.37,2026-06-04
4689,358,885.4,11.16,2026-06-04
4875,374,1148.1,6.76,2026-06-04
5191,401,2763.3,19.52,2026-06-04
5411,419,4160.0,27.01,2026-06-04
5777,445,1914.8,12.31,2026-06-04
5833,448,2691.2,14.02,2026-06-04
6151,474,2397.7,9.6,2026-06-04
6664,514,2358.3,15.21,2026-06-04
7225,556,5136.2,34.36,2026-06-04
7230,556,1552.3,13.0,2026-06-04
7361,562,1830.9,15.79,2026-06-04
7390,564,1671.2,9.25,2026-06-04
7960,608,2145.8,14.64,2026-06-04
8370,644,2580.5,15.94,2026-06-04
9034,691,2639.5,19.97,2026-06-04
9314,708,2191.2,17.72,2026-06-04
10103,767,2304.2,14.77,2026-06-04
10413,782,4658.7,28.4,2026-06-04
11553,868,3412.1,19.38,2026-06-04
11714,879,2108.1,10.12,2026-06-04
12557,940,3215.1,17.25,2026-06-04
12906,966,3945.7,24.89,2026-06-04
12968,971,3506.6,20.99,2026-06-04
13145,984,3796.4,18.72,2026-06-04
15910,1172,5296.8,42.28,2026-06-04
16389,1212,1828.2,19.81,2026-06-04
16864,1249,2952.0,15.6,2026-06-04
17109,1262,5409.9,23.25,2026-06-04
17178,1266,3964.5,20.86,2026-06-04
18032,1327,2685.6,17.61,2026-06-04
18330,1347,2184.3,12.78,2026-06-04
19421,1431,3556.5,23.56,2026-06-04
19542,1439,4510.5,42.98,2026-06-04
19883,1467,1619.5,12.86,2026-06-04
20031,1475,1540.4,14.1,2026-06-04
20123,1484,2258.3,12.0,2026-06-04
20132,1484,2219.0,17.7,2026-06-04
476,37,1547.5,9.33,2026-06-05
720,63,2920.0,23.37,2026-06-05
2324,184,4453.5,25.24,2026-06-05
2638,205,3379.5,30.93,2026-06-05
2904,223,1838.1,17.28,2026-06-05
2979,228,0.0,0.0,2026-06-05
3079,233,2614.4,15.61,2026-06-05
4904,376,3307.8,19.59,2026-06-05
5050,390,1712.5,11.97,2026-06-05
5691,436,2376.9,19.72,2026-06-05
5911,455,3954.4,26.89,2026-06-05
5918,456,1216.1,11.55,2026-06-05
8939,686,3674.3,21.72,2026-06-05
9979,758,2577.2,21.16,2026-06-05
10237,773,1358.1,8.72,2026-06-05
11269,847,4419.7,22.27,2026-06-05
11964,899,1779.5,11.43,2026-06-05
12308,920,4192.0,23.0,2026-06-05
12559,940,2836.6,18.75,2026-06-05
13155,984,3679.3,22.51,2026-06-05
13616,1020,2804.4,19.38,2026-06-05
14408,1079,3581.1,24.7,2026-06-05
14563,1090,1586.8,13.03,2026-06-05
14802,1107,2153.1,26.17,2026-06-05
15355,1141,5187.5,27.83,2026-06-05
15652,1161,1797.8,11.37,2026-06-05
16116,1191,2696.7,16.65,2026-06-05
16376,1211,7744.7,48.4,2026-06-05
16671,1233,1166.7,8.66,2026-06-05
17070,1261,1672.1,9.42,2026-06-05
17194,1267,6894.8,34.44,2026-06-05
17478,1287,2238.7,13.91,2026-06-05
17650,1299,1540.7,11.19,2026-06-05
17653,1299,3866.9,17.49,2026-06-05
18798,1383,3322.4,21.76,2026-06-05
19035,1403,2973.7,16.51,2026-06-05
20010,1473,1591.0,8.21,2026-06-05
20067,1477,5494.3,32.18,2026-06-05
20208,1490,2419.3,24.72,2026-06-05
180,16,2251.7,11.92,2026-06-06
335,24,1495.1,11.14,2026-06-06
542,43,1784.6,14.12,2026-06-06
659,56,1166.1,7.6,2026-06-06
741,64,3086.5,16.42,2026-06-06
864,72,1541.0,12.58,2026-06-06
1989,158,724.2,12.07,2026-06-06
2710,210,3450.9,18.88,2026-06-06
3316,245,2304.6,20.75,2026-06-06
4091,308,2050.6,13.68,2026-06-06
4687,358,1357.1,7.62,2026-06-06
4690,358,2006.4,19.9,2026-06-06
5097,394,1813.0,11.38,2026-06-06
5316,412,3915.5,22.24,2026-06-06
5399,418,2501.8,12.97,2026-06-06
5481,425,2468.8,12.21,2026-06-06
5548,429,4353.1,29.61,2026-06-06
5902,454,1809.9,11.92,2026-06-06
6483,503,2729.6,18.79,2026-06-06
7033,541,2604.5,13.48,2026-06-06
7595,581,3226.1,20.37,2026-06-06
7999,610,3895.7,26.56,2026-06-06
8204,627,4633.7,27.98,2026-06-06
8768,677,3360.5,20.07,2026-06-06
9177,700,3653.1,17.75,2026-06-06
10459,787,3095.0,23.19,2026-06-06
10728,802,1811.3,11.81,2026-06-06
10930,817,2055.3,17.04,2026-06-06
11062,830,4100.8,22.33,2026-06-06
11486,864,2901.1,15.38,2026-06-06
11836,888,2399.9,15.45,2026-06-06
11991,902,3697.6,21.35,2026-06-06
12134,910,999.8,7.56,2026-06-06
12560,940,1920.3,15.8,2026-06-06
12740,952,1175.4,8.27,2026-06-06
13227,991,1815.5,14.92,2026-06-06
14370,1076,4430.3,35.82,2026-06-06
15185,1129,4001.8,27.74,2026-06-06
15625,1158,4410.3,28.11,2026-06-06
16949,1253,4608.2,27.86,2026-06-06
17004,1258,1762.0,11.13,2026-06-06
17123,1263,2793.2,18.46,2026-06-06
18043,1327,2634.1,16.19,2026-06-06
18045,1327,1777.8,11.14,2026-06-06
18209,1334,3016.2,25.04,2026-06-06
18397,1350,2069.7,13.56,2026-06-06
18828,1386,2626.7,16.36,2026-06-06
466,36,3279.0,33.49,2026-06-07
1400,110,4150.3,34.65,2026-06-07
1785,143,5835.2,32.53,2026-06-07
2186,175,1707.5,11.14,2026-06-07
2834,218,2500.1,10.98,2026-06-07
4105,308,4435.7,26.1,2026-06-07
4153,311,2400.8,18.33,2026-06-07
4319,328,2676.6,24.59,2026-06-07
4409,336,3904.3,30.28,2026-06-07
4558,348,2219.5,15.04,2026-06-07
5431,422,2803.9,13.95,2026-06-07
6063,468,1667.7,9.87,2026-06-07
6571,508,2079.3,19.52,2026-06-07
7022,539,2351.3,15.03,2026-06-07
7198,553,3396.2,21.04,2026-06-07
7890,602,756.6,7.59,2026-06-07
7951,608,10221.3,52.72,2026-06-07
8002,611,3063.1,19.63,2026-06-07
8040,613,2076.6,18.55,2026-06-07
8058,615,4833.4,25.64,2026-06-07
8408,646,1901.5,12.46,2026-06-07
8673,669,5978.6,29.34,2026-06-07
9348,709,1528.3,10.9,2026-06-07
9664,733,1983.3,15.66,2026-06-07
9788,742,1118.7,9.06,2026-06-07
10255,774,2619.9,14.11,2026-06-07
11467,863,2254.0,14.01,2026-06-07
12480,937,1223.5,10.03,2026-06-07
14012,1050,1141.7,12.54,2026-06-07
14279,1071,2750.7,16.16,2026-06-07
14937,1114,3048.9,16.65,2026-06-07
16220,1200,4640.2,25.73,2026-06-07
16470,1217,3624.1,18.87,2026-06-07
17141,1264,3899.3,25.53,2026-06-07
17169,1266,3592.7,19.75,2026-06-07
19248,1418,1883.3,15.29,2026-06-07
19612,1448,1791.6,12.34,2026-06-07
20022,1474,2440.7,10.9,2026-06-07
20027,1475,2270.6,14.96,2026-06-07
255,20,1038.8,12.0,2026-06-08
351,25,1167.8,10.94,2026-06-08
621,51,2937.8,17.28,2026-06-08
1006,82,4012.2,22.76,2026-06-08
1564,121,2979.4,13.19,2026-06-08
1637,127,1932.9,8.72,2026-06-08
1816,145,2805.5,20.3,2026-06-08
2865,221,2973.1,14.38,2026-06-08
3773,284,2887.2,18.59,2026-06-08
4134,309,1965.5,10.06,2026-06-08
4465,342,2000.4,11.25,2026-06-08
5009,388,2925.5,22.7,2026-06-08
5205,402,3943.0,17.03,2026-06-08
5248,407,1692.9,10.5,2026-06-08
7422,568,5113.7,31.5,2026-06-08
7462,572,1369.9,14.14,2026-06-08
7551,579,2306.0,15.73,2026-06-08
7946,607,1595.6,11.37,2026-06-08
8453,648,1999.6,12.92,2026-06-08
8597,661,3221.9,17.82,2026-06-08
8716,672,3128.4,17.33,2026-06-08
9724,737,1652.3,11.53,2026-06-08
10003,760,4301.3,24.72,2026-06-08
10872,813,3957.3,20.16,2026-06-08
10971,821,2016.7,13.88,2026-06-08
10980,822,2149.8,13.97,2026-06-08
11107,834,1502.1,9.53,2026-06-08
12304,920,3341.6,19.45,2026-06-08
12312,920,4450.2,19.27,2026-06-08
12885,965,1692.6,10.01,2026-06-08
12898,965,2032.4,21.09,2026-06-08
13436,1004,2873.0,19.36,2026-06-08
14472,1082,4710.4,31.94,2026-06-08
15317,1139,4600.5,24.3,2026-06-08
15561,1156,1934.8,14.73,2026-06-08
15722,1164,2801.6,17.84,2026-06-08
15810,1167,2122.3,14.53,2026-06-08
17231,1270,2461.6,19.1,2026-06-08
17673,1303,3020.3,16.08,2026-06-08
18336,1347,2431.2,18.06,2026-06-08
18381,1349,4319.5,28.4,2026-06-08
19136,1413,3106.3,19.64,2026-06-08
19957,1470,1809.3,9.67,2026-06-08
435,34,4777.9,26.0,2026-06-09
732,63,6975.1,37.68,2026-06-09
1242,100,2615.5,20.9,2026-06-09
1645,128,530.5,6.67,2026-06-09
2489,195,1721.7,13.25,2026-06-09
2761,213,2940.5,16.86,2026-06-09
2821,216,2812.9,20.35,2026-06-09
3096,234,3580.2,18.09,2026-06-09
3273,242,3874.4,26.84,2026-06-09
3813,288,1531.6,9.08,2026-06-09
4117,309,2447.5,13.41,2026-06-09
4167,312,4637.9,24.78,2026-06-09
4248,322,2069.4,13.78,2026-06-09
4794,370,1693.9,12.17,2026-06-09
4866,374,1963.4,23.06,2026-06-09
5353,416,0.0,0.0,2026-06-09
5560,429,2043.2,12.55,2026-06-09
5944,459,2608.1,12.72,2026-06-09
7349,561,3812.0,25.79,2026-06-09
8296,639,4445.8,25.23,2026-06-09
9688,735,1342.7,9.39,2026-06-09
9819,743,6625.1,34.56,2026-06-09
10111,767,3297.7,23.82,2026-06-09
10184,771,5122.3,21.56,2026-06-09
10475,788,1594.4,11.28,2026-06-09
10994,822,1093.7,6.8,2026-06-09
11423,857,2414.7,15.47,2026-06-09
11538,868,1977.6,11.43,2026-06-09
11637,875,3561.4,26.3,2026-06-09
11901,894,2615.9,13.5,2026-06-09
13494,1009,4537.5,24.61,2026-06-09
14013,1050,1393.9,12.71,2026-06-09
14586,1090,2978.7,18.14,2026-06-09
14698,1097,1840.0,12.32,2026-06-09
14749,1100,8086.0,41.99,2026-06-09
15679,1162,2972.9,19.97,2026-06-09
15751,1165,3265.4,22.41,2026-06-09
16149,1194,4691.9,27.75,2026-06-09
16173,1197,3460.7,28.41,2026-06-09
16350,1209,2961.3,18.43,2026-06-09
16599,1227,3120.9,16.56,2026-06-09
17802,1312,1506.4,10.31,2026-06-09
18337,1347,2890.5,14.02,2026-06-09
18508,1358,2363.4,16.5,2026-06-09
19221,1417,3606.4,20.85,2026-06-09
19774,1458,3547.8,28.91,2026-06-09
20030,1475,2021.9,11.08,2026-06-09
20141,1486,2341.8,14.25,2026-06-09
20350,1227,3120.9,16.56,2026-06-09
550,44,1005.1,8.91,2026-06-10
1452,115,3978.7,27.0,2026-06-10
2181,175,3374.7,23.6,2026-06-10
3067,233,3579.4,25.57,2026-06-10
4370,332,2055.2,10.75,2026-06-10
4567,349,1652.2,19.06,2026-06-10
5945,459,1263.8,10.37,2026-06-10
7571,579,3299.3,16.17,2026-06-10
7774,594,3498.0,21.81,2026-06-10
8053,615,524.8,5.62,2026-06-10
8880,682,2303.5,14.81,2026-06-10
9858,746,2896.4,15.07,2026-06-10
10392,782,2341.0,16.68,2026-06-10
10494,788,2098.4,15.29,2026-06-10
10840,812,1342.8,16.43,2026-06-10
10958,820,9448.0,47.37,2026-06-10
11216,843,3288.7,21.03,2026-06-10
11738,881,2625.3,19.96,2026-06-10
11793,887,4787.7,25.92,2026-06-10
12170,913,1886.1,8.55,2026-06-10
12580,941,1309.3,12.45,2026-06-10
12945,971,2024.0,12.61,2026-06-10
14085,1056,1416.4,11.59,2026-06-10
14163,1063,3551.5,23.94,2026-06-10
14346,1074,1463.8,11.63,2026-06-10
14601,1091,3456.6,24.17,2026-06-10
14661,1096,5120.5,26.86,2026-06-10
15633,1160,2151.6,10.04,2026-06-10
16216,1200,1168.8,12.89,2026-06-10
16783,1244,3336.3,16.71,2026-06-10
18112,1329,1963.8,13.68,2026-06-10
18706,1375,2448.8,21.14,2026-06-10
19336,1424,1611.7,19.7,2026-06-10
20453,115,3978.7,27.0,2026-06-10
915,74,2091.0,12.25,2026-06-11
949,78,1277.9,8.85,2026-06-11
1453,115,2966.1,14.9,2026-06-11
2163,173,3937.3,17.91,2026-06-11
2347,185,3032.9,15.92,2026-06-11
2746,213,2299.0,18.07,2026-06-11
3253,241,2027.5,9.8,2026-06-11
4728,362,2295.5,14.74,2026-06-11
6016,464,2103.4,11.73,2026-06-11
7000,537,2858.8,20.69,2026-06-11
7778,595,9107.5,60.09,2026-06-11
8019,612,4839.1,29.39,2026-06-11
8144,622,3880.5,30.35,2026-06-11
8603,662,4659.0,28.96,2026-06-11
8808,679,2837.2,23.96,2026-06-11
9368,710,0.0,0.0,2026-06-11
9553,722,1731.8,11.36,2026-06-11
9749,738,2835.8,17.56,2026-06-11
9867,747,636.1,6.51,2026-06-11
10189,771,3270.4,20.68,2026-06-11
12221,916,1342.3,14.83,2026-06-11
12954,971,2188.7,13.95,2026-06-11
13377,999,1854.2,19.25,2026-06-11
13491,1009,2174.9,13.13,2026-06-11
13608,1019,1487.2,9.57,2026-06-11
13775,1031,2490.9,20.51,2026-06-11
13785,1031,1915.2,14.87,2026-06-11
14410,1079,5165.9,46.31,2026-06-11
14531,1086,860.8,5.1,2026-06-11
14556,1090,6057.1,36.82,2026-06-11
15846,1169,4811.1,23.32,2026-06-11
16396,1212,4307.4,25.35,2026-06-11
16559,1225,2549.1,11.4,2026-06-11
16717,1238,2978.5,20.13,2026-06-11
18874,1393,3791.5,25.75,2026-06-11
19207,1417,3383.6,16.1,2026-06-11
19739,1455,1897.4,13.23,2026-06-11
20131,1484,1913.6,17.02,2026-06-11
363,25,2716.6,13.94,2026-06-12
838,70,2571.9,19.07,2026-06-12
1062,86,2456.1,16.32,2026-06-12
1512,120,4756.1,30.45,2026-06-12
1530,120,2647.3,22.2,2026-06-12
1914,150,3269.1,19.96,2026-06-12
1995,158,2775.7,15.68,2026-06-12
2330,184,2194.2,12.32,2026-06-12
2425,190,4830.0,24.43,2026-06-12
3177,237,2231.6,12.13,2026-06-12
3874,290,2015.5,10.31,2026-06-12
3910,293,3654.0,26.81,2026-06-12
4472,343,1838.7,11.06,2026-06-12
4816,371,1596.9,13.4,2026-06-12
4914,377,1372.0,15.64,2026-06-12
5542,429,2489.7,13.9,2026-06-12
5624,433,2325.0,11.87,2026-06-12
5719,442,2979.2,13.48,2026-06-12
6651,513,2768.9,16.63,2026-06-12
6804,522,2416.0,18.54,2026-06-12
6813,522,6327.0,35.14,2026-06-12
7010,538,9676.5,60.99,2026-06-12
7269,557,0.0,0.0,2026-06-12
7701,588,1429.9,9.23,2026-06-12
7739,592,4807.3,35.02,2026-06-12
8553,657,1301.5,11.2,2026-06-12
8665,669,4105.3,23.53,2026-06-12
9298,706,1533.8,7.97,2026-06-12
9509,720,3215.3,16.42,2026-06-12
9530,721,1345.1,10.16,2026-06-12
10348,780,2579.4,13.78,2026-06-12
13195,988,2709.6,16.31,2026-06-12
13530,1013,3299.6,18.73,2026-06-12
13935,1044,946.9,7.96,2026-06-12
14775,1103,3537.9,21.67,2026-06-12
14801,1106,1021.5,6.52,2026-06-12
14932,1113,1232.1,9.84,2026-06-12
15019,1118,802.6,6.02,2026-06-12
15208,1130,915.7,4.81,2026-06-12
15292,1137,2795.0,18.24,2026-06-12
16644,1230,1582.8,12.91,2026-06-12
17081,1262,2327.6,14.96,2026-06-12
17648,1299,3384.6,19.48,2026-06-12
18101,1329,5955.3,40.3,2026-06-12
18195,1334,956.9,10.26,2026-06-12
18596,1365,2403.5,12.95,2026-06-12
20287,1495,1440.1,8.0,2026-06-12
20300,1497,3087.3,25.43,2026-06-12
20332,1500,2762.8,18.74,2026-06-12
154,14,3581.3,26.79,2026-06-13
1108,91,1976.3,14.02,2026-06-13
2238,179,3595.5,20.16,2026-06-13
2615,203,2205.9,14.21,2026-06-13
2999,229,2867.4,15.89,2026-06-13
3876,291,3980.8,25.88,2026-06-13
4760,366,4160.2,23.81,2026-06-13
5549,429,3254.2,26.58,2026-06-13
5930,457,1679.6,9.16,2026-06-13
6578,508,7262.8,49.66,2026-06-13
6710,516,2741.8,21.45,2026-06-13
6752,519,4781.1,32.56,2026-06-13
6869,527,2079.6,11.53,2026-06-13
7076,544,0.0,0.0,2026-06-13
7522,577,5058.2,27.87,2026-06-13
7751,593,2837.0,20.88,2026-06-13
7845,600,2971.2,25.95,2026-06-13
8532,655,1683.8,10.63,2026-06-13
8956,687,3066.9,23.4,2026-06-13
9687,735,2721.2,16.36,2026-06-13
9741,738,2730.3,24.04,2026-06-13
10280,775,7322.2,37.52,2026-06-13
10524,791,3915.1,22.9,2026-06-13
10954,820,2344.1,15.73,2026-06-13
11199,842,3193.4,23.55,2026-06-13
11366,853,3543.3,19.11,2026-06-13
12719,951,2919.5,15.8,2026-06-13
12988,972,7118.0,52.01,2026-06-13
13273,994,6442.8,32.62,2026-06-13
13515,1011,4474.8,23.56,2026-06-13
13949,1045,3457.6,23.64,2026-06-13
14641,1094,2455.5,20.49,2026-06-13
15234,1131,3777.4,26.27,2026-06-13
15381,1143,3403.0,23.02,2026-06-13
15473,1151,2302.1,19.85,2026-06-13
15564,1157,3289.9,20.24,2026-06-13
16245,1201,6756.8,50.1,2026-06-13
16481,1217,4783.2,42.85,2026-06-13
16649,1231,4528.0,24.17,2026-06-13
17035,1259,872.4,13.75,2026-06-13
17102,1262,2396.9,18.62,2026-06-13
17441,1283,2667.0,22.84,2026-06-13
17444,1283,1093.4,7.46,2026-06-13
17680,1304,5015.0,28.89,2026-06-13
17796,1311,2750.4,17.34,2026-06-13
17821,1313,2281.3,13.44,2026-06-13
18427,1353,4020.6,34.59,2026-06-13
18999,1402,1864.0,14.24,2026-06-13
20165,1488,2838.4,13.67,2026-06-13
20266,1495,2901.0,17.64,2026-06-13
20409,775,7322.2,37.52,2026-06-13
108,12,3157.7,18.58,2026-06-14
626,53,2318.7,11.94,2026-06-14
2018,160,5312.3,28.97,2026-06-14
2288,182,2446.2,18.17,2026-06-14
3011,229,3899.6,28.01,2026-06-14
3046,231,1693.2,10.54,2026-06-14
3324,245,1979.9,32.49,2026-06-14
3701,279,836.6,10.94,2026-06-14
4010,301,1921.7,20.03,2026-06-14
4196,316,3266.8,21.59,2026-06-14
4216,318,1095.1,9.96,2026-06-14
5043,390,1158.5,8.36,2026-06-14
5386,418,2715.1,12.24,2026-06-14
5720,442,1488.8,14.44,2026-06-14
5964,459,1203.7,12.38,2026-06-14
6737,519,5626.8,29.7,2026-06-14
6762,519,5126.9,18.97,2026-06-14
6808,522,3532.9,23.7,2026-06-14
8320,640,1356.0,10.19,2026-06-14
8358,643,2626.2,20.92,2026-06-14
8524,654,6107.4,38.59,2026-06-14
10384,782,1414.3,11.74,2026-06-14
11458,861,2201.8,13.4,2026-06-14
11552,868,4765.4,25.2,2026-06-14
11726,879,1045.3,6.38,2026-06-14
11747,882,2098.5,15.26,2026-06-14
12366,924,2136.0,13.63,2026-06-14
12419,928,1645.3,11.57,2026-06-14
13188,986,1870.6,12.79,2026-06-14
13373,999,3414.3,23.1,2026-06-14
14354,1075,1970.9,10.5,2026-06-14
14895,1111,3160.4,29.71,2026-06-14
15955,1176,2093.8,12.02,2026-06-14
16214,1199,3705.8,23.86,2026-06-14
16506,1221,2588.9,15.71,2026-06-14
16582,1227,3525.6,15.39,2026-06-14
16703,1237,6992.4,39.04,2026-06-14
16892,1250,1063.9,12.85,2026-06-14
17020,1258,3339.9,19.73,2026-06-14
17504,1289,2737.4,23.16,2026-06-14
17808,1313,4400.9,20.7,2026-06-14
17843,1314,1712.0,16.22,2026-06-14
18160,1332,3422.9,24.85,2026-06-14
18736,1377,2482.1,15.07,2026-06-14
19219,1417,6443.4,36.12,2026-06-14
19220,1417,3057.2,16.63,2026-06-14
19784,1458,5796.1,29.26,2026-06-14
19843,1463,1854.2,16.51,2026-06-14
20206,1490,4866.3,22.11,2026-06-14
20357,999,3414.3,23.1,2026-06-14
223,19,4186.2,27.34,2026-06-15
454,36,2064.3,13.42,2026-06-15
468,36,4937.2,29.87,2026-06-15
883,73,3652.3,19.84,2026-06-15
1353,108,1774.7,11.2,2026-06-15
1994,158,2989.4,20.54,2026-06-15
3160,237,3687.0,27.53,2026-06-15
3300,244,1906.4,10.59,2026-06-15
3541,264,2430.9,22.54,2026-06-15
4041,303,2335.9,15.66,2026-06-15
5551,429,3052.9,18.79,2026-06-15
6102,470,3990.8,19.68,2026-06-15
7787,595,3481.0,30.0,2026-06-15
8016,612,2321.6,20.78,2026-06-15
8042,614,1502.3,9.44,2026-06-15
8493,652,3759.2,23.58,2026-06-15
9534,721,1415.7,8.55,2026-06-15
9939,753,5150.7,35.21,2026-06-15
10028,762,3199.8,19.44,2026-06-15
10049,763,2619.1,13.47,2026-06-15
10554,792,2471.4,15.17,2026-06-15
11278,848,2698.8,20.02,2026-06-15
11584,870,2401.9,17.05,2026-06-15
12231,916,1777.9,16.22,2026-06-15
12911,966,1843.0,14.81,2026-06-15
13044,977,1043.9,6.69,2026-06-15
13476,1008,7800.6,38.84,2026-06-15
13774,1031,3566.0,26.44,2026-06-15
13982,1048,2570.8,16.79,2026-06-15
14657,1096,2786.6,19.53,2026-06-15
15226,1131,2231.6,13.46,2026-06-15
15610,1158,3384.4,17.64,2026-06-15
15809,1167,3712.5,18.66,2026-06-15
17024,1259,3988.1,25.44,2026-06-15
17832,1314,2041.3,10.69,2026-06-15
18119,1329,5272.3,37.88,2026-06-15
18392,1350,676.5,5.56,2026-06-15
18500,1357,2019.7,16.38,2026-06-15
18591,1365,6507.9,58.47,2026-06-15
18620,1366,1329.7,15.63,2026-06-15
18739,1377,1803.2,14.23,2026-06-15
19180,1415,1521.3,8.73,2026-06-15
19303,1423,2249.4,15.57,2026-06-15
19357,1425,2402.9,14.2,2026-06-15
19573,1443,7055.2,43.63,2026-06-15
19795,1459,2837.3,32.47,2026-06-15
19953,1470,1156.5,17.19,2026-06-15
807,69,1565.2,14.82,2026-06-16
1131,93,2628.0,18.54,2026-06-16
1244,100,1426.7,21.71,2026-06-16
2497,195,1534.3,8.28,2026-06-16
2702,209,2892.6,19.87,2026-06-16
3031,231,2459.9,16.33,2026-06-16
4380,332,3612.0,20.67,2026-06-16
4530,346,2420.6,14.88,2026-06-16
6000,463,1784.2,18.38,2026-06-16
6811,522,1114.8,10.7,2026-06-16
6904,530,2588.4,12.94,2026-06-16
7084,544,1925.7,16.17,2026-06-16
7133,547,2881.8,26.93,2026-06-16
7138,547,2518.7,14.09,2026-06-16
7852,601,958.0,5.68,2026-06-16
8996,690,7769.6,41.06,2026-06-16
9190,700,1543.3,10.4,2026-06-16
9596,725,4265.4,28.48,2026-06-16
9656,732,1643.5,7.99,2026-06-16
9737,737,9290.2,47.5,2026-06-16
9949,754,2933.6,12.24,2026-06-16
10690,801,979.8,9.12,2026-06-16
10935,818,2039.6,15.1,2026-06-16
11167,839,2889.5,18.02,2026-06-16
11565,870,5198.7,34.48,2026-06-16
11923,896,861.1,7.93,2026-06-16
13362,999,3173.6,20.6,2026-06-16
13761,1030,4017.8,22.32,2026-06-16
15334,1140,2013.1,11.88,2026-06-16
15777,1166,3630.9,19.63,2026-06-16
15843,1168,1992.0,10.38,2026-06-16
16406,1212,3070.6,22.82,2026-06-16
16412,1212,2095.6,13.61,2026-06-16
16810,1245,5649.2,30.47,2026-06-16
16978,1256,2239.3,18.62,2026-06-16
17586,1295,3040.1,20.46,2026-06-16
17632,1299,1586.3,11.18,2026-06-16
17719,1305,3811.9,19.51,2026-06-16
18906,1395,3084.8,14.56,2026-06-16
19197,1416,3484.6,22.84,2026-06-16
20225,1490,9108.1,59.39,2026-06-16
20315,1499,1827.4,9.45,2026-06-16
61,7,4387.7,23.55,2026-06-17
193,17,3354.9,20.23,2026-06-17
229,19,4483.6,26.58,2026-06-17
464,36,2516.3,17.25,2026-06-17
1109,91,4227.4,28.27,2026-06-17
1502,119,4402.4,36.38,2026-06-17
1679,132,1477.5,8.79,2026-06-17
2165,174,3367.0,27.98,2026-06-17
2495,195,3998.9,22.75,2026-06-17
2766,214,3622.7,28.6,2026-06-17
3178,237,1353.1,8.83,2026-06-17
3752,283,648.5,7.63,2026-06-17
4293,326,843.9,6.95,2026-06-17
4480,344,1413.5,9.58,2026-06-17
4560,349,1419.1,8.15,2026-06-17
4847,372,1396.2,16.84,2026-06-17
5295,411,2035.4,13.12,2026-06-17
5959,459,2918.3,19.92,2026-06-17
6204,479,1182.2,13.68,2026-06-17
7055,542,1069.8,10.74,2026-06-17
7437,569,1117.0,11.52,2026-06-17
7962,608,3758.3,25.34,2026-06-17
8047,614,2788.4,11.8,2026-06-17
8693,670,3710.0,23.4,2026-06-17
9547,722,3236.3,18.48,2026-06-17
9814,743,3120.7,15.79,2026-06-17
10156,769,2994.4,16.62,2026-06-17
10395,782,1046.5,14.74,2026-06-17
10455,787,4061.6,21.83,2026-06-17
10626,796,4490.7,21.9,2026-06-17
11011,824,1755.5,10.86,2026-06-17
11323,850,2547.0,19.74,2026-06-17
12026,903,2431.9,17.5,2026-06-17
12512,939,667.4,5.7,2026-06-17
13332,997,2706.0,17.48,2026-06-17
14082,1056,1993.7,14.31,2026-06-17
14733,1099,3017.2,15.84,2026-06-17
14959,1116,3236.6,16.92,2026-06-17
15595,1157,2780.0,13.38,2026-06-17
16253,1202,3187.5,22.27,2026-06-17
16262,1203,1998.7,11.76,2026-06-17
16429,1213,3424.1,20.13,2026-06-17
17372,1277,2090.7,14.74,2026-06-17
17762,1310,5800.1,47.19,2026-06-17
17951,1321,4705.7,29.17,2026-06-17
19236,1418,3611.5,34.79,2026-06-17
19318,1423,1591.6,12.06,2026-06-17
19652,1451,2652.1,17.01,2026-06-17
19748,1456,2073.7,18.63,2026-06-17
19766,1458,6826.4,35.04,2026-06-17
20471,283,648.5,7.63,2026-06-17
270,21,2791.8,18.46,2026-06-18
1115,91,3100.2,16.67,2026-06-18
1570,121,2928.9,17.43,2026-06-18
1893,149,1782.8,13.79,2026-06-18
2235,179,3164.5,17.25,2026-06-18
3101,235,2980.9,15.72,2026-06-18
3200,238,1395.6,15.71,2026-06-18
3445,255,3142.5,18.31,2026-06-18
3795,286,2293.0,14.55,2026-06-18
4130,309,3398.6,17.97,2026-06-18
4224,318,1662.2,12.02,2026-06-18
4259,323,1407.2,10.48,2026-06-18
4324,328,1844.9,10.6,2026-06-18
4788,369,1460.5,8.85,2026-06-18
5326,413,5017.5,30.66,2026-06-18
6055,468,742.3,5.03,2026-06-18
7007,538,936.5,6.05,2026-06-18
7290,558,1981.9,12.27,2026-06-18
8501,652,2171.6,13.54,2026-06-18
8938,686,1839.0,18.45,2026-06-18
9047,692,807.1,7.49,2026-06-18
9270,705,2830.6,15.98,2026-06-18
9384,712,3258.4,28.33,2026-06-18
9470,716,0.0,0.0,2026-06-18
9878,748,5142.4,33.26,2026-06-18
9937,753,2816.0,19.25,2026-06-18
10750,806,1706.6,12.05,2026-06-18
10956,820,5272.6,37.87,2026-06-18
11021,825,2761.2,22.75,2026-06-18
11154,839,1252.2,6.59,2026-06-18
11393,855,1966.2,10.44,2026-06-18
11791,887,1016.0,8.0,2026-06-18
11880,891,1517.6,7.23,2026-06-18
11905,894,2938.6,21.79,2026-06-18
12468,935,3528.6,23.2,2026-06-18
14123,1060,7952.7,45.45,2026-06-18
14664,1096,2906.2,15.17,2026-06-18
14785,1105,1647.3,10.34,2026-06-18
16505,1221,2199.2,12.81,2026-06-18
16713,1237,2428.0,15.09,2026-06-18
16853,1248,2313.9,17.68,2026-06-18
16909,1251,2030.4,10.46,2026-06-18
17158,1266,2129.6,14.85,2026-06-18
17645,1299,2566.9,18.04,2026-06-18
17964,1321,860.7,6.54,2026-06-18
19225,1417,3109.2,18.87,2026-06-18
19872,1466,3983.6,18.61,2026-06-18
20026,1475,2271.0,14.26,2026-06-18
20121,1484,1644.0,13.39,2026-06-18
831,70,1135.2,8.91,2026-06-19
1313,105,3641.9,20.15,2026-06-19
1446,114,4185.5,24.13,2026-06-19
2893,222,4424.3,29.34,2026-06-19
3359,248,2758.8,22.34,2026-06-19
3548,264,2710.8,15.74,2026-06-19
4263,323,4527.1,23.12,2026-06-19
5084,392,1533.4,9.99,2026-06-19
5137,398,2228.9,11.41,2026-06-19
5239,406,3580.1,17.34,2026-06-19
5628,434,1754.4,11.19,2026-06-19
6338,492,4127.7,30.36,2026-06-19
6676,515,2745.2,16.13,2026-06-19
7176,551,1930.8,20.11,2026-06-19
7520,577,2643.7,13.87,2026-06-19
7536,577,12252.1,48.18,2026-06-19
9226,703,1097.5,7.68,2026-06-19
9506,720,1445.6,12.48,2026-06-19
10254,774,1256.7,7.75,2026-06-19
10490,788,1405.2,15.67,2026-06-19
10830,812,1512.5,11.11,2026-06-19
10961,820,5094.4,39.7,2026-06-19
10963,820,2997.9,23.8,2026-06-19
11220,844,4974.1,36.76,2026-06-19
11845,888,1099.8,7.51,2026-06-19
12131,910,5133.6,36.35,2026-06-19
12189,913,1325.1,10.08,2026-06-19
12256,917,3379.5,19.05,2026-06-19
13295,995,4075.8,23.83,2026-06-19
13403,1002,2685.2,14.42,2026-06-19
13510,1011,4565.2,23.5,2026-06-19
13726,1028,2318.3,13.48,2026-06-19
14546,1089,2768.8,18.55,2026-06-19
15364,1142,2643.3,17.64,2026-06-19
17025,1259,5156.2,32.41,2026-06-19
17515,1291,981.4,7.64,2026-06-19
17941,1320,860.8,7.16,2026-06-19
18130,1330,1970.2,15.57,2026-06-19
18315,1345,1133.6,6.43,2026-06-19
18393,1350,2429.6,12.47,2026-06-19
18499,1357,1394.7,16.37,2026-06-19
18732,1377,3386.8,14.95,2026-06-19
19306,1423,2755.4,19.98,2026-06-19
20024,1474,2669.0,12.63,2026-06-19
20462,1320,860.8,7.16,2026-06-19
474,37,1447.1,9.6,2026-06-20
866,72,3648.0,23.26,2026-06-20
889,73,1657.5,10.64,2026-06-20
906,74,2048.5,19.99,2026-06-20
1484,118,2903.2,17.01,2026-06-20
1662,130,2173.0,11.49,2026-06-20
1792,143,2643.4,14.21,2026-06-20
1862,146,1270.4,9.89,2026-06-20
1912,150,1986.3,12.4,2026-06-20
2550,199,2076.2,13.9,2026-06-20
2643,205,4922.5,25.33,2026-06-20
2653,205,2696.8,20.5,2026-06-20
3275,242,5520.9,27.48,2026-06-20
3785,285,3125.0,32.58,2026-06-20
4100,308,1015.9,11.77,2026-06-20
4349,330,2236.0,15.38,2026-06-20
4373,332,3256.5,21.54,2026-06-20
4639,356,1024.9,7.43,2026-06-20
5761,444,712.5,4.57,2026-06-20
6421,498,2416.8,23.01,2026-06-20
6739,519,5136.9,27.33,2026-06-20
6765,519,2683.4,14.29,2026-06-20
10470,787,1031.6,9.01,2026-06-20
10887,815,6455.7,34.34,2026-06-20
11079,831,3353.9,18.32,2026-06-20
11351,852,3289.8,27.96,2026-06-20
12200,915,4654.2,28.41,2026-06-20
12444,932,4943.2,34.52,2026-06-20
13016,973,1578.4,9.11,2026-06-20
13038,975,1456.3,14.7,2026-06-20
13517,1012,1231.5,13.3,2026-06-20
13532,1014,2857.1,18.99,2026-06-20
14990,1117,2458.9,12.79,2026-06-20
15621,1158,2297.6,13.97,2026-06-20
15692,1163,3175.5,20.8,2026-06-20
15765,1165,1361.1,8.59,2026-06-20
16227,1200,911.4,15.19,2026-06-20
16975,1255,3236.0,27.66,2026-06-20
17180,1267,3359.1,21.62,2026-06-20
17827,1313,2643.1,19.15,2026-06-20
19156,1414,1630.0,10.31,2026-06-20
20096,1479,4578.6,31.93,2026-06-20
20362,1163,3175.5,20.8,2026-06-20
623,52,3755.5,18.89,2026-06-21
1248,101,5298.6,37.7,2026-06-21
1258,101,2879.5,14.6,2026-06-21
1586,123,2607.2,15.65,2026-06-21
1666,131,4309.6,28.84,2026-06-21
1738,138,3926.6,18.04,2026-06-21
3053,232,3306.5,21.14,2026-06-21
3965,298,1111.9,9.59,2026-06-21
4413,336,1797.2,10.33,2026-06-21
5035,389,712.5,5.51,2026-06-21
5574,430,2860.1,13.81,2026-06-21
5850,449,5164.7,20.94,2026-06-21
6407,497,2197.7,13.44,2026-06-21
6545,506,2722.3,15.35,2026-06-21
7004,538,4559.2,24.04,2026-06-21
7199,553,1323.8,7.16,2026-06-21
7369,562,2790.7,22.12,2026-06-21
7409,568,2371.2,16.09,2026-06-21
7464,572,913.2,9.2,2026-06-21
7901,605,4364.8,24.89,2026-06-21
8833,680,1640.0,19.84,2026-06-21
8841,681,1578.1,10.47,2026-06-21
10008,761,2382.9,17.85,2026-06-21
10512,790,1667.4,8.39,2026-06-21
10613,796,3846.6,25.71,2026-06-21
13257,993,1949.3,10.79,2026-06-21
13369,999,4503.9,26.4,2026-06-21
14483,1082,3173.5,18.62,2026-06-21
14610,1091,1451.6,12.37,2026-06-21
16398,1212,7195.6,37.01,2026-06-21
16889,1250,4633.2,22.72,2026-06-21
17511,1290,4676.7,20.78,2026-06-21
17836,1314,1070.0,7.19,2026-06-21
18166,1333,2952.5,19.24,2026-06-21
18192,1334,2985.1,19.14,2026-06-21
18540,1359,1305.0,8.99,2026-06-21
18559,1361,3874.5,23.73,2026-06-21
18614,1366,2568.2,12.89,2026-06-21
19522,1438,2221.8,19.48,2026-06-21
19737,1455,1842.3,13.55,2026-06-21
19738,1455,2782.4,17.83,2026-06-21
20040,1476,1360.4,9.48,2026-06-21
982,81,1262.1,8.88,2026-06-22
1029,83,4803.6,39.5,2026-06-22
2151,172,2139.7,9.75,2026-06-22
2594,201,3088.9,20.78,2026-06-22
3295,244,3059.3,14.64,2026-06-22
3421,252,2650.7,16.77,2026-06-22
3715,280,5472.3,26.76,2026-06-22
4790,369,3657.8,21.75,2026-06-22
4793,370,1420.3,11.05,2026-06-22
4797,370,1683.2,11.19,2026-06-22
5491,425,2310.5,17.27,2026-06-22
6039,465,1375.3,6.64,2026-06-22
6147,474,3128.1,25.5,2026-06-22
6228,481,2101.8,10.39,2026-06-22
6272,487,2840.9,22.72,2026-06-22
7661,585,5204.5,21.1,2026-06-22
7796,595,2464.5,15.95,2026-06-22
8196,626,2211.4,15.53,2026-06-22
8508,653,1535.0,11.62,2026-06-22
8521,653,1082.4,7.25,2026-06-22
8535,656,1663.0,11.32,2026-06-22
8649,666,6412.2,30.76,2026-06-22
9252,704,2852.0,19.98,2026-06-22
9325,708,1779.7,10.23,2026-06-22
9429,714,3619.0,35.28,2026-06-22
9926,752,3867.1,22.63,2026-06-22
10544,791,4310.1,20.82,2026-06-22
10687,801,3267.6,23.54,2026-06-22
11601,871,1406.4,11.47,2026-06-22
11686,877,3363.2,25.15,2026-06-22
13565,1015,1475.2,12.64,2026-06-22
14001,1050,2302.7,20.67,2026-06-22
14619,1092,2292.5,16.91,2026-06-22
15059,1121,1601.3,13.84,2026-06-22
15251,1133,2596.2,16.32,2026-06-22
15352,1141,2601.7,20.28,2026-06-22
15390,1143,1382.0,9.15,2026-06-22
15448,1151,3663.0,19.8,2026-06-22
15700,1163,1934.3,13.61,2026-06-22
17743,1307,3984.8,25.44,2026-06-22
18727,1377,1526.4,11.71,2026-06-22
20012,1473,1058.2,5.89,2026-06-22
281,21,6639.6,30.41,2026-06-23
475,37,3938.2,20.62,2026-06-23
694,59,2063.6,12.09,2026-06-23
744,64,2435.1,14.29,2026-06-23
752,65,2232.4,17.19,2026-06-23
1169,96,804.2,7.27,2026-06-23
2289,182,2397.6,11.39,2026-06-23
2977,228,3213.8,19.19,2026-06-23
3688,278,1846.8,11.14,2026-06-23
3976,299,2810.7,17.58,2026-06-23
4402,335,3345.7,46.89,2026-06-23
4519,346,2657.1,17.27,2026-06-23
5068,391,1182.0,5.44,2026-06-23
6237,483,3201.9,23.59,2026-06-23
6301,488,1730.7,9.47,2026-06-23
6402,497,3426.4,19.79,2026-06-23
7737,592,1697.9,12.73,2026-06-23
7761,594,2416.7,16.6,2026-06-23
7824,597,1618.3,9.0,2026-06-23
8583,660,1759.2,11.22,2026-06-23
8814,679,2123.1,16.56,2026-06-23
8830,680,6188.8,37.8,2026-06-23
9019,691,4503.7,24.77,2026-06-23
9613,728,1124.1,10.36,2026-06-23
9947,754,1161.2,7.01,2026-06-23
10208,771,2069.9,14.87,2026-06-23
10359,780,3989.8,24.94,2026-06-23
11518,867,1173.6,7.02,2026-06-23
11615,873,1554.5,10.89,2026-06-23
12102,907,1062.2,6.49,2026-06-23
12208,915,2641.3,17.49,2026-06-23
12896,965,2193.8,15.74,2026-06-23
13269,993,2717.8,20.33,2026-06-23
13558,1015,1651.0,11.88,2026-06-23
13807,1034,3760.0,22.97,2026-06-23
13838,1035,1351.2,12.18,2026-06-23
13954,1046,1376.6,7.39,2026-06-23
14152,1063,3388.4,15.8,2026-06-23
15539,1155,1402.2,8.63,2026-06-23
15669,1162,2129.6,17.03,2026-06-23
15943,1175,2355.2,11.74,2026-06-23
16291,1204,2584.9,18.35,2026-06-23
16920,1252,3250.8,17.38,2026-06-23
16979,1256,3640.4,19.83,2026-06-23
18225,1338,1974.4,11.96,2026-06-23
18370,1349,3857.9,27.33,2026-06-23
18494,1356,3230.1,17.46,2026-06-23
18623,1366,2011.0,17.06,2026-06-23
18879,1393,2998.0,18.95,2026-06-23
19094,1407,3002.8,21.58,2026-06-23
19101,1409,2854.9,18.7,2026-06-23
19223,1417,3813.2,18.22,2026-06-23
19266,1419,2740.4,16.44,2026-06-23
19339,1424,1034.1,7.97,2026-06-23
19438,1432,5864.3,37.05,2026-06-23
522,43,2015.8,17.37,2026-06-24
1081,89,1553.9,13.38,2026-06-24
1088,89,1226.0,9.06,2026-06-24
1525,120,2541.1,19.78,2026-06-24
1918,151,2902.9,18.39,2026-06-24
2456,194,3621.1,24.36,2026-06-24
2840,218,1867.8,10.68,2026-06-24
3064,233,10688.7,64.26,2026-06-24
3229,240,2131.6,17.03,2026-06-24
3914,294,1868.6,19.02,2026-06-24
4951,379,8985.8,35.86,2026-06-24
5087,392,2064.4,17.49,2026-06-24
5099,394,2814.4,18.38,2026-06-24
5711,439,966.8,14.18,2026-06-24
5790,446,5404.1,39.7,2026-06-24
5925,456,7821.3,37.64,2026-06-24
6034,465,6549.4,33.76,2026-06-24
6044,466,1985.3,13.84,2026-06-24
6192,477,2316.0,22.4,2026-06-24
6385,497,2230.5,18.05,2026-06-24
6679,515,2111.9,20.67,2026-06-24
6701,516,2125.3,13.99,2026-06-24
6729,517,1462.6,16.01,2026-06-24
7514,575,1901.2,8.37,2026-06-24
8043,614,1639.1,13.74,2026-06-24
8079,616,1565.1,15.88,2026-06-24
8292,639,1814.8,22.35,2026-06-24
8332,640,2282.8,17.15,2026-06-24
8474,651,1425.4,9.81,2026-06-24
8555,658,1373.0,11.98,2026-06-24
8598,661,2015.7,14.0,2026-06-24
9150,698,2950.1,16.04,2026-06-24
9706,736,1857.4,12.99,2026-06-24
10909,817,2685.0,13.78,2026-06-24
11418,857,2154.9,14.72,2026-06-24
11639,875,2044.0,9.77,2026-06-24
11886,892,3193.7,24.92,2026-06-24
11947,898,8436.3,50.54,2026-06-24
12029,903,1304.8,7.56,2026-06-24
12223,916,2603.5,17.19,2026-06-24
12388,926,1441.7,7.33,2026-06-24
13958,1046,3723.7,21.42,2026-06-24
14057,1054,3212.8,27.09,2026-06-24
14140,1061,4350.8,19.27,2026-06-24
14204,1066,3655.2,23.56,2026-06-24
14207,1066,2628.3,15.29,2026-06-24
14544,1089,1507.1,7.93,2026-06-24
14739,1100,1490.1,8.5,2026-06-24
14815,1107,1746.6,10.83,2026-06-24
14926,1113,1244.5,8.92,2026-06-24
14994,1117,3827.3,20.16,2026-06-24
15015,1118,3735.6,23.55,2026-06-24
15613,1158,4065.4,19.82,2026-06-24
15863,1169,4375.2,24.76,2026-06-24
16384,1212,2799.5,11.51,2026-06-24
16596,1227,4828.9,27.92,2026-06-24
17244,1271,1959.9,18.92,2026-06-24
17736,1307,2589.0,15.17,2026-06-24
17885,1316,2262.9,12.69,2026-06-24
18408,1351,2902.7,15.34,2026-06-24
18859,1391,909.0,6.11,2026-06-24
20257,1494,1510.3,7.55,2026-06-24
3,1,1797.5,13.37,2026-06-25
122,12,1933.4,11.23,2026-06-25
751,65,1570.7,11.72,2026-06-25
1560,121,1812.6,12.32,2026-06-25
2214,178,1504.1,8.87,2026-06-25
2690,208,3251.8,17.54,2026-06-25
3112,235,1275.6,9.8,2026-06-25
3163,237,2071.2,13.98,2026-06-25
3866,290,3375.1,23.73,2026-06-25
4450,340,1946.2,11.85,2026-06-25
4501,344,5524.3,33.57,2026-06-25
4767,366,2798.0,18.94,2026-06-25
4908,377,3076.8,17.72,2026-06-25
5738,442,3109.4,13.48,2026-06-25
5780,445,2979.4,18.31,2026-06-25
7079,544,1660.3,8.98,2026-06-25
7792,595,2465.9,22.59,2026-06-25
8048,614,1876.5,18.67,2026-06-25
8491,652,1777.0,11.26,2026-06-25
8699,671,1973.1,11.18,2026-06-25
8847,681,1596.2,13.8,2026-06-25
9281,705,3197.5,17.82,2026-06-25
9376,711,4007.6,18.2,2026-06-25
10936,818,2664.0,17.95,2026-06-25
11858,888,4221.9,18.93,2026-06-25
12106,908,976.9,4.78,2026-06-25
12440,932,2993.8,16.34,2026-06-25
13122,981,2924.1,14.46,2026-06-25
13575,1016,3947.2,26.25,2026-06-25
13612,1020,2416.0,17.16,2026-06-25
13634,1021,4232.3,41.64,2026-06-25
13910,1042,2637.2,17.89,2026-06-25
14270,1070,6113.2,38.87,2026-06-25
14554,1090,2745.5,14.31,2026-06-25
15637,1160,6024.0,29.86,2026-06-25
15995,1179,2049.9,12.38,2026-06-25
16393,1212,6334.9,29.55,2026-06-25
16715,1237,3917.5,24.97,2026-06-25
17712,1305,5460.0,34.74,2026-06-25
18010,1325,3199.2,17.81,2026-06-25
18486,1356,2018.9,11.1,2026-06-25
562,46,1975.6,15.85,2026-06-26
924,76,1429.6,9.35,2026-06-26
1133,93,4795.1,21.27,2026-06-26
1748,138,1384.9,9.05,2026-06-26
1750,138,2389.2,17.17,2026-06-26
2544,198,5474.5,27.0,2026-06-26
2586,201,1953.1,10.49,2026-06-26
2765,214,2320.7,15.78,2026-06-26
2930,226,1726.5,15.3,2026-06-26
3009,229,4342.4,18.56,2026-06-26
3973,299,5602.9,30.88,2026-06-26
4014,301,2953.6,19.18,2026-06-26
4129,309,781.2,13.02,2026-06-26
4205,317,3046.2,18.64,2026-06-26
5343,414,5963.7,28.75,2026-06-26
5362,416,1578.1,11.39,2026-06-26
6337,492,2345.3,11.44,2026-06-26
6393,497,1982.5,13.37,2026-06-26
6891,528,1910.4,13.26,2026-06-26
7425,568,5817.7,27.77,2026-06-26
7435,569,2173.3,17.87,2026-06-26
7488,572,2987.4,21.14,2026-06-26
7679,587,1544.9,10.96,2026-06-26
8897,683,3125.5,15.56,2026-06-26
9393,713,4471.3,25.18,2026-06-26
9751,738,2271.2,10.75,2026-06-26
10783,807,2254.2,13.28,2026-06-26
11197,842,1221.3,9.31,2026-06-26
11205,842,3659.8,18.22,2026-06-26
11355,853,1283.7,12.55,2026-06-26
11997,902,4019.7,24.23,2026-06-26
12570,940,3850.7,26.1,2026-06-26
12603,943,2220.5,13.45,2026-06-26
13393,1001,2208.6,11.3,2026-06-26
13402,1001,2240.7,8.68,2026-06-26
13582,1016,2276.8,16.71,2026-06-26
14203,1066,1833.3,9.42,2026-06-26
15297,1137,2120.7,9.94,2026-06-26
15632,1159,1938.6,13.51,2026-06-26
15680,1162,4415.0,43.67,2026-06-26
15837,1168,1590.4,14.57,2026-06-26
15989,1178,1129.4,8.68,2026-06-26
16123,1192,2703.6,13.72,2026-06-26
16155,1195,4585.9,25.04,2026-06-26
16633,1230,2533.6,11.02,2026-06-26
16635,1230,5118.1,25.64,2026-06-26
17638,1299,796.7,6.03,2026-06-26
17740,1307,6015.4,28.76,2026-06-26
17797,1311,7881.9,37.78,2026-06-26
17967,1321,5826.1,36.22,2026-06-26
18567,1363,2470.2,18.1,2026-06-26
19215,1417,2435.3,20.95,2026-06-26
19276,1420,1646.9,13.05,2026-06-26
19343,1424,2704.8,17.72,2026-06-26
19639,1449,2346.8,16.72,2026-06-26
19805,1460,1739.0,14.23,2026-06-26
99,12,4228.9,24.1,2026-06-27
113,12,3754.9,18.54,2026-06-27
500,41,2544.2,16.73,2026-06-27
513,42,2247.2,16.52,2026-06-27
1214,98,1775.3,10.15,2026-06-27
2816,216,1551.4,12.48,2026-06-27
2830,218,3133.9,18.43,2026-06-27
3000,229,2065.5,13.75,2026-06-27
3183,238,6073.6,32.98,2026-06-27
3968,298,1405.5,10.12,2026-06-27
5003,386,4724.3,26.98,2026-06-27
5109,395,4663.4,22.99,2026-06-27
5487,425,4714.7,24.0,2026-06-27
5831,448,4035.1,28.76,2026-06-27
6223,481,3594.6,20.35,2026-06-27
6304,488,1845.4,15.03,2026-06-27
7758,594,1155.0,11.72,2026-06-27
9975,758,4674.1,29.02,2026-06-27
10325,779,1677.7,9.01,2026-06-27
10420,784,1884.0,16.83,2026-06-27
10997,822,1352.7,8.93,2026-06-27
11855,888,3328.3,22.69,2026-06-27
12235,916,5421.8,27.18,2026-06-27
13460,1005,2160.5,13.53,2026-06-27
13686,1024,2409.8,21.19,2026-06-27
13887,1040,3346.9,22.31,2026-06-27
14238,1068,2469.5,18.35,2026-06-27
14548,1089,1534.4,10.37,2026-06-27
15303,1137,3014.9,19.38,2026-06-27
15335,1140,7342.3,49.46,2026-06-27
15397,1144,2852.0,18.75,2026-06-27
16259,1203,7381.2,40.13,2026-06-27
16966,1255,908.8,6.6,2026-06-27
17616,1297,2017.9,15.77,2026-06-27
17636,1299,3448.3,20.39,2026-06-27
17730,1306,2607.1,26.45,2026-06-27
18168,1333,2857.0,22.23,2026-06-27
18633,1366,2821.5,17.79,2026-06-27
19656,1451,2423.6,14.67,2026-06-27
20086,1478,2449.1,17.34,2026-06-27
20323,1499,10001.1,59.19,2026-06-27
313,23,5646.9,37.16,2026-06-28
551,44,3191.6,19.53,2026-06-28
965,80,3751.5,18.74,2026-06-28
1147,93,1657.3,13.32,2026-06-28
1346,107,2238.0,14.29,2026-06-28
1527,120,4212.9,38.37,2026-06-28
1993,158,2174.6,15.18,2026-06-28
2563,199,6628.2,25.5,2026-06-28
3232,240,1890.7,21.16,2026-06-28
3262,242,2131.9,12.52,2026-06-28
3302,244,778.4,5.1,2026-06-28
3362,249,3433.6,30.89,2026-06-28
3804,287,3383.3,20.76,2026-06-28
4306,328,4858.2,31.02,2026-06-28
4523,346,3083.4,17.45,2026-06-28
5275,410,1866.1,21.69,2026-06-28
6494,504,2681.0,15.98,2026-06-28
6691,515,2100.0,10.49,2026-06-28
6950,533,1409.6,9.47,2026-06-28
7332,560,2559.1,24.73,2026-06-28
7356,562,2179.4,15.0,2026-06-28
7848,601,1761.4,14.35,2026-06-28
8396,645,3881.8,23.88,2026-06-28
8763,676,3957.9,23.18,2026-06-28
9335,709,4404.4,29.45,2026-06-28
9400,713,1506.8,12.5,2026-06-28
10458,787,2154.2,16.28,2026-06-28
11180,840,3145.4,19.25,2026-06-28
11445,861,1050.4,8.4,2026-06-28
12224,916,1845.7,13.15,2026-06-28
12594,942,4067.3,20.07,2026-06-28
13099,979,5789.4,34.75,2026-06-28
13679,1024,1865.1,12.47,2026-06-28
14133,1061,4267.1,33.22,2026-06-28
14360,1075,2798.8,18.88,2026-06-28
14366,1075,2329.4,13.61,2026-06-28
14400,1078,2734.6,19.94,2026-06-28
15211,1130,3322.6,20.91,2026-06-28
16068,1188,2566.5,14.41,2026-06-28
16385,1212,2034.7,18.39,2026-06-28
17044,1260,3481.6,23.75,2026-06-28
17276,1272,2909.6,19.46,2026-06-28
17345,1276,2355.3,13.52,2026-06-28
17557,1294,1545.1,11.86,2026-06-28
18066,1328,2112.5,18.71,2026-06-28
18383,1349,2605.5,13.94,2026-06-28
19348,1425,2828.7,20.59,2026-06-28
19475,1435,4211.1,18.79,2026-06-28
19956,1470,2228.9,14.77,2026-06-28
40,5,3831.1,18.42,2026-06-29
645,54,2636.2,13.89,2026-06-29
932,76,5336.4,25.62,2026-06-29
1486,118,1086.3,9.81,2026-06-29
2381,187,4652.6,27.3,2026-06-29
2554,199,2331.6,25.6,2026-06-29
2651,205,4155.0,32.76,2026-06-29
2958,227,2122.0,19.91,2026-06-29
3085,233,2537.6,16.74,2026-06-29
3926,296,1727.0,10.45,2026-06-29
4011,301,0.0,0.0,2026-06-29
4352,330,3954.8,26.39,2026-06-29
4649,357,2716.8,23.49,2026-06-29
5078,391,1572.9,12.74,2026-06-29
5262,409,3844.6,26.24,2026-06-29
5931,458,2402.3,12.73,2026-06-29
7046,541,3348.4,19.88,2026-06-29
7146,547,2639.5,17.49,2026-06-29
8165,624,1440.1,11.26,2026-06-29
8266,635,3193.9,17.42,2026-06-29
8896,683,1283.4,9.2,2026-06-29
8958,687,2300.7,13.53,2026-06-29
9248,704,2243.2,13.14,2026-06-29
9324,708,4141.9,34.89,2026-06-29
9491,718,3343.9,19.42,2026-06-29
9729,737,2141.6,11.93,2026-06-29
10072,765,4051.4,22.76,2026-06-29
10075,765,2513.2,17.88,2026-06-29
10120,768,3047.6,12.52,2026-06-29
10378,781,1347.8,10.14,2026-06-29
11567,870,496.8,8.28,2026-06-29
12561,940,1361.3,8.75,2026-06-29
13045,977,844.3,5.69,2026-06-29
13053,977,3311.4,19.33,2026-06-29
13285,995,1240.6,7.54,2026-06-29
13425,1004,2563.1,14.99,2026-06-29
14333,1073,2714.3,22.18,2026-06-29
15007,1118,2563.2,14.82,2026-06-29
16031,1182,4516.3,22.33,2026-06-29
16697,1237,3555.1,18.15,2026-06-29
16776,1244,3767.1,23.29,2026-06-29
17092,1262,1611.7,12.68,2026-06-29
17598,1296,2471.0,14.3,2026-06-29
19274,1419,7186.5,28.9,2026-06-29
19368,1426,7191.0,43.58,2026-06-29
19538,1439,851.9,5.38,2026-06-29
19635,1449,5053.9,26.61,2026-06-29
68,8,2299.6,15.01,2026-06-30
261,20,2247.5,13.79,2026-06-30
321,24,2635.0,21.38,2026-06-30
919,75,1741.6,15.74,2026-06-30
1182,96,4851.7,26.97,2026-06-30
1634,127,2360.1,17.15,2026-06-30
1830,145,3409.3,20.88,2026-06-30
1885,148,6287.6,36.61,2026-06-30
2862,221,2804.8,22.31,2026-06-30
4048,303,3148.1,17.47,2026-06-30
4777,368,4943.4,27.33,2026-06-30
4787,369,3154.8,19.9,2026-06-30
5231,405,2386.3,12.61,2026-06-30
5274,410,4115.2,25.3,2026-06-30
6320,491,3032.4,17.34,2026-06-30
6415,498,2381.8,15.1,2026-06-30
6677,515,3549.4,16.37,2026-06-30
6723,517,5087.5,29.27,2026-06-30
7344,561,1807.5,12.69,2026-06-30
7636,583,2315.7,14.24,2026-06-30
9000,690,1327.9,8.19,2026-06-30
9164,699,2943.1,15.52,2026-06-30
9187,700,3317.1,20.52,2026-06-30
9241,703,4416.5,24.9,2026-06-30
10104,767,5291.4,26.66,2026-06-30
10300,777,2196.5,13.35,2026-06-30
11587,871,6355.1,32.03,2026-06-30
12565,940,3663.1,17.93,2026-06-30
12732,952,5820.2,34.8,2026-06-30
13790,1032,2707.2,26.58,2026-06-30
14254,1069,3931.3,23.62,2026-06-30
14779,1103,2554.3,16.94,2026-06-30
14854,1108,1629.8,11.05,2026-06-30
15256,1133,2467.7,20.53,2026-06-30
15580,1157,1615.2,10.96,2026-06-30
15783,1166,8811.2,38.56,2026-06-30
15950,1176,2667.6,16.28,2026-06-30
16641,1230,2511.2,12.76,2026-06-30
16807,1245,939.8,5.84,2026-06-30
16917,1252,2503.6,14.53,2026-06-30
17841,1314,3381.7,25.92,2026-06-30
17963,1321,4514.1,21.16,2026-06-30
18138,1330,1580.3,10.78,2026-06-30
18254,1341,2869.7,21.09,2026-06-30
18447,1354,2729.7,14.19,2026-06-30
18989,1401,1616.1,10.13,2026-06-30
19010,1402,2080.4,14.57,2026-06-30
19693,1453,2609.9,17.08,2026-06-30
20130,1484,1541.4,11.38,2026-06-30
