talk_id,rating,votes
1,Beautiful,24
1,Confusing,11
1,Courageous,33
1,Fascinating,46
1,Funny,31
1,Informative,47
1,Ingenious,29
1,Inspiring,41
1,Jaw-dropping,43
1,Longwinded,1
1,OK,13
1,Obnoxious,4
1,Persuasive,38
1,Unconvincing,38
2,Beautiful,486
2,Courageous,355
2,Fascinating,461
2,Funny,464
2,Informative,494
2,Ingenious,496
2,Inspiring,169
2,Jaw-dropping,428
2,Longwinded,255
2,OK,18
2,Obnoxious,16
2,Persuasive,448
2,Unconvincing,217
3,Beautiful,39
3,Confusing,103
3,Courageous,175
3,Fascinating,87
3,Funny,19
3,Informative,160
3,Ingenious,65
3,Inspiring,151
3,Jaw-dropping,150
3,Longwinded,6
3,OK,21
3,Obnoxious,1
3,Persuasive,43
3,Unconvincing,26
4,Beautiful,39
4,Confusing,17
4,Courageous,287
4,Fascinating,110
4,Funny,295
4,Informative,178
4,Ingenious,258
4,Inspiring,265
4,Jaw-dropping,311
4,Longwinded,1
4,OK,1
4,Obnoxious,212
4,Persuasive,215
5,Beautiful,12
5,Confusing,25
5,Courageous,46
5,Fascinating,43
5,Funny,17
5,Informative,51
5,Ingenious,9
5,Inspiring,25
5,Jaw-dropping,10
5,Longwinded,29
5,Persuasive,23
5,Unconvincing,3
6,Beautiful,31
6,Courageous,39
6,Fascinating,11
6,Funny,14
6,Informative,23
6,Ingenious,18
6,Inspiring,42
6,Jaw-dropping,30
6,OK,18
6,Obnoxious,19
6,Persuasive,20
6,Unconvincing,6
7,Beautiful,199
7,Confusing,201
7,Courageous,351
7,Fascinating,542
7,Funny,672
7,Informative,574
7,Ingenious,673
7,Inspiring,762
7,Jaw-dropping,231
7,OK,31
7,Obnoxious,8
7,Persuasive,73
7,Unconvincing,99
8,Beautiful,79
8,Confusing,93
8,Courageous,141
8,Fascinating,119
8,Funny,129
8,Informative,112
8,Ingenious,122
8,Inspiring,78
8,Jaw-dropping,83
8,OK,102
8,Obnoxious,45
8,Persuasive,109
8,Unconvincing,99
9,Beautiful,21
9,Courageous,10
9,Fascinating,65
9,Funny,57
9,Informative,47
9,Ingenious,65
9,Inspiring,66
9,Jaw-dropping,67
9,Longwinded,2
9,Obnoxious,4
9,Persuasive,18
9,Unconvincing,5
10,Beautiful,25
10,Courageous,46
10,Fascinating,47
10,Funny,27
10,Informative,47
10,Ingenious,20
10,Inspiring,34
10,Jaw-dropping,41
10,Longwinded,2
10,OK,6
10,Obnoxious,8
10,Persuasive,17
10,Unconvincing,4
11,Beautiful,23
11,Confusing,11
11,Courageous,3
11,Fascinating,23
11,Funny,22
11,Informative,17
11,Ingenious,16
11,Inspiring,15
11,Jaw-dropping,13
11,Longwinded,20
11,OK,2
11,Persuasive,13
11,Unconvincing,3
12,Beautiful,11
12,Confusing,8
12,Courageous,10
12,Fascinating,10
12,Funny,11
12,Informative,6
12,Ingenious,6
12,Inspiring,9
12,Jaw-dropping,3
12,OK,8
12,Obnoxious,2
12,Persuasive,6
12,Unconvincing,5
13,Beautiful,212
13,Confusing,184
13,Courageous,202
13,Fascinating,227
13,Funny,190
13,Informative,133
13,Ingenious,148
13,Inspiring,177
13,Jaw-dropping,192
13,Longwinded,80
13,OK,34
13,Obnoxious,17
13,Persuasive,166
13,Unconvincing,209
14,Beautiful,88
14,Confusing,54
14,Courageous,64
14,Fascinating,75
14,Funny,72
14,Informative,53
14,Ingenious,69
14,Inspiring,71
14,Jaw-dropping,80
14,Longwinded,72
14,OK,23
14,Persuasive,50
14,Unconvincing,34
15,Beautiful,124
15,Confusing,51
15,Courageous,107
15,Fascinating,99
15,Funny,119
15,Informative,102
15,Ingenious,49
15,Inspiring,96
15,Jaw-dropping,93
15,Longwinded,10
15,OK,20
15,Obnoxious,140
15,Persuasive,134
15,Unconvincing,85
16,Beautiful,68
16,Confusing,1
16,Courageous,48
16,Fascinating,102
16,Funny,4
16,Informative,72
16,Ingenious,114
16,Inspiring,37
16,Jaw-dropping,113
16,Longwinded,26
16,OK,112
16,Obnoxious,117
16,Persuasive,63
16,Unconvincing,20
17,Beautiful,326
17,Confusing,77
17,Courageous,129
17,Fascinating,215
17,Funny,91
17,Informative,230
17,Ingenious,159
17,Inspiring,351
17,Jaw-dropping,189
17,Longwinded,29
17,OK,2
17,Obnoxious,2
17,Persuasive,350
17,Unconvincing,3
18,Beautiful,157
18,Confusing,84
18,Courageous,107
18,Fascinating,83
18,Funny,96
18,Informative,156
18,Ingenious,146
18,Inspiring,120
18,Jaw-dropping,163
18,Longwinded,35
18,OK,14
18,Obnoxious,28
18,Persuasive,49
18,Unconvincing,18
19,Beautiful,68
19,Confusing,60
19,Courageous,223
19,Fascinating,128
19,Funny,198
19,Informative,133
19,Ingenious,189
19,Inspiring,37
19,Jaw-dropping,141
19,Longwinded,9
19,OK,52
19,Obnoxious,155
19,Persuasive,189
19,Unconvincing,16
20,Beautiful,16
20,Confusing,12
20,Courageous,8
20,Fascinating,20
20,Funny,10
20,Informative,5
20,Ingenious,20
20,Inspiring,1
20,Jaw-dropping,8
20,Longwinded,18
20,Persuasive,14
20,Unconvincing,3
21,Beautiful,63
21,Confusing,1
21,Courageous,48
21,Fascinating,65
21,Funny,24
21,Informative,56
21,Ingenious,50
21,Inspiring,52
21,Jaw-dropping,14
21,Longwinded,71
21,Obnoxious,42
21,Persuasive,58
21,Unconvincing,66
22,Beautiful,159
22,Confusing,51
22,Courageous,147
22,Fascinating,115
22,Funny,144
22,Informative,155
22,Ingenious,70
22,Inspiring,124
22,Jaw-dropping,88
22,Longwinded,57
22,OK,146
22,Obnoxious,82
22,Persuasive,116
22,Unconvincing,9
23,Beautiful,617
23,Confusing,206
23,Courageous,799
23,Fascinating,1625
23,Funny,798
23,Informative,152
23,Ingenious,1237
23,Inspiring,1214
23,Jaw-dropping,1432
23,Longwinded,46
23,OK,1290
23,Obnoxious,1202
23,Persuasive,1701
23,Unconvincing,245
24,Beautiful,72
24,Confusing,73
24,Courageous,22
24,Fascinating,36
24,Funny,15
24,Informative,73
24,Ingenious,62
24,Inspiring,44
24,Jaw-dropping,39
24,Longwinded,20
24,Obnoxious,45
24,Persuasive,56
24,Unconvincing,40
25,Beautiful,174
25,Confusing,143
25,Courageous,367
25,Fascinating,438
25,Funny,221
25,Informative,219
25,Ingenious,431
25,Inspiring,381
25,Jaw-dropping,358
25,Longwinded,257
25,OK,398
25,Obnoxious,13
25,Persuasive,92
25,Unconvincing,245
26,Beautiful,8
26,Confusing,16
26,Courageous,19
26,Fascinating,15
26,Funny,17
26,Informative,14
26,Ingenious,16
26,Inspiring,12
26,Jaw-dropping,24
26,Longwinded,3
26,OK,8
26,Persuasive,14
26,Unconvincing,3
27,Beautiful,18
27,Confusing,14
27,Courageous,15
27,Fascinating,9
27,Funny,14
27,Informative,17
27,Ingenious,14
27,Inspiring,8
27,Jaw-dropping,14
27,Longwinded,1
27,Obnoxious,7
27,Persuasive,10
27,Unconvincing,3
28,Beautiful,75
28,Confusing,11
28,Courageous,66
28,Fascinating,70
28,Funny,91
28,Informative,47
28,Ingenious,68
28,Inspiring,90
28,Jaw-dropping,92
28,OK,5
28,Obnoxious,5
28,Persuasive,65
28,Unconvincing,15
29,Beautiful,88
29,Confusing,30
29,Courageous,96
29,Fascinating,49
29,Funny,90
29,Informative,35
29,Ingenious,87
29,Inspiring,120
29,Jaw-dropping,106
29,Longwinded,14
29,OK,15
29,Obnoxious,7
29,Persuasive,73
29,Unconvincing,117
30,Beautiful,53
30,Confusing,28
30,Courageous,16
30,Fascinating,28
30,Funny,72
30,Informative,54
30,Ingenious,70
30,Inspiring,79
30,Jaw-dropping,40
30,Obnoxious,9
30,Persuasive,42
31,Beautiful,67
31,Confusing,21
31,Courageous,74
31,Fascinating,49
31,Funny,90
31,Informative,88
31,Ingenious,67
31,Inspiring,89
31,Jaw-dropping,73
31,Longwinded,25
31,Obnoxious,2
31,Persuasive,64
31,Unconvincing,15
32,Beautiful,32
32,Courageous,56
32,Fascinating,36
32,Funny,41
32,Informative,55
32,Ingenious,28
32,Inspiring,27
32,Jaw-dropping,46
32,Longwinded,47
32,OK,7
32,Obnoxious,40
32,Persuasive,30
32,Unconvincing,23
33,Beautiful,75
33,Confusing,39
33,Courageous,90
33,Fascinating,54
33,Funny,92
33,Informative,32
33,Ingenious,101
33,Inspiring,67
33,Jaw-dropping,18
33,Longwinded,50
33,OK,53
33,Obnoxious,85
33,Persuasive,69
33,Unconvincing,22
34,Beautiful,448
34,Courageous,268
34,Fascinating,413
34,Funny,519
34,Informative,209
34,Ingenious,394
34,Inspiring,173
34,Jaw-dropping,494
34,Longwinded,162
34,OK,180
34,Obnoxious,509
34,Persuasive,333
34,Unconvincing,332
35,Beautiful,35
35,Confusing,19
35,Courageous,29
35,Fascinating,24
35,Funny,32
35,Informative,27
35,Ingenious,16
35,Inspiring,34
35,Jaw-dropping,36
35,Longwinded,2
35,OK,14
35,Obnoxious,7
35,Persuasive,10
36,Beautiful,11
36,Confusing,3
36,Courageous,12
36,Fascinating,4
36,Funny,9
36,Informative,8
36,Ingenious,11
36,Inspiring,3
36,Jaw-dropping,11
36,Longwinded,9
36,OK,2
36,Persuasive,12
37,Beautiful,4
37,Confusing,3
37,Courageous,4
37,Fascinating,13
37,Funny,6
37,Informative,14
37,Ingenious,6
37,Inspiring,1
37,Jaw-dropping,12
37,OK,8
37,Persuasive,11
38,Beautiful,194
38,Confusing,364
38,Courageous,204
38,Fascinating,281
38,Funny,388
38,Informative,402
38,Ingenious,490
38,Inspiring,45
38,Jaw-dropping,466
38,Longwinded,84
38,OK,10
38,Obnoxious,437
38,Persuasive,386
38,Unconvincing,2
39,Beautiful,100
39,Confusing,29
39,Courageous,61
39,Fascinating,18
39,Funny,26
39,Informative,75
39,Ingenious,98
39,Inspiring,74
39,Jaw-dropping,104
39,Longwinded,48
39,OK,33
39,Obnoxious,1
39,Persuasive,29
39,Unconvincing,20
40,Beautiful,28
40,Confusing,11
40,Courageous,6
40,Fascinating,39
40,Funny,41
40,Informative,14
40,Ingenious,24
40,Inspiring,42
40,Jaw-dropping,24
40,Longwinded,21
40,OK,35
40,Obnoxious,22
40,Persuasive,20
40,Unconvincing,41
41,Beautiful,13
41,Confusing,11
41,Courageous,14
41,Fascinating,9
41,Funny,6
41,Informative,10
41,Ingenious,10
41,Inspiring,7
41,Jaw-dropping,12
41,OK,2
41,Persuasive,8
42,Beautiful,118
42,Confusing,61
42,Courageous,179
42,Fascinating,116
42,Funny,151
42,Informative,50
42,Ingenious,145
42,Inspiring,192
42,Jaw-dropping,143
42,Longwinded,57
42,OK,183
42,Obnoxious,39
42,Persuasive,126
43,Beautiful,26
43,Courageous,25
43,Fascinating,18
43,Funny,4
43,Informative,13
43,Ingenious,27
43,Inspiring,15
43,Jaw-dropping,9
43,Longwinded,19
43,OK,2
43,Obnoxious,10
43,Persuasive,28
44,Beautiful,36
44,Confusing,6
44,Courageous,188
44,Fascinating,73
44,Funny,162
44,Informative,161
44,Ingenious,104
44,Inspiring,206
44,Jaw-dropping,108
44,OK,31
44,Obnoxious,1
44,Persuasive,121
44,Unconvincing,55
45,Beautiful,19
45,Confusing,5
45,Courageous,44
45,Fascinating,44
45,Funny,23
45,Informative,39
45,Ingenious,37
45,Inspiring,39
45,Jaw-dropping,30
45,Longwinded,1
45,OK,11
45,Obnoxious,39
45,Persuasive,44
45,Unconvincing,8
46,Beautiful,89
46,Confusing,3
46,Courageous,106
46,Fascinating,86
46,Funny,121
46,Informative,36
46,Ingenious,107
46,Inspiring,104
46,Jaw-dropping,41
46,Longwinded,42
46,OK,99
46,Obnoxious,3
46,Persuasive,38
46,Unconvincing,120
47,Beautiful,36
47,Confusing,25
47,Courageous,50
47,Fascinating,43
47,Funny,22
47,Informative,49
47,Ingenious,60
47,Inspiring,34
47,Jaw-dropping,29
47,Longwinded,49
47,OK,58
47,Obnoxious,9
47,Persuasive,39
47,Unconvincing,18
48,Beautiful,102
48,Confusing,117
48,Courageous,266
48,Fascinating,372
48,Funny,308
48,Informative,239
48,Ingenious,387
48,Inspiring,347
48,Jaw-dropping,384
48,Longwinded,239
48,OK,371
48,Obnoxious,23
48,Persuasive,317
48,Unconvincing,44
49,Beautiful,25
49,Courageous,23
49,Fascinating,42
49,Funny,21
49,Informative,42
49,Ingenious,44
49,Inspiring,37
49,Jaw-dropping,14
49,OK,13
49,Obnoxious,4
49,Persuasive,35
49,Unconvincing,1
50,Beautiful,1116
50,Confusing,146
50,Courageous,1758
50,Fascinating,700
50,Funny,1280
50,Informative,1437
50,Ingenious,1461
50,Inspiring,431
50,Jaw-dropping,1101
50,Longwinded,327
50,OK,1355
50,Obnoxious,460
50,Persuasive,642
50,Unconvincing,1391
51,Beautiful,95
51,Confusing,125
51,Courageous,120
51,Fascinating,104
51,Funny,42
51,Informative,133
51,Ingenious,63
51,Inspiring,109
51,Jaw-dropping,62
51,Longwinded,138
51,OK,36
51,Obnoxious,9
51,Persuasive,95
51,Unconvincing,25
52,Beautiful,114
52,Confusing,86
52,Courageous,199
52,Fascinating,153
52,Funny,230
52,Informative,49
52,Ingenious,267
52,Inspiring,191
52,Jaw-dropping,239
52,Longwinded,103
52,OK,56
52,Obnoxious,79
52,Persuasive,133
52,Unconvincing,4
53,Beautiful,150
53,Courageous,177
53,Fascinating,68
53,Funny,145
53,Informative,178
53,Ingenious,184
53,Inspiring,162
53,Jaw-dropping,149
53,OK,52
53,Obnoxious,153
53,Persuasive,185
53,Unconvincing,105
54,Beautiful,63
54,Confusing,59
54,Courageous,70
54,Fascinating,26
54,Funny,57
54,Informative,61
54,Ingenious,66
54,Inspiring,46
54,Jaw-dropping,10
54,Longwinded,66
54,OK,19
54,Obnoxious,17
54,Persuasive,51
54,Unconvincing,7
55,Beautiful,247
55,Confusing,256
55,Courageous,322
55,Fascinating,230
55,Funny,421
55,Informative,242
55,Ingenious,274
55,Inspiring,259
55,Jaw-dropping,108
55,Longwinded,323
55,Obnoxious,77
55,Persuasive,451
55,Unconvincing,311
56,Beautiful,128
56,Courageous,171
56,Fascinating,199
56,Funny,214
56,Informative,190
56,Ingenious,144
56,Inspiring,161
56,Jaw-dropping,121
56,Longwinded,111
56,OK,157
56,Obnoxious,1
56,Persuasive,238
56,Unconvincing,6
57,Beautiful,65
57,Confusing,28
57,Courageous,101
57,Fascinating,73
57,Funny,102
57,Informative,82
57,Ingenious,28
57,Inspiring,94
57,Jaw-dropping,54
57,Longwinded,5
57,OK,35
57,Obnoxious,37
57,Persuasive,12
57,Unconvincing,45
58,Beautiful,5
58,Confusing,2
58,Courageous,43
58,Fascinating,61
58,Funny,68
58,Informative,67
58,Ingenious,20
58,Inspiring,16
58,Jaw-dropping,32
58,Longwinded,8
58,OK,31
58,Persuasive,10
59,Beautiful,9
59,Confusing,3
59,Courageous,8
59,Fascinating,7
59,Funny,5
59,Informative,5
59,Ingenious,3
59,Inspiring,5
59,Jaw-dropping,8
59,OK,9
59,Obnoxious,4
59,Persuasive,7
59,Unconvincing,8
60,Beautiful,72
60,Confusing,25
60,Courageous,67
60,Fascinating,69
60,Funny,22
60,Informative,70
60,Ingenious,64
60,Inspiring,40
60,Jaw-dropping,33
60,Longwinded,33
60,OK,64
60,Obnoxious,5
60,Persuasive,14
60,Unconvincing,24
61,Beautiful,17
61,Courageous,27
61,Fascinating,15
61,Funny,24
61,Informative,26
61,Ingenious,17
61,Inspiring,15
61,Jaw-dropping,5
61,OK,1
61,Obnoxious,1
61,Persuasive,10
61,Unconvincing,1
62,Beautiful,134
62,Confusing,94
62,Courageous,94
62,Fascinating,155
62,Funny,52
62,Informative,166
62,Ingenious,143
62,Inspiring,135
62,Jaw-dropping,166
62,Longwinded,8
62,OK,53
62,Obnoxious,4
62,Persuasive,101
62,Unconvincing,46
63,Beautiful,125
63,Confusing,109
63,Courageous,155
63,Fascinating,162
63,Funny,157
63,Informative,76
63,Ingenious,121
63,Inspiring,72
63,Jaw-dropping,129
63,Longwinded,166
63,OK,88
63,Obnoxious,39
63,Persuasive,64
63,Unconvincing,155
64,Beautiful,98
64,Confusing,27
64,Courageous,96
64,Fascinating,116
64,Funny,54
64,Informative,53
64,Ingenious,117
64,Inspiring,68
64,Jaw-dropping,62
64,Longwinded,17
64,Obnoxious,8
64,Persuasive,81
64,Unconvincing,22
65,Beautiful,193
65,Confusing,120
65,Courageous,64
65,Fascinating,97
65,Funny,162
65,Informative,156
65,Ingenious,193
65,Inspiring,190
65,Jaw-dropping,166
65,Longwinded,2
65,OK,186
65,Obnoxious,124
65,Persuasive,32
65,Unconvincing,1
66,Beautiful,42
66,Confusing,1
66,Courageous,42
66,Fascinating,37
66,Funny,36
66,Informative,16
66,Ingenious,16
66,Inspiring,36
66,Jaw-dropping,42
66,Longwinded,3
66,OK,1
66,Obnoxious,20
66,Persuasive,51
66,Unconvincing,2
67,Beautiful,21
67,Confusing,3
67,Courageous,20
67,Fascinating,18
67,Funny,13
67,Informative,11
67,Ingenious,18
67,Inspiring,21
67,Jaw-dropping,9
67,Longwinded,3
67,Obnoxious,6
67,Persuasive,16
67,Unconvincing,19
68,Beautiful,265
68,Confusing,38
68,Courageous,111
68,Fascinating,290
68,Funny,162
68,Informative,251
68,Ingenious,158
68,Inspiring,137
68,Jaw-dropping,277
68,Longwinded,219
68,OK,72
68,Persuasive,240
68,Unconvincing,37
69,Beautiful,565
69,Confusing,295
69,Courageous,327
69,Fascinating,650
69,Funny,592
69,Informative,27
69,Ingenious,367
69,Inspiring,285
69,Jaw-dropping,79
69,Longwinded,27
69,OK,213
69,Obnoxious,228
69,Persuasive,318
69,Unconvincing,24
70,Beautiful,1
70,Confusing,1
70,Courageous,3
70,Fascinating,3
70,Funny,2
70,Informative,2
70,Ingenious,3
70,Inspiring,2
70,Jaw-dropping,1
70,Longwinded,2
70,Persuasive,1
70,Unconvincing,2
71,Beautiful,244
71,Confusing,164
71,Courageous,116
71,Fascinating,120
71,Funny,217
71,Informative,261
71,Ingenious,244
71,Inspiring,196
71,Jaw-dropping,153
71,Longwinded,61
71,OK,157
71,Obnoxious,209
71,Persuasive,254
71,Unconvincing,3
72,Beautiful,655
72,Confusing,62
72,Courageous,487
72,Fascinating,756
72,Funny,143
72,Informative,753
72,Ingenious,187
72,Inspiring,683
72,Jaw-dropping,553
72,Longwinded,167
72,OK,1
72,Obnoxious,737
72,Persuasive,393
72,Unconvincing,173
73,Beautiful,75
73,Confusing,59
73,Courageous,139
73,Fascinating,48
73,Funny,154
73,Informative,135
73,Ingenious,144
73,Inspiring,124
73,Jaw-dropping,73
73,Longwinded,4
73,OK,61
73,Obnoxious,62
73,Persuasive,126
73,Unconvincing,100
74,Beautiful,9
74,Confusing,17
74,Courageous,68
74,Fascinating,42
74,Funny,53
74,Informative,51
74,Ingenious,56
74,Inspiring,52
74,Jaw-dropping,22
74,Longwinded,35
74,OK,6
74,Obnoxious,1
74,Persuasive,71
74,Unconvincing,9
75,Beautiful,35
75,Confusing,3
75,Courageous,36
75,Fascinating,67
75,Funny,65
75,Informative,64
75,Ingenious,32
75,Inspiring,65
75,Jaw-dropping,31
75,Longwinded,57
75,OK,47
75,Obnoxious,80
75,Persuasive,44
75,Unconvincing,17
76,Beautiful,103
76,Confusing,154
76,Courageous,173
76,Fascinating,266
76,Funny,247
76,Informative,242
76,Ingenious,275
76,Inspiring,210
76,Jaw-dropping,202
76,Longwinded,17
76,OK,97
76,Obnoxious,22
76,Persuasive,252
76,Unconvincing,94
77,Beautiful,7
77,Confusing,10
77,Courageous,7
77,Fascinating,3
77,Funny,6
77,Informative,3
77,Ingenious,6
77,Inspiring,9
77,Jaw-dropping,7
77,OK,5
77,Obnoxious,4
77,Persuasive,9
78,Beautiful,42
78,Courageous,83
78,Fascinating,72
78,Funny,49
78,Informative,57
78,Ingenious,80
78,Inspiring,38
78,Jaw-dropping,67
78,Longwinded,70
78,OK,1
78,Obnoxious,5
78,Persuasive,84
78,Unconvincing,81
79,Beautiful,74
79,Courageous,31
79,Fascinating,63
79,Funny,83
79,Informative,58
79,Ingenious,42
79,Inspiring,61
79,Jaw-dropping,81
79,Longwinded,50
79,OK,53
79,Obnoxious,60
79,Persuasive,83
80,Beautiful,110
80,Confusing,3
80,Courageous,199
80,Fascinating,170
80,Funny,138
80,Informative,194
80,Ingenious,161
80,Inspiring,58
80,Jaw-dropping,161
80,Longwinded,7
80,OK,45
80,Obnoxious,145
80,Persuasive,150
80,Unconvincing,24
81,Beautiful,6
81,Courageous,9
81,Fascinating,9
81,Funny,4
81,Informative,5
81,Ingenious,3
81,Inspiring,7
81,Jaw-dropping,9
81,OK,1
81,Persuasive,8
81,Unconvincing,4
82,Beautiful,404
82,Confusing,23
82,Courageous,477
82,Fascinating,112
82,Funny,553
82,Informative,1065
82,Ingenious,1371
82,Inspiring,1254
82,Jaw-dropping,1079
82,Longwinded,1
82,OK,855
82,Obnoxious,156
82,Persuasive,899
82,Unconvincing,12
83,Beautiful,85
83,Confusing,98
83,Courageous,50
83,Fascinating,54
83,Funny,44
83,Informative,73
83,Ingenious,54
83,Inspiring,56
83,Jaw-dropping,87
83,Longwinded,2
83,OK,22
83,Obnoxious,28
83,Persuasive,49
83,Unconvincing,37
84,Beautiful,34
84,Confusing,17
84,Courageous,13
84,Fascinating,12
84,Funny,30
84,Informative,30
84,Ingenious,37
84,Inspiring,19
84,Jaw-dropping,24
84,Longwinded,38
84,OK,11
84,Obnoxious,43
84,Persuasive,44
84,Unconvincing,6
85,Beautiful,27
85,Confusing,4
85,Courageous,21
85,Fascinating,29
85,Funny,28
85,Informative,16
85,Ingenious,16
85,Inspiring,9
85,Jaw-dropping,26
85,Longwinded,28
85,OK,16
85,Persuasive,21
85,Unconvincing,18
86,Beautiful,11
86,Confusing,22
86,Courageous,33
86,Fascinating,14
86,Funny,29
86,Informative,30
86,Ingenious,13
86,Inspiring,23
86,Jaw-dropping,26
86,OK,12
86,Obnoxious,13
86,Persuasive,19
86,Unconvincing,6
87,Beautiful,56
87,Courageous,26
87,Fascinating,53
87,Funny,66
87,Informative,30
87,Ingenious,39
87,Inspiring,66
87,Jaw-dropping,53
87,Longwinded,15
87,OK,42
87,Obnoxious,3
87,Persuasive,61
87,Unconvincing,10
88,Beautiful,38
88,Confusing,30
88,Courageous,94
88,Fascinating,87
88,Funny,78
88,Informative,71
88,Ingenious,71
88,Inspiring,90
88,Jaw-dropping,72
88,Longwinded,2
88,OK,54
88,Obnoxious,28
88,Persuasive,32
88,Unconvincing,4
89,Beautiful,189
89,Confusing,126
89,Courageous,565
89,Fascinating,447
89,Funny,553
89,Informative,470
89,Ingenious,165
89,Inspiring,303
89,Jaw-dropping,621
89,Longwinded,288
89,OK,209
89,Obnoxious,18
89,Persuasive,602
89,Unconvincing,321
90,Beautiful,641
90,Confusing,598
90,Courageous,610
90,Fascinating,446
90,Funny,587
90,Informative,317
90,Ingenious,175
90,Inspiring,361
90,Jaw-dropping,156
90,Longwinded,396
90,OK,709
90,Obnoxious,451
90,Persuasive,451
90,Unconvincing,515
91,Beautiful,93
91,Confusing,124
91,Courageous,43
91,Fascinating,130
91,Funny,135
91,Informative,99
91,Ingenious,110
91,Inspiring,157
91,Jaw-dropping,175
91,Longwinded,2
91,OK,29
91,Obnoxious,36
91,Persuasive,157
91,Unconvincing,42
92,Beautiful,519
92,Confusing,221
92,Courageous,901
92,Fascinating,652
92,Funny,873
92,Informative,1423
92,Ingenious,1170
92,Inspiring,1076
92,Jaw-dropping,639
92,Longwinded,96
92,OK,406
92,Obnoxious,928
92,Persuasive,1420
92,Unconvincing,80
93,Beautiful,78
93,Courageous,16
93,Fascinating,61
93,Funny,40
93,Informative,29
93,Ingenious,36
93,Inspiring,95
93,Jaw-dropping,86
93,Longwinded,43
93,OK,4
93,Obnoxious,1
93,Persuasive,64
93,Unconvincing,51
94,Beautiful,249
94,Confusing,22
94,Courageous,710
94,Fascinating,488
94,Funny,343
94,Informative,193
94,Ingenious,320
94,Inspiring,748
94,Jaw-dropping,519
94,Longwinded,261
94,OK,364
94,Obnoxious,80
94,Persuasive,546
94,Unconvincing,321
95,Beautiful,212
95,Confusing,148
95,Courageous,147
95,Fascinating,248
95,Funny,109
95,Informative,170
95,Ingenious,178
95,Inspiring,209
95,Jaw-dropping,286
95,Longwinded,191
95,OK,98
95,Persuasive,223
95,Unconvincing,219
96,Beautiful,41
96,Confusing,37
96,Courageous,24
96,Fascinating,22
96,Funny,17
96,Informative,35
96,Ingenious,42
96,Inspiring,29
96,Jaw-dropping,42
96,Longwinded,3
96,OK,37
96,Obnoxious,32
96,Persuasive,20
96,Unconvincing,10
97,Beautiful,419
97,Confusing,7
97,Courageous,372
97,Fascinating,325
97,Funny,386
97,Informative,291
97,Ingenious,346
97,Inspiring,331
97,Jaw-dropping,349
97,Longwinded,88
97,OK,132
97,Obnoxious,119
97,Persuasive,201
97,Unconvincing,301
98,Beautiful,656
98,Confusing,17
98,Courageous,368
98,Fascinating,231
98,Funny,657
98,Informative,595
98,Ingenious,589
98,Inspiring,222
98,Jaw-dropping,257
98,Longwinded,218
98,OK,18
98,Obnoxious,522
98,Persuasive,566
98,Unconvincing,144
99,Beautiful,34
99,Confusing,22
99,Courageous,27
99,Fascinating,18
99,Funny,39
99,Informative,37
99,Ingenious,35
99,Inspiring,31
99,Jaw-dropping,16
99,Longwinded,22
99,OK,5
99,Persuasive,19
99,Unconvincing,9
100,Beautiful,130
100,Confusing,4
100,Courageous,111
100,Fascinating,95
100,Funny,86
100,Informative,97
100,Ingenious,88
100,Inspiring,79
100,Jaw-dropping,129
100,Longwinded,125
100,OK,13
100,Persuasive,19
100,Unconvincing,27
101,Beautiful,55
101,Confusing,55
101,Courageous,78
101,Fascinating,52
101,Funny,79
101,Informative,60
101,Ingenious,65
101,Inspiring,66
101,Jaw-dropping,46
101,Obnoxious,4
101,Persuasive,15
101,Unconvincing,71
102,Beautiful,9
102,Confusing,1
102,Courageous,6
102,Fascinating,3
102,Funny,4
102,Informative,8
102,Ingenious,9
102,Inspiring,7
102,Jaw-dropping,8
102,Longwinded,5
102,OK,1
102,Obnoxious,4
102,Persuasive,7
102,Unconvincing,2
103,Beautiful,18
103,Confusing,8
103,Courageous,23
103,Fascinating,13
103,Funny,32
103,Informative,4
103,Ingenious,16
103,Inspiring,9
103,Jaw-dropping,13
103,OK,26
103,Persuasive,23
103,Unconvincing,9
104,Beautiful,46
104,Confusing,177
104,Courageous,90
104,Fascinating,182
104,Funny,45
104,Informative,172
104,Ingenious,186
104,Inspiring,53
104,Jaw-dropping,57
104,OK,120
104,Obnoxious,5
104,Persuasive,76
104,Unconvincing,189
105,Beautiful,15
105,Confusing,10
105,Courageous,27
105,Fascinating,30
105,Funny,26
105,Informative,30
105,Ingenious,14
105,Inspiring,13
105,Jaw-dropping,17
105,Longwinded,14
105,OK,2
105,Obnoxious,6
105,Persuasive,25
105,Unconvincing,13
106,Beautiful,1022
106,Confusing,109
106,Courageous,1423
106,Fascinating,1002
106,Funny,1468
106,Informative,241
106,Ingenious,1646
106,Inspiring,1035
106,Jaw-dropping,603
106,Longwinded,30
106,OK,1175
106,Obnoxious,644
106,Persuasive,1008
106,Unconvincing,271
107,Beautiful,426
107,Confusing,1
107,Courageous,410
107,Fascinating,352
107,Funny,317
107,Informative,88
107,Ingenious,149
107,Inspiring,425
107,Jaw-dropping,118
107,Longwinded,18
107,OK,37
107,Obnoxious,64
107,Persuasive,39
107,Unconvincing,44
108,Beautiful,141
108,Confusing,24
108,Courageous,126
108,Fascinating,108
108,Funny,170
108,Informative,105
108,Ingenious,139
108,Inspiring,40
108,Jaw-dropping,136
108,Longwinded,31
108,OK,42
108,Obnoxious,70
108,Persuasive,167
108,Unconvincing,1
109,Beautiful,253
109,Confusing,2
109,Courageous,262
109,Fascinating,340
109,Funny,223
109,Informative,255
109,Ingenious,341
109,Inspiring,101
109,Jaw-dropping,225
109,Longwinded,10
109,OK,41
109,Obnoxious,141
109,Persuasive,143
109,Unconvincing,192
110,Beautiful,155
110,Confusing,192
110,Courageous,103
110,Fascinating,241
110,Funny,69
110,Informative,47
110,Ingenious,236
110,Inspiring,227
110,Jaw-dropping,215
110,Longwinded,72
110,OK,183
110,Obnoxious,43
110,Persuasive,175
110,Unconvincing,79
111,Beautiful,158
111,Confusing,99
111,Courageous,141
111,Fascinating,234
111,Funny,187
111,Informative,171
111,Ingenious,265
111,Inspiring,294
111,Jaw-dropping,289
111,Longwinded,52
111,OK,31
111,Obnoxious,14
111,Persuasive,206
111,Unconvincing,7
112,Beautiful,11
112,Confusing,7
112,Courageous,8
112,Fascinating,15
112,Funny,7
112,Informative,10
112,Ingenious,12
112,Inspiring,17
112,Jaw-dropping,7
112,Longwinded,14
112,OK,1
112,Obnoxious,10
112,Persuasive,15
112,Unconvincing,4
113,Beautiful,111
113,Confusing,1
113,Courageous,79
113,Fascinating,86
113,Funny,80
113,Informative,103
113,Ingenious,78
113,Inspiring,87
113,Jaw-dropping,108
113,Longwinded,58
113,Obnoxious,29
113,Persuasive,89
113,Unconvincing,40
114,Beautiful,271
114,Confusing,151
114,Courageous,112
114,Fascinating,368
114,Funny,527
114,Informative,436
114,Ingenious,245
114,Inspiring,636
114,Jaw-dropping,257
114,Longwinded,33
114,OK,44
114,Obnoxious,193
114,Persuasive,363
114,Unconvincing,109
115,Beautiful,144
115,Confusing,279
115,Courageous,323
115,Fascinating,305
115,Funny,292
115,Informative,267
115,Ingenious,193
115,Inspiring,223
115,Jaw-dropping,223
115,OK,339
115,Obnoxious,11
115,Persuasive,228
115,Unconvincing,54
116,Beautiful,32
116,Confusing,32
116,Courageous,18
116,Fascinating,66
116,Funny,52
116,Informative,62
116,Ingenious,58
116,Inspiring,60
116,Jaw-dropping,65
116,Longwinded,5
116,OK,12
116,Obnoxious,35
116,Persuasive,56
116,Unconvincing,50
117,Beautiful,243
117,Confusing,145
117,Courageous,332
117,Fascinating,154
117,Funny,314
117,Informative,391
117,Ingenious,188
117,Inspiring,347
117,Jaw-dropping,210
117,Obnoxious,117
117,Persuasive,266
117,Unconvincing,3
118,Beautiful,292
118,Courageous,165
118,Fascinating,155
118,Funny,207
118,Informative,249
118,Ingenious,257
118,Inspiring,230
118,Jaw-dropping,229
118,Longwinded,20
118,Persuasive,302
118,Unconvincing,263
119,Beautiful,63
119,Courageous,54
119,Fascinating,35
119,Funny,51
119,Informative,36
119,Ingenious,63
119,Inspiring,56
119,Jaw-dropping,28
119,OK,55
119,Obnoxious,3
119,Persuasive,9
119,Unconvincing,47
120,Beautiful,95
120,Courageous,66
120,Fascinating,70
120,Funny,73
120,Informative,104
120,Ingenious,94
120,Inspiring,63
120,Jaw-dropping,50
120,Longwinded,98
120,OK,106
120,Obnoxious,29
120,Persuasive,19
120,Unconvincing,74
121,Beautiful,206
121,Confusing,58
121,Courageous,168
121,Fascinating,183
121,Funny,89
121,Informative,175
121,Ingenious,126
121,Inspiring,120
121,Jaw-dropping,164
121,Longwinded,11
121,OK,71
121,Obnoxious,2
121,Persuasive,222
122,Beautiful,86
122,Confusing,1
122,Courageous,163
122,Fascinating,90
122,Funny,118
122,Informative,85
122,Ingenious,144
122,Inspiring,152
122,Jaw-dropping,171
122,Longwinded,9
122,OK,21
122,Obnoxious,34
122,Persuasive,49
122,Unconvincing,130
123,Beautiful,96
123,Confusing,60
123,Courageous,26
123,Fascinating,31
123,Funny,24
123,Informative,90
123,Ingenious,45
123,Inspiring,52
123,Jaw-dropping,72
123,Longwinded,4
123,OK,48
123,Obnoxious,3
123,Persuasive,58
123,Unconvincing,59
124,Beautiful,75
124,Courageous,19
124,Fascinating,66
124,Funny,98
124,Informative,80
124,Ingenious,104
124,Inspiring,30
124,Jaw-dropping,102
124,Longwinded,75
124,OK,101
124,Obnoxious,74
124,Persuasive,76
124,Unconvincing,6
125,Beautiful,10
125,Confusing,14
125,Courageous,2
125,Fascinating,12
125,Funny,6
125,Ingenious,12
125,Inspiring,12
125,Jaw-dropping,12
125,OK,13
125,Obnoxious,5
125,Persuasive,7
125,Unconvincing,1
126,Beautiful,110
126,Confusing,33
126,Courageous,86
126,Fascinating,120
126,Funny,86
126,Informative,34
126,Ingenious,178
126,Inspiring,117
126,Jaw-dropping,110
126,Longwinded,81
126,OK,3
126,Obnoxious,21
126,Persuasive,86
126,Unconvincing,156
127,Beautiful,551
127,Confusing,229
127,Courageous,1112
127,Fascinating,705
127,Funny,665
127,Informative,843
127,Ingenious,1066
127,Inspiring,1017
127,Jaw-dropping,945
127,Longwinded,318
127,OK,403
127,Obnoxious,32
127,Persuasive,1076
127,Unconvincing,579
128,Beautiful,189
128,Confusing,10
128,Courageous,463
128,Fascinating,217
128,Funny,416
128,Informative,120
128,Ingenious,352
128,Inspiring,353
128,Jaw-dropping,65
128,Longwinded,264
128,OK,218
128,Obnoxious,251
128,Persuasive,279
128,Unconvincing,228
129,Beautiful,62
129,Confusing,140
129,Courageous,82
129,Fascinating,61
129,Funny,122
129,Informative,99
129,Ingenious,110
129,Inspiring,50
129,Jaw-dropping,143
129,Longwinded,71
129,OK,61
129,Obnoxious,14
129,Persuasive,141
129,Unconvincing,1
130,Beautiful,10
130,Confusing,2
130,Courageous,12
130,Fascinating,8
130,Funny,4
130,Informative,12
130,Ingenious,13
130,Inspiring,14
130,Jaw-dropping,9
130,OK,3
130,Persuasive,10
130,Unconvincing,10
131,Beautiful,40
131,Confusing,23
131,Courageous,55
131,Fascinating,41
131,Funny,53
131,Informative,57
131,Ingenious,57
131,Inspiring,38
131,Jaw-dropping,47
131,Longwinded,5
131,Persuasive,57
131,Unconvincing,28
132,Beautiful,2
132,Courageous,6
132,Fascinating,5
132,Funny,6
132,Informative,5
132,Ingenious,5
132,Inspiring,5
132,Jaw-dropping,7
132,OK,2
132,Obnoxious,5
132,Persuasive,2
133,Beautiful,1184
133,Confusing,22
133,Courageous,1182
133,Fascinating,779
133,Funny,975
133,Informative,735
133,Ingenious,479
133,Inspiring,1021
133,Jaw-dropping,790
133,Longwinded,1215
133,OK,134
133,Obnoxious,241
133,Persuasive,498
133,Unconvincing,111
134,Beautiful,199
134,Confusing,136
134,Courageous,251
134,Fascinating,194
134,Funny,213
134,Informative,86
134,Ingenious,157
134,Inspiring,178
134,Jaw-dropping,223
134,Longwinded,205
134,OK,5
134,Obnoxious,158
134,Persuasive,150
134,Unconvincing,160
135,Beautiful,69
135,Confusing,25
135,Courageous,114
135,Fascinating,96
135,Funny,185
135,Informative,133
135,Ingenious,34
135,Inspiring,122
135,Jaw-dropping,95
135,Longwinded,92
135,OK,27
135,Obnoxious,13
135,Persuasive,130
135,Unconvincing,23
136,Beautiful,22
136,Courageous,15
136,Fascinating,21
136,Funny,26
136,Informative,16
136,Ingenious,30
136,Inspiring,24
136,Jaw-dropping,25
136,OK,19
136,Obnoxious,31
136,Persuasive,31
137,Beautiful,49
137,Confusing,9
137,Courageous,20
137,Fascinating,41
137,Funny,47
137,Informative,11
137,Ingenious,34
137,Inspiring,57
137,Jaw-dropping,56
137,OK,3
137,Obnoxious,9
137,Persuasive,51
137,Unconvincing,35
138,Beautiful,191
138,Confusing,203
138,Courageous,206
138,Fascinating,127
138,Funny,289
138,Informative,307
138,Ingenious,201
138,Inspiring,295
138,Jaw-dropping,273
138,Longwinded,127
138,OK,93
138,Obnoxious,1
138,Persuasive,265
139,Beautiful,80
139,Confusing,54
139,Courageous,108
139,Fascinating,83
139,Funny,45
139,Informative,16
139,Ingenious,108
139,Inspiring,57
139,Jaw-dropping,86
139,Longwinded,7
139,OK,66
139,Obnoxious,7
139,Persuasive,19
139,Unconvincing,87
140,Beautiful,43
140,Confusing,33
140,Courageous,34
140,Fascinating,19
140,Funny,14
140,Informative,40
140,Ingenious,40
140,Inspiring,39
140,Jaw-dropping,44
140,Longwinded,21
140,OK,23
140,Obnoxious,7
140,Persuasive,24
141,Beautiful,169
141,Confusing,501
141,Courageous,688
141,Fascinating,845
141,Funny,858
141,Informative,509
141,Ingenious,791
141,Inspiring,991
141,Jaw-dropping,368
141,Longwinded,405
141,OK,146
141,Obnoxious,402
141,Persuasive,25
141,Unconvincing,230
142,Beautiful,62
142,Confusing,12
142,Courageous,95
142,Fascinating,27
142,Funny,109
142,Informative,121
142,Ingenious,72
142,Inspiring,106
142,Jaw-dropping,86
142,Longwinded,82
142,OK,38
142,Obnoxious,56
142,Persuasive,47
143,Beautiful,121
143,Confusing,100
143,Courageous,40
143,Fascinating,135
143,Funny,12
143,Informative,137
143,Ingenious,39
143,Inspiring,116
143,Jaw-dropping,75
143,Longwinded,52
143,OK,75
143,Persuasive,123
143,Unconvincing,150
144,Beautiful,1
144,Confusing,1
144,Fascinating,1
144,Funny,1
144,Informative,1
144,Ingenious,2
144,Inspiring,1
144,Jaw-dropping,2
144,Longwinded,2
144,OK,1
144,Persuasive,1
144,Unconvincing,1
145,Beautiful,296
145,Courageous,210
145,Fascinating,330
145,Funny,322
145,Informative,283
145,Ingenious,293
145,Inspiring,382
145,Jaw-dropping,213
145,Longwinded,72
145,OK,170
145,Persuasive,149
145,Unconvincing,140
146,Beautiful,8
146,Confusing,8
146,Courageous,6
146,Fascinating,32
146,Funny,15
146,Informative,36
146,Ingenious,29
146,Inspiring,33
146,Jaw-dropping,25
146,Longwinded,1
146,OK,10
146,Obnoxious,13
146,Persuasive,32
146,Unconvincing,2
147,Beautiful,15
147,Confusing,14
147,Courageous,17
147,Fascinating,20
147,Funny,17
147,Informative,8
147,Ingenious,19
147,Inspiring,13
147,Jaw-dropping,10
147,OK,9
147,Persuasive,10
148,Beautiful,253
148,Confusing,464
148,Courageous,362
148,Fascinating,426
148,Funny,254
148,Informative,257
148,Ingenious,428
148,Inspiring,365
148,Jaw-dropping,415
148,Longwinded,205
148,OK,135
148,Obnoxious,76
148,Persuasive,35
148,Unconvincing,38
149,Beautiful,96
149,Confusing,50
149,Courageous,84
149,Fascinating,59
149,Funny,68
149,Informative,113
149,Ingenious,55
149,Inspiring,123
149,Jaw-dropping,64
149,Longwinded,5
149,OK,71
149,Obnoxious,34
149,Persuasive,107
149,Unconvincing,1
150,Beautiful,95
150,Confusing,12
150,Courageous,130
150,Fascinating,130
150,Funny,122
150,Informative,116
150,Ingenious,140
150,Inspiring,114
150,Jaw-dropping,128
150,Longwinded,4
150,OK,7
150,Obnoxious,80
150,Persuasive,40
150,Unconvincing,59
151,Beautiful,19
151,Courageous,12
151,Fascinating,11
151,Funny,21
151,Informative,14
151,Ingenious,11
151,Inspiring,8
151,Jaw-dropping,21
151,Longwinded,3
151,Obnoxious,11
151,Persuasive,19
152,Beautiful,101
152,Confusing,1
152,Courageous,119
152,Fascinating,67
152,Funny,54
152,Informative,96
152,Ingenious,120
152,Inspiring,94
152,Jaw-dropping,87
152,OK,17
152,Obnoxious,9
152,Persuasive,68
152,Unconvincing,104
153,Beautiful,67
153,Confusing,92
153,Courageous,13
153,Fascinating,34
153,Funny,83
153,Informative,92
153,Ingenious,81
153,Inspiring,58
153,Jaw-dropping,86
153,Longwinded,31
153,OK,15
153,Obnoxious,3
153,Persuasive,54
154,Beautiful,318
154,Confusing,369
154,Courageous,215
154,Fascinating,310
154,Funny,304
154,Informative,220
154,Ingenious,122
154,Inspiring,253
154,Jaw-dropping,216
154,Longwinded,6
154,OK,331
154,Obnoxious,340
154,Persuasive,225
154,Unconvincing,39
155,Beautiful,174
155,Confusing,13
155,Courageous,236
155,Fascinating,169
155,Funny,194
155,Informative,71
155,Ingenious,187
155,Inspiring,186
155,Jaw-dropping,205
155,Longwinded,235
155,OK,247
155,Obnoxious,64
155,Persuasive,216
155,Unconvincing,42
156,Beautiful,17
156,Confusing,6
156,Courageous,23
156,Fascinating,23
156,Funny,18
156,Informative,22
156,Ingenious,18
156,Inspiring,24
156,Jaw-dropping,21
156,Longwinded,9
156,OK,24
156,Obnoxious,8
156,Persuasive,11
156,Unconvincing,5
157,Beautiful,165
157,Confusing,175
157,Courageous,165
157,Fascinating,170
157,Funny,277
157,Informative,217
157,Ingenious,208
157,Inspiring,166
157,Jaw-dropping,189
157,OK,87
157,Obnoxious,10
157,Persuasive,87
157,Unconvincing,45
158,Beautiful,318
158,Confusing,227
158,Courageous,39
158,Fascinating,92
158,Funny,103
158,Informative,67
158,Ingenious,50
158,Inspiring,181
158,Jaw-dropping,36
158,Longwinded,198
158,OK,191
158,Obnoxious,185
158,Persuasive,246
158,Unconvincing,251
159,Beautiful,18
159,Confusing,29
159,Courageous,15
159,Fascinating,24
159,Funny,27
159,Informative,10
159,Ingenious,22
159,Inspiring,28
159,Jaw-dropping,17
159,Longwinded,28
159,Obnoxious,1
159,Persuasive,6
159,Unconvincing,23
160,Beautiful,335
160,Confusing,102
160,Courageous,206
160,Fascinating,48
160,Funny,368
160,Informative,196
160,Ingenious,353
160,Inspiring,363
160,Jaw-dropping,149
160,Longwinded,14
160,OK,39
160,Obnoxious,7
160,Persuasive,289
160,Unconvincing,52
161,Beautiful,4
161,Confusing,8
161,Courageous,6
161,Fascinating,3
161,Funny,4
161,Informative,3
161,Ingenious,1
161,Inspiring,4
161,Jaw-dropping,9
161,Longwinded,4
161,OK,2
161,Obnoxious,2
161,Persuasive,8
161,Unconvincing,1
162,Beautiful,90
162,Confusing,23
162,Courageous,15
162,Fascinating,104
162,Funny,81
162,Informative,91
162,Ingenious,62
162,Inspiring,105
162,Jaw-dropping,88
162,Longwinded,2
162,OK,49
162,Obnoxious,6
162,Persuasive,52
162,Unconvincing,74
163,Beautiful,106
163,Confusing,2
163,Courageous,167
163,Fascinating,157
163,Funny,126
163,Informative,80
163,Ingenious,126
163,Inspiring,88
163,Jaw-dropping,197
163,Longwinded,138
163,OK,18
163,Obnoxious,23
163,Persuasive,177
163,Unconvincing,106
164,Beautiful,30
164,Confusing,2
164,Courageous,25
164,Fascinating,30
164,Funny,42
164,Informative,31
164,Ingenious,23
164,Inspiring,47
164,Jaw-dropping,46
164,Longwinded,12
164,OK,44
164,Obnoxious,3
164,Persuasive,26
164,Unconvincing,4
165,Beautiful,32
165,Courageous,72
165,Fascinating,123
165,Funny,48
165,Informative,112
165,Ingenious,99
165,Inspiring,107
165,Jaw-dropping,61
165,Longwinded,3
165,OK,12
165,Obnoxious,12
165,Persuasive,124
165,Unconvincing,106
166,Beautiful,10
166,Courageous,15
166,Fascinating,8
166,Funny,7
166,Informative,16
166,Ingenious,18
166,Inspiring,18
166,Jaw-dropping,10
166,OK,9
166,Obnoxious,16
166,Persuasive,14
166,Unconvincing,16
167,Beautiful,44
167,Confusing,10
167,Courageous,39
167,Fascinating,40
167,Funny,16
167,Informative,31
167,Ingenious,28
167,Inspiring,32
167,Jaw-dropping,11
167,Longwinded,12
167,OK,14
167,Obnoxious,14
167,Persuasive,23
167,Unconvincing,31
168,Beautiful,67
168,Confusing,25
168,Courageous,47
168,Fascinating,67
168,Funny,27
168,Informative,58
168,Ingenious,49
168,Inspiring,19
168,Jaw-dropping,46
168,Longwinded,70
168,OK,35
168,Persuasive,36
168,Unconvincing,9
169,Beautiful,15
169,Confusing,63
169,Courageous,105
169,Fascinating,99
169,Funny,110
169,Informative,117
169,Ingenious,30
169,Inspiring,114
169,Jaw-dropping,54
169,Longwinded,69
169,Obnoxious,99
169,Persuasive,104
169,Unconvincing,7
170,Beautiful,187
170,Courageous,258
170,Fascinating,129
170,Funny,243
170,Informative,219
170,Ingenious,171
170,Inspiring,216
170,Jaw-dropping,224
170,Longwinded,195
170,OK,12
170,Obnoxious,12
170,Persuasive,287
170,Unconvincing,20
171,Beautiful,246
171,Confusing,197
171,Courageous,316
171,Fascinating,306
171,Funny,205
171,Informative,234
171,Ingenious,191
171,Inspiring,164
171,Jaw-dropping,203
171,Longwinded,80
171,OK,20
171,Obnoxious,118
171,Persuasive,231
171,Unconvincing,4
172,Beautiful,104
172,Confusing,149
172,Courageous,135
172,Fascinating,186
172,Funny,250
172,Informative,190
172,Ingenious,302
172,Inspiring,136
172,Jaw-dropping,183
172,Longwinded,29
172,OK,18
172,Obnoxious,206
172,Persuasive,56
172,Unconvincing,122
173,Beautiful,32
173,Confusing,41
173,Courageous,27
173,Fascinating,10
173,Funny,22
173,Informative,56
173,Ingenious,55
173,Inspiring,19
173,Jaw-dropping,65
173,Longwinded,42
173,OK,25
173,Obnoxious,58
173,Persuasive,64
173,Unconvincing,13
174,Beautiful,76
174,Confusing,90
174,Courageous,65
174,Fascinating,89
174,Funny,78
174,Informative,84
174,Ingenious,14
174,Inspiring,20
174,Jaw-dropping,72
174,Longwinded,51
174,Obnoxious,16
174,Persuasive,70
174,Unconvincing,15
175,Beautiful,29
175,Confusing,3
175,Courageous,15
175,Fascinating,21
175,Funny,14
175,Informative,25
175,Ingenious,10
175,Inspiring,14
175,Jaw-dropping,25
175,Longwinded,19
175,OK,24
175,Obnoxious,1
175,Persuasive,29
176,Beautiful,136
176,Confusing,157
176,Courageous,172
176,Fascinating,60
176,Funny,95
176,Informative,84
176,Ingenious,144
176,Inspiring,191
176,Jaw-dropping,149
176,OK,105
176,Obnoxious,4
176,Persuasive,174
176,Unconvincing,121
177,Beautiful,109
177,Confusing,37
177,Courageous,69
177,Fascinating,90
177,Funny,86
177,Informative,104
177,Ingenious,118
177,Inspiring,59
177,Jaw-dropping,69
177,Longwinded,14
177,OK,88
177,Obnoxious,23
177,Persuasive,119
177,Unconvincing,10
178,Beautiful,335
178,Confusing,622
178,Courageous,387
178,Fascinating,461
178,Funny,685
178,Informative,723
178,Ingenious,861
178,Inspiring,753
178,Jaw-dropping,148
178,Longwinded,127
178,OK,107
178,Obnoxious,352
178,Persuasive,573
178,Unconvincing,570
179,Beautiful,1039
179,Confusing,238
179,Courageous,1450
179,Fascinating,1549
179,Funny,2031
179,Informative,1349
179,Ingenious,952
179,Inspiring,1555
179,Jaw-dropping,1372
179,Longwinded,124
179,OK,36
179,Obnoxious,238
179,Persuasive,1800
179,Unconvincing,94
180,Beautiful,192
180,Confusing,181
180,Courageous,177
180,Fascinating,180
180,Funny,216
180,Informative,118
180,Ingenious,181
180,Inspiring,159
180,Jaw-dropping,103
180,Longwinded,108
180,OK,16
180,Persuasive,130
180,Unconvincing,15
181,Beautiful,31
181,Confusing,21
181,Courageous,29
181,Fascinating,19
181,Funny,33
181,Informative,31
181,Ingenious,37
181,Inspiring,39
181,Jaw-dropping,34
181,Longwinded,18
181,OK,5
181,Obnoxious,8
181,Persuasive,20
182,Beautiful,47
182,Confusing,62
182,Courageous,115
182,Fascinating,30
182,Funny,139
182,Informative,132
182,Ingenious,117
182,Inspiring,126
182,Jaw-dropping,144
182,Longwinded,30
182,OK,133
182,Obnoxious,18
182,Persuasive,68
182,Unconvincing,68
183,Beautiful,97
183,Confusing,58
183,Courageous,72
183,Fascinating,56
183,Funny,38
183,Informative,72
183,Ingenious,54
183,Inspiring,43
183,Jaw-dropping,45
183,Longwinded,53
183,OK,57
183,Persuasive,24
183,Unconvincing,52
184,Beautiful,28
184,Confusing,12
184,Courageous,55
184,Fascinating,27
184,Funny,43
184,Informative,14
184,Ingenious,42
184,Inspiring,7
184,Jaw-dropping,25
184,Longwinded,38
184,OK,9
184,Obnoxious,34
184,Persuasive,37
184,Unconvincing,10
185,Beautiful,59
185,Confusing,23
185,Courageous,56
185,Fascinating,65
185,Funny,35
185,Informative,68
185,Ingenious,29
185,Inspiring,30
185,Jaw-dropping,65
185,Longwinded,30
185,OK,12
185,Obnoxious,67
185,Persuasive,7
185,Unconvincing,63
186,Beautiful,13
186,Confusing,13
186,Courageous,18
186,Fascinating,28
186,Funny,29
186,Informative,13
186,Ingenious,30
186,Inspiring,24
186,Jaw-dropping,27
186,Longwinded,27
186,Obnoxious,5
186,Persuasive,18
186,Unconvincing,29
187,Beautiful,56
187,Confusing,5
187,Courageous,45
187,Fascinating,50
187,Funny,24
187,Informative,31
187,Ingenious,20
187,Inspiring,42
187,Jaw-dropping,38
187,OK,51
187,Obnoxious,45
187,Persuasive,53
187,Unconvincing,23
188,Beautiful,16
188,Confusing,7
188,Courageous,20
188,Fascinating,20
188,Funny,22
188,Informative,9
188,Ingenious,14
188,Inspiring,19
188,Jaw-dropping,20
188,Longwinded,2
188,OK,18
188,Obnoxious,10
188,Persuasive,9
189,Beautiful,134
189,Confusing,138
189,Courageous,74
189,Fascinating,66
189,Funny,100
189,Informative,155
189,Ingenious,138
189,Inspiring,74
189,Jaw-dropping,161
189,Longwinded,1
189,OK,25
189,Persuasive,107
189,Unconvincing,91
190,Beautiful,12
190,Confusing,1
190,Courageous,9
190,Fascinating,5
190,Funny,6
190,Informative,7
190,Ingenious,13
190,Inspiring,5
190,Jaw-dropping,7
190,Longwinded,7
190,OK,6
190,Persuasive,9
190,Unconvincing,10
191,Beautiful,33
191,Confusing,7
191,Courageous,32
191,Fascinating,34
191,Funny,69
191,Informative,35
191,Ingenious,33
191,Inspiring,62
191,Jaw-dropping,69
191,Longwinded,36
191,OK,21
191,Obnoxious,39
191,Persuasive,66
191,Unconvincing,61
192,Beautiful,364
192,Confusing,15
192,Courageous,44
192,Fascinating,91
192,Funny,297
192,Informative,363
192,Ingenious,327
192,Inspiring,31
192,Jaw-dropping,157
192,Longwinded,61
192,OK,153
192,Obnoxious,12
192,Persuasive,309
192,Unconvincing,21
193,Beautiful,131
193,Confusing,1
193,Courageous,127
193,Fascinating,129
193,Funny,108
193,Informative,87
193,Ingenious,86
193,Inspiring,129
193,Jaw-dropping,92
193,Obnoxious,24
193,Persuasive,144
193,Unconvincing,78
194,Beautiful,302
194,Confusing,2
194,Courageous,624
194,Fascinating,387
194,Funny,331
194,Informative,388
194,Ingenious,410
194,Inspiring,587
194,Jaw-dropping,343
194,Longwinded,50
194,OK,253
194,Obnoxious,614
194,Persuasive,169
194,Unconvincing,220
195,Beautiful,167
195,Confusing,32
195,Courageous,67
195,Fascinating,121
195,Funny,55
195,Informative,118
195,Ingenious,155
195,Inspiring,89
195,Jaw-dropping,145
195,Obnoxious,77
195,Persuasive,105
195,Unconvincing,43
196,Beautiful,212
196,Confusing,60
196,Courageous,118
196,Fascinating,136
196,Funny,35
196,Informative,230
196,Ingenious,218
196,Inspiring,226
196,Jaw-dropping,143
196,Longwinded,30
196,OK,66
196,Obnoxious,8
196,Persuasive,93
196,Unconvincing,147
197,Beautiful,75
197,Confusing,21
197,Courageous,98
197,Fascinating,59
197,Funny,134
197,Informative,117
197,Ingenious,108
197,Inspiring,89
197,Jaw-dropping,127
197,Longwinded,26
197,OK,113
197,Obnoxious,11
197,Persuasive,68
197,Unconvincing,132
198,Beautiful,379
198,Confusing,313
198,Courageous,284
198,Fascinating,324
198,Funny,380
198,Informative,227
198,Ingenious,308
198,Inspiring,390
198,Jaw-dropping,317
198,Longwinded,11
198,OK,107
198,Obnoxious,140
198,Persuasive,421
198,Unconvincing,152
199,Beautiful,157
199,Confusing,15
199,Courageous,194
199,Fascinating,177
199,Funny,99
199,Informative,139
199,Ingenious,192
199,Inspiring,87
199,Jaw-dropping,106
199,Longwinded,72
199,OK,200
199,Obnoxious,152
199,Persuasive,43
199,Unconvincing,115
200,Beautiful,103
200,Confusing,31
200,Courageous,142
200,Fascinating,106
200,Funny,129
200,Informative,159
200,Ingenious,104
200,Inspiring,165
200,Jaw-dropping,47
200,Obnoxious,1
200,Persuasive,90
200,Unconvincing,23
201,Beautiful,116
201,Confusing,37
201,Courageous,156
201,Fascinating,273
201,Funny,218
201,Informative,263
201,Ingenious,232
201,Inspiring,287
201,Jaw-dropping,274
201,Longwinded,13
201,OK,137
201,Obnoxious,58
201,Persuasive,226
201,Unconvincing,9
202,Beautiful,21
202,Confusing,1
202,Courageous,30
202,Fascinating,39
202,Funny,18
202,Informative,41
202,Ingenious,32
202,Inspiring,47
202,Jaw-dropping,31
202,Longwinded,3
202,OK,42
202,Obnoxious,4
202,Persuasive,27
202,Unconvincing,1
203,Beautiful,567
203,Confusing,26
203,Courageous,526
203,Fascinating,817
203,Funny,713
203,Informative,288
203,Ingenious,602
203,Inspiring,623
203,Jaw-dropping,389
203,Longwinded,35
203,Obnoxious,569
203,Persuasive,782
203,Unconvincing,417
204,Beautiful,121
204,Confusing,121
204,Courageous,262
204,Fascinating,206
204,Funny,364
204,Informative,226
204,Ingenious,158
204,Inspiring,201
204,Jaw-dropping,204
204,Longwinded,5
204,OK,1
204,Obnoxious,216
204,Persuasive,79
204,Unconvincing,11
205,Beautiful,8
205,Courageous,11
205,Fascinating,8
205,Funny,12
205,Informative,1
205,Ingenious,9
205,Inspiring,11
205,Jaw-dropping,4
205,Longwinded,12
205,OK,3
205,Obnoxious,8
205,Persuasive,7
206,Beautiful,166
206,Confusing,2
206,Courageous,50
206,Fascinating,170
206,Funny,144
206,Informative,190
206,Ingenious,25
206,Inspiring,152
206,Jaw-dropping,136
206,Longwinded,93
206,OK,163
206,Obnoxious,29
206,Persuasive,104
206,Unconvincing,10
207,Beautiful,147
207,Confusing,51
207,Courageous,57
207,Fascinating,110
207,Funny,106
207,Informative,143
207,Ingenious,112
207,Inspiring,112
207,Jaw-dropping,57
207,Longwinded,97
207,OK,3
207,Persuasive,44
207,Unconvincing,1
208,Beautiful,26
208,Confusing,24
208,Courageous,1
208,Fascinating,19
208,Funny,28
208,Informative,23
208,Ingenious,17
208,Inspiring,19
208,Jaw-dropping,21
208,Longwinded,3
208,OK,4
208,Obnoxious,23
208,Persuasive,17
208,Unconvincing,9
209,Beautiful,130
209,Courageous,123
209,Fascinating,74
209,Funny,111
209,Informative,125
209,Ingenious,137
209,Inspiring,118
209,Jaw-dropping,102
209,Longwinded,25
209,OK,108
209,Obnoxious,1
209,Persuasive,128
209,Unconvincing,40
210,Beautiful,134
210,Confusing,3
210,Courageous,123
210,Fascinating,235
210,Funny,217
210,Informative,141
210,Ingenious,82
210,Inspiring,166
210,Jaw-dropping,230
210,Longwinded,1
210,OK,14
210,Persuasive,207
210,Unconvincing,29
211,Beautiful,19
211,Courageous,89
211,Fascinating,35
211,Funny,36
211,Informative,46
211,Ingenious,82
211,Inspiring,50
211,Jaw-dropping,50
211,Longwinded,12
211,OK,4
211,Obnoxious,20
211,Persuasive,66
211,Unconvincing,89
212,Beautiful,13
212,Confusing,2
212,Courageous,12
212,Fascinating,13
212,Funny,4
212,Informative,15
212,Ingenious,14
212,Inspiring,11
212,Jaw-dropping,16
212,Longwinded,12
212,Obnoxious,15
212,Persuasive,9
212,Unconvincing,14
213,Beautiful,60
213,Confusing,40
213,Courageous,52
213,Fascinating,37
213,Funny,56
213,Informative,35
213,Ingenious,45
213,Inspiring,59
213,Jaw-dropping,51
213,Longwinded,40
213,OK,13
213,Obnoxious,32
213,Persuasive,30
214,Beautiful,149
214,Confusing,44
214,Courageous,119
214,Fascinating,132
214,Funny,135
214,Informative,66
214,Ingenious,65
214,Inspiring,140
214,Jaw-dropping,96
214,Longwinded,38
214,OK,153
214,Obnoxious,5
214,Persuasive,150
215,Beautiful,1609
215,Confusing,1088
215,Courageous,1459
215,Fascinating,1768
215,Funny,1773
215,Informative,714
215,Ingenious,1819
215,Inspiring,1851
215,Jaw-dropping,1044
215,Longwinded,1065
215,OK,54
215,Obnoxious,532
215,Persuasive,1807
215,Unconvincing,287
216,Beautiful,67
216,Confusing,217
216,Courageous,244
216,Fascinating,331
216,Funny,413
216,Informative,417
216,Ingenious,293
216,Inspiring,446
216,Jaw-dropping,435
216,Longwinded,88
216,OK,446
216,Obnoxious,421
216,Persuasive,100
216,Unconvincing,5
217,Beautiful,19
217,Confusing,6
217,Courageous,6
217,Fascinating,19
217,Funny,16
217,Informative,3
217,Ingenious,11
217,Inspiring,16
217,Jaw-dropping,18
217,Longwinded,12
217,OK,6
217,Persuasive,9
217,Unconvincing,13
218,Beautiful,163
218,Confusing,28
218,Courageous,278
218,Fascinating,90
218,Funny,306
218,Informative,299
218,Ingenious,99
218,Inspiring,292
218,Jaw-dropping,113
218,Longwinded,228
218,OK,65
218,Obnoxious,242
218,Persuasive,80
219,Beautiful,12
219,Confusing,10
219,Courageous,13
219,Fascinating,45
219,Funny,32
219,Informative,70
219,Ingenious,19
219,Inspiring,62
219,Jaw-dropping,30
219,OK,46
219,Obnoxious,61
219,Persuasive,58
219,Unconvincing,12
220,Beautiful,60
220,Confusing,34
220,Courageous,64
220,Fascinating,62
220,Funny,45
220,Informative,51
220,Ingenious,28
220,Inspiring,14
220,Jaw-dropping,52
220,OK,8
220,Persuasive,24
220,Unconvincing,1
221,Beautiful,141
221,Confusing,114
221,Courageous,143
221,Fascinating,104
221,Funny,115
221,Informative,160
221,Ingenious,146
221,Inspiring,77
221,Jaw-dropping,119
221,Longwinded,83
221,OK,17
221,Obnoxious,32
221,Persuasive,71
221,Unconvincing,23
222,Beautiful,140
222,Courageous,163
222,Fascinating,187
222,Funny,185
222,Informative,130
222,Ingenious,167
222,Inspiring,71
222,Jaw-dropping,65
222,Longwinded,26
222,OK,1
222,Obnoxious,126
222,Persuasive,92
222,Unconvincing,82
223,Beautiful,73
223,Confusing,52
223,Courageous,107
223,Fascinating,42
223,Funny,124
223,Informative,38
223,Ingenious,120
223,Inspiring,38
223,Jaw-dropping,131
223,Longwinded,2
223,OK,119
223,Obnoxious,107
223,Persuasive,70
223,Unconvincing,26
224,Beautiful,7
224,Confusing,14
224,Courageous,10
224,Fascinating,16
224,Funny,14
224,Informative,12
224,Ingenious,17
224,Inspiring,5
224,Jaw-dropping,16
224,OK,14
224,Obnoxious,12
224,Persuasive,15
224,Unconvincing,14
225,Beautiful,11
225,Confusing,1
225,Courageous,22
225,Fascinating,55
225,Funny,72
225,Informative,61
225,Ingenious,60
225,Inspiring,73
225,Jaw-dropping,36
225,Longwinded,1
225,Persuasive,63
225,Unconvincing,59
226,Beautiful,142
226,Confusing,3
226,Courageous,287
226,Fascinating,78
226,Funny,153
226,Informative,112
226,Ingenious,253
226,Inspiring,165
226,Jaw-dropping,193
226,OK,296
226,Obnoxious,77
226,Persuasive,194
227,Beautiful,34
227,Confusing,60
227,Courageous,49
227,Fascinating,30
227,Funny,54
227,Informative,22
227,Ingenious,46
227,Inspiring,53
227,Jaw-dropping,54
227,Longwinded,8
227,Obnoxious,41
227,Persuasive,44
227,Unconvincing,48
228,Beautiful,957
228,Confusing,779
228,Courageous,706
228,Fascinating,636
228,Funny,293
228,Informative,523
228,Ingenious,770
228,Inspiring,757
228,Jaw-dropping,1028
228,Longwinded,679
228,OK,54
228,Obnoxious,229
228,Persuasive,213
228,Unconvincing,56
229,Beautiful,113
229,Confusing,104
229,Courageous,236
229,Fascinating,141
229,Funny,250
229,Informative,89
229,Ingenious,170
229,Inspiring,110
229,Jaw-dropping,338
229,Longwinded,12
229,OK,21
229,Obnoxious,54
229,Persuasive,242
229,Unconvincing,324
230,Beautiful,46
230,Confusing,15
230,Courageous,57
230,Fascinating,73
230,Funny,72
230,Informative,81
230,Ingenious,70
230,Inspiring,35
230,Jaw-dropping,28
230,Longwinded,75
230,OK,82
230,Obnoxious,15
230,Persuasive,63
230,Unconvincing,43
231,Beautiful,70
231,Confusing,48
231,Courageous,15
231,Fascinating,53
231,Funny,66
231,Informative,62
231,Ingenious,53
231,Inspiring,55
231,Jaw-dropping,26
231,Obnoxious,23
231,Persuasive,7
231,Unconvincing,20
232,Beautiful,10
232,Confusing,4
232,Courageous,18
232,Fascinating,6
232,Funny,20
232,Informative,10
232,Ingenious,2
232,Inspiring,5
232,Jaw-dropping,16
232,Longwinded,10
232,OK,2
232,Obnoxious,5
232,Persuasive,21
233,Beautiful,15
233,Courageous,19
233,Fascinating,7
233,Funny,14
233,Informative,16
233,Ingenious,17
233,Inspiring,16
233,Jaw-dropping,17
233,Longwinded,5
233,OK,1
233,Obnoxious,8
233,Persuasive,18
233,Unconvincing,8
234,Beautiful,296
234,Confusing,178
234,Courageous,607
234,Fascinating,274
234,Funny,701
234,Informative,494
234,Ingenious,790
234,Inspiring,873
234,Jaw-dropping,383
234,Longwinded,509
234,OK,7
234,Obnoxious,597
234,Persuasive,858
234,Unconvincing,197
235,Beautiful,38
235,Confusing,9
235,Courageous,16
235,Fascinating,4
235,Funny,69
235,Informative,29
235,Ingenious,61
235,Inspiring,43
235,Jaw-dropping,9
235,Longwinded,7
235,OK,49
235,Persuasive,52
236,Beautiful,27
236,Confusing,38
236,Courageous,36
236,Fascinating,23
236,Funny,74
236,Informative,49
236,Ingenious,38
236,Inspiring,80
236,Jaw-dropping,87
236,Longwinded,15
236,OK,103
236,Obnoxious,8
236,Persuasive,101
236,Unconvincing,2
237,Beautiful,49
237,Confusing,22
237,Courageous,105
237,Fascinating,107
237,Funny,115
237,Informative,121
237,Ingenious,89
237,Inspiring,81
237,Jaw-dropping,111
237,Longwinded,1
237,OK,5
237,Obnoxious,49
237,Persuasive,105
237,Unconvincing,1
238,Beautiful,21
238,Courageous,21
238,Fascinating,22
238,Funny,15
238,Informative,13
238,Ingenious,9
238,Inspiring,19
238,Jaw-dropping,10
238,Longwinded,13
238,Persuasive,16
238,Unconvincing,15
239,Beautiful,461
239,Confusing,101
239,Courageous,369
239,Fascinating,470
239,Funny,475
239,Informative,133
239,Ingenious,382
239,Inspiring,462
239,Jaw-dropping,329
239,Longwinded,8
239,OK,367
239,Obnoxious,301
239,Persuasive,421
239,Unconvincing,22
240,Beautiful,18
240,Confusing,12
240,Courageous,23
240,Fascinating,21
240,Funny,16
240,Informative,4
240,Ingenious,19
240,Inspiring,19
240,Jaw-dropping,25
240,OK,4
240,Obnoxious,20
240,Persuasive,9
240,Unconvincing,1
241,Beautiful,47
241,Confusing,38
241,Courageous,51
241,Fascinating,48
241,Funny,16
241,Informative,27
241,Ingenious,41
241,Inspiring,31
241,Jaw-dropping,5
241,Longwinded,8
241,OK,42
241,Obnoxious,32
241,Persuasive,46
241,Unconvincing,34
242,Beautiful,44
242,Confusing,3
242,Courageous,68
242,Fascinating,33
242,Funny,33
242,Informative,14
242,Ingenious,64
242,Inspiring,67
242,Jaw-dropping,55
242,Longwinded,53
242,OK,67
242,Obnoxious,4
242,Persuasive,20
242,Unconvincing,30
243,Beautiful,383
243,Confusing,58
243,Courageous,312
243,Fascinating,100
243,Funny,239
243,Informative,126
243,Ingenious,243
243,Inspiring,342
243,Jaw-dropping,218
243,Longwinded,25
243,OK,54
243,Persuasive,166
243,Unconvincing,2
244,Beautiful,58
244,Confusing,68
244,Courageous,56
244,Fascinating,61
244,Funny,64
244,Informative,68
244,Ingenious,47
244,Inspiring,67
244,Jaw-dropping,34
244,Longwinded,17
244,Obnoxious,3
244,Persuasive,54
244,Unconvincing,4
245,Beautiful,34
245,Confusing,19
245,Courageous,80
245,Fascinating,84
245,Funny,29
245,Informative,84
245,Ingenious,66
245,Inspiring,54
245,Jaw-dropping,73
245,Longwinded,26
245,OK,18
245,Persuasive,62
245,Unconvincing,33
246,Beautiful,25
246,Confusing,18
246,Courageous,13
246,Fascinating,18
246,Funny,18
246,Informative,17
246,Ingenious,20
246,Inspiring,20
246,Jaw-dropping,20
246,Obnoxious,4
246,Persuasive,21
246,Unconvincing,1
247,Beautiful,636
247,Confusing,687
247,Courageous,711
247,Fascinating,839
247,Funny,765
247,Informative,272
247,Ingenious,627
247,Inspiring,353
247,Jaw-dropping,387
247,Longwinded,624
247,OK,502
247,Obnoxious,935
247,Persuasive,693
247,Unconvincing,1
248,Beautiful,41
248,Confusing,3
248,Courageous,58
248,Fascinating,55
248,Funny,57
248,Informative,46
248,Ingenious,9
248,Inspiring,58
248,Jaw-dropping,42
248,Longwinded,26
248,OK,42
248,Obnoxious,11
248,Persuasive,25
248,Unconvincing,1
249,Beautiful,79
249,Confusing,12
249,Courageous,36
249,Fascinating,81
249,Funny,77
249,Informative,50
249,Ingenious,80
249,Inspiring,69
249,Jaw-dropping,72
249,OK,50
249,Obnoxious,9
249,Persuasive,86
250,Beautiful,67
250,Confusing,11
250,Courageous,40
250,Fascinating,81
250,Funny,113
250,Informative,101
250,Ingenious,31
250,Inspiring,49
250,Jaw-dropping,128
250,Longwinded,21
250,OK,72
250,Obnoxious,72
250,Persuasive,94
250,Unconvincing,87
251,Beautiful,146
251,Confusing,132
251,Courageous,212
251,Fascinating,188
251,Funny,234
251,Informative,193
251,Ingenious,285
251,Inspiring,255
251,Jaw-dropping,318
251,Longwinded,248
251,OK,299
251,Obnoxious,36
251,Persuasive,307
251,Unconvincing,2
252,Beautiful,120
252,Confusing,49
252,Courageous,68
252,Fascinating,58
252,Funny,125
252,Informative,187
252,Ingenious,74
252,Inspiring,65
252,Jaw-dropping,193
252,Longwinded,137
252,OK,2
252,Obnoxious,9
252,Persuasive,169
252,Unconvincing,74
253,Beautiful,42
253,Confusing,140
253,Courageous,228
253,Fascinating,122
253,Funny,193
253,Informative,123
253,Ingenious,79
253,Inspiring,206
253,Jaw-dropping,92
253,OK,1
253,Obnoxious,29
253,Persuasive,175
254,Beautiful,156
254,Confusing,117
254,Courageous,173
254,Fascinating,47
254,Funny,182
254,Informative,39
254,Ingenious,105
254,Inspiring,154
254,Jaw-dropping,153
254,Longwinded,114
254,OK,77
254,Obnoxious,1
254,Persuasive,142
254,Unconvincing,117
255,Beautiful,27
255,Courageous,7
255,Fascinating,25
255,Funny,28
255,Informative,27
255,Ingenious,27
255,Inspiring,21
255,Jaw-dropping,18
255,Longwinded,5
255,OK,3
255,Persuasive,6
256,Beautiful,19
256,Confusing,6
256,Courageous,16
256,Fascinating,19
256,Funny,20
256,Informative,15
256,Ingenious,24
256,Inspiring,9
256,Jaw-dropping,27
256,Longwinded,1
256,OK,14
256,Obnoxious,15
256,Persuasive,29
256,Unconvincing,18
257,Beautiful,691
257,Courageous,436
257,Fascinating,301
257,Funny,626
257,Informative,866
257,Ingenious,539
257,Inspiring,358
257,Jaw-dropping,867
257,Longwinded,625
257,OK,314
257,Obnoxious,633
257,Persuasive,582
257,Unconvincing,730
258,Beautiful,65
258,Confusing,1
258,Courageous,35
258,Fascinating,72
258,Funny,56
258,Informative,64
258,Ingenious,17
258,Inspiring,64
258,Jaw-dropping,23
258,Longwinded,17
258,OK,15
258,Persuasive,58
258,Unconvincing,8
259,Beautiful,14
259,Confusing,20
259,Courageous,16
259,Fascinating,20
259,Funny,29
259,Informative,22
259,Ingenious,30
259,Inspiring,5
259,Jaw-dropping,24
259,OK,26
259,Obnoxious,31
259,Persuasive,13
259,Unconvincing,21
260,Beautiful,59
260,Confusing,5
260,Courageous,60
260,Fascinating,61
260,Funny,8
260,Informative,54
260,Ingenious,21
260,Inspiring,57
260,Jaw-dropping,47
260,Longwinded,7
260,OK,39
260,Obnoxious,24
260,Persuasive,47
260,Unconvincing,2
261,Beautiful,29
261,Confusing,7
261,Courageous,27
261,Fascinating,8
261,Funny,31
261,Informative,30
261,Ingenious,30
261,Inspiring,29
261,Jaw-dropping,7
261,Longwinded,6
261,OK,12
261,Obnoxious,1
261,Persuasive,38
261,Unconvincing,3
262,Beautiful,768
262,Confusing,904
262,Courageous,692
262,Fascinating,745
262,Funny,709
262,Informative,393
262,Ingenious,346
262,Inspiring,513
262,Jaw-dropping,254
262,Longwinded,91
262,OK,30
262,Obnoxious,45
262,Persuasive,483
262,Unconvincing,579
263,Beautiful,1048
263,Confusing,159
263,Courageous,1033
263,Fascinating,1014
263,Funny,636
263,Informative,1085
263,Ingenious,890
263,Inspiring,985
263,Jaw-dropping,878
263,Longwinded,12
263,OK,106
263,Obnoxious,14
263,Persuasive,1001
263,Unconvincing,501
264,Beautiful,58
264,Confusing,15
264,Courageous,44
264,Fascinating,24
264,Funny,16
264,Informative,37
264,Ingenious,39
264,Inspiring,40
264,Jaw-dropping,75
264,Longwinded,1
264,OK,36
264,Persuasive,45
264,Unconvincing,31
265,Beautiful,20
265,Confusing,20
265,Courageous,23
265,Fascinating,11
265,Funny,16
265,Informative,26
265,Ingenious,25
265,Inspiring,6
265,Jaw-dropping,24
265,Longwinded,6
265,OK,1
265,Obnoxious,9
265,Persuasive,16
266,Beautiful,9
266,Courageous,12
266,Fascinating,7
266,Funny,5
266,Informative,13
266,Ingenious,13
266,Inspiring,6
266,Jaw-dropping,7
266,Longwinded,2
266,OK,2
266,Obnoxious,9
266,Persuasive,9
267,Beautiful,165
267,Confusing,81
267,Courageous,65
267,Fascinating,83
267,Funny,180
267,Informative,136
267,Ingenious,183
267,Inspiring,143
267,Jaw-dropping,34
267,Longwinded,45
267,OK,141
267,Obnoxious,1
267,Persuasive,114
267,Unconvincing,7
268,Beautiful,164
268,Confusing,8
268,Courageous,197
268,Fascinating,22
268,Funny,152
268,Informative,130
268,Ingenious,155
268,Inspiring,40
268,Jaw-dropping,185
268,Longwinded,9
268,OK,55
268,Obnoxious,6
268,Persuasive,230
268,Unconvincing,95
269,Beautiful,37
269,Confusing,14
269,Courageous,38
269,Fascinating,20
269,Funny,33
269,Informative,38
269,Ingenious,32
269,Inspiring,34
269,Jaw-dropping,29
269,Longwinded,23
269,OK,1
269,Obnoxious,1
269,Persuasive,21
269,Unconvincing,7
270,Beautiful,84
270,Courageous,83
270,Fascinating,43
270,Funny,83
270,Informative,19
270,Ingenious,71
270,Inspiring,38
270,Jaw-dropping,24
270,Longwinded,15
270,OK,52
270,Obnoxious,68
270,Persuasive,61
270,Unconvincing,3
271,Beautiful,78
271,Confusing,31
271,Courageous,79
271,Fascinating,37
271,Funny,59
271,Informative,34
271,Ingenious,73
271,Inspiring,78
271,Jaw-dropping,78
271,Longwinded,43
271,OK,35
271,Obnoxious,12
271,Persuasive,50
271,Unconvincing,11
272,Beautiful,116
272,Confusing,118
272,Courageous,71
272,Fascinating,86
272,Funny,102
272,Informative,61
272,Ingenious,77
272,Inspiring,89
272,Jaw-dropping,114
272,Longwinded,5
272,OK,117
272,Obnoxious,21
272,Persuasive,67
272,Unconvincing,5
273,Beautiful,258
273,Confusing,282
273,Courageous,76
273,Fascinating,129
273,Funny,169
273,Informative,177
273,Ingenious,241
273,Inspiring,257
273,Jaw-dropping,127
273,Longwinded,46
273,OK,8
273,Obnoxious,23
273,Persuasive,103
273,Unconvincing,83
274,Beautiful,54
274,Confusing,34
274,Courageous,80
274,Fascinating,76
274,Funny,101
274,Informative,62
274,Ingenious,116
274,Inspiring,115
274,Jaw-dropping,84
274,Longwinded,42
274,OK,47
274,Obnoxious,9
274,Persuasive,24
275,Beautiful,97
275,Confusing,1
275,Courageous,226
275,Fascinating,63
275,Funny,192
275,Informative,156
275,Ingenious,192
275,Inspiring,218
275,Jaw-dropping,118
275,Longwinded,29
275,OK,9
275,Obnoxious,2
275,Persuasive,148
276,Beautiful,33
276,Confusing,34
276,Courageous,33
276,Fascinating,34
276,Funny,37
276,Informative,13
276,Ingenious,28
276,Inspiring,37
276,Jaw-dropping,13
276,Longwinded,16
276,OK,4
276,Obnoxious,38
276,Persuasive,9
276,Unconvincing,3
277,Beautiful,294
277,Confusing,208
277,Courageous,292
277,Fascinating,241
277,Funny,244
277,Informative,154
277,Ingenious,224
277,Inspiring,284
277,Jaw-dropping,259
277,Longwinded,13
277,OK,35
277,Obnoxious,246
277,Persuasive,272
277,Unconvincing,194
278,Beautiful,94
278,Confusing,75
278,Courageous,128
278,Fascinating,67
278,Funny,68
278,Informative,132
278,Ingenious,112
278,Inspiring,80
278,Jaw-dropping,130
278,Longwinded,47
278,OK,11
278,Obnoxious,97
278,Persuasive,99
278,Unconvincing,41
279,Beautiful,21
279,Confusing,7
279,Courageous,24
279,Fascinating,13
279,Funny,20
279,Informative,38
279,Ingenious,40
279,Inspiring,35
279,Jaw-dropping,34
279,Longwinded,12
279,Obnoxious,7
279,Persuasive,40
279,Unconvincing,10
280,Beautiful,64
280,Confusing,71
280,Courageous,222
280,Fascinating,217
280,Funny,110
280,Informative,219
280,Ingenious,189
280,Inspiring,226
280,Jaw-dropping,191
280,Longwinded,1
280,OK,44
280,Obnoxious,197
280,Persuasive,126
280,Unconvincing,19
281,Beautiful,20
281,Confusing,5
281,Courageous,17
281,Fascinating,20
281,Funny,16
281,Informative,21
281,Ingenious,20
281,Inspiring,10
281,Jaw-dropping,19
281,Obnoxious,4
281,Persuasive,15
282,Beautiful,140
282,Confusing,86
282,Courageous,115
282,Fascinating,146
282,Funny,120
282,Informative,92
282,Ingenious,143
282,Inspiring,62
282,Jaw-dropping,134
282,Longwinded,1
282,OK,3
282,Obnoxious,79
282,Persuasive,50
282,Unconvincing,56
283,Beautiful,210
283,Confusing,193
283,Courageous,343
283,Fascinating,343
283,Funny,305
283,Informative,240
283,Ingenious,315
283,Inspiring,48
283,Jaw-dropping,235
283,Longwinded,264
283,OK,32
283,Obnoxious,73
283,Persuasive,329
283,Unconvincing,316
284,Beautiful,387
284,Confusing,224
284,Courageous,387
284,Fascinating,316
284,Funny,239
284,Informative,117
284,Ingenious,435
284,Inspiring,192
284,Jaw-dropping,192
284,Longwinded,331
284,OK,165
284,Obnoxious,236
284,Persuasive,476
284,Unconvincing,24
285,Beautiful,104
285,Confusing,49
285,Courageous,100
285,Fascinating,19
285,Funny,67
285,Informative,56
285,Ingenious,77
285,Inspiring,114
285,Jaw-dropping,58
285,OK,42
285,Obnoxious,6
285,Persuasive,88
285,Unconvincing,64
286,Beautiful,13
286,Confusing,3
286,Courageous,8
286,Fascinating,10
286,Funny,14
286,Informative,13
286,Ingenious,15
286,Jaw-dropping,12
286,Longwinded,7
286,Persuasive,11
287,Beautiful,69
287,Confusing,4
287,Courageous,58
287,Fascinating,51
287,Funny,69
287,Informative,48
287,Ingenious,26
287,Inspiring,58
287,Jaw-dropping,53
287,OK,55
287,Obnoxious,68
287,Persuasive,42
287,Unconvincing,54
288,Beautiful,135
288,Confusing,17
288,Courageous,264
288,Fascinating,304
288,Funny,284
288,Informative,50
288,Ingenious,364
288,Inspiring,189
288,Jaw-dropping,217
288,Longwinded,336
288,OK,26
288,Obnoxious,44
288,Persuasive,142
288,Unconvincing,25
289,Beautiful,26
289,Confusing,4
289,Courageous,36
289,Fascinating,13
289,Funny,40
289,Informative,47
289,Ingenious,44
289,Inspiring,39
289,Jaw-dropping,46
289,Longwinded,3
289,OK,11
289,Obnoxious,29
289,Persuasive,45
290,Beautiful,19
290,Confusing,23
290,Courageous,16
290,Fascinating,24
290,Funny,19
290,Informative,7
290,Ingenious,17
290,Inspiring,27
290,Jaw-dropping,22
290,Longwinded,2
290,OK,8
290,Obnoxious,19
290,Persuasive,23
291,Beautiful,53
291,Confusing,66
291,Courageous,81
291,Fascinating,60
291,Funny,79
291,Informative,78
291,Ingenious,73
291,Inspiring,38
291,Jaw-dropping,14
291,Obnoxious,38
291,Persuasive,66
291,Unconvincing,85
292,Beautiful,65
292,Confusing,1
292,Courageous,42
292,Fascinating,62
292,Funny,70
292,Informative,51
292,Ingenious,53
292,Inspiring,25
292,Jaw-dropping,48
292,Longwinded,43
292,OK,47
292,Persuasive,9
292,Unconvincing,14
293,Beautiful,207
293,Confusing,19
293,Courageous,36
293,Fascinating,216
293,Funny,35
293,Informative,190
293,Ingenious,225
293,Inspiring,218
293,Jaw-dropping,208
293,Longwinded,135
293,OK,4
293,Obnoxious,83
293,Persuasive,212
293,Unconvincing,43
294,Beautiful,143
294,Confusing,77
294,Courageous,572
294,Fascinating,89
294,Funny,525
294,Informative,591
294,Ingenious,206
294,Inspiring,427
294,Jaw-dropping,476
294,Longwinded,364
294,OK,565
294,Obnoxious,45
294,Persuasive,207
294,Unconvincing,61
295,Beautiful,18
295,Courageous,13
295,Fascinating,15
295,Funny,17
295,Informative,15
295,Ingenious,19
295,Inspiring,15
295,Jaw-dropping,17
295,Longwinded,3
295,OK,8
295,Obnoxious,4
295,Persuasive,9
295,Unconvincing,4
296,Beautiful,24
296,Confusing,6
296,Courageous,100
296,Fascinating,63
296,Funny,43
296,Informative,61
296,Ingenious,21
296,Inspiring,85
296,Jaw-dropping,87
296,Longwinded,98
296,OK,13
296,Obnoxious,4
296,Persuasive,71
296,Unconvincing,83
297,Beautiful,205
297,Confusing,111
297,Courageous,154
297,Fascinating,177
297,Funny,96
297,Informative,109
297,Ingenious,61
297,Inspiring,192
297,Jaw-dropping,185
297,Longwinded,200
297,OK,1
297,Obnoxious,4
297,Persuasive,158
297,Unconvincing,95
298,Beautiful,22
298,Courageous,25
298,Fascinating,29
298,Funny,37
298,Informative,26
298,Ingenious,36
298,Inspiring,15
298,Jaw-dropping,29
298,OK,4
298,Obnoxious,12
298,Persuasive,16
298,Unconvincing,6
299,Beautiful,49
299,Confusing,32
299,Courageous,39
299,Fascinating,54
299,Funny,29
299,Informative,41
299,Ingenious,51
299,Inspiring,53
299,Jaw-dropping,42
299,Longwinded,2
299,OK,5
299,Persuasive,50
300,Beautiful,6
300,Courageous,16
300,Fascinating,14
300,Funny,3
300,Informative,4
300,Ingenious,11
300,Inspiring,10
300,Jaw-dropping,14
300,OK,6
300,Persuasive,17
300,Unconvincing,6
301,Beautiful,23
301,Confusing,9
301,Courageous,103
301,Fascinating,106
301,Funny,29
301,Informative,54
301,Ingenious,62
301,Inspiring,83
301,Jaw-dropping,61
301,Longwinded,19
301,OK,57
301,Obnoxious,19
301,Persuasive,100
301,Unconvincing,47
302,Beautiful,21
302,Confusing,17
302,Courageous,152
302,Fascinating,116
302,Funny,144
302,Informative,141
302,Ingenious,105
302,Inspiring,136
302,Jaw-dropping,129
302,Longwinded,44
302,OK,7
302,Obnoxious,39
302,Persuasive,123
302,Unconvincing,20
303,Beautiful,74
303,Confusing,2
303,Courageous,96
303,Fascinating,51
303,Funny,28
303,Informative,40
303,Ingenious,15
303,Inspiring,56
303,Jaw-dropping,79
303,Longwinded,13
303,OK,70
303,Obnoxious,48
303,Persuasive,98
303,Unconvincing,14
304,Beautiful,44
304,Confusing,1
304,Courageous,49
304,Fascinating,63
304,Funny,57
304,Informative,38
304,Ingenious,62
304,Inspiring,42
304,Jaw-dropping,59
304,Longwinded,13
304,OK,43
304,Obnoxious,6
304,Persuasive,59
304,Unconvincing,2
305,Beautiful,23
305,Confusing,6
305,Courageous,26
305,Fascinating,11
305,Funny,12
305,Informative,16
305,Ingenious,26
305,Inspiring,20
305,Jaw-dropping,10
305,Longwinded,9
305,OK,5
305,Obnoxious,3
305,Persuasive,16
305,Unconvincing,2
306,Beautiful,164
306,Confusing,2
306,Courageous,108
306,Fascinating,183
306,Funny,222
306,Informative,229
306,Ingenious,89
306,Inspiring,124
306,Jaw-dropping,56
306,Longwinded,198
306,OK,3
306,Obnoxious,83
306,Persuasive,189
306,Unconvincing,109
307,Beautiful,165
307,Confusing,71
307,Courageous,78
307,Fascinating,96
307,Funny,142
307,Informative,150
307,Ingenious,81
307,Inspiring,56
307,Jaw-dropping,136
307,OK,104
307,Obnoxious,41
307,Persuasive,142
307,Unconvincing,29
308,Beautiful,296
308,Confusing,48
308,Courageous,143
308,Fascinating,127
308,Funny,72
308,Informative,273
308,Ingenious,54
308,Inspiring,230
308,Jaw-dropping,289
308,Longwinded,19
308,OK,80
308,Obnoxious,286
308,Persuasive,243
308,Unconvincing,63
309,Beautiful,576
309,Confusing,261
309,Courageous,85
309,Fascinating,492
309,Funny,283
309,Informative,420
309,Ingenious,263
309,Inspiring,597
309,Jaw-dropping,94
309,Longwinded,3
309,OK,81
309,Obnoxious,212
309,Persuasive,641
309,Unconvincing,651
310,Beautiful,263
310,Confusing,51
310,Courageous,185
310,Fascinating,323
310,Funny,308
310,Informative,315
310,Ingenious,249
310,Inspiring,208
310,Jaw-dropping,139
310,Longwinded,9
310,OK,10
310,Obnoxious,325
310,Persuasive,278
310,Unconvincing,103
311,Beautiful,18
311,Courageous,21
311,Fascinating,20
311,Funny,5
311,Informative,15
311,Ingenious,19
311,Inspiring,18
311,Jaw-dropping,14
311,Obnoxious,3
311,Persuasive,24
311,Unconvincing,17
312,Beautiful,33
312,Courageous,32
312,Fascinating,37
312,Funny,16
312,Informative,43
312,Ingenious,33
312,Inspiring,18
312,Jaw-dropping,40
312,Longwinded,42
312,OK,32
312,Persuasive,21
312,Unconvincing,1
313,Beautiful,197
313,Confusing,1
313,Courageous,150
313,Fascinating,227
313,Funny,282
313,Informative,222
313,Ingenious,19
313,Inspiring,299
313,Jaw-dropping,213
313,Longwinded,236
313,OK,212
313,Obnoxious,281
313,Persuasive,254
313,Unconvincing,216
314,Beautiful,20
314,Courageous,7
314,Fascinating,5
314,Funny,20
314,Informative,17
314,Ingenious,19
314,Inspiring,22
314,Jaw-dropping,9
314,Longwinded,6
314,OK,1
314,Persuasive,19
314,Unconvincing,23
315,Beautiful,65
315,Confusing,7
315,Courageous,46
315,Fascinating,23
315,Funny,43
315,Informative,51
315,Ingenious,40
315,Inspiring,70
315,Jaw-dropping,41
315,Longwinded,50
315,OK,54
315,Obnoxious,2
315,Persuasive,30
315,Unconvincing,60
316,Beautiful,64
316,Courageous,70
316,Fascinating,69
316,Funny,30
316,Informative,70
316,Ingenious,64
316,Inspiring,59
316,Jaw-dropping,56
316,Longwinded,10
316,OK,1
316,Obnoxious,6
316,Persuasive,46
316,Unconvincing,6
317,Beautiful,1278
317,Confusing,105
317,Courageous,575
317,Fascinating,366
317,Funny,1173
317,Informative,1348
317,Ingenious,1287
317,Inspiring,373
317,Jaw-dropping,1703
317,Longwinded,69
317,OK,84
317,Obnoxious,719
317,Persuasive,728
317,Unconvincing,139
318,Beautiful,199
318,Courageous,317
318,Fascinating,55
318,Funny,384
318,Informative,380
318,Ingenious,399
318,Inspiring,362
318,Jaw-dropping,395
318,OK,178
318,Obnoxious,269
318,Persuasive,168
318,Unconvincing,313
319,Beautiful,20
319,Courageous,29
319,Fascinating,27
319,Funny,12
319,Informative,30
319,Ingenious,25
319,Inspiring,18
319,Jaw-dropping,15
319,Longwinded,28
319,OK,26
319,Obnoxious,3
319,Persuasive,8
319,Unconvincing,2
320,Beautiful,17
320,Confusing,9
320,Courageous,28
320,Fascinating,10
320,Funny,20
320,Informative,27
320,Ingenious,26
320,Inspiring,26
320,Jaw-dropping,23
320,Longwinded,27
320,OK,4
320,Persuasive,9
320,Unconvincing,20
321,Beautiful,67
321,Confusing,8
321,Courageous,106
321,Fascinating,151
321,Funny,108
321,Informative,137
321,Ingenious,89
321,Inspiring,127
321,Jaw-dropping,122
321,Longwinded,151
321,OK,170
321,Obnoxious,73
321,Persuasive,171
321,Unconvincing,140
322,Beautiful,36
322,Confusing,43
322,Courageous,39
322,Fascinating,45
322,Funny,42
322,Informative,44
322,Ingenious,21
322,Inspiring,37
322,Jaw-dropping,45
322,Longwinded,21
322,Obnoxious,38
322,Persuasive,8
323,Beautiful,39
323,Confusing,42
323,Courageous,53
323,Fascinating,28
323,Funny,52
323,Informative,14
323,Ingenious,49
323,Inspiring,23
323,Jaw-dropping,55
323,OK,11
323,Persuasive,42
323,Unconvincing,15
324,Beautiful,36
324,Confusing,3
324,Courageous,46
324,Fascinating,18
324,Funny,38
324,Informative,33
324,Ingenious,25
324,Inspiring,18
324,Jaw-dropping,42
324,Longwinded,8
324,OK,4
324,Obnoxious,3
324,Persuasive,40
324,Unconvincing,41
325,Beautiful,134
325,Confusing,171
325,Courageous,116
325,Fascinating,387
325,Funny,344
325,Informative,248
325,Ingenious,136
325,Inspiring,369
325,Jaw-dropping,270
325,Longwinded,155
325,OK,363
325,Obnoxious,5
325,Persuasive,375
325,Unconvincing,31
326,Beautiful,138
326,Confusing,6
326,Courageous,146
326,Fascinating,64
326,Funny,155
326,Informative,128
326,Ingenious,164
326,Inspiring,57
326,Jaw-dropping,137
326,Longwinded,108
326,OK,7
326,Obnoxious,141
326,Persuasive,120
326,Unconvincing,2
327,Beautiful,73
327,Confusing,37
327,Courageous,21
327,Fascinating,70
327,Funny,60
327,Informative,74
327,Ingenious,67
327,Inspiring,60
327,Jaw-dropping,38
327,Longwinded,14
327,OK,61
327,Obnoxious,75
327,Persuasive,59
327,Unconvincing,53
328,Beautiful,81
328,Confusing,79
328,Courageous,91
328,Fascinating,111
328,Funny,109
328,Informative,41
328,Ingenious,111
328,Inspiring,12
328,Jaw-dropping,54
328,Longwinded,5
328,OK,2
328,Obnoxious,93
328,Persuasive,94
328,Unconvincing,65
329,Beautiful,14
329,Confusing,1
329,Courageous,7
329,Fascinating,16
329,Funny,17
329,Informative,13
329,Ingenious,18
329,Inspiring,11
329,Jaw-dropping,4
329,Longwinded,3
329,Obnoxious,17
329,Persuasive,19
329,Unconvincing,2
330,Beautiful,152
330,Confusing,34
330,Courageous,101
330,Fascinating,155
330,Funny,137
330,Informative,97
330,Ingenious,140
330,Inspiring,72
330,Jaw-dropping,109
330,Longwinded,9
330,OK,87
330,Obnoxious,15
330,Persuasive,54
330,Unconvincing,64
331,Beautiful,63
331,Confusing,12
331,Courageous,97
331,Fascinating,88
331,Funny,59
331,Informative,26
331,Ingenious,76
331,Inspiring,37
331,Jaw-dropping,66
331,Longwinded,37
331,OK,12
331,Persuasive,62
331,Unconvincing,14
332,Beautiful,169
332,Confusing,90
332,Courageous,168
332,Fascinating,99
332,Funny,126
332,Informative,131
332,Ingenious,157
332,Inspiring,135
332,Jaw-dropping,171
332,Longwinded,39
332,OK,167
332,Obnoxious,6
332,Persuasive,145
332,Unconvincing,75
333,Beautiful,110
333,Confusing,98
333,Courageous,66
333,Fascinating,99
333,Funny,104
333,Informative,86
333,Ingenious,136
333,Inspiring,114
333,Jaw-dropping,88
333,OK,118
333,Obnoxious,19
333,Persuasive,91
333,Unconvincing,120
334,Beautiful,59
334,Confusing,25
334,Courageous,164
334,Fascinating,186
334,Funny,165
334,Informative,180
334,Ingenious,111
334,Inspiring,147
334,Jaw-dropping,123
334,Longwinded,38
334,OK,119
334,Obnoxious,70
334,Persuasive,149
334,Unconvincing,67
335,Beautiful,22
335,Confusing,13
335,Courageous,16
335,Fascinating,8
335,Funny,26
335,Informative,21
335,Ingenious,15
335,Inspiring,12
335,Jaw-dropping,20
335,Longwinded,2
335,Obnoxious,20
335,Persuasive,23
335,Unconvincing,7
336,Beautiful,37
336,Confusing,109
336,Courageous,72
336,Fascinating,233
336,Funny,332
336,Informative,258
336,Ingenious,365
336,Inspiring,197
336,Jaw-dropping,279
336,Longwinded,87
336,OK,134
336,Obnoxious,109
336,Persuasive,326
336,Unconvincing,67
337,Beautiful,275
337,Confusing,5
337,Courageous,129
337,Fascinating,419
337,Funny,384
337,Informative,399
337,Ingenious,328
337,Inspiring,324
337,Jaw-dropping,382
337,Longwinded,6
337,OK,154
337,Obnoxious,123
337,Persuasive,313
337,Unconvincing,33
338,Beautiful,727
338,Confusing,38
338,Courageous,790
338,Fascinating,399
338,Funny,692
338,Informative,505
338,Ingenious,709
338,Inspiring,617
338,Jaw-dropping,501
338,Longwinded,133
338,OK,353
338,Obnoxious,110
338,Persuasive,669
338,Unconvincing,291
339,Beautiful,80
339,Confusing,4
339,Courageous,67
339,Fascinating,78
339,Funny,74
339,Informative,100
339,Ingenious,20
339,Inspiring,86
339,Jaw-dropping,117
339,Longwinded,37
339,Obnoxious,29
339,Persuasive,70
339,Unconvincing,8
340,Beautiful,210
340,Confusing,112
340,Courageous,198
340,Fascinating,200
340,Funny,216
340,Informative,176
340,Ingenious,144
340,Inspiring,196
340,Jaw-dropping,156
340,Longwinded,58
340,OK,14
340,Obnoxious,148
340,Persuasive,175
340,Unconvincing,101
341,Beautiful,466
341,Confusing,22
341,Courageous,214
341,Fascinating,257
341,Funny,416
341,Informative,424
341,Ingenious,420
341,Inspiring,263
341,Jaw-dropping,353
341,Longwinded,23
341,OK,87
341,Obnoxious,21
341,Persuasive,216
341,Unconvincing,234
342,Beautiful,10
342,Confusing,11
342,Courageous,7
342,Fascinating,9
342,Funny,10
342,Informative,7
342,Ingenious,4
342,Inspiring,7
342,Jaw-dropping,7
342,Longwinded,10
342,OK,4
342,Obnoxious,10
342,Persuasive,8
342,Unconvincing,8
343,Beautiful,80
343,Confusing,45
343,Courageous,62
343,Fascinating,64
343,Funny,79
343,Informative,30
343,Ingenious,80
343,Inspiring,47
343,Jaw-dropping,87
343,Longwinded,77
343,OK,32
343,Obnoxious,76
343,Persuasive,84
343,Unconvincing,10
344,Beautiful,63
344,Confusing,6
344,Courageous,59
344,Fascinating,61
344,Funny,54
344,Informative,31
344,Ingenious,36
344,Inspiring,24
344,Jaw-dropping,64
344,Longwinded,10
344,OK,11
344,Obnoxious,63
344,Persuasive,37
344,Unconvincing,8
345,Beautiful,12
345,Confusing,37
345,Courageous,52
345,Fascinating,87
345,Funny,81
345,Informative,82
345,Ingenious,96
345,Inspiring,65
345,Jaw-dropping,43
345,Longwinded,37
345,OK,1
345,Obnoxious,30
345,Persuasive,61
346,Beautiful,20
346,Confusing,1
346,Courageous,39
346,Fascinating,21
346,Funny,11
346,Informative,9
346,Ingenious,31
346,Inspiring,23
346,Jaw-dropping,37
346,Obnoxious,9
346,Persuasive,12
346,Unconvincing,13
347,Beautiful,135
347,Confusing,113
347,Courageous,35
347,Fascinating,182
347,Funny,158
347,Informative,105
347,Ingenious,8
347,Inspiring,183
347,Jaw-dropping,170
347,Longwinded,194
347,OK,118
347,Obnoxious,45
347,Persuasive,191
347,Unconvincing,32
348,Beautiful,452
348,Confusing,49
348,Courageous,514
348,Fascinating,695
348,Funny,695
348,Informative,325
348,Ingenious,623
348,Inspiring,535
348,Jaw-dropping,642
348,Longwinded,523
348,Obnoxious,446
348,Persuasive,663
348,Unconvincing,118
349,Beautiful,609
349,Confusing,156
349,Courageous,333
349,Fascinating,1024
349,Funny,828
349,Informative,644
349,Ingenious,744
349,Inspiring,377
349,Jaw-dropping,835
349,Longwinded,861
349,OK,98
349,Obnoxious,88
349,Persuasive,827
349,Unconvincing,326
350,Beautiful,37
350,Confusing,5
350,Courageous,41
350,Fascinating,23
350,Funny,50
350,Informative,41
350,Ingenious,49
350,Inspiring,45
350,Jaw-dropping,48
350,OK,13
350,Obnoxious,31
350,Persuasive,8
351,Beautiful,132
351,Confusing,5
351,Courageous,16
351,Fascinating,20
351,Funny,127
351,Informative,58
351,Ingenious,100
351,Inspiring,75
351,Jaw-dropping,128
351,Longwinded,37
351,OK,19
351,Obnoxious,38
351,Persuasive,100
351,Unconvincing,22
352,Beautiful,78
352,Confusing,3
352,Courageous,55
352,Fascinating,122
352,Funny,82
352,Informative,74
352,Ingenious,96
352,Inspiring,94
352,Jaw-dropping,103
352,Longwinded,2
352,OK,42
352,Obnoxious,19
352,Persuasive,98
352,Unconvincing,61
353,Beautiful,64
353,Confusing,22
353,Courageous,181
353,Fascinating,30
353,Funny,160
353,Informative,179
353,Ingenious,114
353,Inspiring,211
353,Jaw-dropping,201
353,Longwinded,32
353,OK,29
353,Obnoxious,178
353,Persuasive,212
353,Unconvincing,15
354,Beautiful,36
354,Confusing,65
354,Courageous,62
354,Fascinating,34
354,Funny,56
354,Informative,38
354,Ingenious,60
354,Inspiring,58
354,Jaw-dropping,76
354,Longwinded,38
354,OK,49
354,Obnoxious,55
354,Persuasive,58
354,Unconvincing,7
355,Beautiful,64
355,Confusing,3
355,Courageous,79
355,Fascinating,131
355,Funny,211
355,Informative,176
355,Ingenious,222
355,Inspiring,86
355,Jaw-dropping,21
355,Longwinded,1
355,OK,23
355,Obnoxious,25
355,Persuasive,186
355,Unconvincing,20
356,Beautiful,288
356,Confusing,180
356,Courageous,193
356,Fascinating,149
356,Funny,294
356,Informative,263
356,Ingenious,258
356,Inspiring,188
356,Jaw-dropping,151
356,Longwinded,166
356,OK,45
356,Obnoxious,204
356,Persuasive,297
356,Unconvincing,3
357,Beautiful,12
357,Confusing,4
357,Courageous,16
357,Fascinating,13
357,Funny,8
357,Informative,18
357,Ingenious,19
357,Inspiring,12
357,Jaw-dropping,12
357,Longwinded,18
357,OK,3
357,Persuasive,18
357,Unconvincing,13
358,Beautiful,94
358,Confusing,134
358,Courageous,148
358,Fascinating,11
358,Funny,22
358,Informative,137
358,Ingenious,95
358,Inspiring,172
358,Jaw-dropping,113
358,Longwinded,96
358,OK,44
358,Obnoxious,26
358,Persuasive,172
358,Unconvincing,40
359,Beautiful,76
359,Courageous,36
359,Fascinating,60
359,Funny,61
359,Informative,69
359,Ingenious,82
359,Inspiring,52
359,Jaw-dropping,77
359,OK,35
359,Obnoxious,53
359,Persuasive,15
359,Unconvincing,42
360,Beautiful,33
360,Confusing,10
360,Courageous,28
360,Fascinating,31
360,Funny,18
360,Informative,17
360,Ingenious,18
360,Inspiring,13
360,Jaw-dropping,32
360,Longwinded,30
360,OK,22
360,Obnoxious,8
360,Persuasive,23
360,Unconvincing,13
361,Beautiful,81
361,Confusing,76
361,Courageous,148
361,Fascinating,146
361,Funny,67
361,Informative,124
361,Ingenious,114
361,Inspiring,118
361,Jaw-dropping,129
361,Longwinded,18
361,OK,50
361,Obnoxious,7
361,Persuasive,95
361,Unconvincing,5
362,Beautiful,256
362,Confusing,37
362,Courageous,267
362,Fascinating,290
362,Funny,222
362,Informative,39
362,Ingenious,172
362,Inspiring,281
362,Jaw-dropping,273
362,Longwinded,207
362,OK,3
362,Persuasive,297
363,Beautiful,348
363,Confusing,166
363,Courageous,399
363,Fascinating,359
363,Funny,391
363,Informative,388
363,Ingenious,250
363,Inspiring,114
363,Jaw-dropping,355
363,Longwinded,16
363,OK,251
363,Obnoxious,30
363,Persuasive,167
363,Unconvincing,113
364,Beautiful,53
364,Courageous,12
364,Fascinating,56
364,Funny,41
364,Informative,25
364,Ingenious,48
364,Inspiring,24
364,Jaw-dropping,50
364,Longwinded,3
364,OK,27
364,Persuasive,31
364,Unconvincing,45
365,Beautiful,77
365,Confusing,40
365,Courageous,60
365,Fascinating,35
365,Funny,14
365,Informative,40
365,Ingenious,89
365,Inspiring,106
365,Jaw-dropping,50
365,Longwinded,64
365,OK,45
365,Obnoxious,17
365,Persuasive,51
366,Beautiful,21
366,Confusing,25
366,Courageous,20
366,Fascinating,27
366,Funny,14
366,Informative,25
366,Ingenious,23
366,Inspiring,20
366,Jaw-dropping,16
366,Longwinded,2
366,Obnoxious,2
366,Persuasive,24
366,Unconvincing,3
367,Beautiful,1463
367,Confusing,35
367,Courageous,1165
367,Fascinating,1193
367,Funny,1560
367,Informative,1072
367,Ingenious,1902
367,Inspiring,1196
367,Jaw-dropping,1348
367,Longwinded,76
367,OK,1742
367,Obnoxious,44
367,Persuasive,1554
367,Unconvincing,309
368,Beautiful,210
368,Confusing,2
368,Courageous,215
368,Fascinating,206
368,Funny,222
368,Informative,125
368,Ingenious,216
368,Inspiring,29
368,Jaw-dropping,104
368,Longwinded,23
368,OK,49
368,Obnoxious,161
368,Persuasive,227
368,Unconvincing,168
369,Beautiful,38
369,Confusing,8
369,Courageous,25
369,Fascinating,34
369,Funny,29
369,Informative,36
369,Ingenious,24
369,Inspiring,6
369,Jaw-dropping,38
369,Longwinded,23
369,OK,15
369,Obnoxious,5
369,Persuasive,34
369,Unconvincing,1
370,Beautiful,8
370,Courageous,14
370,Fascinating,27
370,Funny,20
370,Informative,7
370,Ingenious,13
370,Inspiring,27
370,Jaw-dropping,13
370,Longwinded,18
370,OK,3
370,Obnoxious,26
370,Persuasive,30
370,Unconvincing,28
371,Beautiful,133
371,Confusing,61
371,Courageous,123
371,Fascinating,127
371,Funny,72
371,Informative,179
371,Ingenious,180
371,Inspiring,103
371,Jaw-dropping,92
371,Longwinded,4
371,OK,78
371,Persuasive,132
371,Unconvincing,10
372,Beautiful,8
372,Confusing,16
372,Courageous,66
372,Fascinating,68
372,Funny,71
372,Informative,56
372,Ingenious,64
372,Inspiring,74
372,Jaw-dropping,56
372,OK,20
372,Obnoxious,71
372,Persuasive,68
372,Unconvincing,21
373,Beautiful,20
373,Confusing,11
373,Courageous,5
373,Fascinating,15
373,Funny,24
373,Informative,19
373,Ingenious,17
373,Inspiring,21
373,Jaw-dropping,24
373,Longwinded,13
373,Obnoxious,12
373,Persuasive,11
374,Beautiful,7
374,Courageous,21
374,Fascinating,17
374,Funny,3
374,Informative,7
374,Ingenious,18
374,Inspiring,19
374,Jaw-dropping,13
374,Longwinded,3
374,Persuasive,8
375,Beautiful,196
375,Confusing,246
375,Courageous,351
375,Fascinating,346
375,Funny,177
375,Informative,240
375,Ingenious,348
375,Inspiring,73
375,Jaw-dropping,240
375,Longwinded,180
375,OK,316
375,Obnoxious,131
375,Persuasive,328
375,Unconvincing,113
376,Beautiful,117
376,Confusing,44
376,Courageous,136
376,Fascinating,151
376,Funny,211
376,Informative,218
376,Ingenious,69
376,Inspiring,119
376,Jaw-dropping,178
376,Longwinded,69
376,OK,34
376,Obnoxious,114
376,Persuasive,175
376,Unconvincing,7
377,Beautiful,284
377,Confusing,221
377,Courageous,196
377,Fascinating,152
377,Funny,272
377,Informative,132
377,Ingenious,253
377,Inspiring,202
377,Jaw-dropping,151
377,Longwinded,158
377,OK,116
377,Obnoxious,47
377,Persuasive,258
377,Unconvincing,56
378,Beautiful,41
378,Confusing,36
378,Courageous,95
378,Fascinating,38
378,Funny,8
378,Informative,88
378,Ingenious,88
378,Inspiring,59
378,Jaw-dropping,80
378,Longwinded,4
378,OK,1
378,Obnoxious,30
378,Persuasive,84
378,Unconvincing,74
379,Beautiful,16
379,Confusing,11
379,Courageous,15
379,Fascinating,14
379,Funny,12
379,Informative,1
379,Ingenious,12
379,Inspiring,8
379,Jaw-dropping,14
379,OK,13
379,Obnoxious,5
379,Persuasive,12
380,Beautiful,141
380,Confusing,288
380,Courageous,94
380,Fascinating,179
380,Funny,268
380,Informative,292
380,Ingenious,273
380,Inspiring,263
380,Jaw-dropping,120
380,Longwinded,36
380,OK,52
380,Obnoxious,40
380,Persuasive,224
380,Unconvincing,6
381,Beautiful,208
381,Confusing,24
381,Courageous,40
381,Fascinating,135
381,Funny,226
381,Informative,133
381,Ingenious,199
381,Inspiring,108
381,Jaw-dropping,136
381,Longwinded,9
381,OK,31
381,Obnoxious,5
381,Persuasive,30
381,Unconvincing,140
382,Beautiful,294
382,Confusing,34
382,Courageous,183
382,Fascinating,357
382,Funny,492
382,Informative,371
382,Ingenious,356
382,Inspiring,456
382,Jaw-dropping,381
382,Longwinded,1
382,OK,77
382,Obnoxious,309
382,Persuasive,421
382,Unconvincing,383
383,Beautiful,97
383,Confusing,4
383,Courageous,215
383,Fascinating,189
383,Funny,30
383,Informative,241
383,Ingenious,279
383,Inspiring,294
383,Jaw-dropping,297
383,Longwinded,8
383,OK,20
383,Obnoxious,33
383,Persuasive,164
383,Unconvincing,30
384,Beautiful,1095
384,Confusing,285
384,Courageous,1322
384,Fascinating,716
384,Funny,1145
384,Informative,306
384,Ingenious,306
384,Inspiring,618
384,Jaw-dropping,1243
384,Longwinded,1415
384,OK,6
384,Obnoxious,98
384,Persuasive,512
384,Unconvincing,10
385,Beautiful,18
385,Confusing,20
385,Courageous,18
385,Fascinating,11
385,Funny,13
385,Informative,8
385,Ingenious,8
385,Inspiring,18
385,Jaw-dropping,11
385,Longwinded,19
385,Obnoxious,20
385,Persuasive,20
385,Unconvincing,9
386,Beautiful,22
386,Courageous,42
386,Fascinating,46
386,Funny,50
386,Informative,37
386,Ingenious,23
386,Inspiring,45
386,Jaw-dropping,32
386,Longwinded,12
386,OK,5
386,Obnoxious,37
386,Persuasive,31
386,Unconvincing,30
387,Beautiful,24
387,Courageous,17
387,Fascinating,47
387,Funny,40
387,Informative,16
387,Ingenious,45
387,Inspiring,42
387,Jaw-dropping,26
387,Longwinded,21
387,OK,6
387,Persuasive,45
387,Unconvincing,3
388,Beautiful,61
388,Confusing,12
388,Courageous,67
388,Fascinating,26
388,Funny,49
388,Informative,12
388,Ingenious,77
388,Inspiring,80
388,Jaw-dropping,60
388,Longwinded,52
388,Persuasive,80
388,Unconvincing,48
389,Beautiful,65
389,Confusing,29
389,Courageous,61
389,Fascinating,65
389,Funny,84
389,Informative,92
389,Ingenious,40
389,Inspiring,6
389,Jaw-dropping,24
389,Longwinded,38
389,OK,60
389,Persuasive,46
390,Beautiful,84
390,Confusing,3
390,Courageous,27
390,Fascinating,93
390,Funny,19
390,Informative,10
390,Ingenious,87
390,Inspiring,33
390,Jaw-dropping,93
390,Longwinded,52
390,OK,49
390,Obnoxious,26
390,Persuasive,87
391,Beautiful,5
391,Confusing,20
391,Courageous,22
391,Fascinating,30
391,Funny,14
391,Informative,19
391,Ingenious,15
391,Inspiring,26
391,Jaw-dropping,24
391,Longwinded,1
391,OK,23
391,Obnoxious,2
391,Persuasive,27
391,Unconvincing,31
392,Beautiful,119
392,Confusing,143
392,Courageous,91
392,Fascinating,151
392,Funny,17
392,Informative,113
392,Ingenious,151
392,Inspiring,135
392,Jaw-dropping,68
392,Longwinded,12
392,OK,64
392,Obnoxious,134
392,Persuasive,141
392,Unconvincing,98
393,Beautiful,33
393,Confusing,28
393,Courageous,12
393,Fascinating,22
393,Funny,13
393,Informative,27
393,Ingenious,29
393,Inspiring,5
393,Jaw-dropping,30
393,Longwinded,1
393,Obnoxious,19
393,Persuasive,30
393,Unconvincing,12
394,Beautiful,77
394,Confusing,73
394,Courageous,111
394,Fascinating,113
394,Funny,86
394,Informative,78
394,Ingenious,83
394,Inspiring,127
394,Jaw-dropping,59
394,Longwinded,24
394,OK,11
394,Obnoxious,66
394,Persuasive,83
394,Unconvincing,28
395,Beautiful,7
395,Confusing,38
395,Courageous,52
395,Fascinating,41
395,Funny,46
395,Informative,59
395,Ingenious,43
395,Inspiring,27
395,Jaw-dropping,15
395,Longwinded,2
395,OK,61
395,Obnoxious,21
395,Persuasive,52
395,Unconvincing,5
396,Beautiful,183
396,Confusing,14
396,Courageous,164
396,Fascinating,147
396,Funny,207
396,Informative,92
396,Ingenious,187
396,Inspiring,158
396,Jaw-dropping,186
396,Longwinded,20
396,OK,193
396,Persuasive,177
396,Unconvincing,133
397,Beautiful,84
397,Confusing,121
397,Courageous,117
397,Fascinating,124
397,Funny,75
397,Informative,136
397,Ingenious,80
397,Inspiring,115
397,Jaw-dropping,127
397,Longwinded,108
397,OK,86
397,Obnoxious,122
397,Persuasive,106
397,Unconvincing,55
398,Beautiful,97
398,Confusing,21
398,Courageous,98
398,Fascinating,43
398,Funny,79
398,Informative,86
398,Ingenious,96
398,Inspiring,90
398,Jaw-dropping,39
398,Longwinded,5
398,OK,66
398,Obnoxious,64
398,Persuasive,77
398,Unconvincing,62
399,Beautiful,9
399,Confusing,15
399,Courageous,19
399,Fascinating,16
399,Funny,7
399,Informative,17
399,Ingenious,17
399,Inspiring,13
399,Jaw-dropping,13
399,OK,1
399,Obnoxious,13
399,Persuasive,11
399,Unconvincing,14
400,Beautiful,20
400,Confusing,24
400,Courageous,19
400,Fascinating,27
400,Funny,21
400,Informative,7
400,Ingenious,18
400,Inspiring,14
400,Jaw-dropping,15
400,Obnoxious,12
400,Persuasive,25
400,Unconvincing,28
401,Beautiful,44
401,Confusing,34
401,Courageous,122
401,Fascinating,190
401,Funny,182
401,Informative,116
401,Ingenious,115
401,Inspiring,185
401,Jaw-dropping,109
401,Longwinded,41
401,OK,148
401,Obnoxious,116
401,Persuasive,184
401,Unconvincing,181
402,Beautiful,73
402,Confusing,36
402,Courageous,29
402,Fascinating,67
402,Funny,73
402,Informative,23
402,Ingenious,58
402,Inspiring,31
402,Jaw-dropping,60
402,Longwinded,7
402,OK,28
402,Obnoxious,59
402,Persuasive,38
402,Unconvincing,6
403,Beautiful,29
403,Courageous,22
403,Fascinating,4
403,Funny,27
403,Informative,14
403,Ingenious,26
403,Inspiring,20
403,Jaw-dropping,27
403,Longwinded,8
403,Obnoxious,26
403,Persuasive,13
404,Beautiful,50
404,Confusing,1
404,Courageous,31
404,Fascinating,13
404,Funny,283
404,Informative,64
404,Ingenious,235
404,Inspiring,271
404,Jaw-dropping,272
404,Longwinded,114
404,OK,194
404,Obnoxious,3
404,Persuasive,202
404,Unconvincing,144
405,Beautiful,24
405,Confusing,22
405,Courageous,45
405,Fascinating,52
405,Funny,40
405,Informative,29
405,Ingenious,45
405,Inspiring,35
405,Jaw-dropping,47
405,Longwinded,20
405,OK,5
405,Obnoxious,1
405,Persuasive,50
405,Unconvincing,3
406,Beautiful,48
406,Confusing,27
406,Courageous,79
406,Fascinating,80
406,Funny,41
406,Informative,61
406,Ingenious,22
406,Inspiring,90
406,Jaw-dropping,49
406,Longwinded,6
406,OK,22
406,Obnoxious,42
406,Persuasive,60
406,Unconvincing,54
407,Beautiful,49
407,Confusing,50
407,Courageous,25
407,Fascinating,22
407,Funny,50
407,Informative,52
407,Ingenious,51
407,Inspiring,30
407,Jaw-dropping,34
407,Longwinded,10
407,OK,6
407,Obnoxious,11
407,Persuasive,31
408,Beautiful,43
408,Confusing,49
408,Courageous,103
408,Fascinating,101
408,Funny,108
408,Informative,98
408,Ingenious,15
408,Inspiring,109
408,Jaw-dropping,86
408,Longwinded,89
408,OK,60
408,Obnoxious,7
408,Persuasive,104
408,Unconvincing,51
409,Beautiful,182
409,Confusing,5
409,Courageous,37
409,Fascinating,133
409,Funny,179
409,Informative,132
409,Ingenious,173
409,Inspiring,180
409,Jaw-dropping,100
409,Longwinded,27
409,OK,25
409,Obnoxious,15
409,Persuasive,172
409,Unconvincing,183
410,Beautiful,81
410,Confusing,3
410,Courageous,33
410,Fascinating,75
410,Funny,88
410,Informative,74
410,Ingenious,69
410,Inspiring,85
410,Jaw-dropping,42
410,Longwinded,6
410,OK,2
410,Obnoxious,3
410,Persuasive,41
410,Unconvincing,16
411,Beautiful,22
411,Confusing,6
411,Courageous,34
411,Fascinating,42
411,Funny,15
411,Informative,39
411,Ingenious,35
411,Inspiring,42
411,Jaw-dropping,44
411,Longwinded,4
411,OK,19
411,Obnoxious,17
411,Persuasive,35
411,Unconvincing,11
412,Beautiful,66
412,Confusing,29
412,Courageous,28
412,Fascinating,71
412,Funny,49
412,Informative,58
412,Ingenious,71
412,Inspiring,72
412,Jaw-dropping,53
412,Longwinded,81
412,OK,78
412,Obnoxious,26
412,Persuasive,81
412,Unconvincing,43
413,Beautiful,340
413,Confusing,216
413,Courageous,276
413,Fascinating,442
413,Funny,143
413,Informative,351
413,Ingenious,334
413,Inspiring,487
413,Jaw-dropping,312
413,Longwinded,7
413,OK,320
413,Obnoxious,31
413,Persuasive,489
413,Unconvincing,23
414,Beautiful,181
414,Confusing,4
414,Courageous,241
414,Fascinating,142
414,Funny,204
414,Informative,161
414,Ingenious,176
414,Inspiring,269
414,Jaw-dropping,191
414,Longwinded,267
414,OK,183
414,Obnoxious,166
414,Persuasive,152
414,Unconvincing,32
415,Beautiful,22
415,Confusing,8
415,Courageous,21
415,Fascinating,9
415,Funny,24
415,Informative,23
415,Ingenious,18
415,Inspiring,22
415,Jaw-dropping,7
415,Longwinded,6
415,OK,16
415,Obnoxious,2
415,Persuasive,21
416,Beautiful,21
416,Confusing,23
416,Courageous,25
416,Fascinating,25
416,Funny,26
416,Informative,19
416,Ingenious,21
416,Inspiring,25
416,Jaw-dropping,10
416,Longwinded,11
416,Persuasive,16
416,Unconvincing,12
417,Beautiful,122
417,Confusing,1
417,Courageous,91
417,Fascinating,141
417,Funny,95
417,Informative,97
417,Ingenious,170
417,Inspiring,112
417,Jaw-dropping,37
417,Longwinded,150
417,Obnoxious,23
417,Persuasive,80
418,Beautiful,12
418,Confusing,1
418,Courageous,27
418,Fascinating,64
418,Funny,51
418,Informative,61
418,Ingenious,48
418,Inspiring,53
418,Jaw-dropping,62
418,OK,3
418,Obnoxious,5
418,Persuasive,30
418,Unconvincing,32
419,Beautiful,49
419,Confusing,99
419,Courageous,114
419,Fascinating,109
419,Funny,107
419,Informative,163
419,Ingenious,91
419,Inspiring,236
419,Jaw-dropping,290
419,Longwinded,42
419,OK,29
419,Obnoxious,6
419,Persuasive,216
419,Unconvincing,22
420,Beautiful,16
420,Confusing,19
420,Courageous,29
420,Fascinating,19
420,Funny,7
420,Informative,23
420,Ingenious,31
420,Inspiring,15
420,Jaw-dropping,24
420,Longwinded,25
420,OK,10
420,Obnoxious,1
420,Persuasive,28
420,Unconvincing,19
421,Beautiful,70
421,Courageous,88
421,Fascinating,90
421,Funny,37
421,Informative,83
421,Ingenious,87
421,Inspiring,73
421,Jaw-dropping,17
421,Longwinded,1
421,OK,75
421,Obnoxious,37
421,Persuasive,87
421,Unconvincing,61
422,Beautiful,49
422,Confusing,58
422,Courageous,48
422,Fascinating,62
422,Funny,56
422,Informative,47
422,Ingenious,53
422,Inspiring,53
422,Jaw-dropping,67
422,OK,3
422,Persuasive,74
422,Unconvincing,41
423,Beautiful,1065
423,Confusing,123
423,Courageous,1158
423,Fascinating,1534
423,Funny,1444
423,Informative,1982
423,Ingenious,1512
423,Inspiring,478
423,Jaw-dropping,1610
423,Longwinded,119
423,OK,129
423,Obnoxious,733
423,Persuasive,1568
423,Unconvincing,499
424,Beautiful,17
424,Confusing,3
424,Courageous,16
424,Fascinating,24
424,Funny,22
424,Informative,14
424,Ingenious,9
424,Inspiring,10
424,Jaw-dropping,4
424,Longwinded,23
424,OK,13
424,Obnoxious,1
424,Persuasive,24
425,Beautiful,913
425,Confusing,597
425,Courageous,361
425,Fascinating,220
425,Funny,1007
425,Informative,943
425,Ingenious,972
425,Inspiring,540
425,Jaw-dropping,827
425,Longwinded,823
425,OK,349
425,Obnoxious,409
425,Persuasive,482
425,Unconvincing,114
426,Beautiful,97
426,Courageous,95
426,Fascinating,88
426,Funny,28
426,Informative,17
426,Ingenious,88
426,Inspiring,19
426,Jaw-dropping,90
426,Longwinded,98
426,OK,50
426,Obnoxious,87
426,Persuasive,80
426,Unconvincing,2
427,Beautiful,30
427,Confusing,34
427,Courageous,47
427,Fascinating,48
427,Funny,31
427,Informative,45
427,Ingenious,48
427,Inspiring,35
427,Jaw-dropping,18
427,Longwinded,6
427,Obnoxious,38
427,Persuasive,8
428,Beautiful,44
428,Confusing,28
428,Courageous,65
428,Fascinating,19
428,Funny,49
428,Informative,66
428,Ingenious,17
428,Inspiring,35
428,Jaw-dropping,62
428,Longwinded,14
428,OK,37
428,Persuasive,64
428,Unconvincing,6
429,Beautiful,112
429,Confusing,120
429,Courageous,140
429,Fascinating,133
429,Funny,147
429,Informative,81
429,Ingenious,145
429,Inspiring,66
429,Jaw-dropping,135
429,Longwinded,19
429,OK,10
429,Obnoxious,44
429,Persuasive,132
429,Unconvincing,53
430,Beautiful,10
430,Courageous,4
430,Fascinating,9
430,Funny,4
430,Informative,6
430,Ingenious,6
430,Inspiring,6
430,Jaw-dropping,10
430,Longwinded,8
430,OK,10
430,Persuasive,10
430,Unconvincing,6
431,Beautiful,208
431,Confusing,145
431,Courageous,226
431,Fascinating,189
431,Funny,209
431,Informative,192
431,Ingenious,121
431,Inspiring,93
431,Jaw-dropping,10
431,Longwinded,12
431,OK,175
431,Obnoxious,211
431,Persuasive,129
431,Unconvincing,1
432,Beautiful,106
432,Confusing,187
432,Courageous,80
432,Fascinating,187
432,Funny,16
432,Informative,143
432,Ingenious,143
432,Inspiring,214
432,Jaw-dropping,261
432,Longwinded,2
432,OK,15
432,Obnoxious,185
432,Persuasive,210
432,Unconvincing,153
433,Beautiful,85
433,Confusing,48
433,Courageous,46
433,Fascinating,110
433,Funny,128
433,Informative,86
433,Ingenious,116
433,Inspiring,42
433,Jaw-dropping,74
433,Longwinded,24
433,OK,54
433,Persuasive,16
434,Beautiful,4
434,Courageous,1
434,Fascinating,5
434,Funny,4
434,Informative,4
434,Ingenious,3
434,Inspiring,3
434,Jaw-dropping,4
434,Longwinded,2
434,OK,2
434,Obnoxious,2
434,Persuasive,4
435,Beautiful,84
435,Courageous,94
435,Fascinating,99
435,Funny,104
435,Informative,105
435,Ingenious,69
435,Inspiring,84
435,Jaw-dropping,28
435,OK,109
435,Obnoxious,4
435,Persuasive,48
435,Unconvincing,91
436,Beautiful,48
436,Confusing,45
436,Courageous,31
436,Fascinating,45
436,Funny,49
436,Informative,70
436,Ingenious,35
436,Inspiring,34
436,Jaw-dropping,32
436,Longwinded,16
436,OK,11
436,Obnoxious,23
436,Persuasive,69
436,Unconvincing,3
437,Beautiful,146
437,Confusing,189
437,Courageous,197
437,Fascinating,374
437,Funny,240
437,Informative,201
437,Ingenious,467
437,Inspiring,138
437,Jaw-dropping,242
437,Longwinded,5
437,OK,25
437,Obnoxious,49
437,Persuasive,408
437,Unconvincing,1
438,Beautiful,9
438,Confusing,22
438,Courageous,39
438,Fascinating,82
438,Funny,88
438,Informative,49
438,Ingenious,71
438,Inspiring,93
438,Jaw-dropping,33
438,Obnoxious,29
438,Persuasive,49
438,Unconvincing,38
439,Beautiful,1208
439,Confusing,1146
439,Courageous,1215
439,Fascinating,913
439,Funny,1459
439,Informative,1182
439,Ingenious,514
439,Inspiring,1465
439,Jaw-dropping,1041
439,Longwinded,61
439,OK,267
439,Obnoxious,51
439,Persuasive,1094
439,Unconvincing,60
440,Beautiful,68
440,Confusing,3
440,Courageous,311
440,Fascinating,356
440,Funny,291
440,Informative,172
440,Ingenious,39
440,Inspiring,287
440,Jaw-dropping,265
440,Longwinded,334
440,Obnoxious,165
440,Persuasive,363
440,Unconvincing,185
441,Beautiful,618
441,Courageous,871
441,Fascinating,553
441,Funny,1056
441,Informative,999
441,Ingenious,634
441,Inspiring,1083
441,Jaw-dropping,1051
441,Longwinded,380
441,OK,91
441,Obnoxious,860
441,Persuasive,330
441,Unconvincing,1115
442,Beautiful,25
442,Confusing,7
442,Courageous,17
442,Fascinating,20
442,Funny,15
442,Informative,24
442,Ingenious,22
442,Inspiring,22
442,Jaw-dropping,24
442,Longwinded,5
442,OK,11
442,Obnoxious,3
442,Persuasive,25
442,Unconvincing,21
443,Beautiful,95
443,Confusing,109
443,Courageous,103
443,Fascinating,32
443,Funny,83
443,Informative,126
443,Ingenious,79
443,Inspiring,85
443,Jaw-dropping,133
443,Longwinded,54
443,Obnoxious,10
443,Persuasive,142
443,Unconvincing,80
444,Beautiful,273
444,Confusing,126
444,Courageous,253
444,Fascinating,282
444,Funny,257
444,Informative,263
444,Ingenious,79
444,Inspiring,283
444,Jaw-dropping,179
444,Longwinded,180
444,OK,102
444,Obnoxious,33
444,Persuasive,275
444,Unconvincing,222
445,Beautiful,64
445,Confusing,57
445,Courageous,79
445,Fascinating,95
445,Funny,76
445,Informative,104
445,Ingenious,95
445,Inspiring,67
445,Jaw-dropping,32
445,Longwinded,61
445,OK,12
445,Obnoxious,44
445,Persuasive,100
445,Unconvincing,1
446,Beautiful,93
446,Confusing,61
446,Courageous,154
446,Fascinating,112
446,Funny,119
446,Informative,119
446,Ingenious,8
446,Inspiring,120
446,Jaw-dropping,72
446,Longwinded,18
446,OK,2
446,Obnoxious,42
446,Persuasive,137
446,Unconvincing,26
447,Beautiful,42
447,Confusing,54
447,Courageous,31
447,Fascinating,30
447,Funny,43
447,Informative,29
447,Ingenious,42
447,Inspiring,32
447,Jaw-dropping,6
447,Longwinded,4
447,OK,37
447,Obnoxious,21
447,Persuasive,39
447,Unconvincing,11
448,Beautiful,349
448,Confusing,216
448,Courageous,314
448,Fascinating,254
448,Funny,320
448,Informative,304
448,Ingenious,164
448,Inspiring,330
448,Jaw-dropping,246
448,Longwinded,234
448,OK,166
448,Obnoxious,218
448,Persuasive,290
448,Unconvincing,200
449,Beautiful,45
449,Confusing,1
449,Courageous,39
449,Fascinating,44
449,Funny,32
449,Informative,45
449,Ingenious,39
449,Inspiring,32
449,Jaw-dropping,30
449,OK,40
449,Obnoxious,26
449,Persuasive,32
449,Unconvincing,23
450,Beautiful,94
450,Confusing,29
450,Courageous,46
450,Fascinating,123
450,Funny,62
450,Informative,102
450,Ingenious,108
450,Inspiring,85
450,Jaw-dropping,106
450,Longwinded,56
450,OK,109
450,Obnoxious,27
450,Persuasive,111
450,Unconvincing,5
451,Beautiful,88
451,Courageous,107
451,Fascinating,107
451,Funny,92
451,Informative,153
451,Ingenious,200
451,Inspiring,131
451,Jaw-dropping,85
451,Longwinded,71
451,OK,54
451,Obnoxious,18
451,Persuasive,226
451,Unconvincing,59
452,Beautiful,75
452,Confusing,20
452,Courageous,21
452,Fascinating,91
452,Funny,65
452,Informative,59
452,Ingenious,105
452,Inspiring,63
452,Jaw-dropping,53
452,Longwinded,86
452,OK,13
452,Persuasive,47
452,Unconvincing,12
453,Beautiful,1348
453,Confusing,477
453,Courageous,826
453,Fascinating,960
453,Funny,1918
453,Informative,1144
453,Ingenious,1768
453,Inspiring,652
453,Jaw-dropping,1486
453,Longwinded,417
453,OK,133
453,Obnoxious,89
453,Persuasive,1721
453,Unconvincing,109
454,Beautiful,11
454,Confusing,9
454,Courageous,18
454,Fascinating,12
454,Funny,7
454,Informative,8
454,Ingenious,18
454,Inspiring,14
454,Jaw-dropping,14
454,Longwinded,10
454,OK,1
454,Persuasive,14
455,Beautiful,156
455,Confusing,52
455,Courageous,301
455,Fascinating,608
455,Funny,564
455,Informative,583
455,Ingenious,288
455,Inspiring,663
455,Jaw-dropping,437
455,Longwinded,496
455,OK,128
455,Obnoxious,68
455,Persuasive,224
455,Unconvincing,48
456,Beautiful,69
456,Confusing,33
456,Courageous,75
456,Fascinating,79
456,Funny,19
456,Informative,96
456,Ingenious,69
456,Inspiring,79
456,Jaw-dropping,85
456,Longwinded,27
456,OK,92
456,Obnoxious,67
456,Persuasive,54
456,Unconvincing,86
457,Beautiful,393
457,Confusing,191
457,Courageous,438
457,Fascinating,194
457,Funny,278
457,Informative,346
457,Ingenious,340
457,Inspiring,391
457,Jaw-dropping,338
457,Longwinded,45
457,OK,328
457,Obnoxious,44
457,Persuasive,206
457,Unconvincing,338
458,Beautiful,50
458,Confusing,8
458,Courageous,82
458,Fascinating,25
458,Funny,9
458,Informative,59
458,Ingenious,61
458,Inspiring,83
458,Jaw-dropping,83
458,Longwinded,54
458,OK,39
458,Obnoxious,25
458,Persuasive,54
458,Unconvincing,2
459,Beautiful,41
459,Confusing,5
459,Courageous,24
459,Fascinating,17
459,Funny,38
459,Informative,40
459,Ingenious,43
459,Inspiring,36
459,Jaw-dropping,44
459,OK,38
459,Persuasive,8
459,Unconvincing,44
460,Beautiful,36
460,Courageous,28
460,Fascinating,5
460,Funny,34
460,Informative,35
460,Ingenious,26
460,Inspiring,19
460,Jaw-dropping,36
460,OK,5
460,Persuasive,33
461,Beautiful,37
461,Confusing,53
461,Courageous,35
461,Fascinating,52
461,Funny,35
461,Informative,8
461,Ingenious,21
461,Inspiring,45
461,Jaw-dropping,28
461,Longwinded,1
461,OK,44
461,Obnoxious,1
461,Persuasive,36
461,Unconvincing,1
462,Beautiful,47
462,Confusing,1
462,Courageous,563
462,Fascinating,136
462,Funny,575
462,Informative,618
462,Ingenious,462
462,Inspiring,636
462,Jaw-dropping,603
462,Longwinded,13
462,OK,11
462,Obnoxious,412
462,Persuasive,270
462,Unconvincing,7
463,Beautiful,29
463,Confusing,4
463,Courageous,106
463,Fascinating,79
463,Funny,107
463,Informative,106
463,Ingenious,104
463,Inspiring,94
463,Jaw-dropping,104
463,Longwinded,89
463,OK,51
463,Obnoxious,100
463,Persuasive,30
464,Beautiful,136
464,Confusing,94
464,Courageous,165
464,Fascinating,163
464,Funny,30
464,Informative,182
464,Ingenious,79
464,Inspiring,137
464,Jaw-dropping,184
464,Longwinded,1
464,OK,53
464,Obnoxious,106
464,Persuasive,155
464,Unconvincing,67
465,Beautiful,329
465,Confusing,54
465,Courageous,212
465,Fascinating,360
465,Funny,221
465,Informative,84
465,Ingenious,294
465,Inspiring,229
465,Jaw-dropping,203
465,Longwinded,16
465,OK,115
465,Obnoxious,3
465,Persuasive,317
465,Unconvincing,37
466,Beautiful,3
466,Confusing,4
466,Courageous,8
466,Fascinating,7
466,Funny,8
466,Informative,6
466,Ingenious,9
466,Inspiring,8
466,Jaw-dropping,6
466,Longwinded,2
466,Obnoxious,2
466,Persuasive,8
466,Unconvincing,2
467,Beautiful,34
467,Confusing,23
467,Courageous,19
467,Fascinating,28
467,Funny,31
467,Informative,37
467,Ingenious,19
467,Inspiring,37
467,Jaw-dropping,20
467,Longwinded,25
467,OK,19
467,Obnoxious,35
467,Persuasive,18
467,Unconvincing,2
468,Beautiful,9
468,Confusing,6
468,Courageous,9
468,Fascinating,9
468,Funny,10
468,Informative,3
468,Ingenious,7
468,Inspiring,7
468,Jaw-dropping,5
468,Longwinded,5
468,OK,7
468,Persuasive,8
468,Unconvincing,2
469,Beautiful,37
469,Confusing,22
469,Courageous,23
469,Fascinating,19
469,Funny,16
469,Informative,20
469,Ingenious,34
469,Inspiring,23
469,Jaw-dropping,54
469,Longwinded,28
469,Obnoxious,9
469,Persuasive,49
470,Beautiful,100
470,Confusing,7
470,Courageous,67
470,Fascinating,8
470,Funny,102
470,Informative,84
470,Ingenious,39
470,Inspiring,127
470,Jaw-dropping,79
470,Longwinded,2
470,OK,22
470,Obnoxious,4
470,Persuasive,33
470,Unconvincing,137
471,Beautiful,60
471,Courageous,34
471,Fascinating,42
471,Funny,29
471,Informative,60
471,Ingenious,31
471,Inspiring,34
471,Jaw-dropping,59
471,Longwinded,13
471,Obnoxious,6
471,Persuasive,59
471,Unconvincing,4
472,Beautiful,188
472,Confusing,14
472,Courageous,161
472,Fascinating,59
472,Funny,288
472,Informative,311
472,Ingenious,219
472,Inspiring,133
472,Jaw-dropping,139
472,Longwinded,134
472,OK,83
472,Obnoxious,1
472,Persuasive,257
472,Unconvincing,3
473,Beautiful,211
473,Confusing,15
473,Courageous,19
473,Fascinating,208
473,Funny,156
473,Informative,141
473,Ingenious,214
473,Inspiring,143
473,Jaw-dropping,197
473,Longwinded,16
473,OK,81
473,Obnoxious,135
473,Persuasive,39
473,Unconvincing,23
474,Beautiful,30
474,Confusing,3
474,Courageous,26
474,Fascinating,48
474,Funny,17
474,Informative,26
474,Ingenious,40
474,Inspiring,49
474,Jaw-dropping,33
474,OK,7
474,Obnoxious,12
474,Persuasive,6
474,Unconvincing,4
475,Beautiful,30
475,Confusing,55
475,Courageous,80
475,Fascinating,55
475,Funny,86
475,Informative,72
475,Ingenious,42
475,Inspiring,31
475,Jaw-dropping,70
475,Longwinded,6
475,OK,17
475,Obnoxious,80
475,Persuasive,64
475,Unconvincing,55
476,Beautiful,63
476,Confusing,60
476,Courageous,63
476,Fascinating,39
476,Funny,7
476,Informative,52
476,Ingenious,44
476,Inspiring,10
476,Jaw-dropping,73
476,Longwinded,1
476,Obnoxious,50
476,Persuasive,20
476,Unconvincing,67
477,Beautiful,376
477,Confusing,466
477,Courageous,369
477,Fascinating,358
477,Funny,458
477,Informative,338
477,Ingenious,107
477,Inspiring,375
477,Jaw-dropping,161
477,Longwinded,90
477,OK,4
477,Obnoxious,110
477,Persuasive,179
477,Unconvincing,11
478,Beautiful,83
478,Confusing,50
478,Courageous,75
478,Fascinating,96
478,Funny,110
478,Informative,66
478,Ingenious,83
478,Inspiring,125
478,Jaw-dropping,48
478,Longwinded,86
478,OK,8
478,Obnoxious,59
478,Persuasive,143
478,Unconvincing,3
479,Beautiful,85
479,Confusing,123
479,Courageous,90
479,Fascinating,111
479,Funny,29
479,Informative,104
479,Ingenious,76
479,Inspiring,57
479,Jaw-dropping,116
479,Longwinded,3
479,OK,64
479,Obnoxious,57
479,Persuasive,136
479,Unconvincing,9
480,Beautiful,278
480,Confusing,196
480,Courageous,278
480,Fascinating,74
480,Funny,306
480,Informative,135
480,Ingenious,356
480,Inspiring,283
480,Jaw-dropping,356
480,Longwinded,127
480,OK,126
480,Obnoxious,50
480,Persuasive,217
480,Unconvincing,11
481,Beautiful,17
481,Confusing,14
481,Courageous,29
481,Fascinating,41
481,Funny,44
481,Informative,56
481,Ingenious,58
481,Inspiring,12
481,Jaw-dropping,35
481,OK,33
481,Obnoxious,25
481,Persuasive,50
481,Unconvincing,40
482,Beautiful,48
482,Confusing,34
482,Courageous,26
482,Fascinating,40
482,Funny,5
482,Informative,41
482,Ingenious,43
482,Inspiring,38
482,Jaw-dropping,28
482,Longwinded,43
482,OK,16
482,Persuasive,38
482,Unconvincing,40
483,Beautiful,32
483,Confusing,33
483,Courageous,25
483,Fascinating,43
483,Funny,30
483,Informative,38
483,Ingenious,23
483,Inspiring,39
483,Jaw-dropping,27
483,OK,26
483,Obnoxious,26
483,Persuasive,21
483,Unconvincing,27
484,Beautiful,599
484,Courageous,1334
484,Fascinating,1405
484,Funny,464
484,Informative,1308
484,Ingenious,831
484,Inspiring,1312
484,Jaw-dropping,547
484,Longwinded,296
484,OK,517
484,Obnoxious,43
484,Persuasive,757
484,Unconvincing,467
485,Beautiful,203
485,Confusing,186
485,Courageous,378
485,Fascinating,125
485,Funny,290
485,Informative,265
485,Ingenious,192
485,Inspiring,343
485,Jaw-dropping,35
485,Longwinded,65
485,OK,18
485,Obnoxious,28
485,Persuasive,238
485,Unconvincing,23
486,Beautiful,23
486,Confusing,4
486,Courageous,43
486,Fascinating,72
486,Funny,59
486,Informative,73
486,Ingenious,20
486,Inspiring,60
486,Jaw-dropping,4
486,OK,33
486,Obnoxious,33
486,Persuasive,34
486,Unconvincing,1
487,Beautiful,239
487,Confusing,23
487,Courageous,156
487,Fascinating,141
487,Funny,224
487,Informative,242
487,Ingenious,227
487,Inspiring,246
487,Jaw-dropping,232
487,OK,11
487,Obnoxious,27
487,Persuasive,190
487,Unconvincing,20
488,Beautiful,87
488,Confusing,89
488,Courageous,48
488,Fascinating,142
488,Funny,188
488,Informative,76
488,Ingenious,123
488,Inspiring,148
488,Jaw-dropping,127
488,Obnoxious,64
488,Persuasive,75
488,Unconvincing,10
489,Beautiful,108
489,Confusing,84
489,Courageous,131
489,Fascinating,26
489,Funny,130
489,Informative,136
489,Ingenious,101
489,Inspiring,143
489,Jaw-dropping,74
489,Longwinded,48
489,OK,116
489,Obnoxious,7
489,Persuasive,58
489,Unconvincing,142
490,Beautiful,633
490,Confusing,241
490,Courageous,711
490,Fascinating,495
490,Funny,542
490,Informative,678
490,Ingenious,396
490,Inspiring,547
490,Jaw-dropping,208
490,Longwinded,34
490,OK,65
490,Obnoxious,560
490,Persuasive,117
490,Unconvincing,703
491,Beautiful,229
491,Confusing,110
491,Courageous,484
491,Fascinating,333
491,Funny,312
491,Informative,403
491,Ingenious,458
491,Inspiring,395
491,Jaw-dropping,450
491,Longwinded,521
491,OK,192
491,Obnoxious,2
491,Persuasive,311
491,Unconvincing,113
492,Beautiful,323
492,Confusing,63
492,Courageous,305
492,Fascinating,219
492,Funny,135
492,Informative,136
492,Ingenious,40
492,Inspiring,246
492,Jaw-dropping,303
492,OK,287
492,Obnoxious,23
492,Persuasive,333
492,Unconvincing,28
493,Beautiful,26
493,Confusing,32
493,Courageous,27
493,Fascinating,18
493,Funny,30
493,Informative,21
493,Ingenious,31
493,Inspiring,22
493,Jaw-dropping,20
493,OK,14
493,Obnoxious,31
493,Persuasive,27
494,Beautiful,125
494,Courageous,56
494,Fascinating,123
494,Funny,55
494,Informative,62
494,Ingenious,100
494,Inspiring,94
494,Jaw-dropping,109
494,Longwinded,115
494,OK,18
494,Persuasive,132
494,Unconvincing,14
495,Beautiful,11
495,Confusing,31
495,Courageous,19
495,Fascinating,44
495,Funny,34
495,Informative,34
495,Ingenious,47
495,Inspiring,44
495,Jaw-dropping,29
495,Longwinded,20
495,Obnoxious,38
495,Persuasive,42
496,Beautiful,147
496,Confusing,12
496,Courageous,213
496,Fascinating,221
496,Funny,265
496,Informative,154
496,Ingenious,62
496,Inspiring,101
496,Jaw-dropping,210
496,Longwinded,182
496,OK,23
496,Obnoxious,276
496,Persuasive,32
496,Unconvincing,85
497,Beautiful,248
497,Confusing,229
497,Courageous,321
497,Fascinating,202
497,Funny,12
497,Informative,287
497,Ingenious,263
497,Inspiring,145
497,Jaw-dropping,234
497,Longwinded,30
497,OK,71
497,Obnoxious,2
497,Persuasive,268
497,Unconvincing,157
498,Beautiful,54
498,Confusing,38
498,Courageous,20
498,Fascinating,87
498,Funny,80
498,Informative,92
498,Ingenious,44
498,Inspiring,70
498,Jaw-dropping,88
498,Longwinded,29
498,OK,85
498,Obnoxious,1
498,Persuasive,57
498,Unconvincing,13
499,Beautiful,355
499,Confusing,163
499,Courageous,250
499,Fascinating,120
499,Funny,307
499,Informative,211
499,Ingenious,191
499,Inspiring,126
499,Jaw-dropping,175
499,Longwinded,157
499,OK,86
499,Obnoxious,204
499,Persuasive,270
499,Unconvincing,95
500,Beautiful,45
500,Confusing,2
500,Courageous,50
500,Fascinating,38
500,Funny,30
500,Informative,57
500,Ingenious,28
500,Inspiring,17
500,Jaw-dropping,59
500,OK,40
500,Persuasive,13
500,Unconvincing,8
501,Beautiful,189
501,Confusing,22
501,Courageous,212
501,Fascinating,158
501,Funny,86
501,Informative,162
501,Ingenious,101
501,Inspiring,172
501,Jaw-dropping,196
501,Longwinded,62
501,OK,22
501,Obnoxious,66
501,Persuasive,209
501,Unconvincing,36
502,Beautiful,400
502,Confusing,9
502,Courageous,170
502,Fascinating,278
502,Funny,32
502,Informative,409
502,Ingenious,189
502,Inspiring,188
502,Jaw-dropping,169
502,Longwinded,74
502,OK,3
502,Obnoxious,42
502,Persuasive,308
503,Beautiful,269
503,Confusing,5
503,Courageous,406
503,Fascinating,271
503,Funny,320
503,Informative,431
503,Ingenious,469
503,Inspiring,493
503,Jaw-dropping,516
503,Longwinded,149
503,OK,15
503,Obnoxious,33
503,Persuasive,543
503,Unconvincing,384
504,Beautiful,557
504,Confusing,298
504,Courageous,725
504,Fascinating,426
504,Funny,717
504,Informative,293
504,Ingenious,291
504,Inspiring,279
504,Jaw-dropping,524
504,Longwinded,5
504,Obnoxious,44
504,Persuasive,526
504,Unconvincing,4
505,Beautiful,101
505,Confusing,19
505,Courageous,109
505,Fascinating,64
505,Funny,83
505,Informative,95
505,Ingenious,74
505,Inspiring,87
505,Jaw-dropping,67
505,Longwinded,4
505,Obnoxious,3
505,Persuasive,107
505,Unconvincing,93
506,Beautiful,122
506,Courageous,89
506,Fascinating,104
506,Funny,94
506,Informative,107
506,Ingenious,50
506,Inspiring,112
506,Jaw-dropping,70
506,Longwinded,19
506,OK,110
506,Persuasive,67
506,Unconvincing,100
507,Beautiful,9
507,Confusing,3
507,Courageous,7
507,Fascinating,10
507,Funny,7
507,Informative,10
507,Ingenious,7
507,Inspiring,8
507,Jaw-dropping,9
507,Longwinded,2
507,Persuasive,7
507,Unconvincing,10
508,Beautiful,54
508,Confusing,64
508,Courageous,57
508,Fascinating,96
508,Funny,65
508,Informative,43
508,Ingenious,100
508,Inspiring,23
508,Jaw-dropping,98
508,OK,28
508,Persuasive,76
508,Unconvincing,36
509,Beautiful,14
509,Confusing,36
509,Courageous,41
509,Fascinating,39
509,Funny,43
509,Informative,35
509,Ingenious,45
509,Inspiring,45
509,Jaw-dropping,47
509,Longwinded,37
509,OK,21
509,Obnoxious,17
509,Persuasive,39
509,Unconvincing,39
510,Beautiful,22
510,Confusing,3
510,Courageous,17
510,Fascinating,25
510,Funny,12
510,Informative,19
510,Ingenious,23
510,Inspiring,24
510,Jaw-dropping,11
510,Longwinded,23
510,Obnoxious,16
510,Persuasive,18
510,Unconvincing,12
511,Beautiful,52
511,Confusing,10
511,Courageous,101
511,Fascinating,99
511,Funny,93
511,Informative,108
511,Ingenious,112
511,Inspiring,113
511,Jaw-dropping,16
511,Longwinded,52
511,Obnoxious,2
511,Persuasive,110
511,Unconvincing,57
512,Beautiful,53
512,Courageous,33
512,Fascinating,67
512,Funny,73
512,Informative,72
512,Ingenious,75
512,Inspiring,57
512,Jaw-dropping,41
512,Longwinded,3
512,OK,5
512,Persuasive,61
512,Unconvincing,4
513,Beautiful,66
513,Confusing,4
513,Courageous,15
513,Fascinating,47
513,Funny,64
513,Informative,28
513,Ingenious,34
513,Inspiring,19
513,Jaw-dropping,28
513,Longwinded,2
513,OK,1
513,Obnoxious,68
513,Persuasive,7
513,Unconvincing,14
514,Beautiful,213
514,Confusing,16
514,Courageous,223
514,Fascinating,334
514,Funny,354
514,Informative,226
514,Ingenious,222
514,Inspiring,333
514,Jaw-dropping,277
514,OK,159
514,Obnoxious,95
514,Persuasive,277
514,Unconvincing,197
515,Beautiful,221
515,Confusing,143
515,Courageous,171
515,Fascinating,94
515,Funny,191
515,Informative,184
515,Ingenious,84
515,Inspiring,179
515,Jaw-dropping,170
515,Longwinded,34
515,OK,111
515,Obnoxious,210
515,Persuasive,108
515,Unconvincing,122
516,Beautiful,20
516,Confusing,33
516,Courageous,33
516,Fascinating,35
516,Funny,28
516,Informative,26
516,Ingenious,32
516,Inspiring,29
516,Jaw-dropping,20
516,Longwinded,10
516,OK,6
516,Persuasive,33
516,Unconvincing,17
517,Beautiful,1
517,Confusing,24
517,Courageous,12
517,Fascinating,17
517,Funny,6
517,Informative,24
517,Ingenious,17
517,Inspiring,24
517,Jaw-dropping,18
517,Longwinded,2
517,OK,5
517,Obnoxious,26
517,Persuasive,30
518,Beautiful,198
518,Confusing,81
518,Courageous,75
518,Fascinating,619
518,Funny,400
518,Informative,666
518,Ingenious,667
518,Inspiring,470
518,Jaw-dropping,262
518,Longwinded,98
518,OK,1
518,Obnoxious,76
518,Persuasive,567
518,Unconvincing,2
519,Beautiful,3
519,Confusing,7
519,Courageous,11
519,Fascinating,10
519,Funny,11
519,Informative,11
519,Ingenious,9
519,Inspiring,3
519,Jaw-dropping,7
519,OK,7
519,Obnoxious,6
519,Persuasive,11
519,Unconvincing,1
520,Beautiful,152
520,Confusing,50
520,Courageous,125
520,Fascinating,82
520,Funny,151
520,Informative,71
520,Ingenious,175
520,Inspiring,141
520,Jaw-dropping,73
520,Longwinded,8
520,OK,189
520,Obnoxious,12
520,Persuasive,168
520,Unconvincing,121
521,Beautiful,26
521,Confusing,1
521,Courageous,52
521,Fascinating,54
521,Funny,56
521,Informative,56
521,Ingenious,2
521,Inspiring,47
521,Jaw-dropping,23
521,Longwinded,7
521,OK,20
521,Obnoxious,6
521,Persuasive,43
521,Unconvincing,20
522,Beautiful,672
522,Confusing,105
522,Courageous,616
522,Fascinating,782
522,Funny,782
522,Informative,352
522,Ingenious,623
522,Inspiring,365
522,Jaw-dropping,816
522,Longwinded,88
522,OK,35
522,Obnoxious,6
522,Persuasive,116
522,Unconvincing,10
523,Beautiful,83
523,Confusing,87
523,Courageous,49
523,Fascinating,71
523,Funny,92
523,Informative,44
523,Ingenious,81
523,Inspiring,63
523,Jaw-dropping,80
523,Longwinded,25
523,OK,2
523,Obnoxious,76
523,Persuasive,77
524,Beautiful,28
524,Confusing,182
524,Courageous,117
524,Fascinating,251
524,Funny,232
524,Informative,94
524,Ingenious,237
524,Inspiring,250
524,Jaw-dropping,172
524,Longwinded,23
524,OK,13
524,Obnoxious,3
524,Persuasive,154
524,Unconvincing,144
525,Beautiful,2171
525,Confusing,2142
525,Courageous,2213
525,Fascinating,1711
525,Funny,3668
525,Informative,3049
525,Ingenious,4734
525,Inspiring,2364
525,Jaw-dropping,4808
525,Longwinded,2947
525,OK,189
525,Obnoxious,1
525,Persuasive,3417
525,Unconvincing,72
526,Beautiful,21
526,Confusing,8
526,Courageous,20
526,Fascinating,17
526,Funny,21
526,Informative,19
526,Ingenious,1
526,Inspiring,17
526,Jaw-dropping,9
526,Longwinded,4
526,OK,2
526,Obnoxious,12
526,Persuasive,14
526,Unconvincing,19
527,Beautiful,188
527,Confusing,250
527,Courageous,160
527,Fascinating,336
527,Funny,253
527,Informative,174
527,Ingenious,198
527,Inspiring,15
527,Jaw-dropping,45
527,Longwinded,290
527,Persuasive,156
527,Unconvincing,118
528,Beautiful,115
528,Confusing,103
528,Courageous,74
528,Fascinating,89
528,Funny,51
528,Informative,93
528,Ingenious,77
528,Inspiring,86
528,Jaw-dropping,82
528,Longwinded,18
528,OK,43
528,Obnoxious,5
528,Persuasive,65
528,Unconvincing,19
529,Beautiful,15
529,Confusing,21
529,Courageous,13
529,Fascinating,19
529,Funny,17
529,Informative,23
529,Ingenious,26
529,Inspiring,27
529,Jaw-dropping,17
529,OK,18
529,Obnoxious,13
529,Persuasive,18
529,Unconvincing,19
530,Beautiful,305
530,Confusing,331
530,Courageous,570
530,Fascinating,746
530,Funny,836
530,Informative,833
530,Ingenious,335
530,Inspiring,519
530,Jaw-dropping,680
530,Longwinded,93
530,OK,18
530,Obnoxious,112
530,Persuasive,787
530,Unconvincing,725
531,Beautiful,195
531,Confusing,10
531,Courageous,212
531,Fascinating,142
531,Funny,177
531,Informative,95
531,Ingenious,122
531,Inspiring,180
531,Jaw-dropping,195
531,Longwinded,92
531,OK,4
531,Obnoxious,17
531,Persuasive,106
531,Unconvincing,27
532,Beautiful,88
532,Confusing,20
532,Courageous,116
532,Fascinating,111
532,Funny,34
532,Informative,137
532,Ingenious,74
532,Inspiring,39
532,Jaw-dropping,115
532,Longwinded,93
532,OK,88
532,Obnoxious,129
532,Persuasive,125
532,Unconvincing,14
533,Beautiful,15
533,Confusing,1
533,Courageous,31
533,Fascinating,28
533,Funny,28
533,Informative,41
533,Ingenious,29
533,Inspiring,3
533,Jaw-dropping,42
533,Longwinded,28
533,Obnoxious,15
533,Persuasive,42
533,Unconvincing,29
534,Beautiful,5
534,Confusing,33
534,Courageous,12
534,Fascinating,9
534,Funny,6
534,Informative,33
534,Ingenious,7
534,Inspiring,13
534,Jaw-dropping,23
534,Longwinded,8
534,OK,9
534,Obnoxious,32
534,Persuasive,27
534,Unconvincing,9
535,Beautiful,149
535,Confusing,2
535,Courageous,332
535,Fascinating,218
535,Funny,151
535,Informative,342
535,Ingenious,228
535,Inspiring,280
535,Jaw-dropping,308
535,Longwinded,123
535,OK,232
535,Obnoxious,144
535,Persuasive,294
535,Unconvincing,40
536,Beautiful,203
536,Confusing,156
536,Courageous,92
536,Fascinating,183
536,Funny,193
536,Informative,164
536,Ingenious,113
536,Inspiring,129
536,Jaw-dropping,141
536,Longwinded,56
536,Obnoxious,8
536,Persuasive,126
536,Unconvincing,175
537,Beautiful,46
537,Confusing,5
537,Courageous,9
537,Fascinating,32
537,Funny,21
537,Informative,44
537,Ingenious,15
537,Inspiring,47
537,Jaw-dropping,25
537,OK,21
537,Obnoxious,38
537,Persuasive,38
537,Unconvincing,43
538,Beautiful,39
538,Confusing,15
538,Courageous,67
538,Fascinating,56
538,Funny,68
538,Informative,47
538,Ingenious,41
538,Inspiring,52
538,Jaw-dropping,31
538,Longwinded,12
538,OK,25
538,Obnoxious,36
538,Persuasive,75
538,Unconvincing,1
539,Beautiful,80
539,Confusing,3
539,Courageous,111
539,Fascinating,112
539,Funny,115
539,Informative,102
539,Ingenious,107
539,Inspiring,119
539,Jaw-dropping,80
539,Longwinded,16
539,OK,99
539,Obnoxious,8
539,Persuasive,115
539,Unconvincing,48
540,Beautiful,22
540,Confusing,14
540,Courageous,30
540,Fascinating,23
540,Funny,44
540,Informative,43
540,Ingenious,30
540,Inspiring,15
540,Jaw-dropping,43
540,Longwinded,18
540,OK,10
540,Obnoxious,3
540,Persuasive,10
541,Beautiful,24
541,Confusing,12
541,Courageous,24
541,Fascinating,5
541,Funny,22
541,Informative,15
541,Ingenious,28
541,Inspiring,27
541,Jaw-dropping,13
541,OK,11
541,Obnoxious,17
541,Persuasive,27
541,Unconvincing,34
542,Beautiful,24
542,Confusing,2
542,Courageous,31
542,Fascinating,22
542,Funny,18
542,Informative,34
542,Ingenious,22
542,Inspiring,5
542,Jaw-dropping,32
542,Longwinded,1
542,OK,10
542,Obnoxious,13
542,Persuasive,34
542,Unconvincing,30
543,Beautiful,121
543,Courageous,154
543,Fascinating,317
543,Funny,204
543,Informative,169
543,Ingenious,282
543,Inspiring,188
543,Jaw-dropping,339
543,Longwinded,168
543,OK,67
543,Persuasive,226
543,Unconvincing,144
544,Beautiful,42
544,Confusing,14
544,Courageous,23
544,Fascinating,9
544,Funny,17
544,Informative,40
544,Ingenious,22
544,Inspiring,16
544,Jaw-dropping,35
544,Longwinded,1
544,OK,22
544,Obnoxious,17
544,Persuasive,14
544,Unconvincing,28
545,Beautiful,100
545,Confusing,47
545,Courageous,76
545,Fascinating,108
545,Funny,9
545,Informative,74
545,Ingenious,100
545,Inspiring,116
545,Jaw-dropping,124
545,Longwinded,57
545,OK,4
545,Obnoxious,51
545,Persuasive,88
545,Unconvincing,101
546,Beautiful,44
546,Confusing,40
546,Courageous,145
546,Fascinating,58
546,Funny,100
546,Informative,124
546,Ingenious,45
546,Inspiring,149
546,Jaw-dropping,52
546,Longwinded,144
546,OK,56
546,Obnoxious,16
546,Persuasive,98
546,Unconvincing,11
547,Beautiful,54
547,Confusing,50
547,Courageous,91
547,Fascinating,77
547,Funny,63
547,Informative,72
547,Ingenious,95
547,Inspiring,70
547,Jaw-dropping,73
547,Longwinded,9
547,OK,1
547,Obnoxious,34
547,Persuasive,54
547,Unconvincing,102
548,Beautiful,172
548,Confusing,26
548,Courageous,99
548,Fascinating,193
548,Funny,64
548,Informative,83
548,Ingenious,44
548,Inspiring,219
548,Jaw-dropping,205
548,Longwinded,22
548,OK,38
548,Obnoxious,159
548,Persuasive,135
548,Unconvincing,93
549,Beautiful,146
549,Confusing,13
549,Courageous,155
549,Fascinating,141
549,Funny,134
549,Informative,142
549,Ingenious,83
549,Inspiring,85
549,Jaw-dropping,140
549,Longwinded,74
549,OK,20
549,Obnoxious,89
549,Persuasive,108
550,Beautiful,36
550,Confusing,10
550,Courageous,42
550,Fascinating,40
550,Funny,5
550,Informative,32
550,Ingenious,19
550,Inspiring,34
550,Jaw-dropping,39
550,Longwinded,14
550,OK,16
550,Obnoxious,26
550,Persuasive,34
551,Beautiful,80
551,Confusing,1
551,Courageous,22
551,Fascinating,71
551,Funny,39
551,Informative,50
551,Ingenious,15
551,Inspiring,62
551,Jaw-dropping,76
551,Longwinded,23
551,Obnoxious,38
551,Persuasive,41
551,Unconvincing,25
552,Beautiful,206
552,Confusing,10
552,Courageous,282
552,Fascinating,315
552,Funny,305
552,Informative,320
552,Ingenious,393
552,Inspiring,271
552,Jaw-dropping,255
552,Longwinded,334
552,OK,55
552,Obnoxious,136
552,Persuasive,193
553,Beautiful,123
553,Confusing,19
553,Courageous,236
553,Fascinating,255
553,Funny,177
553,Informative,184
553,Ingenious,277
553,Inspiring,291
553,Jaw-dropping,255
553,Longwinded,8
553,OK,275
553,Obnoxious,219
553,Persuasive,310
553,Unconvincing,12
554,Beautiful,108
554,Confusing,20
554,Courageous,42
554,Fascinating,93
554,Funny,100
554,Informative,83
554,Ingenious,119
554,Inspiring,115
554,Jaw-dropping,102
554,Longwinded,74
554,OK,68
554,Obnoxious,7
554,Persuasive,35
555,Beautiful,496
555,Confusing,476
555,Courageous,490
555,Fascinating,545
555,Funny,384
555,Informative,669
555,Ingenious,380
555,Inspiring,590
555,Jaw-dropping,440
555,Longwinded,659
555,OK,26
555,Obnoxious,255
555,Persuasive,583
555,Unconvincing,684
556,Beautiful,60
556,Confusing,40
556,Courageous,134
556,Fascinating,167
556,Funny,142
556,Informative,150
556,Ingenious,156
556,Inspiring,71
556,Jaw-dropping,85
556,Longwinded,94
556,OK,38
556,Obnoxious,55
556,Persuasive,170
556,Unconvincing,90
557,Beautiful,212
557,Confusing,95
557,Courageous,152
557,Fascinating,139
557,Funny,170
557,Informative,177
557,Ingenious,91
557,Inspiring,212
557,Jaw-dropping,155
557,Longwinded,95
557,OK,185
557,Obnoxious,23
557,Persuasive,136
557,Unconvincing,48
558,Beautiful,38
558,Courageous,53
558,Fascinating,33
558,Funny,28
558,Informative,20
558,Ingenious,38
558,Inspiring,28
558,Jaw-dropping,40
558,OK,2
558,Obnoxious,13
558,Persuasive,47
558,Unconvincing,5
559,Beautiful,27
559,Confusing,58
559,Courageous,81
559,Fascinating,70
559,Funny,18
559,Informative,68
559,Ingenious,87
559,Inspiring,38
559,Jaw-dropping,76
559,Longwinded,18
559,OK,48
559,Obnoxious,5
559,Persuasive,58
559,Unconvincing,16
560,Beautiful,23
560,Confusing,27
560,Courageous,34
560,Fascinating,19
560,Funny,35
560,Informative,24
560,Ingenious,17
560,Inspiring,23
560,Jaw-dropping,29
560,OK,19
560,Obnoxious,9
560,Persuasive,13
560,Unconvincing,28
561,Beautiful,23
561,Confusing,6
561,Courageous,19
561,Fascinating,17
561,Funny,28
561,Informative,36
561,Ingenious,22
561,Inspiring,35
561,Jaw-dropping,28
561,Longwinded,19
561,OK,26
561,Obnoxious,7
561,Persuasive,36
561,Unconvincing,21
562,Beautiful,73
562,Confusing,3
562,Courageous,40
562,Fascinating,97
562,Funny,97
562,Informative,60
562,Ingenious,98
562,Inspiring,97
562,Jaw-dropping,68
562,Longwinded,42
562,OK,49
562,Obnoxious,40
562,Persuasive,65
562,Unconvincing,58
563,Beautiful,15
563,Confusing,10
563,Courageous,8
563,Fascinating,9
563,Funny,6
563,Informative,17
563,Ingenious,18
563,Inspiring,11
563,Jaw-dropping,17
563,Longwinded,11
563,OK,11
563,Obnoxious,4
563,Persuasive,8
563,Unconvincing,1
564,Beautiful,55
564,Confusing,98
564,Courageous,112
564,Fascinating,62
564,Funny,120
564,Informative,23
564,Ingenious,89
564,Inspiring,90
564,Jaw-dropping,93
564,Longwinded,75
564,Obnoxious,52
564,Persuasive,107
564,Unconvincing,1
565,Beautiful,85
565,Courageous,124
565,Fascinating,164
565,Funny,148
565,Informative,96
565,Ingenious,32
565,Inspiring,152
565,Jaw-dropping,149
565,Longwinded,26
565,OK,45
565,Obnoxious,94
565,Persuasive,86
565,Unconvincing,51
566,Beautiful,72
566,Confusing,47
566,Courageous,76
566,Fascinating,68
566,Funny,79
566,Informative,74
566,Ingenious,66
566,Inspiring,85
566,Jaw-dropping,72
566,Longwinded,39
566,Obnoxious,13
566,Persuasive,35
566,Unconvincing,24
567,Beautiful,18
567,Confusing,1
567,Courageous,40
567,Fascinating,36
567,Funny,39
567,Informative,36
567,Ingenious,17
567,Inspiring,13
567,Jaw-dropping,20
567,Longwinded,3
567,OK,14
567,Obnoxious,30
567,Persuasive,22
568,Beautiful,88
568,Confusing,80
568,Courageous,262
568,Fascinating,271
568,Funny,67
568,Informative,297
568,Ingenious,229
568,Inspiring,122
568,Jaw-dropping,187
568,Longwinded,80
568,OK,67
568,Persuasive,244
569,Beautiful,355
569,Confusing,146
569,Courageous,400
569,Fascinating,379
569,Funny,221
569,Informative,108
569,Ingenious,373
569,Inspiring,406
569,Jaw-dropping,173
569,Longwinded,38
569,OK,208
569,Obnoxious,181
569,Persuasive,399
569,Unconvincing,39
570,Beautiful,94
570,Confusing,59
570,Courageous,41
570,Fascinating,136
570,Funny,112
570,Informative,95
570,Ingenious,162
570,Inspiring,68
570,Jaw-dropping,58
570,Longwinded,3
570,OK,29
570,Obnoxious,6
570,Persuasive,134
570,Unconvincing,4
571,Beautiful,213
571,Confusing,171
571,Courageous,85
571,Fascinating,164
571,Funny,167
571,Informative,133
571,Ingenious,230
571,Inspiring,197
571,Jaw-dropping,112
571,Longwinded,12
571,OK,142
571,Obnoxious,233
571,Persuasive,187
571,Unconvincing,118
572,Beautiful,30
572,Confusing,55
572,Courageous,146
572,Fascinating,61
572,Funny,97
572,Informative,122
572,Ingenious,24
572,Inspiring,134
572,Jaw-dropping,59
572,Longwinded,11
572,OK,1
572,Persuasive,129
572,Unconvincing,135
573,Beautiful,156
573,Confusing,55
573,Courageous,41
573,Fascinating,50
573,Funny,148
573,Informative,151
573,Ingenious,116
573,Inspiring,91
573,Jaw-dropping,160
573,Longwinded,72
573,OK,96
573,Obnoxious,12
573,Persuasive,158
573,Unconvincing,23
574,Beautiful,232
574,Confusing,243
574,Courageous,145
574,Fascinating,183
574,Funny,194
574,Informative,168
574,Ingenious,79
574,Inspiring,244
574,Jaw-dropping,163
574,Longwinded,25
574,OK,200
574,Persuasive,198
574,Unconvincing,154
575,Beautiful,17
575,Confusing,2
575,Courageous,10
575,Fascinating,8
575,Funny,15
575,Informative,6
575,Ingenious,11
575,Inspiring,11
575,Jaw-dropping,8
575,OK,5
575,Obnoxious,3
575,Persuasive,16
576,Beautiful,93
576,Confusing,36
576,Courageous,121
576,Fascinating,115
576,Funny,126
576,Informative,86
576,Ingenious,105
576,Inspiring,76
576,Jaw-dropping,119
576,Longwinded,1
576,OK,6
576,Obnoxious,89
576,Persuasive,72
576,Unconvincing,5
577,Beautiful,61
577,Confusing,86
577,Courageous,99
577,Fascinating,94
577,Funny,48
577,Informative,64
577,Ingenious,44
577,Inspiring,83
577,Jaw-dropping,107
577,Longwinded,83
577,OK,9
577,Obnoxious,70
577,Persuasive,104
577,Unconvincing,34
578,Beautiful,361
578,Confusing,24
578,Courageous,415
578,Fascinating,351
578,Funny,340
578,Informative,412
578,Ingenious,172
578,Inspiring,182
578,Jaw-dropping,453
578,Longwinded,56
578,OK,3
578,Obnoxious,312
578,Persuasive,464
578,Unconvincing,261
579,Beautiful,13
579,Confusing,4
579,Courageous,7
579,Fascinating,6
579,Funny,12
579,Informative,9
579,Ingenious,12
579,Inspiring,5
579,Jaw-dropping,11
579,Persuasive,11
579,Unconvincing,7
580,Beautiful,11
580,Confusing,5
580,Courageous,53
580,Fascinating,54
580,Funny,53
580,Informative,40
580,Ingenious,31
580,Inspiring,44
580,Jaw-dropping,25
580,OK,30
580,Persuasive,46
580,Unconvincing,12
581,Beautiful,15
581,Confusing,3
581,Courageous,15
581,Fascinating,15
581,Funny,4
581,Informative,14
581,Ingenious,15
581,Inspiring,7
581,Jaw-dropping,11
581,Longwinded,10
581,OK,2
581,Obnoxious,5
581,Persuasive,6
581,Unconvincing,6
582,Beautiful,54
582,Confusing,66
582,Courageous,48
582,Fascinating,61
582,Funny,22
582,Informative,35
582,Ingenious,53
582,Inspiring,52
582,Jaw-dropping,68
582,Longwinded,2
582,OK,43
582,Obnoxious,13
582,Persuasive,64
582,Unconvincing,79
583,Beautiful,5
583,Confusing,12
583,Courageous,21
583,Fascinating,21
583,Funny,24
583,Informative,22
583,Ingenious,11
583,Inspiring,19
583,Jaw-dropping,20
583,OK,11
583,Obnoxious,18
583,Persuasive,24
584,Beautiful,202
584,Confusing,25
584,Courageous,149
584,Fascinating,175
584,Funny,199
584,Informative,100
584,Ingenious,114
584,Inspiring,68
584,Jaw-dropping,172
584,Longwinded,54
584,OK,187
584,Obnoxious,132
584,Persuasive,186
584,Unconvincing,1
585,Beautiful,36
585,Confusing,11
585,Courageous,12
585,Fascinating,31
585,Funny,37
585,Informative,37
585,Ingenious,3
585,Inspiring,37
585,Jaw-dropping,27
585,Longwinded,1
585,OK,2
585,Obnoxious,32
585,Persuasive,29
585,Unconvincing,5
586,Beautiful,3
586,Courageous,2
586,Funny,1
586,Informative,3
586,Ingenious,3
586,Inspiring,3
586,Jaw-dropping,1
586,Longwinded,2
587,Beautiful,100
587,Confusing,1
587,Courageous,119
587,Fascinating,115
587,Funny,66
587,Informative,65
587,Ingenious,109
587,Inspiring,105
587,Jaw-dropping,81
587,Longwinded,103
587,OK,118
587,Obnoxious,42
587,Persuasive,21
587,Unconvincing,127
588,Beautiful,18
588,Confusing,19
588,Courageous,22
588,Fascinating,24
588,Funny,11
588,Informative,16
588,Ingenious,23
588,Inspiring,19
588,Jaw-dropping,18
588,Longwinded,15
588,OK,16
588,Obnoxious,19
588,Persuasive,14
588,Unconvincing,17
589,Beautiful,317
589,Confusing,189
589,Courageous,202
589,Fascinating,134
589,Funny,102
589,Informative,317
589,Ingenious,217
589,Inspiring,357
589,Jaw-dropping,377
589,Longwinded,268
589,OK,80
589,Obnoxious,446
589,Persuasive,338
589,Unconvincing,52
590,Beautiful,41
590,Confusing,33
590,Courageous,65
590,Fascinating,64
590,Funny,26
590,Informative,50
590,Ingenious,59
590,Inspiring,7
590,Jaw-dropping,56
590,Longwinded,5
590,OK,43
590,Obnoxious,1
590,Persuasive,56
590,Unconvincing,41
591,Beautiful,1769
591,Courageous,1447
591,Fascinating,1726
591,Funny,1070
591,Informative,1015
591,Ingenious,1336
591,Inspiring,1104
591,Jaw-dropping,1448
591,Longwinded,223
591,OK,179
591,Persuasive,473
591,Unconvincing,12
592,Beautiful,294
592,Confusing,161
592,Courageous,460
592,Fascinating,345
592,Funny,459
592,Informative,412
592,Ingenious,195
592,Inspiring,454
592,Jaw-dropping,425
592,Longwinded,33
592,OK,181
592,Obnoxious,285
592,Persuasive,359
592,Unconvincing,418
593,Beautiful,221
593,Confusing,195
593,Courageous,215
593,Fascinating,173
593,Funny,236
593,Informative,219
593,Ingenious,208
593,Inspiring,194
593,Jaw-dropping,221
593,Longwinded,35
593,OK,89
593,Obnoxious,141
593,Persuasive,230
594,Beautiful,51
594,Confusing,149
594,Courageous,172
594,Fascinating,251
594,Funny,125
594,Informative,251
594,Ingenious,72
594,Inspiring,156
594,Jaw-dropping,152
594,Obnoxious,20
594,Persuasive,248
594,Unconvincing,101
595,Beautiful,15
595,Confusing,4
595,Courageous,12
595,Fascinating,11
595,Funny,13
595,Informative,10
595,Ingenious,11
595,Inspiring,15
595,Jaw-dropping,10
595,Longwinded,5
595,Persuasive,6
596,Beautiful,35
596,Confusing,18
596,Courageous,21
596,Fascinating,23
596,Funny,34
596,Informative,49
596,Ingenious,47
596,Inspiring,34
596,Jaw-dropping,48
596,Longwinded,5
596,OK,1
596,Obnoxious,51
596,Persuasive,39
596,Unconvincing,3
597,Beautiful,30
597,Confusing,16
597,Courageous,10
597,Fascinating,30
597,Funny,28
597,Informative,17
597,Ingenious,22
597,Inspiring,36
597,Jaw-dropping,23
597,Longwinded,27
597,OK,1
597,Obnoxious,1
597,Persuasive,35
598,Beautiful,315
598,Confusing,135
598,Courageous,221
598,Fascinating,370
598,Funny,290
598,Informative,193
598,Ingenious,181
598,Inspiring,402
598,Jaw-dropping,356
598,Longwinded,97
598,OK,327
598,Obnoxious,93
598,Persuasive,121
598,Unconvincing,4
599,Beautiful,141
599,Confusing,210
599,Courageous,319
599,Fascinating,286
599,Funny,190
599,Informative,309
599,Ingenious,276
599,Inspiring,206
599,Jaw-dropping,255
599,Longwinded,67
599,OK,192
599,Obnoxious,20
599,Persuasive,238
599,Unconvincing,150
600,Beautiful,13
600,Confusing,7
600,Courageous,39
600,Fascinating,30
600,Funny,16
600,Informative,22
600,Ingenious,21
600,Inspiring,13
600,Jaw-dropping,41
600,OK,15
600,Obnoxious,30
600,Persuasive,41
600,Unconvincing,46
601,Beautiful,85
601,Courageous,134
601,Fascinating,163
601,Funny,160
601,Informative,158
601,Ingenious,136
601,Inspiring,118
601,Jaw-dropping,53
601,Longwinded,141
601,OK,55
601,Obnoxious,162
601,Persuasive,126
601,Unconvincing,19
602,Beautiful,52
602,Confusing,172
602,Courageous,320
602,Fascinating,348
602,Funny,299
602,Informative,171
602,Ingenious,341
602,Inspiring,350
602,Jaw-dropping,97
602,Longwinded,87
602,OK,121
602,Obnoxious,265
602,Persuasive,351
602,Unconvincing,43
603,Beautiful,80
603,Confusing,90
603,Courageous,96
603,Fascinating,98
603,Funny,83
603,Informative,13
603,Ingenious,28
603,Inspiring,101
603,Jaw-dropping,34
603,Longwinded,39
603,OK,11
603,Obnoxious,26
603,Persuasive,71
603,Unconvincing,2
604,Beautiful,125
604,Courageous,46
604,Fascinating,34
604,Funny,28
604,Informative,39
604,Ingenious,119
604,Inspiring,137
604,Jaw-dropping,110
604,Longwinded,143
604,OK,14
604,Obnoxious,84
604,Persuasive,125
604,Unconvincing,127
605,Beautiful,4
605,Courageous,33
605,Fascinating,23
605,Funny,23
605,Informative,6
605,Ingenious,29
605,Inspiring,32
605,Jaw-dropping,24
605,OK,5
605,Obnoxious,7
605,Persuasive,22
605,Unconvincing,25
606,Beautiful,35
606,Confusing,2
606,Courageous,58
606,Fascinating,44
606,Funny,69
606,Informative,60
606,Ingenious,24
606,Inspiring,46
606,Jaw-dropping,83
606,Longwinded,2
606,OK,14
606,Obnoxious,85
606,Persuasive,31
606,Unconvincing,22
607,Beautiful,13
607,Confusing,31
607,Courageous,25
607,Fascinating,34
607,Funny,18
607,Informative,27
607,Ingenious,8
607,Inspiring,21
607,Jaw-dropping,13
607,Longwinded,7
607,OK,3
607,Obnoxious,4
607,Persuasive,21
607,Unconvincing,10
608,Beautiful,17
608,Confusing,5
608,Courageous,21
608,Fascinating,17
608,Funny,17
608,Informative,11
608,Ingenious,24
608,Inspiring,25
608,Jaw-dropping,11
608,Longwinded,9
608,Persuasive,23
608,Unconvincing,18
609,Beautiful,53
609,Confusing,34
609,Courageous,22
609,Fascinating,36
609,Funny,38
609,Informative,30
609,Ingenious,42
609,Inspiring,61
609,Jaw-dropping,23
609,Longwinded,1
609,OK,10
609,Obnoxious,40
609,Persuasive,24
609,Unconvincing,17
610,Beautiful,41
610,Courageous,44
610,Fascinating,26
610,Funny,48
610,Informative,42
610,Ingenious,43
610,Inspiring,46
610,Jaw-dropping,40
610,Longwinded,4
610,OK,40
610,Obnoxious,33
610,Persuasive,39
610,Unconvincing,3
611,Beautiful,604
611,Confusing,500
611,Courageous,591
611,Fascinating,551
611,Funny,275
611,Informative,327
611,Ingenious,311
611,Inspiring,170
611,Jaw-dropping,304
611,Longwinded,20
611,OK,129
611,Obnoxious,624
611,Persuasive,615
612,Beautiful,35
612,Confusing,4
612,Courageous,112
612,Fascinating,131
612,Funny,58
612,Informative,41
612,Ingenious,118
612,Inspiring,166
612,Jaw-dropping,112
612,Longwinded,23
612,Persuasive,158
612,Unconvincing,1
613,Beautiful,317
613,Confusing,8
613,Courageous,300
613,Fascinating,158
613,Funny,211
613,Informative,173
613,Ingenious,359
613,Inspiring,292
613,Jaw-dropping,358
613,Longwinded,55
613,OK,121
613,Obnoxious,2
613,Persuasive,292
613,Unconvincing,9
614,Beautiful,60
614,Confusing,8
614,Courageous,59
614,Fascinating,49
614,Funny,40
614,Informative,32
614,Ingenious,67
614,Inspiring,44
614,Jaw-dropping,24
614,Longwinded,61
614,OK,42
614,Obnoxious,50
614,Persuasive,20
614,Unconvincing,20
615,Beautiful,35
615,Courageous,44
615,Fascinating,39
615,Funny,44
615,Informative,20
615,Ingenious,48
615,Inspiring,31
615,Jaw-dropping,34
615,OK,3
615,Obnoxious,24
615,Persuasive,50
615,Unconvincing,24
616,Beautiful,466
616,Confusing,555
616,Courageous,444
616,Fascinating,356
616,Funny,196
616,Informative,302
616,Ingenious,561
616,Inspiring,187
616,Jaw-dropping,420
616,Longwinded,162
616,OK,294
616,Obnoxious,516
616,Persuasive,446
616,Unconvincing,4
617,Beautiful,31
617,Confusing,3
617,Courageous,32
617,Fascinating,35
617,Funny,26
617,Informative,58
617,Ingenious,57
617,Inspiring,44
617,Jaw-dropping,59
617,Longwinded,2
617,OK,57
617,Persuasive,31
617,Unconvincing,53
618,Beautiful,300
618,Confusing,257
618,Courageous,257
618,Fascinating,405
618,Funny,432
618,Informative,332
618,Ingenious,428
618,Inspiring,218
618,Jaw-dropping,396
618,Longwinded,76
618,OK,43
618,Obnoxious,420
618,Persuasive,263
618,Unconvincing,139
619,Beautiful,14
619,Confusing,13
619,Courageous,19
619,Fascinating,48
619,Funny,17
619,Informative,40
619,Ingenious,32
619,Inspiring,48
619,Jaw-dropping,44
619,Longwinded,9
619,OK,6
619,Obnoxious,18
619,Persuasive,30
620,Beautiful,294
620,Confusing,1
620,Courageous,226
620,Fascinating,120
620,Funny,252
620,Informative,299
620,Ingenious,283
620,Inspiring,35
620,Jaw-dropping,298
620,Longwinded,147
620,OK,111
620,Obnoxious,53
620,Persuasive,267
620,Unconvincing,229
621,Beautiful,358
621,Courageous,259
621,Fascinating,209
621,Funny,39
621,Informative,54
621,Ingenious,273
621,Inspiring,104
621,Jaw-dropping,98
621,Longwinded,166
621,OK,21
621,Obnoxious,207
621,Persuasive,120
622,Beautiful,192
622,Courageous,161
622,Fascinating,198
622,Funny,82
622,Informative,183
622,Ingenious,133
622,Inspiring,177
622,Jaw-dropping,70
622,Longwinded,8
622,Obnoxious,28
622,Persuasive,92
622,Unconvincing,1
623,Beautiful,31
623,Courageous,21
623,Fascinating,25
623,Funny,13
623,Informative,21
623,Ingenious,23
623,Inspiring,19
623,Longwinded,19
623,OK,30
623,Obnoxious,8
623,Persuasive,25
623,Unconvincing,1
624,Beautiful,173
624,Confusing,77
624,Courageous,140
624,Fascinating,124
624,Funny,118
624,Informative,119
624,Ingenious,121
624,Inspiring,105
624,Jaw-dropping,168
624,Longwinded,4
624,OK,12
624,Obnoxious,4
624,Persuasive,102
624,Unconvincing,57
625,Beautiful,19
625,Confusing,6
625,Courageous,56
625,Fascinating,51
625,Funny,12
625,Informative,42
625,Ingenious,45
625,Inspiring,34
625,Jaw-dropping,38
625,Longwinded,2
625,OK,5
625,Obnoxious,22
625,Persuasive,52
625,Unconvincing,44
626,Beautiful,14
626,Confusing,9
626,Courageous,5
626,Fascinating,15
626,Funny,5
626,Informative,12
626,Ingenious,14
626,Inspiring,7
626,Jaw-dropping,6
626,Longwinded,10
626,OK,3
626,Obnoxious,10
626,Persuasive,14
626,Unconvincing,1
627,Beautiful,14
627,Confusing,19
627,Courageous,15
627,Fascinating,13
627,Funny,9
627,Informative,10
627,Ingenious,14
627,Inspiring,16
627,Jaw-dropping,18
627,Longwinded,8
627,OK,13
627,Obnoxious,1
627,Persuasive,7
627,Unconvincing,2
628,Beautiful,22
628,Confusing,26
628,Courageous,15
628,Fascinating,33
628,Funny,22
628,Informative,39
628,Ingenious,31
628,Inspiring,31
628,Jaw-dropping,28
628,Longwinded,18
628,OK,1
628,Persuasive,30
628,Unconvincing,4
629,Beautiful,25
629,Courageous,36
629,Fascinating,16
629,Funny,34
629,Informative,17
629,Ingenious,37
629,Inspiring,35
629,Jaw-dropping,16
629,OK,20
629,Obnoxious,23
629,Persuasive,14
629,Unconvincing,3
630,Beautiful,13
630,Confusing,2
630,Courageous,93
630,Fascinating,127
630,Funny,148
630,Informative,182
630,Ingenious,133
630,Inspiring,119
630,Jaw-dropping,115
630,OK,2
630,Obnoxious,7
630,Persuasive,179
630,Unconvincing,15
631,Beautiful,100
631,Confusing,85
631,Courageous,99
631,Fascinating,61
631,Funny,105
631,Informative,57
631,Ingenious,100
631,Inspiring,74
631,Jaw-dropping,84
631,Longwinded,54
631,OK,8
631,Obnoxious,17
631,Persuasive,76
631,Unconvincing,1
632,Beautiful,216
632,Courageous,70
632,Fascinating,202
632,Funny,167
632,Informative,143
632,Ingenious,107
632,Inspiring,122
632,Jaw-dropping,186
632,Longwinded,161
632,OK,49
632,Obnoxious,193
632,Persuasive,13
632,Unconvincing,3
633,Beautiful,146
633,Confusing,1
633,Courageous,195
633,Fascinating,184
633,Funny,224
633,Informative,167
633,Ingenious,109
633,Inspiring,249
633,Jaw-dropping,141
633,Longwinded,17
633,OK,12
633,Obnoxious,234
633,Persuasive,252
633,Unconvincing,152
634,Beautiful,16
634,Confusing,52
634,Courageous,123
634,Fascinating,113
634,Funny,131
634,Informative,86
634,Ingenious,130
634,Inspiring,39
634,Jaw-dropping,127
634,OK,7
634,Obnoxious,3
634,Persuasive,104
634,Unconvincing,118
635,Beautiful,105
635,Confusing,31
635,Courageous,198
635,Fascinating,206
635,Funny,223
635,Informative,170
635,Ingenious,140
635,Inspiring,207
635,Jaw-dropping,82
635,Longwinded,73
635,OK,56
635,Obnoxious,165
635,Persuasive,120
635,Unconvincing,6
636,Beautiful,259
636,Confusing,250
636,Courageous,82
636,Fascinating,53
636,Funny,113
636,Informative,218
636,Ingenious,182
636,Inspiring,257
636,Jaw-dropping,75
636,Longwinded,241
636,OK,11
636,Obnoxious,6
636,Persuasive,159
636,Unconvincing,57
637,Beautiful,80
637,Confusing,32
637,Courageous,27
637,Fascinating,68
637,Funny,61
637,Informative,82
637,Ingenious,55
637,Inspiring,82
637,Jaw-dropping,76
637,Longwinded,20
637,OK,37
637,Persuasive,28
638,Beautiful,67
638,Confusing,1
638,Courageous,157
638,Fascinating,66
638,Funny,141
638,Informative,166
638,Ingenious,169
638,Inspiring,140
638,Jaw-dropping,138
638,Longwinded,11
638,Obnoxious,87
638,Persuasive,81
638,Unconvincing,48
639,Beautiful,63
639,Confusing,1
639,Courageous,57
639,Fascinating,78
639,Funny,61
639,Informative,51
639,Ingenious,74
639,Inspiring,57
639,Jaw-dropping,56
639,OK,39
639,Obnoxious,6
639,Persuasive,54
639,Unconvincing,67
640,Beautiful,18
640,Confusing,19
640,Courageous,86
640,Fascinating,57
640,Funny,69
640,Informative,89
640,Ingenious,61
640,Inspiring,82
640,Jaw-dropping,49
640,Longwinded,10
640,OK,41
640,Obnoxious,37
640,Persuasive,57
641,Beautiful,83
641,Courageous,147
641,Fascinating,125
641,Funny,185
641,Informative,154
641,Ingenious,159
641,Inspiring,79
641,Jaw-dropping,179
641,OK,29
641,Obnoxious,28
641,Persuasive,142
641,Unconvincing,47
642,Beautiful,227
642,Confusing,218
642,Courageous,200
642,Fascinating,140
642,Funny,193
642,Informative,186
642,Ingenious,150
642,Inspiring,203
642,Jaw-dropping,220
642,Longwinded,1
642,OK,147
642,Obnoxious,166
642,Persuasive,196
643,Beautiful,6
643,Confusing,3
643,Courageous,10
643,Fascinating,5
643,Funny,4
643,Informative,5
643,Ingenious,9
643,Inspiring,10
643,Jaw-dropping,9
643,Longwinded,7
643,OK,5
643,Obnoxious,1
643,Persuasive,10
643,Unconvincing,3
644,Beautiful,58
644,Confusing,55
644,Courageous,35
644,Fascinating,43
644,Funny,59
644,Informative,38
644,Ingenious,59
644,Inspiring,67
644,Jaw-dropping,26
644,OK,69
644,Persuasive,41
644,Unconvincing,64
645,Beautiful,158
645,Confusing,92
645,Courageous,51
645,Fascinating,38
645,Funny,248
645,Informative,245
645,Ingenious,225
645,Inspiring,231
645,Jaw-dropping,232
645,OK,17
645,Obnoxious,19
645,Persuasive,152
645,Unconvincing,88
646,Beautiful,78
646,Confusing,8
646,Courageous,99
646,Fascinating,75
646,Funny,47
646,Informative,8
646,Ingenious,75
646,Inspiring,54
646,Jaw-dropping,82
646,Longwinded,4
646,OK,72
646,Obnoxious,6
646,Persuasive,50
646,Unconvincing,9
647,Beautiful,22
647,Confusing,1
647,Courageous,53
647,Fascinating,30
647,Funny,50
647,Informative,41
647,Ingenious,30
647,Inspiring,46
647,Jaw-dropping,53
647,Longwinded,19
647,OK,51
647,Obnoxious,9
647,Persuasive,37
647,Unconvincing,5
648,Beautiful,66
648,Confusing,46
648,Courageous,68
648,Fascinating,42
648,Funny,49
648,Informative,41
648,Ingenious,61
648,Inspiring,67
648,Jaw-dropping,65
648,Longwinded,40
648,Obnoxious,38
648,Persuasive,33
648,Unconvincing,11
649,Beautiful,35
649,Confusing,25
649,Courageous,32
649,Fascinating,48
649,Funny,31
649,Informative,25
649,Ingenious,43
649,Inspiring,37
649,Jaw-dropping,29
649,OK,5
649,Persuasive,38
650,Beautiful,85
650,Confusing,85
650,Courageous,81
650,Fascinating,92
650,Funny,73
650,Informative,25
650,Ingenious,43
650,Inspiring,92
650,Jaw-dropping,58
650,Longwinded,10
650,OK,40
650,Obnoxious,28
650,Persuasive,30
650,Unconvincing,2
651,Beautiful,168
651,Confusing,8
651,Courageous,403
651,Fascinating,448
651,Funny,259
651,Informative,300
651,Ingenious,314
651,Inspiring,331
651,Jaw-dropping,129
651,Longwinded,359
651,OK,173
651,Obnoxious,401
651,Persuasive,125
651,Unconvincing,140
652,Beautiful,10
652,Confusing,9
652,Courageous,11
652,Fascinating,14
652,Funny,9
652,Informative,14
652,Ingenious,6
652,Inspiring,2
652,Jaw-dropping,8
652,Longwinded,1
652,OK,4
652,Persuasive,13
652,Unconvincing,6
653,Beautiful,14
653,Courageous,16
653,Fascinating,7
653,Funny,15
653,Informative,11
653,Ingenious,16
653,Inspiring,9
653,Jaw-dropping,16
653,Longwinded,4
653,Obnoxious,14
653,Persuasive,10
653,Unconvincing,7
654,Beautiful,9
654,Courageous,16
654,Fascinating,24
654,Funny,19
654,Informative,5
654,Ingenious,24
654,Inspiring,20
654,Jaw-dropping,23
654,Longwinded,3
654,OK,14
654,Obnoxious,2
654,Persuasive,10
654,Unconvincing,13
655,Beautiful,66
655,Confusing,29
655,Courageous,85
655,Fascinating,76
655,Funny,90
655,Informative,69
655,Ingenious,79
655,Inspiring,48
655,Jaw-dropping,16
655,Longwinded,6
655,OK,15
655,Obnoxious,71
655,Persuasive,55
655,Unconvincing,78
656,Beautiful,38
656,Confusing,47
656,Courageous,47
656,Fascinating,56
656,Funny,52
656,Informative,52
656,Ingenious,57
656,Inspiring,51
656,Jaw-dropping,28
656,Longwinded,5
656,OK,11
656,Obnoxious,5
656,Persuasive,38
656,Unconvincing,3
657,Beautiful,3
657,Confusing,1
657,Courageous,4
657,Fascinating,2
657,Funny,3
657,Informative,3
657,Ingenious,3
657,Inspiring,3
657,Jaw-dropping,3
657,Longwinded,1
657,OK,3
657,Obnoxious,1
657,Persuasive,3
657,Unconvincing,3
658,Beautiful,254
658,Confusing,127
658,Courageous,211
658,Fascinating,280
658,Funny,260
658,Informative,176
658,Ingenious,407
658,Inspiring,429
658,Jaw-dropping,228
658,Longwinded,9
658,OK,46
658,Obnoxious,169
658,Persuasive,241
658,Unconvincing,180
659,Beautiful,146
659,Confusing,167
659,Courageous,54
659,Fascinating,181
659,Funny,270
659,Informative,162
659,Ingenious,244
659,Inspiring,269
659,Jaw-dropping,178
659,Longwinded,214
659,OK,8
659,Obnoxious,2
659,Persuasive,236
659,Unconvincing,194
660,Beautiful,30
660,Confusing,13
660,Courageous,36
660,Fascinating,21
660,Funny,13
660,Informative,33
660,Ingenious,14
660,Inspiring,29
660,Jaw-dropping,26
660,Longwinded,27
660,OK,1
660,Obnoxious,19
660,Persuasive,12
660,Unconvincing,1
661,Beautiful,52
661,Confusing,114
661,Courageous,29
661,Fascinating,99
661,Funny,121
661,Informative,60
661,Ingenious,83
661,Inspiring,57
661,Jaw-dropping,96
661,Longwinded,9
661,OK,44
661,Obnoxious,3
661,Persuasive,124
661,Unconvincing,4
662,Beautiful,138
662,Confusing,43
662,Courageous,318
662,Fascinating,191
662,Funny,340
662,Informative,183
662,Ingenious,318
662,Inspiring,336
662,Jaw-dropping,279
662,Longwinded,296
662,OK,160
662,Obnoxious,2
662,Persuasive,9
662,Unconvincing,159
663,Beautiful,38
663,Confusing,73
663,Courageous,76
663,Fascinating,56
663,Funny,57
663,Informative,54
663,Ingenious,54
663,Inspiring,48
663,Jaw-dropping,46
663,Longwinded,4
663,OK,74
663,Obnoxious,8
663,Persuasive,70
663,Unconvincing,37
664,Beautiful,31
664,Confusing,34
664,Courageous,39
664,Fascinating,39
664,Funny,17
664,Informative,14
664,Ingenious,41
664,Inspiring,42
664,Jaw-dropping,30
664,Longwinded,4
664,OK,12
664,Persuasive,21
664,Unconvincing,9
665,Beautiful,16
665,Confusing,1
665,Courageous,12
665,Fascinating,19
665,Funny,20
665,Informative,21
665,Ingenious,12
665,Inspiring,10
665,Jaw-dropping,2
665,Longwinded,1
665,OK,9
665,Obnoxious,13
665,Persuasive,10
665,Unconvincing,1
666,Beautiful,304
666,Confusing,273
666,Courageous,214
666,Fascinating,108
666,Funny,337
666,Informative,269
666,Ingenious,200
666,Inspiring,300
666,Jaw-dropping,215
666,Longwinded,32
666,OK,12
666,Obnoxious,27
666,Persuasive,210
666,Unconvincing,92
667,Beautiful,4
667,Confusing,31
667,Courageous,34
667,Fascinating,15
667,Funny,32
667,Informative,40
667,Ingenious,22
667,Inspiring,21
667,Jaw-dropping,14
667,Longwinded,1
667,OK,39
667,Obnoxious,29
667,Persuasive,11
667,Unconvincing,10
668,Beautiful,68
668,Confusing,2
668,Courageous,430
668,Fascinating,244
668,Funny,176
668,Informative,247
668,Ingenious,362
668,Inspiring,280
668,Jaw-dropping,259
668,Longwinded,58
668,OK,403
668,Obnoxious,5
668,Persuasive,212
668,Unconvincing,18
669,Beautiful,132
669,Confusing,9
669,Courageous,119
669,Fascinating,72
669,Funny,94
669,Informative,111
669,Ingenious,120
669,Inspiring,71
669,Jaw-dropping,126
669,Longwinded,44
669,OK,16
669,Obnoxious,9
669,Persuasive,122
669,Unconvincing,19
670,Beautiful,67
670,Confusing,13
670,Courageous,43
670,Fascinating,51
670,Funny,11
670,Informative,62
670,Ingenious,73
670,Inspiring,53
670,Jaw-dropping,83
670,Longwinded,13
670,OK,1
670,Obnoxious,5
670,Persuasive,7
670,Unconvincing,5
671,Beautiful,29
671,Confusing,17
671,Courageous,52
671,Fascinating,53
671,Funny,32
671,Informative,29
671,Ingenious,44
671,Inspiring,35
671,Jaw-dropping,27
671,Longwinded,12
671,OK,2
671,Obnoxious,8
671,Persuasive,55
671,Unconvincing,7
672,Beautiful,49
672,Confusing,149
672,Courageous,6
672,Fascinating,66
672,Funny,98
672,Informative,59
672,Ingenious,144
672,Inspiring,93
672,Jaw-dropping,99
672,Longwinded,16
672,OK,114
672,Obnoxious,84
672,Persuasive,98
672,Unconvincing,22
673,Beautiful,32
673,Confusing,20
673,Courageous,33
673,Fascinating,26
673,Funny,30
673,Informative,14
673,Ingenious,30
673,Inspiring,2
673,Jaw-dropping,35
673,Longwinded,20
673,OK,19
673,Obnoxious,29
673,Persuasive,14
674,Beautiful,21
674,Confusing,22
674,Courageous,33
674,Fascinating,51
674,Funny,44
674,Informative,44
674,Ingenious,50
674,Inspiring,43
674,Jaw-dropping,18
674,Longwinded,16
674,Obnoxious,50
674,Persuasive,53
674,Unconvincing,10
675,Beautiful,11
675,Courageous,67
675,Fascinating,66
675,Funny,56
675,Informative,63
675,Ingenious,64
675,Inspiring,56
675,Jaw-dropping,64
675,Longwinded,14
675,Persuasive,59
675,Unconvincing,39
676,Beautiful,45
676,Confusing,8
676,Courageous,27
676,Fascinating,36
676,Funny,47
676,Informative,17
676,Ingenious,40
676,Inspiring,49
676,Jaw-dropping,21
676,Longwinded,6
676,OK,31
676,Obnoxious,1
676,Persuasive,49
676,Unconvincing,2
677,Beautiful,185
677,Confusing,4
677,Courageous,143
677,Fascinating,33
677,Funny,81
677,Informative,57
677,Ingenious,217
677,Inspiring,41
677,Jaw-dropping,181
677,Longwinded,126
677,OK,18
677,Obnoxious,5
677,Persuasive,190
677,Unconvincing,22
678,Beautiful,9
678,Confusing,7
678,Courageous,24
678,Fascinating,21
678,Funny,23
678,Informative,20
678,Ingenious,20
678,Inspiring,25
678,Jaw-dropping,19
678,Longwinded,25
678,OK,20
678,Obnoxious,3
678,Persuasive,14
678,Unconvincing,17
679,Beautiful,59
679,Confusing,2
679,Courageous,67
679,Fascinating,30
679,Funny,35
679,Informative,96
679,Ingenious,37
679,Inspiring,45
679,Jaw-dropping,14
679,Longwinded,16
679,OK,55
679,Obnoxious,96
679,Persuasive,43
679,Unconvincing,23
680,Beautiful,76
680,Confusing,37
680,Courageous,73
680,Fascinating,106
680,Funny,124
680,Informative,71
680,Ingenious,86
680,Inspiring,85
680,Jaw-dropping,69
680,Longwinded,125
680,OK,76
680,Obnoxious,44
680,Persuasive,77
680,Unconvincing,19
681,Beautiful,38
681,Confusing,18
681,Courageous,37
681,Fascinating,56
681,Funny,47
681,Informative,31
681,Ingenious,55
681,Inspiring,51
681,Jaw-dropping,44
681,OK,17
681,Persuasive,54
681,Unconvincing,41
682,Beautiful,40
682,Confusing,29
682,Courageous,4
682,Fascinating,57
682,Funny,55
682,Informative,50
682,Ingenious,22
682,Inspiring,32
682,Jaw-dropping,34
682,Longwinded,22
682,OK,4
682,Obnoxious,17
682,Persuasive,39
682,Unconvincing,6
683,Beautiful,128
683,Confusing,148
683,Courageous,161
683,Fascinating,211
683,Funny,234
683,Informative,210
683,Ingenious,89
683,Inspiring,203
683,Jaw-dropping,214
683,Longwinded,185
683,OK,31
683,Obnoxious,5
683,Persuasive,199
683,Unconvincing,71
684,Beautiful,170
684,Confusing,9
684,Courageous,112
684,Fascinating,149
684,Funny,21
684,Informative,118
684,Ingenious,126
684,Inspiring,82
684,Jaw-dropping,98
684,Longwinded,98
684,OK,39
684,Persuasive,131
684,Unconvincing,3
685,Beautiful,738
685,Confusing,437
685,Courageous,661
685,Fascinating,440
685,Funny,316
685,Informative,674
685,Ingenious,415
685,Inspiring,703
685,Jaw-dropping,682
685,Longwinded,379
685,OK,273
685,Obnoxious,296
685,Persuasive,647
685,Unconvincing,108
686,Beautiful,3
686,Confusing,9
686,Courageous,8
686,Fascinating,2
686,Funny,10
686,Informative,8
686,Ingenious,11
686,Inspiring,6
686,Jaw-dropping,9
686,OK,3
686,Obnoxious,11
686,Persuasive,7
686,Unconvincing,10
687,Beautiful,63
687,Confusing,43
687,Courageous,57
687,Fascinating,107
687,Funny,66
687,Informative,44
687,Ingenious,97
687,Inspiring,80
687,Jaw-dropping,59
687,Longwinded,1
687,OK,68
687,Obnoxious,2
687,Persuasive,89
687,Unconvincing,5
688,Beautiful,44
688,Confusing,2
688,Courageous,42
688,Fascinating,14
688,Funny,26
688,Informative,25
688,Ingenious,1
688,Inspiring,45
688,Jaw-dropping,10
688,Longwinded,22
688,Obnoxious,9
688,Persuasive,26
688,Unconvincing,27
689,Beautiful,41
689,Confusing,12
689,Courageous,66
689,Fascinating,83
689,Funny,67
689,Informative,24
689,Ingenious,53
689,Inspiring,73
689,Jaw-dropping,82
689,Longwinded,10
689,OK,3
689,Obnoxious,16
689,Persuasive,84
690,Beautiful,31
690,Confusing,11
690,Courageous,22
690,Fascinating,28
690,Funny,34
690,Informative,32
690,Ingenious,27
690,Inspiring,13
690,Jaw-dropping,33
690,Longwinded,28
690,OK,26
690,Obnoxious,1
690,Persuasive,12
690,Unconvincing,6
691,Beautiful,145
691,Confusing,61
691,Courageous,247
691,Fascinating,134
691,Funny,38
691,Informative,235
691,Ingenious,242
691,Inspiring,254
691,Jaw-dropping,221
691,Longwinded,20
691,OK,129
691,Obnoxious,230
691,Persuasive,184
691,Unconvincing,128
692,Beautiful,85
692,Confusing,87
692,Courageous,87
692,Fascinating,75
692,Funny,65
692,Informative,129
692,Ingenious,39
692,Inspiring,129
692,Jaw-dropping,48
692,Longwinded,80
692,OK,126
692,Obnoxious,37
692,Persuasive,96
692,Unconvincing,1
693,Beautiful,85
693,Confusing,33
693,Courageous,121
693,Fascinating,101
693,Funny,107
693,Informative,112
693,Ingenious,87
693,Inspiring,91
693,Jaw-dropping,75
693,Longwinded,99
693,OK,119
693,Obnoxious,24
693,Persuasive,95
693,Unconvincing,22
694,Beautiful,46
694,Confusing,2
694,Courageous,73
694,Fascinating,38
694,Funny,30
694,Informative,69
694,Ingenious,44
694,Inspiring,39
694,Jaw-dropping,46
694,Longwinded,14
694,OK,60
694,Obnoxious,36
694,Persuasive,39
694,Unconvincing,48
695,Beautiful,25
695,Confusing,26
695,Courageous,25
695,Fascinating,24
695,Funny,29
695,Informative,26
695,Ingenious,29
695,Inspiring,22
695,Jaw-dropping,24
695,Longwinded,11
695,Obnoxious,28
695,Persuasive,30
696,Beautiful,99
696,Confusing,144
696,Courageous,145
696,Fascinating,160
696,Funny,158
696,Informative,143
696,Ingenious,159
696,Inspiring,167
696,Jaw-dropping,87
696,Longwinded,5
696,OK,25
696,Persuasive,121
696,Unconvincing,6
697,Beautiful,26
697,Confusing,9
697,Courageous,18
697,Fascinating,30
697,Funny,24
697,Informative,28
697,Ingenious,25
697,Inspiring,12
697,Jaw-dropping,25
697,OK,7
697,Obnoxious,5
697,Persuasive,22
697,Unconvincing,8
698,Beautiful,63
698,Confusing,14
698,Courageous,52
698,Fascinating,88
698,Funny,44
698,Informative,74
698,Ingenious,95
698,Inspiring,80
698,Jaw-dropping,93
698,Longwinded,41
698,OK,3
698,Obnoxious,22
698,Persuasive,96
698,Unconvincing,1
699,Beautiful,71
699,Confusing,149
699,Courageous,123
699,Fascinating,174
699,Funny,72
699,Informative,164
699,Ingenious,156
699,Inspiring,230
699,Jaw-dropping,193
699,Longwinded,108
699,OK,236
699,Obnoxious,43
699,Persuasive,231
699,Unconvincing,47
700,Beautiful,171
700,Confusing,15
700,Courageous,180
700,Fascinating,135
700,Funny,214
700,Informative,65
700,Ingenious,187
700,Inspiring,226
700,Jaw-dropping,152
700,Longwinded,51
700,OK,214
700,Obnoxious,14
700,Persuasive,194
700,Unconvincing,20
701,Beautiful,833
701,Confusing,73
701,Courageous,902
701,Fascinating,303
701,Funny,399
701,Informative,291
701,Ingenious,644
701,Inspiring,923
701,Jaw-dropping,867
701,Longwinded,577
701,OK,484
701,Obnoxious,508
701,Persuasive,170
701,Unconvincing,82
702,Beautiful,216
702,Confusing,82
702,Courageous,116
702,Fascinating,361
702,Funny,478
702,Informative,521
702,Ingenious,460
702,Inspiring,642
702,Jaw-dropping,357
702,Longwinded,647
702,OK,206
702,Obnoxious,57
702,Persuasive,584
702,Unconvincing,273
703,Beautiful,296
703,Confusing,159
703,Courageous,175
703,Fascinating,181
703,Funny,414
703,Informative,104
703,Ingenious,383
703,Inspiring,322
703,Jaw-dropping,350
703,Longwinded,122
703,OK,34
703,Obnoxious,149
703,Persuasive,164
703,Unconvincing,206
704,Beautiful,44
704,Confusing,52
704,Courageous,97
704,Fascinating,51
704,Funny,27
704,Informative,90
704,Ingenious,72
704,Inspiring,98
704,Jaw-dropping,81
704,Longwinded,3
704,OK,80
704,Obnoxious,1
704,Persuasive,95
704,Unconvincing,27
705,Beautiful,119
705,Courageous,37
705,Fascinating,101
705,Funny,65
705,Informative,121
705,Ingenious,78
705,Inspiring,86
705,Jaw-dropping,80
705,Longwinded,80
705,OK,65
705,Obnoxious,2
705,Persuasive,34
705,Unconvincing,46
706,Beautiful,130
706,Confusing,13
706,Courageous,29
706,Fascinating,63
706,Funny,113
706,Informative,80
706,Ingenious,103
706,Inspiring,65
706,Jaw-dropping,83
706,Longwinded,3
706,Obnoxious,13
706,Persuasive,130
706,Unconvincing,5
707,Beautiful,112
707,Confusing,288
707,Courageous,474
707,Fascinating,372
707,Funny,399
707,Informative,480
707,Ingenious,105
707,Inspiring,97
707,Jaw-dropping,172
707,Longwinded,2
707,OK,359
707,Obnoxious,378
707,Persuasive,454
707,Unconvincing,53
708,Beautiful,4
708,Courageous,9
708,Fascinating,5
708,Funny,12
708,Informative,12
708,Ingenious,11
708,Inspiring,8
708,Jaw-dropping,9
708,Longwinded,9
708,OK,6
708,Persuasive,7
708,Unconvincing,11
709,Beautiful,475
709,Confusing,3
709,Courageous,141
709,Fascinating,588
709,Funny,405
709,Informative,466
709,Ingenious,258
709,Inspiring,600
709,Jaw-dropping,263
709,Longwinded,74
709,OK,448
709,Obnoxious,546
709,Persuasive,454
709,Unconvincing,564
710,Beautiful,44
710,Confusing,7
710,Courageous,31
710,Fascinating,70
710,Funny,59
710,Informative,72
710,Ingenious,39
710,Inspiring,75
710,Jaw-dropping,35
710,Longwinded,12
710,OK,20
710,Obnoxious,18
710,Persuasive,60
711,Beautiful,31
711,Confusing,22
711,Courageous,167
711,Fascinating,116
711,Funny,62
711,Informative,100
711,Ingenious,138
711,Inspiring,130
711,Jaw-dropping,177
711,Longwinded,167
711,OK,174
711,Persuasive,158
712,Beautiful,170
712,Confusing,1
712,Courageous,160
712,Fascinating,26
712,Funny,56
712,Informative,109
712,Ingenious,79
712,Inspiring,169
712,Jaw-dropping,132
712,Longwinded,155
712,OK,1
712,Obnoxious,36
712,Persuasive,169
712,Unconvincing,134
713,Beautiful,127
713,Confusing,163
713,Courageous,152
713,Fascinating,138
713,Funny,103
713,Informative,142
713,Ingenious,64
713,Inspiring,149
713,Jaw-dropping,151
713,Longwinded,39
713,OK,7
713,Obnoxious,24
713,Persuasive,90
714,Beautiful,35
714,Confusing,53
714,Courageous,17
714,Fascinating,42
714,Funny,50
714,Informative,36
714,Ingenious,31
714,Inspiring,54
714,Jaw-dropping,5
714,Longwinded,19
714,OK,2
714,Persuasive,44
714,Unconvincing,7
715,Beautiful,112
715,Confusing,155
715,Courageous,33
715,Fascinating,142
715,Funny,192
715,Informative,71
715,Ingenious,122
715,Inspiring,138
715,Jaw-dropping,100
715,Longwinded,79
715,Obnoxious,28
715,Persuasive,177
715,Unconvincing,7
716,Beautiful,44
716,Confusing,32
716,Courageous,100
716,Fascinating,30
716,Funny,61
716,Informative,72
716,Ingenious,111
716,Inspiring,74
716,Jaw-dropping,96
716,Longwinded,23
716,OK,52
716,Obnoxious,103
716,Persuasive,46
716,Unconvincing,20
717,Beautiful,106
717,Courageous,130
717,Fascinating,140
717,Funny,75
717,Informative,99
717,Ingenious,113
717,Inspiring,164
717,Jaw-dropping,136
717,Longwinded,33
717,OK,48
717,Obnoxious,2
717,Persuasive,150
717,Unconvincing,7
718,Beautiful,10
718,Courageous,175
718,Fascinating,215
718,Funny,131
718,Informative,157
718,Ingenious,173
718,Inspiring,32
718,Jaw-dropping,165
718,OK,104
718,Obnoxious,19
718,Persuasive,141
718,Unconvincing,96
719,Beautiful,19
719,Confusing,15
719,Courageous,67
719,Fascinating,89
719,Funny,99
719,Informative,96
719,Ingenious,73
719,Inspiring,117
719,Jaw-dropping,84
719,Longwinded,77
719,OK,16
719,Obnoxious,21
719,Persuasive,113
719,Unconvincing,25
720,Beautiful,12
720,Confusing,2
720,Courageous,20
720,Fascinating,20
720,Funny,5
720,Informative,21
720,Ingenious,19
720,Inspiring,14
720,Jaw-dropping,11
720,OK,1
720,Obnoxious,15
720,Persuasive,21
721,Beautiful,2338
721,Courageous,2363
721,Fascinating,1064
721,Funny,2603
721,Informative,1861
721,Ingenious,1094
721,Inspiring,544
721,Jaw-dropping,2078
721,Longwinded,226
721,OK,709
721,Obnoxious,207
721,Persuasive,553
721,Unconvincing,2469
722,Beautiful,98
722,Confusing,31
722,Courageous,46
722,Fascinating,185
722,Funny,138
722,Informative,119
722,Ingenious,167
722,Inspiring,100
722,Jaw-dropping,190
722,Longwinded,182
722,OK,171
722,Obnoxious,1
722,Persuasive,203
722,Unconvincing,20
723,Beautiful,49
723,Confusing,7
723,Courageous,88
723,Fascinating,35
723,Funny,50
723,Informative,31
723,Ingenious,61
723,Inspiring,64
723,Jaw-dropping,71
723,Longwinded,75
723,OK,24
723,Obnoxious,82
723,Persuasive,98
723,Unconvincing,41
724,Beautiful,623
724,Confusing,493
724,Courageous,538
724,Fascinating,611
724,Funny,324
724,Informative,846
724,Ingenious,258
724,Inspiring,289
724,Jaw-dropping,856
724,Longwinded,50
724,OK,633
724,Obnoxious,193
724,Persuasive,726
724,Unconvincing,824
725,Beautiful,157
725,Confusing,21
725,Courageous,91
725,Fascinating,148
725,Funny,80
725,Informative,116
725,Ingenious,108
725,Inspiring,117
725,Jaw-dropping,103
725,Longwinded,86
725,OK,14
725,Obnoxious,131
725,Persuasive,134
725,Unconvincing,1
726,Beautiful,43
726,Confusing,9
726,Courageous,36
726,Fascinating,39
726,Funny,24
726,Informative,36
726,Ingenious,37
726,Inspiring,43
726,Jaw-dropping,39
726,Longwinded,2
726,OK,1
726,Persuasive,22
726,Unconvincing,1
727,Beautiful,50
727,Confusing,10
727,Courageous,56
727,Fascinating,62
727,Funny,34
727,Informative,74
727,Ingenious,54
727,Inspiring,50
727,Jaw-dropping,67
727,Longwinded,57
727,OK,58
727,Obnoxious,3
727,Persuasive,47
727,Unconvincing,16
728,Beautiful,752
728,Confusing,5
728,Courageous,789
728,Fascinating,816
728,Funny,842
728,Informative,627
728,Ingenious,374
728,Inspiring,893
728,Jaw-dropping,402
728,Longwinded,134
728,OK,28
728,Obnoxious,210
728,Persuasive,588
728,Unconvincing,412
729,Beautiful,42
729,Confusing,1
729,Courageous,34
729,Fascinating,14
729,Funny,30
729,Informative,19
729,Ingenious,15
729,Inspiring,30
729,Jaw-dropping,43
729,Longwinded,3
729,OK,28
729,Persuasive,34
729,Unconvincing,3
730,Beautiful,47
730,Courageous,39
730,Fascinating,49
730,Funny,52
730,Informative,18
730,Ingenious,22
730,Inspiring,34
730,Jaw-dropping,45
730,Longwinded,8
730,OK,1
730,Obnoxious,43
730,Persuasive,52
730,Unconvincing,1
731,Beautiful,69
731,Confusing,38
731,Courageous,49
731,Fascinating,38
731,Funny,18
731,Informative,73
731,Ingenious,80
731,Inspiring,88
731,Jaw-dropping,119
731,OK,24
731,Persuasive,47
731,Unconvincing,79
732,Beautiful,205
732,Confusing,201
732,Courageous,132
732,Fascinating,230
732,Funny,243
732,Informative,252
732,Ingenious,224
732,Inspiring,146
732,Jaw-dropping,100
732,Longwinded,20
732,OK,239
732,Obnoxious,161
732,Persuasive,229
732,Unconvincing,53
733,Beautiful,13
733,Courageous,31
733,Fascinating,13
733,Funny,36
733,Informative,11
733,Ingenious,47
733,Inspiring,37
733,Jaw-dropping,28
733,OK,35
733,Persuasive,36
733,Unconvincing,27
734,Beautiful,22
734,Confusing,6
734,Courageous,26
734,Fascinating,23
734,Funny,30
734,Informative,13
734,Ingenious,26
734,Inspiring,19
734,Jaw-dropping,22
734,Persuasive,22
734,Unconvincing,14
735,Beautiful,155
735,Confusing,36
735,Courageous,51
735,Fascinating,35
735,Funny,140
735,Informative,35
735,Ingenious,143
735,Inspiring,93
735,Jaw-dropping,154
735,Longwinded,15
735,OK,136
735,Obnoxious,40
735,Persuasive,148
735,Unconvincing,8
736,Beautiful,179
736,Courageous,248
736,Fascinating,125
736,Funny,167
736,Informative,180
736,Ingenious,192
736,Inspiring,226
736,Jaw-dropping,170
736,Longwinded,41
736,OK,253
736,Obnoxious,96
736,Persuasive,186
736,Unconvincing,13
737,Beautiful,351
737,Confusing,49
737,Courageous,420
737,Fascinating,371
737,Funny,529
737,Informative,305
737,Ingenious,485
737,Inspiring,549
737,Jaw-dropping,150
737,Longwinded,157
737,OK,374
737,Obnoxious,281
737,Persuasive,217
737,Unconvincing,11
738,Beautiful,193
738,Confusing,83
738,Courageous,67
738,Fascinating,169
738,Funny,145
738,Informative,70
738,Ingenious,252
738,Inspiring,152
738,Jaw-dropping,238
738,Longwinded,82
738,OK,67
738,Obnoxious,226
738,Persuasive,153
738,Unconvincing,185
739,Beautiful,67
739,Confusing,84
739,Courageous,72
739,Fascinating,85
739,Funny,38
739,Informative,20
739,Ingenious,66
739,Inspiring,69
739,Jaw-dropping,54
739,Longwinded,23
739,OK,17
739,Persuasive,73
739,Unconvincing,48
740,Beautiful,150
740,Confusing,1
740,Courageous,142
740,Fascinating,132
740,Funny,165
740,Informative,109
740,Ingenious,163
740,Inspiring,77
740,Jaw-dropping,83
740,Longwinded,1
740,OK,2
740,Obnoxious,9
740,Persuasive,163
740,Unconvincing,90
741,Beautiful,159
741,Confusing,1
741,Courageous,129
741,Fascinating,58
741,Funny,171
741,Informative,93
741,Ingenious,181
741,Inspiring,78
741,Jaw-dropping,184
741,Longwinded,107
741,OK,35
741,Obnoxious,113
741,Persuasive,178
741,Unconvincing,189
742,Beautiful,289
742,Confusing,195
742,Courageous,259
742,Fascinating,237
742,Funny,109
742,Informative,281
742,Ingenious,176
742,Inspiring,139
742,Jaw-dropping,254
742,Longwinded,87
742,OK,160
742,Obnoxious,2
742,Persuasive,158
742,Unconvincing,56
743,Beautiful,183
743,Courageous,131
743,Fascinating,101
743,Funny,157
743,Informative,155
743,Ingenious,93
743,Inspiring,153
743,Jaw-dropping,60
743,Longwinded,57
743,OK,4
743,Obnoxious,25
743,Persuasive,180
743,Unconvincing,92
744,Beautiful,17
744,Confusing,24
744,Courageous,27
744,Fascinating,22
744,Funny,20
744,Informative,21
744,Ingenious,24
744,Inspiring,28
744,Jaw-dropping,27
744,Longwinded,12
744,Obnoxious,9
744,Persuasive,28
744,Unconvincing,7
745,Beautiful,327
745,Confusing,224
745,Courageous,412
745,Fascinating,382
745,Funny,357
745,Informative,218
745,Ingenious,463
745,Inspiring,126
745,Jaw-dropping,54
745,Longwinded,42
745,OK,49
745,Obnoxious,281
745,Persuasive,470
745,Unconvincing,123
746,Beautiful,30
746,Confusing,20
746,Courageous,38
746,Fascinating,25
746,Funny,37
746,Informative,34
746,Ingenious,39
746,Inspiring,30
746,Jaw-dropping,42
746,Longwinded,28
746,OK,26
746,Obnoxious,26
746,Persuasive,26
747,Beautiful,102
747,Confusing,7
747,Courageous,122
747,Fascinating,35
747,Funny,76
747,Informative,144
747,Ingenious,138
747,Inspiring,58
747,Jaw-dropping,43
747,Longwinded,13
747,OK,88
747,Obnoxious,5
747,Persuasive,135
747,Unconvincing,45
748,Beautiful,35
748,Confusing,3
748,Courageous,40
748,Fascinating,40
748,Funny,34
748,Informative,30
748,Ingenious,35
748,Inspiring,11
748,Jaw-dropping,29
748,Longwinded,16
748,OK,3
748,Obnoxious,28
748,Persuasive,30
748,Unconvincing,6
749,Beautiful,76
749,Confusing,31
749,Courageous,140
749,Fascinating,43
749,Funny,66
749,Informative,107
749,Ingenious,142
749,Inspiring,130
749,Jaw-dropping,54
749,Longwinded,5
749,OK,6
749,Obnoxious,79
749,Persuasive,61
749,Unconvincing,32
750,Beautiful,293
750,Confusing,445
750,Courageous,412
750,Fascinating,191
750,Funny,346
750,Informative,134
750,Ingenious,186
750,Inspiring,291
750,Jaw-dropping,459
750,Longwinded,126
750,OK,102
750,Obnoxious,164
750,Persuasive,433
750,Unconvincing,86
751,Beautiful,31
751,Confusing,9
751,Courageous,37
751,Fascinating,35
751,Funny,52
751,Informative,78
751,Ingenious,65
751,Inspiring,70
751,Jaw-dropping,73
751,Longwinded,55
751,OK,45
751,Obnoxious,24
751,Persuasive,87
751,Unconvincing,16
752,Beautiful,2101
752,Confusing,111
752,Courageous,1549
752,Fascinating,2292
752,Funny,2587
752,Informative,1087
752,Ingenious,2194
752,Inspiring,2719
752,Jaw-dropping,1864
752,Longwinded,52
752,OK,650
752,Obnoxious,808
752,Persuasive,2582
752,Unconvincing,374
753,Beautiful,76
753,Confusing,29
753,Courageous,66
753,Fascinating,80
753,Funny,79
753,Informative,49
753,Ingenious,55
753,Inspiring,62
753,Jaw-dropping,82
753,Longwinded,23
753,OK,2
753,Obnoxious,69
753,Persuasive,73
753,Unconvincing,10
754,Beautiful,117
754,Confusing,232
754,Courageous,52
754,Fascinating,65
754,Funny,201
754,Informative,175
754,Ingenious,216
754,Inspiring,100
754,Jaw-dropping,241
754,Longwinded,218
754,OK,103
754,Obnoxious,182
754,Persuasive,119
754,Unconvincing,97
755,Beautiful,1184
755,Confusing,1199
755,Courageous,1154
755,Fascinating,634
755,Funny,1581
755,Informative,1789
755,Ingenious,1384
755,Inspiring,2099
755,Jaw-dropping,2107
755,Longwinded,1721
755,OK,213
755,Obnoxious,164
755,Persuasive,1851
755,Unconvincing,1320
756,Beautiful,273
756,Confusing,112
756,Courageous,253
756,Fascinating,141
756,Funny,256
756,Informative,249
756,Ingenious,216
756,Inspiring,135
756,Jaw-dropping,272
756,OK,268
756,Obnoxious,6
756,Persuasive,22
756,Unconvincing,88
757,Beautiful,52
757,Confusing,35
757,Courageous,28
757,Fascinating,57
757,Funny,41
757,Informative,68
757,Ingenious,16
757,Inspiring,13
757,Jaw-dropping,68
757,Longwinded,1
757,OK,66
757,Obnoxious,35
757,Persuasive,64
757,Unconvincing,42
758,Beautiful,125
758,Confusing,72
758,Courageous,97
758,Fascinating,281
758,Funny,156
758,Informative,90
758,Ingenious,295
758,Inspiring,272
758,Jaw-dropping,302
758,OK,79
758,Obnoxious,47
758,Persuasive,170
758,Unconvincing,9
759,Beautiful,17
759,Confusing,17
759,Courageous,64
759,Fascinating,65
759,Funny,72
759,Informative,71
759,Ingenious,64
759,Inspiring,42
759,Jaw-dropping,75
759,Obnoxious,44
759,Persuasive,46
759,Unconvincing,36
760,Beautiful,23
760,Courageous,39
760,Fascinating,47
760,Funny,47
760,Informative,56
760,Ingenious,54
760,Inspiring,49
760,Jaw-dropping,57
760,Longwinded,14
760,OK,5
760,Obnoxious,21
760,Persuasive,39
760,Unconvincing,35
761,Beautiful,15
761,Confusing,2
761,Courageous,5
761,Fascinating,7
761,Funny,23
761,Informative,28
761,Ingenious,24
761,Inspiring,17
761,Jaw-dropping,24
761,Longwinded,12
761,OK,24
761,Obnoxious,2
761,Persuasive,27
761,Unconvincing,11
762,Beautiful,1
762,Confusing,3
762,Courageous,4
762,Fascinating,5
762,Funny,6
762,Informative,4
762,Ingenious,5
762,Inspiring,4
762,Jaw-dropping,5
762,Longwinded,3
762,OK,2
762,Obnoxious,3
762,Persuasive,5
762,Unconvincing,2
763,Beautiful,146
763,Confusing,1
763,Courageous,112
763,Fascinating,32
763,Funny,116
763,Informative,140
763,Ingenious,179
763,Inspiring,155
763,Jaw-dropping,138
763,Longwinded,118
763,OK,157
763,Obnoxious,22
763,Persuasive,129
763,Unconvincing,51
764,Beautiful,322
764,Confusing,205
764,Courageous,179
764,Fascinating,300
764,Funny,201
764,Informative,284
764,Ingenious,128
764,Inspiring,277
764,Jaw-dropping,187
764,Longwinded,15
764,OK,95
764,Obnoxious,3
764,Persuasive,110
764,Unconvincing,117
765,Beautiful,176
765,Confusing,2
765,Courageous,169
765,Fascinating,146
765,Funny,198
765,Informative,135
765,Ingenious,155
765,Inspiring,141
765,Jaw-dropping,138
765,Longwinded,22
765,OK,145
765,Obnoxious,29
765,Persuasive,213
765,Unconvincing,25
766,Beautiful,56
766,Confusing,14
766,Courageous,59
766,Fascinating,52
766,Funny,48
766,Informative,66
766,Ingenious,48
766,Inspiring,47
766,Jaw-dropping,59
766,Longwinded,14
766,OK,7
766,Obnoxious,27
766,Persuasive,49
766,Unconvincing,2
767,Beautiful,26
767,Confusing,25
767,Courageous,30
767,Fascinating,29
767,Funny,14
767,Informative,24
767,Ingenious,30
767,Inspiring,15
767,Jaw-dropping,17
767,Longwinded,26
767,Obnoxious,29
767,Persuasive,24
767,Unconvincing,5
768,Beautiful,25
768,Confusing,38
768,Courageous,45
768,Fascinating,35
768,Funny,20
768,Informative,46
768,Ingenious,45
768,Inspiring,33
768,Jaw-dropping,44
768,Longwinded,3
768,OK,20
768,Obnoxious,32
768,Persuasive,33
768,Unconvincing,3
769,Beautiful,21
769,Confusing,16
769,Courageous,31
769,Fascinating,30
769,Funny,30
769,Informative,6
769,Ingenious,24
769,Inspiring,30
769,Jaw-dropping,22
769,Longwinded,32
769,OK,5
769,Obnoxious,3
769,Persuasive,33
770,Beautiful,33
770,Confusing,22
770,Courageous,22
770,Fascinating,12
770,Funny,29
770,Informative,30
770,Ingenious,24
770,Inspiring,28
770,Jaw-dropping,24
770,Longwinded,11
770,OK,34
770,Obnoxious,13
770,Persuasive,20
770,Unconvincing,5
771,Beautiful,142
771,Confusing,100
771,Courageous,209
771,Fascinating,159
771,Funny,220
771,Informative,251
771,Ingenious,262
771,Inspiring,257
771,Jaw-dropping,219
771,Longwinded,2
771,OK,71
771,Obnoxious,163
771,Persuasive,274
771,Unconvincing,59
772,Beautiful,83
772,Confusing,22
772,Courageous,63
772,Fascinating,86
772,Funny,82
772,Informative,87
772,Ingenious,86
772,Inspiring,82
772,Jaw-dropping,85
772,Longwinded,2
772,OK,8
772,Obnoxious,13
772,Persuasive,55
772,Unconvincing,31
773,Beautiful,119
773,Confusing,244
773,Courageous,215
773,Fascinating,297
773,Funny,344
773,Informative,261
773,Ingenious,217
773,Inspiring,293
773,Jaw-dropping,265
773,Longwinded,357
773,OK,1
773,Obnoxious,125
773,Persuasive,364
773,Unconvincing,19
774,Beautiful,23
774,Confusing,17
774,Courageous,41
774,Fascinating,8
774,Funny,27
774,Informative,24
774,Ingenious,29
774,Inspiring,36
774,Jaw-dropping,25
774,Longwinded,32
774,OK,2
774,Obnoxious,14
774,Persuasive,5
774,Unconvincing,14
775,Beautiful,107
775,Confusing,31
775,Courageous,152
775,Fascinating,232
775,Funny,165
775,Informative,211
775,Ingenious,63
775,Inspiring,207
775,Jaw-dropping,61
775,Longwinded,36
775,OK,69
775,Obnoxious,9
775,Persuasive,120
775,Unconvincing,10
776,Beautiful,215
776,Confusing,104
776,Courageous,219
776,Fascinating,270
776,Funny,179
776,Informative,276
776,Ingenious,218
776,Inspiring,152
776,Jaw-dropping,42
776,OK,85
776,Obnoxious,176
776,Persuasive,131
777,Beautiful,179
777,Confusing,7
777,Courageous,179
777,Fascinating,214
777,Funny,234
777,Informative,191
777,Ingenious,218
777,Inspiring,207
777,Jaw-dropping,271
777,Longwinded,211
777,OK,84
777,Obnoxious,235
777,Persuasive,204
777,Unconvincing,55
778,Beautiful,42
778,Confusing,65
778,Courageous,55
778,Fascinating,71
778,Funny,63
778,Informative,70
778,Ingenious,86
778,Inspiring,52
778,Jaw-dropping,62
778,Longwinded,28
778,OK,88
778,Obnoxious,9
778,Persuasive,78
778,Unconvincing,68
779,Beautiful,261
779,Courageous,217
779,Fascinating,379
779,Funny,306
779,Informative,265
779,Ingenious,152
779,Inspiring,287
779,Jaw-dropping,179
779,Longwinded,6
779,OK,250
779,Obnoxious,92
779,Persuasive,266
779,Unconvincing,82
780,Beautiful,34
780,Confusing,21
780,Courageous,30
780,Fascinating,21
780,Funny,34
780,Informative,33
780,Ingenious,16
780,Inspiring,27
780,Jaw-dropping,4
780,Longwinded,6
780,OK,18
780,Obnoxious,31
780,Persuasive,29
780,Unconvincing,34
781,Beautiful,22
781,Confusing,16
781,Courageous,126
781,Fascinating,185
781,Funny,118
781,Informative,152
781,Ingenious,166
781,Inspiring,158
781,Jaw-dropping,173
781,Longwinded,94
781,OK,20
781,Obnoxious,61
781,Persuasive,138
781,Unconvincing,190
782,Beautiful,425
782,Confusing,369
782,Courageous,227
782,Fascinating,306
782,Funny,320
782,Informative,326
782,Ingenious,475
782,Inspiring,484
782,Jaw-dropping,180
782,Longwinded,82
782,OK,65
782,Obnoxious,463
782,Persuasive,224
782,Unconvincing,165
783,Beautiful,40
783,Confusing,1
783,Courageous,61
783,Fascinating,17
783,Funny,48
783,Informative,61
783,Ingenious,33
783,Inspiring,55
783,Jaw-dropping,28
783,Longwinded,7
783,Persuasive,55
783,Unconvincing,7
784,Beautiful,178
784,Confusing,89
784,Courageous,123
784,Fascinating,114
784,Funny,129
784,Informative,67
784,Ingenious,161
784,Inspiring,97
784,Jaw-dropping,56
784,Longwinded,70
784,OK,67
784,Obnoxious,77
784,Persuasive,33
784,Unconvincing,90
785,Beautiful,51
785,Confusing,45
785,Courageous,40
785,Fascinating,40
785,Funny,32
785,Informative,11
785,Ingenious,60
785,Inspiring,57
785,Jaw-dropping,49
785,Longwinded,8
785,OK,22
785,Obnoxious,6
785,Persuasive,51
785,Unconvincing,39
786,Beautiful,328
786,Confusing,84
786,Courageous,195
786,Fascinating,69
786,Funny,281
786,Informative,360
786,Ingenious,265
786,Inspiring,281
786,Jaw-dropping,123
786,Longwinded,187
786,OK,234
786,Obnoxious,4
786,Persuasive,229
786,Unconvincing,77
787,Beautiful,320
787,Confusing,169
787,Courageous,143
787,Fascinating,272
787,Funny,103
787,Informative,71
787,Ingenious,241
787,Inspiring,238
787,Jaw-dropping,289
787,Longwinded,1
787,OK,36
787,Obnoxious,60
787,Persuasive,248
787,Unconvincing,1
788,Beautiful,423
788,Confusing,54
788,Courageous,319
788,Fascinating,242
788,Funny,422
788,Informative,293
788,Ingenious,357
788,Inspiring,448
788,Jaw-dropping,378
788,Longwinded,3
788,OK,35
788,Obnoxious,438
788,Persuasive,273
788,Unconvincing,72
789,Beautiful,44
789,Courageous,24
789,Fascinating,46
789,Funny,45
789,Informative,44
789,Ingenious,51
789,Inspiring,43
789,Jaw-dropping,50
789,Longwinded,26
789,OK,12
789,Obnoxious,25
789,Persuasive,26
789,Unconvincing,6
790,Beautiful,800
790,Confusing,12
790,Courageous,629
790,Fascinating,695
790,Funny,824
790,Informative,533
790,Ingenious,194
790,Inspiring,699
790,Jaw-dropping,789
790,Longwinded,8
790,OK,51
790,Obnoxious,508
790,Persuasive,779
790,Unconvincing,5
791,Beautiful,209
791,Confusing,15
791,Courageous,396
791,Fascinating,317
791,Funny,405
791,Informative,166
791,Ingenious,102
791,Inspiring,395
791,Jaw-dropping,113
791,Longwinded,293
791,OK,91
791,Obnoxious,419
791,Persuasive,97
791,Unconvincing,188
792,Beautiful,9
792,Confusing,5
792,Courageous,11
792,Fascinating,10
792,Funny,7
792,Informative,6
792,Ingenious,9
792,Inspiring,1
792,Jaw-dropping,1
792,Longwinded,8
792,Obnoxious,5
792,Persuasive,3
792,Unconvincing,8
793,Beautiful,18
793,Confusing,59
793,Courageous,79
793,Fascinating,161
793,Funny,134
793,Informative,171
793,Ingenious,173
793,Inspiring,187
793,Jaw-dropping,52
793,Longwinded,3
793,OK,86
793,Persuasive,91
793,Unconvincing,17
794,Beautiful,9
794,Confusing,6
794,Courageous,10
794,Fascinating,12
794,Funny,10
794,Informative,12
794,Ingenious,8
794,Inspiring,13
794,Jaw-dropping,10
794,Longwinded,6
794,OK,13
794,Persuasive,13
794,Unconvincing,3
795,Beautiful,179
795,Confusing,41
795,Courageous,39
795,Fascinating,204
795,Funny,126
795,Informative,47
795,Ingenious,38
795,Inspiring,150
795,Jaw-dropping,171
795,OK,32
795,Obnoxious,27
795,Persuasive,132
795,Unconvincing,8
796,Beautiful,151
796,Confusing,56
796,Courageous,154
796,Fascinating,230
796,Funny,239
796,Informative,245
796,Ingenious,204
796,Inspiring,238
796,Jaw-dropping,239
796,Longwinded,55
796,OK,214
796,Obnoxious,6
796,Persuasive,283
796,Unconvincing,152
797,Beautiful,28
797,Courageous,30
797,Fascinating,21
797,Funny,48
797,Informative,6
797,Ingenious,11
797,Inspiring,40
797,Jaw-dropping,34
797,Longwinded,36
797,OK,5
797,Persuasive,32
797,Unconvincing,6
798,Beautiful,62
798,Confusing,57
798,Courageous,62
798,Fascinating,7
798,Funny,66
798,Informative,24
798,Ingenious,35
798,Inspiring,13
798,Jaw-dropping,36
798,Longwinded,7
798,OK,43
798,Obnoxious,51
798,Persuasive,50
798,Unconvincing,7
799,Beautiful,93
799,Confusing,29
799,Courageous,72
799,Fascinating,39
799,Funny,31
799,Informative,48
799,Ingenious,97
799,Inspiring,83
799,Jaw-dropping,91
799,Longwinded,58
799,OK,1
799,Obnoxious,18
799,Persuasive,88
799,Unconvincing,53
800,Beautiful,33
800,Courageous,23
800,Fascinating,38
800,Funny,48
800,Informative,41
800,Ingenious,34
800,Inspiring,19
800,Jaw-dropping,36
800,Longwinded,15
800,OK,4
800,Obnoxious,4
800,Persuasive,45
800,Unconvincing,2
801,Beautiful,265
801,Confusing,36
801,Courageous,108
801,Fascinating,94
801,Funny,287
801,Informative,197
801,Ingenious,192
801,Inspiring,214
801,Jaw-dropping,260
801,Longwinded,24
801,OK,261
801,Obnoxious,5
801,Persuasive,42
801,Unconvincing,14
802,Beautiful,47
802,Confusing,4
802,Courageous,21
802,Fascinating,22
802,Funny,50
802,Informative,43
802,Ingenious,40
802,Inspiring,49
802,Jaw-dropping,44
802,Longwinded,32
802,Obnoxious,10
802,Persuasive,49
802,Unconvincing,2
803,Beautiful,250
803,Confusing,155
803,Courageous,153
803,Fascinating,250
803,Funny,82
803,Informative,79
803,Ingenious,42
803,Inspiring,206
803,Jaw-dropping,162
803,Longwinded,50
803,OK,3
803,Obnoxious,17
803,Persuasive,226
803,Unconvincing,48
804,Beautiful,47
804,Confusing,168
804,Courageous,124
804,Fascinating,177
804,Funny,49
804,Informative,196
804,Ingenious,142
804,Inspiring,170
804,Jaw-dropping,93
804,Longwinded,57
804,OK,2
804,Obnoxious,55
804,Persuasive,116
805,Beautiful,421
805,Confusing,291
805,Courageous,655
805,Fascinating,225
805,Funny,302
805,Informative,653
805,Ingenious,552
805,Inspiring,357
805,Jaw-dropping,330
805,OK,5
805,Obnoxious,32
805,Persuasive,642
805,Unconvincing,98
806,Beautiful,55
806,Confusing,12
806,Courageous,25
806,Fascinating,55
806,Funny,6
806,Informative,48
806,Ingenious,51
806,Inspiring,22
806,Jaw-dropping,23
806,Longwinded,5
806,OK,3
806,Obnoxious,30
806,Persuasive,16
806,Unconvincing,16
807,Beautiful,29
807,Confusing,21
807,Courageous,17
807,Fascinating,11
807,Funny,15
807,Informative,23
807,Ingenious,13
807,Inspiring,26
807,Jaw-dropping,29
807,Longwinded,4
807,OK,20
807,Obnoxious,14
807,Persuasive,16
807,Unconvincing,12
808,Beautiful,385
808,Confusing,28
808,Courageous,120
808,Fascinating,631
808,Funny,450
808,Informative,363
808,Ingenious,288
808,Inspiring,594
808,Jaw-dropping,179
808,Longwinded,1
808,OK,1
808,Obnoxious,117
808,Persuasive,283
808,Unconvincing,270
809,Beautiful,14
809,Confusing,9
809,Courageous,32
809,Fascinating,18
809,Funny,17
809,Informative,18
809,Ingenious,20
809,Inspiring,17
809,Jaw-dropping,23
809,Longwinded,4
809,Obnoxious,19
809,Persuasive,33
809,Unconvincing,25
810,Beautiful,1
810,Courageous,7
810,Fascinating,8
810,Funny,10
810,Informative,9
810,Ingenious,6
810,Inspiring,8
810,Jaw-dropping,7
810,Longwinded,7
810,OK,7
810,Persuasive,6
810,Unconvincing,8
811,Beautiful,311
811,Courageous,232
811,Fascinating,127
811,Funny,231
811,Informative,198
811,Ingenious,259
811,Inspiring,38
811,Jaw-dropping,313
811,Longwinded,42
811,OK,5
811,Obnoxious,145
811,Persuasive,222
811,Unconvincing,106
812,Beautiful,93
812,Confusing,76
812,Courageous,91
812,Fascinating,64
812,Funny,90
812,Informative,95
812,Ingenious,57
812,Inspiring,24
812,Jaw-dropping,71
812,Longwinded,65
812,OK,35
812,Obnoxious,29
812,Persuasive,63
812,Unconvincing,92
813,Beautiful,26
813,Confusing,1
813,Courageous,25
813,Fascinating,9
813,Funny,29
813,Informative,31
813,Ingenious,13
813,Inspiring,20
813,Jaw-dropping,30
813,Longwinded,1
813,OK,14
813,Obnoxious,34
813,Persuasive,29
813,Unconvincing,14
814,Beautiful,29
814,Confusing,25
814,Courageous,61
814,Fascinating,32
814,Funny,64
814,Informative,41
814,Ingenious,80
814,Inspiring,62
814,Jaw-dropping,53
814,Longwinded,44
814,OK,17
814,Persuasive,90
814,Unconvincing,3
815,Beautiful,44
815,Confusing,8
815,Courageous,115
815,Fascinating,127
815,Funny,112
815,Informative,138
815,Ingenious,73
815,Inspiring,138
815,Jaw-dropping,128
815,Longwinded,1
815,OK,69
815,Obnoxious,66
815,Persuasive,93
815,Unconvincing,26
816,Beautiful,882
816,Confusing,287
816,Courageous,197
816,Fascinating,1593
816,Funny,336
816,Informative,947
816,Ingenious,970
816,Inspiring,1108
816,Jaw-dropping,960
816,Longwinded,1103
816,OK,1
816,Obnoxious,80
816,Persuasive,727
816,Unconvincing,241
817,Beautiful,24
817,Confusing,12
817,Courageous,24
817,Fascinating,15
817,Funny,21
817,Informative,21
817,Ingenious,15
817,Inspiring,11
817,Jaw-dropping,23
817,OK,10
817,Obnoxious,9
817,Persuasive,21
817,Unconvincing,9
818,Beautiful,10
818,Confusing,22
818,Courageous,10
818,Fascinating,22
818,Funny,9
818,Informative,16
818,Ingenious,14
818,Inspiring,24
818,Jaw-dropping,25
818,Longwinded,9
818,Persuasive,20
819,Beautiful,185
819,Confusing,169
819,Courageous,130
819,Fascinating,85
819,Funny,214
819,Informative,148
819,Ingenious,207
819,Inspiring,7
819,Jaw-dropping,156
819,Longwinded,142
819,OK,18
819,Obnoxious,112
819,Persuasive,205
819,Unconvincing,202
820,Beautiful,25
820,Confusing,13
820,Courageous,27
820,Fascinating,41
820,Funny,41
820,Informative,28
820,Ingenious,18
820,Inspiring,31
820,Jaw-dropping,29
820,Longwinded,2
820,OK,13
820,Obnoxious,26
820,Persuasive,34
820,Unconvincing,20
821,Beautiful,32
821,Confusing,28
821,Courageous,60
821,Fascinating,26
821,Funny,58
821,Informative,44
821,Ingenious,36
821,Inspiring,62
821,Jaw-dropping,41
821,OK,27
821,Persuasive,43
821,Unconvincing,14
822,Beautiful,2
822,Confusing,4
822,Courageous,10
822,Fascinating,7
822,Funny,10
822,Informative,1
822,Ingenious,13
822,Inspiring,6
822,Jaw-dropping,6
822,OK,12
822,Obnoxious,1
822,Persuasive,16
823,Beautiful,35
823,Courageous,18
823,Fascinating,42
823,Funny,51
823,Informative,26
823,Ingenious,29
823,Inspiring,52
823,Jaw-dropping,30
823,Longwinded,15
823,Obnoxious,2
823,Persuasive,48
823,Unconvincing,13
824,Beautiful,300
824,Confusing,203
824,Courageous,357
824,Fascinating,308
824,Funny,599
824,Informative,504
824,Ingenious,532
824,Inspiring,352
824,Jaw-dropping,319
824,Longwinded,277
824,Obnoxious,267
824,Persuasive,571
824,Unconvincing,206
825,Beautiful,232
825,Confusing,2
825,Courageous,225
825,Fascinating,183
825,Funny,238
825,Informative,191
825,Ingenious,116
825,Inspiring,225
825,Jaw-dropping,157
825,Longwinded,174
825,OK,143
825,Obnoxious,60
825,Persuasive,86
825,Unconvincing,223
826,Beautiful,503
826,Confusing,369
826,Courageous,377
826,Fascinating,221
826,Funny,317
826,Informative,359
826,Ingenious,319
826,Inspiring,180
826,Jaw-dropping,235
826,Longwinded,21
826,OK,341
826,Obnoxious,285
826,Persuasive,429
826,Unconvincing,186
827,Beautiful,89
827,Confusing,18
827,Courageous,103
827,Fascinating,127
827,Funny,18
827,Informative,125
827,Ingenious,123
827,Inspiring,70
827,Jaw-dropping,103
827,Longwinded,12
827,OK,1
827,Obnoxious,18
827,Persuasive,86
827,Unconvincing,16
828,Beautiful,23
828,Confusing,29
828,Courageous,32
828,Fascinating,36
828,Funny,37
828,Informative,9
828,Ingenious,35
828,Inspiring,31
828,Jaw-dropping,29
828,Longwinded,8
828,OK,36
828,Obnoxious,2
828,Persuasive,18
828,Unconvincing,1
829,Beautiful,17
829,Courageous,10
829,Fascinating,18
829,Funny,17
829,Informative,8
829,Ingenious,13
829,Inspiring,10
829,Jaw-dropping,19
829,Longwinded,18
829,OK,18
829,Persuasive,12
829,Unconvincing,2
830,Beautiful,17
830,Confusing,1
830,Courageous,18
830,Fascinating,25
830,Funny,19
830,Informative,28
830,Ingenious,24
830,Inspiring,26
830,Jaw-dropping,26
830,OK,19
830,Obnoxious,1
830,Persuasive,15
830,Unconvincing,14
831,Beautiful,87
831,Confusing,60
831,Courageous,149
831,Fascinating,140
831,Funny,43
831,Informative,140
831,Ingenious,159
831,Inspiring,159
831,Jaw-dropping,138
831,Longwinded,90
831,OK,67
831,Obnoxious,71
831,Persuasive,128
831,Unconvincing,80
832,Beautiful,105
832,Confusing,90
832,Courageous,93
832,Fascinating,151
832,Funny,123
832,Informative,136
832,Ingenious,116
832,Inspiring,15
832,Jaw-dropping,137
832,Longwinded,82
832,OK,113
832,Obnoxious,145
832,Persuasive,152
832,Unconvincing,83
833,Beautiful,17
833,Confusing,15
833,Courageous,15
833,Fascinating,18
833,Funny,17
833,Informative,13
833,Ingenious,10
833,Inspiring,9
833,Jaw-dropping,8
833,Longwinded,6
833,OK,12
833,Obnoxious,2
833,Persuasive,18
833,Unconvincing,2
834,Beautiful,255
834,Confusing,99
834,Courageous,187
834,Fascinating,293
834,Funny,430
834,Informative,438
834,Ingenious,65
834,Inspiring,268
834,Jaw-dropping,384
834,Longwinded,9
834,OK,23
834,Obnoxious,400
834,Persuasive,185
834,Unconvincing,97
835,Beautiful,65
835,Confusing,16
835,Courageous,36
835,Fascinating,55
835,Funny,12
835,Informative,39
835,Ingenious,63
835,Inspiring,63
835,Jaw-dropping,65
835,Longwinded,48
835,OK,73
835,Obnoxious,20
835,Persuasive,71
835,Unconvincing,16
836,Beautiful,43
836,Confusing,69
836,Courageous,86
836,Fascinating,48
836,Funny,83
836,Informative,42
836,Ingenious,61
836,Inspiring,92
836,Jaw-dropping,62
836,Longwinded,1
836,OK,34
836,Persuasive,88
836,Unconvincing,3
837,Beautiful,13
837,Courageous,16
837,Fascinating,13
837,Funny,17
837,Informative,19
837,Ingenious,3
837,Inspiring,13
837,Jaw-dropping,19
837,OK,9
837,Obnoxious,10
837,Persuasive,12
838,Beautiful,17
838,Confusing,6
838,Courageous,23
838,Fascinating,23
838,Funny,18
838,Informative,26
838,Ingenious,24
838,Inspiring,4
838,Jaw-dropping,23
838,Longwinded,6
838,OK,10
838,Persuasive,21
838,Unconvincing,19
839,Beautiful,21
839,Confusing,10
839,Courageous,20
839,Fascinating,24
839,Funny,24
839,Informative,16
839,Ingenious,10
839,Inspiring,21
839,Jaw-dropping,20
839,Longwinded,2
839,OK,24
839,Obnoxious,2
839,Persuasive,22
839,Unconvincing,1
840,Beautiful,98
840,Confusing,27
840,Courageous,86
840,Fascinating,134
840,Funny,102
840,Informative,30
840,Ingenious,114
840,Inspiring,110
840,Jaw-dropping,101
840,Longwinded,6
840,Obnoxious,26
840,Persuasive,17
840,Unconvincing,12
841,Beautiful,31
841,Confusing,2
841,Courageous,25
841,Fascinating,31
841,Funny,29
841,Informative,20
841,Ingenious,11
841,Inspiring,32
841,Jaw-dropping,33
841,Longwinded,31
841,OK,28
841,Obnoxious,25
841,Persuasive,32
841,Unconvincing,3
842,Beautiful,12
842,Confusing,3
842,Courageous,15
842,Fascinating,7
842,Funny,24
842,Informative,25
842,Ingenious,12
842,Inspiring,27
842,Jaw-dropping,24
842,Longwinded,24
842,OK,7
842,Obnoxious,16
842,Persuasive,25
842,Unconvincing,14
843,Beautiful,4
843,Confusing,4
843,Courageous,12
843,Fascinating,14
843,Funny,14
843,Informative,15
843,Ingenious,14
843,Inspiring,13
843,Jaw-dropping,6
843,Longwinded,1
843,Obnoxious,8
843,Persuasive,18
843,Unconvincing,5
844,Beautiful,57
844,Courageous,46
844,Fascinating,55
844,Funny,3
844,Informative,28
844,Ingenious,32
844,Inspiring,28
844,Jaw-dropping,72
844,Longwinded,38
844,OK,2
844,Obnoxious,28
844,Persuasive,31
844,Unconvincing,44
845,Beautiful,4
845,Confusing,6
845,Courageous,8
845,Fascinating,10
845,Funny,5
845,Informative,7
845,Ingenious,8
845,Inspiring,8
845,Jaw-dropping,8
845,Longwinded,5
845,OK,7
845,Obnoxious,7
845,Persuasive,8
846,Beautiful,418
846,Confusing,900
846,Courageous,432
846,Fascinating,609
846,Funny,658
846,Informative,870
846,Ingenious,705
846,Inspiring,924
846,Jaw-dropping,507
846,Longwinded,452
846,OK,578
846,Obnoxious,240
846,Persuasive,791
847,Beautiful,275
847,Confusing,261
847,Courageous,264
847,Fascinating,257
847,Funny,35
847,Informative,217
847,Ingenious,244
847,Inspiring,131
847,Jaw-dropping,224
847,Longwinded,221
847,OK,49
847,Obnoxious,262
847,Persuasive,204
847,Unconvincing,128
848,Beautiful,7
848,Courageous,11
848,Fascinating,12
848,Funny,11
848,Informative,9
848,Ingenious,6
848,Inspiring,8
848,Jaw-dropping,9
848,Longwinded,1
848,OK,10
848,Persuasive,5
848,Unconvincing,6
849,Beautiful,168
849,Courageous,101
849,Fascinating,48
849,Funny,137
849,Informative,160
849,Ingenious,105
849,Inspiring,63
849,Jaw-dropping,127
849,Longwinded,23
849,Obnoxious,8
849,Persuasive,122
849,Unconvincing,97
850,Beautiful,530
850,Courageous,400
850,Fascinating,220
850,Funny,395
850,Informative,190
850,Ingenious,195
850,Inspiring,280
850,Jaw-dropping,172
850,Longwinded,143
850,OK,94
850,Obnoxious,72
850,Persuasive,508
850,Unconvincing,44
851,Beautiful,138
851,Confusing,9
851,Courageous,138
851,Fascinating,55
851,Funny,83
851,Informative,50
851,Ingenious,236
851,Inspiring,216
851,Jaw-dropping,214
851,Longwinded,203
851,OK,101
851,Obnoxious,85
851,Persuasive,189
851,Unconvincing,10
852,Beautiful,21
852,Courageous,6
852,Fascinating,29
852,Funny,25
852,Informative,15
852,Ingenious,20
852,Inspiring,20
852,Jaw-dropping,27
852,Longwinded,2
852,OK,12
852,Obnoxious,2
852,Persuasive,26
852,Unconvincing,17
853,Beautiful,134
853,Confusing,472
853,Courageous,336
853,Fascinating,429
853,Funny,207
853,Informative,115
853,Ingenious,200
853,Inspiring,464
853,Jaw-dropping,327
853,Longwinded,314
853,OK,119
853,Obnoxious,32
853,Persuasive,266
853,Unconvincing,6
854,Beautiful,44
854,Confusing,1047
854,Courageous,1129
854,Fascinating,863
854,Funny,575
854,Informative,313
854,Ingenious,966
854,Inspiring,1167
854,Jaw-dropping,1011
854,Longwinded,19
854,OK,1381
854,Obnoxious,7
854,Persuasive,1094
854,Unconvincing,138
855,Beautiful,33
855,Confusing,5
855,Courageous,14
855,Fascinating,15
855,Funny,31
855,Informative,33
855,Ingenious,9
855,Inspiring,18
855,Jaw-dropping,36
855,Longwinded,10
855,OK,19
855,Obnoxious,31
855,Persuasive,22
855,Unconvincing,30
856,Beautiful,9
856,Confusing,11
856,Courageous,4
856,Fascinating,10
856,Funny,8
856,Informative,11
856,Ingenious,13
856,Inspiring,11
856,Jaw-dropping,10
856,Longwinded,4
856,OK,1
856,Persuasive,8
856,Unconvincing,3
857,Beautiful,116
857,Confusing,220
857,Courageous,220
857,Fascinating,236
857,Funny,222
857,Informative,150
857,Ingenious,96
857,Inspiring,77
857,Jaw-dropping,205
857,Longwinded,9
857,OK,211
857,Obnoxious,33
857,Persuasive,75
857,Unconvincing,150
858,Beautiful,269
858,Confusing,147
858,Courageous,152
858,Fascinating,121
858,Funny,212
858,Informative,281
858,Ingenious,285
858,Inspiring,210
858,Jaw-dropping,222
858,Longwinded,155
858,OK,139
858,Obnoxious,116
858,Persuasive,130
858,Unconvincing,261
859,Beautiful,41
859,Confusing,13
859,Courageous,16
859,Fascinating,12
859,Funny,35
859,Informative,52
859,Ingenious,26
859,Inspiring,54
859,Jaw-dropping,34
859,OK,13
859,Obnoxious,48
859,Persuasive,47
859,Unconvincing,2
860,Beautiful,150
860,Confusing,41
860,Courageous,410
860,Fascinating,413
860,Funny,361
860,Informative,35
860,Ingenious,82
860,Inspiring,230
860,Jaw-dropping,289
860,Longwinded,2
860,OK,5
860,Persuasive,222
860,Unconvincing,153
861,Beautiful,20
861,Confusing,27
861,Courageous,24
861,Fascinating,42
861,Funny,52
861,Informative,42
861,Ingenious,41
861,Inspiring,39
861,Jaw-dropping,55
861,Longwinded,4
861,Persuasive,65
861,Unconvincing,32
862,Beautiful,54
862,Courageous,43
862,Fascinating,26
862,Funny,45
862,Informative,30
862,Ingenious,34
862,Inspiring,36
862,Jaw-dropping,40
862,Longwinded,33
862,OK,10
862,Persuasive,59
862,Unconvincing,37
863,Beautiful,20
863,Courageous,13
863,Fascinating,19
863,Funny,2
863,Informative,7
863,Ingenious,21
863,Inspiring,19
863,Jaw-dropping,10
863,Longwinded,6
863,OK,11
863,Obnoxious,5
863,Persuasive,20
863,Unconvincing,2
864,Beautiful,13
864,Confusing,18
864,Courageous,20
864,Fascinating,23
864,Funny,36
864,Informative,38
864,Ingenious,33
864,Inspiring,33
864,Jaw-dropping,23
864,Longwinded,3
864,OK,4
864,Persuasive,33
864,Unconvincing,29
865,Beautiful,332
865,Confusing,206
865,Courageous,240
865,Fascinating,442
865,Funny,295
865,Informative,411
865,Ingenious,194
865,Inspiring,222
865,Jaw-dropping,353
865,Longwinded,42
865,OK,6
865,Obnoxious,435
865,Persuasive,341
865,Unconvincing,24
866,Beautiful,46
866,Confusing,27
866,Courageous,53
866,Fascinating,40
866,Funny,59
866,Informative,40
866,Ingenious,62
866,Inspiring,33
866,Jaw-dropping,55
866,Longwinded,21
866,OK,58
866,Obnoxious,32
866,Persuasive,36
866,Unconvincing,26
867,Beautiful,2
867,Confusing,8
867,Courageous,16
867,Fascinating,16
867,Funny,3
867,Informative,11
867,Ingenious,13
867,Inspiring,9
867,Jaw-dropping,14
867,Longwinded,14
867,OK,12
867,Persuasive,7
867,Unconvincing,14
868,Beautiful,28
868,Courageous,25
868,Fascinating,25
868,Funny,28
868,Informative,25
868,Ingenious,25
868,Inspiring,15
868,Jaw-dropping,24
868,Longwinded,1
868,OK,29
868,Obnoxious,27
868,Persuasive,27
868,Unconvincing,27
869,Beautiful,91
869,Confusing,73
869,Courageous,8
869,Fascinating,93
869,Funny,68
869,Informative,106
869,Ingenious,80
869,Inspiring,120
869,Jaw-dropping,4
869,Longwinded,2
869,OK,18
869,Obnoxious,1
869,Persuasive,99
869,Unconvincing,94
870,Beautiful,42
870,Confusing,69
870,Courageous,99
870,Fascinating,130
870,Funny,59
870,Informative,54
870,Ingenious,111
870,Inspiring,58
870,Jaw-dropping,110
870,Longwinded,8
870,OK,71
870,Obnoxious,3
870,Persuasive,80
870,Unconvincing,14
871,Beautiful,86
871,Confusing,16
871,Courageous,78
871,Fascinating,114
871,Funny,99
871,Informative,99
871,Ingenious,102
871,Inspiring,110
871,Jaw-dropping,43
871,Longwinded,88
871,OK,23
871,Obnoxious,30
871,Persuasive,104
871,Unconvincing,90
872,Beautiful,2
872,Confusing,1
872,Fascinating,2
872,Funny,2
872,Informative,1
872,Ingenious,1
872,Inspiring,2
872,Jaw-dropping,1
872,OK,1
872,Obnoxious,1
872,Persuasive,1
873,Beautiful,237
873,Confusing,1
873,Courageous,231
873,Fascinating,134
873,Funny,199
873,Informative,165
873,Ingenious,250
873,Inspiring,193
873,Jaw-dropping,92
873,Longwinded,202
873,OK,130
873,Obnoxious,58
873,Persuasive,214
873,Unconvincing,45
874,Beautiful,62
874,Courageous,17
874,Fascinating,57
874,Funny,70
874,Informative,94
874,Ingenious,94
874,Inspiring,56
874,Jaw-dropping,16
874,Longwinded,18
874,Obnoxious,64
874,Persuasive,59
874,Unconvincing,5
875,Beautiful,162
875,Confusing,61
875,Courageous,361
875,Fascinating,189
875,Funny,280
875,Informative,150
875,Ingenious,294
875,Inspiring,214
875,Jaw-dropping,241
875,Longwinded,2
875,Obnoxious,6
875,Persuasive,188
875,Unconvincing,48
876,Beautiful,40
876,Confusing,1
876,Courageous,38
876,Fascinating,31
876,Funny,11
876,Informative,19
876,Ingenious,32
876,Inspiring,21
876,Jaw-dropping,32
876,Longwinded,19
876,OK,37
876,Persuasive,33
876,Unconvincing,28
877,Beautiful,30
877,Confusing,37
877,Courageous,38
877,Fascinating,32
877,Funny,24
877,Informative,37
877,Ingenious,15
877,Inspiring,38
877,Jaw-dropping,40
877,OK,35
877,Obnoxious,6
877,Persuasive,31
878,Beautiful,245
878,Confusing,19
878,Courageous,194
878,Fascinating,72
878,Funny,291
878,Informative,178
878,Ingenious,231
878,Inspiring,200
878,Jaw-dropping,281
878,Longwinded,12
878,OK,1
878,Obnoxious,150
878,Persuasive,281
878,Unconvincing,255
879,Beautiful,49
879,Confusing,11
879,Courageous,17
879,Fascinating,39
879,Funny,48
879,Informative,18
879,Ingenious,43
879,Inspiring,28
879,Jaw-dropping,45
879,OK,29
879,Obnoxious,33
879,Persuasive,18
879,Unconvincing,17
880,Beautiful,3319
880,Confusing,2394
880,Courageous,3647
880,Fascinating,3694
880,Funny,2761
880,Informative,4012
880,Ingenious,3525
880,Inspiring,991
880,Jaw-dropping,2735
880,Longwinded,110
880,OK,3
880,Obnoxious,19
880,Persuasive,3129
880,Unconvincing,2179
881,Beautiful,186
881,Confusing,31
881,Courageous,153
881,Fascinating,56
881,Funny,203
881,Informative,195
881,Ingenious,155
881,Inspiring,240
881,Jaw-dropping,251
881,Longwinded,15
881,OK,70
881,Obnoxious,234
881,Persuasive,146
881,Unconvincing,138
882,Beautiful,7
882,Confusing,17
882,Courageous,31
882,Fascinating,22
882,Funny,22
882,Informative,2
882,Ingenious,30
882,Inspiring,20
882,Jaw-dropping,31
882,Longwinded,11
882,OK,5
882,Obnoxious,9
882,Persuasive,29
882,Unconvincing,16
883,Beautiful,44
883,Confusing,4
883,Courageous,63
883,Fascinating,73
883,Funny,56
883,Informative,73
883,Ingenious,46
883,Inspiring,24
883,Jaw-dropping,41
883,Longwinded,3
883,Obnoxious,5
883,Persuasive,59
883,Unconvincing,40
884,Beautiful,92
884,Confusing,4
884,Courageous,151
884,Fascinating,239
884,Funny,177
884,Informative,247
884,Ingenious,317
884,Inspiring,324
884,Jaw-dropping,180
884,Longwinded,49
884,OK,28
884,Obnoxious,119
884,Persuasive,203
884,Unconvincing,15
885,Beautiful,33
885,Confusing,24
885,Courageous,37
885,Fascinating,31
885,Funny,39
885,Informative,33
885,Ingenious,5
885,Inspiring,22
885,Jaw-dropping,14
885,Longwinded,9
885,OK,1
885,Persuasive,9
885,Unconvincing,7
886,Beautiful,542
886,Courageous,644
886,Fascinating,484
886,Funny,507
886,Informative,214
886,Ingenious,432
886,Inspiring,617
886,Jaw-dropping,202
886,Longwinded,26
886,OK,1
886,Obnoxious,228
886,Persuasive,445
887,Beautiful,8
887,Confusing,4
887,Courageous,6
887,Fascinating,5
887,Funny,8
887,Informative,4
887,Ingenious,7
887,Inspiring,6
887,Jaw-dropping,1
887,Longwinded,7
887,Obnoxious,2
887,Persuasive,3
887,Unconvincing,5
888,Beautiful,53
888,Confusing,53
888,Courageous,85
888,Fascinating,70
888,Funny,100
888,Informative,71
888,Ingenious,116
888,Inspiring,102
888,Jaw-dropping,79
888,OK,1
888,Obnoxious,48
888,Persuasive,67
888,Unconvincing,44
889,Beautiful,797
889,Confusing,197
889,Courageous,211
889,Fascinating,116
889,Funny,916
889,Informative,664
889,Ingenious,368
889,Inspiring,693
889,Jaw-dropping,648
889,Longwinded,142
889,OK,182
889,Obnoxious,225
889,Persuasive,456
889,Unconvincing,62
890,Beautiful,86
890,Confusing,11
890,Courageous,60
890,Fascinating,73
890,Funny,55
890,Informative,75
890,Ingenious,79
890,Inspiring,11
890,Jaw-dropping,57
890,Longwinded,6
890,OK,42
890,Obnoxious,5
890,Persuasive,69
890,Unconvincing,2
891,Beautiful,155
891,Confusing,86
891,Courageous,204
891,Fascinating,79
891,Funny,227
891,Informative,179
891,Ingenious,223
891,Inspiring,218
891,Jaw-dropping,206
891,Longwinded,80
891,OK,73
891,Obnoxious,116
891,Persuasive,78
891,Unconvincing,6
892,Beautiful,55
892,Confusing,7
892,Courageous,42
892,Fascinating,70
892,Funny,26
892,Informative,64
892,Ingenious,65
892,Inspiring,30
892,Jaw-dropping,47
892,Longwinded,13
892,OK,25
892,Obnoxious,3
892,Persuasive,89
892,Unconvincing,7
893,Beautiful,303
893,Courageous,249
893,Fascinating,248
893,Funny,200
893,Informative,245
893,Ingenious,303
893,Inspiring,23
893,Jaw-dropping,200
893,Longwinded,24
893,Obnoxious,235
893,Persuasive,236
893,Unconvincing,163
894,Beautiful,13
894,Courageous,14
894,Fascinating,5
894,Funny,27
894,Informative,24
894,Ingenious,11
894,Inspiring,25
894,Jaw-dropping,18
894,OK,1
894,Obnoxious,9
894,Persuasive,6
894,Unconvincing,8
895,Beautiful,13
895,Confusing,9
895,Courageous,14
895,Fascinating,9
895,Funny,13
895,Informative,10
895,Ingenious,5
895,Inspiring,5
895,Jaw-dropping,8
895,Longwinded,2
895,Obnoxious,3
895,Persuasive,11
895,Unconvincing,2
896,Beautiful,67
896,Confusing,12
896,Courageous,43
896,Fascinating,17
896,Funny,68
896,Informative,40
896,Ingenious,59
896,Inspiring,65
896,Jaw-dropping,32
896,Longwinded,6
896,OK,62
896,Obnoxious,16
896,Persuasive,41
896,Unconvincing,32
897,Beautiful,21
897,Confusing,4
897,Courageous,23
897,Fascinating,21
897,Funny,21
897,Informative,22
897,Ingenious,10
897,Inspiring,24
897,Jaw-dropping,15
897,OK,1
897,Obnoxious,13
897,Persuasive,13
897,Unconvincing,4
898,Beautiful,127
898,Confusing,56
898,Courageous,459
898,Fascinating,383
898,Funny,332
898,Informative,466
898,Ingenious,389
898,Inspiring,452
898,Jaw-dropping,283
898,Longwinded,125
898,OK,355
898,Obnoxious,1
898,Persuasive,304
898,Unconvincing,16
899,Beautiful,46
899,Confusing,6
899,Courageous,145
899,Fascinating,59
899,Funny,70
899,Informative,50
899,Ingenious,112
899,Inspiring,139
899,Jaw-dropping,148
899,Longwinded,74
899,OK,20
899,Obnoxious,2
899,Persuasive,33
900,Beautiful,7
900,Courageous,11
900,Fascinating,12
900,Funny,13
900,Informative,11
900,Ingenious,10
900,Inspiring,11
900,Jaw-dropping,10
900,Longwinded,12
900,OK,12
900,Obnoxious,4
900,Persuasive,13
900,Unconvincing,4
901,Beautiful,12
901,Confusing,3
901,Courageous,13
901,Fascinating,19
901,Funny,9
901,Informative,4
901,Ingenious,13
901,Inspiring,18
901,Jaw-dropping,14
901,Longwinded,19
901,OK,12
901,Obnoxious,10
901,Persuasive,3
902,Beautiful,36
902,Confusing,78
902,Courageous,45
902,Fascinating,64
902,Funny,24
902,Informative,75
902,Ingenious,38
902,Inspiring,79
902,Jaw-dropping,57
902,Longwinded,21
902,OK,1
902,Obnoxious,29
902,Persuasive,36
902,Unconvincing,44
903,Beautiful,42
903,Confusing,47
903,Courageous,54
903,Fascinating,58
903,Funny,55
903,Informative,52
903,Ingenious,55
903,Inspiring,24
903,Jaw-dropping,45
903,Longwinded,12
903,OK,1
903,Obnoxious,3
903,Persuasive,50
903,Unconvincing,21
904,Beautiful,175
904,Confusing,3
904,Courageous,260
904,Fascinating,245
904,Funny,36
904,Informative,173
904,Ingenious,199
904,Inspiring,200
904,Jaw-dropping,62
904,Longwinded,155
904,OK,2
904,Obnoxious,209
904,Persuasive,129
904,Unconvincing,25
905,Beautiful,6
905,Confusing,9
905,Courageous,17
905,Fascinating,18
905,Funny,31
905,Informative,13
905,Ingenious,8
905,Inspiring,5
905,Jaw-dropping,30
905,Longwinded,14
905,OK,4
905,Persuasive,29
905,Unconvincing,13
906,Beautiful,121
906,Confusing,2
906,Courageous,92
906,Fascinating,19
906,Funny,84
906,Informative,40
906,Ingenious,66
906,Inspiring,132
906,Jaw-dropping,125
906,Longwinded,40
906,OK,62
906,Obnoxious,8
906,Persuasive,97
906,Unconvincing,16
907,Beautiful,169
907,Confusing,45
907,Courageous,119
907,Fascinating,164
907,Funny,126
907,Informative,116
907,Ingenious,153
907,Inspiring,133
907,Jaw-dropping,170
907,Longwinded,8
907,OK,8
907,Obnoxious,15
907,Persuasive,130
907,Unconvincing,1
908,Beautiful,29
908,Confusing,30
908,Courageous,103
908,Fascinating,139
908,Funny,133
908,Informative,123
908,Ingenious,131
908,Inspiring,103
908,Jaw-dropping,139
908,Longwinded,15
908,OK,51
908,Obnoxious,14
908,Persuasive,137
908,Unconvincing,139
909,Beautiful,190
909,Confusing,5
909,Courageous,294
909,Fascinating,272
909,Funny,148
909,Informative,199
909,Ingenious,122
909,Inspiring,275
909,Jaw-dropping,243
909,Longwinded,191
909,OK,6
909,Obnoxious,281
909,Persuasive,271
909,Unconvincing,113
910,Beautiful,161
910,Confusing,41
910,Courageous,247
910,Fascinating,94
910,Funny,275
910,Informative,254
910,Ingenious,241
910,Inspiring,304
910,Jaw-dropping,177
910,Longwinded,237
910,OK,2
910,Persuasive,88
910,Unconvincing,84
911,Beautiful,71
911,Confusing,72
911,Courageous,54
911,Fascinating,6
911,Funny,20
911,Informative,55
911,Ingenious,75
911,Inspiring,46
911,Jaw-dropping,51
911,OK,12
911,Obnoxious,55
911,Persuasive,61
911,Unconvincing,18
912,Beautiful,62
912,Confusing,21
912,Courageous,106
912,Fascinating,74
912,Funny,84
912,Informative,40
912,Ingenious,82
912,Inspiring,103
912,Jaw-dropping,96
912,Longwinded,46
912,OK,95
912,Obnoxious,36
912,Persuasive,80
912,Unconvincing,9
913,Beautiful,97
913,Confusing,85
913,Courageous,57
913,Fascinating,116
913,Funny,95
913,Informative,126
913,Ingenious,121
913,Inspiring,91
913,Jaw-dropping,128
913,Longwinded,12
913,OK,9
913,Persuasive,87
913,Unconvincing,13
914,Beautiful,292
914,Confusing,64
914,Courageous,271
914,Fascinating,223
914,Funny,273
914,Informative,323
914,Ingenious,133
914,Inspiring,284
914,Jaw-dropping,292
914,Longwinded,68
914,OK,87
914,Obnoxious,327
914,Persuasive,248
914,Unconvincing,67
915,Beautiful,1178
915,Confusing,7
915,Courageous,1445
915,Fascinating,1755
915,Funny,1479
915,Informative,1483
915,Ingenious,1250
915,Inspiring,1841
915,Jaw-dropping,1160
915,Longwinded,276
915,OK,145
915,Obnoxious,439
915,Persuasive,2113
915,Unconvincing,7
916,Beautiful,26
916,Confusing,3
916,Courageous,48
916,Fascinating,45
916,Funny,37
916,Informative,12
916,Ingenious,30
916,Inspiring,41
916,Jaw-dropping,11
916,Longwinded,7
916,Obnoxious,19
916,Persuasive,44
917,Beautiful,11
917,Confusing,14
917,Courageous,4
917,Fascinating,12
917,Funny,10
917,Informative,8
917,Ingenious,5
917,Inspiring,10
917,Jaw-dropping,4
917,Longwinded,11
917,Obnoxious,1
917,Persuasive,13
917,Unconvincing,1
918,Beautiful,22
918,Confusing,5
918,Courageous,18
918,Fascinating,13
918,Funny,10
918,Informative,9
918,Ingenious,22
918,Inspiring,13
918,Jaw-dropping,15
918,Longwinded,13
918,Persuasive,12
918,Unconvincing,1
919,Beautiful,56
919,Confusing,1
919,Courageous,47
919,Fascinating,54
919,Funny,40
919,Informative,30
919,Ingenious,22
919,Inspiring,55
919,Jaw-dropping,43
919,Longwinded,13
919,OK,23
919,Obnoxious,1
919,Persuasive,62
919,Unconvincing,18
920,Beautiful,266
920,Confusing,336
920,Courageous,439
920,Fascinating,338
920,Funny,372
920,Informative,594
920,Ingenious,454
920,Inspiring,558
920,Jaw-dropping,561
920,Longwinded,187
920,Obnoxious,226
920,Persuasive,301
920,Unconvincing,130
921,Beautiful,45
921,Confusing,3
921,Courageous,43
921,Fascinating,22
921,Funny,42
921,Informative,44
921,Ingenious,22
921,Inspiring,26
921,Jaw-dropping,32
921,Longwinded,2
921,OK,3
921,Obnoxious,30
921,Persuasive,39
921,Unconvincing,4
922,Beautiful,615
922,Confusing,818
922,Courageous,698
922,Fascinating,316
922,Funny,752
922,Informative,575
922,Ingenious,569
922,Inspiring,396
922,Jaw-dropping,298
922,Longwinded,152
922,OK,29
922,Persuasive,685
922,Unconvincing,87
923,Beautiful,69
923,Confusing,24
923,Courageous,85
923,Fascinating,58
923,Funny,45
923,Informative,52
923,Ingenious,60
923,Inspiring,73
923,Jaw-dropping,20
923,Longwinded,48
923,Persuasive,83
923,Unconvincing,87
924,Beautiful,18
924,Confusing,15
924,Courageous,7
924,Fascinating,17
924,Funny,16
924,Informative,14
924,Ingenious,11
924,Inspiring,10
924,Jaw-dropping,17
924,Longwinded,18
924,OK,10
924,Persuasive,9
924,Unconvincing,2
925,Beautiful,26
925,Confusing,2
925,Courageous,17
925,Fascinating,52
925,Funny,35
925,Informative,41
925,Ingenious,43
925,Inspiring,41
925,Jaw-dropping,26
925,Longwinded,42
925,OK,18
925,Obnoxious,38
925,Persuasive,35
926,Beautiful,69
926,Confusing,9
926,Courageous,71
926,Fascinating,50
926,Funny,62
926,Informative,61
926,Ingenious,71
926,Inspiring,66
926,Jaw-dropping,73
926,Longwinded,53
926,OK,10
926,Obnoxious,35
926,Persuasive,32
926,Unconvincing,35
927,Beautiful,652
927,Confusing,222
927,Courageous,415
927,Fascinating,236
927,Funny,433
927,Informative,297
927,Ingenious,397
927,Inspiring,298
927,Jaw-dropping,595
927,Longwinded,488
927,OK,640
927,Obnoxious,250
927,Persuasive,632
927,Unconvincing,81
928,Beautiful,80
928,Confusing,142
928,Courageous,214
928,Fascinating,247
928,Funny,146
928,Informative,148
928,Ingenious,82
928,Inspiring,242
928,Jaw-dropping,160
928,Longwinded,1
928,OK,110
928,Obnoxious,9
928,Persuasive,63
928,Unconvincing,140
929,Beautiful,42
929,Confusing,65
929,Courageous,28
929,Fascinating,38
929,Funny,71
929,Informative,34
929,Ingenious,58
929,Inspiring,59
929,Jaw-dropping,48
929,Longwinded,16
929,OK,39
929,Obnoxious,2
929,Persuasive,61
929,Unconvincing,1
930,Beautiful,204
930,Confusing,163
930,Courageous,163
930,Fascinating,204
930,Funny,199
930,Informative,224
930,Ingenious,66
930,Inspiring,74
930,Jaw-dropping,209
930,Longwinded,122
930,OK,1
930,Obnoxious,32
930,Persuasive,174
930,Unconvincing,39
931,Beautiful,83
931,Confusing,84
931,Courageous,151
931,Fascinating,226
931,Funny,120
931,Informative,193
931,Ingenious,122
931,Inspiring,161
931,Jaw-dropping,156
931,Longwinded,51
931,OK,54
931,Obnoxious,140
931,Persuasive,230
931,Unconvincing,127
932,Beautiful,342
932,Confusing,595
932,Courageous,423
932,Fascinating,370
932,Funny,591
932,Informative,645
932,Ingenious,746
932,Inspiring,662
932,Jaw-dropping,750
932,Longwinded,678
932,OK,689
932,Obnoxious,181
932,Persuasive,745
932,Unconvincing,173
933,Beautiful,95
933,Confusing,11
933,Courageous,57
933,Fascinating,72
933,Funny,93
933,Informative,46
933,Ingenious,89
933,Inspiring,51
933,Jaw-dropping,99
933,OK,3
933,Obnoxious,28
933,Persuasive,106
933,Unconvincing,41
934,Beautiful,27
934,Confusing,39
934,Courageous,62
934,Fascinating,46
934,Funny,30
934,Informative,59
934,Ingenious,42
934,Inspiring,29
934,Jaw-dropping,15
934,Longwinded,50
934,Obnoxious,9
934,Persuasive,47
934,Unconvincing,60
935,Beautiful,190
935,Confusing,51
935,Courageous,171
935,Fascinating,139
935,Funny,170
935,Informative,282
935,Ingenious,204
935,Inspiring,230
935,Jaw-dropping,203
935,Longwinded,128
935,OK,4
935,Obnoxious,265
935,Persuasive,297
936,Beautiful,80
936,Courageous,98
936,Fascinating,97
936,Funny,65
936,Informative,97
936,Ingenious,26
936,Inspiring,64
936,Jaw-dropping,49
936,Longwinded,96
936,OK,29
936,Obnoxious,67
936,Persuasive,17
936,Unconvincing,91
937,Beautiful,22
937,Confusing,4
937,Courageous,31
937,Fascinating,29
937,Funny,38
937,Informative,20
937,Ingenious,21
937,Inspiring,33
937,Jaw-dropping,38
937,Longwinded,28
937,OK,1
937,Obnoxious,25
937,Persuasive,25
937,Unconvincing,8
938,Beautiful,14
938,Courageous,5
938,Fascinating,18
938,Funny,24
938,Informative,18
938,Ingenious,19
938,Inspiring,16
938,Jaw-dropping,10
938,Longwinded,19
938,OK,12
938,Obnoxious,6
938,Persuasive,12
939,Beautiful,240
939,Confusing,68
939,Courageous,225
939,Fascinating,180
939,Funny,214
939,Informative,147
939,Ingenious,107
939,Inspiring,148
939,Jaw-dropping,121
939,Longwinded,157
939,OK,1
939,Obnoxious,39
939,Persuasive,189
940,Beautiful,39
940,Confusing,58
940,Courageous,26
940,Fascinating,40
940,Funny,57
940,Informative,51
940,Ingenious,11
940,Inspiring,65
940,Jaw-dropping,28
940,Longwinded,1
940,Obnoxious,42
940,Persuasive,23
940,Unconvincing,19
941,Beautiful,34
941,Confusing,2
941,Courageous,18
941,Fascinating,11
941,Funny,33
941,Informative,37
941,Ingenious,28
941,Inspiring,35
941,Jaw-dropping,42
941,Longwinded,5
941,Obnoxious,6
941,Persuasive,34
942,Beautiful,6
942,Confusing,1
942,Courageous,18
942,Fascinating,19
942,Funny,13
942,Informative,18
942,Ingenious,13
942,Inspiring,15
942,Jaw-dropping,13
942,OK,12
942,Obnoxious,1
942,Persuasive,9
942,Unconvincing,5
943,Beautiful,60
943,Confusing,56
943,Courageous,60
943,Fascinating,43
943,Funny,40
943,Informative,11
943,Ingenious,21
943,Inspiring,21
943,Jaw-dropping,25
943,Longwinded,12
943,OK,55
943,Obnoxious,13
943,Persuasive,53
943,Unconvincing,13
944,Beautiful,18
944,Confusing,8
944,Courageous,20
944,Fascinating,8
944,Funny,14
944,Informative,21
944,Ingenious,4
944,Inspiring,14
944,Jaw-dropping,20
944,Longwinded,4
944,OK,19
944,Obnoxious,19
944,Persuasive,15
944,Unconvincing,6
945,Beautiful,37
945,Confusing,2
945,Courageous,51
945,Fascinating,60
945,Funny,46
945,Informative,57
945,Ingenious,62
945,Inspiring,61
945,Jaw-dropping,34
945,Longwinded,1
945,OK,12
945,Obnoxious,34
945,Persuasive,22
945,Unconvincing,55
946,Beautiful,61
946,Confusing,5
946,Courageous,50
946,Fascinating,48
946,Funny,26
946,Informative,34
946,Ingenious,52
946,Inspiring,56
946,Jaw-dropping,54
946,Longwinded,52
946,OK,7
946,Persuasive,48
947,Beautiful,24
947,Confusing,15
947,Courageous,43
947,Fascinating,11
947,Funny,43
947,Informative,47
947,Ingenious,43
947,Inspiring,29
947,Jaw-dropping,44
947,Longwinded,2
947,OK,16
947,Obnoxious,37
947,Persuasive,40
948,Beautiful,38
948,Confusing,76
948,Courageous,150
948,Fascinating,65
948,Funny,53
948,Informative,101
948,Ingenious,143
948,Inspiring,110
948,Jaw-dropping,147
948,Longwinded,81
948,OK,60
948,Obnoxious,21
948,Persuasive,87
948,Unconvincing,28
949,Beautiful,43
949,Confusing,5
949,Courageous,35
949,Fascinating,57
949,Funny,57
949,Informative,38
949,Ingenious,35
949,Inspiring,30
949,Jaw-dropping,23
949,Longwinded,48
949,OK,5
949,Obnoxious,22
949,Persuasive,43
950,Beautiful,48
950,Courageous,65
950,Fascinating,95
950,Funny,109
950,Informative,145
950,Ingenious,137
950,Inspiring,98
950,Jaw-dropping,107
950,Longwinded,23
950,OK,52
950,Obnoxious,85
950,Persuasive,150
950,Unconvincing,40
951,Beautiful,550
951,Confusing,285
951,Courageous,517
951,Fascinating,206
951,Funny,616
951,Informative,282
951,Ingenious,188
951,Inspiring,324
951,Jaw-dropping,157
951,Longwinded,1
951,OK,248
951,Obnoxious,57
951,Persuasive,589
951,Unconvincing,5
952,Beautiful,183
952,Confusing,12
952,Courageous,138
952,Fascinating,176
952,Funny,94
952,Informative,87
952,Ingenious,103
952,Inspiring,177
952,Jaw-dropping,136
952,Longwinded,10
952,OK,18
952,Obnoxious,33
952,Persuasive,152
952,Unconvincing,97
953,Beautiful,254
953,Confusing,180
953,Courageous,332
953,Fascinating,416
953,Funny,607
953,Informative,545
953,Ingenious,365
953,Inspiring,279
953,Jaw-dropping,552
953,Longwinded,515
953,OK,262
953,Persuasive,610
953,Unconvincing,502
954,Beautiful,34
954,Confusing,98
954,Courageous,166
954,Fascinating,191
954,Funny,58
954,Informative,180
954,Ingenious,139
954,Inspiring,64
954,Jaw-dropping,145
954,Longwinded,105
954,OK,31
954,Obnoxious,89
954,Persuasive,163
954,Unconvincing,172
955,Beautiful,17
955,Courageous,16
955,Fascinating,20
955,Funny,17
955,Informative,14
955,Ingenious,20
955,Inspiring,15
955,Jaw-dropping,11
955,OK,10
955,Obnoxious,9
955,Persuasive,20
955,Unconvincing,11
956,Beautiful,239
956,Confusing,175
956,Courageous,268
956,Fascinating,250
956,Funny,203
956,Informative,309
956,Ingenious,283
956,Inspiring,303
956,Jaw-dropping,79
956,Longwinded,83
956,OK,119
956,Persuasive,340
956,Unconvincing,100
957,Beautiful,150
957,Confusing,53
957,Courageous,130
957,Fascinating,185
957,Funny,174
957,Informative,179
957,Ingenious,127
957,Inspiring,175
957,Jaw-dropping,99
957,Longwinded,12
957,OK,132
957,Obnoxious,119
957,Persuasive,97
957,Unconvincing,127
958,Beautiful,14
958,Courageous,23
958,Fascinating,7
958,Funny,26
958,Informative,22
958,Ingenious,12
958,Inspiring,26
958,Jaw-dropping,22
958,Longwinded,11
958,OK,10
958,Obnoxious,2
958,Persuasive,18
958,Unconvincing,6
959,Beautiful,35
959,Confusing,5
959,Courageous,6
959,Fascinating,8
959,Funny,27
959,Informative,37
959,Ingenious,36
959,Inspiring,37
959,Jaw-dropping,32
959,Longwinded,21
959,OK,36
959,Obnoxious,5
959,Persuasive,13
959,Unconvincing,1
960,Beautiful,140
960,Confusing,22
960,Courageous,162
960,Fascinating,16
960,Funny,53
960,Informative,78
960,Ingenious,156
960,Inspiring,78
960,Jaw-dropping,165
960,OK,31
960,Obnoxious,160
960,Persuasive,134
960,Unconvincing,5
961,Beautiful,60
961,Confusing,13
961,Courageous,85
961,Fascinating,90
961,Funny,80
961,Informative,68
961,Ingenious,47
961,Inspiring,57
961,Jaw-dropping,102
961,Longwinded,47
961,OK,27
961,Persuasive,100
961,Unconvincing,4
962,Beautiful,16
962,Confusing,38
962,Courageous,34
962,Fascinating,29
962,Funny,20
962,Informative,49
962,Ingenious,39
962,Inspiring,40
962,Jaw-dropping,25
962,Longwinded,9
962,Obnoxious,37
962,Persuasive,15
962,Unconvincing,49
963,Beautiful,51
963,Confusing,8
963,Courageous,20
963,Fascinating,24
963,Funny,44
963,Informative,50
963,Ingenious,38
963,Inspiring,28
963,Jaw-dropping,51
963,Longwinded,12
963,OK,34
963,Obnoxious,27
963,Persuasive,39
963,Unconvincing,20
964,Beautiful,20
964,Confusing,14
964,Courageous,13
964,Fascinating,5
964,Funny,14
964,Informative,17
964,Ingenious,21
964,Inspiring,8
964,Jaw-dropping,13
964,Longwinded,1
964,OK,20
964,Obnoxious,16
964,Persuasive,20
964,Unconvincing,8
965,Beautiful,29
965,Confusing,2
965,Courageous,16
965,Fascinating,19
965,Funny,12
965,Informative,43
965,Ingenious,42
965,Inspiring,31
965,Jaw-dropping,50
965,Longwinded,11
965,OK,21
965,Obnoxious,38
965,Persuasive,29
965,Unconvincing,6
966,Beautiful,212
966,Confusing,5
966,Courageous,245
966,Fascinating,219
966,Funny,240
966,Informative,258
966,Ingenious,249
966,Inspiring,207
966,Jaw-dropping,86
966,Longwinded,21
966,OK,82
966,Obnoxious,8
966,Persuasive,88
966,Unconvincing,5
967,Beautiful,111
967,Confusing,1
967,Courageous,36
967,Fascinating,80
967,Funny,79
967,Informative,35
967,Ingenious,87
967,Inspiring,70
967,Jaw-dropping,111
967,Longwinded,8
967,OK,89
967,Obnoxious,20
967,Persuasive,114
967,Unconvincing,54
968,Beautiful,331
968,Confusing,211
968,Courageous,369
968,Fascinating,259
968,Funny,192
968,Informative,68
968,Ingenious,250
968,Inspiring,207
968,Jaw-dropping,255
968,Longwinded,42
968,OK,279
968,Obnoxious,137
968,Persuasive,169
968,Unconvincing,294
969,Beautiful,66
969,Confusing,46
969,Courageous,50
969,Fascinating,83
969,Funny,13
969,Informative,87
969,Ingenious,46
969,Inspiring,55
969,Jaw-dropping,92
969,Longwinded,28
969,OK,26
969,Obnoxious,18
969,Persuasive,54
970,Beautiful,89
970,Confusing,51
970,Courageous,89
970,Fascinating,89
970,Funny,17
970,Informative,79
970,Ingenious,70
970,Inspiring,11
970,Jaw-dropping,38
970,Longwinded,50
970,OK,27
970,Obnoxious,93
970,Persuasive,50
970,Unconvincing,75
971,Beautiful,166
971,Confusing,29
971,Courageous,346
971,Fascinating,345
971,Funny,240
971,Informative,105
971,Ingenious,193
971,Inspiring,186
971,Jaw-dropping,285
971,Longwinded,102
971,OK,95
971,Obnoxious,3
971,Persuasive,139
971,Unconvincing,52
972,Beautiful,1156
972,Confusing,117
972,Courageous,917
972,Fascinating,1148
972,Funny,537
972,Informative,1295
972,Ingenious,1266
972,Inspiring,1266
972,Jaw-dropping,454
972,Longwinded,423
972,OK,54
972,Obnoxious,212
972,Persuasive,390
972,Unconvincing,300
973,Beautiful,1
973,Courageous,3
973,Fascinating,4
973,Funny,4
973,Informative,3
973,Ingenious,3
973,Inspiring,5
973,Jaw-dropping,5
973,Persuasive,5
974,Beautiful,543
974,Confusing,133
974,Courageous,342
974,Fascinating,340
974,Funny,149
974,Informative,113
974,Ingenious,409
974,Inspiring,554
974,Jaw-dropping,198
974,Persuasive,367
975,Beautiful,136
975,Confusing,167
975,Courageous,558
975,Fascinating,488
975,Funny,521
975,Informative,451
975,Ingenious,389
975,Inspiring,13
975,Jaw-dropping,346
975,Longwinded,176
975,OK,1
975,Obnoxious,254
975,Persuasive,279
975,Unconvincing,219
976,Beautiful,27
976,Courageous,8
976,Fascinating,64
976,Funny,19
976,Informative,52
976,Ingenious,47
976,Inspiring,63
976,Jaw-dropping,56
976,Longwinded,13
976,OK,22
976,Obnoxious,4
976,Persuasive,50
977,Beautiful,117
977,Confusing,196
977,Courageous,244
977,Fascinating,212
977,Funny,234
977,Informative,185
977,Ingenious,92
977,Inspiring,245
977,Jaw-dropping,222
977,Longwinded,70
977,OK,201
977,Obnoxious,4
977,Persuasive,62
977,Unconvincing,163
978,Beautiful,42
978,Confusing,29
978,Courageous,59
978,Fascinating,22
978,Funny,49
978,Informative,51
978,Ingenious,64
978,Inspiring,42
978,Jaw-dropping,63
978,Longwinded,35
978,Obnoxious,32
978,Persuasive,47
978,Unconvincing,8
979,Beautiful,67
979,Courageous,27
979,Fascinating,121
979,Funny,57
979,Informative,160
979,Ingenious,151
979,Inspiring,115
979,Jaw-dropping,107
979,Longwinded,17
979,OK,10
979,Obnoxious,3
979,Persuasive,97
979,Unconvincing,167
980,Beautiful,127
980,Confusing,206
980,Courageous,206
980,Fascinating,74
980,Funny,73
980,Informative,60
980,Ingenious,155
980,Inspiring,146
980,Jaw-dropping,85
980,Longwinded,111
980,OK,83
980,Persuasive,207
980,Unconvincing,102
981,Beautiful,266
981,Confusing,156
981,Courageous,794
981,Fascinating,781
981,Funny,845
981,Informative,377
981,Ingenious,876
981,Inspiring,741
981,Jaw-dropping,779
981,Longwinded,805
981,OK,47
981,Obnoxious,25
981,Persuasive,552
981,Unconvincing,80
982,Beautiful,12
982,Confusing,21
982,Courageous,34
982,Fascinating,36
982,Funny,38
982,Informative,42
982,Ingenious,12
982,Inspiring,20
982,Jaw-dropping,47
982,Longwinded,53
982,OK,3
982,Persuasive,41
982,Unconvincing,1
983,Beautiful,488
983,Confusing,2
983,Courageous,82
983,Fascinating,485
983,Funny,132
983,Informative,317
983,Ingenious,439
983,Inspiring,398
983,Jaw-dropping,375
983,Longwinded,413
983,OK,146
983,Obnoxious,139
983,Persuasive,382
983,Unconvincing,350
984,Beautiful,70
984,Confusing,7
984,Courageous,22
984,Fascinating,59
984,Funny,9
984,Informative,47
984,Ingenious,42
984,Inspiring,31
984,Jaw-dropping,46
984,Longwinded,14
984,OK,8
984,Persuasive,54
985,Beautiful,47
985,Confusing,56
985,Courageous,65
985,Fascinating,66
985,Funny,28
985,Informative,47
985,Ingenious,79
985,Inspiring,70
985,Jaw-dropping,31
985,Longwinded,17
985,OK,48
985,Obnoxious,14
985,Persuasive,73
986,Beautiful,4
986,Confusing,13
986,Courageous,9
986,Fascinating,12
986,Funny,17
986,Informative,17
986,Ingenious,5
986,Inspiring,16
986,Jaw-dropping,14
986,Longwinded,10
986,OK,12
986,Obnoxious,2
986,Persuasive,13
986,Unconvincing,10
987,Beautiful,33
987,Confusing,14
987,Courageous,32
987,Fascinating,9
987,Funny,41
987,Informative,39
987,Ingenious,14
987,Inspiring,26
987,Jaw-dropping,32
987,Longwinded,10
987,Obnoxious,20
987,Persuasive,41
987,Unconvincing,1
988,Beautiful,1005
988,Confusing,1000
988,Courageous,977
988,Fascinating,718
988,Funny,683
988,Informative,1065
988,Ingenious,543
988,Inspiring,1066
988,Jaw-dropping,449
988,Longwinded,65
988,Obnoxious,343
988,Persuasive,248
988,Unconvincing,484
989,Beautiful,124
989,Confusing,226
989,Courageous,103
989,Fascinating,187
989,Funny,90
989,Informative,128
989,Ingenious,154
989,Inspiring,209
989,Jaw-dropping,164
989,Longwinded,124
989,OK,69
989,Obnoxious,1
989,Persuasive,253
989,Unconvincing,122
990,Beautiful,58
990,Courageous,32
990,Fascinating,51
990,Funny,56
990,Informative,37
990,Ingenious,42
990,Inspiring,33
990,Jaw-dropping,11
990,Longwinded,52
990,OK,17
990,Obnoxious,14
990,Persuasive,25
990,Unconvincing,10
991,Beautiful,5
991,Confusing,10
991,Courageous,1
991,Funny,12
991,Informative,13
991,Ingenious,9
991,Inspiring,11
991,Jaw-dropping,14
991,OK,16
991,Persuasive,10
991,Unconvincing,9
992,Beautiful,96
992,Confusing,26
992,Courageous,77
992,Fascinating,84
992,Funny,52
992,Informative,97
992,Ingenious,86
992,Inspiring,94
992,Jaw-dropping,84
992,OK,38
992,Obnoxious,49
992,Persuasive,15
992,Unconvincing,49
993,Beautiful,130
993,Confusing,81
993,Courageous,93
993,Fascinating,128
993,Funny,96
993,Informative,198
993,Ingenious,146
993,Inspiring,162
993,Jaw-dropping,200
993,Longwinded,25
993,Obnoxious,2
993,Persuasive,150
993,Unconvincing,4
994,Beautiful,30
994,Confusing,1
994,Courageous,57
994,Fascinating,26
994,Funny,48
994,Informative,17
994,Ingenious,30
994,Inspiring,38
994,Jaw-dropping,17
994,Longwinded,14
994,OK,5
994,Persuasive,49
994,Unconvincing,1
995,Beautiful,24
995,Confusing,1
995,Courageous,17
995,Fascinating,25
995,Funny,19
995,Informative,11
995,Ingenious,11
995,Inspiring,17
995,Jaw-dropping,25
995,Longwinded,2
995,OK,2
995,Obnoxious,6
995,Persuasive,21
995,Unconvincing,2
996,Beautiful,103
996,Confusing,2
996,Courageous,198
996,Fascinating,126
996,Funny,144
996,Informative,150
996,Ingenious,98
996,Inspiring,189
996,Jaw-dropping,139
996,Longwinded,13
996,OK,63
996,Obnoxious,13
996,Persuasive,32
996,Unconvincing,49
997,Beautiful,110
997,Confusing,30
997,Courageous,112
997,Fascinating,88
997,Funny,16
997,Informative,106
997,Ingenious,110
997,Inspiring,52
997,Jaw-dropping,64
997,Longwinded,73
997,OK,46
997,Obnoxious,27
997,Persuasive,115
997,Unconvincing,63
998,Beautiful,57
998,Confusing,27
998,Courageous,86
998,Fascinating,86
998,Funny,44
998,Informative,65
998,Ingenious,70
998,Inspiring,86
998,Jaw-dropping,94
998,Longwinded,74
998,OK,57
998,Obnoxious,2
998,Persuasive,26
999,Beautiful,930
999,Confusing,646
999,Courageous,974
999,Fascinating,578
999,Funny,716
999,Informative,564
999,Ingenious,775
999,Inspiring,810
999,Jaw-dropping,418
999,Longwinded,85
999,Obnoxious,520
999,Persuasive,350
999,Unconvincing,685
1000,Beautiful,18
1000,Confusing,46
1000,Courageous,50
1000,Fascinating,17
1000,Funny,17
1000,Informative,60
1000,Ingenious,9
1000,Inspiring,61
1000,Jaw-dropping,30
1000,Longwinded,31
1000,OK,3
1000,Obnoxious,15
1000,Persuasive,61
1000,Unconvincing,5
1001,Beautiful,100
1001,Confusing,16
1001,Courageous,76
1001,Fascinating,81
1001,Funny,47
1001,Informative,90
1001,Ingenious,119
1001,Inspiring,48
1001,Jaw-dropping,71
1001,Longwinded,26
1001,Obnoxious,35
1001,Persuasive,19
1002,Beautiful,41
1002,Confusing,47
1002,Courageous,33
1002,Fascinating,32
1002,Funny,16
1002,Informative,54
1002,Ingenious,31
1002,Inspiring,45
1002,Jaw-dropping,48
1002,Longwinded,16
1002,OK,30
1002,Obnoxious,17
1002,Persuasive,44
1003,Beautiful,171
1003,Confusing,7
1003,Courageous,147
1003,Fascinating,140
1003,Funny,168
1003,Informative,173
1003,Ingenious,74
1003,Inspiring,184
1003,Jaw-dropping,68
1003,Longwinded,10
1003,OK,176
1003,Obnoxious,35
1003,Persuasive,163
1003,Unconvincing,120
1004,Beautiful,33
1004,Confusing,18
1004,Courageous,22
1004,Fascinating,31
1004,Funny,45
1004,Informative,41
1004,Ingenious,37
1004,Inspiring,22
1004,Jaw-dropping,45
1004,Longwinded,18
1004,Obnoxious,28
1004,Persuasive,46
1005,Beautiful,135
1005,Courageous,256
1005,Fascinating,261
1005,Funny,274
1005,Informative,318
1005,Ingenious,134
1005,Inspiring,230
1005,Jaw-dropping,346
1005,Longwinded,366
1005,OK,164
1005,Obnoxious,30
1005,Persuasive,117
1005,Unconvincing,150
1006,Beautiful,391
1006,Confusing,19
1006,Courageous,354
1006,Fascinating,255
1006,Funny,208
1006,Informative,227
1006,Ingenious,362
1006,Inspiring,429
1006,Jaw-dropping,334
1006,Longwinded,112
1006,OK,77
1006,Obnoxious,59
1006,Persuasive,484
1006,Unconvincing,39
1007,Beautiful,121
1007,Confusing,79
1007,Courageous,127
1007,Fascinating,148
1007,Funny,119
1007,Informative,115
1007,Ingenious,86
1007,Inspiring,133
1007,Jaw-dropping,77
1007,Longwinded,4
1007,OK,59
1007,Persuasive,18
1007,Unconvincing,128
1008,Beautiful,63
1008,Confusing,16
1008,Courageous,57
1008,Fascinating,60
1008,Funny,44
1008,Informative,70
1008,Ingenious,47
1008,Inspiring,70
1008,Jaw-dropping,7
1008,Longwinded,43
1008,OK,56
1008,Persuasive,43
1008,Unconvincing,12
1009,Beautiful,77
1009,Confusing,1
1009,Courageous,61
1009,Fascinating,8
1009,Funny,109
1009,Informative,42
1009,Ingenious,86
1009,Inspiring,75
1009,Jaw-dropping,128
1009,Longwinded,2
1009,OK,43
1009,Persuasive,125
1009,Unconvincing,4
1010,Beautiful,36
1010,Confusing,30
1010,Courageous,28
1010,Fascinating,61
1010,Funny,37
1010,Informative,28
1010,Ingenious,68
1010,Inspiring,28
1010,Jaw-dropping,45
1010,Longwinded,53
1010,OK,29
1010,Obnoxious,54
1010,Persuasive,71
1011,Beautiful,245
1011,Confusing,177
1011,Courageous,164
1011,Fascinating,195
1011,Funny,161
1011,Informative,156
1011,Ingenious,214
1011,Inspiring,228
1011,Jaw-dropping,261
1011,Longwinded,9
1011,OK,124
1011,Obnoxious,2
1011,Persuasive,264
1011,Unconvincing,1
1012,Beautiful,74
1012,Confusing,30
1012,Courageous,35
1012,Fascinating,73
1012,Funny,69
1012,Informative,13
1012,Ingenious,61
1012,Inspiring,72
1012,Jaw-dropping,37
1012,Longwinded,9
1012,OK,2
1012,Obnoxious,8
1012,Persuasive,26
1012,Unconvincing,37
1013,Beautiful,182
1013,Confusing,33
1013,Courageous,582
1013,Fascinating,546
1013,Funny,408
1013,Informative,227
1013,Ingenious,291
1013,Inspiring,462
1013,Jaw-dropping,288
1013,Longwinded,40
1013,OK,30
1013,Obnoxious,424
1013,Persuasive,615
1013,Unconvincing,199
1014,Beautiful,183
1014,Confusing,10
1014,Courageous,91
1014,Fascinating,30
1014,Funny,114
1014,Informative,176
1014,Ingenious,106
1014,Inspiring,90
1014,Jaw-dropping,158
1014,Longwinded,102
1014,OK,88
1014,Obnoxious,3
1014,Persuasive,162
1014,Unconvincing,56
1015,Beautiful,80
1015,Confusing,64
1015,Courageous,125
1015,Fascinating,118
1015,Funny,126
1015,Informative,54
1015,Ingenious,138
1015,Inspiring,108
1015,Jaw-dropping,81
1015,Longwinded,49
1015,OK,9
1015,Obnoxious,26
1015,Persuasive,27
1015,Unconvincing,76
1016,Beautiful,127
1016,Confusing,52
1016,Courageous,96
1016,Fascinating,45
1016,Funny,92
1016,Informative,107
1016,Ingenious,74
1016,Inspiring,109
1016,Jaw-dropping,161
1016,Longwinded,84
1016,OK,159
1016,Obnoxious,1
1016,Persuasive,163
1016,Unconvincing,110
1017,Beautiful,65
1017,Confusing,32
1017,Courageous,174
1017,Fascinating,181
1017,Funny,89
1017,Informative,85
1017,Ingenious,126
1017,Inspiring,57
1017,Jaw-dropping,86
1017,Longwinded,16
1017,OK,4
1017,Obnoxious,105
1017,Persuasive,64
1017,Unconvincing,109
1018,Beautiful,117
1018,Confusing,18
1018,Courageous,71
1018,Fascinating,98
1018,Funny,98
1018,Informative,53
1018,Ingenious,8
1018,Inspiring,139
1018,Jaw-dropping,91
1018,Longwinded,71
1018,OK,91
1018,Obnoxious,5
1018,Persuasive,100
1018,Unconvincing,32
1019,Beautiful,120
1019,Courageous,102
1019,Fascinating,113
1019,Funny,108
1019,Informative,73
1019,Ingenious,76
1019,Inspiring,67
1019,Jaw-dropping,76
1019,Longwinded,86
1019,OK,58
1019,Obnoxious,20
1019,Persuasive,67
1019,Unconvincing,6
1020,Beautiful,35
1020,Confusing,33
1020,Courageous,15
1020,Fascinating,70
1020,Funny,81
1020,Informative,89
1020,Ingenious,54
1020,Inspiring,22
1020,Jaw-dropping,26
1020,Longwinded,13
1020,OK,59
1020,Obnoxious,64
1020,Persuasive,69
1020,Unconvincing,7
1021,Beautiful,3
1021,Courageous,8
1021,Fascinating,6
1021,Funny,7
1021,Informative,7
1021,Ingenious,6
1021,Inspiring,4
1021,Jaw-dropping,5
1021,Longwinded,1
1021,Obnoxious,4
1021,Persuasive,6
1021,Unconvincing,4
1022,Beautiful,19
1022,Courageous,19
1022,Fascinating,13
1022,Funny,21
1022,Informative,11
1022,Ingenious,15
1022,Inspiring,24
1022,Jaw-dropping,2
1022,Longwinded,22
1022,OK,9
1022,Obnoxious,2
1022,Persuasive,24
1022,Unconvincing,11
1023,Beautiful,32
1023,Confusing,18
1023,Courageous,52
1023,Fascinating,54
1023,Funny,59
1023,Informative,55
1023,Ingenious,11
1023,Inspiring,10
1023,Jaw-dropping,60
1023,Longwinded,18
1023,Obnoxious,28
1023,Persuasive,42
1023,Unconvincing,6
1024,Beautiful,256
1024,Confusing,29
1024,Courageous,265
1024,Fascinating,117
1024,Funny,238
1024,Informative,260
1024,Ingenious,222
1024,Inspiring,116
1024,Jaw-dropping,236
1024,Longwinded,58
1024,OK,276
1024,Obnoxious,3
1024,Persuasive,226
1024,Unconvincing,171
1025,Beautiful,558
1025,Confusing,342
1025,Courageous,393
1025,Fascinating,498
1025,Funny,467
1025,Informative,330
1025,Ingenious,568
1025,Inspiring,290
1025,Jaw-dropping,419
1025,Longwinded,218
1025,OK,20
1025,Obnoxious,36
1025,Persuasive,561
1025,Unconvincing,134
1026,Beautiful,170
1026,Confusing,81
1026,Courageous,153
1026,Fascinating,171
1026,Funny,184
1026,Informative,144
1026,Ingenious,154
1026,Inspiring,120
1026,Jaw-dropping,182
1026,OK,63
1026,Obnoxious,17
1026,Persuasive,132
1027,Beautiful,8
1027,Confusing,6
1027,Courageous,6
1027,Fascinating,9
1027,Funny,12
1027,Informative,13
1027,Ingenious,8
1027,Inspiring,11
1027,Jaw-dropping,13
1027,Longwinded,5
1027,OK,3
1027,Obnoxious,3
1027,Persuasive,12
1027,Unconvincing,14
1028,Beautiful,34
1028,Confusing,17
1028,Courageous,18
1028,Fascinating,25
1028,Funny,33
1028,Informative,33
1028,Ingenious,35
1028,Inspiring,23
1028,Jaw-dropping,39
1028,Longwinded,12
1028,OK,3
1028,Obnoxious,18
1028,Persuasive,21
1028,Unconvincing,28
1029,Beautiful,20
1029,Confusing,2
1029,Courageous,18
1029,Fascinating,9
1029,Funny,25
1029,Informative,10
1029,Ingenious,8
1029,Inspiring,28
1029,Jaw-dropping,37
1029,Longwinded,29
1029,OK,28
1029,Obnoxious,31
1029,Persuasive,30
1029,Unconvincing,3
1030,Beautiful,176
1030,Confusing,88
1030,Courageous,102
1030,Fascinating,99
1030,Funny,126
1030,Informative,139
1030,Ingenious,176
1030,Inspiring,120
1030,Jaw-dropping,183
1030,Longwinded,68
1030,OK,151
1030,Obnoxious,5
1030,Persuasive,181
1030,Unconvincing,4
1031,Beautiful,58
1031,Confusing,1
1031,Courageous,39
1031,Fascinating,29
1031,Funny,50
1031,Informative,53
1031,Ingenious,39
1031,Inspiring,39
1031,Jaw-dropping,60
1031,Longwinded,12
1031,OK,2
1031,Obnoxious,24
1031,Persuasive,36
1031,Unconvincing,4
1032,Beautiful,224
1032,Confusing,70
1032,Courageous,115
1032,Fascinating,206
1032,Funny,89
1032,Informative,174
1032,Ingenious,246
1032,Inspiring,218
1032,Jaw-dropping,96
1032,Longwinded,147
1032,OK,109
1032,Obnoxious,74
1032,Persuasive,265
1032,Unconvincing,101
1033,Beautiful,11
1033,Confusing,12
1033,Courageous,13
1033,Fascinating,11
1033,Funny,20
1033,Informative,19
1033,Ingenious,18
1033,Inspiring,18
1033,Jaw-dropping,19
1033,Longwinded,1
1033,OK,7
1033,Obnoxious,17
1033,Persuasive,9
1033,Unconvincing,1
1034,Beautiful,153
1034,Confusing,35
1034,Courageous,86
1034,Fascinating,137
1034,Funny,111
1034,Informative,143
1034,Ingenious,154
1034,Inspiring,148
1034,Jaw-dropping,26
1034,Longwinded,25
1034,OK,15
1034,Obnoxious,62
1034,Persuasive,59
1034,Unconvincing,84
1035,Beautiful,52
1035,Confusing,2
1035,Courageous,66
1035,Fascinating,77
1035,Funny,72
1035,Informative,60
1035,Ingenious,37
1035,Inspiring,74
1035,Jaw-dropping,32
1035,Longwinded,16
1035,OK,10
1035,Obnoxious,66
1035,Persuasive,72
1035,Unconvincing,21
1036,Beautiful,59
1036,Confusing,78
1036,Courageous,41
1036,Fascinating,78
1036,Funny,59
1036,Informative,48
1036,Ingenious,48
1036,Inspiring,36
1036,Jaw-dropping,57
1036,Longwinded,9
1036,OK,10
1036,Persuasive,47
1036,Unconvincing,18
1037,Beautiful,11
1037,Confusing,1
1037,Courageous,8
1037,Fascinating,7
1037,Funny,11
1037,Informative,4
1037,Ingenious,12
1037,Inspiring,12
1037,Jaw-dropping,9
1037,Longwinded,8
1037,OK,7
1037,Obnoxious,8
1037,Persuasive,11
1038,Beautiful,71
1038,Confusing,113
1038,Courageous,88
1038,Fascinating,34
1038,Funny,79
1038,Informative,14
1038,Ingenious,69
1038,Inspiring,91
1038,Jaw-dropping,86
1038,Longwinded,1
1038,OK,25
1038,Obnoxious,3
1038,Persuasive,58
1038,Unconvincing,38
1039,Beautiful,33
1039,Confusing,31
1039,Courageous,38
1039,Fascinating,35
1039,Funny,34
1039,Informative,15
1039,Ingenious,20
1039,Inspiring,31
1039,Jaw-dropping,22
1039,Longwinded,30
1039,Obnoxious,19
1039,Persuasive,10
1039,Unconvincing,31
1040,Beautiful,79
1040,Confusing,30
1040,Courageous,100
1040,Fascinating,108
1040,Funny,78
1040,Informative,104
1040,Ingenious,76
1040,Inspiring,98
1040,Jaw-dropping,108
1040,Longwinded,40
1040,Obnoxious,1
1040,Persuasive,74
1040,Unconvincing,2
1041,Beautiful,506
1041,Confusing,49
1041,Courageous,273
1041,Fascinating,467
1041,Funny,889
1041,Informative,1113
1041,Ingenious,1140
1041,Inspiring,698
1041,Jaw-dropping,681
1041,Longwinded,858
1041,OK,451
1041,Obnoxious,340
1041,Persuasive,743
1041,Unconvincing,3
1042,Beautiful,4811
1042,Confusing,4934
1042,Courageous,1806
1042,Fascinating,4676
1042,Funny,6982
1042,Informative,6098
1042,Ingenious,2903
1042,Inspiring,3340
1042,Jaw-dropping,435
1042,Longwinded,4544
1042,OK,183
1042,Obnoxious,4263
1042,Persuasive,3244
1042,Unconvincing,294
1043,Beautiful,291
1043,Confusing,475
1043,Courageous,269
1043,Fascinating,113
1043,Funny,423
1043,Informative,640
1043,Ingenious,296
1043,Inspiring,496
1043,Jaw-dropping,603
1043,Longwinded,20
1043,OK,42
1043,Obnoxious,182
1043,Persuasive,532
1044,Beautiful,22
1044,Courageous,35
1044,Fascinating,28
1044,Funny,32
1044,Informative,31
1044,Ingenious,27
1044,Inspiring,5
1044,Jaw-dropping,6
1044,Longwinded,6
1044,OK,26
1044,Obnoxious,4
1044,Persuasive,26
1044,Unconvincing,5
1045,Beautiful,255
1045,Courageous,191
1045,Fascinating,248
1045,Funny,233
1045,Informative,201
1045,Ingenious,182
1045,Inspiring,157
1045,Jaw-dropping,78
1045,Longwinded,25
1045,OK,140
1045,Obnoxious,74
1045,Persuasive,236
1045,Unconvincing,45
1046,Beautiful,269
1046,Confusing,99
1046,Courageous,356
1046,Fascinating,273
1046,Funny,297
1046,Informative,350
1046,Ingenious,258
1046,Inspiring,341
1046,Jaw-dropping,384
1046,OK,270
1046,Obnoxious,123
1046,Persuasive,205
1046,Unconvincing,20
1047,Beautiful,23
1047,Confusing,22
1047,Courageous,100
1047,Fascinating,65
1047,Funny,23
1047,Informative,87
1047,Ingenious,86
1047,Inspiring,50
1047,Jaw-dropping,86
1047,Longwinded,1
1047,OK,102
1047,Obnoxious,14
1047,Persuasive,66
1048,Beautiful,4
1048,Courageous,27
1048,Fascinating,10
1048,Funny,12
1048,Informative,17
1048,Ingenious,25
1048,Inspiring,22
1048,Jaw-dropping,20
1048,OK,3
1048,Obnoxious,3
1048,Persuasive,7
1048,Unconvincing,7
1049,Beautiful,152
1049,Confusing,59
1049,Courageous,117
1049,Fascinating,141
1049,Funny,113
1049,Informative,197
1049,Ingenious,33
1049,Inspiring,176
1049,Jaw-dropping,131
1049,Longwinded,93
1049,OK,26
1049,Obnoxious,3
1049,Persuasive,177
1049,Unconvincing,142
1050,Beautiful,152
1050,Courageous,199
1050,Fascinating,253
1050,Funny,272
1050,Informative,149
1050,Ingenious,138
1050,Inspiring,138
1050,Jaw-dropping,188
1050,Longwinded,5
1050,OK,137
1050,Obnoxious,143
1050,Persuasive,210
1050,Unconvincing,266
1051,Beautiful,144
1051,Confusing,74
1051,Courageous,110
1051,Fascinating,77
1051,Funny,27
1051,Informative,97
1051,Ingenious,111
1051,Inspiring,130
1051,Jaw-dropping,142
1051,Longwinded,47
1051,OK,44
1051,Obnoxious,56
1051,Persuasive,153
1051,Unconvincing,125
1052,Beautiful,28
1052,Confusing,9
1052,Courageous,36
1052,Fascinating,30
1052,Funny,11
1052,Informative,27
1052,Ingenious,29
1052,Inspiring,21
1052,Jaw-dropping,21
1052,Longwinded,36
1052,OK,23
1052,Obnoxious,36
1052,Persuasive,37
1053,Beautiful,77
1053,Confusing,34
1053,Courageous,72
1053,Fascinating,124
1053,Funny,145
1053,Informative,34
1053,Ingenious,29
1053,Inspiring,95
1053,Jaw-dropping,126
1053,Longwinded,119
1053,OK,5
1053,Obnoxious,7
1053,Persuasive,30
1054,Beautiful,329
1054,Confusing,223
1054,Courageous,340
1054,Fascinating,395
1054,Funny,184
1054,Informative,412
1054,Ingenious,232
1054,Inspiring,321
1054,Jaw-dropping,176
1054,Longwinded,134
1054,OK,373
1054,Obnoxious,16
1054,Persuasive,143
1054,Unconvincing,310
1055,Beautiful,264
1055,Confusing,155
1055,Courageous,157
1055,Fascinating,132
1055,Funny,200
1055,Informative,109
1055,Ingenious,236
1055,Inspiring,131
1055,Jaw-dropping,32
1055,Longwinded,224
1055,Obnoxious,150
1055,Persuasive,267
1055,Unconvincing,216
1056,Beautiful,32
1056,Confusing,17
1056,Courageous,23
1056,Fascinating,10
1056,Funny,41
1056,Informative,36
1056,Ingenious,21
1056,Inspiring,29
1056,Jaw-dropping,14
1056,Longwinded,4
1056,OK,28
1056,Obnoxious,41
1056,Persuasive,34
1056,Unconvincing,5
1057,Beautiful,10
1057,Courageous,15
1057,Fascinating,12
1057,Funny,10
1057,Informative,11
1057,Ingenious,8
1057,Inspiring,20
1057,Jaw-dropping,9
1057,Longwinded,4
1057,Obnoxious,3
1057,Persuasive,3
1058,Beautiful,121
1058,Confusing,80
1058,Courageous,153
1058,Fascinating,122
1058,Funny,140
1058,Informative,115
1058,Ingenious,63
1058,Inspiring,60
1058,Jaw-dropping,70
1058,Longwinded,8
1058,OK,2
1058,Obnoxious,97
1058,Persuasive,81
1058,Unconvincing,1
1059,Beautiful,57
1059,Confusing,19
1059,Courageous,68
1059,Fascinating,54
1059,Funny,43
1059,Informative,67
1059,Ingenious,13
1059,Inspiring,54
1059,Jaw-dropping,20
1059,Longwinded,4
1059,Obnoxious,53
1059,Persuasive,33
1059,Unconvincing,4
1060,Beautiful,48
1060,Confusing,2
1060,Courageous,54
1060,Fascinating,26
1060,Funny,60
1060,Informative,43
1060,Ingenious,52
1060,Inspiring,26
1060,Jaw-dropping,62
1060,Longwinded,12
1060,OK,27
1060,Obnoxious,47
1060,Persuasive,27
1060,Unconvincing,12
1061,Beautiful,143
1061,Confusing,80
1061,Courageous,182
1061,Fascinating,158
1061,Funny,156
1061,Informative,60
1061,Ingenious,84
1061,Inspiring,229
1061,Jaw-dropping,25
1061,Longwinded,221
1061,OK,102
1061,Obnoxious,12
1061,Persuasive,231
1061,Unconvincing,2
1062,Beautiful,24
1062,Courageous,15
1062,Fascinating,26
1062,Funny,29
1062,Informative,30
1062,Ingenious,7
1062,Inspiring,21
1062,Jaw-dropping,21
1062,Longwinded,23
1062,OK,20
1062,Obnoxious,19
1062,Persuasive,22
1062,Unconvincing,8
1063,Beautiful,16
1063,Confusing,27
1063,Courageous,23
1063,Fascinating,25
1063,Funny,18
1063,Informative,24
1063,Ingenious,3
1063,Inspiring,23
1063,Jaw-dropping,22
1063,OK,13
1063,Obnoxious,27
1063,Persuasive,28
1064,Beautiful,199
1064,Confusing,4
1064,Courageous,420
1064,Fascinating,150
1064,Funny,336
1064,Informative,278
1064,Ingenious,68
1064,Inspiring,376
1064,Jaw-dropping,152
1064,Longwinded,30
1064,OK,317
1064,Obnoxious,3
1064,Persuasive,394
1064,Unconvincing,88
1065,Beautiful,86
1065,Confusing,38
1065,Courageous,79
1065,Fascinating,59
1065,Funny,76
1065,Informative,76
1065,Ingenious,84
1065,Inspiring,56
1065,Jaw-dropping,64
1065,Longwinded,22
1065,OK,69
1065,Obnoxious,61
1065,Persuasive,63
1065,Unconvincing,47
1066,Beautiful,28
1066,Confusing,16
1066,Courageous,34
1066,Fascinating,34
1066,Funny,33
1066,Informative,20
1066,Ingenious,28
1066,Inspiring,27
1066,Jaw-dropping,34
1066,Longwinded,2
1066,OK,1
1066,Persuasive,34
1066,Unconvincing,15
1067,Beautiful,11
1067,Confusing,26
1067,Courageous,15
1067,Fascinating,42
1067,Funny,17
1067,Informative,40
1067,Ingenious,24
1067,Inspiring,31
1067,Jaw-dropping,11
1067,Longwinded,1
1067,OK,41
1067,Obnoxious,45
1067,Persuasive,45
1067,Unconvincing,43
1068,Beautiful,13
1068,Confusing,13
1068,Courageous,5
1068,Fascinating,1
1068,Funny,16
1068,Informative,7
1068,Ingenious,16
1068,Inspiring,16
1068,Jaw-dropping,15
1068,Longwinded,8
1068,OK,2
1068,Persuasive,17
1068,Unconvincing,2
1069,Beautiful,88
1069,Confusing,3
1069,Courageous,137
1069,Fascinating,79
1069,Funny,107
1069,Informative,99
1069,Ingenious,129
1069,Inspiring,146
1069,Jaw-dropping,78
1069,Longwinded,146
1069,OK,15
1069,Obnoxious,47
1069,Persuasive,61
1069,Unconvincing,25
1070,Beautiful,146
1070,Confusing,66
1070,Courageous,160
1070,Fascinating,152
1070,Funny,190
1070,Informative,191
1070,Ingenious,143
1070,Inspiring,45
1070,Jaw-dropping,123
1070,Longwinded,6
1070,OK,92
1070,Obnoxious,4
1070,Persuasive,180
1071,Beautiful,184
1071,Confusing,3
1071,Courageous,49
1071,Fascinating,120
1071,Funny,190
1071,Informative,180
1071,Ingenious,77
1071,Inspiring,170
1071,Jaw-dropping,144
1071,Longwinded,36
1071,OK,123
1071,Persuasive,15
1071,Unconvincing,177
1072,Beautiful,45
1072,Courageous,126
1072,Fascinating,136
1072,Funny,124
1072,Informative,164
1072,Ingenious,166
1072,Inspiring,168
1072,Jaw-dropping,147
1072,Longwinded,51
1072,OK,2
1072,Obnoxious,42
1072,Persuasive,144
1072,Unconvincing,13
1073,Beautiful,24
1073,Courageous,41
1073,Fascinating,43
1073,Funny,55
1073,Informative,6
1073,Ingenious,48
1073,Inspiring,37
1073,Jaw-dropping,40
1073,Longwinded,33
1073,OK,34
1073,Obnoxious,28
1073,Persuasive,40
1073,Unconvincing,6
1074,Beautiful,163
1074,Confusing,75
1074,Courageous,92
1074,Fascinating,116
1074,Funny,123
1074,Informative,113
1074,Ingenious,171
1074,Inspiring,149
1074,Jaw-dropping,118
1074,Longwinded,163
1074,OK,184
1074,Obnoxious,137
1074,Persuasive,174
1074,Unconvincing,36
1075,Beautiful,109
1075,Confusing,1
1075,Courageous,92
1075,Fascinating,118
1075,Funny,91
1075,Informative,114
1075,Ingenious,100
1075,Inspiring,96
1075,Jaw-dropping,99
1075,Longwinded,11
1075,OK,36
1075,Obnoxious,89
1075,Persuasive,79
1075,Unconvincing,24
1076,Beautiful,134
1076,Confusing,86
1076,Courageous,85
1076,Fascinating,126
1076,Funny,25
1076,Informative,64
1076,Ingenious,124
1076,Inspiring,109
1076,Jaw-dropping,118
1076,Longwinded,16
1076,OK,74
1076,Obnoxious,63
1076,Persuasive,71
1076,Unconvincing,1
1077,Beautiful,84
1077,Confusing,3
1077,Courageous,82
1077,Fascinating,71
1077,Funny,32
1077,Informative,64
1077,Ingenious,74
1077,Inspiring,47
1077,Jaw-dropping,75
1077,Longwinded,3
1077,OK,7
1077,Obnoxious,64
1077,Persuasive,75
1077,Unconvincing,22
1078,Beautiful,27
1078,Courageous,10
1078,Fascinating,12
1078,Funny,34
1078,Informative,29
1078,Ingenious,43
1078,Inspiring,8
1078,Jaw-dropping,23
1078,OK,14
1078,Obnoxious,4
1078,Persuasive,38
1078,Unconvincing,23
1079,Beautiful,13
1079,Confusing,20
1079,Courageous,17
1079,Fascinating,18
1079,Funny,15
1079,Informative,20
1079,Ingenious,16
1079,Inspiring,20
1079,Jaw-dropping,22
1079,OK,1
1079,Obnoxious,19
1079,Persuasive,8
1079,Unconvincing,4
1080,Beautiful,37
1080,Confusing,2
1080,Courageous,125
1080,Fascinating,115
1080,Funny,143
1080,Informative,115
1080,Ingenious,123
1080,Inspiring,85
1080,Jaw-dropping,145
1080,Longwinded,69
1080,OK,28
1080,Obnoxious,147
1080,Persuasive,85
1080,Unconvincing,113
1081,Beautiful,463
1081,Confusing,305
1081,Courageous,168
1081,Fascinating,482
1081,Funny,419
1081,Informative,213
1081,Ingenious,450
1081,Inspiring,229
1081,Jaw-dropping,281
1081,Longwinded,30
1081,OK,68
1081,Obnoxious,471
1081,Persuasive,180
1081,Unconvincing,364
1082,Beautiful,3
1082,Fascinating,2
1082,Funny,2
1082,Informative,3
1082,Ingenious,3
1082,Inspiring,1
1082,Jaw-dropping,3
1082,OK,2
1082,Obnoxious,3
1082,Persuasive,2
1082,Unconvincing,3
1083,Beautiful,16
1083,Confusing,21
1083,Courageous,65
1083,Fascinating,70
1083,Funny,66
1083,Informative,76
1083,Ingenious,52
1083,Inspiring,62
1083,Jaw-dropping,38
1083,OK,3
1083,Obnoxious,14
1083,Persuasive,57
1083,Unconvincing,38
1084,Beautiful,117
1084,Confusing,69
1084,Courageous,134
1084,Fascinating,94
1084,Funny,102
1084,Informative,142
1084,Ingenious,98
1084,Inspiring,125
1084,Jaw-dropping,138
1084,Longwinded,166
1084,OK,16
1084,Obnoxious,128
1084,Persuasive,78
1084,Unconvincing,68
1085,Beautiful,124
1085,Confusing,342
1085,Courageous,349
1085,Fascinating,257
1085,Funny,267
1085,Informative,293
1085,Ingenious,325
1085,Inspiring,168
1085,Jaw-dropping,265
1085,Longwinded,7
1085,OK,349
1085,Obnoxious,37
1085,Persuasive,293
1085,Unconvincing,1
1086,Beautiful,64
1086,Confusing,295
1086,Courageous,220
1086,Fascinating,257
1086,Funny,231
1086,Informative,198
1086,Ingenious,291
1086,Inspiring,243
1086,Jaw-dropping,235
1086,Longwinded,30
1086,OK,138
1086,Obnoxious,1
1086,Persuasive,290
1086,Unconvincing,282
1087,Beautiful,36
1087,Confusing,13
1087,Courageous,42
1087,Fascinating,41
1087,Funny,29
1087,Informative,9
1087,Ingenious,33
1087,Inspiring,16
1087,Jaw-dropping,37
1087,Longwinded,9
1087,OK,17
1087,Obnoxious,4
1087,Persuasive,45
1087,Unconvincing,6
1088,Beautiful,128
1088,Confusing,29
1088,Courageous,83
1088,Fascinating,144
1088,Funny,134
1088,Informative,104
1088,Ingenious,161
1088,Inspiring,110
1088,Jaw-dropping,24
1088,Longwinded,96
1088,OK,35
1088,Persuasive,155
1088,Unconvincing,105
1089,Beautiful,141
1089,Confusing,71
1089,Courageous,214
1089,Fascinating,230
1089,Funny,212
1089,Informative,161
1089,Ingenious,121
1089,Inspiring,90
1089,Jaw-dropping,194
1089,Longwinded,100
1089,OK,13
1089,Obnoxious,143
1089,Persuasive,58
1089,Unconvincing,65
1090,Beautiful,15
1090,Confusing,9
1090,Courageous,13
1090,Fascinating,13
1090,Funny,22
1090,Informative,11
1090,Ingenious,5
1090,Inspiring,21
1090,Jaw-dropping,16
1090,Longwinded,2
1090,OK,4
1090,Obnoxious,14
1090,Persuasive,17
1090,Unconvincing,8
1091,Beautiful,54
1091,Confusing,25
1091,Courageous,114
1091,Fascinating,100
1091,Funny,107
1091,Informative,81
1091,Ingenious,119
1091,Inspiring,83
1091,Jaw-dropping,131
1091,Longwinded,2
1091,OK,94
1091,Obnoxious,28
1091,Persuasive,153
1092,Beautiful,237
1092,Confusing,122
1092,Courageous,356
1092,Fascinating,192
1092,Funny,250
1092,Informative,88
1092,Ingenious,124
1092,Inspiring,187
1092,Jaw-dropping,299
1092,Longwinded,220
1092,OK,41
1092,Obnoxious,2
1092,Persuasive,310
1092,Unconvincing,1
1093,Beautiful,60
1093,Confusing,31
1093,Courageous,73
1093,Fascinating,107
1093,Funny,60
1093,Informative,91
1093,Ingenious,57
1093,Inspiring,87
1093,Jaw-dropping,107
1093,Longwinded,90
1093,OK,17
1093,Obnoxious,26
1093,Persuasive,53
1093,Unconvincing,11
1094,Beautiful,46
1094,Confusing,39
1094,Courageous,58
1094,Fascinating,68
1094,Funny,83
1094,Informative,60
1094,Ingenious,54
1094,Inspiring,85
1094,Jaw-dropping,54
1094,Longwinded,35
1094,OK,5
1094,Obnoxious,58
1094,Persuasive,87
1095,Beautiful,18
1095,Courageous,13
1095,Fascinating,8
1095,Funny,9
1095,Informative,16
1095,Ingenious,7
1095,Inspiring,18
1095,Jaw-dropping,23
1095,Longwinded,7
1095,Persuasive,26
1095,Unconvincing,19
1096,Beautiful,4
1096,Confusing,6
1096,Courageous,6
1096,Fascinating,7
1096,Funny,8
1096,Informative,5
1096,Ingenious,5
1096,Inspiring,9
1096,Jaw-dropping,4
1096,Longwinded,3
1096,OK,8
1096,Persuasive,6
1097,Beautiful,262
1097,Confusing,164
1097,Courageous,183
1097,Fascinating,295
1097,Funny,207
1097,Informative,183
1097,Ingenious,207
1097,Inspiring,120
1097,Jaw-dropping,215
1097,Longwinded,114
1097,OK,283
1097,Obnoxious,1
1097,Persuasive,95
1097,Unconvincing,254
1098,Beautiful,67
1098,Confusing,82
1098,Courageous,87
1098,Fascinating,80
1098,Funny,89
1098,Informative,4
1098,Ingenious,72
1098,Inspiring,88
1098,Jaw-dropping,87
1098,Longwinded,15
1098,OK,60
1098,Obnoxious,16
1098,Persuasive,72
1098,Unconvincing,82
1099,Beautiful,54
1099,Confusing,44
1099,Courageous,36
1099,Fascinating,21
1099,Funny,17
1099,Informative,20
1099,Ingenious,58
1099,Inspiring,65
1099,Jaw-dropping,14
1099,Longwinded,27
1099,OK,60
1099,Persuasive,41
1099,Unconvincing,64
1100,Beautiful,45
1100,Confusing,6
1100,Courageous,29
1100,Fascinating,24
1100,Funny,40
1100,Informative,48
1100,Ingenious,34
1100,Inspiring,20
1100,Jaw-dropping,26
1100,Longwinded,39
1100,OK,1
1100,Persuasive,34
1101,Beautiful,115
1101,Confusing,105
1101,Courageous,44
1101,Fascinating,90
1101,Funny,58
1101,Informative,76
1101,Ingenious,73
1101,Inspiring,26
1101,Jaw-dropping,53
1101,Longwinded,102
1101,OK,63
1101,Obnoxious,4
1101,Persuasive,90
1102,Beautiful,883
1102,Confusing,221
1102,Courageous,131
1102,Fascinating,881
1102,Funny,385
1102,Informative,748
1102,Ingenious,441
1102,Inspiring,609
1102,Jaw-dropping,466
1102,OK,64
1102,Obnoxious,872
1102,Persuasive,502
1102,Unconvincing,169
1103,Beautiful,75
1103,Confusing,46
1103,Courageous,235
1103,Fascinating,182
1103,Funny,138
1103,Informative,201
1103,Ingenious,85
1103,Inspiring,124
1103,Jaw-dropping,226
1103,Obnoxious,61
1103,Persuasive,178
1103,Unconvincing,25
1104,Beautiful,51
1104,Courageous,81
1104,Fascinating,96
1104,Funny,79
1104,Informative,38
1104,Ingenious,59
1104,Inspiring,99
1104,Jaw-dropping,77
1104,Longwinded,9
1104,OK,64
1104,Obnoxious,60
1104,Persuasive,48
1104,Unconvincing,48
1105,Beautiful,80
1105,Confusing,90
1105,Courageous,57
1105,Fascinating,51
1105,Funny,68
1105,Informative,14
1105,Ingenious,31
1105,Inspiring,12
1105,Jaw-dropping,79
1105,Longwinded,24
1105,OK,38
1105,Obnoxious,23
1105,Persuasive,25
1105,Unconvincing,47
1106,Beautiful,26
1106,Confusing,4
1106,Courageous,43
1106,Fascinating,40
1106,Funny,51
1106,Informative,46
1106,Ingenious,51
1106,Inspiring,52
1106,Jaw-dropping,17
1106,OK,1
1106,Obnoxious,13
1106,Persuasive,43
1107,Beautiful,292
1107,Confusing,204
1107,Courageous,109
1107,Fascinating,225
1107,Funny,183
1107,Informative,288
1107,Ingenious,288
1107,Inspiring,226
1107,Jaw-dropping,206
1107,Longwinded,79
1107,OK,300
1107,Obnoxious,79
1107,Persuasive,217
1107,Unconvincing,65
1108,Beautiful,69
1108,Confusing,71
1108,Courageous,67
1108,Fascinating,75
1108,Funny,45
1108,Informative,62
1108,Ingenious,34
1108,Inspiring,35
1108,Jaw-dropping,14
1108,OK,22
1108,Obnoxious,7
1108,Persuasive,35
1108,Unconvincing,1
1109,Beautiful,13
1109,Confusing,6
1109,Courageous,28
1109,Fascinating,41
1109,Funny,45
1109,Informative,40
1109,Ingenious,41
1109,Inspiring,42
1109,Jaw-dropping,16
1109,Longwinded,29
1109,OK,29
1109,Persuasive,38
1109,Unconvincing,31
1110,Beautiful,25
1110,Confusing,1
1110,Courageous,47
1110,Fascinating,55
1110,Funny,48
1110,Informative,77
1110,Ingenious,40
1110,Inspiring,27
1110,Jaw-dropping,65
1110,Longwinded,2
1110,OK,18
1110,Obnoxious,5
1110,Persuasive,25
1110,Unconvincing,77
1111,Beautiful,333
1111,Confusing,32
1111,Courageous,354
1111,Fascinating,332
1111,Funny,330
1111,Informative,226
1111,Ingenious,312
1111,Inspiring,155
1111,Jaw-dropping,133
1111,Longwinded,48
1111,OK,26
1111,Obnoxious,24
1111,Persuasive,355
1112,Beautiful,29
1112,Confusing,6
1112,Courageous,172
1112,Fascinating,111
1112,Funny,125
1112,Informative,145
1112,Ingenious,160
1112,Inspiring,188
1112,Jaw-dropping,187
1112,Longwinded,55
1112,OK,72
1112,Obnoxious,60
1112,Persuasive,169
1112,Unconvincing,25
1113,Beautiful,14
1113,Confusing,14
1113,Courageous,22
1113,Fascinating,28
1113,Funny,24
1113,Informative,24
1113,Ingenious,17
1113,Inspiring,24
1113,Jaw-dropping,24
1113,Longwinded,11
1113,OK,12
1113,Obnoxious,16
1113,Persuasive,14
1113,Unconvincing,17
1114,Beautiful,9
1114,Confusing,5
1114,Courageous,6
1114,Fascinating,12
1114,Funny,12
1114,Informative,6
1114,Ingenious,6
1114,Inspiring,11
1114,Jaw-dropping,5
1114,Longwinded,8
1114,OK,8
1114,Obnoxious,7
1114,Persuasive,13
1114,Unconvincing,4
1115,Beautiful,96
1115,Confusing,51
1115,Courageous,92
1115,Fascinating,84
1115,Funny,70
1115,Informative,62
1115,Ingenious,57
1115,Inspiring,40
1115,Jaw-dropping,115
1115,Longwinded,4
1115,OK,12
1115,Obnoxious,3
1115,Persuasive,113
1115,Unconvincing,26
1116,Beautiful,217
1116,Confusing,50
1116,Courageous,152
1116,Fascinating,182
1116,Funny,61
1116,Informative,150
1116,Ingenious,163
1116,Inspiring,206
1116,Jaw-dropping,77
1116,Longwinded,115
1116,OK,31
1116,Obnoxious,205
1116,Persuasive,15
1116,Unconvincing,23
1117,Beautiful,54
1117,Confusing,8
1117,Courageous,11
1117,Fascinating,88
1117,Funny,44
1117,Informative,52
1117,Ingenious,41
1117,Inspiring,49
1117,Jaw-dropping,93
1117,Longwinded,91
1117,OK,3
1117,Obnoxious,13
1117,Persuasive,29
1118,Beautiful,98
1118,Confusing,4
1118,Courageous,323
1118,Fascinating,422
1118,Funny,542
1118,Informative,510
1118,Ingenious,211
1118,Inspiring,254
1118,Jaw-dropping,379
1118,Longwinded,65
1118,OK,129
1118,Obnoxious,248
1118,Persuasive,269
1118,Unconvincing,93
1119,Beautiful,106
1119,Confusing,1
1119,Courageous,75
1119,Fascinating,105
1119,Funny,34
1119,Informative,101
1119,Ingenious,110
1119,Inspiring,89
1119,Jaw-dropping,70
1119,Longwinded,109
1119,OK,7
1119,Persuasive,66
1119,Unconvincing,81
1120,Beautiful,57
1120,Confusing,26
1120,Courageous,64
1120,Fascinating,67
1120,Funny,24
1120,Informative,68
1120,Ingenious,81
1120,Inspiring,70
1120,Jaw-dropping,49
1120,Longwinded,2
1120,OK,8
1120,Obnoxious,8
1120,Persuasive,59
1120,Unconvincing,7
1121,Beautiful,255
1121,Confusing,7
1121,Courageous,279
1121,Fascinating,211
1121,Funny,276
1121,Informative,241
1121,Ingenious,147
1121,Inspiring,111
1121,Jaw-dropping,238
1121,Longwinded,89
1121,OK,35
1121,Obnoxious,278
1121,Persuasive,86
1121,Unconvincing,7
1122,Beautiful,84
1122,Confusing,57
1122,Courageous,148
1122,Fascinating,126
1122,Funny,44
1122,Informative,90
1122,Ingenious,105
1122,Inspiring,137
1122,Jaw-dropping,142
1122,OK,21
1122,Persuasive,139
1122,Unconvincing,81
1123,Beautiful,54
1123,Confusing,50
1123,Courageous,54
1123,Fascinating,32
1123,Funny,24
1123,Informative,17
1123,Ingenious,50
1123,Inspiring,24
1123,Jaw-dropping,11
1123,Longwinded,3
1123,OK,1
1123,Obnoxious,7
1123,Persuasive,30
1124,Beautiful,3070
1124,Confusing,1156
1124,Courageous,2166
1124,Fascinating,2181
1124,Funny,3521
1124,Informative,1010
1124,Ingenious,2569
1124,Inspiring,3289
1124,Jaw-dropping,1629
1124,Longwinded,59
1124,OK,41
1124,Obnoxious,77
1124,Persuasive,2731
1124,Unconvincing,361
1125,Beautiful,213
1125,Confusing,380
1125,Courageous,306
1125,Fascinating,333
1125,Funny,211
1125,Informative,327
1125,Ingenious,314
1125,Inspiring,125
1125,Jaw-dropping,382
1125,Longwinded,56
1125,OK,308
1125,Obnoxious,161
1125,Persuasive,358
1125,Unconvincing,35
1126,Beautiful,47
1126,Confusing,58
1126,Courageous,35
1126,Fascinating,17
1126,Funny,44
1126,Informative,48
1126,Ingenious,47
1126,Inspiring,23
1126,Jaw-dropping,67
1126,OK,71
1126,Obnoxious,57
1126,Persuasive,32
1126,Unconvincing,42
1127,Beautiful,11
1127,Confusing,1
1127,Courageous,122
1127,Fascinating,106
1127,Funny,125
1127,Informative,132
1127,Ingenious,132
1127,Inspiring,109
1127,Jaw-dropping,125
1127,Longwinded,109
1127,OK,1
1127,Obnoxious,45
1127,Persuasive,86
1127,Unconvincing,130
1128,Beautiful,120
1128,Confusing,28
1128,Courageous,418
1128,Fascinating,425
1128,Funny,362
1128,Informative,392
1128,Ingenious,402
1128,Inspiring,65
1128,Jaw-dropping,338
1128,Longwinded,463
1128,OK,34
1128,Obnoxious,27
1128,Persuasive,313
1128,Unconvincing,209
1129,Beautiful,1033
1129,Courageous,863
1129,Fascinating,653
1129,Funny,179
1129,Informative,1107
1129,Ingenious,1167
1129,Inspiring,1122
1129,Jaw-dropping,895
1129,Longwinded,463
1129,OK,260
1129,Obnoxious,11
1129,Persuasive,1113
1129,Unconvincing,1152
1130,Beautiful,45
1130,Courageous,72
1130,Fascinating,66
1130,Funny,35
1130,Informative,37
1130,Ingenious,29
1130,Inspiring,34
1130,Jaw-dropping,37
1130,Longwinded,55
1130,OK,1
1130,Obnoxious,56
1130,Persuasive,67
1130,Unconvincing,6
1131,Beautiful,273
1131,Confusing,56
1131,Courageous,255
1131,Fascinating,116
1131,Funny,267
1131,Informative,192
1131,Ingenious,261
1131,Inspiring,196
1131,Jaw-dropping,45
1131,Longwinded,13
1131,OK,104
1131,Obnoxious,141
1131,Persuasive,188
1132,Beautiful,100
1132,Confusing,8
1132,Courageous,168
1132,Fascinating,140
1132,Funny,115
1132,Informative,117
1132,Ingenious,145
1132,Inspiring,152
1132,Jaw-dropping,130
1132,Longwinded,102
1132,OK,52
1132,Obnoxious,4
1132,Persuasive,110
1132,Unconvincing,76
1133,Beautiful,28
1133,Confusing,10
1133,Courageous,40
1133,Fascinating,51
1133,Funny,45
1133,Informative,43
1133,Ingenious,36
1133,Inspiring,19
1133,Jaw-dropping,37
1133,Longwinded,1
1133,OK,13
1133,Obnoxious,48
1133,Persuasive,47
1134,Beautiful,20
1134,Confusing,15
1134,Courageous,10
1134,Fascinating,17
1134,Funny,18
1134,Informative,15
1134,Ingenious,20
1134,Inspiring,15
1134,Jaw-dropping,9
1134,Longwinded,4
1134,OK,5
1134,Obnoxious,3
1134,Persuasive,20
1135,Beautiful,73
1135,Confusing,30
1135,Courageous,88
1135,Fascinating,81
1135,Funny,81
1135,Informative,70
1135,Ingenious,107
1135,Inspiring,118
1135,Jaw-dropping,75
1135,Longwinded,18
1135,OK,1
1135,Obnoxious,53
1135,Persuasive,122
1135,Unconvincing,19
1136,Beautiful,126
1136,Confusing,409
1136,Courageous,176
1136,Fascinating,1296
1136,Funny,1385
1136,Informative,927
1136,Ingenious,1421
1136,Inspiring,593
1136,Jaw-dropping,1256
1136,Longwinded,220
1136,OK,541
1136,Obnoxious,1076
1136,Persuasive,170
1136,Unconvincing,539
1137,Beautiful,103
1137,Confusing,16
1137,Courageous,124
1137,Fascinating,90
1137,Funny,121
1137,Informative,65
1137,Ingenious,37
1137,Inspiring,46
1137,Jaw-dropping,122
1137,Longwinded,5
1137,OK,11
1137,Obnoxious,67
1137,Persuasive,118
1137,Unconvincing,118
1138,Beautiful,88
1138,Confusing,8
1138,Courageous,71
1138,Fascinating,84
1138,Funny,81
1138,Informative,55
1138,Ingenious,50
1138,Inspiring,54
1138,Jaw-dropping,58
1138,Longwinded,39
1138,OK,6
1138,Obnoxious,1
1138,Persuasive,72
1138,Unconvincing,34
1139,Beautiful,29
1139,Confusing,7
1139,Courageous,31
1139,Fascinating,23
1139,Funny,32
1139,Informative,28
1139,Ingenious,30
1139,Inspiring,9
1139,Jaw-dropping,8
1139,Longwinded,4
1139,OK,19
1139,Obnoxious,22
1139,Persuasive,30
1140,Beautiful,15
1140,Confusing,16
1140,Courageous,18
1140,Fascinating,17
1140,Funny,25
1140,Informative,22
1140,Ingenious,22
1140,Inspiring,26
1140,Jaw-dropping,13
1140,Longwinded,19
1140,OK,2
1140,Obnoxious,1
1140,Persuasive,29
1140,Unconvincing,3
1141,Beautiful,362
1141,Confusing,37
1141,Courageous,404
1141,Fascinating,441
1141,Funny,105
1141,Informative,36
1141,Ingenious,417
1141,Inspiring,437
1141,Jaw-dropping,447
1141,Longwinded,413
1141,OK,73
1141,Obnoxious,107
1141,Persuasive,73
1141,Unconvincing,88
1142,Beautiful,227
1142,Confusing,1
1142,Courageous,107
1142,Fascinating,267
1142,Funny,216
1142,Informative,247
1142,Ingenious,322
1142,Inspiring,274
1142,Jaw-dropping,221
1142,Longwinded,204
1142,OK,31
1142,Obnoxious,151
1142,Persuasive,308
1142,Unconvincing,301
1143,Beautiful,248
1143,Confusing,101
1143,Courageous,336
1143,Fascinating,333
1143,Funny,139
1143,Informative,265
1143,Ingenious,225
1143,Inspiring,364
1143,Jaw-dropping,212
1143,OK,1
1143,Obnoxious,202
1143,Persuasive,363
1143,Unconvincing,49
1144,Beautiful,34
1144,Courageous,28
1144,Fascinating,35
1144,Funny,9
1144,Informative,23
1144,Ingenious,30
1144,Inspiring,31
1144,Jaw-dropping,26
1144,Longwinded,31
1144,OK,8
1144,Obnoxious,20
1144,Persuasive,24
1144,Unconvincing,20
1145,Beautiful,153
1145,Confusing,21
1145,Courageous,88
1145,Fascinating,83
1145,Funny,102
1145,Informative,143
1145,Ingenious,76
1145,Inspiring,45
1145,Jaw-dropping,151
1145,Longwinded,33
1145,OK,1
1145,Obnoxious,126
1145,Persuasive,132
1145,Unconvincing,55
1146,Beautiful,201
1146,Confusing,2
1146,Courageous,221
1146,Fascinating,123
1146,Funny,196
1146,Informative,161
1146,Ingenious,204
1146,Inspiring,70
1146,Jaw-dropping,134
1146,Longwinded,194
1146,OK,81
1146,Obnoxious,3
1146,Persuasive,120
1146,Unconvincing,38
1147,Beautiful,184
1147,Confusing,7
1147,Courageous,208
1147,Fascinating,129
1147,Funny,129
1147,Informative,70
1147,Ingenious,219
1147,Inspiring,192
1147,Jaw-dropping,130
1147,Longwinded,152
1147,OK,24
1147,Obnoxious,110
1147,Persuasive,122
1147,Unconvincing,224
1148,Beautiful,80
1148,Confusing,50
1148,Courageous,72
1148,Fascinating,25
1148,Funny,105
1148,Informative,96
1148,Ingenious,110
1148,Inspiring,94
1148,Jaw-dropping,110
1148,Longwinded,43
1148,OK,31
1148,Obnoxious,69
1148,Persuasive,41
1148,Unconvincing,34
1149,Beautiful,31
1149,Confusing,77
1149,Courageous,92
1149,Fascinating,99
1149,Funny,17
1149,Informative,63
1149,Ingenious,61
1149,Inspiring,98
1149,Jaw-dropping,46
1149,Longwinded,75
1149,OK,3
1149,Obnoxious,20
1149,Persuasive,93
1149,Unconvincing,26
1150,Beautiful,24
1150,Confusing,3
1150,Courageous,27
1150,Fascinating,18
1150,Funny,24
1150,Informative,21
1150,Ingenious,26
1150,Inspiring,15
1150,Jaw-dropping,26
1150,Longwinded,9
1150,OK,1
1150,Obnoxious,2
1150,Persuasive,9
1150,Unconvincing,19
1151,Beautiful,95
1151,Confusing,22
1151,Courageous,115
1151,Fascinating,111
1151,Funny,98
1151,Informative,103
1151,Ingenious,84
1151,Inspiring,77
1151,Jaw-dropping,96
1151,Longwinded,7
1151,OK,37
1151,Obnoxious,120
1151,Persuasive,109
1151,Unconvincing,65
1152,Beautiful,164
1152,Confusing,7
1152,Courageous,56
1152,Fascinating,172
1152,Funny,150
1152,Informative,44
1152,Ingenious,24
1152,Inspiring,142
1152,Jaw-dropping,127
1152,Longwinded,1
1152,OK,6
1152,Obnoxious,113
1152,Persuasive,142
1152,Unconvincing,8
1153,Beautiful,169
1153,Confusing,67
1153,Courageous,74
1153,Fascinating,113
1153,Funny,156
1153,Informative,142
1153,Ingenious,192
1153,Inspiring,124
1153,Jaw-dropping,192
1153,Longwinded,89
1153,OK,157
1153,Persuasive,101
1153,Unconvincing,192
1154,Beautiful,250
1154,Confusing,30
1154,Courageous,202
1154,Fascinating,207
1154,Funny,178
1154,Informative,236
1154,Ingenious,26
1154,Inspiring,98
1154,Jaw-dropping,203
1154,Longwinded,21
1154,OK,64
1154,Obnoxious,31
1154,Persuasive,235
1154,Unconvincing,58
1155,Beautiful,135
1155,Courageous,18
1155,Fascinating,87
1155,Funny,136
1155,Informative,97
1155,Ingenious,61
1155,Inspiring,141
1155,Jaw-dropping,140
1155,Longwinded,5
1155,Obnoxious,26
1155,Persuasive,74
1155,Unconvincing,10
1156,Beautiful,256
1156,Confusing,115
1156,Courageous,279
1156,Fascinating,280
1156,Funny,244
1156,Informative,90
1156,Ingenious,311
1156,Inspiring,254
1156,Jaw-dropping,90
1156,OK,31
1156,Obnoxious,91
1156,Persuasive,295
1156,Unconvincing,58
1157,Beautiful,1067
1157,Confusing,49
1157,Courageous,1014
1157,Fascinating,947
1157,Funny,847
1157,Informative,847
1157,Ingenious,221
1157,Inspiring,386
1157,Jaw-dropping,604
1157,Longwinded,669
1157,OK,64
1157,Obnoxious,305
1157,Persuasive,1260
1157,Unconvincing,25
1158,Beautiful,258
1158,Courageous,189
1158,Fascinating,76
1158,Funny,196
1158,Informative,80
1158,Ingenious,28
1158,Inspiring,257
1158,Jaw-dropping,253
1158,Longwinded,24
1158,Obnoxious,45
1158,Persuasive,155
1158,Unconvincing,14
1159,Beautiful,290
1159,Confusing,107
1159,Courageous,191
1159,Fascinating,267
1159,Funny,144
1159,Informative,222
1159,Ingenious,345
1159,Inspiring,386
1159,Jaw-dropping,230
1159,Longwinded,201
1159,OK,289
1159,Obnoxious,178
1159,Persuasive,155
1160,Beautiful,25
1160,Confusing,11
1160,Courageous,28
1160,Fascinating,34
1160,Funny,36
1160,Informative,43
1160,Ingenious,43
1160,Inspiring,39
1160,Jaw-dropping,42
1160,Longwinded,16
1160,OK,32
1160,Obnoxious,5
1160,Persuasive,23
1161,Beautiful,55
1161,Confusing,6
1161,Courageous,73
1161,Fascinating,60
1161,Funny,100
1161,Informative,126
1161,Ingenious,96
1161,Inspiring,113
1161,Jaw-dropping,129
1161,Longwinded,1
1161,Obnoxious,37
1161,Persuasive,128
1161,Unconvincing,37
1162,Beautiful,174
1162,Confusing,8
1162,Courageous,102
1162,Fascinating,190
1162,Funny,156
1162,Informative,186
1162,Ingenious,142
1162,Inspiring,145
1162,Jaw-dropping,175
1162,Longwinded,2
1162,OK,157
1162,Obnoxious,5
1162,Persuasive,13
1162,Unconvincing,173
1163,Beautiful,47
1163,Courageous,47
1163,Fascinating,47
1163,Funny,59
1163,Informative,58
1163,Ingenious,71
1163,Inspiring,33
1163,Jaw-dropping,42
1163,OK,7
1163,Obnoxious,8
1163,Persuasive,31
1163,Unconvincing,34
1164,Beautiful,21
1164,Courageous,8
1164,Fascinating,12
1164,Funny,23
1164,Informative,12
1164,Ingenious,24
1164,Inspiring,8
1164,Jaw-dropping,6
1164,Longwinded,14
1164,OK,2
1164,Obnoxious,4
1164,Persuasive,20
1164,Unconvincing,3
1165,Beautiful,33
1165,Confusing,41
1165,Courageous,21
1165,Fascinating,39
1165,Funny,40
1165,Informative,24
1165,Ingenious,33
1165,Inspiring,20
1165,Jaw-dropping,24
1165,Longwinded,38
1165,OK,40
1165,Obnoxious,36
1165,Persuasive,24
1165,Unconvincing,4
1166,Beautiful,6
1166,Courageous,14
1166,Fascinating,10
1166,Funny,12
1166,Informative,5
1166,Ingenious,3
1166,Inspiring,15
1166,Jaw-dropping,15
1166,Longwinded,14
1166,Obnoxious,4
1166,Persuasive,12
1166,Unconvincing,9
1167,Beautiful,127
1167,Confusing,161
1167,Courageous,196
1167,Fascinating,187
1167,Funny,195
1167,Informative,136
1167,Ingenious,87
1167,Inspiring,204
1167,Jaw-dropping,92
1167,Longwinded,2
1167,OK,130
1167,Obnoxious,129
1167,Persuasive,129
1167,Unconvincing,65
1168,Beautiful,89
1168,Confusing,79
1168,Courageous,70
1168,Fascinating,21
1168,Funny,89
1168,Informative,84
1168,Ingenious,81
1168,Inspiring,64
1168,Jaw-dropping,81
1168,Longwinded,10
1168,Obnoxious,21
1168,Persuasive,74
1168,Unconvincing,6
1169,Beautiful,1528
1169,Confusing,156
1169,Courageous,1210
1169,Fascinating,864
1169,Funny,1435
1169,Informative,1349
1169,Ingenious,783
1169,Inspiring,529
1169,Jaw-dropping,193
1169,Longwinded,246
1169,OK,860
1169,Obnoxious,1401
1169,Persuasive,1252
1169,Unconvincing,293
1170,Beautiful,70
1170,Confusing,148
1170,Courageous,150
1170,Fascinating,113
1170,Funny,32
1170,Informative,57
1170,Ingenious,74
1170,Inspiring,121
1170,Jaw-dropping,152
1170,OK,3
1170,Obnoxious,3
1170,Persuasive,149
1170,Unconvincing,114
1171,Beautiful,230
1171,Confusing,227
1171,Courageous,350
1171,Fascinating,320
1171,Funny,202
1171,Informative,144
1171,Ingenious,326
1171,Inspiring,326
1171,Jaw-dropping,177
1171,Longwinded,5
1171,OK,71
1171,Obnoxious,17
1171,Persuasive,419
1171,Unconvincing,346
1172,Beautiful,233
1172,Confusing,308
1172,Courageous,362
1172,Fascinating,530
1172,Funny,363
1172,Informative,583
1172,Ingenious,524
1172,Inspiring,446
1172,Jaw-dropping,219
1172,Longwinded,307
1172,OK,665
1172,Persuasive,238
1172,Unconvincing,114
1173,Beautiful,277
1173,Confusing,114
1173,Courageous,274
1173,Fascinating,256
1173,Funny,130
1173,Informative,235
1173,Ingenious,180
1173,Inspiring,245
1173,Jaw-dropping,143
1173,Longwinded,13
1173,OK,194
1173,Obnoxious,33
1173,Persuasive,207
1174,Beautiful,32
1174,Confusing,33
1174,Courageous,31
1174,Fascinating,57
1174,Funny,58
1174,Informative,38
1174,Ingenious,53
1174,Inspiring,22
1174,Jaw-dropping,51
1174,Longwinded,2
1174,OK,57
1174,Obnoxious,22
1174,Persuasive,54
1174,Unconvincing,19
1175,Beautiful,123
1175,Confusing,90
1175,Courageous,110
1175,Fascinating,117
1175,Funny,64
1175,Informative,111
1175,Ingenious,108
1175,Inspiring,82
1175,Jaw-dropping,61
1175,Longwinded,5
1175,OK,12
1175,Persuasive,71
1175,Unconvincing,77
1176,Beautiful,69
1176,Confusing,6
1176,Courageous,38
1176,Fascinating,69
1176,Funny,46
1176,Informative,28
1176,Ingenious,59
1176,Inspiring,52
1176,Jaw-dropping,62
1176,Longwinded,17
1176,OK,7
1176,Persuasive,65
1176,Unconvincing,34
1177,Beautiful,57
1177,Confusing,127
1177,Courageous,133
1177,Fascinating,134
1177,Funny,117
1177,Informative,135
1177,Ingenious,116
1177,Inspiring,137
1177,Jaw-dropping,141
1177,Longwinded,26
1177,OK,14
1177,Persuasive,142
1177,Unconvincing,87
1178,Beautiful,42
1178,Confusing,109
1178,Courageous,107
1178,Fascinating,113
1178,Funny,102
1178,Informative,82
1178,Ingenious,112
1178,Inspiring,104
1178,Jaw-dropping,146
1178,Longwinded,25
1178,OK,114
1178,Obnoxious,22
1178,Persuasive,76
1179,Beautiful,271
1179,Confusing,327
1179,Courageous,263
1179,Fascinating,219
1179,Funny,504
1179,Informative,508
1179,Ingenious,529
1179,Inspiring,387
1179,Jaw-dropping,499
1179,Longwinded,8
1179,OK,250
1179,Obnoxious,96
1179,Persuasive,542
1179,Unconvincing,4
1180,Beautiful,59
1180,Confusing,49
1180,Courageous,126
1180,Fascinating,73
1180,Funny,42
1180,Informative,85
1180,Ingenious,40
1180,Inspiring,78
1180,Jaw-dropping,60
1180,Longwinded,67
1180,OK,68
1180,Obnoxious,9
1180,Persuasive,65
1180,Unconvincing,13
1181,Beautiful,39
1181,Confusing,36
1181,Courageous,38
1181,Fascinating,44
1181,Funny,44
1181,Informative,26
1181,Ingenious,49
1181,Inspiring,43
1181,Jaw-dropping,26
1181,Longwinded,8
1181,OK,41
1181,Obnoxious,23
1181,Persuasive,41
1181,Unconvincing,2
1182,Beautiful,468
1182,Courageous,123
1182,Fascinating,574
1182,Funny,422
1182,Informative,410
1182,Ingenious,224
1182,Inspiring,325
1182,Jaw-dropping,470
1182,Longwinded,1
1182,OK,5
1182,Obnoxious,281
1182,Persuasive,324
1182,Unconvincing,389
1183,Beautiful,43
1183,Confusing,112
1183,Courageous,47
1183,Fascinating,86
1183,Funny,150
1183,Informative,115
1183,Ingenious,126
1183,Inspiring,153
1183,Jaw-dropping,134
1183,Longwinded,2
1183,OK,1
1183,Obnoxious,125
1183,Persuasive,129
1184,Beautiful,180
1184,Confusing,3
1184,Courageous,166
1184,Fascinating,185
1184,Funny,147
1184,Informative,208
1184,Ingenious,146
1184,Inspiring,125
1184,Jaw-dropping,46
1184,Longwinded,62
1184,OK,23
1184,Obnoxious,177
1184,Persuasive,142
1184,Unconvincing,173
1185,Beautiful,297
1185,Confusing,8
1185,Courageous,269
1185,Fascinating,130
1185,Funny,337
1185,Informative,278
1185,Ingenious,188
1185,Inspiring,256
1185,Jaw-dropping,199
1185,Longwinded,293
1185,OK,182
1185,Obnoxious,12
1185,Persuasive,260
1185,Unconvincing,113
1186,Beautiful,245
1186,Confusing,2
1186,Courageous,467
1186,Fascinating,111
1186,Funny,404
1186,Informative,387
1186,Ingenious,574
1186,Inspiring,176
1186,Jaw-dropping,104
1186,Longwinded,547
1186,OK,196
1186,Obnoxious,54
1186,Persuasive,355
1186,Unconvincing,515
1187,Beautiful,30
1187,Confusing,33
1187,Courageous,22
1187,Fascinating,47
1187,Funny,13
1187,Informative,43
1187,Ingenious,39
1187,Inspiring,36
1187,Jaw-dropping,36
1187,Longwinded,46
1187,Obnoxious,4
1187,Persuasive,42
1188,Beautiful,317
1188,Confusing,811
1188,Courageous,1294
1188,Fascinating,758
1188,Funny,492
1188,Informative,862
1188,Ingenious,1016
1188,Inspiring,1280
1188,Jaw-dropping,1019
1188,Longwinded,447
1188,OK,422
1188,Obnoxious,285
1188,Persuasive,1218
1188,Unconvincing,104
1189,Beautiful,177
1189,Confusing,5
1189,Courageous,125
1189,Fascinating,110
1189,Funny,221
1189,Informative,200
1189,Ingenious,145
1189,Inspiring,139
1189,Jaw-dropping,122
1189,Longwinded,141
1189,Obnoxious,35
1189,Persuasive,69
1189,Unconvincing,20
1190,Beautiful,229
1190,Confusing,272
1190,Courageous,346
1190,Fascinating,376
1190,Funny,152
1190,Informative,398
1190,Ingenious,102
1190,Inspiring,50
1190,Jaw-dropping,308
1190,Longwinded,30
1190,OK,309
1190,Obnoxious,193
1190,Persuasive,444
1191,Beautiful,16
1191,Confusing,27
1191,Courageous,20
1191,Fascinating,20
1191,Funny,20
1191,Informative,21
1191,Ingenious,22
1191,Inspiring,19
1191,Jaw-dropping,23
1191,Longwinded,9
1191,OK,3
1191,Obnoxious,5
1191,Persuasive,18
1191,Unconvincing,25
1192,Beautiful,8
1192,Confusing,2
1192,Courageous,19
1192,Fascinating,19
1192,Funny,13
1192,Informative,15
1192,Ingenious,3
1192,Inspiring,14
1192,Jaw-dropping,5
1192,Longwinded,7
1192,Obnoxious,2
1192,Persuasive,12
1192,Unconvincing,1
1193,Beautiful,129
1193,Confusing,13
1193,Courageous,40
1193,Fascinating,41
1193,Funny,163
1193,Informative,131
1193,Ingenious,53
1193,Inspiring,112
1193,Jaw-dropping,117
1193,Longwinded,47
1193,OK,113
1193,Obnoxious,59
1193,Persuasive,111
1194,Beautiful,3
1194,Confusing,1
1194,Courageous,1
1194,Fascinating,2
1194,Funny,3
1194,Informative,2
1194,Ingenious,1
1194,Inspiring,1
1194,Jaw-dropping,1
1194,Longwinded,1
1194,Obnoxious,1
1194,Persuasive,2
1194,Unconvincing,1
1195,Beautiful,441
1195,Confusing,11
1195,Courageous,302
1195,Fascinating,88
1195,Funny,460
1195,Informative,262
1195,Ingenious,146
1195,Inspiring,277
1195,Jaw-dropping,137
1195,Longwinded,7
1195,OK,136
1195,Obnoxious,443
1195,Persuasive,196
1195,Unconvincing,342
1196,Beautiful,182
1196,Confusing,6
1196,Courageous,149
1196,Fascinating,100
1196,Funny,71
1196,Informative,161
1196,Ingenious,99
1196,Inspiring,39
1196,Jaw-dropping,159
1196,Longwinded,144
1196,OK,3
1196,Obnoxious,3
1196,Persuasive,119
1196,Unconvincing,6
1197,Beautiful,250
1197,Confusing,168
1197,Courageous,107
1197,Fascinating,156
1197,Funny,247
1197,Informative,148
1197,Ingenious,216
1197,Inspiring,230
1197,Jaw-dropping,132
1197,Longwinded,7
1197,Obnoxious,231
1197,Persuasive,128
1197,Unconvincing,97
1198,Beautiful,390
1198,Confusing,1
1198,Courageous,200
1198,Fascinating,109
1198,Funny,398
1198,Informative,405
1198,Ingenious,275
1198,Inspiring,179
1198,Jaw-dropping,347
1198,Longwinded,158
1198,OK,66
1198,Obnoxious,120
1198,Persuasive,317
1199,Beautiful,463
1199,Confusing,61
1199,Courageous,538
1199,Fascinating,759
1199,Funny,737
1199,Informative,76
1199,Ingenious,581
1199,Inspiring,183
1199,Jaw-dropping,642
1199,Longwinded,503
1199,OK,171
1199,Obnoxious,671
1199,Persuasive,259
1199,Unconvincing,11
1200,Beautiful,14
1200,Confusing,12
1200,Courageous,13
1200,Fascinating,6
1200,Funny,11
1200,Informative,8
1200,Ingenious,6
1200,Inspiring,13
1200,Jaw-dropping,8
1200,Longwinded,14
1200,OK,12
1200,Persuasive,6
1200,Unconvincing,7
1201,Beautiful,70
1201,Confusing,54
1201,Courageous,79
1201,Fascinating,109
1201,Funny,85
1201,Informative,101
1201,Ingenious,37
1201,Inspiring,125
1201,Jaw-dropping,86
1201,Longwinded,77
1201,OK,3
1201,Obnoxious,1
1201,Persuasive,57
1201,Unconvincing,18
1202,Beautiful,18
1202,Courageous,7
1202,Fascinating,28
1202,Funny,24
1202,Informative,21
1202,Ingenious,25
1202,Inspiring,27
1202,Jaw-dropping,15
1202,OK,33
1202,Obnoxious,12
1202,Persuasive,29
1202,Unconvincing,14
1203,Beautiful,109
1203,Confusing,71
1203,Courageous,168
1203,Fascinating,120
1203,Funny,135
1203,Informative,148
1203,Ingenious,138
1203,Inspiring,165
1203,Jaw-dropping,142
1203,Longwinded,1
1203,OK,133
1203,Obnoxious,2
1203,Persuasive,45
1203,Unconvincing,75
1204,Beautiful,68
1204,Confusing,31
1204,Courageous,40
1204,Fascinating,67
1204,Funny,42
1204,Informative,44
1204,Ingenious,77
1204,Inspiring,77
1204,Jaw-dropping,51
1204,Longwinded,10
1204,OK,54
1204,Obnoxious,77
1204,Persuasive,70
1204,Unconvincing,13
1205,Beautiful,199
1205,Confusing,23
1205,Courageous,205
1205,Fascinating,187
1205,Funny,196
1205,Informative,99
1205,Ingenious,212
1205,Inspiring,101
1205,Jaw-dropping,192
1205,Longwinded,167
1205,OK,236
1205,Persuasive,150
1205,Unconvincing,143
1206,Beautiful,22
1206,Confusing,17
1206,Courageous,31
1206,Fascinating,52
1206,Funny,50
1206,Informative,34
1206,Ingenious,42
1206,Inspiring,38
1206,Jaw-dropping,41
1206,Longwinded,22
1206,OK,2
1206,Persuasive,54
1206,Unconvincing,3
1207,Beautiful,23
1207,Confusing,7
1207,Courageous,15
1207,Fascinating,25
1207,Funny,16
1207,Informative,19
1207,Ingenious,24
1207,Inspiring,21
1207,Jaw-dropping,15
1207,Longwinded,1
1207,OK,23
1207,Obnoxious,9
1207,Persuasive,27
1208,Beautiful,54
1208,Confusing,17
1208,Courageous,83
1208,Fascinating,59
1208,Funny,28
1208,Informative,38
1208,Ingenious,81
1208,Inspiring,31
1208,Jaw-dropping,78
1208,Longwinded,74
1208,OK,12
1208,Obnoxious,58
1208,Persuasive,68
1208,Unconvincing,76
1209,Beautiful,116
1209,Confusing,122
1209,Courageous,46
1209,Fascinating,111
1209,Funny,5
1209,Informative,109
1209,Ingenious,127
1209,Inspiring,69
1209,Jaw-dropping,133
1209,Obnoxious,9
1209,Persuasive,61
1209,Unconvincing,63
1210,Beautiful,16
1210,Confusing,18
1210,Courageous,23
1210,Fascinating,17
1210,Funny,15
1210,Informative,16
1210,Ingenious,22
1210,Inspiring,18
1210,Jaw-dropping,12
1210,Longwinded,4
1210,Obnoxious,9
1210,Persuasive,16
1210,Unconvincing,1
1211,Beautiful,596
1211,Confusing,548
1211,Courageous,581
1211,Fascinating,598
1211,Funny,630
1211,Informative,458
1211,Ingenious,453
1211,Inspiring,583
1211,Jaw-dropping,596
1211,Longwinded,19
1211,OK,22
1211,Persuasive,136
1211,Unconvincing,260
1212,Beautiful,46
1212,Confusing,162
1212,Courageous,228
1212,Fascinating,217
1212,Funny,197
1212,Informative,220
1212,Ingenious,168
1212,Inspiring,197
1212,Jaw-dropping,164
1212,Longwinded,6
1212,OK,102
1212,Obnoxious,134
1212,Persuasive,88
1212,Unconvincing,20
1213,Beautiful,24
1213,Courageous,45
1213,Fascinating,55
1213,Funny,34
1213,Informative,48
1213,Ingenious,31
1213,Inspiring,46
1213,Jaw-dropping,24
1213,Longwinded,45
1213,OK,2
1213,Obnoxious,8
1213,Persuasive,51
1213,Unconvincing,9
1214,Beautiful,8
1214,Courageous,7
1214,Fascinating,6
1214,Funny,5
1214,Informative,7
1214,Ingenious,6
1214,Inspiring,3
1214,Jaw-dropping,3
1214,OK,1
1214,Persuasive,5
1214,Unconvincing,5
1215,Beautiful,108
1215,Confusing,48
1215,Courageous,122
1215,Fascinating,140
1215,Funny,132
1215,Informative,44
1215,Ingenious,109
1215,Inspiring,131
1215,Jaw-dropping,56
1215,Longwinded,58
1215,OK,106
1215,Obnoxious,107
1215,Persuasive,81
1215,Unconvincing,103
1216,Beautiful,76
1216,Confusing,129
1216,Courageous,84
1216,Fascinating,42
1216,Funny,85
1216,Informative,120
1216,Ingenious,28
1216,Inspiring,90
1216,Jaw-dropping,56
1216,Longwinded,43
1216,OK,133
1216,Obnoxious,67
1216,Persuasive,133
1216,Unconvincing,11
1217,Beautiful,29
1217,Confusing,32
1217,Courageous,39
1217,Fascinating,6
1217,Funny,16
1217,Informative,33
1217,Ingenious,20
1217,Inspiring,28
1217,Jaw-dropping,8
1217,Longwinded,3
1217,OK,3
1217,Obnoxious,16
1217,Persuasive,23
1217,Unconvincing,5
1218,Beautiful,22
1218,Courageous,5
1218,Fascinating,24
1218,Funny,12
1218,Informative,12
1218,Ingenious,22
1218,Inspiring,20
1218,Jaw-dropping,7
1218,Longwinded,21
1218,Obnoxious,5
1218,Persuasive,15
1219,Beautiful,51
1219,Courageous,133
1219,Fascinating,95
1219,Funny,125
1219,Informative,142
1219,Ingenious,140
1219,Inspiring,35
1219,Jaw-dropping,82
1219,Longwinded,2
1219,Obnoxious,116
1219,Persuasive,96
1219,Unconvincing,92
1220,Beautiful,83
1220,Confusing,12
1220,Courageous,47
1220,Fascinating,112
1220,Funny,115
1220,Informative,105
1220,Ingenious,105
1220,Inspiring,38
1220,Jaw-dropping,103
1220,Longwinded,20
1220,Obnoxious,118
1220,Persuasive,76
1220,Unconvincing,109
1221,Beautiful,110
1221,Confusing,32
1221,Courageous,91
1221,Fascinating,111
1221,Funny,113
1221,Informative,9
1221,Ingenious,100
1221,Inspiring,125
1221,Jaw-dropping,91
1221,Longwinded,3
1221,OK,7
1221,Obnoxious,59
1221,Persuasive,120
1221,Unconvincing,10
1222,Beautiful,50
1222,Confusing,6
1222,Courageous,96
1222,Fascinating,89
1222,Funny,83
1222,Informative,83
1222,Ingenious,56
1222,Inspiring,105
1222,Jaw-dropping,78
1222,Longwinded,12
1222,OK,56
1222,Obnoxious,34
1222,Persuasive,15
1222,Unconvincing,6
1223,Beautiful,173
1223,Confusing,70
1223,Courageous,228
1223,Fascinating,130
1223,Funny,124
1223,Informative,238
1223,Ingenious,262
1223,Inspiring,253
1223,Jaw-dropping,202
1223,Longwinded,105
1223,OK,82
1223,Obnoxious,8
1223,Persuasive,179
1223,Unconvincing,34
1224,Beautiful,117
1224,Courageous,131
1224,Fascinating,147
1224,Funny,85
1224,Informative,28
1224,Ingenious,139
1224,Inspiring,74
1224,Jaw-dropping,171
1224,Longwinded,2
1224,Obnoxious,150
1224,Persuasive,166
1224,Unconvincing,10
1225,Beautiful,108
1225,Confusing,59
1225,Courageous,106
1225,Fascinating,93
1225,Funny,97
1225,Informative,79
1225,Ingenious,63
1225,Inspiring,117
1225,Jaw-dropping,103
1225,Longwinded,104
1225,OK,4
1225,Obnoxious,13
1225,Persuasive,88
1225,Unconvincing,61
1226,Beautiful,41
1226,Confusing,40
1226,Courageous,18
1226,Fascinating,18
1226,Funny,25
1226,Informative,37
1226,Ingenious,8
1226,Inspiring,35
1226,Jaw-dropping,31
1226,OK,8
1226,Obnoxious,32
1226,Persuasive,49
1226,Unconvincing,2
1227,Beautiful,39
1227,Confusing,1
1227,Courageous,35
1227,Fascinating,12
1227,Funny,25
1227,Informative,30
1227,Ingenious,11
1227,Inspiring,26
1227,Jaw-dropping,34
1227,Longwinded,5
1227,OK,36
1227,Obnoxious,35
1227,Persuasive,37
1227,Unconvincing,5
1228,Beautiful,12
1228,Confusing,2
1228,Courageous,8
1228,Fascinating,14
1228,Funny,14
1228,Informative,13
1228,Ingenious,9
1228,Inspiring,6
1228,Jaw-dropping,6
1228,Longwinded,14
1228,Obnoxious,4
1228,Persuasive,8
1228,Unconvincing,2
1229,Beautiful,21
1229,Confusing,47
1229,Courageous,60
1229,Fascinating,29
1229,Funny,53
1229,Informative,56
1229,Ingenious,35
1229,Inspiring,56
1229,Jaw-dropping,7
1229,OK,22
1229,Obnoxious,13
1229,Persuasive,60
1229,Unconvincing,8
1230,Beautiful,63
1230,Courageous,90
1230,Fascinating,78
1230,Funny,110
1230,Informative,53
1230,Ingenious,121
1230,Inspiring,135
1230,Jaw-dropping,146
1230,Longwinded,3
1230,OK,66
1230,Obnoxious,84
1230,Persuasive,110
1231,Beautiful,69
1231,Courageous,52
1231,Fascinating,54
1231,Funny,68
1231,Informative,42
1231,Ingenious,31
1231,Inspiring,43
1231,Jaw-dropping,46
1231,Longwinded,16
1231,OK,35
1231,Obnoxious,16
1231,Persuasive,35
1231,Unconvincing,13
1232,Beautiful,65
1232,Courageous,61
1232,Fascinating,34
1232,Funny,61
1232,Informative,37
1232,Ingenious,57
1232,Inspiring,34
1232,Jaw-dropping,48
1232,Longwinded,37
1232,OK,10
1232,Obnoxious,1
1232,Persuasive,59
1232,Unconvincing,37
1233,Beautiful,18
1233,Fascinating,16
1233,Funny,15
1233,Informative,20
1233,Ingenious,19
1233,Inspiring,17
1233,Jaw-dropping,7
1233,Longwinded,2
1233,Obnoxious,7
1233,Persuasive,15
1233,Unconvincing,5
1234,Beautiful,36
1234,Confusing,45
1234,Courageous,107
1234,Fascinating,147
1234,Funny,119
1234,Informative,117
1234,Ingenious,53
1234,Inspiring,112
1234,Jaw-dropping,118
1234,Longwinded,6
1234,OK,47
1234,Obnoxious,4
1234,Persuasive,73
1234,Unconvincing,136
1235,Beautiful,73
1235,Confusing,38
1235,Courageous,70
1235,Fascinating,15
1235,Funny,29
1235,Informative,72
1235,Ingenious,82
1235,Inspiring,41
1235,Jaw-dropping,79
1235,Longwinded,5
1235,Obnoxious,62
1235,Persuasive,66
1236,Beautiful,459
1236,Confusing,409
1236,Courageous,305
1236,Fascinating,356
1236,Funny,197
1236,Informative,447
1236,Ingenious,376
1236,Inspiring,458
1236,Jaw-dropping,255
1236,Longwinded,297
1236,Obnoxious,176
1236,Persuasive,452
1236,Unconvincing,350
1237,Beautiful,252
1237,Courageous,625
1237,Fascinating,825
1237,Funny,931
1237,Informative,514
1237,Ingenious,605
1237,Inspiring,531
1237,Jaw-dropping,680
1237,Longwinded,505
1237,OK,349
1237,Obnoxious,944
1237,Persuasive,600
1237,Unconvincing,120
1238,Beautiful,48
1238,Confusing,33
1238,Courageous,39
1238,Fascinating,41
1238,Funny,49
1238,Informative,18
1238,Ingenious,36
1238,Inspiring,48
1238,Jaw-dropping,26
1238,Longwinded,23
1238,OK,40
1238,Obnoxious,17
1238,Persuasive,15
1238,Unconvincing,1
1239,Beautiful,209
1239,Confusing,231
1239,Courageous,261
1239,Fascinating,148
1239,Funny,183
1239,Informative,211
1239,Ingenious,189
1239,Inspiring,233
1239,Jaw-dropping,198
1239,Longwinded,38
1239,OK,300
1239,Persuasive,142
1239,Unconvincing,11
1240,Beautiful,70
1240,Confusing,22
1240,Courageous,85
1240,Fascinating,183
1240,Funny,139
1240,Informative,203
1240,Ingenious,61
1240,Inspiring,121
1240,Jaw-dropping,163
1240,Longwinded,68
1240,OK,131
1240,Obnoxious,4
1240,Persuasive,131
1240,Unconvincing,58
1241,Beautiful,8
1241,Confusing,8
1241,Courageous,5
1241,Fascinating,9
1241,Funny,8
1241,Informative,7
1241,Ingenious,3
1241,Inspiring,2
1241,Jaw-dropping,8
1241,Longwinded,1
1241,OK,2
1241,Obnoxious,4
1241,Persuasive,8
1242,Beautiful,670
1242,Confusing,606
1242,Courageous,175
1242,Fascinating,758
1242,Funny,1331
1242,Informative,608
1242,Ingenious,743
1242,Inspiring,779
1242,Jaw-dropping,1682
1242,Longwinded,578
1242,OK,151
1242,Obnoxious,90
1242,Persuasive,704
1242,Unconvincing,705
1243,Beautiful,18
1243,Confusing,25
1243,Courageous,27
1243,Fascinating,27
1243,Funny,24
1243,Informative,16
1243,Ingenious,25
1243,Inspiring,9
1243,Jaw-dropping,19
1243,Longwinded,3
1243,OK,13
1243,Obnoxious,5
1243,Persuasive,16
1244,Beautiful,93
1244,Confusing,24
1244,Courageous,38
1244,Fascinating,30
1244,Funny,57
1244,Informative,130
1244,Ingenious,114
1244,Inspiring,147
1244,Jaw-dropping,74
1244,Longwinded,110
1244,Obnoxious,137
1244,Persuasive,61
1244,Unconvincing,2
1245,Beautiful,39
1245,Confusing,7
1245,Courageous,30
1245,Fascinating,32
1245,Funny,43
1245,Informative,32
1245,Ingenious,16
1245,Inspiring,29
1245,Jaw-dropping,34
1245,Longwinded,7
1245,OK,18
1245,Obnoxious,33
1245,Persuasive,38
1245,Unconvincing,22
1246,Beautiful,5
1246,Confusing,10
1246,Courageous,13
1246,Fascinating,13
1246,Funny,2
1246,Informative,8
1246,Ingenious,13
1246,Inspiring,7
1246,Jaw-dropping,13
1246,Longwinded,10
1246,OK,1
1246,Obnoxious,1
1246,Persuasive,7
1247,Beautiful,102
1247,Confusing,54
1247,Courageous,86
1247,Fascinating,97
1247,Funny,94
1247,Informative,70
1247,Ingenious,97
1247,Inspiring,32
1247,Jaw-dropping,76
1247,Longwinded,80
1247,Obnoxious,53
1247,Persuasive,100
1247,Unconvincing,51
1248,Beautiful,17
1248,Confusing,1
1248,Courageous,46
1248,Fascinating,43
1248,Funny,19
1248,Informative,55
1248,Ingenious,49
1248,Inspiring,33
1248,Jaw-dropping,50
1248,Longwinded,1
1248,OK,39
1248,Obnoxious,12
1248,Persuasive,26
1248,Unconvincing,12
1249,Beautiful,50
1249,Confusing,40
1249,Courageous,57
1249,Fascinating,55
1249,Funny,63
1249,Informative,53
1249,Ingenious,48
1249,Inspiring,26
1249,Jaw-dropping,43
1249,Longwinded,6
1249,OK,14
1249,Obnoxious,18
1249,Persuasive,24
1249,Unconvincing,13
1250,Beautiful,85
1250,Confusing,25
1250,Courageous,94
1250,Fascinating,75
1250,Funny,87
1250,Informative,115
1250,Ingenious,91
1250,Inspiring,98
1250,Jaw-dropping,115
1250,Longwinded,24
1250,OK,37
1250,Obnoxious,86
1250,Persuasive,116
1250,Unconvincing,3
1251,Beautiful,55
1251,Confusing,37
1251,Courageous,61
1251,Fascinating,54
1251,Funny,22
1251,Informative,16
1251,Ingenious,51
1251,Inspiring,25
1251,Jaw-dropping,46
1251,Longwinded,83
1251,OK,39
1251,Obnoxious,27
1251,Persuasive,37
1251,Unconvincing,14
1252,Beautiful,47
1252,Confusing,5
1252,Courageous,60
1252,Fascinating,57
1252,Funny,52
1252,Informative,70
1252,Ingenious,64
1252,Inspiring,22
1252,Jaw-dropping,69
1252,Longwinded,26
1252,OK,16
1252,Obnoxious,3
1252,Persuasive,26
1252,Unconvincing,79
1253,Beautiful,22
1253,Confusing,135
1253,Courageous,144
1253,Fascinating,106
1253,Funny,47
1253,Informative,37
1253,Ingenious,84
1253,Inspiring,84
1253,Jaw-dropping,100
1253,Longwinded,127
1253,OK,54
1253,Obnoxious,127
1253,Persuasive,52
1254,Beautiful,30
1254,Confusing,9
1254,Courageous,18
1254,Fascinating,20
1254,Funny,14
1254,Informative,32
1254,Ingenious,11
1254,Inspiring,31
1254,Jaw-dropping,41
1254,Longwinded,28
1254,OK,20
1254,Obnoxious,12
1254,Persuasive,46
1254,Unconvincing,14
1255,Beautiful,32
1255,Confusing,7
1255,Courageous,74
1255,Fascinating,131
1255,Funny,98
1255,Informative,102
1255,Ingenious,128
1255,Inspiring,59
1255,Jaw-dropping,62
1255,OK,31
1255,Obnoxious,9
1255,Persuasive,144
1255,Unconvincing,102
1256,Beautiful,189
1256,Confusing,130
1256,Courageous,176
1256,Fascinating,96
1256,Funny,166
1256,Informative,128
1256,Ingenious,59
1256,Inspiring,172
1256,Jaw-dropping,122
1256,Longwinded,150
1256,OK,47
1256,Obnoxious,98
1256,Persuasive,164
1256,Unconvincing,95
1257,Beautiful,140
1257,Confusing,84
1257,Courageous,51
1257,Fascinating,47
1257,Funny,123
1257,Informative,34
1257,Ingenious,44
1257,Inspiring,151
1257,Jaw-dropping,139
1257,Longwinded,22
1257,OK,81
1257,Persuasive,159
1257,Unconvincing,30
1258,Beautiful,20
1258,Confusing,9
1258,Courageous,22
1258,Fascinating,18
1258,Funny,17
1258,Informative,16
1258,Ingenious,10
1258,Inspiring,17
1258,Jaw-dropping,16
1258,Longwinded,8
1258,Persuasive,21
1258,Unconvincing,2
1259,Beautiful,326
1259,Confusing,56
1259,Courageous,406
1259,Fascinating,242
1259,Funny,370
1259,Informative,337
1259,Ingenious,315
1259,Inspiring,123
1259,Jaw-dropping,306
1259,Longwinded,165
1259,OK,14
1259,Obnoxious,383
1259,Persuasive,235
1259,Unconvincing,185
1260,Beautiful,26
1260,Courageous,79
1260,Fascinating,72
1260,Funny,122
1260,Informative,110
1260,Ingenious,71
1260,Inspiring,107
1260,Jaw-dropping,114
1260,OK,30
1260,Obnoxious,30
1260,Persuasive,83
1260,Unconvincing,48
1261,Beautiful,334
1261,Confusing,26
1261,Courageous,306
1261,Fascinating,307
1261,Funny,200
1261,Informative,242
1261,Ingenious,266
1261,Inspiring,211
1261,Jaw-dropping,289
1261,Longwinded,127
1261,OK,334
1261,Obnoxious,6
1261,Persuasive,259
1261,Unconvincing,59
1262,Beautiful,718
1262,Confusing,421
1262,Courageous,681
1262,Fascinating,287
1262,Funny,384
1262,Informative,622
1262,Ingenious,548
1262,Inspiring,423
1262,Jaw-dropping,513
1262,OK,1
1262,Persuasive,512
1263,Beautiful,15
1263,Courageous,22
1263,Fascinating,19
1263,Funny,13
1263,Informative,16
1263,Ingenious,22
1263,Inspiring,19
1263,Jaw-dropping,6
1263,Longwinded,19
1263,OK,1
1263,Obnoxious,14
1263,Persuasive,4
1263,Unconvincing,1
1264,Beautiful,46
1264,Confusing,43
1264,Courageous,8
1264,Fascinating,28
1264,Funny,36
1264,Informative,44
1264,Ingenious,5
1264,Inspiring,39
1264,Jaw-dropping,32
1264,OK,26
1264,Obnoxious,52
1264,Persuasive,38
1264,Unconvincing,37
1265,Beautiful,37
1265,Confusing,28
1265,Courageous,40
1265,Fascinating,41
1265,Funny,24
1265,Informative,27
1265,Ingenious,39
1265,Inspiring,42
1265,Jaw-dropping,21
1265,OK,26
1265,Obnoxious,2
1265,Persuasive,37
1265,Unconvincing,4
1266,Beautiful,29
1266,Courageous,9
1266,Fascinating,33
1266,Funny,15
1266,Informative,36
1266,Ingenious,22
1266,Inspiring,37
1266,Jaw-dropping,37
1266,Longwinded,2
1266,OK,30
1266,Obnoxious,1
1266,Persuasive,44
1266,Unconvincing,6
1267,Beautiful,53
1267,Confusing,51
1267,Courageous,33
1267,Fascinating,25
1267,Funny,38
1267,Informative,53
1267,Ingenious,25
1267,Inspiring,53
1267,Jaw-dropping,29
1267,Longwinded,11
1267,OK,32
1267,Persuasive,56
1267,Unconvincing,3
1268,Beautiful,31
1268,Confusing,11
1268,Courageous,39
1268,Fascinating,24
1268,Funny,42
1268,Informative,45
1268,Ingenious,16
1268,Inspiring,30
1268,Jaw-dropping,38
1268,Longwinded,7
1268,Obnoxious,10
1268,Persuasive,43
1268,Unconvincing,29
1269,Beautiful,549
1269,Confusing,307
1269,Courageous,389
1269,Fascinating,98
1269,Funny,522
1269,Informative,505
1269,Ingenious,362
1269,Inspiring,409
1269,Jaw-dropping,566
1269,Longwinded,54
1269,OK,2
1269,Obnoxious,226
1269,Persuasive,437
1269,Unconvincing,267
1270,Beautiful,1853
1270,Confusing,56
1270,Courageous,1026
1270,Fascinating,2030
1270,Funny,2299
1270,Informative,1040
1270,Ingenious,1946
1270,Inspiring,2162
1270,Jaw-dropping,1687
1270,Longwinded,714
1270,OK,221
1270,Obnoxious,723
1270,Persuasive,490
1270,Unconvincing,819
1271,Beautiful,71
1271,Confusing,5
1271,Courageous,69
1271,Fascinating,35
1271,Funny,40
1271,Informative,72
1271,Ingenious,66
1271,Inspiring,50
1271,Jaw-dropping,79
1271,Longwinded,72
1271,OK,70
1271,Obnoxious,78
1271,Persuasive,41
1271,Unconvincing,5
1272,Beautiful,845
1272,Confusing,459
1272,Courageous,953
1272,Fascinating,470
1272,Funny,580
1272,Informative,1169
1272,Ingenious,570
1272,Inspiring,303
1272,Jaw-dropping,1246
1272,Longwinded,1119
1272,OK,56
1272,Obnoxious,85
1272,Persuasive,569
1272,Unconvincing,855
1273,Beautiful,21
1273,Confusing,53
1273,Courageous,16
1273,Fascinating,27
1273,Funny,56
1273,Informative,57
1273,Ingenious,71
1273,Inspiring,81
1273,Jaw-dropping,84
1273,Longwinded,75
1273,OK,3
1273,Obnoxious,62
1273,Persuasive,24
1273,Unconvincing,4
1274,Beautiful,209
1274,Confusing,231
1274,Courageous,110
1274,Fascinating,160
1274,Funny,336
1274,Informative,189
1274,Ingenious,75
1274,Inspiring,271
1274,Jaw-dropping,206
1274,OK,34
1274,Obnoxious,56
1274,Persuasive,218
1274,Unconvincing,86
1275,Beautiful,48
1275,Confusing,5
1275,Courageous,45
1275,Fascinating,55
1275,Funny,47
1275,Informative,23
1275,Ingenious,57
1275,Inspiring,10
1275,Jaw-dropping,57
1275,Longwinded,5
1275,OK,7
1275,Persuasive,57
1275,Unconvincing,12
1276,Beautiful,35
1276,Confusing,17
1276,Courageous,53
1276,Fascinating,49
1276,Funny,35
1276,Informative,49
1276,Ingenious,13
1276,Inspiring,46
1276,Jaw-dropping,58
1276,Longwinded,10
1276,OK,41
1276,Obnoxious,10
1276,Persuasive,13
1276,Unconvincing,10
1277,Beautiful,21
1277,Courageous,28
1277,Fascinating,31
1277,Funny,32
1277,Informative,18
1277,Ingenious,25
1277,Inspiring,28
1277,Jaw-dropping,23
1277,Longwinded,6
1277,OK,5
1277,Obnoxious,3
1277,Persuasive,28
1277,Unconvincing,25
1278,Beautiful,19
1278,Confusing,15
1278,Courageous,25
1278,Fascinating,13
1278,Funny,12
1278,Informative,5
1278,Ingenious,9
1278,Inspiring,15
1278,Jaw-dropping,4
1278,Longwinded,25
1278,OK,7
1278,Obnoxious,3
1278,Persuasive,23
1279,Beautiful,124
1279,Confusing,219
1279,Courageous,199
1279,Fascinating,160
1279,Funny,205
1279,Informative,176
1279,Ingenious,187
1279,Inspiring,202
1279,Jaw-dropping,78
1279,Longwinded,154
1279,OK,8
1279,Obnoxious,85
1279,Persuasive,177
1279,Unconvincing,226
1280,Beautiful,118
1280,Confusing,42
1280,Courageous,69
1280,Fascinating,63
1280,Funny,80
1280,Informative,87
1280,Ingenious,92
1280,Inspiring,103
1280,Jaw-dropping,110
1280,Longwinded,81
1280,OK,58
1280,Obnoxious,42
1280,Persuasive,40
1280,Unconvincing,17
1281,Beautiful,97
1281,Confusing,59
1281,Courageous,181
1281,Fascinating,112
1281,Funny,171
1281,Informative,161
1281,Ingenious,122
1281,Inspiring,93
1281,Jaw-dropping,178
1281,Longwinded,42
1281,OK,68
1281,Obnoxious,52
1281,Persuasive,74
1281,Unconvincing,109
1282,Beautiful,80
1282,Courageous,18
1282,Fascinating,63
1282,Funny,73
1282,Informative,58
1282,Ingenious,54
1282,Inspiring,57
1282,Jaw-dropping,48
1282,OK,12
1282,Obnoxious,45
1282,Persuasive,54
1282,Unconvincing,33
1283,Beautiful,126
1283,Confusing,117
1283,Courageous,144
1283,Fascinating,139
1283,Funny,93
1283,Informative,179
1283,Ingenious,26
1283,Inspiring,154
1283,Jaw-dropping,49
1283,Longwinded,48
1283,OK,5
1283,Obnoxious,6
1283,Persuasive,89
1283,Unconvincing,117
1284,Beautiful,18
1284,Confusing,1
1284,Courageous,29
1284,Fascinating,46
1284,Funny,53
1284,Informative,35
1284,Ingenious,61
1284,Inspiring,30
1284,Jaw-dropping,13
1284,Longwinded,25
1284,OK,30
1284,Persuasive,51
1284,Unconvincing,3
1285,Beautiful,54
1285,Confusing,6
1285,Courageous,43
1285,Fascinating,46
1285,Funny,53
1285,Informative,21
1285,Ingenious,22
1285,Inspiring,50
1285,Jaw-dropping,51
1285,Longwinded,46
1285,Persuasive,42
1285,Unconvincing,1
1286,Beautiful,46
1286,Confusing,32
1286,Courageous,46
1286,Fascinating,47
1286,Funny,23
1286,Informative,15
1286,Ingenious,33
1286,Inspiring,28
1286,Jaw-dropping,29
1286,Longwinded,2
1286,OK,6
1286,Obnoxious,3
1286,Persuasive,5
1286,Unconvincing,4
1287,Beautiful,654
1287,Confusing,260
1287,Courageous,30
1287,Fascinating,489
1287,Funny,731
1287,Informative,445
1287,Ingenious,580
1287,Inspiring,769
1287,Jaw-dropping,668
1287,Longwinded,154
1287,OK,682
1287,Obnoxious,212
1287,Persuasive,113
1287,Unconvincing,311
1288,Beautiful,29
1288,Confusing,20
1288,Courageous,18
1288,Fascinating,28
1288,Funny,30
1288,Informative,28
1288,Ingenious,18
1288,Inspiring,21
1288,Jaw-dropping,7
1288,Longwinded,10
1288,Obnoxious,3
1288,Persuasive,21
1288,Unconvincing,1
1289,Beautiful,5
1289,Confusing,2
1289,Courageous,6
1289,Fascinating,4
1289,Funny,8
1289,Informative,6
1289,Ingenious,5
1289,Inspiring,6
1289,Jaw-dropping,6
1289,Longwinded,4
1289,OK,3
1289,Obnoxious,7
1289,Persuasive,4
1290,Beautiful,253
1290,Confusing,36
1290,Courageous,307
1290,Fascinating,281
1290,Funny,162
1290,Informative,284
1290,Ingenious,205
1290,Inspiring,177
1290,Jaw-dropping,107
1290,Longwinded,114
1290,OK,1
1290,Obnoxious,5
1290,Persuasive,30
1291,Beautiful,1402
1291,Courageous,878
1291,Fascinating,1525
1291,Funny,718
1291,Informative,1308
1291,Ingenious,873
1291,Inspiring,1295
1291,Jaw-dropping,926
1291,Longwinded,201
1291,OK,27
1291,Obnoxious,57
1291,Persuasive,1046
1291,Unconvincing,187
1292,Beautiful,6
1292,Courageous,4
1292,Fascinating,6
1292,Funny,6
1292,Ingenious,6
1292,Inspiring,2
1292,Jaw-dropping,6
1292,OK,4
1292,Obnoxious,6
1292,Persuasive,4
1293,Beautiful,62
1293,Confusing,5
1293,Courageous,28
1293,Fascinating,61
1293,Funny,44
1293,Informative,46
1293,Ingenious,58
1293,Inspiring,33
1293,Jaw-dropping,17
1293,Longwinded,22
1293,OK,34
1293,Obnoxious,40
1293,Persuasive,36
1294,Beautiful,38
1294,Confusing,26
1294,Courageous,44
1294,Fascinating,19
1294,Funny,61
1294,Informative,7
1294,Ingenious,49
1294,Inspiring,55
1294,Jaw-dropping,44
1294,OK,9
1294,Obnoxious,4
1294,Persuasive,30
1294,Unconvincing,25
1295,Beautiful,147
1295,Confusing,23
1295,Courageous,160
1295,Fascinating,123
1295,Funny,208
1295,Informative,170
1295,Ingenious,179
1295,Inspiring,81
1295,Jaw-dropping,203
1295,Longwinded,1
1295,OK,99
1295,Obnoxious,168
1295,Persuasive,98
1295,Unconvincing,42
1296,Beautiful,16
1296,Confusing,22
1296,Courageous,22
1296,Fascinating,23
1296,Funny,14
1296,Informative,17
1296,Ingenious,23
1296,Inspiring,3
1296,Jaw-dropping,23
1296,Longwinded,12
1296,Obnoxious,12
1296,Persuasive,25
1297,Beautiful,58
1297,Confusing,1
1297,Courageous,42
1297,Fascinating,62
1297,Funny,34
1297,Informative,53
1297,Ingenious,45
1297,Inspiring,31
1297,Jaw-dropping,61
1297,OK,3
1297,Obnoxious,42
1297,Persuasive,68
1297,Unconvincing,23
1298,Beautiful,38
1298,Confusing,36
1298,Courageous,53
1298,Fascinating,15
1298,Funny,52
1298,Informative,44
1298,Ingenious,18
1298,Inspiring,32
1298,Jaw-dropping,57
1298,Longwinded,6
1298,OK,27
1298,Obnoxious,9
1298,Persuasive,62
1298,Unconvincing,2
1299,Beautiful,151
1299,Confusing,32
1299,Courageous,133
1299,Fascinating,154
1299,Funny,173
1299,Informative,111
1299,Ingenious,154
1299,Inspiring,97
1299,Jaw-dropping,168
1299,Longwinded,40
1299,OK,71
1299,Obnoxious,23
1299,Persuasive,64
1299,Unconvincing,10
1300,Beautiful,19
1300,Confusing,10
1300,Courageous,17
1300,Fascinating,22
1300,Funny,23
1300,Informative,21
1300,Ingenious,22
1300,Inspiring,18
1300,Jaw-dropping,17
1300,Longwinded,14
1300,OK,11
1300,Obnoxious,15
1300,Persuasive,22
1300,Unconvincing,5
1301,Beautiful,13
1301,Courageous,4
1301,Fascinating,10
1301,Funny,11
1301,Informative,8
1301,Ingenious,11
1301,Inspiring,10
1301,Jaw-dropping,14
1301,Longwinded,8
1301,Obnoxious,8
1301,Persuasive,9
1301,Unconvincing,3
1302,Beautiful,178
1302,Confusing,9
1302,Courageous,146
1302,Fascinating,138
1302,Funny,116
1302,Informative,169
1302,Ingenious,147
1302,Inspiring,131
1302,Jaw-dropping,139
1302,Longwinded,1
1302,OK,16
1302,Obnoxious,44
1302,Persuasive,145
1302,Unconvincing,54
1303,Beautiful,47
1303,Confusing,14
1303,Courageous,25
1303,Fascinating,36
1303,Funny,40
1303,Informative,20
1303,Ingenious,47
1303,Inspiring,41
1303,Jaw-dropping,34
1303,Longwinded,22
1303,OK,4
1303,Obnoxious,15
1303,Persuasive,53
1303,Unconvincing,3
1304,Beautiful,173
1304,Confusing,197
1304,Courageous,116
1304,Fascinating,107
1304,Funny,260
1304,Informative,199
1304,Ingenious,144
1304,Inspiring,100
1304,Jaw-dropping,207
1304,Longwinded,53
1304,OK,52
1304,Obnoxious,1
1304,Persuasive,142
1304,Unconvincing,1
1305,Beautiful,5
1305,Confusing,32
1305,Courageous,10
1305,Fascinating,39
1305,Funny,25
1305,Informative,35
1305,Ingenious,40
1305,Inspiring,4
1305,Jaw-dropping,29
1305,Longwinded,7
1305,OK,14
1305,Obnoxious,7
1305,Persuasive,12
1305,Unconvincing,5
1306,Beautiful,74
1306,Confusing,123
1306,Courageous,52
1306,Fascinating,51
1306,Funny,113
1306,Informative,106
1306,Ingenious,88
1306,Inspiring,71
1306,Jaw-dropping,67
1306,Longwinded,4
1306,OK,104
1306,Obnoxious,1
1306,Persuasive,118
1306,Unconvincing,84
1307,Beautiful,71
1307,Confusing,11
1307,Courageous,130
1307,Fascinating,506
1307,Funny,187
1307,Informative,332
1307,Ingenious,498
1307,Inspiring,193
1307,Jaw-dropping,489
1307,Longwinded,32
1307,OK,35
1307,Obnoxious,100
1307,Persuasive,454
1307,Unconvincing,50
1308,Beautiful,180
1308,Confusing,98
1308,Courageous,150
1308,Fascinating,53
1308,Funny,166
1308,Informative,49
1308,Ingenious,131
1308,Inspiring,210
1308,Jaw-dropping,123
1308,Longwinded,27
1308,OK,56
1308,Obnoxious,128
1308,Persuasive,74
1308,Unconvincing,44
1309,Beautiful,45
1309,Confusing,1
1309,Courageous,21
1309,Fascinating,59
1309,Funny,46
1309,Informative,32
1309,Ingenious,41
1309,Inspiring,47
1309,Jaw-dropping,26
1309,Longwinded,32
1309,OK,21
1309,Obnoxious,37
1309,Persuasive,57
1309,Unconvincing,50
1310,Beautiful,37
1310,Confusing,5
1310,Courageous,32
1310,Fascinating,44
1310,Funny,44
1310,Informative,56
1310,Ingenious,54
1310,Inspiring,22
1310,Jaw-dropping,29
1310,Longwinded,5
1310,OK,58
1310,Obnoxious,12
1310,Persuasive,46
1310,Unconvincing,51
1311,Beautiful,71
1311,Confusing,100
1311,Courageous,62
1311,Fascinating,136
1311,Funny,123
1311,Informative,135
1311,Ingenious,112
1311,Inspiring,86
1311,Jaw-dropping,119
1311,Longwinded,64
1311,OK,132
1311,Obnoxious,27
1311,Persuasive,136
1311,Unconvincing,61
1312,Beautiful,153
1312,Confusing,1
1312,Courageous,179
1312,Fascinating,88
1312,Funny,98
1312,Informative,44
1312,Ingenious,105
1312,Inspiring,134
1312,Jaw-dropping,87
1312,Longwinded,146
1312,OK,101
1312,Obnoxious,11
1312,Persuasive,178
1312,Unconvincing,41
1313,Beautiful,70
1313,Courageous,88
1313,Fascinating,30
1313,Funny,27
1313,Informative,78
1313,Ingenious,92
1313,Inspiring,58
1313,Jaw-dropping,67
1313,Longwinded,26
1313,OK,24
1313,Obnoxious,68
1313,Persuasive,70
1313,Unconvincing,11
1314,Beautiful,35
1314,Confusing,42
1314,Courageous,19
1314,Fascinating,86
1314,Funny,156
1314,Informative,136
1314,Ingenious,110
1314,Inspiring,125
1314,Jaw-dropping,96
1314,Longwinded,58
1314,OK,22
1314,Obnoxious,7
1314,Persuasive,143
1314,Unconvincing,104
1315,Beautiful,85
1315,Confusing,11
1315,Courageous,96
1315,Fascinating,100
1315,Funny,126
1315,Informative,42
1315,Ingenious,124
1315,Inspiring,81
1315,Jaw-dropping,97
1315,OK,54
1315,Obnoxious,87
1315,Persuasive,118
1316,Beautiful,19
1316,Confusing,18
1316,Courageous,7
1316,Fascinating,25
1316,Funny,20
1316,Informative,16
1316,Ingenious,22
1316,Inspiring,17
1316,Jaw-dropping,7
1316,OK,18
1316,Obnoxious,7
1316,Persuasive,13
1316,Unconvincing,4
1317,Beautiful,42
1317,Confusing,22
1317,Courageous,25
1317,Fascinating,139
1317,Funny,70
1317,Informative,107
1317,Ingenious,129
1317,Inspiring,96
1317,Jaw-dropping,86
1317,Longwinded,2
1317,OK,13
1317,Obnoxious,53
1317,Persuasive,74
1318,Beautiful,1496
1318,Confusing,1899
1318,Courageous,1622
1318,Fascinating,1483
1318,Funny,259
1318,Informative,1952
1318,Ingenious,2542
1318,Inspiring,2551
1318,Jaw-dropping,308
1318,Longwinded,577
1318,OK,2555
1318,Obnoxious,2094
1318,Persuasive,1949
1318,Unconvincing,1109
1319,Beautiful,26
1319,Confusing,14
1319,Courageous,43
1319,Fascinating,7
1319,Funny,28
1319,Informative,37
1319,Ingenious,24
1319,Inspiring,36
1319,Jaw-dropping,43
1319,Longwinded,3
1319,OK,8
1319,Obnoxious,16
1319,Persuasive,35
1319,Unconvincing,42
1320,Beautiful,47
1320,Confusing,9
1320,Courageous,35
1320,Fascinating,46
1320,Funny,42
1320,Informative,7
1320,Ingenious,32
1320,Inspiring,28
1320,Jaw-dropping,23
1320,Longwinded,10
1320,OK,5
1320,Obnoxious,34
1320,Persuasive,8
1320,Unconvincing,6
1321,Beautiful,31
1321,Confusing,3
1321,Courageous,419
1321,Fascinating,114
1321,Funny,473
1321,Informative,607
1321,Ingenious,527
1321,Inspiring,318
1321,Jaw-dropping,294
1321,Longwinded,144
1321,OK,210
1321,Obnoxious,535
1321,Persuasive,229
1321,Unconvincing,170
1322,Beautiful,33
1322,Confusing,40
1322,Courageous,13
1322,Fascinating,40
1322,Funny,14
1322,Informative,34
1322,Ingenious,29
1322,Inspiring,40
1322,Jaw-dropping,27
1322,Longwinded,11
1322,OK,5
1322,Obnoxious,4
1322,Persuasive,11
1323,Beautiful,13
1323,Confusing,37
1323,Courageous,54
1323,Fascinating,54
1323,Funny,51
1323,Informative,40
1323,Ingenious,53
1323,Inspiring,55
1323,Jaw-dropping,48
1323,Longwinded,11
1323,OK,49
1323,Obnoxious,2
1323,Persuasive,52
1324,Beautiful,141
1324,Confusing,1
1324,Courageous,39
1324,Fascinating,119
1324,Funny,132
1324,Informative,102
1324,Ingenious,148
1324,Inspiring,128
1324,Jaw-dropping,127
1324,Longwinded,8
1324,OK,25
1324,Obnoxious,1
1324,Persuasive,155
1324,Unconvincing,29
1325,Beautiful,158
1325,Confusing,145
1325,Courageous,100
1325,Fascinating,76
1325,Funny,127
1325,Informative,109
1325,Ingenious,135
1325,Inspiring,92
1325,Jaw-dropping,159
1325,Longwinded,4
1325,Obnoxious,155
1325,Persuasive,86
1325,Unconvincing,49
1326,Beautiful,386
1326,Confusing,22
1326,Courageous,328
1326,Fascinating,430
1326,Funny,513
1326,Informative,476
1326,Ingenious,67
1326,Inspiring,416
1326,Jaw-dropping,175
1326,Longwinded,183
1326,OK,101
1326,Obnoxious,8
1326,Persuasive,391
1326,Unconvincing,4
1327,Beautiful,33
1327,Confusing,19
1327,Courageous,71
1327,Fascinating,69
1327,Funny,89
1327,Informative,87
1327,Ingenious,44
1327,Inspiring,95
1327,Jaw-dropping,109
1327,Longwinded,14
1327,OK,90
1327,Obnoxious,99
1327,Persuasive,104
1327,Unconvincing,71
1328,Beautiful,11
1328,Courageous,21
1328,Fascinating,8
1328,Funny,19
1328,Informative,25
1328,Ingenious,14
1328,Inspiring,16
1328,Jaw-dropping,19
1328,Longwinded,4
1328,Obnoxious,1
1328,Persuasive,22
1328,Unconvincing,9
1329,Beautiful,350
1329,Confusing,321
1329,Courageous,274
1329,Fascinating,254
1329,Funny,444
1329,Informative,440
1329,Ingenious,286
1329,Inspiring,490
1329,Jaw-dropping,468
1329,Longwinded,5
1329,OK,53
1329,Obnoxious,5
1329,Persuasive,482
1329,Unconvincing,264
1330,Beautiful,13
1330,Confusing,18
1330,Courageous,21
1330,Fascinating,15
1330,Funny,24
1330,Informative,21
1330,Ingenious,19
1330,Inspiring,6
1330,Jaw-dropping,21
1330,Longwinded,17
1330,OK,9
1330,Persuasive,20
1330,Unconvincing,19
1331,Beautiful,8
1331,Confusing,10
1331,Courageous,6
1331,Fascinating,7
1331,Funny,12
1331,Informative,5
1331,Ingenious,7
1331,Inspiring,12
1331,Jaw-dropping,10
1331,Longwinded,4
1331,OK,2
1331,Obnoxious,12
1331,Persuasive,10
1331,Unconvincing,5
1332,Beautiful,21
1332,Confusing,31
1332,Courageous,32
1332,Fascinating,10
1332,Funny,25
1332,Informative,25
1332,Ingenious,17
1332,Inspiring,30
1332,Jaw-dropping,20
1332,Longwinded,2
1332,OK,10
1332,Obnoxious,2
1332,Persuasive,15
1332,Unconvincing,12
1333,Beautiful,14
1333,Confusing,5
1333,Courageous,26
1333,Fascinating,45
1333,Funny,28
1333,Informative,21
1333,Ingenious,37
1333,Inspiring,10
1333,Jaw-dropping,44
1333,Longwinded,24
1333,OK,33
1333,Obnoxious,37
1333,Persuasive,29
1333,Unconvincing,25
1334,Beautiful,155
1334,Confusing,132
1334,Courageous,185
1334,Fascinating,94
1334,Funny,139
1334,Informative,120
1334,Ingenious,78
1334,Inspiring,176
1334,Jaw-dropping,216
1334,Longwinded,3
1334,OK,12
1334,Obnoxious,143
1334,Persuasive,191
1335,Beautiful,191
1335,Confusing,155
1335,Courageous,337
1335,Fascinating,626
1335,Funny,219
1335,Informative,468
1335,Ingenious,764
1335,Inspiring,590
1335,Jaw-dropping,359
1335,Longwinded,787
1335,OK,1
1335,Obnoxious,380
1335,Persuasive,231
1335,Unconvincing,22
1336,Beautiful,132
1336,Confusing,26
1336,Courageous,108
1336,Fascinating,86
1336,Funny,117
1336,Informative,89
1336,Ingenious,65
1336,Inspiring,81
1336,Jaw-dropping,110
1336,Longwinded,23
1336,OK,99
1336,Obnoxious,46
1336,Persuasive,82
1336,Unconvincing,45
1337,Beautiful,43
1337,Confusing,1
1337,Courageous,62
1337,Fascinating,10
1337,Funny,38
1337,Informative,27
1337,Ingenious,68
1337,Inspiring,28
1337,Jaw-dropping,64
1337,Longwinded,5
1337,Obnoxious,44
1337,Persuasive,68
1337,Unconvincing,8
1338,Beautiful,283
1338,Confusing,1
1338,Courageous,544
1338,Fascinating,563
1338,Funny,295
1338,Informative,246
1338,Ingenious,392
1338,Inspiring,323
1338,Jaw-dropping,647
1338,Longwinded,473
1338,OK,70
1338,Obnoxious,625
1338,Persuasive,103
1338,Unconvincing,58
1339,Beautiful,48
1339,Courageous,40
1339,Fascinating,18
1339,Funny,60
1339,Informative,41
1339,Ingenious,53
1339,Inspiring,63
1339,Jaw-dropping,47
1339,Longwinded,43
1339,Obnoxious,56
1339,Persuasive,7
1339,Unconvincing,40
1340,Beautiful,139
1340,Confusing,13
1340,Courageous,308
1340,Fascinating,249
1340,Funny,198
1340,Informative,246
1340,Ingenious,255
1340,Inspiring,254
1340,Jaw-dropping,291
1340,Longwinded,25
1340,OK,208
1340,Obnoxious,292
1340,Persuasive,132
1340,Unconvincing,12
1341,Beautiful,114
1341,Confusing,79
1341,Courageous,115
1341,Fascinating,6
1341,Funny,94
1341,Informative,52
1341,Ingenious,111
1341,Inspiring,80
1341,Jaw-dropping,64
1341,Longwinded,8
1341,OK,46
1341,Obnoxious,54
1341,Persuasive,89
1341,Unconvincing,6
1342,Beautiful,119
1342,Confusing,49
1342,Courageous,69
1342,Fascinating,96
1342,Funny,102
1342,Informative,99
1342,Ingenious,99
1342,Inspiring,76
1342,Jaw-dropping,109
1342,Longwinded,60
1342,OK,16
1342,Persuasive,40
1342,Unconvincing,118
1343,Beautiful,21
1343,Confusing,42
1343,Courageous,35
1343,Fascinating,35
1343,Funny,32
1343,Informative,22
1343,Ingenious,17
1343,Inspiring,45
1343,Jaw-dropping,28
1343,Longwinded,11
1343,OK,20
1343,Obnoxious,14
1343,Persuasive,46
1343,Unconvincing,49
1344,Beautiful,35
1344,Confusing,8
1344,Courageous,32
1344,Fascinating,20
1344,Funny,4
1344,Informative,32
1344,Ingenious,32
1344,Inspiring,26
1344,Jaw-dropping,22
1344,Longwinded,1
1344,Obnoxious,14
1344,Persuasive,12
1345,Beautiful,55
1345,Confusing,66
1345,Courageous,47
1345,Fascinating,62
1345,Funny,90
1345,Informative,43
1345,Ingenious,75
1345,Inspiring,47
1345,Jaw-dropping,86
1345,OK,55
1345,Persuasive,79
1345,Unconvincing,6
1346,Beautiful,12
1346,Courageous,11
1346,Fascinating,14
1346,Funny,14
1346,Informative,17
1346,Ingenious,16
1346,Inspiring,12
1346,Jaw-dropping,12
1346,Longwinded,16
1346,OK,1
1346,Persuasive,12
1346,Unconvincing,16
1347,Beautiful,400
1347,Confusing,7
1347,Courageous,450
1347,Fascinating,67
1347,Funny,447
1347,Informative,261
1347,Ingenious,254
1347,Inspiring,301
1347,Jaw-dropping,337
1347,Longwinded,119
1347,OK,227
1347,Persuasive,438
1347,Unconvincing,4
1348,Beautiful,40
1348,Confusing,11
1348,Courageous,49
1348,Fascinating,76
1348,Funny,62
1348,Informative,51
1348,Ingenious,87
1348,Inspiring,35
1348,Jaw-dropping,97
1348,Longwinded,46
1348,OK,24
1348,Obnoxious,44
1348,Persuasive,90
1348,Unconvincing,9
1349,Beautiful,132
1349,Confusing,16
1349,Courageous,147
1349,Fascinating,327
1349,Funny,300
1349,Informative,141
1349,Ingenious,134
1349,Inspiring,230
1349,Jaw-dropping,200
1349,Longwinded,217
1349,OK,280
1349,Obnoxious,27
1349,Persuasive,101
1349,Unconvincing,18
1350,Beautiful,110
1350,Confusing,11
1350,Courageous,85
1350,Fascinating,56
1350,Funny,40
1350,Informative,66
1350,Ingenious,112
1350,Inspiring,61
1350,Jaw-dropping,64
1350,Longwinded,1
1350,OK,66
1350,Obnoxious,77
1350,Persuasive,106
1350,Unconvincing,51
1351,Beautiful,31
1351,Confusing,41
1351,Courageous,36
1351,Fascinating,44
1351,Funny,36
1351,Informative,20
1351,Ingenious,5
1351,Inspiring,41
1351,Jaw-dropping,34
1351,Longwinded,11
1351,Obnoxious,4
1351,Persuasive,18
1351,Unconvincing,5
1352,Beautiful,453
1352,Confusing,39
1352,Courageous,427
1352,Fascinating,150
1352,Funny,412
1352,Informative,444
1352,Ingenious,347
1352,Inspiring,507
1352,Jaw-dropping,472
1352,Longwinded,369
1352,OK,288
1352,Obnoxious,413
1352,Persuasive,512
1352,Unconvincing,37
1353,Beautiful,35
1353,Confusing,2
1353,Courageous,51
1353,Fascinating,37
1353,Funny,24
1353,Informative,16
1353,Ingenious,50
1353,Inspiring,51
1353,Jaw-dropping,24
1353,OK,45
1353,Obnoxious,36
1353,Persuasive,7
1353,Unconvincing,62
1354,Beautiful,232
1354,Confusing,13
1354,Courageous,139
1354,Fascinating,198
1354,Funny,233
1354,Informative,71
1354,Ingenious,62
1354,Inspiring,110
1354,Jaw-dropping,99
1354,Longwinded,8
1354,OK,3
1354,Obnoxious,210
1354,Persuasive,85
1354,Unconvincing,11
1355,Beautiful,15
1355,Confusing,12
1355,Courageous,4
1355,Fascinating,14
1355,Funny,12
1355,Informative,12
1355,Ingenious,5
1355,Inspiring,5
1355,Jaw-dropping,10
1355,OK,3
1355,Obnoxious,4
1355,Persuasive,11
1355,Unconvincing,4
1356,Beautiful,108
1356,Confusing,74
1356,Courageous,112
1356,Fascinating,98
1356,Funny,110
1356,Informative,52
1356,Ingenious,86
1356,Inspiring,99
1356,Jaw-dropping,92
1356,Longwinded,62
1356,OK,20
1356,Obnoxious,29
1356,Persuasive,123
1356,Unconvincing,21
1357,Beautiful,189
1357,Confusing,205
1357,Courageous,108
1357,Fascinating,54
1357,Funny,129
1357,Informative,220
1357,Ingenious,191
1357,Inspiring,148
1357,Jaw-dropping,78
1357,Longwinded,188
1357,OK,168
1357,Obnoxious,158
1357,Persuasive,161
1357,Unconvincing,152
1358,Beautiful,90
1358,Confusing,23
1358,Courageous,58
1358,Fascinating,96
1358,Funny,89
1358,Informative,71
1358,Ingenious,80
1358,Inspiring,91
1358,Jaw-dropping,54
1358,Longwinded,90
1358,OK,52
1358,Obnoxious,60
1358,Persuasive,84
1358,Unconvincing,35
1359,Beautiful,103
1359,Confusing,26
1359,Courageous,114
1359,Fascinating,87
1359,Funny,75
1359,Informative,68
1359,Ingenious,63
1359,Inspiring,108
1359,Jaw-dropping,120
1359,Longwinded,75
1359,OK,103
1359,Obnoxious,28
1359,Persuasive,119
1359,Unconvincing,9
1360,Beautiful,118
1360,Confusing,21
1360,Courageous,106
1360,Fascinating,68
1360,Funny,126
1360,Informative,152
1360,Ingenious,144
1360,Inspiring,75
1360,Jaw-dropping,79
1360,Longwinded,132
1360,OK,16
1360,Obnoxious,43
1360,Persuasive,107
1360,Unconvincing,131
1361,Beautiful,11
1361,Confusing,1
1361,Courageous,26
1361,Fascinating,24
1361,Funny,10
1361,Informative,21
1361,Ingenious,26
1361,Inspiring,27
1361,Jaw-dropping,26
1361,Longwinded,25
1361,OK,5
1361,Obnoxious,1
1361,Persuasive,19
1361,Unconvincing,7
1362,Beautiful,26
1362,Confusing,9
1362,Courageous,7
1362,Fascinating,9
1362,Funny,28
1362,Informative,23
1362,Ingenious,19
1362,Inspiring,30
1362,Jaw-dropping,19
1362,OK,11
1362,Obnoxious,21
1362,Persuasive,22
1362,Unconvincing,28
1363,Beautiful,52
1363,Confusing,16
1363,Courageous,3
1363,Fascinating,25
1363,Funny,22
1363,Informative,54
1363,Ingenious,21
1363,Inspiring,38
1363,Jaw-dropping,33
1363,Longwinded,8
1363,Persuasive,38
1363,Unconvincing,56
1364,Beautiful,92
1364,Confusing,63
1364,Courageous,49
1364,Fascinating,34
1364,Funny,108
1364,Informative,121
1364,Ingenious,41
1364,Inspiring,117
1364,Jaw-dropping,120
1364,Longwinded,54
1364,OK,96
1364,Obnoxious,6
1364,Persuasive,39
1364,Unconvincing,16
1365,Beautiful,21
1365,Confusing,13
1365,Courageous,16
1365,Fascinating,9
1365,Funny,19
1365,Informative,19
1365,Ingenious,7
1365,Inspiring,22
1365,Jaw-dropping,28
1365,Longwinded,29
1365,OK,24
1365,Obnoxious,27
1365,Persuasive,29
1365,Unconvincing,4
1366,Beautiful,220
1366,Confusing,159
1366,Courageous,87
1366,Fascinating,79
1366,Funny,152
1366,Informative,204
1366,Ingenious,124
1366,Inspiring,222
1366,Jaw-dropping,84
1366,OK,29
1366,Obnoxious,159
1366,Persuasive,200
1366,Unconvincing,68
1367,Beautiful,178
1367,Confusing,71
1367,Courageous,38
1367,Fascinating,154
1367,Funny,130
1367,Informative,136
1367,Ingenious,197
1367,Inspiring,184
1367,Jaw-dropping,22
1367,OK,162
1367,Obnoxious,17
1367,Persuasive,118
1367,Unconvincing,46
1368,Beautiful,80
1368,Confusing,20
1368,Courageous,76
1368,Fascinating,68
1368,Funny,74
1368,Informative,81
1368,Ingenious,76
1368,Inspiring,35
1368,Jaw-dropping,77
1368,Longwinded,36
1368,OK,37
1368,Obnoxious,8
1368,Persuasive,44
1368,Unconvincing,37
1369,Beautiful,49
1369,Confusing,4
1369,Courageous,48
1369,Fascinating,45
1369,Funny,7
1369,Informative,31
1369,Ingenious,34
1369,Inspiring,30
1369,Jaw-dropping,47
1369,OK,47
1369,Obnoxious,9
1369,Persuasive,35
1369,Unconvincing,32
1370,Beautiful,32
1370,Confusing,1
1370,Courageous,13
1370,Fascinating,32
1370,Funny,27
1370,Informative,19
1370,Ingenious,33
1370,Inspiring,1
1370,Jaw-dropping,10
1370,Longwinded,7
1370,OK,15
1370,Obnoxious,9
1370,Persuasive,33
1370,Unconvincing,1
1371,Beautiful,57
1371,Confusing,67
1371,Courageous,74
1371,Fascinating,87
1371,Funny,61
1371,Informative,86
1371,Ingenious,36
1371,Inspiring,47
1371,Jaw-dropping,73
1371,Longwinded,40
1371,OK,26
1371,Obnoxious,7
1371,Persuasive,70
1371,Unconvincing,65
1372,Beautiful,334
1372,Confusing,189
1372,Courageous,202
1372,Fascinating,239
1372,Funny,145
1372,Informative,67
1372,Ingenious,100
1372,Inspiring,243
1372,Jaw-dropping,194
1372,OK,26
1372,Obnoxious,7
1372,Persuasive,290
1372,Unconvincing,253
1373,Beautiful,825
1373,Confusing,410
1373,Courageous,688
1373,Fascinating,780
1373,Funny,908
1373,Informative,912
1373,Ingenious,688
1373,Inspiring,609
1373,Jaw-dropping,996
1373,Longwinded,530
1373,OK,269
1373,Obnoxious,338
1373,Persuasive,874
1373,Unconvincing,43
1374,Beautiful,32
1374,Confusing,2
1374,Courageous,113
1374,Fascinating,65
1374,Funny,19
1374,Informative,84
1374,Ingenious,44
1374,Inspiring,92
1374,Jaw-dropping,103
1374,Longwinded,78
1374,OK,100
1374,Obnoxious,31
1374,Persuasive,77
1374,Unconvincing,1
1375,Beautiful,296
1375,Confusing,57
1375,Courageous,180
1375,Fascinating,332
1375,Funny,202
1375,Informative,285
1375,Ingenious,278
1375,Inspiring,311
1375,Jaw-dropping,258
1375,Longwinded,82
1375,OK,15
1375,Obnoxious,30
1375,Persuasive,258
1375,Unconvincing,106
1376,Beautiful,97
1376,Confusing,110
1376,Courageous,133
1376,Fascinating,148
1376,Funny,164
1376,Informative,139
1376,Ingenious,81
1376,Inspiring,93
1376,Jaw-dropping,102
1376,Longwinded,64
1376,OK,60
1376,Obnoxious,44
1376,Persuasive,29
1376,Unconvincing,42
1377,Beautiful,98
1377,Confusing,19
1377,Courageous,17
1377,Fascinating,76
1377,Funny,51
1377,Informative,53
1377,Ingenious,99
1377,Inspiring,116
1377,Jaw-dropping,139
1377,Longwinded,19
1377,OK,86
1377,Persuasive,141
1377,Unconvincing,108
1378,Beautiful,21
1378,Confusing,6
1378,Courageous,18
1378,Fascinating,26
1378,Funny,21
1378,Informative,21
1378,Ingenious,13
1378,Inspiring,24
1378,Jaw-dropping,25
1378,Longwinded,3
1378,Obnoxious,14
1378,Persuasive,23
1378,Unconvincing,1
1379,Beautiful,130
1379,Confusing,143
1379,Courageous,189
1379,Fascinating,165
1379,Funny,17
1379,Informative,36
1379,Ingenious,138
1379,Inspiring,64
1379,Jaw-dropping,164
1379,OK,34
1379,Obnoxious,11
1379,Persuasive,165
1379,Unconvincing,9
1380,Beautiful,6
1380,Confusing,5
1380,Courageous,3
1380,Fascinating,7
1380,Funny,5
1380,Informative,5
1380,Ingenious,4
1380,Inspiring,5
1380,Jaw-dropping,6
1380,Longwinded,1
1380,OK,1
1380,Obnoxious,2
1380,Persuasive,2
1381,Beautiful,75
1381,Courageous,97
1381,Fascinating,72
1381,Funny,41
1381,Informative,136
1381,Ingenious,85
1381,Inspiring,50
1381,Jaw-dropping,81
1381,OK,100
1381,Obnoxious,10
1381,Persuasive,99
1382,Beautiful,26
1382,Courageous,39
1382,Fascinating,30
1382,Funny,66
1382,Informative,57
1382,Ingenious,29
1382,Inspiring,80
1382,Jaw-dropping,76
1382,Longwinded,57
1382,OK,84
1382,Obnoxious,73
1382,Persuasive,67
1383,Beautiful,22
1383,Confusing,37
1383,Courageous,69
1383,Fascinating,53
1383,Funny,75
1383,Informative,62
1383,Ingenious,58
1383,Inspiring,48
1383,Jaw-dropping,47
1383,Longwinded,38
1383,OK,27
1383,Obnoxious,49
1383,Persuasive,51
1383,Unconvincing,47
1384,Beautiful,74
1384,Confusing,30
1384,Courageous,66
1384,Fascinating,52
1384,Funny,76
1384,Informative,76
1384,Ingenious,79
1384,Inspiring,99
1384,Jaw-dropping,115
1384,Longwinded,72
1384,OK,1
1384,Obnoxious,45
1384,Persuasive,89
1384,Unconvincing,36
1385,Beautiful,72
1385,Confusing,66
1385,Courageous,141
1385,Fascinating,96
1385,Funny,62
1385,Informative,90
1385,Ingenious,83
1385,Inspiring,87
1385,Jaw-dropping,135
1385,Longwinded,10
1385,OK,16
1385,Obnoxious,149
1385,Persuasive,138
1385,Unconvincing,34
1386,Beautiful,68
1386,Confusing,8
1386,Courageous,51
1386,Fascinating,108
1386,Funny,85
1386,Informative,42
1386,Ingenious,114
1386,Inspiring,42
1386,Jaw-dropping,60
1386,Longwinded,26
1386,Obnoxious,18
1386,Persuasive,107
1386,Unconvincing,53
1387,Beautiful,48
1387,Courageous,31
1387,Fascinating,48
1387,Funny,27
1387,Informative,23
1387,Ingenious,28
1387,Inspiring,36
1387,Jaw-dropping,46
1387,Longwinded,6
1387,OK,18
1387,Obnoxious,46
1387,Persuasive,23
1387,Unconvincing,7
1388,Beautiful,26
1388,Confusing,1
1388,Courageous,18
1388,Fascinating,17
1388,Funny,23
1388,Informative,12
1388,Ingenious,26
1388,Inspiring,22
1388,Jaw-dropping,24
1388,Longwinded,18
1388,OK,10
1388,Obnoxious,7
1388,Persuasive,27
1389,Beautiful,44
1389,Confusing,37
1389,Courageous,40
1389,Fascinating,46
1389,Funny,1
1389,Informative,43
1389,Ingenious,24
1389,Inspiring,38
1389,Jaw-dropping,13
1389,Longwinded,32
1389,Obnoxious,6
1389,Persuasive,42
1389,Unconvincing,16
1390,Beautiful,84
1390,Confusing,112
1390,Courageous,130
1390,Fascinating,100
1390,Funny,64
1390,Informative,110
1390,Ingenious,127
1390,Inspiring,93
1390,Jaw-dropping,52
1390,Longwinded,30
1390,OK,28
1390,Obnoxious,9
1390,Persuasive,9
1390,Unconvincing,10
1391,Beautiful,10
1391,Confusing,7
1391,Courageous,19
1391,Fascinating,6
1391,Funny,14
1391,Informative,7
1391,Ingenious,16
1391,Inspiring,19
1391,Jaw-dropping,12
1391,Longwinded,14
1391,OK,9
1391,Obnoxious,4
1391,Persuasive,16
1391,Unconvincing,7
1392,Beautiful,432
1392,Confusing,300
1392,Courageous,1231
1392,Fascinating,807
1392,Funny,1422
1392,Informative,1714
1392,Ingenious,1686
1392,Inspiring,1278
1392,Jaw-dropping,102
1392,Longwinded,1193
1392,OK,42
1392,Obnoxious,88
1392,Persuasive,1549
1392,Unconvincing,204
1393,Beautiful,82
1393,Confusing,31
1393,Courageous,37
1393,Fascinating,106
1393,Funny,36
1393,Informative,94
1393,Ingenious,39
1393,Inspiring,140
1393,Jaw-dropping,28
1393,Longwinded,18
1393,Obnoxious,90
1393,Persuasive,96
1393,Unconvincing,30
1394,Beautiful,173
1394,Confusing,123
1394,Courageous,137
1394,Fascinating,193
1394,Funny,193
1394,Informative,194
1394,Ingenious,94
1394,Inspiring,96
1394,Jaw-dropping,76
1394,Longwinded,9
1394,OK,83
1394,Persuasive,171
1394,Unconvincing,16
1395,Beautiful,7
1395,Courageous,11
1395,Fascinating,7
1395,Funny,12
1395,Informative,2
1395,Ingenious,3
1395,Inspiring,10
1395,Jaw-dropping,2
1395,Longwinded,8
1395,OK,6
1395,Persuasive,11
1395,Unconvincing,12
1396,Beautiful,216
1396,Confusing,56
1396,Courageous,184
1396,Fascinating,163
1396,Funny,222
1396,Informative,212
1396,Ingenious,171
1396,Inspiring,190
1396,Jaw-dropping,213
1396,Longwinded,47
1396,OK,44
1396,Obnoxious,8
1396,Persuasive,208
1396,Unconvincing,29
1397,Beautiful,72
1397,Confusing,3
1397,Courageous,173
1397,Fascinating,177
1397,Funny,108
1397,Informative,169
1397,Ingenious,175
1397,Inspiring,111
1397,Jaw-dropping,61
1397,Longwinded,110
1397,OK,111
1397,Obnoxious,27
1397,Persuasive,70
1397,Unconvincing,144
1398,Beautiful,31
1398,Courageous,7
1398,Fascinating,20
1398,Funny,23
1398,Informative,26
1398,Ingenious,10
1398,Inspiring,32
1398,Jaw-dropping,34
1398,Longwinded,22
1398,OK,11
1398,Obnoxious,6
1398,Persuasive,23
1398,Unconvincing,1
1399,Beautiful,79
1399,Confusing,26
1399,Courageous,69
1399,Fascinating,66
1399,Funny,44
1399,Informative,61
1399,Ingenious,8
1399,Inspiring,19
1399,Jaw-dropping,47
1399,Longwinded,29
1399,OK,62
1399,Obnoxious,77
1399,Persuasive,58
1399,Unconvincing,68
1400,Beautiful,386
1400,Confusing,12
1400,Courageous,377
1400,Fascinating,320
1400,Funny,203
1400,Informative,286
1400,Ingenious,291
1400,Inspiring,341
1400,Jaw-dropping,212
1400,Longwinded,71
1400,Obnoxious,96
1400,Persuasive,241
1401,Beautiful,122
1401,Confusing,12
1401,Courageous,64
1401,Fascinating,102
1401,Funny,57
1401,Informative,111
1401,Ingenious,118
1401,Inspiring,81
1401,Jaw-dropping,110
1401,Longwinded,4
1401,OK,17
1401,Obnoxious,12
1401,Persuasive,18
1402,Beautiful,18
1402,Courageous,88
1402,Fascinating,142
1402,Funny,155
1402,Informative,161
1402,Ingenious,98
1402,Inspiring,59
1402,Jaw-dropping,145
1402,Longwinded,11
1402,OK,62
1402,Obnoxious,118
1402,Persuasive,25
1403,Beautiful,108
1403,Confusing,17
1403,Courageous,263
1403,Fascinating,498
1403,Funny,414
1403,Informative,517
1403,Ingenious,331
1403,Inspiring,362
1403,Jaw-dropping,447
1403,Longwinded,219
1403,OK,139
1403,Obnoxious,6
1403,Persuasive,363
1403,Unconvincing,513
1404,Beautiful,11
1404,Confusing,2
1404,Courageous,6
1404,Fascinating,11
1404,Funny,10
1404,Informative,12
1404,Ingenious,3
1404,Inspiring,11
1404,Jaw-dropping,11
1404,Longwinded,7
1404,OK,2
1404,Obnoxious,11
1404,Persuasive,6
1405,Beautiful,26
1405,Courageous,45
1405,Fascinating,17
1405,Funny,27
1405,Informative,42
1405,Ingenious,13
1405,Inspiring,39
1405,Jaw-dropping,31
1405,Longwinded,10
1405,OK,21
1405,Obnoxious,3
1405,Persuasive,46
1405,Unconvincing,1
1406,Beautiful,32
1406,Confusing,40
1406,Courageous,43
1406,Fascinating,37
1406,Funny,35
1406,Informative,42
1406,Ingenious,31
1406,Inspiring,43
1406,Jaw-dropping,21
1406,Longwinded,1
1406,OK,15
1406,Obnoxious,1
1406,Persuasive,46
1406,Unconvincing,45
1407,Beautiful,21
1407,Confusing,22
1407,Courageous,23
1407,Fascinating,25
1407,Funny,15
1407,Informative,24
1407,Ingenious,13
1407,Inspiring,28
1407,Jaw-dropping,17
1407,Obnoxious,11
1407,Persuasive,28
1407,Unconvincing,28
1408,Beautiful,421
1408,Confusing,2
1408,Courageous,397
1408,Fascinating,321
1408,Funny,422
1408,Informative,341
1408,Ingenious,292
1408,Inspiring,221
1408,Jaw-dropping,214
1408,Longwinded,260
1408,OK,318
1408,Obnoxious,18
1408,Persuasive,284
1408,Unconvincing,215
1409,Beautiful,448
1409,Confusing,19
1409,Courageous,254
1409,Fascinating,380
1409,Funny,400
1409,Informative,205
1409,Ingenious,378
1409,Inspiring,432
1409,Jaw-dropping,454
1409,Longwinded,198
1409,OK,218
1409,Obnoxious,137
1409,Persuasive,130
1409,Unconvincing,148
1410,Beautiful,334
1410,Courageous,139
1410,Fascinating,149
1410,Funny,356
1410,Informative,67
1410,Ingenious,310
1410,Inspiring,153
1410,Jaw-dropping,365
1410,Longwinded,25
1410,OK,41
1410,Obnoxious,260
1410,Persuasive,260
1410,Unconvincing,99
1411,Beautiful,28
1411,Confusing,1
1411,Courageous,21
1411,Fascinating,19
1411,Funny,22
1411,Informative,16
1411,Ingenious,16
1411,Inspiring,18
1411,Jaw-dropping,9
1411,Longwinded,13
1411,Obnoxious,7
1411,Persuasive,26
1411,Unconvincing,20
1412,Beautiful,304
1412,Confusing,311
1412,Courageous,203
1412,Fascinating,123
1412,Funny,35
1412,Informative,36
1412,Ingenious,154
1412,Inspiring,162
1412,Jaw-dropping,308
1412,Longwinded,2
1412,OK,55
1412,Obnoxious,81
1412,Persuasive,221
1412,Unconvincing,193
1413,Beautiful,35
1413,Confusing,32
1413,Courageous,35
1413,Fascinating,34
1413,Funny,5
1413,Informative,12
1413,Ingenious,33
1413,Inspiring,34
1413,Jaw-dropping,20
1413,Longwinded,1
1413,Persuasive,25
1413,Unconvincing,6
1414,Beautiful,156
1414,Confusing,103
1414,Courageous,72
1414,Fascinating,38
1414,Funny,109
1414,Informative,160
1414,Ingenious,120
1414,Inspiring,121
1414,Jaw-dropping,176
1414,OK,33
1414,Obnoxious,50
1414,Persuasive,90
1414,Unconvincing,161
1415,Beautiful,3
1415,Confusing,3
1415,Courageous,6
1415,Fascinating,3
1415,Funny,4
1415,Informative,2
1415,Ingenious,5
1415,Inspiring,3
1415,Jaw-dropping,3
1415,Longwinded,2
1415,OK,4
1415,Persuasive,5
1416,Beautiful,88
1416,Confusing,28
1416,Courageous,82
1416,Fascinating,99
1416,Funny,32
1416,Informative,77
1416,Ingenious,97
1416,Inspiring,44
1416,Jaw-dropping,71
1416,Longwinded,31
1416,OK,13
1416,Obnoxious,27
1416,Persuasive,97
1417,Beautiful,5
1417,Confusing,8
1417,Courageous,23
1417,Fascinating,25
1417,Funny,41
1417,Informative,42
1417,Ingenious,21
1417,Inspiring,25
1417,Jaw-dropping,41
1417,Longwinded,2
1417,OK,7
1417,Obnoxious,34
1417,Persuasive,33
1418,Beautiful,120
1418,Confusing,41
1418,Courageous,247
1418,Fascinating,426
1418,Funny,104
1418,Informative,348
1418,Ingenious,249
1418,Inspiring,329
1418,Jaw-dropping,243
1418,Longwinded,32
1418,OK,114
1418,Obnoxious,1
1418,Persuasive,273
1418,Unconvincing,5
1419,Beautiful,48
1419,Confusing,5
1419,Courageous,84
1419,Fascinating,80
1419,Funny,78
1419,Informative,60
1419,Ingenious,100
1419,Inspiring,77
1419,Jaw-dropping,42
1419,Longwinded,8
1419,Obnoxious,54
1419,Persuasive,68
1419,Unconvincing,1
1420,Beautiful,40
1420,Confusing,25
1420,Courageous,39
1420,Fascinating,38
1420,Funny,31
1420,Informative,49
1420,Ingenious,36
1420,Inspiring,38
1420,Jaw-dropping,34
1420,Longwinded,36
1420,OK,3
1420,Persuasive,44
1421,Beautiful,55
1421,Confusing,2
1421,Courageous,55
1421,Fascinating,61
1421,Funny,59
1421,Informative,40
1421,Ingenious,30
1421,Inspiring,41
1421,Jaw-dropping,33
1421,Longwinded,1
1421,Obnoxious,2
1421,Persuasive,75
1421,Unconvincing,9
1422,Beautiful,34
1422,Confusing,22
1422,Courageous,84
1422,Fascinating,83
1422,Funny,37
1422,Informative,88
1422,Ingenious,100
1422,Inspiring,97
1422,Jaw-dropping,48
1422,OK,89
1422,Persuasive,54
1422,Unconvincing,75
1423,Beautiful,1976
1423,Confusing,223
1423,Courageous,1083
1423,Fascinating,830
1423,Funny,1778
1423,Informative,936
1423,Ingenious,510
1423,Inspiring,459
1423,Jaw-dropping,1481
1423,Longwinded,1910
1423,OK,661
1423,Obnoxious,136
1423,Persuasive,526
1423,Unconvincing,228
1424,Beautiful,78
1424,Confusing,24
1424,Courageous,25
1424,Fascinating,52
1424,Funny,43
1424,Informative,16
1424,Ingenious,74
1424,Inspiring,80
1424,Jaw-dropping,45
1424,Longwinded,24
1424,OK,67
1424,Obnoxious,4
1424,Persuasive,94
1424,Unconvincing,69
1425,Beautiful,15
1425,Courageous,12
1425,Fascinating,16
1425,Funny,16
1425,Informative,18
1425,Ingenious,4
1425,Inspiring,16
1425,Jaw-dropping,14
1425,OK,18
1425,Obnoxious,7
1425,Persuasive,12
1426,Beautiful,64
1426,Confusing,3
1426,Courageous,70
1426,Fascinating,73
1426,Funny,31
1426,Informative,35
1426,Ingenious,88
1426,Inspiring,57
1426,Jaw-dropping,5
1426,Longwinded,2
1426,OK,13
1426,Obnoxious,95
1426,Persuasive,69
1426,Unconvincing,94
1427,Beautiful,54
1427,Confusing,66
1427,Courageous,245
1427,Fascinating,222
1427,Funny,220
1427,Informative,80
1427,Ingenious,156
1427,Inspiring,103
1427,Jaw-dropping,125
1427,Longwinded,86
1427,Obnoxious,101
1427,Persuasive,251
1427,Unconvincing,237
1428,Beautiful,109
1428,Courageous,271
1428,Fascinating,269
1428,Funny,215
1428,Informative,63
1428,Ingenious,112
1428,Inspiring,124
1428,Jaw-dropping,134
1428,Longwinded,8
1428,OK,9
1428,Obnoxious,59
1428,Persuasive,251
1428,Unconvincing,99
1429,Beautiful,5
1429,Confusing,1
1429,Courageous,9
1429,Fascinating,7
1429,Funny,8
1429,Informative,7
1429,Ingenious,8
1429,Inspiring,7
1429,Jaw-dropping,9
1429,Longwinded,7
1429,OK,3
1429,Obnoxious,2
1429,Persuasive,5
1430,Beautiful,28
1430,Confusing,10
1430,Courageous,17
1430,Fascinating,31
1430,Funny,27
1430,Informative,22
1430,Ingenious,31
1430,Inspiring,23
1430,Jaw-dropping,3
1430,Longwinded,11
1430,Obnoxious,7
1430,Persuasive,28
1431,Beautiful,25
1431,Confusing,3
1431,Courageous,12
1431,Fascinating,17
1431,Funny,12
1431,Informative,27
1431,Ingenious,15
1431,Inspiring,22
1431,Jaw-dropping,27
1431,Longwinded,15
1431,OK,23
1431,Obnoxious,23
1431,Persuasive,9
1431,Unconvincing,28
1432,Beautiful,246
1432,Confusing,2
1432,Courageous,301
1432,Fascinating,177
1432,Funny,335
1432,Informative,321
1432,Ingenious,199
1432,Inspiring,206
1432,Jaw-dropping,204
1432,Longwinded,121
1432,OK,53
1432,Obnoxious,81
1432,Persuasive,125
1433,Beautiful,93
1433,Courageous,53
1433,Fascinating,65
1433,Funny,74
1433,Informative,88
1433,Ingenious,90
1433,Inspiring,84
1433,Jaw-dropping,79
1433,Longwinded,79
1433,Obnoxious,16
1433,Persuasive,115
1434,Beautiful,133
1434,Confusing,12
1434,Courageous,44
1434,Fascinating,123
1434,Funny,187
1434,Informative,124
1434,Ingenious,72
1434,Inspiring,177
1434,Jaw-dropping,179
1434,Longwinded,102
1434,OK,145
1434,Obnoxious,169
1434,Persuasive,108
1434,Unconvincing,93
1435,Beautiful,14
1435,Confusing,1
1435,Courageous,17
1435,Fascinating,18
1435,Funny,13
1435,Informative,17
1435,Ingenious,10
1435,Inspiring,12
1435,Jaw-dropping,12
1435,Longwinded,15
1435,OK,14
1435,Obnoxious,3
1435,Persuasive,1
1435,Unconvincing,16
1436,Beautiful,130
1436,Confusing,44
1436,Courageous,126
1436,Fascinating,97
1436,Funny,113
1436,Informative,116
1436,Ingenious,56
1436,Inspiring,41
1436,Jaw-dropping,151
1436,Longwinded,7
1436,OK,59
1436,Obnoxious,34
1436,Persuasive,122
1437,Beautiful,124
1437,Confusing,17
1437,Courageous,78
1437,Fascinating,131
1437,Funny,97
1437,Informative,152
1437,Ingenious,145
1437,Inspiring,77
1437,Jaw-dropping,87
1437,Longwinded,122
1437,OK,109
1437,Obnoxious,116
1437,Persuasive,160
1437,Unconvincing,67
1438,Beautiful,22
1438,Confusing,62
1438,Courageous,42
1438,Fascinating,24
1438,Funny,21
1438,Informative,50
1438,Ingenious,41
1438,Inspiring,37
1438,Jaw-dropping,21
1438,Longwinded,11
1438,Obnoxious,18
1438,Persuasive,55
1438,Unconvincing,47
1439,Beautiful,362
1439,Confusing,4
1439,Courageous,383
1439,Fascinating,398
1439,Funny,400
1439,Informative,422
1439,Ingenious,403
1439,Inspiring,115
1439,Jaw-dropping,57
1439,Longwinded,23
1439,OK,3
1439,Obnoxious,29
1439,Persuasive,230
1439,Unconvincing,207
1440,Beautiful,63
1440,Confusing,33
1440,Courageous,241
1440,Fascinating,221
1440,Funny,277
1440,Informative,244
1440,Ingenious,210
1440,Inspiring,97
1440,Jaw-dropping,175
1440,Longwinded,259
1440,OK,3
1440,Obnoxious,36
1440,Persuasive,87
1440,Unconvincing,16
1441,Beautiful,274
1441,Confusing,71
1441,Courageous,578
1441,Fascinating,368
1441,Funny,166
1441,Informative,609
1441,Ingenious,386
1441,Inspiring,148
1441,Jaw-dropping,531
1441,Longwinded,44
1441,OK,1
1441,Obnoxious,273
1441,Persuasive,576
1441,Unconvincing,24
1442,Beautiful,157
1442,Confusing,2
1442,Courageous,147
1442,Fascinating,167
1442,Funny,55
1442,Informative,132
1442,Ingenious,74
1442,Inspiring,138
1442,Jaw-dropping,60
1442,Longwinded,35
1442,OK,30
1442,Obnoxious,9
1442,Persuasive,119
1442,Unconvincing,117
1443,Beautiful,132
1443,Confusing,175
1443,Courageous,115
1443,Fascinating,132
1443,Funny,91
1443,Informative,108
1443,Ingenious,81
1443,Inspiring,125
1443,Jaw-dropping,110
1443,Longwinded,83
1443,OK,36
1443,Obnoxious,40
1443,Persuasive,165
1443,Unconvincing,124
1444,Beautiful,117
1444,Confusing,50
1444,Courageous,609
1444,Fascinating,77
1444,Funny,562
1444,Informative,537
1444,Ingenious,584
1444,Inspiring,551
1444,Jaw-dropping,284
1444,Longwinded,267
1444,OK,29
1444,Obnoxious,419
1444,Persuasive,427
1445,Beautiful,147
1445,Confusing,94
1445,Courageous,89
1445,Fascinating,144
1445,Funny,72
1445,Informative,136
1445,Ingenious,90
1445,Inspiring,125
1445,Jaw-dropping,102
1445,Longwinded,6
1445,OK,118
1445,Obnoxious,27
1445,Persuasive,20
1445,Unconvincing,30
1446,Beautiful,122
1446,Confusing,32
1446,Courageous,128
1446,Fascinating,111
1446,Funny,108
1446,Informative,30
1446,Ingenious,114
1446,Inspiring,111
1446,Jaw-dropping,64
1446,Longwinded,2
1446,OK,54
1446,Obnoxious,5
1446,Persuasive,125
1446,Unconvincing,106
1447,Beautiful,960
1447,Confusing,188
1447,Courageous,853
1447,Fascinating,637
1447,Funny,873
1447,Informative,362
1447,Ingenious,772
1447,Inspiring,820
1447,Jaw-dropping,77
1447,Longwinded,514
1447,OK,39
1447,Obnoxious,4
1447,Persuasive,974
1447,Unconvincing,22
1448,Beautiful,46
1448,Courageous,54
1448,Fascinating,35
1448,Funny,49
1448,Informative,16
1448,Ingenious,56
1448,Inspiring,31
1448,Jaw-dropping,46
1448,Longwinded,1
1448,OK,21
1448,Obnoxious,31
1448,Persuasive,54
1448,Unconvincing,27
1449,Beautiful,93
1449,Confusing,125
1449,Courageous,252
1449,Fascinating,171
1449,Funny,141
1449,Informative,105
1449,Ingenious,47
1449,Inspiring,211
1449,Jaw-dropping,258
1449,Longwinded,220
1449,OK,10
1449,Obnoxious,54
1449,Persuasive,180
1449,Unconvincing,22
1450,Beautiful,23
1450,Confusing,52
1450,Courageous,22
1450,Fascinating,43
1450,Funny,20
1450,Informative,57
1450,Ingenious,12
1450,Inspiring,17
1450,Jaw-dropping,57
1450,Longwinded,28
1450,OK,26
1450,Persuasive,49
1451,Beautiful,306
1451,Confusing,27
1451,Courageous,296
1451,Fascinating,124
1451,Funny,202
1451,Informative,305
1451,Ingenious,131
1451,Inspiring,229
1451,Jaw-dropping,73
1451,Longwinded,326
1451,OK,136
1451,Obnoxious,5
1451,Persuasive,178
1451,Unconvincing,79
1452,Beautiful,140
1452,Confusing,7
1452,Courageous,146
1452,Fascinating,137
1452,Funny,100
1452,Informative,115
1452,Ingenious,68
1452,Inspiring,171
1452,Jaw-dropping,158
1452,Longwinded,16
1452,OK,140
1452,Obnoxious,145
1452,Persuasive,143
1452,Unconvincing,3
1453,Beautiful,143
1453,Confusing,91
1453,Courageous,173
1453,Fascinating,107
1453,Funny,197
1453,Informative,203
1453,Ingenious,192
1453,Inspiring,48
1453,Jaw-dropping,97
1453,OK,6
1453,Obnoxious,57
1453,Persuasive,184
1453,Unconvincing,31
1454,Beautiful,172
1454,Confusing,160
1454,Courageous,63
1454,Fascinating,136
1454,Funny,192
1454,Informative,173
1454,Ingenious,151
1454,Inspiring,160
1454,Jaw-dropping,163
1454,Longwinded,3
1454,OK,73
1454,Obnoxious,142
1454,Persuasive,180
1454,Unconvincing,1
1455,Beautiful,30
1455,Confusing,4
1455,Courageous,72
1455,Fascinating,45
1455,Funny,70
1455,Informative,38
1455,Ingenious,43
1455,Inspiring,56
1455,Jaw-dropping,80
1455,Longwinded,32
1455,Obnoxious,52
1455,Persuasive,80
1455,Unconvincing,42
1456,Beautiful,13
1456,Confusing,12
1456,Courageous,8
1456,Fascinating,17
1456,Funny,15
1456,Informative,4
1456,Ingenious,12
1456,Inspiring,12
1456,Jaw-dropping,17
1456,Longwinded,5
1456,OK,11
1456,Obnoxious,5
1456,Persuasive,1
1456,Unconvincing,1
1457,Beautiful,89
1457,Confusing,67
1457,Courageous,43
1457,Fascinating,94
1457,Funny,16
1457,Informative,65
1457,Ingenious,53
1457,Inspiring,51
1457,Jaw-dropping,114
1457,Longwinded,93
1457,OK,105
1457,Obnoxious,13
1457,Persuasive,34
1457,Unconvincing,30
1458,Beautiful,910
1458,Confusing,34
1458,Courageous,462
1458,Fascinating,994
1458,Funny,905
1458,Informative,364
1458,Ingenious,879
1458,Inspiring,1010
1458,Jaw-dropping,524
1458,Longwinded,225
1458,OK,20
1458,Obnoxious,131
1458,Persuasive,287
1458,Unconvincing,391
1459,Beautiful,162
1459,Confusing,2
1459,Courageous,106
1459,Fascinating,100
1459,Funny,94
1459,Informative,172
1459,Ingenious,168
1459,Inspiring,114
1459,Jaw-dropping,176
1459,Longwinded,96
1459,OK,156
1459,Obnoxious,126
1459,Persuasive,156
1459,Unconvincing,6
1460,Beautiful,22
1460,Confusing,16
1460,Courageous,64
1460,Fascinating,25
1460,Funny,21
1460,Informative,28
1460,Ingenious,19
1460,Inspiring,55
1460,Jaw-dropping,34
1460,Longwinded,47
1460,OK,6
1460,Obnoxious,44
1460,Persuasive,58
1461,Beautiful,211
1461,Courageous,278
1461,Fascinating,654
1461,Funny,277
1461,Informative,453
1461,Ingenious,574
1461,Inspiring,395
1461,Jaw-dropping,650
1461,Longwinded,39
1461,OK,370
1461,Obnoxious,17
1461,Persuasive,590
1461,Unconvincing,1
1462,Beautiful,130
1462,Confusing,110
1462,Courageous,176
1462,Fascinating,60
1462,Funny,128
1462,Informative,127
1462,Ingenious,168
1462,Inspiring,64
1462,Jaw-dropping,169
1462,Longwinded,58
1462,OK,18
1462,Obnoxious,150
1462,Persuasive,166
1462,Unconvincing,141
1463,Beautiful,867
1463,Confusing,577
1463,Courageous,271
1463,Fascinating,935
1463,Funny,749
1463,Informative,834
1463,Ingenious,766
1463,Inspiring,562
1463,Jaw-dropping,915
1463,Longwinded,501
1463,OK,45
1463,Obnoxious,650
1463,Persuasive,142
1463,Unconvincing,403
1464,Beautiful,55
1464,Confusing,71
1464,Courageous,108
1464,Fascinating,110
1464,Funny,87
1464,Informative,70
1464,Ingenious,92
1464,Inspiring,126
1464,Jaw-dropping,96
1464,Longwinded,39
1464,OK,1
1464,Obnoxious,10
1464,Persuasive,96
1464,Unconvincing,3
1465,Beautiful,3523
1465,Confusing,2018
1465,Courageous,1768
1465,Fascinating,3482
1465,Funny,395
1465,Informative,3514
1465,Ingenious,1534
1465,Inspiring,1790
1465,Jaw-dropping,2643
1465,Longwinded,1283
1465,OK,58
1465,Obnoxious,128
1465,Persuasive,2565
1465,Unconvincing,85
1466,Beautiful,229
1466,Confusing,323
1466,Courageous,274
1466,Fascinating,15
1466,Funny,284
1466,Informative,278
1466,Ingenious,82
1466,Inspiring,331
1466,Jaw-dropping,328
1466,Longwinded,309
1466,OK,183
1466,Obnoxious,335
1466,Persuasive,306
1466,Unconvincing,135
1467,Beautiful,15
1467,Confusing,5
1467,Courageous,14
1467,Fascinating,14
1467,Funny,8
1467,Informative,3
1467,Ingenious,11
1467,Inspiring,7
1467,Jaw-dropping,14
1467,OK,12
1467,Obnoxious,6
1467,Persuasive,12
1467,Unconvincing,11
1468,Beautiful,55
1468,Confusing,35
1468,Courageous,57
1468,Fascinating,56
1468,Funny,45
1468,Informative,60
1468,Ingenious,53
1468,Inspiring,27
1468,Jaw-dropping,50
1468,Longwinded,48
1468,OK,3
1468,Obnoxious,38
1468,Persuasive,55
1468,Unconvincing,22
1469,Beautiful,16
1469,Confusing,42
1469,Courageous,47
1469,Fascinating,40
1469,Funny,42
1469,Informative,37
1469,Ingenious,41
1469,Inspiring,34
1469,Jaw-dropping,41
1469,Longwinded,34
1469,OK,25
1469,Obnoxious,1
1469,Persuasive,47
1469,Unconvincing,33
1470,Beautiful,72
1470,Confusing,77
1470,Courageous,60
1470,Fascinating,69
1470,Funny,32
1470,Informative,34
1470,Ingenious,68
1470,Inspiring,70
1470,Jaw-dropping,30
1470,Longwinded,52
1470,Obnoxious,27
1470,Persuasive,65
1470,Unconvincing,36
1471,Beautiful,97
1471,Confusing,72
1471,Courageous,112
1471,Fascinating,111
1471,Funny,113
1471,Informative,83
1471,Ingenious,25
1471,Inspiring,60
1471,Jaw-dropping,130
1471,Longwinded,2
1471,OK,33
1471,Obnoxious,75
1471,Persuasive,104
1472,Beautiful,67
1472,Confusing,146
1472,Courageous,46
1472,Fascinating,125
1472,Funny,213
1472,Informative,128
1472,Ingenious,210
1472,Inspiring,175
1472,Jaw-dropping,209
1472,Longwinded,31
1472,OK,166
1472,Obnoxious,154
1472,Persuasive,153
1472,Unconvincing,24
1473,Beautiful,444
1473,Confusing,265
1473,Courageous,419
1473,Fascinating,423
1473,Funny,169
1473,Informative,431
1473,Ingenious,180
1473,Inspiring,50
1473,Jaw-dropping,143
1473,Longwinded,322
1473,OK,54
1473,Obnoxious,20
1473,Persuasive,396
1473,Unconvincing,241
1474,Beautiful,302
1474,Confusing,437
1474,Courageous,523
1474,Fascinating,350
1474,Funny,536
1474,Informative,319
1474,Ingenious,293
1474,Inspiring,572
1474,Jaw-dropping,252
1474,Longwinded,143
1474,OK,12
1474,Obnoxious,57
1474,Persuasive,479
1474,Unconvincing,95
1475,Beautiful,96
1475,Confusing,30
1475,Courageous,119
1475,Fascinating,100
1475,Funny,261
1475,Informative,270
1475,Ingenious,215
1475,Inspiring,222
1475,Jaw-dropping,226
1475,Longwinded,11
1475,OK,12
1475,Obnoxious,12
1475,Persuasive,202
1475,Unconvincing,54
1476,Beautiful,35
1476,Confusing,20
1476,Courageous,32
1476,Fascinating,20
1476,Funny,17
1476,Informative,64
1476,Ingenious,45
1476,Inspiring,48
1476,Jaw-dropping,43
1476,Longwinded,10
1476,OK,9
1476,Obnoxious,54
1476,Persuasive,58
1476,Unconvincing,48
1477,Beautiful,92
1477,Confusing,11
1477,Courageous,103
1477,Fascinating,83
1477,Funny,86
1477,Informative,50
1477,Ingenious,35
1477,Inspiring,62
1477,Jaw-dropping,43
1477,Longwinded,3
1477,OK,7
1477,Obnoxious,58
1477,Persuasive,87
1477,Unconvincing,80
1478,Beautiful,41
1478,Confusing,22
1478,Courageous,14
1478,Fascinating,18
1478,Funny,43
1478,Informative,48
1478,Ingenious,24
1478,Inspiring,48
1478,Jaw-dropping,50
1478,Longwinded,19
1478,OK,7
1478,Obnoxious,41
1478,Persuasive,50
1478,Unconvincing,48
1479,Beautiful,103
1479,Confusing,33
1479,Courageous,129
1479,Fascinating,131
1479,Funny,122
1479,Informative,138
1479,Ingenious,114
1479,Inspiring,58
1479,Jaw-dropping,100
1479,Longwinded,85
1479,OK,4
1479,Obnoxious,78
1479,Persuasive,71
1479,Unconvincing,43
1480,Beautiful,75
1480,Confusing,72
1480,Courageous,138
1480,Fascinating,73
1480,Funny,158
1480,Informative,152
1480,Ingenious,130
1480,Inspiring,38
1480,Jaw-dropping,110
1480,Longwinded,138
1480,OK,36
1480,Obnoxious,3
1480,Persuasive,91
1480,Unconvincing,40
1481,Beautiful,81
1481,Confusing,2
1481,Courageous,82
1481,Fascinating,207
1481,Funny,123
1481,Informative,174
1481,Ingenious,112
1481,Inspiring,100
1481,Jaw-dropping,161
1481,Longwinded,69
1481,OK,18
1481,Obnoxious,19
1481,Persuasive,107
1481,Unconvincing,150
1482,Beautiful,11
1482,Confusing,13
1482,Courageous,3
1482,Fascinating,15
1482,Funny,5
1482,Informative,22
1482,Ingenious,14
1482,Inspiring,23
1482,Jaw-dropping,5
1482,Longwinded,10
1482,Obnoxious,13
1482,Persuasive,22
1482,Unconvincing,8
1483,Beautiful,7
1483,Courageous,15
1483,Fascinating,7
1483,Funny,13
1483,Informative,14
1483,Ingenious,12
1483,Inspiring,5
1483,Jaw-dropping,6
1483,Longwinded,8
1483,OK,12
1483,Obnoxious,14
1483,Persuasive,14
1483,Unconvincing,15
1484,Beautiful,121
1484,Confusing,1
1484,Courageous,42
1484,Fascinating,73
1484,Funny,92
1484,Informative,93
1484,Ingenious,61
1484,Inspiring,86
1484,Jaw-dropping,81
1484,Longwinded,111
1484,OK,97
1484,Obnoxious,1
1484,Persuasive,105
1484,Unconvincing,59
1485,Beautiful,173
1485,Courageous,133
1485,Fascinating,357
1485,Funny,89
1485,Informative,347
1485,Ingenious,329
1485,Inspiring,233
1485,Jaw-dropping,176
1485,Longwinded,24
1485,OK,47
1485,Persuasive,321
1485,Unconvincing,125
1486,Beautiful,9
1486,Confusing,3
1486,Courageous,8
1486,Fascinating,4
1486,Funny,4
1486,Informative,7
1486,Ingenious,9
1486,Inspiring,11
1486,Jaw-dropping,9
1486,Longwinded,2
1486,OK,1
1486,Obnoxious,2
1486,Persuasive,6
1487,Beautiful,30
1487,Courageous,40
1487,Fascinating,77
1487,Funny,58
1487,Informative,74
1487,Ingenious,70
1487,Inspiring,38
1487,Jaw-dropping,59
1487,OK,11
1487,Obnoxious,15
1487,Persuasive,62
1487,Unconvincing,4
1488,Beautiful,152
1488,Confusing,34
1488,Courageous,321
1488,Fascinating,365
1488,Funny,288
1488,Informative,294
1488,Ingenious,309
1488,Inspiring,229
1488,Jaw-dropping,354
1488,OK,2
1488,Obnoxious,1
1488,Persuasive,73
1489,Beautiful,47
1489,Confusing,34
1489,Courageous,91
1489,Fascinating,93
1489,Funny,88
1489,Informative,4
1489,Ingenious,12
1489,Inspiring,33
1489,Jaw-dropping,44
1489,Longwinded,66
1489,OK,105
1489,Obnoxious,59
1489,Persuasive,87
1489,Unconvincing,65
1490,Beautiful,437
1490,Confusing,231
1490,Courageous,518
1490,Fascinating,605
1490,Funny,157
1490,Informative,89
1490,Ingenious,594
1490,Inspiring,244
1490,Jaw-dropping,503
1490,OK,8
1490,Obnoxious,219
1490,Persuasive,331
1490,Unconvincing,186
1491,Beautiful,342
1491,Confusing,51
1491,Courageous,194
1491,Fascinating,655
1491,Funny,617
1491,Informative,415
1491,Ingenious,752
1491,Inspiring,580
1491,Jaw-dropping,338
1491,Longwinded,478
1491,OK,3
1491,Obnoxious,712
1491,Persuasive,645
1491,Unconvincing,309
1492,Beautiful,44
1492,Confusing,9
1492,Courageous,51
1492,Fascinating,33
1492,Funny,12
1492,Informative,10
1492,Ingenious,39
1492,Inspiring,41
1492,Jaw-dropping,31
1492,Longwinded,53
1492,OK,19
1492,Obnoxious,1
1492,Persuasive,32
1492,Unconvincing,17
1493,Beautiful,198
1493,Courageous,85
1493,Fascinating,114
1493,Funny,227
1493,Informative,203
1493,Ingenious,156
1493,Inspiring,152
1493,Jaw-dropping,218
1493,Longwinded,5
1493,OK,104
1493,Obnoxious,46
1493,Persuasive,224
1493,Unconvincing,25
1494,Beautiful,164
1494,Confusing,15
1494,Courageous,134
1494,Fascinating,85
1494,Funny,168
1494,Informative,178
1494,Ingenious,62
1494,Inspiring,129
1494,Jaw-dropping,122
1494,Longwinded,20
1494,OK,1
1494,Obnoxious,6
1494,Persuasive,168
1494,Unconvincing,25
1495,Beautiful,8
1495,Confusing,2
1495,Courageous,14
1495,Fascinating,9
1495,Funny,10
1495,Informative,13
1495,Ingenious,13
1495,Inspiring,6
1495,Jaw-dropping,4
1495,OK,6
1495,Obnoxious,8
1495,Persuasive,15
1496,Beautiful,39
1496,Confusing,50
1496,Courageous,109
1496,Fascinating,95
1496,Funny,52
1496,Informative,63
1496,Ingenious,107
1496,Inspiring,109
1496,Jaw-dropping,59
1496,Longwinded,109
1496,OK,9
1496,Obnoxious,9
1496,Persuasive,92
1496,Unconvincing,47
1497,Beautiful,29
1497,Confusing,21
1497,Courageous,32
1497,Fascinating,23
1497,Funny,34
1497,Informative,18
1497,Ingenious,10
1497,Inspiring,31
1497,Jaw-dropping,31
1497,Longwinded,17
1497,OK,1
1497,Persuasive,21
1497,Unconvincing,1
1498,Beautiful,47
1498,Courageous,49
1498,Fascinating,87
1498,Funny,81
1498,Informative,70
1498,Ingenious,67
1498,Inspiring,57
1498,Jaw-dropping,35
1498,Longwinded,56
1498,OK,63
1498,Obnoxious,82
1498,Persuasive,67
1498,Unconvincing,80
1499,Beautiful,875
1499,Confusing,806
1499,Courageous,873
1499,Fascinating,1005
1499,Funny,630
1499,Informative,949
1499,Ingenious,989
1499,Inspiring,716
1499,Jaw-dropping,969
1499,Longwinded,350
1499,OK,41
1499,Obnoxious,30
1499,Persuasive,560
1499,Unconvincing,353
1500,Beautiful,17
1500,Confusing,19
1500,Courageous,18
1500,Fascinating,15
1500,Funny,20
1500,Informative,24
1500,Ingenious,12
1500,Inspiring,8
1500,Jaw-dropping,25
1500,Longwinded,1
1500,Persuasive,12
1501,Beautiful,6
1501,Confusing,6
1501,Courageous,15
1501,Fascinating,8
1501,Funny,5
1501,Informative,12
1501,Ingenious,11
1501,Inspiring,7
1501,Jaw-dropping,3
1501,OK,9
1501,Obnoxious,12
1501,Persuasive,13
1502,Beautiful,3
1502,Confusing,3
1502,Courageous,5
1502,Fascinating,3
1502,Funny,4
1502,Informative,5
1502,Ingenious,4
1502,Inspiring,5
1502,Jaw-dropping,5
1502,Longwinded,1
1502,OK,5
1502,Persuasive,6
1502,Unconvincing,5
1503,Beautiful,18
1503,Confusing,9
1503,Courageous,29
1503,Fascinating,30
1503,Funny,31
1503,Informative,50
1503,Ingenious,45
1503,Inspiring,48
1503,Jaw-dropping,55
1503,OK,40
1503,Obnoxious,1
1503,Persuasive,19
1503,Unconvincing,24
1504,Beautiful,25
1504,Confusing,16
1504,Courageous,25
1504,Fascinating,17
1504,Funny,12
1504,Informative,7
1504,Ingenious,10
1504,Inspiring,20
1504,Jaw-dropping,22
1504,Longwinded,2
1504,OK,2
1504,Obnoxious,5
1504,Persuasive,22
1504,Unconvincing,2
1505,Beautiful,22
1505,Confusing,11
1505,Courageous,4
1505,Fascinating,18
1505,Funny,11
1505,Informative,19
1505,Ingenious,6
1505,Inspiring,26
1505,Jaw-dropping,14
1505,OK,2
1505,Obnoxious,8
1505,Persuasive,25
1505,Unconvincing,1
1506,Beautiful,23
1506,Confusing,4
1506,Courageous,20
1506,Fascinating,18
1506,Funny,19
1506,Informative,16
1506,Ingenious,4
1506,Inspiring,17
1506,Jaw-dropping,11
1506,Longwinded,5
1506,OK,1
1506,Obnoxious,3
1506,Persuasive,23
1506,Unconvincing,4
1507,Beautiful,12
1507,Confusing,1
1507,Courageous,41
1507,Fascinating,17
1507,Funny,17
1507,Informative,41
1507,Ingenious,46
1507,Inspiring,39
1507,Jaw-dropping,48
1507,OK,2
1507,Obnoxious,57
1507,Persuasive,28
1507,Unconvincing,33
1508,Beautiful,9
1508,Confusing,9
1508,Courageous,10
1508,Fascinating,4
1508,Funny,12
1508,Informative,12
1508,Ingenious,12
1508,Inspiring,12
1508,Jaw-dropping,13
1508,OK,1
1508,Obnoxious,3
1508,Persuasive,8
1509,Beautiful,44
1509,Confusing,33
1509,Courageous,29
1509,Fascinating,54
1509,Funny,30
1509,Informative,51
1509,Ingenious,54
1509,Inspiring,50
1509,Jaw-dropping,49
1509,Longwinded,51
1509,Obnoxious,4
1509,Persuasive,52
1509,Unconvincing,9
1510,Beautiful,33
1510,Confusing,11
1510,Courageous,37
1510,Fascinating,21
1510,Funny,34
1510,Informative,31
1510,Ingenious,14
1510,Inspiring,38
1510,Jaw-dropping,21
1510,Longwinded,11
1510,OK,5
1510,Persuasive,30
1510,Unconvincing,34
1511,Beautiful,265
1511,Confusing,174
1511,Courageous,364
1511,Fascinating,292
1511,Funny,273
1511,Informative,370
1511,Ingenious,253
1511,Inspiring,253
1511,Jaw-dropping,334
1511,Longwinded,296
1511,OK,267
1511,Obnoxious,250
1511,Persuasive,112
1511,Unconvincing,318
1512,Beautiful,17
1512,Confusing,46
1512,Courageous,9
1512,Fascinating,54
1512,Funny,36
1512,Informative,37
1512,Ingenious,34
1512,Inspiring,31
1512,Jaw-dropping,26
1512,Longwinded,1
1512,Obnoxious,51
1512,Persuasive,41
1512,Unconvincing,7
1513,Beautiful,67
1513,Confusing,3
1513,Courageous,95
1513,Fascinating,70
1513,Funny,60
1513,Informative,57
1513,Ingenious,57
1513,Inspiring,70
1513,Jaw-dropping,97
1513,Longwinded,10
1513,OK,6
1513,Obnoxious,18
1513,Persuasive,67
1513,Unconvincing,76
1514,Beautiful,49
1514,Courageous,38
1514,Fascinating,20
1514,Funny,31
1514,Informative,28
1514,Ingenious,33
1514,Inspiring,34
1514,Jaw-dropping,22
1514,OK,10
1514,Obnoxious,12
1514,Persuasive,31
1514,Unconvincing,30
1515,Beautiful,80
1515,Confusing,38
1515,Courageous,101
1515,Fascinating,83
1515,Funny,106
1515,Informative,77
1515,Ingenious,75
1515,Inspiring,72
1515,Jaw-dropping,48
1515,Longwinded,2
1515,OK,61
1515,Obnoxious,27
1515,Persuasive,80
1515,Unconvincing,102
1516,Beautiful,1006
1516,Confusing,181
1516,Courageous,1054
1516,Fascinating,1182
1516,Funny,1236
1516,Informative,1252
1516,Ingenious,1020
1516,Inspiring,1434
1516,Jaw-dropping,1118
1516,Longwinded,3
1516,OK,599
1516,Obnoxious,623
1516,Persuasive,1032
1516,Unconvincing,70
1517,Beautiful,164
1517,Confusing,2
1517,Courageous,110
1517,Fascinating,135
1517,Funny,150
1517,Informative,126
1517,Ingenious,200
1517,Inspiring,96
1517,Jaw-dropping,159
1517,Longwinded,22
1517,OK,203
1517,Obnoxious,22
1517,Persuasive,50
1517,Unconvincing,32
1518,Beautiful,2
1518,Confusing,2
1518,Fascinating,2
1518,Funny,2
1518,Informative,2
1518,Ingenious,2
1518,Inspiring,2
1518,Jaw-dropping,1
1518,Obnoxious,2
1518,Persuasive,2
1518,Unconvincing,1
1519,Beautiful,136
1519,Confusing,101
1519,Courageous,105
1519,Fascinating,111
1519,Funny,135
1519,Informative,66
1519,Ingenious,58
1519,Inspiring,127
1519,Jaw-dropping,69
1519,Longwinded,91
1519,OK,31
1519,Obnoxious,79
1519,Persuasive,85
1519,Unconvincing,55
1520,Beautiful,243
1520,Confusing,33
1520,Courageous,141
1520,Fascinating,155
1520,Funny,338
1520,Informative,254
1520,Ingenious,290
1520,Inspiring,362
1520,Jaw-dropping,253
1520,Longwinded,178
1520,OK,264
1520,Obnoxious,320
1520,Persuasive,138
1520,Unconvincing,24
1521,Beautiful,65
1521,Confusing,25
1521,Courageous,66
1521,Fascinating,13
1521,Funny,48
1521,Informative,39
1521,Ingenious,32
1521,Inspiring,22
1521,Jaw-dropping,57
1521,Longwinded,22
1521,OK,17
1521,Persuasive,32
1521,Unconvincing,59
1522,Beautiful,115
1522,Courageous,177
1522,Fascinating,179
1522,Funny,160
1522,Informative,201
1522,Ingenious,174
1522,Inspiring,155
1522,Jaw-dropping,130
1522,Longwinded,104
1522,OK,130
1522,Obnoxious,70
1522,Persuasive,162
1522,Unconvincing,128
1523,Beautiful,140
1523,Courageous,122
1523,Fascinating,140
1523,Funny,122
1523,Informative,178
1523,Ingenious,189
1523,Inspiring,118
1523,Jaw-dropping,124
1523,Longwinded,1
1523,OK,14
1523,Obnoxious,101
1523,Persuasive,184
1523,Unconvincing,87
1524,Beautiful,20
1524,Courageous,15
1524,Fascinating,19
1524,Funny,23
1524,Informative,20
1524,Ingenious,8
1524,Inspiring,21
1524,Jaw-dropping,12
1524,Longwinded,1
1524,OK,23
1524,Obnoxious,8
1524,Persuasive,2
1525,Beautiful,81
1525,Confusing,75
1525,Courageous,63
1525,Fascinating,87
1525,Funny,32
1525,Informative,52
1525,Ingenious,78
1525,Inspiring,53
1525,Jaw-dropping,85
1525,Longwinded,10
1525,OK,2
1525,Obnoxious,15
1525,Persuasive,74
1525,Unconvincing,70
1526,Beautiful,329
1526,Confusing,14
1526,Courageous,318
1526,Fascinating,312
1526,Funny,139
1526,Informative,309
1526,Ingenious,126
1526,Inspiring,319
1526,Jaw-dropping,284
1526,Longwinded,97
1526,OK,69
1526,Obnoxious,104
1526,Persuasive,315
1526,Unconvincing,10
1527,Beautiful,429
1527,Confusing,5
1527,Courageous,484
1527,Fascinating,487
1527,Funny,293
1527,Informative,575
1527,Ingenious,529
1527,Inspiring,506
1527,Jaw-dropping,504
1527,Longwinded,461
1527,OK,196
1527,Obnoxious,229
1527,Persuasive,589
1527,Unconvincing,637
1528,Beautiful,36
1528,Confusing,19
1528,Courageous,10
1528,Fascinating,26
1528,Funny,25
1528,Informative,30
1528,Ingenious,37
1528,Inspiring,4
1528,Jaw-dropping,37
1528,Longwinded,9
1528,OK,5
1528,Obnoxious,11
1528,Persuasive,39
1528,Unconvincing,7
1529,Beautiful,515
1529,Confusing,124
1529,Courageous,401
1529,Fascinating,1314
1529,Funny,1142
1529,Informative,1265
1529,Ingenious,193
1529,Inspiring,1052
1529,Jaw-dropping,358
1529,Longwinded,61
1529,OK,27
1529,Obnoxious,363
1529,Persuasive,970
1529,Unconvincing,248
1530,Beautiful,29
1530,Confusing,9
1530,Courageous,24
1530,Fascinating,98
1530,Funny,149
1530,Informative,43
1530,Ingenious,132
1530,Inspiring,131
1530,Jaw-dropping,76
1530,OK,4
1530,Obnoxious,5
1530,Persuasive,82
1530,Unconvincing,118
1531,Beautiful,133
1531,Confusing,56
1531,Courageous,129
1531,Fascinating,121
1531,Funny,109
1531,Informative,133
1531,Ingenious,56
1531,Inspiring,120
1531,Jaw-dropping,23
1531,Longwinded,5
1531,OK,11
1531,Obnoxious,95
1531,Persuasive,66
1532,Beautiful,247
1532,Confusing,77
1532,Courageous,200
1532,Fascinating,240
1532,Funny,98
1532,Informative,253
1532,Ingenious,228
1532,Inspiring,148
1532,Jaw-dropping,145
1532,Longwinded,148
1532,OK,204
1532,Obnoxious,119
1532,Persuasive,117
1532,Unconvincing,1
1533,Beautiful,75
1533,Confusing,64
1533,Courageous,90
1533,Fascinating,62
1533,Funny,111
1533,Informative,96
1533,Ingenious,81
1533,Inspiring,59
1533,Jaw-dropping,108
1533,OK,29
1533,Obnoxious,47
1533,Persuasive,61
1533,Unconvincing,45
1534,Beautiful,60
1534,Confusing,37
1534,Courageous,11
1534,Fascinating,59
1534,Funny,37
1534,Informative,25
1534,Ingenious,47
1534,Inspiring,27
1534,Jaw-dropping,59
1534,Longwinded,7
1534,OK,4
1534,Obnoxious,31
1534,Persuasive,45
1534,Unconvincing,6
1535,Beautiful,49
1535,Confusing,6
1535,Courageous,29
1535,Fascinating,43
1535,Funny,57
1535,Informative,54
1535,Ingenious,32
1535,Inspiring,54
1535,Jaw-dropping,20
1535,Longwinded,1
1535,OK,20
1535,Obnoxious,12
1535,Persuasive,34
1535,Unconvincing,7
1536,Beautiful,17
1536,Confusing,1
1536,Courageous,87
1536,Fascinating,71
1536,Funny,85
1536,Informative,72
1536,Ingenious,92
1536,Inspiring,78
1536,Jaw-dropping,92
1536,OK,76
1536,Obnoxious,16
1536,Persuasive,73
1536,Unconvincing,4
1537,Beautiful,24
1537,Confusing,23
1537,Courageous,24
1537,Fascinating,14
1537,Funny,16
1537,Informative,25
1537,Ingenious,23
1537,Inspiring,15
1537,Jaw-dropping,16
1537,Obnoxious,3
1537,Persuasive,22
1537,Unconvincing,3
1538,Beautiful,177
1538,Confusing,148
1538,Courageous,88
1538,Fascinating,107
1538,Funny,175
1538,Informative,180
1538,Ingenious,109
1538,Inspiring,153
1538,Jaw-dropping,84
1538,OK,104
1538,Obnoxious,190
1538,Persuasive,64
1538,Unconvincing,29
1539,Beautiful,336
1539,Confusing,125
1539,Courageous,129
1539,Fascinating,468
1539,Funny,325
1539,Informative,357
1539,Ingenious,251
1539,Inspiring,442
1539,Jaw-dropping,279
1539,Longwinded,57
1539,OK,124
1539,Obnoxious,213
1539,Persuasive,269
1539,Unconvincing,179
1540,Beautiful,392
1540,Confusing,165
1540,Courageous,425
1540,Fascinating,432
1540,Funny,489
1540,Informative,455
1540,Ingenious,43
1540,Inspiring,31
1540,Jaw-dropping,229
1540,Longwinded,92
1540,OK,7
1540,Obnoxious,3
1540,Persuasive,272
1540,Unconvincing,389
1541,Beautiful,32
1541,Confusing,8
1541,Courageous,52
1541,Fascinating,29
1541,Funny,50
1541,Informative,35
1541,Ingenious,32
1541,Inspiring,25
1541,Jaw-dropping,51
1541,Longwinded,19
1541,OK,45
1541,Obnoxious,27
1541,Persuasive,47
1541,Unconvincing,14
1542,Beautiful,22
1542,Confusing,18
1542,Courageous,21
1542,Fascinating,4
1542,Funny,19
1542,Informative,3
1542,Ingenious,21
1542,Inspiring,17
1542,Jaw-dropping,18
1542,Obnoxious,4
1542,Persuasive,8
1542,Unconvincing,7
1543,Beautiful,12
1543,Confusing,4
1543,Courageous,14
1543,Fascinating,18
1543,Funny,8
1543,Informative,17
1543,Ingenious,17
1543,Inspiring,6
1543,Jaw-dropping,13
1543,Longwinded,16
1543,OK,4
1543,Obnoxious,15
1543,Persuasive,13
1543,Unconvincing,14
1544,Beautiful,392
1544,Confusing,283
1544,Courageous,96
1544,Fascinating,244
1544,Funny,83
1544,Informative,330
1544,Ingenious,85
1544,Inspiring,355
1544,Jaw-dropping,332
1544,Longwinded,126
1544,OK,46
1544,Obnoxious,146
1544,Persuasive,197
1544,Unconvincing,11
1545,Beautiful,665
1545,Confusing,73
1545,Courageous,248
1545,Fascinating,492
1545,Funny,497
1545,Informative,266
1545,Ingenious,526
1545,Inspiring,478
1545,Jaw-dropping,567
1545,Longwinded,34
1545,OK,305
1545,Obnoxious,18
1545,Persuasive,428
1545,Unconvincing,285
1546,Beautiful,361
1546,Confusing,140
1546,Courageous,468
1546,Fascinating,322
1546,Funny,330
1546,Informative,357
1546,Ingenious,109
1546,Inspiring,508
1546,Jaw-dropping,472
1546,Longwinded,137
1546,OK,456
1546,Obnoxious,225
1546,Persuasive,549
1546,Unconvincing,57
1547,Beautiful,43
1547,Courageous,36
1547,Fascinating,57
1547,Funny,45
1547,Informative,50
1547,Ingenious,35
1547,Inspiring,29
1547,Jaw-dropping,58
1547,Longwinded,35
1547,OK,3
1547,Persuasive,48
1547,Unconvincing,46
1548,Beautiful,122
1548,Confusing,2
1548,Courageous,124
1548,Fascinating,11
1548,Funny,42
1548,Informative,50
1548,Ingenious,107
1548,Inspiring,96
1548,Jaw-dropping,79
1548,Longwinded,6
1548,Obnoxious,112
1548,Persuasive,120
1548,Unconvincing,9
1549,Beautiful,48
1549,Confusing,2
1549,Courageous,41
1549,Fascinating,32
1549,Funny,50
1549,Informative,41
1549,Ingenious,34
1549,Inspiring,45
1549,Jaw-dropping,58
1549,Longwinded,7
1549,OK,23
1549,Persuasive,47
1549,Unconvincing,18
1550,Beautiful,393
1550,Confusing,1
1550,Courageous,566
1550,Fascinating,97
1550,Funny,467
1550,Informative,679
1550,Ingenious,672
1550,Inspiring,513
1550,Jaw-dropping,568
1550,Longwinded,383
1550,OK,6
1550,Obnoxious,208
1550,Persuasive,642
1550,Unconvincing,29
1551,Beautiful,136
1551,Confusing,145
1551,Courageous,120
1551,Fascinating,94
1551,Funny,145
1551,Informative,73
1551,Ingenious,106
1551,Inspiring,88
1551,Jaw-dropping,98
1551,Longwinded,116
1551,OK,138
1551,Obnoxious,6
1551,Persuasive,143
1552,Beautiful,19
1552,Confusing,21
1552,Courageous,56
1552,Fascinating,107
1552,Funny,76
1552,Informative,89
1552,Ingenious,71
1552,Inspiring,38
1552,Jaw-dropping,50
1552,Longwinded,1
1552,OK,56
1552,Obnoxious,33
1552,Persuasive,107
1552,Unconvincing,12
1553,Beautiful,2
1553,Confusing,2
1553,Courageous,2
1553,Fascinating,1
1553,Funny,1
1553,Informative,3
1553,Ingenious,2
1553,Inspiring,1
1553,Jaw-dropping,1
1553,OK,1
1553,Obnoxious,1
1553,Persuasive,2
1553,Unconvincing,1
1554,Beautiful,13
1554,Confusing,12
1554,Courageous,23
1554,Fascinating,24
1554,Funny,13
1554,Informative,18
1554,Ingenious,23
1554,Inspiring,12
1554,Jaw-dropping,21
1554,Longwinded,6
1554,OK,3
1554,Obnoxious,6
1554,Persuasive,6
1554,Unconvincing,3
1555,Beautiful,68
1555,Confusing,20
1555,Courageous,46
1555,Fascinating,75
1555,Funny,65
1555,Informative,23
1555,Ingenious,59
1555,Inspiring,64
1555,Jaw-dropping,36
1555,Longwinded,7
1555,OK,56
1555,Obnoxious,43
1555,Persuasive,23
1555,Unconvincing,20
1556,Beautiful,280
1556,Confusing,171
1556,Courageous,212
1556,Fascinating,27
1556,Funny,259
1556,Informative,287
1556,Ingenious,261
1556,Inspiring,156
1556,Jaw-dropping,281
1556,Longwinded,124
1556,OK,31
1556,Obnoxious,177
1556,Persuasive,323
1557,Beautiful,216
1557,Confusing,269
1557,Courageous,343
1557,Fascinating,116
1557,Funny,405
1557,Informative,103
1557,Ingenious,315
1557,Inspiring,391
1557,Jaw-dropping,480
1557,Longwinded,252
1557,OK,296
1557,Obnoxious,313
1557,Persuasive,513
1558,Beautiful,121
1558,Courageous,58
1558,Fascinating,111
1558,Funny,50
1558,Informative,123
1558,Ingenious,91
1558,Inspiring,83
1558,Jaw-dropping,79
1558,Longwinded,26
1558,OK,28
1558,Obnoxious,113
1558,Persuasive,107
1558,Unconvincing,29
1559,Beautiful,59
1559,Confusing,64
1559,Courageous,70
1559,Fascinating,77
1559,Funny,57
1559,Informative,86
1559,Ingenious,61
1559,Inspiring,58
1559,Jaw-dropping,70
1559,Longwinded,1
1559,OK,28
1559,Obnoxious,41
1559,Persuasive,28
1559,Unconvincing,48
1560,Beautiful,31
1560,Confusing,72
1560,Courageous,53
1560,Fascinating,32
1560,Funny,78
1560,Informative,29
1560,Ingenious,68
1560,Inspiring,53
1560,Jaw-dropping,69
1560,Longwinded,29
1560,OK,15
1560,Obnoxious,7
1560,Persuasive,58
1560,Unconvincing,78
1561,Fascinating,2
1561,Funny,1
1561,Informative,2
1561,Ingenious,1
1561,Inspiring,2
1561,OK,1
1561,Obnoxious,1
1561,Persuasive,1
1561,Unconvincing,1
1562,Beautiful,2120
1562,Confusing,7
1562,Courageous,2303
1562,Fascinating,1430
1562,Funny,1080
1562,Informative,1090
1562,Ingenious,2431
1562,Inspiring,381
1562,Jaw-dropping,2593
1562,Longwinded,2267
1562,OK,442
1562,Obnoxious,114
1562,Persuasive,2677
1562,Unconvincing,1069
1563,Beautiful,76
1563,Courageous,101
1563,Fascinating,99
1563,Funny,107
1563,Informative,16
1563,Ingenious,55
1563,Inspiring,101
1563,Jaw-dropping,82
1563,Longwinded,20
1563,OK,52
1563,Obnoxious,9
1563,Persuasive,33
1563,Unconvincing,4
1564,Beautiful,101
1564,Confusing,21
1564,Courageous,171
1564,Fascinating,118
1564,Funny,273
1564,Informative,171
1564,Ingenious,135
1564,Inspiring,162
1564,Jaw-dropping,206
1564,Longwinded,49
1564,OK,73
1564,Obnoxious,32
1564,Persuasive,161
1564,Unconvincing,94
1565,Beautiful,91
1565,Confusing,13
1565,Courageous,64
1565,Fascinating,124
1565,Funny,90
1565,Informative,42
1565,Ingenious,120
1565,Inspiring,98
1565,Jaw-dropping,49
1565,Longwinded,67
1565,OK,76
1565,Obnoxious,53
1565,Persuasive,103
1566,Beautiful,100
1566,Confusing,61
1566,Courageous,64
1566,Fascinating,91
1566,Funny,55
1566,Informative,75
1566,Ingenious,52
1566,Inspiring,100
1566,Jaw-dropping,42
1566,Longwinded,51
1566,Persuasive,88
1566,Unconvincing,88
1567,Beautiful,14
1567,Confusing,1
1567,Courageous,5
1567,Fascinating,10
1567,Funny,12
1567,Informative,3
1567,Ingenious,2
1567,Inspiring,12
1567,Jaw-dropping,11
1567,Longwinded,6
1567,Obnoxious,1
1567,Persuasive,2
1567,Unconvincing,13
1568,Beautiful,87
1568,Confusing,27
1568,Courageous,70
1568,Fascinating,50
1568,Funny,56
1568,Informative,77
1568,Ingenious,82
1568,Inspiring,78
1568,Jaw-dropping,31
1568,Longwinded,53
1568,OK,12
1568,Obnoxious,12
1568,Persuasive,57
1568,Unconvincing,9
1569,Beautiful,261
1569,Confusing,5
1569,Courageous,300
1569,Fascinating,302
1569,Funny,190
1569,Informative,113
1569,Ingenious,170
1569,Inspiring,260
1569,Jaw-dropping,252
1569,Longwinded,324
1569,OK,11
1569,Obnoxious,101
1569,Persuasive,208
1569,Unconvincing,2
1570,Beautiful,4
1570,Confusing,3
1570,Courageous,14
1570,Fascinating,8
1570,Funny,9
1570,Informative,14
1570,Ingenious,18
1570,Inspiring,13
1570,Jaw-dropping,18
1570,Longwinded,2
1570,OK,18
1570,Persuasive,3
1570,Unconvincing,18
1571,Beautiful,48
1571,Confusing,62
1571,Courageous,24
1571,Fascinating,16
1571,Funny,56
1571,Informative,16
1571,Ingenious,71
1571,Inspiring,49
1571,Jaw-dropping,39
1571,Longwinded,4
1571,OK,62
1571,Obnoxious,17
1571,Persuasive,53
1571,Unconvincing,22
1572,Beautiful,66
1572,Confusing,6
1572,Courageous,78
1572,Fascinating,70
1572,Funny,36
1572,Informative,69
1572,Ingenious,78
1572,Inspiring,59
1572,Jaw-dropping,81
1572,Longwinded,58
1572,OK,2
1572,Persuasive,54
1572,Unconvincing,61
1573,Beautiful,82
1573,Confusing,24
1573,Courageous,92
1573,Fascinating,89
1573,Funny,106
1573,Informative,59
1573,Ingenious,92
1573,Inspiring,108
1573,Jaw-dropping,73
1573,OK,89
1573,Obnoxious,59
1573,Persuasive,46
1573,Unconvincing,71
1574,Beautiful,15
1574,Courageous,12
1574,Fascinating,8
1574,Funny,12
1574,Informative,7
1574,Ingenious,7
1574,Inspiring,5
1574,Jaw-dropping,10
1574,Obnoxious,15
1574,Persuasive,7
1574,Unconvincing,13
1575,Beautiful,95
1575,Courageous,15
1575,Fascinating,114
1575,Funny,66
1575,Informative,99
1575,Ingenious,33
1575,Inspiring,30
1575,Jaw-dropping,99
1575,Longwinded,44
1575,OK,22
1575,Obnoxious,14
1575,Persuasive,103
1575,Unconvincing,90
1576,Beautiful,191
1576,Courageous,129
1576,Fascinating,239
1576,Funny,138
1576,Informative,243
1576,Ingenious,21
1576,Inspiring,212
1576,Jaw-dropping,86
1576,Longwinded,45
1576,OK,70
1576,Obnoxious,168
1576,Persuasive,213
1577,Beautiful,45
1577,Confusing,1
1577,Courageous,31
1577,Fascinating,43
1577,Funny,56
1577,Informative,63
1577,Ingenious,69
1577,Inspiring,53
1577,Jaw-dropping,15
1577,Longwinded,3
1577,Obnoxious,57
1577,Persuasive,31
1577,Unconvincing,4
1578,Beautiful,4
1578,Courageous,4
1578,Fascinating,4
1578,Funny,1
1578,Informative,2
1578,Ingenious,1
1578,Inspiring,2
1578,Jaw-dropping,2
1578,Persuasive,4
1578,Unconvincing,5
1579,Beautiful,572
1579,Confusing,120
1579,Courageous,214
1579,Fascinating,544
1579,Funny,487
1579,Informative,299
1579,Ingenious,129
1579,Inspiring,175
1579,Jaw-dropping,271
1579,Longwinded,513
1579,OK,63
1579,Obnoxious,10
1579,Persuasive,516
1579,Unconvincing,80
1580,Beautiful,764
1580,Confusing,316
1580,Courageous,672
1580,Fascinating,686
1580,Funny,718
1580,Informative,733
1580,Ingenious,265
1580,Inspiring,362
1580,Jaw-dropping,690
1580,Longwinded,17
1580,OK,728
1580,Obnoxious,17
1580,Persuasive,602
1580,Unconvincing,594
1581,Beautiful,12
1581,Confusing,23
1581,Courageous,33
1581,Fascinating,16
1581,Funny,5
1581,Informative,25
1581,Ingenious,30
1581,Inspiring,25
1581,Jaw-dropping,26
1581,Longwinded,3
1581,OK,2
1581,Obnoxious,23
1581,Persuasive,31
1581,Unconvincing,2
1582,Beautiful,8
1582,Confusing,5
1582,Courageous,9
1582,Fascinating,7
1582,Funny,8
1582,Informative,6
1582,Ingenious,7
1582,Inspiring,4
1582,Jaw-dropping,5
1582,Longwinded,1
1582,Obnoxious,4
1582,Persuasive,3
1583,Beautiful,728
1583,Confusing,7
1583,Courageous,452
1583,Fascinating,289
1583,Funny,1089
1583,Informative,719
1583,Ingenious,1030
1583,Inspiring,374
1583,Jaw-dropping,1096
1583,Longwinded,29
1583,OK,134
1583,Obnoxious,30
1583,Persuasive,1038
1583,Unconvincing,71
1584,Beautiful,54
1584,Confusing,72
1584,Courageous,52
1584,Fascinating,70
1584,Funny,58
1584,Informative,110
1584,Ingenious,105
1584,Inspiring,62
1584,Jaw-dropping,136
1584,Longwinded,103
1584,OK,23
1584,Persuasive,93
1585,Beautiful,33
1585,Confusing,10
1585,Courageous,22
1585,Fascinating,31
1585,Funny,23
1585,Informative,9
1585,Ingenious,31
1585,Inspiring,14
1585,Jaw-dropping,23
1585,Longwinded,1
1585,Persuasive,23
1586,Beautiful,21
1586,Courageous,19
1586,Fascinating,33
1586,Funny,28
1586,Informative,30
1586,Ingenious,26
1586,Inspiring,28
1586,Jaw-dropping,10
1586,OK,17
1586,Obnoxious,8
1586,Persuasive,15
1586,Unconvincing,3
1587,Beautiful,248
1587,Confusing,4
1587,Courageous,288
1587,Fascinating,344
1587,Funny,365
1587,Informative,301
1587,Ingenious,143
1587,Inspiring,360
1587,Jaw-dropping,288
1587,Longwinded,71
1587,OK,343
1587,Obnoxious,3
1587,Persuasive,271
1587,Unconvincing,183
1588,Beautiful,67
1588,Confusing,5
1588,Courageous,38
1588,Fascinating,98
1588,Funny,65
1588,Informative,73
1588,Ingenious,58
1588,Inspiring,86
1588,Jaw-dropping,73
1588,Longwinded,28
1588,OK,3
1588,Obnoxious,15
1588,Persuasive,72
1588,Unconvincing,60
1589,Beautiful,63
1589,Confusing,3
1589,Courageous,43
1589,Fascinating,47
1589,Funny,64
1589,Informative,50
1589,Ingenious,68
1589,Inspiring,57
1589,Jaw-dropping,82
1589,Longwinded,54
1589,OK,20
1589,Obnoxious,40
1589,Persuasive,36
1589,Unconvincing,7
1590,Beautiful,63
1590,Confusing,138
1590,Courageous,53
1590,Fascinating,162
1590,Funny,152
1590,Informative,165
1590,Ingenious,25
1590,Inspiring,136
1590,Jaw-dropping,165
1590,Longwinded,9
1590,OK,113
1590,Obnoxious,85
1590,Persuasive,152
1590,Unconvincing,8
1591,Beautiful,6
1591,Confusing,2
1591,Courageous,9
1591,Fascinating,1
1591,Funny,8
1591,Informative,5
1591,Ingenious,7
1591,Inspiring,7
1591,Jaw-dropping,6
1591,OK,2
1591,Persuasive,8
1591,Unconvincing,9
1592,Beautiful,443
1592,Confusing,1
1592,Courageous,457
1592,Fascinating,270
1592,Funny,433
1592,Informative,302
1592,Ingenious,425
1592,Inspiring,478
1592,Jaw-dropping,490
1592,Longwinded,156
1592,OK,296
1592,Obnoxious,325
1592,Persuasive,470
1592,Unconvincing,363
1593,Beautiful,296
1593,Courageous,302
1593,Fascinating,320
1593,Funny,336
1593,Informative,365
1593,Ingenious,351
1593,Inspiring,440
1593,Jaw-dropping,19
1593,Longwinded,11
1593,OK,283
1593,Obnoxious,31
1593,Persuasive,433
1593,Unconvincing,285
1594,Beautiful,36
1594,Confusing,1
1594,Courageous,67
1594,Fascinating,63
1594,Funny,32
1594,Informative,65
1594,Ingenious,36
1594,Inspiring,65
1594,Jaw-dropping,55
1594,Longwinded,56
1594,OK,1
1594,Obnoxious,45
1594,Persuasive,20
1595,Beautiful,51
1595,Confusing,30
1595,Courageous,13
1595,Fascinating,42
1595,Funny,54
1595,Informative,35
1595,Ingenious,32
1595,Inspiring,24
1595,Jaw-dropping,24
1595,Longwinded,22
1595,Obnoxious,2
1595,Persuasive,47
1596,Beautiful,667
1596,Confusing,7
1596,Courageous,539
1596,Fascinating,496
1596,Funny,378
1596,Informative,525
1596,Ingenious,269
1596,Inspiring,211
1596,Jaw-dropping,470
1596,Longwinded,177
1596,Obnoxious,225
1596,Persuasive,495
1596,Unconvincing,507
1597,Beautiful,8
1597,Courageous,4
1597,Fascinating,8
1597,Funny,7
1597,Informative,6
1597,Ingenious,1
1597,Inspiring,7
1597,Jaw-dropping,8
1597,Longwinded,6
1597,Persuasive,5
1597,Unconvincing,1
1598,Beautiful,379
1598,Confusing,105
1598,Courageous,421
1598,Fascinating,203
1598,Funny,296
1598,Informative,143
1598,Ingenious,165
1598,Inspiring,234
1598,Jaw-dropping,251
1598,Longwinded,340
1598,OK,375
1598,Obnoxious,129
1598,Persuasive,307
1598,Unconvincing,63
1599,Beautiful,81
1599,Confusing,6
1599,Courageous,64
1599,Fascinating,94
1599,Funny,94
1599,Informative,78
1599,Ingenious,74
1599,Inspiring,19
1599,Jaw-dropping,23
1599,Longwinded,2
1599,OK,5
1599,Obnoxious,39
1599,Persuasive,52
1599,Unconvincing,6
1600,Beautiful,81
1600,Confusing,14
1600,Courageous,102
1600,Fascinating,88
1600,Funny,89
1600,Informative,85
1600,Ingenious,20
1600,Inspiring,80
1600,Jaw-dropping,101
1600,Longwinded,55
1600,OK,16
1600,Persuasive,57
1600,Unconvincing,31
1601,Beautiful,46
1601,Confusing,11
1601,Courageous,21
1601,Fascinating,46
1601,Funny,56
1601,Informative,58
1601,Ingenious,72
1601,Inspiring,27
1601,Jaw-dropping,47
1601,Longwinded,4
1601,OK,30
1601,Obnoxious,53
1601,Persuasive,34
1601,Unconvincing,53
1602,Beautiful,4
1602,Confusing,8
1602,Courageous,66
1602,Fascinating,60
1602,Funny,62
1602,Informative,31
1602,Ingenious,38
1602,Inspiring,16
1602,Jaw-dropping,59
1602,Longwinded,13
1602,OK,50
1602,Obnoxious,37
1602,Persuasive,30
1602,Unconvincing,1
1603,Beautiful,31
1603,Confusing,16
1603,Courageous,36
1603,Fascinating,38
1603,Funny,19
1603,Informative,16
1603,Ingenious,31
1603,Inspiring,30
1603,Jaw-dropping,12
1603,Longwinded,11
1603,Obnoxious,27
1603,Persuasive,12
1603,Unconvincing,26
1604,Beautiful,402
1604,Confusing,21
1604,Courageous,485
1604,Fascinating,390
1604,Funny,248
1604,Informative,404
1604,Ingenious,459
1604,Inspiring,172
1604,Jaw-dropping,454
1604,Longwinded,5
1604,OK,196
1604,Obnoxious,110
1604,Persuasive,45
1604,Unconvincing,282
1605,Beautiful,48
1605,Confusing,6
1605,Courageous,51
1605,Fascinating,52
1605,Funny,19
1605,Informative,55
1605,Ingenious,45
1605,Inspiring,33
1605,Jaw-dropping,54
1605,Longwinded,3
1605,Obnoxious,43
1605,Persuasive,45
1605,Unconvincing,14
1606,Beautiful,139
1606,Confusing,202
1606,Courageous,188
1606,Fascinating,153
1606,Funny,71
1606,Informative,92
1606,Ingenious,194
1606,Inspiring,113
1606,Jaw-dropping,144
1606,OK,204
1606,Obnoxious,21
1606,Persuasive,155
1606,Unconvincing,17
1607,Beautiful,15
1607,Courageous,21
1607,Fascinating,17
1607,Funny,24
1607,Informative,8
1607,Ingenious,19
1607,Inspiring,17
1607,Jaw-dropping,22
1607,Longwinded,19
1607,OK,3
1607,Obnoxious,6
1607,Persuasive,13
1607,Unconvincing,17
1608,Beautiful,12
1608,Confusing,5
1608,Courageous,9
1608,Fascinating,9
1608,Funny,10
1608,Informative,11
1608,Ingenious,9
1608,Inspiring,5
1608,Jaw-dropping,12
1608,OK,2
1608,Obnoxious,2
1608,Persuasive,10
1608,Unconvincing,2
1609,Beautiful,55
1609,Confusing,10
1609,Courageous,40
1609,Fascinating,35
1609,Funny,56
1609,Informative,36
1609,Ingenious,29
1609,Inspiring,58
1609,Jaw-dropping,54
1609,Longwinded,27
1609,OK,1
1609,Obnoxious,2
1609,Persuasive,18
1610,Beautiful,128
1610,Confusing,59
1610,Courageous,70
1610,Fascinating,46
1610,Funny,53
1610,Informative,35
1610,Ingenious,111
1610,Inspiring,97
1610,Jaw-dropping,124
1610,Longwinded,1
1610,OK,55
1610,Obnoxious,25
1610,Persuasive,50
1610,Unconvincing,8
1611,Beautiful,6
1611,Confusing,318
1611,Courageous,218
1611,Fascinating,433
1611,Funny,46
1611,Informative,272
1611,Ingenious,427
1611,Inspiring,154
1611,Jaw-dropping,509
1611,Longwinded,120
1611,Obnoxious,189
1611,Persuasive,370
1611,Unconvincing,502
1612,Beautiful,36
1612,Courageous,32
1612,Fascinating,29
1612,Funny,13
1612,Informative,15
1612,Ingenious,33
1612,Inspiring,3
1612,Jaw-dropping,31
1612,Longwinded,11
1612,OK,16
1612,Obnoxious,7
1612,Persuasive,30
1612,Unconvincing,20
1613,Beautiful,23
1613,Confusing,16
1613,Courageous,54
1613,Fascinating,48
1613,Funny,51
1613,Informative,26
1613,Ingenious,9
1613,Inspiring,35
1613,Jaw-dropping,45
1613,Longwinded,22
1613,OK,36
1613,Obnoxious,39
1613,Persuasive,8
1613,Unconvincing,49
1614,Beautiful,1
1614,Confusing,1
1614,Courageous,4
1614,Fascinating,3
1614,Funny,1
1614,Informative,2
1614,Ingenious,1
1614,Inspiring,3
1614,Jaw-dropping,2
1614,OK,2
1614,Persuasive,3
1615,Beautiful,72
1615,Confusing,17
1615,Courageous,63
1615,Fascinating,59
1615,Funny,95
1615,Informative,92
1615,Ingenious,63
1615,Inspiring,69
1615,Jaw-dropping,109
1615,OK,16
1615,Obnoxious,36
1615,Persuasive,49
1615,Unconvincing,1
1616,Beautiful,549
1616,Confusing,412
1616,Courageous,411
1616,Fascinating,578
1616,Funny,583
1616,Informative,465
1616,Ingenious,449
1616,Inspiring,419
1616,Jaw-dropping,216
1616,Longwinded,3
1616,OK,5
1616,Obnoxious,220
1616,Persuasive,557
1616,Unconvincing,43
1617,Beautiful,31
1617,Courageous,31
1617,Fascinating,29
1617,Funny,31
1617,Informative,28
1617,Ingenious,23
1617,Inspiring,10
1617,Jaw-dropping,14
1617,Longwinded,19
1617,OK,15
1617,Obnoxious,21
1617,Persuasive,23
1618,Beautiful,158
1618,Confusing,155
1618,Courageous,175
1618,Fascinating,149
1618,Funny,169
1618,Informative,131
1618,Ingenious,200
1618,Inspiring,108
1618,Jaw-dropping,131
1618,Longwinded,146
1618,OK,3
1618,Persuasive,129
1618,Unconvincing,90
1619,Beautiful,5
1619,Courageous,4
1619,Fascinating,1
1619,Funny,3
1619,Informative,2
1619,Ingenious,2
1619,Inspiring,4
1619,Jaw-dropping,1
1619,Longwinded,4
1619,OK,5
1619,Obnoxious,4
1619,Persuasive,3
1620,Beautiful,178
1620,Confusing,899
1620,Courageous,592
1620,Fascinating,725
1620,Funny,536
1620,Informative,890
1620,Ingenious,354
1620,Inspiring,580
1620,Jaw-dropping,281
1620,Longwinded,378
1620,OK,2
1620,Obnoxious,829
1620,Persuasive,771
1620,Unconvincing,173
1621,Beautiful,11
1621,Courageous,18
1621,Fascinating,20
1621,Funny,4
1621,Informative,30
1621,Ingenious,33
1621,Inspiring,21
1621,Jaw-dropping,36
1621,Longwinded,37
1621,Obnoxious,18
1621,Persuasive,40
1621,Unconvincing,1
1622,Beautiful,11
1622,Courageous,4
1622,Fascinating,13
1622,Funny,13
1622,Informative,11
1622,Ingenious,10
1622,Inspiring,9
1622,Jaw-dropping,11
1622,OK,2
1622,Obnoxious,11
1622,Persuasive,12
1622,Unconvincing,4
1623,Beautiful,68
1623,Confusing,4
1623,Courageous,76
1623,Fascinating,54
1623,Funny,75
1623,Informative,52
1623,Ingenious,58
1623,Inspiring,75
1623,Jaw-dropping,74
1623,Longwinded,70
1623,OK,30
1623,Obnoxious,10
1623,Persuasive,61
1623,Unconvincing,24
1624,Beautiful,85
1624,Confusing,13
1624,Courageous,102
1624,Fascinating,285
1624,Funny,220
1624,Informative,102
1624,Ingenious,291
1624,Inspiring,320
1624,Jaw-dropping,181
1624,Longwinded,311
1624,OK,135
1624,Obnoxious,21
1624,Persuasive,172
1624,Unconvincing,41
1625,Beautiful,323
1625,Courageous,274
1625,Fascinating,269
1625,Funny,294
1625,Informative,315
1625,Ingenious,330
1625,Inspiring,170
1625,Jaw-dropping,130
1625,Longwinded,129
1625,OK,281
1625,Obnoxious,119
1625,Persuasive,292
1625,Unconvincing,141
1626,Beautiful,86
1626,Courageous,78
1626,Fascinating,55
1626,Funny,63
1626,Informative,39
1626,Ingenious,75
1626,Inspiring,92
1626,Jaw-dropping,72
1626,Longwinded,29
1626,OK,34
1626,Obnoxious,35
1626,Persuasive,49
1626,Unconvincing,76
1627,Beautiful,102
1627,Confusing,68
1627,Courageous,302
1627,Fascinating,250
1627,Funny,38
1627,Informative,286
1627,Ingenious,296
1627,Inspiring,354
1627,Jaw-dropping,393
1627,Longwinded,5
1627,OK,12
1627,Obnoxious,264
1627,Persuasive,216
1627,Unconvincing,340
1628,Beautiful,25
1628,Confusing,6
1628,Courageous,12
1628,Fascinating,17
1628,Funny,28
1628,Informative,18
1628,Ingenious,23
1628,Inspiring,24
1628,Jaw-dropping,28
1628,OK,18
1628,Obnoxious,1
1628,Persuasive,22
1629,Beautiful,556
1629,Confusing,443
1629,Courageous,500
1629,Fascinating,543
1629,Funny,61
1629,Informative,166
1629,Ingenious,244
1629,Inspiring,355
1629,Jaw-dropping,630
1629,Longwinded,158
1629,OK,64
1629,Obnoxious,3
1629,Persuasive,586
1629,Unconvincing,341
1630,Beautiful,70
1630,Confusing,26
1630,Courageous,37
1630,Fascinating,68
1630,Funny,23
1630,Informative,42
1630,Ingenious,38
1630,Inspiring,30
1630,Jaw-dropping,68
1630,Longwinded,14
1630,OK,8
1630,Obnoxious,3
1630,Persuasive,39
1630,Unconvincing,69
1631,Beautiful,4
1631,Confusing,3
1631,Courageous,6
1631,Fascinating,2
1631,Funny,3
1631,Informative,4
1631,Ingenious,3
1631,Inspiring,2
1631,Jaw-dropping,2
1631,OK,2
1631,Persuasive,7
1632,Beautiful,63
1632,Courageous,122
1632,Fascinating,105
1632,Funny,75
1632,Informative,94
1632,Ingenious,98
1632,Inspiring,24
1632,Jaw-dropping,53
1632,Longwinded,15
1632,Obnoxious,9
1632,Persuasive,100
1632,Unconvincing,47
1633,Beautiful,37
1633,Confusing,104
1633,Courageous,59
1633,Fascinating,97
1633,Funny,56
1633,Informative,90
1633,Ingenious,68
1633,Inspiring,56
1633,Jaw-dropping,95
1633,Longwinded,56
1633,OK,1
1633,Obnoxious,97
1633,Persuasive,98
1633,Unconvincing,9
1634,Beautiful,61
1634,Confusing,21
1634,Courageous,66
1634,Fascinating,87
1634,Funny,89
1634,Informative,81
1634,Ingenious,75
1634,Inspiring,74
1634,Jaw-dropping,28
1634,Longwinded,1
1634,OK,49
1634,Persuasive,72
1634,Unconvincing,49
1635,Beautiful,41
1635,Confusing,55
1635,Courageous,43
1635,Fascinating,42
1635,Funny,55
1635,Informative,73
1635,Ingenious,63
1635,Inspiring,31
1635,Jaw-dropping,78
1635,Longwinded,1
1635,Obnoxious,63
1635,Persuasive,59
1635,Unconvincing,16
1636,Beautiful,42
1636,Courageous,52
1636,Fascinating,13
1636,Funny,81
1636,Informative,52
1636,Ingenious,65
1636,Inspiring,52
1636,Jaw-dropping,61
1636,Longwinded,73
1636,OK,62
1636,Obnoxious,3
1636,Persuasive,42
1637,Beautiful,20
1637,Confusing,24
1637,Courageous,25
1637,Fascinating,3
1637,Funny,14
1637,Informative,16
1637,Ingenious,18
1637,Inspiring,12
1637,Jaw-dropping,24
1637,OK,16
1637,Obnoxious,6
1637,Persuasive,27
1637,Unconvincing,18
1638,Beautiful,8
1638,Courageous,9
1638,Fascinating,6
1638,Funny,5
1638,Informative,5
1638,Ingenious,9
1638,Inspiring,8
1638,Jaw-dropping,8
1638,OK,2
1638,Persuasive,4
1638,Unconvincing,9
1639,Beautiful,39
1639,Confusing,98
1639,Courageous,135
1639,Fascinating,242
1639,Funny,27
1639,Informative,146
1639,Ingenious,199
1639,Inspiring,226
1639,Jaw-dropping,81
1639,Longwinded,164
1639,OK,48
1639,Obnoxious,152
1639,Persuasive,148
1639,Unconvincing,18
1640,Beautiful,20
1640,Confusing,8
1640,Courageous,13
1640,Fascinating,3
1640,Funny,10
1640,Informative,10
1640,Ingenious,9
1640,Inspiring,20
1640,Jaw-dropping,18
1640,OK,2
1640,Obnoxious,2
1640,Persuasive,18
1640,Unconvincing,10
1641,Beautiful,1929
1641,Confusing,238
1641,Courageous,1955
1641,Fascinating,3203
1641,Funny,2568
1641,Informative,1834
1641,Ingenious,2040
1641,Inspiring,550
1641,Jaw-dropping,1852
1641,Longwinded,2265
1641,OK,1670
1641,Obnoxious,109
1641,Persuasive,1784
1641,Unconvincing,350
1642,Beautiful,24
1642,Confusing,199
1642,Courageous,370
1642,Fascinating,305
1642,Funny,364
1642,Informative,238
1642,Ingenious,250
1642,Inspiring,209
1642,Jaw-dropping,326
1642,Longwinded,254
1642,OK,182
1642,Obnoxious,32
1642,Persuasive,358
1642,Unconvincing,9
1643,Beautiful,299
1643,Confusing,54
1643,Courageous,174
1643,Fascinating,169
1643,Funny,135
1643,Informative,110
1643,Ingenious,238
1643,Inspiring,173
1643,Jaw-dropping,295
1643,Longwinded,18
1643,OK,170
1643,Obnoxious,224
1643,Persuasive,210
1643,Unconvincing,152
1644,Beautiful,120
1644,Confusing,9
1644,Courageous,58
1644,Fascinating,18
1644,Funny,120
1644,Informative,59
1644,Ingenious,6
1644,Inspiring,108
1644,Jaw-dropping,47
1644,Longwinded,59
1644,OK,22
1644,Obnoxious,16
1644,Persuasive,97
1644,Unconvincing,30
1645,Beautiful,38
1645,Confusing,1
1645,Courageous,64
1645,Fascinating,74
1645,Funny,48
1645,Informative,78
1645,Ingenious,73
1645,Inspiring,69
1645,Jaw-dropping,84
1645,Longwinded,81
1645,OK,14
1645,Obnoxious,69
1645,Persuasive,78
1645,Unconvincing,1
1646,Beautiful,576
1646,Courageous,486
1646,Fascinating,270
1646,Funny,361
1646,Informative,585
1646,Ingenious,626
1646,Inspiring,525
1646,Jaw-dropping,424
1646,Longwinded,331
1646,OK,95
1646,Obnoxious,40
1646,Persuasive,416
1646,Unconvincing,241
1647,Beautiful,334
1647,Confusing,40
1647,Courageous,164
1647,Fascinating,458
1647,Funny,153
1647,Informative,290
1647,Ingenious,216
1647,Inspiring,433
1647,Jaw-dropping,481
1647,Longwinded,5
1647,OK,447
1647,Obnoxious,41
1647,Persuasive,481
1647,Unconvincing,334
1648,Beautiful,166
1648,Confusing,75
1648,Courageous,288
1648,Fascinating,410
1648,Funny,409
1648,Informative,136
1648,Ingenious,429
1648,Inspiring,353
1648,Jaw-dropping,439
1648,Longwinded,185
1648,OK,108
1648,Obnoxious,7
1648,Persuasive,237
1648,Unconvincing,177
1649,Beautiful,76
1649,Confusing,50
1649,Courageous,76
1649,Fascinating,58
1649,Funny,13
1649,Informative,63
1649,Ingenious,77
1649,Inspiring,56
1649,Jaw-dropping,26
1649,OK,4
1649,Persuasive,70
1649,Unconvincing,14
1650,Beautiful,304
1650,Confusing,118
1650,Courageous,371
1650,Fascinating,329
1650,Funny,336
1650,Informative,201
1650,Ingenious,329
1650,Inspiring,231
1650,Jaw-dropping,377
1650,Longwinded,311
1650,OK,34
1650,Obnoxious,134
1650,Persuasive,310
1650,Unconvincing,366
1651,Beautiful,351
1651,Confusing,82
1651,Courageous,747
1651,Fascinating,956
1651,Funny,891
1651,Informative,457
1651,Ingenious,864
1651,Inspiring,794
1651,Jaw-dropping,629
1651,Longwinded,550
1651,OK,383
1651,Obnoxious,826
1651,Persuasive,709
1651,Unconvincing,5
1652,Beautiful,172
1652,Confusing,2
1652,Courageous,134
1652,Fascinating,188
1652,Funny,185
1652,Informative,132
1652,Ingenious,127
1652,Inspiring,87
1652,Jaw-dropping,51
1652,Longwinded,159
1652,OK,60
1652,Obnoxious,2
1652,Persuasive,171
1652,Unconvincing,6
1653,Beautiful,91
1653,Confusing,107
1653,Courageous,49
1653,Fascinating,92
1653,Funny,149
1653,Informative,164
1653,Ingenious,121
1653,Inspiring,122
1653,Jaw-dropping,42
1653,Longwinded,141
1653,OK,100
1653,Obnoxious,62
1653,Persuasive,67
1653,Unconvincing,24
1654,Beautiful,33
1654,Confusing,1
1654,Courageous,39
1654,Fascinating,35
1654,Funny,42
1654,Informative,19
1654,Ingenious,24
1654,Inspiring,41
1654,Jaw-dropping,24
1654,Longwinded,2
1654,Obnoxious,22
1654,Persuasive,29
1654,Unconvincing,40
1655,Beautiful,83
1655,Confusing,22
1655,Courageous,46
1655,Fascinating,40
1655,Funny,53
1655,Informative,80
1655,Ingenious,67
1655,Inspiring,26
1655,Jaw-dropping,22
1655,Longwinded,9
1655,OK,1
1655,Obnoxious,82
1655,Persuasive,82
1655,Unconvincing,30
1656,Beautiful,72
1656,Confusing,24
1656,Courageous,76
1656,Fascinating,62
1656,Funny,62
1656,Informative,74
1656,Ingenious,86
1656,Inspiring,67
1656,Jaw-dropping,77
1656,Longwinded,47
1656,OK,8
1656,Obnoxious,25
1656,Persuasive,87
1656,Unconvincing,51
1657,Beautiful,106
1657,Confusing,76
1657,Courageous,51
1657,Fascinating,92
1657,Funny,154
1657,Informative,164
1657,Ingenious,61
1657,Inspiring,122
1657,Jaw-dropping,147
1657,Longwinded,12
1657,Obnoxious,109
1657,Persuasive,72
1657,Unconvincing,35
1658,Beautiful,16
1658,Confusing,11
1658,Courageous,12
1658,Fascinating,11
1658,Funny,22
1658,Informative,19
1658,Ingenious,17
1658,Inspiring,19
1658,Jaw-dropping,20
1658,Longwinded,2
1658,OK,1
1658,Persuasive,21
1658,Unconvincing,7
1659,Beautiful,2
1659,Confusing,6
1659,Courageous,5
1659,Fascinating,5
1659,Funny,3
1659,Informative,3
1659,Ingenious,6
1659,Inspiring,6
1659,Jaw-dropping,7
1659,OK,2
1659,Obnoxious,5
1659,Persuasive,6
1660,Beautiful,254
1660,Confusing,289
1660,Courageous,239
1660,Fascinating,256
1660,Funny,155
1660,Informative,184
1660,Ingenious,269
1660,Inspiring,90
1660,Jaw-dropping,304
1660,Longwinded,161
1660,Persuasive,227
1660,Unconvincing,288
1661,Beautiful,83
1661,Confusing,73
1661,Courageous,88
1661,Fascinating,40
1661,Funny,80
1661,Informative,99
1661,Ingenious,28
1661,Inspiring,80
1661,Jaw-dropping,26
1661,Longwinded,66
1661,OK,41
1661,Obnoxious,24
1661,Persuasive,22
1661,Unconvincing,46
1662,Beautiful,12
1662,Confusing,14
1662,Courageous,17
1662,Fascinating,11
1662,Funny,15
1662,Informative,3
1662,Ingenious,10
1662,Inspiring,12
1662,Jaw-dropping,9
1662,Longwinded,11
1662,OK,10
1662,Persuasive,7
1662,Unconvincing,11
1663,Beautiful,71
1663,Confusing,50
1663,Courageous,46
1663,Fascinating,77
1663,Funny,72
1663,Informative,74
1663,Ingenious,58
1663,Inspiring,48
1663,Jaw-dropping,60
1663,Longwinded,31
1663,OK,73
1663,Obnoxious,37
1663,Persuasive,86
1663,Unconvincing,14
1664,Beautiful,64
1664,Confusing,25
1664,Courageous,76
1664,Fascinating,103
1664,Funny,21
1664,Informative,90
1664,Ingenious,99
1664,Inspiring,101
1664,Jaw-dropping,99
1664,Longwinded,14
1664,OK,48
1664,Obnoxious,19
1664,Persuasive,48
1664,Unconvincing,41
1665,Beautiful,113
1665,Confusing,9
1665,Courageous,22
1665,Fascinating,94
1665,Funny,112
1665,Informative,115
1665,Ingenious,49
1665,Inspiring,18
1665,Jaw-dropping,67
1665,Longwinded,18
1665,OK,31
1665,Obnoxious,26
1665,Persuasive,80
1665,Unconvincing,49
1666,Beautiful,40
1666,Confusing,81
1666,Courageous,37
1666,Fascinating,70
1666,Funny,21
1666,Informative,74
1666,Ingenious,79
1666,Inspiring,65
1666,Jaw-dropping,38
1666,Longwinded,12
1666,OK,36
1666,Persuasive,37
1666,Unconvincing,61
1667,Beautiful,33
1667,Confusing,22
1667,Courageous,38
1667,Fascinating,27
1667,Funny,39
1667,Informative,19
1667,Ingenious,32
1667,Inspiring,23
1667,Jaw-dropping,28
1667,OK,25
1667,Persuasive,22
1667,Unconvincing,14
1668,Beautiful,23
1668,Confusing,40
1668,Courageous,60
1668,Fascinating,29
1668,Funny,67
1668,Informative,23
1668,Ingenious,16
1668,Inspiring,73
1668,Jaw-dropping,48
1668,Longwinded,12
1668,OK,6
1668,Persuasive,44
1669,Beautiful,71
1669,Confusing,68
1669,Courageous,52
1669,Fascinating,48
1669,Funny,83
1669,Informative,23
1669,Ingenious,18
1669,Inspiring,60
1669,Jaw-dropping,62
1669,Longwinded,17
1669,OK,18
1669,Obnoxious,31
1669,Persuasive,81
1669,Unconvincing,57
1670,Beautiful,10
1670,Confusing,21
1670,Courageous,50
1670,Fascinating,52
1670,Funny,28
1670,Informative,34
1670,Ingenious,54
1670,Inspiring,52
1670,Jaw-dropping,32
1670,OK,3
1670,Obnoxious,8
1670,Persuasive,53
1671,Beautiful,503
1671,Confusing,271
1671,Courageous,616
1671,Fascinating,313
1671,Funny,459
1671,Informative,382
1671,Ingenious,55
1671,Inspiring,608
1671,Jaw-dropping,451
1671,Longwinded,167
1671,OK,6
1671,Obnoxious,125
1671,Persuasive,345
1671,Unconvincing,197
1672,Beautiful,50
1672,Confusing,2
1672,Courageous,47
1672,Fascinating,46
1672,Funny,47
1672,Informative,42
1672,Ingenious,56
1672,Inspiring,10
1672,Jaw-dropping,56
1672,Longwinded,55
1672,OK,22
1672,Obnoxious,6
1672,Persuasive,47
1672,Unconvincing,31
1673,Beautiful,33
1673,Confusing,87
1673,Courageous,110
1673,Fascinating,69
1673,Funny,152
1673,Informative,141
1673,Ingenious,110
1673,Inspiring,151
1673,Jaw-dropping,148
1673,Longwinded,114
1673,OK,171
1673,Persuasive,174
1673,Unconvincing,60
1674,Beautiful,107
1674,Confusing,1
1674,Courageous,191
1674,Fascinating,66
1674,Funny,141
1674,Informative,149
1674,Ingenious,77
1674,Inspiring,187
1674,Jaw-dropping,82
1674,Longwinded,173
1674,OK,1
1674,Obnoxious,154
1674,Persuasive,182
1674,Unconvincing,21
1675,Beautiful,12
1675,Courageous,12
1675,Fascinating,23
1675,Funny,24
1675,Informative,8
1675,Ingenious,21
1675,Inspiring,5
1675,Jaw-dropping,12
1675,Longwinded,13
1675,OK,8
1675,Obnoxious,7
1675,Persuasive,18
1676,Beautiful,736
1676,Confusing,387
1676,Courageous,626
1676,Fascinating,940
1676,Funny,820
1676,Informative,676
1676,Ingenious,742
1676,Inspiring,539
1676,Jaw-dropping,826
1676,OK,822
1676,Obnoxious,162
1676,Persuasive,437
1676,Unconvincing,162
1677,Beautiful,18
1677,Courageous,20
1677,Fascinating,8
1677,Funny,14
1677,Informative,18
1677,Ingenious,2
1677,Inspiring,21
1677,Jaw-dropping,19
1677,OK,7
1677,Obnoxious,13
1677,Persuasive,14
1678,Beautiful,312
1678,Confusing,44
1678,Courageous,352
1678,Fascinating,194
1678,Funny,275
1678,Informative,123
1678,Ingenious,168
1678,Inspiring,329
1678,Jaw-dropping,306
1678,Longwinded,208
1678,OK,71
1678,Obnoxious,203
1678,Persuasive,351
1678,Unconvincing,86
1679,Beautiful,34
1679,Confusing,8
1679,Courageous,78
1679,Fascinating,98
1679,Funny,64
1679,Informative,65
1679,Ingenious,70
1679,Inspiring,126
1679,Jaw-dropping,84
1679,Longwinded,83
1679,OK,126
1679,Obnoxious,94
1679,Persuasive,127
1679,Unconvincing,1
1680,Beautiful,41
1680,Confusing,94
1680,Courageous,96
1680,Fascinating,82
1680,Funny,93
1680,Informative,67
1680,Ingenious,43
1680,Inspiring,72
1680,Jaw-dropping,20
1680,Longwinded,43
1680,OK,47
1680,Obnoxious,7
1680,Persuasive,41
1680,Unconvincing,14
1681,Beautiful,217
1681,Confusing,2
1681,Courageous,188
1681,Fascinating,51
1681,Funny,203
1681,Informative,244
1681,Ingenious,159
1681,Inspiring,215
1681,Jaw-dropping,192
1681,Longwinded,60
1681,OK,233
1681,Persuasive,157
1681,Unconvincing,57
1682,Beautiful,1352
1682,Confusing,786
1682,Courageous,813
1682,Fascinating,1253
1682,Funny,919
1682,Informative,1143
1682,Ingenious,989
1682,Inspiring,246
1682,Jaw-dropping,773
1682,Longwinded,99
1682,OK,2
1682,Obnoxious,38
1682,Persuasive,325
1682,Unconvincing,500
1683,Beautiful,82
1683,Confusing,102
1683,Courageous,33
1683,Fascinating,84
1683,Funny,101
1683,Informative,93
1683,Ingenious,39
1683,Inspiring,40
1683,Jaw-dropping,93
1683,Longwinded,2
1683,OK,86
1683,Obnoxious,64
1683,Persuasive,74
1683,Unconvincing,3
1684,Beautiful,57
1684,Confusing,28
1684,Courageous,30
1684,Fascinating,41
1684,Funny,43
1684,Informative,57
1684,Ingenious,10
1684,Inspiring,25
1684,Jaw-dropping,35
1684,Longwinded,38
1684,OK,30
1684,Obnoxious,11
1684,Persuasive,43
1685,Beautiful,12
1685,Courageous,27
1685,Fascinating,75
1685,Funny,58
1685,Informative,49
1685,Ingenious,88
1685,Inspiring,76
1685,Jaw-dropping,60
1685,Longwinded,2
1685,OK,3
1685,Obnoxious,2
1685,Persuasive,61
1685,Unconvincing,16
1686,Beautiful,373
1686,Courageous,199
1686,Fascinating,325
1686,Funny,416
1686,Informative,361
1686,Ingenious,240
1686,Inspiring,288
1686,Jaw-dropping,326
1686,Longwinded,34
1686,OK,146
1686,Obnoxious,25
1686,Persuasive,346
1686,Unconvincing,313
1687,Beautiful,301
1687,Confusing,259
1687,Courageous,311
1687,Fascinating,255
1687,Funny,339
1687,Informative,374
1687,Ingenious,605
1687,Inspiring,522
1687,Jaw-dropping,373
1687,Longwinded,19
1687,OK,15
1687,Obnoxious,1
1687,Persuasive,283
1687,Unconvincing,45
1688,Beautiful,195
1688,Confusing,7
1688,Courageous,569
1688,Fascinating,763
1688,Funny,479
1688,Informative,396
1688,Ingenious,376
1688,Inspiring,461
1688,Jaw-dropping,779
1688,Longwinded,5
1688,OK,10
1688,Obnoxious,192
1688,Persuasive,624
1688,Unconvincing,541
1689,Beautiful,56
1689,Confusing,103
1689,Courageous,86
1689,Fascinating,117
1689,Funny,116
1689,Informative,123
1689,Ingenious,79
1689,Inspiring,43
1689,Jaw-dropping,116
1689,Longwinded,86
1689,OK,62
1689,Obnoxious,105
1689,Persuasive,98
1689,Unconvincing,38
1690,Beautiful,74
1690,Confusing,71
1690,Courageous,127
1690,Fascinating,87
1690,Funny,154
1690,Informative,109
1690,Ingenious,103
1690,Inspiring,126
1690,Jaw-dropping,142
1690,Longwinded,57
1690,OK,87
1690,Obnoxious,6
1690,Persuasive,114
1690,Unconvincing,13
1691,Beautiful,26
1691,Confusing,23
1691,Courageous,22
1691,Fascinating,28
1691,Funny,10
1691,Informative,11
1691,Ingenious,21
1691,Inspiring,21
1691,Jaw-dropping,18
1691,OK,2
1691,Persuasive,22
1691,Unconvincing,27
1692,Beautiful,9
1692,Courageous,2
1692,Fascinating,11
1692,Funny,10
1692,Informative,6
1692,Ingenious,8
1692,Inspiring,11
1692,Jaw-dropping,10
1692,Obnoxious,1
1692,Unconvincing,1
1693,Beautiful,1178
1693,Confusing,295
1693,Courageous,1163
1693,Fascinating,323
1693,Funny,848
1693,Informative,1205
1693,Ingenious,821
1693,Inspiring,518
1693,Jaw-dropping,1234
1693,Longwinded,18
1693,OK,346
1693,Obnoxious,147
1693,Persuasive,572
1693,Unconvincing,914
1694,Beautiful,359
1694,Confusing,14
1694,Courageous,134
1694,Fascinating,790
1694,Funny,850
1694,Informative,56
1694,Ingenious,535
1694,Inspiring,810
1694,Jaw-dropping,360
1694,Longwinded,331
1694,OK,600
1694,Obnoxious,112
1694,Persuasive,609
1694,Unconvincing,13
1695,Beautiful,31
1695,Confusing,32
1695,Courageous,44
1695,Fascinating,48
1695,Funny,23
1695,Informative,37
1695,Ingenious,47
1695,Inspiring,47
1695,Jaw-dropping,41
1695,Longwinded,3
1695,OK,19
1695,Obnoxious,3
1695,Persuasive,18
1696,Beautiful,29
1696,Confusing,10
1696,Courageous,21
1696,Fascinating,32
1696,Funny,28
1696,Informative,32
1696,Ingenious,6
1696,Inspiring,15
1696,Jaw-dropping,21
1696,Longwinded,1
1696,OK,28
1696,Obnoxious,8
1696,Persuasive,27
1696,Unconvincing,2
1697,Beautiful,88
1697,Confusing,23
1697,Courageous,78
1697,Fascinating,79
1697,Funny,97
1697,Informative,74
1697,Ingenious,34
1697,Inspiring,59
1697,Jaw-dropping,102
1697,Longwinded,67
1697,OK,15
1697,Obnoxious,20
1697,Persuasive,78
1697,Unconvincing,35
1698,Beautiful,174
1698,Confusing,138
1698,Courageous,167
1698,Fascinating,136
1698,Funny,38
1698,Informative,169
1698,Ingenious,142
1698,Inspiring,47
1698,Jaw-dropping,166
1698,Longwinded,162
1698,OK,41
1698,Persuasive,102
1698,Unconvincing,122
1699,Beautiful,270
1699,Confusing,59
1699,Courageous,270
1699,Fascinating,180
1699,Funny,321
1699,Informative,327
1699,Ingenious,374
1699,Inspiring,130
1699,Jaw-dropping,201
1699,Longwinded,130
1699,OK,113
1699,Obnoxious,36
1699,Persuasive,371
1699,Unconvincing,14
1700,Beautiful,4
1700,Courageous,6
1700,Fascinating,4
1700,Funny,8
1700,Informative,5
1700,Ingenious,11
1700,Inspiring,10
1700,Jaw-dropping,10
1700,Longwinded,10
1700,OK,1
1700,Persuasive,9
1700,Unconvincing,7
1701,Beautiful,35
1701,Confusing,119
1701,Courageous,76
1701,Fascinating,156
1701,Funny,188
1701,Informative,98
1701,Ingenious,160
1701,Inspiring,52
1701,Jaw-dropping,187
1701,Longwinded,2
1701,OK,185
1701,Obnoxious,35
1701,Persuasive,186
1701,Unconvincing,35
1702,Beautiful,32
1702,Confusing,15
1702,Courageous,64
1702,Fascinating,67
1702,Funny,65
1702,Informative,55
1702,Ingenious,32
1702,Inspiring,50
1702,Jaw-dropping,41
1702,Longwinded,15
1702,OK,53
1702,Persuasive,59
1702,Unconvincing,56
1703,Beautiful,77
1703,Confusing,81
1703,Courageous,72
1703,Fascinating,120
1703,Funny,118
1703,Informative,133
1703,Ingenious,157
1703,Inspiring,109
1703,Jaw-dropping,68
1703,Longwinded,16
1703,OK,142
1703,Obnoxious,14
1703,Persuasive,130
1703,Unconvincing,16
1704,Beautiful,24
1704,Confusing,2
1704,Courageous,25
1704,Fascinating,25
1704,Funny,48
1704,Informative,28
1704,Ingenious,33
1704,Inspiring,28
1704,Jaw-dropping,27
1704,Longwinded,2
1704,OK,4
1704,Obnoxious,18
1704,Persuasive,27
1704,Unconvincing,27
1705,Beautiful,7
1705,Confusing,7
1705,Courageous,19
1705,Fascinating,19
1705,Funny,10
1705,Informative,7
1705,Ingenious,20
1705,Inspiring,23
1705,Jaw-dropping,23
1705,Longwinded,3
1705,OK,7
1705,Obnoxious,5
1705,Persuasive,9
1705,Unconvincing,10
1706,Beautiful,36
1706,Confusing,17
1706,Courageous,38
1706,Fascinating,35
1706,Funny,21
1706,Informative,33
1706,Ingenious,38
1706,Inspiring,13
1706,Jaw-dropping,15
1706,Longwinded,19
1706,Obnoxious,25
1706,Persuasive,28
1706,Unconvincing,4
1707,Beautiful,61
1707,Confusing,2
1707,Courageous,93
1707,Fascinating,131
1707,Funny,45
1707,Informative,89
1707,Ingenious,73
1707,Inspiring,26
1707,Jaw-dropping,113
1707,Longwinded,52
1707,OK,1
1707,Obnoxious,2
1707,Persuasive,107
1707,Unconvincing,133
1708,Beautiful,13
1708,Confusing,1
1708,Courageous,15
1708,Fascinating,14
1708,Funny,16
1708,Informative,14
1708,Ingenious,13
1708,Inspiring,14
1708,Jaw-dropping,6
1708,Longwinded,10
1708,OK,2
1708,Persuasive,7
1708,Unconvincing,7
1709,Beautiful,24
1709,Confusing,4
1709,Courageous,92
1709,Fascinating,119
1709,Funny,129
1709,Informative,97
1709,Ingenious,92
1709,Inspiring,36
1709,Jaw-dropping,88
1709,Longwinded,40
1709,Obnoxious,133
1709,Persuasive,104
1710,Beautiful,2
1710,Courageous,2
1710,Fascinating,2
1710,Funny,1
1710,Informative,2
1710,Jaw-dropping,2
1710,OK,1
1710,Obnoxious,2
1710,Persuasive,2
1710,Unconvincing,2
1711,Beautiful,98
1711,Confusing,45
1711,Courageous,275
1711,Fascinating,229
1711,Funny,179
1711,Informative,168
1711,Ingenious,221
1711,Inspiring,150
1711,Jaw-dropping,160
1711,Longwinded,47
1711,OK,17
1711,Obnoxious,120
1711,Persuasive,236
1711,Unconvincing,73
1712,Beautiful,223
1712,Confusing,101
1712,Courageous,67
1712,Fascinating,168
1712,Funny,245
1712,Informative,133
1712,Ingenious,162
1712,Inspiring,154
1712,Jaw-dropping,146
1712,Longwinded,2
1712,OK,28
1712,Persuasive,203
1712,Unconvincing,150
1713,Beautiful,704
1713,Confusing,190
1713,Courageous,1028
1713,Fascinating,502
1713,Funny,240
1713,Informative,657
1713,Ingenious,1155
1713,Inspiring,629
1713,Jaw-dropping,1076
1713,Longwinded,543
1713,OK,881
1713,Obnoxious,542
1713,Persuasive,337
1713,Unconvincing,205
1714,Beautiful,142
1714,Confusing,53
1714,Courageous,116
1714,Fascinating,141
1714,Funny,150
1714,Informative,121
1714,Ingenious,108
1714,Inspiring,161
1714,Jaw-dropping,83
1714,Longwinded,114
1714,OK,2
1714,Obnoxious,2
1714,Persuasive,132
1714,Unconvincing,51
1715,Beautiful,308
1715,Confusing,535
1715,Courageous,648
1715,Fascinating,406
1715,Funny,377
1715,Informative,386
1715,Ingenious,483
1715,Inspiring,562
1715,Jaw-dropping,586
1715,Longwinded,196
1715,OK,621
1715,Obnoxious,189
1715,Persuasive,278
1715,Unconvincing,94
1716,Beautiful,30
1716,Confusing,1
1716,Courageous,26
1716,Fascinating,49
1716,Funny,32
1716,Informative,40
1716,Ingenious,44
1716,Inspiring,39
1716,Jaw-dropping,47
1716,Longwinded,11
1716,OK,13
1716,Obnoxious,41
1716,Persuasive,65
1716,Unconvincing,14
1717,Beautiful,34
1717,Confusing,7
1717,Courageous,24
1717,Fascinating,22
1717,Funny,22
1717,Informative,33
1717,Ingenious,30
1717,Inspiring,30
1717,Jaw-dropping,17
1717,OK,9
1717,Obnoxious,4
1717,Persuasive,27
1717,Unconvincing,13
1718,Beautiful,128
1718,Confusing,5
1718,Courageous,479
1718,Fascinating,37
1718,Funny,175
1718,Informative,429
1718,Ingenious,532
1718,Inspiring,257
1718,Jaw-dropping,416
1718,Longwinded,205
1718,OK,206
1718,Obnoxious,6
1718,Persuasive,517
1718,Unconvincing,224
1719,Beautiful,18
1719,Confusing,1
1719,Courageous,19
1719,Fascinating,20
1719,Funny,10
1719,Informative,20
1719,Ingenious,14
1719,Inspiring,23
1719,Jaw-dropping,23
1719,Obnoxious,8
1719,Persuasive,18
1719,Unconvincing,11
1720,Beautiful,15
1720,Confusing,49
1720,Courageous,43
1720,Fascinating,49
1720,Funny,56
1720,Informative,67
1720,Ingenious,73
1720,Inspiring,25
1720,Jaw-dropping,71
1720,Longwinded,20
1720,Obnoxious,7
1720,Persuasive,79
1720,Unconvincing,5
1721,Beautiful,44
1721,Confusing,84
1721,Courageous,137
1721,Fascinating,195
1721,Funny,194
1721,Informative,211
1721,Ingenious,185
1721,Inspiring,118
1721,Jaw-dropping,82
1721,Longwinded,138
1721,OK,82
1721,Persuasive,113
1721,Unconvincing,13
1722,Beautiful,670
1722,Confusing,21
1722,Courageous,609
1722,Fascinating,393
1722,Funny,506
1722,Informative,89
1722,Ingenious,434
1722,Inspiring,504
1722,Jaw-dropping,674
1722,Longwinded,390
1722,OK,324
1722,Obnoxious,371
1722,Persuasive,620
1722,Unconvincing,34
1723,Beautiful,45
1723,Confusing,7
1723,Courageous,138
1723,Fascinating,213
1723,Funny,191
1723,Informative,232
1723,Ingenious,146
1723,Inspiring,184
1723,Jaw-dropping,215
1723,OK,55
1723,Obnoxious,48
1723,Persuasive,52
1723,Unconvincing,177
1724,Beautiful,11
1724,Confusing,46
1724,Courageous,57
1724,Fascinating,51
1724,Funny,48
1724,Informative,24
1724,Ingenious,27
1724,Inspiring,19
1724,Jaw-dropping,54
1724,Longwinded,25
1724,OK,7
1724,Obnoxious,4
1724,Persuasive,58
1724,Unconvincing,15
1725,Beautiful,25
1725,Confusing,33
1725,Courageous,6
1725,Fascinating,46
1725,Funny,49
1725,Informative,1
1725,Ingenious,37
1725,Inspiring,44
1725,Jaw-dropping,47
1725,Longwinded,31
1725,OK,31
1725,Obnoxious,21
1725,Persuasive,38
1726,Beautiful,82
1726,Courageous,39
1726,Fascinating,77
1726,Funny,48
1726,Informative,45
1726,Ingenious,83
1726,Inspiring,56
1726,Jaw-dropping,53
1726,Longwinded,39
1726,OK,61
1726,Obnoxious,81
1726,Persuasive,20
1726,Unconvincing,10
1727,Beautiful,5
1727,Confusing,3
1727,Courageous,4
1727,Fascinating,2
1727,Funny,5
1727,Informative,5
1727,Ingenious,2
1727,Inspiring,4
1727,Jaw-dropping,5
1727,Longwinded,1
1727,Obnoxious,3
1727,Persuasive,4
1727,Unconvincing,5
1728,Beautiful,77
1728,Confusing,90
1728,Courageous,101
1728,Fascinating,72
1728,Funny,82
1728,Informative,14
1728,Ingenious,23
1728,Inspiring,107
1728,Jaw-dropping,52
1728,Longwinded,53
1728,OK,45
1728,Obnoxious,80
1728,Persuasive,64
1728,Unconvincing,23
1729,Beautiful,13
1729,Confusing,13
1729,Courageous,12
1729,Fascinating,2
1729,Funny,13
1729,Informative,14
1729,Ingenious,10
1729,Inspiring,14
1729,Jaw-dropping,12
1729,Longwinded,1
1729,Obnoxious,14
1729,Persuasive,12
1729,Unconvincing,1
1730,Beautiful,42
1730,Confusing,4
1730,Courageous,58
1730,Fascinating,43
1730,Funny,67
1730,Informative,26
1730,Ingenious,63
1730,Inspiring,51
1730,Jaw-dropping,25
1730,Longwinded,35
1730,OK,26
1730,Obnoxious,1
1730,Persuasive,34
1731,Beautiful,172
1731,Courageous,110
1731,Fascinating,143
1731,Funny,207
1731,Informative,211
1731,Ingenious,169
1731,Inspiring,66
1731,Jaw-dropping,42
1731,Longwinded,17
1731,OK,211
1731,Persuasive,220
1731,Unconvincing,51
1732,Beautiful,7
1732,Confusing,11
1732,Courageous,10
1732,Fascinating,14
1732,Funny,14
1732,Informative,10
1732,Ingenious,15
1732,Inspiring,8
1732,Jaw-dropping,18
1732,Longwinded,1
1732,OK,2
1732,Obnoxious,10
1732,Persuasive,16
1732,Unconvincing,3
1733,Beautiful,582
1733,Confusing,31
1733,Courageous,656
1733,Fascinating,581
1733,Funny,531
1733,Informative,821
1733,Ingenious,856
1733,Inspiring,849
1733,Jaw-dropping,691
1733,Longwinded,296
1733,OK,1
1733,Obnoxious,300
1733,Persuasive,580
1733,Unconvincing,872
1734,Beautiful,20
1734,Courageous,31
1734,Fascinating,24
1734,Funny,29
1734,Informative,27
1734,Ingenious,29
1734,Inspiring,26
1734,Jaw-dropping,18
1734,Longwinded,7
1734,OK,24
1734,Obnoxious,31
1734,Persuasive,17
1734,Unconvincing,1
1735,Beautiful,61
1735,Confusing,127
1735,Courageous,171
1735,Fascinating,211
1735,Funny,241
1735,Informative,288
1735,Ingenious,190
1735,Inspiring,212
1735,Jaw-dropping,137
1735,Longwinded,90
1735,OK,27
1735,Obnoxious,83
1735,Persuasive,190
1735,Unconvincing,290
1736,Beautiful,11
1736,Confusing,1
1736,Courageous,26
1736,Fascinating,21
1736,Funny,30
1736,Informative,23
1736,Ingenious,28
1736,Inspiring,16
1736,Jaw-dropping,29
1736,Longwinded,13
1736,OK,8
1736,Obnoxious,18
1736,Persuasive,15
1736,Unconvincing,12
1737,Beautiful,152
1737,Confusing,41
1737,Courageous,213
1737,Fascinating,409
1737,Funny,81
1737,Informative,398
1737,Ingenious,350
1737,Inspiring,178
1737,Jaw-dropping,303
1737,Longwinded,34
1737,OK,30
1737,Obnoxious,2
1737,Persuasive,48
1737,Unconvincing,91
1738,Beautiful,72
1738,Confusing,92
1738,Courageous,103
1738,Fascinating,118
1738,Funny,48
1738,Informative,120
1738,Ingenious,78
1738,Inspiring,87
1738,Jaw-dropping,47
1738,Obnoxious,68
1738,Persuasive,101
1738,Unconvincing,122
1739,Beautiful,258
1739,Confusing,175
1739,Courageous,352
1739,Fascinating,423
1739,Funny,378
1739,Informative,102
1739,Ingenious,260
1739,Inspiring,295
1739,Jaw-dropping,214
1739,Longwinded,151
1739,OK,210
1739,Obnoxious,10
1739,Persuasive,285
1739,Unconvincing,63
1740,Beautiful,79
1740,Confusing,96
1740,Courageous,191
1740,Fascinating,113
1740,Funny,187
1740,Informative,113
1740,Ingenious,82
1740,Inspiring,125
1740,Jaw-dropping,166
1740,Longwinded,4
1740,OK,1
1740,Obnoxious,99
1740,Persuasive,141
1740,Unconvincing,1
1741,Beautiful,53
1741,Confusing,3
1741,Courageous,57
1741,Fascinating,20
1741,Funny,76
1741,Informative,78
1741,Ingenious,99
1741,Inspiring,60
1741,Jaw-dropping,68
1741,Longwinded,37
1741,OK,66
1741,Persuasive,57
1741,Unconvincing,46
1742,Beautiful,35
1742,Confusing,3
1742,Courageous,50
1742,Fascinating,44
1742,Funny,34
1742,Informative,55
1742,Ingenious,19
1742,Inspiring,29
1742,Jaw-dropping,15
1742,Obnoxious,4
1742,Persuasive,48
1742,Unconvincing,15
1743,Beautiful,48
1743,Confusing,2
1743,Courageous,39
1743,Fascinating,41
1743,Funny,40
1743,Informative,25
1743,Ingenious,45
1743,Inspiring,32
1743,Jaw-dropping,39
1743,Longwinded,3
1743,OK,2
1743,Obnoxious,6
1743,Persuasive,24
1743,Unconvincing,27
1744,Beautiful,159
1744,Confusing,17
1744,Courageous,116
1744,Fascinating,204
1744,Funny,120
1744,Informative,159
1744,Ingenious,229
1744,Inspiring,206
1744,Jaw-dropping,249
1744,Longwinded,157
1744,OK,23
1744,Obnoxious,29
1744,Persuasive,262
1744,Unconvincing,125
1745,Beautiful,16
1745,Courageous,14
1745,Fascinating,39
1745,Funny,32
1745,Informative,43
1745,Ingenious,39
1745,Inspiring,35
1745,Jaw-dropping,34
1745,OK,13
1745,Obnoxious,3
1745,Persuasive,25
1745,Unconvincing,10
1746,Beautiful,45
1746,Confusing,29
1746,Courageous,28
1746,Fascinating,42
1746,Funny,29
1746,Informative,24
1746,Ingenious,4
1746,Inspiring,39
1746,Jaw-dropping,35
1746,OK,32
1746,Obnoxious,28
1746,Persuasive,23
1747,Beautiful,64
1747,Confusing,1
1747,Courageous,31
1747,Fascinating,74
1747,Funny,66
1747,Informative,58
1747,Ingenious,72
1747,Inspiring,52
1747,Jaw-dropping,47
1747,Longwinded,3
1747,Obnoxious,6
1747,Persuasive,56
1748,Beautiful,16
1748,Confusing,22
1748,Courageous,8
1748,Fascinating,16
1748,Funny,18
1748,Informative,11
1748,Ingenious,30
1748,Inspiring,20
1748,Jaw-dropping,26
1748,Longwinded,15
1748,OK,18
1748,Persuasive,12
1748,Unconvincing,32
1749,Beautiful,163
1749,Confusing,6
1749,Courageous,135
1749,Fascinating,180
1749,Funny,109
1749,Informative,252
1749,Ingenious,166
1749,Inspiring,66
1749,Jaw-dropping,99
1749,Longwinded,18
1749,OK,114
1749,Obnoxious,189
1749,Persuasive,166
1749,Unconvincing,69
1750,Beautiful,145
1750,Confusing,153
1750,Courageous,248
1750,Fascinating,152
1750,Funny,226
1750,Informative,227
1750,Ingenious,241
1750,Inspiring,241
1750,Jaw-dropping,225
1750,Longwinded,172
1750,OK,17
1750,Obnoxious,105
1750,Persuasive,123
1750,Unconvincing,249
1751,Beautiful,90
1751,Confusing,12
1751,Courageous,93
1751,Fascinating,56
1751,Funny,100
1751,Informative,47
1751,Ingenious,101
1751,Inspiring,78
1751,Jaw-dropping,43
1751,Longwinded,14
1751,OK,61
1751,Obnoxious,55
1751,Persuasive,76
1751,Unconvincing,19
1752,Beautiful,53
1752,Confusing,14
1752,Courageous,69
1752,Fascinating,22
1752,Funny,29
1752,Informative,31
1752,Ingenious,77
1752,Inspiring,78
1752,Jaw-dropping,100
1752,Longwinded,53
1752,Obnoxious,9
1752,Persuasive,42
1753,Beautiful,318
1753,Confusing,53
1753,Courageous,146
1753,Fascinating,269
1753,Funny,83
1753,Informative,195
1753,Ingenious,135
1753,Inspiring,200
1753,Jaw-dropping,287
1753,Longwinded,57
1753,OK,153
1753,Obnoxious,145
1753,Persuasive,191
1753,Unconvincing,188
1754,Beautiful,161
1754,Confusing,12
1754,Courageous,192
1754,Fascinating,169
1754,Funny,201
1754,Informative,193
1754,Ingenious,222
1754,Inspiring,30
1754,Jaw-dropping,187
1754,Longwinded,96
1754,OK,77
1754,Obnoxious,148
1754,Persuasive,143
1754,Unconvincing,164
1755,Beautiful,62
1755,Confusing,9
1755,Courageous,35
1755,Fascinating,94
1755,Funny,36
1755,Informative,83
1755,Ingenious,90
1755,Inspiring,96
1755,Jaw-dropping,77
1755,Longwinded,41
1755,OK,66
1755,Obnoxious,93
1755,Persuasive,52
1756,Beautiful,30
1756,Confusing,5
1756,Courageous,47
1756,Fascinating,45
1756,Funny,40
1756,Informative,44
1756,Ingenious,44
1756,Inspiring,36
1756,Jaw-dropping,38
1756,OK,32
1756,Obnoxious,27
1756,Persuasive,34
1756,Unconvincing,19
1757,Beautiful,68
1757,Courageous,32
1757,Fascinating,44
1757,Funny,71
1757,Informative,45
1757,Ingenious,69
1757,Inspiring,79
1757,Jaw-dropping,62
1757,OK,1
1757,Obnoxious,63
1757,Persuasive,47
1757,Unconvincing,26
1758,Beautiful,67
1758,Confusing,3
1758,Courageous,37
1758,Fascinating,26
1758,Funny,43
1758,Informative,34
1758,Ingenious,51
1758,Inspiring,58
1758,Jaw-dropping,66
1758,Longwinded,53
1758,OK,54
1758,Obnoxious,15
1758,Persuasive,21
1758,Unconvincing,54
1759,Beautiful,60
1759,Confusing,13
1759,Courageous,43
1759,Fascinating,76
1759,Funny,63
1759,Informative,26
1759,Ingenious,22
1759,Inspiring,66
1759,Jaw-dropping,50
1759,Longwinded,1
1759,OK,6
1759,Persuasive,70
1759,Unconvincing,19
1760,Beautiful,76
1760,Confusing,88
1760,Courageous,51
1760,Fascinating,88
1760,Funny,43
1760,Informative,100
1760,Ingenious,67
1760,Inspiring,112
1760,Jaw-dropping,73
1760,Longwinded,56
1760,Obnoxious,60
1760,Persuasive,85
1760,Unconvincing,42
1761,Beautiful,93
1761,Confusing,1
1761,Courageous,182
1761,Fascinating,196
1761,Funny,216
1761,Informative,213
1761,Ingenious,134
1761,Inspiring,82
1761,Jaw-dropping,152
1761,Longwinded,184
1761,OK,17
1761,Obnoxious,31
1761,Persuasive,61
1761,Unconvincing,194
1762,Beautiful,27
1762,Courageous,9
1762,Fascinating,72
1762,Funny,3
1762,Informative,77
1762,Ingenious,41
1762,Inspiring,72
1762,Jaw-dropping,66
1762,Longwinded,7
1762,OK,5
1762,Obnoxious,7
1762,Persuasive,33
1762,Unconvincing,54
1763,Beautiful,49
1763,Confusing,53
1763,Courageous,27
1763,Fascinating,90
1763,Funny,54
1763,Informative,86
1763,Ingenious,123
1763,Inspiring,123
1763,Jaw-dropping,78
1763,OK,41
1763,Obnoxious,1
1763,Persuasive,125
1763,Unconvincing,111
1764,Beautiful,8
1764,Confusing,9
1764,Courageous,10
1764,Fascinating,11
1764,Funny,7
1764,Informative,5
1764,Ingenious,3
1764,Inspiring,7
1764,Longwinded,1
1764,OK,2
1764,Obnoxious,8
1764,Persuasive,11
1764,Unconvincing,10
1765,Beautiful,18
1765,Courageous,32
1765,Fascinating,40
1765,Funny,25
1765,Informative,24
1765,Ingenious,17
1765,Inspiring,43
1765,Jaw-dropping,33
1765,Longwinded,5
1765,OK,17
1765,Obnoxious,14
1765,Persuasive,26
1765,Unconvincing,1
1766,Beautiful,8
1766,Confusing,48
1766,Courageous,41
1766,Fascinating,43
1766,Funny,45
1766,Informative,40
1766,Ingenious,33
1766,Inspiring,50
1766,Jaw-dropping,41
1766,Longwinded,53
1766,Obnoxious,4
1766,Persuasive,56
1766,Unconvincing,1
1767,Beautiful,72
1767,Courageous,76
1767,Fascinating,133
1767,Funny,109
1767,Informative,150
1767,Ingenious,133
1767,Inspiring,60
1767,Jaw-dropping,152
1767,Longwinded,115
1767,Persuasive,145
1767,Unconvincing,63
1768,Beautiful,61
1768,Confusing,22
1768,Courageous,30
1768,Fascinating,59
1768,Funny,42
1768,Informative,78
1768,Ingenious,52
1768,Inspiring,92
1768,Jaw-dropping,96
1768,Longwinded,18
1768,OK,8
1768,Obnoxious,1
1768,Persuasive,29
1768,Unconvincing,4
1769,Beautiful,64
1769,Confusing,25
1769,Courageous,55
1769,Fascinating,68
1769,Funny,20
1769,Informative,68
1769,Ingenious,62
1769,Inspiring,49
1769,Jaw-dropping,60
1769,Longwinded,5
1769,OK,6
1769,Obnoxious,37
1769,Persuasive,41
1769,Unconvincing,47
1770,Beautiful,21
1770,Courageous,37
1770,Fascinating,35
1770,Funny,43
1770,Informative,48
1770,Ingenious,31
1770,Inspiring,28
1770,Jaw-dropping,18
1770,Longwinded,37
1770,Obnoxious,6
1770,Persuasive,37
1770,Unconvincing,1
1771,Beautiful,14
1771,Confusing,14
1771,Courageous,15
1771,Fascinating,20
1771,Funny,7
1771,Informative,10
1771,Ingenious,17
1771,Inspiring,13
1771,Jaw-dropping,17
1771,Longwinded,4
1771,Persuasive,18
1771,Unconvincing,20
1772,Beautiful,36
1772,Courageous,32
1772,Fascinating,33
1772,Funny,39
1772,Informative,35
1772,Ingenious,25
1772,Inspiring,20
1772,Jaw-dropping,16
1772,Longwinded,11
1772,OK,3
1772,Obnoxious,32
1772,Persuasive,10
1772,Unconvincing,7
1773,Beautiful,66
1773,Confusing,125
1773,Courageous,125
1773,Fascinating,54
1773,Funny,111
1773,Informative,69
1773,Ingenious,127
1773,Inspiring,99
1773,Jaw-dropping,64
1773,Longwinded,93
1773,OK,107
1773,Obnoxious,9
1773,Persuasive,112
1773,Unconvincing,32
1774,Beautiful,17
1774,Confusing,11
1774,Courageous,39
1774,Fascinating,43
1774,Funny,41
1774,Informative,21
1774,Ingenious,43
1774,Inspiring,48
1774,Jaw-dropping,28
1774,Longwinded,4
1774,OK,9
1774,Obnoxious,17
1774,Persuasive,7
1774,Unconvincing,23
1775,Beautiful,56
1775,Courageous,61
1775,Fascinating,77
1775,Funny,79
1775,Informative,49
1775,Ingenious,39
1775,Inspiring,59
1775,Jaw-dropping,68
1775,Longwinded,87
1775,OK,78
1775,Persuasive,48
1775,Unconvincing,19
1776,Beautiful,65
1776,Confusing,55
1776,Courageous,348
1776,Fascinating,288
1776,Funny,316
1776,Informative,240
1776,Ingenious,255
1776,Inspiring,353
1776,Jaw-dropping,171
1776,Longwinded,2
1776,OK,54
1776,Obnoxious,6
1776,Persuasive,295
1776,Unconvincing,7
1777,Beautiful,70
1777,Confusing,3
1777,Courageous,65
1777,Fascinating,54
1777,Funny,68
1777,Informative,69
1777,Ingenious,30
1777,Inspiring,48
1777,Jaw-dropping,57
1777,Longwinded,12
1777,OK,12
1777,Obnoxious,22
1777,Persuasive,66
1777,Unconvincing,65
1778,Beautiful,382
1778,Confusing,512
1778,Courageous,437
1778,Fascinating,449
1778,Funny,350
1778,Informative,479
1778,Ingenious,81
1778,Inspiring,222
1778,Jaw-dropping,262
1778,Longwinded,1
1778,OK,62
1778,Obnoxious,122
1778,Persuasive,471
1779,Beautiful,86
1779,Confusing,25
1779,Courageous,132
1779,Fascinating,72
1779,Funny,48
1779,Informative,103
1779,Ingenious,128
1779,Inspiring,117
1779,Jaw-dropping,43
1779,Longwinded,1
1779,OK,5
1779,Obnoxious,123
1779,Persuasive,87
1779,Unconvincing,64
1780,Beautiful,46
1780,Confusing,103
1780,Courageous,65
1780,Fascinating,168
1780,Funny,184
1780,Informative,204
1780,Ingenious,178
1780,Inspiring,210
1780,Jaw-dropping,100
1780,Longwinded,52
1780,OK,34
1780,Obnoxious,118
1780,Persuasive,164
1780,Unconvincing,31
1781,Beautiful,584
1781,Confusing,569
1781,Courageous,525
1781,Fascinating,668
1781,Funny,620
1781,Informative,503
1781,Ingenious,522
1781,Inspiring,646
1781,Jaw-dropping,205
1781,Longwinded,61
1781,OK,4
1781,Persuasive,467
1781,Unconvincing,57
1782,Beautiful,146
1782,Confusing,76
1782,Courageous,552
1782,Fascinating,699
1782,Funny,701
1782,Informative,187
1782,Ingenious,525
1782,Inspiring,703
1782,Jaw-dropping,668
1782,Longwinded,27
1782,OK,20
1782,Obnoxious,5
1782,Persuasive,226
1782,Unconvincing,139
1783,Beautiful,25
1783,Confusing,26
1783,Courageous,15
1783,Fascinating,28
1783,Funny,24
1783,Informative,22
1783,Ingenious,18
1783,Inspiring,28
1783,Jaw-dropping,29
1783,Obnoxious,2
1783,Persuasive,12
1783,Unconvincing,19
1784,Beautiful,9
1784,Confusing,29
1784,Courageous,29
1784,Fascinating,7
1784,Funny,28
1784,Informative,21
1784,Ingenious,19
1784,Inspiring,14
1784,Jaw-dropping,17
1784,Longwinded,18
1784,OK,5
1784,Obnoxious,7
1784,Persuasive,16
1785,Beautiful,176
1785,Confusing,193
1785,Courageous,84
1785,Fascinating,192
1785,Funny,219
1785,Informative,191
1785,Ingenious,77
1785,Inspiring,184
1785,Jaw-dropping,94
1785,Longwinded,190
1785,OK,29
1785,Obnoxious,5
1785,Persuasive,73
1785,Unconvincing,157
1786,Beautiful,101
1786,Confusing,1
1786,Courageous,77
1786,Fascinating,70
1786,Funny,34
1786,Informative,93
1786,Ingenious,38
1786,Inspiring,85
1786,Jaw-dropping,91
1786,Longwinded,59
1786,OK,18
1786,Persuasive,71
1786,Unconvincing,3
1787,Beautiful,48
1787,Confusing,2
1787,Courageous,60
1787,Fascinating,80
1787,Funny,35
1787,Informative,68
1787,Ingenious,45
1787,Inspiring,82
1787,Jaw-dropping,68
1787,Longwinded,5
1787,Obnoxious,4
1787,Persuasive,81
1787,Unconvincing,14
1788,Beautiful,26
1788,Confusing,19
1788,Courageous,8
1788,Fascinating,26
1788,Funny,22
1788,Informative,19
1788,Ingenious,25
1788,Inspiring,3
1788,Jaw-dropping,24
1788,OK,12
1788,Obnoxious,11
1788,Persuasive,26
1788,Unconvincing,21
1789,Beautiful,17
1789,Courageous,58
1789,Fascinating,47
1789,Funny,54
1789,Informative,28
1789,Ingenious,62
1789,Inspiring,20
1789,Jaw-dropping,32
1789,Longwinded,4
1789,OK,8
1789,Obnoxious,29
1789,Persuasive,60
1789,Unconvincing,20
1790,Beautiful,70
1790,Confusing,7
1790,Courageous,67
1790,Fascinating,59
1790,Funny,28
1790,Informative,61
1790,Ingenious,57
1790,Inspiring,59
1790,Jaw-dropping,40
1790,Longwinded,2
1790,Obnoxious,29
1790,Persuasive,28
1790,Unconvincing,51
1791,Beautiful,433
1791,Confusing,6
1791,Courageous,243
1791,Fascinating,156
1791,Funny,132
1791,Informative,372
1791,Ingenious,389
1791,Inspiring,399
1791,Jaw-dropping,334
1791,Longwinded,123
1791,OK,370
1791,Obnoxious,12
1791,Persuasive,353
1791,Unconvincing,118
1792,Beautiful,97
1792,Courageous,263
1792,Fascinating,292
1792,Funny,343
1792,Informative,174
1792,Ingenious,332
1792,Inspiring,331
1792,Jaw-dropping,299
1792,OK,120
1792,Obnoxious,1
1792,Persuasive,328
1792,Unconvincing,6
1793,Beautiful,207
1793,Confusing,415
1793,Courageous,348
1793,Fascinating,421
1793,Funny,382
1793,Informative,157
1793,Ingenious,411
1793,Inspiring,371
1793,Jaw-dropping,242
1793,Longwinded,84
1793,OK,365
1793,Obnoxious,259
1793,Persuasive,342
1793,Unconvincing,248
1794,Beautiful,81
1794,Confusing,64
1794,Courageous,80
1794,Fascinating,93
1794,Funny,70
1794,Informative,47
1794,Ingenious,60
1794,Inspiring,40
1794,Jaw-dropping,43
1794,Longwinded,83
1794,Obnoxious,28
1794,Persuasive,81
1794,Unconvincing,58
1795,Beautiful,106
1795,Courageous,121
1795,Fascinating,83
1795,Funny,121
1795,Informative,106
1795,Ingenious,95
1795,Inspiring,70
1795,Jaw-dropping,38
1795,Longwinded,85
1795,Obnoxious,64
1795,Persuasive,58
1795,Unconvincing,56
1796,Beautiful,32
1796,Confusing,1
1796,Courageous,45
1796,Fascinating,25
1796,Funny,8
1796,Informative,12
1796,Ingenious,17
1796,Inspiring,36
1796,Jaw-dropping,30
1796,Longwinded,9
1796,OK,11
1796,Obnoxious,18
1796,Persuasive,37
1796,Unconvincing,41
1797,Beautiful,1063
1797,Confusing,13
1797,Courageous,1351
1797,Fascinating,916
1797,Funny,1626
1797,Informative,1075
1797,Ingenious,1141
1797,Inspiring,338
1797,Jaw-dropping,1494
1797,OK,341
1797,Obnoxious,91
1797,Persuasive,1396
1797,Unconvincing,200
1798,Beautiful,51
1798,Confusing,80
1798,Courageous,95
1798,Fascinating,18
1798,Funny,90
1798,Informative,102
1798,Ingenious,80
1798,Inspiring,72
1798,Jaw-dropping,108
1798,Longwinded,23
1798,OK,61
1798,Persuasive,58
1798,Unconvincing,7
1799,Beautiful,91
1799,Confusing,4
1799,Courageous,94
1799,Fascinating,93
1799,Funny,58
1799,Informative,47
1799,Ingenious,107
1799,Inspiring,113
1799,Jaw-dropping,85
1799,Longwinded,8
1799,OK,27
1799,Obnoxious,10
1799,Persuasive,98
1799,Unconvincing,56
1800,Beautiful,83
1800,Confusing,1
1800,Courageous,70
1800,Fascinating,94
1800,Funny,125
1800,Informative,146
1800,Ingenious,89
1800,Inspiring,118
1800,Jaw-dropping,115
1800,Longwinded,12
1800,OK,124
1800,Obnoxious,24
1800,Persuasive,56
1800,Unconvincing,23
1801,Beautiful,223
1801,Confusing,140
1801,Courageous,142
1801,Fascinating,189
1801,Funny,155
1801,Informative,203
1801,Ingenious,215
1801,Inspiring,126
1801,Jaw-dropping,218
1801,Longwinded,65
1801,OK,224
1801,Obnoxious,7
1801,Persuasive,215
1801,Unconvincing,4
1802,Beautiful,333
1802,Courageous,399
1802,Fascinating,532
1802,Funny,537
1802,Informative,511
1802,Ingenious,558
1802,Inspiring,187
1802,Jaw-dropping,452
1802,Longwinded,57
1802,Obnoxious,7
1802,Persuasive,469
1802,Unconvincing,18
1803,Beautiful,5
1803,Confusing,1
1803,Courageous,18
1803,Fascinating,12
1803,Funny,11
1803,Informative,19
1803,Ingenious,19
1803,Inspiring,12
1803,Jaw-dropping,18
1803,Longwinded,14
1803,Obnoxious,1
1803,Persuasive,18
1803,Unconvincing,11
1804,Beautiful,76
1804,Confusing,2
1804,Courageous,12
1804,Fascinating,66
1804,Funny,35
1804,Informative,75
1804,Ingenious,54
1804,Inspiring,46
1804,Jaw-dropping,48
1804,Longwinded,48
1804,OK,61
1804,Obnoxious,6
1804,Persuasive,31
1805,Beautiful,49
1805,Confusing,33
1805,Courageous,120
1805,Fascinating,123
1805,Funny,92
1805,Informative,133
1805,Ingenious,92
1805,Inspiring,143
1805,Jaw-dropping,15
1805,Longwinded,14
1805,OK,10
1805,Obnoxious,70
1805,Persuasive,73
1806,Beautiful,654
1806,Confusing,52
1806,Courageous,498
1806,Fascinating,27
1806,Funny,515
1806,Informative,308
1806,Ingenious,525
1806,Inspiring,268
1806,Jaw-dropping,700
1806,Longwinded,230
1806,OK,286
1806,Persuasive,515
1806,Unconvincing,130
1807,Beautiful,15
1807,Confusing,4
1807,Courageous,3
1807,Fascinating,10
1807,Funny,21
1807,Informative,22
1807,Ingenious,17
1807,Inspiring,18
1807,Jaw-dropping,7
1807,Longwinded,15
1807,Persuasive,7
1807,Unconvincing,1
1808,Beautiful,72
1808,Confusing,13
1808,Courageous,146
1808,Fascinating,130
1808,Funny,212
1808,Informative,190
1808,Ingenious,75
1808,Inspiring,94
1808,Jaw-dropping,12
1808,Longwinded,80
1808,OK,26
1808,Obnoxious,3
1808,Persuasive,196
1808,Unconvincing,34
1809,Beautiful,10
1809,Courageous,24
1809,Fascinating,43
1809,Funny,12
1809,Informative,30
1809,Ingenious,16
1809,Inspiring,52
1809,Jaw-dropping,18
1809,Longwinded,42
1809,OK,3
1809,Obnoxious,8
1809,Persuasive,45
1809,Unconvincing,9
1810,Beautiful,41
1810,Courageous,33
1810,Fascinating,61
1810,Funny,31
1810,Informative,28
1810,Ingenious,62
1810,Inspiring,32
1810,Jaw-dropping,18
1810,Longwinded,8
1810,OK,27
1810,Persuasive,63
1810,Unconvincing,45
1811,Beautiful,460
1811,Confusing,399
1811,Courageous,484
1811,Fascinating,403
1811,Funny,478
1811,Informative,482
1811,Ingenious,347
1811,Inspiring,333
1811,Jaw-dropping,439
1811,Longwinded,183
1811,OK,72
1811,Obnoxious,389
1811,Persuasive,212
1811,Unconvincing,25
1812,Beautiful,216
1812,Confusing,1
1812,Courageous,374
1812,Fascinating,112
1812,Funny,65
1812,Informative,111
1812,Ingenious,379
1812,Inspiring,211
1812,Jaw-dropping,205
1812,Longwinded,38
1812,OK,18
1812,Obnoxious,14
1812,Persuasive,313
1812,Unconvincing,135
1813,Beautiful,124
1813,Confusing,7
1813,Courageous,116
1813,Fascinating,133
1813,Funny,106
1813,Informative,126
1813,Ingenious,16
1813,Inspiring,121
1813,Jaw-dropping,138
1813,Longwinded,19
1813,OK,7
1813,Obnoxious,4
1813,Persuasive,33
1813,Unconvincing,1
1814,Beautiful,234
1814,Confusing,42
1814,Courageous,134
1814,Fascinating,136
1814,Funny,74
1814,Informative,147
1814,Ingenious,148
1814,Inspiring,173
1814,Jaw-dropping,270
1814,Longwinded,192
1814,OK,55
1814,Obnoxious,88
1814,Persuasive,269
1815,Beautiful,38
1815,Confusing,29
1815,Courageous,42
1815,Fascinating,38
1815,Funny,41
1815,Informative,41
1815,Ingenious,41
1815,Inspiring,44
1815,Jaw-dropping,36
1815,Longwinded,4
1815,OK,17
1815,Obnoxious,3
1815,Persuasive,12
1815,Unconvincing,33
1816,Beautiful,24
1816,Confusing,13
1816,Courageous,27
1816,Fascinating,4
1816,Funny,3
1816,Informative,20
1816,Ingenious,26
1816,Inspiring,4
1816,Jaw-dropping,24
1816,Longwinded,5
1816,OK,11
1816,Obnoxious,9
1816,Persuasive,23
1816,Unconvincing,24
1817,Beautiful,45
1817,Courageous,36
1817,Fascinating,15
1817,Funny,36
1817,Informative,27
1817,Ingenious,65
1817,Inspiring,54
1817,Jaw-dropping,32
1817,Longwinded,51
1817,OK,6
1817,Obnoxious,42
1817,Persuasive,5
1817,Unconvincing,3
1818,Beautiful,68
1818,Confusing,51
1818,Courageous,53
1818,Fascinating,70
1818,Funny,50
1818,Informative,77
1818,Ingenious,63
1818,Inspiring,52
1818,Jaw-dropping,55
1818,Longwinded,8
1818,OK,53
1818,Obnoxious,81
1818,Persuasive,79
1818,Unconvincing,52
1819,Beautiful,85
1819,Confusing,43
1819,Courageous,71
1819,Fascinating,29
1819,Funny,80
1819,Informative,74
1819,Ingenious,38
1819,Inspiring,75
1819,Jaw-dropping,50
1819,Longwinded,4
1819,OK,39
1819,Persuasive,55
1819,Unconvincing,61
1820,Beautiful,171
1820,Confusing,47
1820,Courageous,173
1820,Fascinating,172
1820,Funny,173
1820,Informative,184
1820,Ingenious,157
1820,Inspiring,179
1820,Jaw-dropping,138
1820,Longwinded,15
1820,OK,30
1820,Obnoxious,131
1820,Persuasive,45
1820,Unconvincing,181
1821,Beautiful,7
1821,Confusing,3
1821,Courageous,2
1821,Fascinating,3
1821,Funny,6
1821,Informative,2
1821,Ingenious,5
1821,Inspiring,7
1821,Jaw-dropping,4
1821,Obnoxious,2
1821,Persuasive,2
1821,Unconvincing,4
1822,Beautiful,71
1822,Confusing,17
1822,Courageous,55
1822,Fascinating,61
1822,Funny,61
1822,Informative,72
1822,Ingenious,46
1822,Inspiring,27
1822,Jaw-dropping,69
1822,Longwinded,58
1822,OK,27
1822,Obnoxious,14
1822,Persuasive,61
1822,Unconvincing,1
1823,Beautiful,109
1823,Confusing,129
1823,Courageous,86
1823,Fascinating,73
1823,Funny,95
1823,Informative,120
1823,Ingenious,98
1823,Inspiring,103
1823,Jaw-dropping,110
1823,Longwinded,7
1823,OK,3
1823,Obnoxious,86
1823,Persuasive,76
1823,Unconvincing,70
1824,Beautiful,14
1824,Confusing,7
1824,Courageous,39
1824,Fascinating,56
1824,Funny,40
1824,Informative,55
1824,Ingenious,27
1824,Inspiring,63
1824,Jaw-dropping,63
1824,Longwinded,41
1824,OK,40
1824,Obnoxious,3
1824,Persuasive,32
1824,Unconvincing,1
1825,Beautiful,365
1825,Confusing,9
1825,Courageous,215
1825,Fascinating,349
1825,Funny,367
1825,Informative,255
1825,Ingenious,364
1825,Inspiring,351
1825,Jaw-dropping,259
1825,Longwinded,154
1825,OK,129
1825,Obnoxious,9
1825,Persuasive,323
1825,Unconvincing,8
1826,Beautiful,344
1826,Confusing,302
1826,Courageous,246
1826,Fascinating,315
1826,Funny,56
1826,Informative,141
1826,Ingenious,239
1826,Inspiring,434
1826,Jaw-dropping,412
1826,Longwinded,6
1826,OK,7
1826,Obnoxious,165
1826,Persuasive,332
1826,Unconvincing,109
1827,Beautiful,71
1827,Confusing,85
1827,Courageous,44
1827,Fascinating,78
1827,Funny,90
1827,Informative,75
1827,Ingenious,77
1827,Inspiring,88
1827,Jaw-dropping,56
1827,Longwinded,43
1827,OK,86
1827,Obnoxious,11
1827,Persuasive,80
1827,Unconvincing,88
1828,Beautiful,337
1828,Confusing,225
1828,Courageous,303
1828,Fascinating,71
1828,Funny,324
1828,Informative,134
1828,Ingenious,307
1828,Inspiring,442
1828,Jaw-dropping,433
1828,Longwinded,417
1828,OK,143
1828,Obnoxious,75
1828,Persuasive,367
1828,Unconvincing,47
1829,Beautiful,176
1829,Confusing,9
1829,Courageous,193
1829,Fascinating,231
1829,Funny,120
1829,Informative,140
1829,Ingenious,211
1829,Inspiring,159
1829,Jaw-dropping,128
1829,Longwinded,23
1829,OK,57
1829,Obnoxious,11
1829,Persuasive,162
1829,Unconvincing,68
1830,Beautiful,55
1830,Courageous,38
1830,Fascinating,58
1830,Funny,52
1830,Informative,40
1830,Ingenious,35
1830,Inspiring,47
1830,Jaw-dropping,33
1830,Longwinded,20
1830,OK,16
1830,Obnoxious,47
1830,Persuasive,28
1830,Unconvincing,27
1831,Beautiful,41
1831,Confusing,29
1831,Courageous,49
1831,Fascinating,48
1831,Funny,45
1831,Informative,47
1831,Ingenious,27
1831,Inspiring,53
1831,Jaw-dropping,28
1831,Longwinded,11
1831,OK,50
1831,Obnoxious,34
1831,Persuasive,39
1831,Unconvincing,2
1832,Beautiful,40
1832,Confusing,23
1832,Courageous,48
1832,Fascinating,86
1832,Funny,89
1832,Informative,89
1832,Ingenious,28
1832,Inspiring,61
1832,Jaw-dropping,82
1832,Longwinded,76
1832,OK,4
1832,Obnoxious,2
1832,Persuasive,73
1832,Unconvincing,46
1833,Beautiful,15
1833,Confusing,3
1833,Courageous,12
1833,Fascinating,24
1833,Funny,17
1833,Informative,23
1833,Ingenious,24
1833,Inspiring,26
1833,Jaw-dropping,26
1833,Longwinded,18
1833,OK,1
1833,Obnoxious,12
1833,Persuasive,12
1833,Unconvincing,6
1834,Beautiful,38
1834,Confusing,3
1834,Courageous,38
1834,Fascinating,17
1834,Funny,36
1834,Informative,37
1834,Ingenious,49
1834,Inspiring,8
1834,Jaw-dropping,45
1834,Longwinded,23
1834,OK,19
1834,Obnoxious,39
1834,Persuasive,18
1834,Unconvincing,26
1835,Beautiful,29
1835,Confusing,23
1835,Courageous,27
1835,Fascinating,30
1835,Funny,6
1835,Informative,27
1835,Ingenious,30
1835,Inspiring,23
1835,Jaw-dropping,8
1835,Longwinded,29
1835,OK,29
1835,Obnoxious,8
1835,Persuasive,19
1835,Unconvincing,14
1836,Beautiful,84
1836,Confusing,9
1836,Courageous,96
1836,Fascinating,47
1836,Funny,10
1836,Informative,90
1836,Ingenious,82
1836,Inspiring,65
1836,Jaw-dropping,67
1836,Longwinded,44
1836,OK,16
1836,Persuasive,77
1836,Unconvincing,17
1837,Beautiful,76
1837,Confusing,60
1837,Courageous,71
1837,Fascinating,65
1837,Funny,76
1837,Informative,69
1837,Ingenious,51
1837,Inspiring,47
1837,Jaw-dropping,81
1837,Longwinded,5
1837,OK,9
1837,Obnoxious,6
1837,Persuasive,40
1837,Unconvincing,58
1838,Beautiful,12
1838,Courageous,75
1838,Fascinating,67
1838,Funny,57
1838,Informative,11
1838,Ingenious,76
1838,Inspiring,53
1838,Jaw-dropping,76
1838,Longwinded,6
1838,OK,16
1838,Obnoxious,12
1838,Persuasive,56
1838,Unconvincing,23
1839,Beautiful,86
1839,Confusing,121
1839,Courageous,77
1839,Fascinating,121
1839,Funny,143
1839,Informative,84
1839,Ingenious,98
1839,Inspiring,121
1839,Jaw-dropping,88
1839,Longwinded,35
1839,OK,26
1839,Obnoxious,28
1839,Persuasive,93
1839,Unconvincing,97
1840,Beautiful,3
1840,Courageous,28
1840,Fascinating,22
1840,Funny,20
1840,Informative,20
1840,Ingenious,28
1840,Inspiring,11
1840,Jaw-dropping,9
1840,Longwinded,14
1840,OK,14
1840,Obnoxious,12
1840,Persuasive,10
1840,Unconvincing,9
1841,Beautiful,58
1841,Confusing,2
1841,Courageous,54
1841,Fascinating,50
1841,Funny,40
1841,Informative,73
1841,Ingenious,41
1841,Inspiring,41
1841,Jaw-dropping,36
1841,Longwinded,46
1841,OK,2
1841,Obnoxious,3
1841,Persuasive,65
1841,Unconvincing,17
1842,Beautiful,97
1842,Confusing,5
1842,Courageous,62
1842,Fascinating,72
1842,Funny,86
1842,Informative,88
1842,Ingenious,10
1842,Inspiring,71
1842,Jaw-dropping,42
1842,Longwinded,76
1842,OK,58
1842,Obnoxious,15
1842,Persuasive,95
1842,Unconvincing,13
1843,Beautiful,81
1843,Confusing,74
1843,Courageous,31
1843,Fascinating,65
1843,Funny,28
1843,Informative,65
1843,Ingenious,97
1843,Inspiring,82
1843,Jaw-dropping,108
1843,Longwinded,2
1843,OK,5
1843,Persuasive,76
1843,Unconvincing,26
1844,Beautiful,96
1844,Confusing,5
1844,Courageous,107
1844,Fascinating,105
1844,Funny,100
1844,Informative,62
1844,Ingenious,25
1844,Inspiring,87
1844,Jaw-dropping,49
1844,OK,3
1844,Obnoxious,45
1844,Persuasive,76
1845,Beautiful,5
1845,Courageous,13
1845,Fascinating,16
1845,Funny,18
1845,Informative,14
1845,Ingenious,17
1845,Inspiring,15
1845,Jaw-dropping,11
1845,Longwinded,19
1845,OK,4
1845,Obnoxious,6
1845,Persuasive,13
1845,Unconvincing,7
1846,Beautiful,648
1846,Confusing,642
1846,Courageous,601
1846,Fascinating,401
1846,Funny,514
1846,Informative,824
1846,Ingenious,601
1846,Inspiring,725
1846,Jaw-dropping,791
1846,Longwinded,568
1846,OK,644
1846,Obnoxious,110
1846,Persuasive,861
1846,Unconvincing,114
1847,Beautiful,780
1847,Confusing,732
1847,Courageous,728
1847,Fascinating,979
1847,Funny,923
1847,Informative,1042
1847,Ingenious,635
1847,Inspiring,1047
1847,Jaw-dropping,683
1847,Longwinded,136
1847,OK,48
1847,Obnoxious,766
1847,Persuasive,823
1847,Unconvincing,547
1848,Beautiful,63
1848,Confusing,23
1848,Courageous,28
1848,Fascinating,47
1848,Funny,52
1848,Informative,35
1848,Ingenious,59
1848,Inspiring,24
1848,Jaw-dropping,17
1848,OK,65
1848,Obnoxious,7
1848,Persuasive,51
1848,Unconvincing,23
1849,Beautiful,172
1849,Confusing,5
1849,Courageous,41
1849,Fascinating,27
1849,Funny,128
1849,Informative,92
1849,Ingenious,110
1849,Inspiring,129
1849,Jaw-dropping,170
1849,Longwinded,7
1849,OK,98
1849,Obnoxious,58
1849,Persuasive,122
1849,Unconvincing,21
1850,Beautiful,181
1850,Confusing,220
1850,Courageous,220
1850,Fascinating,369
1850,Funny,335
1850,Informative,341
1850,Ingenious,88
1850,Inspiring,147
1850,Jaw-dropping,354
1850,Longwinded,305
1850,OK,169
1850,Obnoxious,309
1850,Persuasive,198
1851,Beautiful,60
1851,Confusing,28
1851,Courageous,15
1851,Fascinating,64
1851,Funny,62
1851,Informative,62
1851,Ingenious,49
1851,Inspiring,51
1851,Jaw-dropping,28
1851,Longwinded,38
1851,OK,66
1851,Obnoxious,31
1851,Persuasive,63
1851,Unconvincing,18
1852,Beautiful,5
1852,Courageous,73
1852,Fascinating,14
1852,Funny,36
1852,Informative,12
1852,Ingenious,6
1852,Inspiring,58
1852,Jaw-dropping,53
1852,Longwinded,9
1852,OK,18
1852,Obnoxious,5
1852,Persuasive,62
1853,Beautiful,128
1853,Confusing,1
1853,Courageous,36
1853,Fascinating,210
1853,Funny,135
1853,Informative,95
1853,Ingenious,157
1853,Inspiring,166
1853,Jaw-dropping,139
1853,Longwinded,58
1853,OK,65
1853,Obnoxious,52
1853,Persuasive,23
1854,Beautiful,29
1854,Confusing,11
1854,Courageous,121
1854,Fascinating,123
1854,Funny,102
1854,Informative,90
1854,Ingenious,63
1854,Inspiring,83
1854,Jaw-dropping,14
1854,Longwinded,59
1854,OK,26
1854,Obnoxious,1
1854,Persuasive,116
1854,Unconvincing,82
1855,Beautiful,13
1855,Confusing,58
1855,Courageous,43
1855,Fascinating,58
1855,Funny,39
1855,Informative,32
1855,Ingenious,56
1855,Inspiring,49
1855,Jaw-dropping,7
1855,Longwinded,4
1855,OK,11
1855,Obnoxious,20
1855,Persuasive,27
1855,Unconvincing,9
1856,Beautiful,42
1856,Confusing,9
1856,Courageous,32
1856,Fascinating,37
1856,Funny,31
1856,Informative,37
1856,Ingenious,37
1856,Inspiring,41
1856,Jaw-dropping,35
1856,Longwinded,11
1856,Obnoxious,9
1856,Persuasive,31
1856,Unconvincing,39
1857,Beautiful,255
1857,Confusing,182
1857,Courageous,290
1857,Fascinating,281
1857,Funny,229
1857,Informative,317
1857,Ingenious,103
1857,Inspiring,170
1857,Jaw-dropping,161
1857,Longwinded,302
1857,OK,13
1857,Obnoxious,182
1857,Persuasive,203
1857,Unconvincing,71
1858,Beautiful,11
1858,Confusing,2
1858,Courageous,57
1858,Fascinating,60
1858,Funny,57
1858,Informative,34
1858,Ingenious,39
1858,Inspiring,19
1858,Jaw-dropping,20
1858,Longwinded,18
1858,Obnoxious,60
1858,Persuasive,36
1858,Unconvincing,15
1859,Beautiful,130
1859,Confusing,96
1859,Courageous,146
1859,Fascinating,148
1859,Funny,97
1859,Informative,139
1859,Ingenious,131
1859,Inspiring,63
1859,Jaw-dropping,81
1859,Longwinded,99
1859,OK,138
1859,Obnoxious,12
1859,Persuasive,125
1859,Unconvincing,58
1860,Beautiful,118
1860,Courageous,98
1860,Fascinating,66
1860,Funny,83
1860,Informative,96
1860,Ingenious,112
1860,Inspiring,112
1860,Jaw-dropping,68
1860,Longwinded,26
1860,OK,1
1860,Obnoxious,95
1860,Persuasive,63
1860,Unconvincing,11
1861,Beautiful,82
1861,Courageous,134
1861,Fascinating,234
1861,Funny,174
1861,Informative,240
1861,Ingenious,277
1861,Inspiring,151
1861,Jaw-dropping,224
1861,Longwinded,150
1861,OK,8
1861,Obnoxious,42
1861,Persuasive,262
1861,Unconvincing,67
1862,Beautiful,38
1862,Confusing,1
1862,Courageous,27
1862,Fascinating,10
1862,Funny,40
1862,Informative,45
1862,Ingenious,36
1862,Inspiring,4
1862,Jaw-dropping,34
1862,Longwinded,9
1862,OK,12
1862,Obnoxious,17
1862,Persuasive,39
1862,Unconvincing,5
1863,Beautiful,1647
1863,Confusing,14
1863,Courageous,857
1863,Fascinating,923
1863,Funny,643
1863,Informative,1213
1863,Ingenious,897
1863,Inspiring,390
1863,Jaw-dropping,515
1863,Longwinded,11
1863,OK,960
1863,Obnoxious,214
1863,Persuasive,917
1863,Unconvincing,662
1864,Beautiful,28
1864,Confusing,25
1864,Courageous,18
1864,Fascinating,24
1864,Funny,4
1864,Informative,36
1864,Ingenious,31
1864,Inspiring,34
1864,Jaw-dropping,21
1864,Longwinded,4
1864,OK,24
1864,Obnoxious,15
1864,Persuasive,30
1865,Beautiful,175
1865,Confusing,22
1865,Courageous,240
1865,Fascinating,151
1865,Funny,250
1865,Informative,272
1865,Ingenious,272
1865,Inspiring,225
1865,Jaw-dropping,159
1865,Longwinded,31
1865,OK,75
1865,Obnoxious,75
1865,Persuasive,223
1865,Unconvincing,261
1866,Beautiful,447
1866,Confusing,10
1866,Courageous,399
1866,Fascinating,121
1866,Funny,371
1866,Informative,232
1866,Ingenious,257
1866,Inspiring,150
1866,Jaw-dropping,313
1866,Longwinded,419
1866,OK,40
1866,Obnoxious,331
1866,Persuasive,163
1866,Unconvincing,329
1867,Beautiful,93
1867,Confusing,329
1867,Courageous,132
1867,Fascinating,209
1867,Funny,237
1867,Informative,131
1867,Ingenious,317
1867,Inspiring,260
1867,Jaw-dropping,222
1867,Longwinded,58
1867,OK,59
1867,Obnoxious,17
1867,Persuasive,314
1867,Unconvincing,274
1868,Beautiful,287
1868,Confusing,301
1868,Courageous,182
1868,Fascinating,357
1868,Funny,241
1868,Informative,751
1868,Ingenious,606
1868,Inspiring,708
1868,Jaw-dropping,803
1868,Longwinded,843
1868,OK,755
1868,Obnoxious,190
1868,Persuasive,393
1868,Unconvincing,132
1869,Beautiful,41
1869,Confusing,117
1869,Courageous,117
1869,Fascinating,120
1869,Funny,93
1869,Informative,69
1869,Ingenious,90
1869,Inspiring,89
1869,Jaw-dropping,116
1869,Longwinded,75
1869,OK,3
1869,Obnoxious,16
1869,Persuasive,57
1869,Unconvincing,1
1870,Beautiful,65
1870,Confusing,75
1870,Courageous,60
1870,Fascinating,54
1870,Funny,80
1870,Informative,8
1870,Ingenious,65
1870,Inspiring,33
1870,Jaw-dropping,44
1870,Longwinded,24
1870,OK,83
1870,Persuasive,42
1871,Beautiful,71
1871,Confusing,41
1871,Courageous,59
1871,Fascinating,121
1871,Funny,114
1871,Informative,86
1871,Ingenious,140
1871,Inspiring,66
1871,Jaw-dropping,131
1871,Longwinded,57
1871,OK,41
1871,Obnoxious,102
1871,Persuasive,127
1871,Unconvincing,36
1872,Beautiful,5
1872,Confusing,1
1872,Courageous,5
1872,Fascinating,1
1872,Funny,4
1872,Informative,9
1872,Ingenious,8
1872,Inspiring,7
1872,Jaw-dropping,6
1872,OK,1
1872,Obnoxious,9
1872,Persuasive,10
1872,Unconvincing,3
1873,Beautiful,578
1873,Confusing,27
1873,Courageous,618
1873,Fascinating,640
1873,Funny,278
1873,Informative,332
1873,Ingenious,311
1873,Inspiring,207
1873,Jaw-dropping,353
1873,Longwinded,36
1873,OK,300
1873,Obnoxious,651
1873,Persuasive,507
1873,Unconvincing,320
1874,Beautiful,491
1874,Confusing,271
1874,Courageous,418
1874,Fascinating,454
1874,Funny,428
1874,Informative,227
1874,Ingenious,449
1874,Inspiring,259
1874,Jaw-dropping,471
1874,Longwinded,23
1874,OK,60
1874,Obnoxious,239
1874,Persuasive,307
1874,Unconvincing,23
1875,Beautiful,59
1875,Confusing,63
1875,Courageous,26
1875,Fascinating,50
1875,Funny,68
1875,Informative,40
1875,Ingenious,55
1875,Inspiring,68
1875,Jaw-dropping,49
1875,Longwinded,21
1875,OK,13
1875,Obnoxious,8
1875,Persuasive,69
1875,Unconvincing,43
1876,Beautiful,203
1876,Confusing,27
1876,Courageous,120
1876,Fascinating,231
1876,Funny,231
1876,Informative,280
1876,Ingenious,295
1876,Inspiring,113
1876,Jaw-dropping,215
1876,Obnoxious,98
1876,Persuasive,190
1876,Unconvincing,3
1877,Beautiful,96
1877,Confusing,152
1877,Courageous,292
1877,Fascinating,298
1877,Funny,305
1877,Informative,312
1877,Ingenious,309
1877,Inspiring,79
1877,Jaw-dropping,22
1877,OK,31
1877,Obnoxious,187
1877,Persuasive,220
1877,Unconvincing,30
1878,Beautiful,237
1878,Confusing,8
1878,Courageous,124
1878,Fascinating,311
1878,Funny,378
1878,Informative,161
1878,Ingenious,187
1878,Inspiring,336
1878,Jaw-dropping,153
1878,OK,301
1878,Obnoxious,23
1878,Persuasive,46
1878,Unconvincing,336
1879,Beautiful,35
1879,Confusing,29
1879,Courageous,19
1879,Fascinating,36
1879,Funny,47
1879,Informative,34
1879,Ingenious,48
1879,Inspiring,38
1879,Jaw-dropping,25
1879,Longwinded,53
1879,OK,44
1879,Obnoxious,16
1879,Persuasive,44
1879,Unconvincing,37
1880,Beautiful,49
1880,Confusing,33
1880,Courageous,56
1880,Fascinating,53
1880,Funny,21
1880,Informative,64
1880,Ingenious,67
1880,Inspiring,61
1880,Jaw-dropping,13
1880,Longwinded,5
1880,OK,18
1880,Obnoxious,50
1880,Persuasive,38
1880,Unconvincing,3
1881,Beautiful,84
1881,Courageous,62
1881,Fascinating,81
1881,Funny,44
1881,Informative,32
1881,Ingenious,19
1881,Inspiring,19
1881,Jaw-dropping,35
1881,Longwinded,82
1881,OK,14
1881,Obnoxious,31
1881,Persuasive,65
1881,Unconvincing,77
1882,Beautiful,53
1882,Confusing,40
1882,Courageous,37
1882,Fascinating,41
1882,Funny,14
1882,Informative,47
1882,Ingenious,49
1882,Inspiring,44
1882,Jaw-dropping,47
1882,Longwinded,17
1882,OK,12
1882,Obnoxious,16
1882,Persuasive,25
1882,Unconvincing,10
1883,Beautiful,20
1883,Courageous,24
1883,Fascinating,30
1883,Funny,21
1883,Informative,22
1883,Ingenious,20
1883,Inspiring,30
1883,Jaw-dropping,24
1883,Longwinded,28
1883,OK,12
1883,Obnoxious,7
1883,Persuasive,17
1883,Unconvincing,3
1884,Beautiful,14
1884,Confusing,10
1884,Courageous,31
1884,Fascinating,52
1884,Funny,22
1884,Informative,30
1884,Ingenious,38
1884,Inspiring,30
1884,Jaw-dropping,33
1884,Longwinded,11
1884,OK,14
1884,Obnoxious,17
1884,Persuasive,22
1885,Beautiful,545
1885,Confusing,114
1885,Courageous,517
1885,Fascinating,435
1885,Funny,564
1885,Informative,493
1885,Ingenious,589
1885,Inspiring,584
1885,Jaw-dropping,304
1885,Longwinded,132
1885,OK,38
1885,Obnoxious,33
1885,Persuasive,520
1885,Unconvincing,67
1886,Beautiful,55
1886,Confusing,50
1886,Courageous,48
1886,Fascinating,69
1886,Funny,41
1886,Informative,41
1886,Ingenious,47
1886,Inspiring,59
1886,Jaw-dropping,47
1886,Longwinded,54
1886,OK,2
1886,Obnoxious,55
1886,Persuasive,16
1886,Unconvincing,60
1887,Beautiful,121
1887,Confusing,9
1887,Courageous,115
1887,Fascinating,80
1887,Funny,84
1887,Informative,78
1887,Ingenious,96
1887,Inspiring,121
1887,Jaw-dropping,93
1887,Longwinded,7
1887,OK,95
1887,Obnoxious,22
1887,Persuasive,21
1887,Unconvincing,44
1888,Beautiful,64
1888,Confusing,12
1888,Courageous,72
1888,Fascinating,61
1888,Funny,73
1888,Informative,36
1888,Ingenious,51
1888,Inspiring,42
1888,Jaw-dropping,34
1888,Longwinded,23
1888,OK,63
1888,Obnoxious,1
1888,Persuasive,68
1888,Unconvincing,23
1889,Beautiful,100
1889,Courageous,85
1889,Fascinating,21
1889,Funny,75
1889,Informative,71
1889,Ingenious,55
1889,Inspiring,82
1889,Jaw-dropping,56
1889,Longwinded,76
1889,OK,4
1889,Obnoxious,32
1889,Persuasive,66
1889,Unconvincing,76
1890,Beautiful,84
1890,Confusing,32
1890,Courageous,51
1890,Fascinating,71
1890,Funny,89
1890,Informative,34
1890,Ingenious,11
1890,Inspiring,70
1890,Jaw-dropping,42
1890,Longwinded,4
1890,OK,73
1890,Obnoxious,21
1890,Persuasive,14
1890,Unconvincing,74
1891,Beautiful,24
1891,Confusing,25
1891,Courageous,50
1891,Fascinating,38
1891,Funny,7
1891,Informative,27
1891,Ingenious,27
1891,Inspiring,10
1891,Jaw-dropping,21
1891,Longwinded,11
1891,OK,31
1891,Obnoxious,21
1891,Persuasive,27
1891,Unconvincing,12
1892,Beautiful,993
1892,Confusing,131
1892,Courageous,863
1892,Fascinating,169
1892,Funny,1198
1892,Informative,739
1892,Ingenious,1019
1892,Inspiring,1424
1892,Jaw-dropping,1036
1892,Longwinded,643
1892,OK,860
1892,Obnoxious,4
1892,Persuasive,713
1892,Unconvincing,196
1893,Beautiful,174
1893,Confusing,182
1893,Courageous,226
1893,Fascinating,208
1893,Funny,174
1893,Informative,256
1893,Ingenious,131
1893,Inspiring,158
1893,Jaw-dropping,30
1893,Longwinded,214
1893,OK,33
1893,Obnoxious,206
1893,Persuasive,258
1894,Beautiful,312
1894,Confusing,13
1894,Courageous,174
1894,Fascinating,430
1894,Funny,186
1894,Informative,412
1894,Ingenious,418
1894,Inspiring,402
1894,Jaw-dropping,428
1894,Longwinded,338
1894,OK,158
1894,Obnoxious,186
1894,Persuasive,342
1894,Unconvincing,114
1895,Beautiful,57
1895,Confusing,39
1895,Courageous,55
1895,Fascinating,50
1895,Funny,40
1895,Informative,16
1895,Ingenious,42
1895,Inspiring,47
1895,Jaw-dropping,70
1895,OK,9
1895,Obnoxious,23
1895,Persuasive,73
1896,Beautiful,76
1896,Confusing,39
1896,Courageous,18
1896,Fascinating,65
1896,Funny,70
1896,Informative,78
1896,Ingenious,27
1896,Inspiring,40
1896,Jaw-dropping,70
1896,OK,76
1896,Obnoxious,63
1896,Persuasive,48
1896,Unconvincing,65
1897,Beautiful,292
1897,Confusing,146
1897,Courageous,316
1897,Fascinating,196
1897,Funny,108
1897,Informative,174
1897,Ingenious,337
1897,Inspiring,297
1897,Jaw-dropping,194
1897,Longwinded,193
1897,OK,122
1897,Obnoxious,11
1897,Persuasive,221
1897,Unconvincing,126
1898,Beautiful,63
1898,Confusing,38
1898,Courageous,69
1898,Fascinating,39
1898,Funny,84
1898,Informative,80
1898,Ingenious,32
1898,Inspiring,75
1898,Jaw-dropping,71
1898,Longwinded,9
1898,OK,90
1898,Obnoxious,85
1898,Persuasive,27
1898,Unconvincing,82
1899,Beautiful,61
1899,Confusing,60
1899,Courageous,58
1899,Fascinating,37
1899,Funny,12
1899,Informative,56
1899,Ingenious,55
1899,Inspiring,19
1899,Jaw-dropping,62
1899,Longwinded,35
1899,OK,56
1899,Persuasive,36
1899,Unconvincing,2
1900,Beautiful,23
1900,Confusing,11
1900,Courageous,19
1900,Fascinating,12
1900,Funny,26
1900,Informative,25
1900,Ingenious,9
1900,Inspiring,42
1900,Jaw-dropping,39
1900,Longwinded,6
1900,OK,5
1900,Obnoxious,30
1900,Persuasive,49
1900,Unconvincing,15
1901,Beautiful,46
1901,Confusing,43
1901,Courageous,30
1901,Fascinating,36
1901,Funny,48
1901,Informative,47
1901,Ingenious,51
1901,Inspiring,30
1901,Jaw-dropping,34
1901,Obnoxious,21
1901,Persuasive,27
1901,Unconvincing,29
1902,Beautiful,34
1902,Confusing,39
1902,Courageous,27
1902,Fascinating,34
1902,Funny,11
1902,Informative,16
1902,Ingenious,12
1902,Inspiring,22
1902,Jaw-dropping,36
1902,Longwinded,1
1902,OK,42
1902,Obnoxious,27
1902,Persuasive,39
1902,Unconvincing,24
1903,Beautiful,51
1903,Confusing,10
1903,Courageous,48
1903,Fascinating,51
1903,Funny,41
1903,Informative,56
1903,Ingenious,21
1903,Inspiring,56
1903,Jaw-dropping,75
1903,Longwinded,73
1903,OK,64
1903,Obnoxious,13
1903,Persuasive,38
1903,Unconvincing,71
1904,Beautiful,63
1904,Confusing,32
1904,Courageous,137
1904,Fascinating,45
1904,Funny,73
1904,Informative,90
1904,Ingenious,108
1904,Inspiring,111
1904,Jaw-dropping,80
1904,Longwinded,112
1904,OK,110
1904,Obnoxious,132
1904,Persuasive,96
1904,Unconvincing,31
1905,Beautiful,107
1905,Confusing,12
1905,Courageous,111
1905,Fascinating,76
1905,Funny,33
1905,Informative,83
1905,Ingenious,88
1905,Inspiring,74
1905,Jaw-dropping,14
1905,Longwinded,100
1905,OK,2
1905,Obnoxious,5
1905,Persuasive,75
1905,Unconvincing,4
1906,Beautiful,30
1906,Confusing,6
1906,Courageous,45
1906,Fascinating,43
1906,Funny,37
1906,Informative,46
1906,Ingenious,28
1906,Inspiring,52
1906,Jaw-dropping,35
1906,Longwinded,1
1906,OK,1
1906,Persuasive,47
1907,Beautiful,25
1907,Confusing,16
1907,Courageous,66
1907,Fascinating,54
1907,Funny,67
1907,Informative,58
1907,Ingenious,79
1907,Inspiring,62
1907,Jaw-dropping,56
1907,Longwinded,17
1907,OK,28
1907,Persuasive,14
1907,Unconvincing,11
1908,Beautiful,86
1908,Confusing,19
1908,Courageous,52
1908,Fascinating,72
1908,Funny,106
1908,Informative,98
1908,Ingenious,106
1908,Inspiring,110
1908,Jaw-dropping,74
1908,Longwinded,24
1908,OK,30
1908,Obnoxious,16
1908,Persuasive,61
1908,Unconvincing,91
1909,Beautiful,28
1909,Confusing,33
1909,Courageous,53
1909,Fascinating,51
1909,Funny,30
1909,Informative,47
1909,Ingenious,49
1909,Inspiring,23
1909,Jaw-dropping,58
1909,Longwinded,4
1909,OK,5
1909,Persuasive,57
1910,Beautiful,57
1910,Confusing,4
1910,Courageous,71
1910,Fascinating,46
1910,Funny,44
1910,Informative,68
1910,Ingenious,64
1910,Inspiring,82
1910,Jaw-dropping,50
1910,Longwinded,18
1910,OK,5
1910,Obnoxious,10
1910,Persuasive,9
1911,Beautiful,33
1911,Confusing,9
1911,Courageous,27
1911,Fascinating,37
1911,Funny,38
1911,Informative,30
1911,Ingenious,5
1911,Inspiring,22
1911,Jaw-dropping,32
1911,Longwinded,19
1911,OK,8
1911,Obnoxious,36
1911,Persuasive,42
1912,Beautiful,69
1912,Confusing,83
1912,Courageous,170
1912,Fascinating,47
1912,Funny,161
1912,Informative,178
1912,Ingenious,149
1912,Inspiring,151
1912,Jaw-dropping,177
1912,Longwinded,1
1912,OK,96
1912,Obnoxious,28
1912,Persuasive,171
1912,Unconvincing,5
1913,Beautiful,76
1913,Confusing,31
1913,Courageous,82
1913,Fascinating,147
1913,Funny,83
1913,Informative,192
1913,Ingenious,150
1913,Inspiring,158
1913,Jaw-dropping,109
1913,Longwinded,181
1913,Obnoxious,28
1913,Persuasive,151
1913,Unconvincing,4
1914,Beautiful,24
1914,Confusing,9
1914,Courageous,12
1914,Fascinating,24
1914,Funny,20
1914,Informative,18
1914,Ingenious,22
1914,Inspiring,15
1914,Jaw-dropping,18
1914,Longwinded,4
1914,OK,1
1914,Obnoxious,15
1914,Persuasive,19
1914,Unconvincing,3
1915,Beautiful,107
1915,Confusing,19
1915,Courageous,106
1915,Fascinating,81
1915,Funny,57
1915,Informative,75
1915,Ingenious,53
1915,Inspiring,89
1915,Jaw-dropping,82
1915,OK,50
1915,Obnoxious,86
1915,Persuasive,60
1915,Unconvincing,14
1916,Beautiful,54
1916,Courageous,74
1916,Fascinating,73
1916,Funny,4
1916,Informative,70
1916,Ingenious,36
1916,Inspiring,36
1916,Jaw-dropping,72
1916,Longwinded,22
1916,OK,22
1916,Obnoxious,13
1916,Persuasive,48
1916,Unconvincing,52
1917,Beautiful,3
1917,Courageous,2
1917,Fascinating,2
1917,Funny,2
1917,Informative,1
1917,Ingenious,3
1917,Jaw-dropping,3
1917,OK,2
1917,Obnoxious,2
1917,Persuasive,2
1918,Beautiful,91
1918,Confusing,30
1918,Courageous,61
1918,Fascinating,3
1918,Funny,110
1918,Informative,20
1918,Ingenious,101
1918,Inspiring,39
1918,Jaw-dropping,60
1918,Longwinded,61
1918,Obnoxious,56
1918,Persuasive,99
1918,Unconvincing,5
1919,Beautiful,58
1919,Courageous,115
1919,Fascinating,109
1919,Funny,98
1919,Informative,119
1919,Ingenious,122
1919,Inspiring,125
1919,Jaw-dropping,125
1919,Longwinded,12
1919,OK,22
1919,Persuasive,70
1919,Unconvincing,77
1920,Beautiful,92
1920,Confusing,65
1920,Courageous,56
1920,Fascinating,28
1920,Funny,47
1920,Informative,93
1920,Ingenious,71
1920,Inspiring,63
1920,Jaw-dropping,73
1920,Longwinded,49
1920,OK,3
1920,Obnoxious,5
1920,Persuasive,55
1921,Beautiful,37
1921,Confusing,1
1921,Courageous,16
1921,Fascinating,48
1921,Funny,49
1921,Informative,73
1921,Ingenious,75
1921,Inspiring,4
1921,Jaw-dropping,32
1921,Longwinded,93
1921,OK,73
1921,Persuasive,67
1921,Unconvincing,9
1922,Beautiful,69
1922,Courageous,84
1922,Fascinating,117
1922,Funny,78
1922,Informative,60
1922,Ingenious,102
1922,Inspiring,53
1922,Jaw-dropping,107
1922,Longwinded,131
1922,OK,23
1922,Obnoxious,78
1922,Persuasive,115
1922,Unconvincing,49
1923,Beautiful,233
1923,Confusing,474
1923,Courageous,579
1923,Fascinating,655
1923,Funny,664
1923,Informative,394
1923,Ingenious,346
1923,Inspiring,512
1923,Jaw-dropping,568
1923,Longwinded,219
1923,OK,104
1923,Obnoxious,86
1923,Persuasive,513
1923,Unconvincing,2
1924,Beautiful,1278
1924,Confusing,150
1924,Courageous,594
1924,Fascinating,353
1924,Funny,380
1924,Informative,1120
1924,Ingenious,1245
1924,Inspiring,354
1924,Jaw-dropping,603
1924,Longwinded,21
1924,Obnoxious,2
1924,Persuasive,933
1924,Unconvincing,1258
1925,Beautiful,478
1925,Confusing,61
1925,Courageous,438
1925,Fascinating,526
1925,Funny,360
1925,Informative,147
1925,Ingenious,367
1925,Inspiring,503
1925,Jaw-dropping,509
1925,Longwinded,154
1925,OK,20
1925,Obnoxious,257
1925,Persuasive,253
1925,Unconvincing,125
1926,Beautiful,191
1926,Confusing,97
1926,Courageous,179
1926,Fascinating,196
1926,Funny,182
1926,Informative,203
1926,Ingenious,44
1926,Inspiring,193
1926,Jaw-dropping,198
1926,Longwinded,15
1926,OK,190
1926,Obnoxious,62
1926,Persuasive,130
1926,Unconvincing,65
1927,Beautiful,236
1927,Confusing,6
1927,Courageous,186
1927,Fascinating,154
1927,Funny,147
1927,Informative,207
1927,Ingenious,139
1927,Inspiring,134
1927,Jaw-dropping,106
1927,Longwinded,45
1927,OK,7
1927,Obnoxious,27
1927,Persuasive,123
1927,Unconvincing,94
1928,Beautiful,223
1928,Confusing,135
1928,Courageous,759
1928,Fascinating,477
1928,Funny,317
1928,Informative,357
1928,Ingenious,718
1928,Inspiring,634
1928,Jaw-dropping,766
1928,Longwinded,85
1928,OK,34
1928,Obnoxious,99
1928,Persuasive,568
1928,Unconvincing,750
1929,Beautiful,12
1929,Confusing,10
1929,Courageous,10
1929,Fascinating,26
1929,Funny,18
1929,Informative,26
1929,Ingenious,24
1929,Inspiring,23
1929,Jaw-dropping,26
1929,Longwinded,8
1929,OK,17
1929,Obnoxious,1
1929,Persuasive,9
1930,Beautiful,36
1930,Courageous,23
1930,Fascinating,15
1930,Funny,34
1930,Informative,4
1930,Ingenious,34
1930,Inspiring,8
1930,Jaw-dropping,36
1930,OK,35
1930,Obnoxious,13
1930,Persuasive,14
1930,Unconvincing,23
1931,Beautiful,33
1931,Confusing,12
1931,Courageous,40
1931,Fascinating,62
1931,Funny,40
1931,Informative,51
1931,Ingenious,51
1931,Inspiring,47
1931,Jaw-dropping,30
1931,Longwinded,3
1931,OK,39
1931,Persuasive,28
1931,Unconvincing,21
1932,Beautiful,19
1932,Courageous,76
1932,Fascinating,143
1932,Funny,159
1932,Informative,149
1932,Ingenious,144
1932,Inspiring,157
1932,Jaw-dropping,115
1932,Longwinded,151
1932,OK,6
1932,Persuasive,107
1933,Beautiful,55
1933,Confusing,8
1933,Courageous,81
1933,Fascinating,62
1933,Funny,55
1933,Informative,57
1933,Ingenious,72
1933,Inspiring,9
1933,Jaw-dropping,53
1933,Longwinded,76
1933,OK,26
1933,Obnoxious,1
1933,Persuasive,61
1933,Unconvincing,7
1934,Beautiful,66
1934,Confusing,7
1934,Courageous,71
1934,Fascinating,60
1934,Funny,31
1934,Informative,60
1934,Ingenious,36
1934,Inspiring,37
1934,Jaw-dropping,73
1934,Longwinded,58
1934,Obnoxious,3
1934,Persuasive,75
1934,Unconvincing,25
1935,Beautiful,79
1935,Confusing,11
1935,Courageous,16
1935,Fascinating,62
1935,Funny,76
1935,Informative,25
1935,Ingenious,49
1935,Inspiring,65
1935,Jaw-dropping,60
1935,Obnoxious,5
1935,Persuasive,75
1936,Beautiful,61
1936,Confusing,13
1936,Courageous,59
1936,Fascinating,55
1936,Funny,53
1936,Informative,60
1936,Ingenious,62
1936,Inspiring,39
1936,Jaw-dropping,44
1936,Longwinded,11
1936,OK,38
1936,Obnoxious,41
1936,Persuasive,23
1936,Unconvincing,13
1937,Beautiful,70
1937,Confusing,82
1937,Courageous,39
1937,Fascinating,69
1937,Funny,58
1937,Informative,60
1937,Ingenious,51
1937,Inspiring,20
1937,Jaw-dropping,10
1937,Longwinded,1
1937,OK,40
1937,Obnoxious,10
1937,Persuasive,37
1937,Unconvincing,2
1938,Beautiful,27
1938,Confusing,1
1938,Courageous,57
1938,Fascinating,45
1938,Funny,21
1938,Informative,39
1938,Ingenious,52
1938,Inspiring,47
1938,Jaw-dropping,49
1938,OK,29
1938,Obnoxious,34
1938,Persuasive,35
1938,Unconvincing,12
1939,Beautiful,26
1939,Confusing,21
1939,Courageous,44
1939,Fascinating,2
1939,Funny,71
1939,Informative,93
1939,Ingenious,86
1939,Inspiring,62
1939,Jaw-dropping,96
1939,Longwinded,21
1939,OK,2
1939,Obnoxious,45
1939,Persuasive,75
1940,Beautiful,35
1940,Courageous,45
1940,Fascinating,25
1940,Funny,29
1940,Informative,11
1940,Ingenious,43
1940,Inspiring,22
1940,Jaw-dropping,11
1940,Longwinded,38
1940,OK,41
1940,Obnoxious,37
1940,Persuasive,19
1940,Unconvincing,38
1941,Beautiful,70
1941,Courageous,97
1941,Fascinating,101
1941,Funny,7
1941,Informative,68
1941,Ingenious,51
1941,Inspiring,81
1941,Jaw-dropping,75
1941,Longwinded,3
1941,OK,17
1941,Obnoxious,28
1941,Persuasive,58
1941,Unconvincing,29
1942,Beautiful,1382
1942,Confusing,8
1942,Courageous,703
1942,Fascinating,677
1942,Funny,1282
1942,Informative,1593
1942,Ingenious,617
1942,Inspiring,1274
1942,Jaw-dropping,739
1942,Longwinded,10
1942,OK,56
1942,Obnoxious,747
1942,Persuasive,709
1942,Unconvincing,1027
1943,Beautiful,20
1943,Confusing,9
1943,Courageous,34
1943,Fascinating,24
1943,Funny,35
1943,Informative,29
1943,Ingenious,27
1943,Inspiring,35
1943,Jaw-dropping,34
1943,Longwinded,35
1943,OK,9
1943,Obnoxious,34
1943,Persuasive,30
1943,Unconvincing,1
1944,Beautiful,9
1944,Confusing,9
1944,Courageous,4
1944,Fascinating,8
1944,Funny,8
1944,Informative,7
1944,Ingenious,4
1944,Inspiring,5
1944,Jaw-dropping,7
1944,Longwinded,5
1944,OK,1
1944,Persuasive,4
1944,Unconvincing,9
1945,Beautiful,6
1945,Confusing,6
1945,Courageous,6
1945,Fascinating,7
1945,Funny,6
1945,Informative,3
1945,Ingenious,6
1945,Inspiring,7
1945,Jaw-dropping,5
1945,Longwinded,2
1945,Obnoxious,2
1945,Persuasive,4
1946,Beautiful,23
1946,Confusing,2
1946,Courageous,25
1946,Fascinating,37
1946,Funny,28
1946,Informative,18
1946,Ingenious,40
1946,Inspiring,24
1946,Jaw-dropping,41
1946,Longwinded,11
1946,OK,16
1946,Obnoxious,9
1946,Persuasive,13
1946,Unconvincing,11
1947,Beautiful,46
1947,Confusing,42
1947,Courageous,94
1947,Fascinating,98
1947,Funny,75
1947,Informative,51
1947,Ingenious,100
1947,Inspiring,114
1947,Jaw-dropping,50
1947,Longwinded,6
1947,OK,11
1947,Obnoxious,20
1947,Persuasive,21
1947,Unconvincing,96
1948,Beautiful,67
1948,Confusing,21
1948,Courageous,54
1948,Fascinating,46
1948,Funny,40
1948,Informative,50
1948,Ingenious,64
1948,Inspiring,54
1948,Jaw-dropping,71
1948,Longwinded,26
1948,Obnoxious,57
1948,Persuasive,60
1948,Unconvincing,30
1949,Beautiful,309
1949,Confusing,4
1949,Courageous,567
1949,Fascinating,576
1949,Funny,445
1949,Informative,353
1949,Ingenious,282
1949,Inspiring,242
1949,Jaw-dropping,92
1949,Longwinded,551
1949,Obnoxious,542
1949,Persuasive,207
1949,Unconvincing,396
1950,Beautiful,87
1950,Confusing,256
1950,Courageous,299
1950,Fascinating,421
1950,Funny,334
1950,Informative,426
1950,Ingenious,454
1950,Inspiring,312
1950,Jaw-dropping,185
1950,Longwinded,99
1950,OK,435
1950,Obnoxious,268
1950,Persuasive,397
1950,Unconvincing,499
1951,Beautiful,474
1951,Confusing,155
1951,Courageous,388
1951,Fascinating,122
1951,Funny,427
1951,Informative,322
1951,Ingenious,487
1951,Inspiring,414
1951,Jaw-dropping,462
1951,Longwinded,53
1951,OK,2
1951,Obnoxious,457
1951,Persuasive,432
1951,Unconvincing,313
1952,Beautiful,313
1952,Confusing,303
1952,Courageous,305
1952,Fascinating,168
1952,Funny,178
1952,Informative,263
1952,Ingenious,202
1952,Inspiring,244
1952,Jaw-dropping,301
1952,Longwinded,17
1952,OK,94
1952,Obnoxious,244
1952,Persuasive,73
1952,Unconvincing,184
1953,Beautiful,21
1953,Courageous,41
1953,Fascinating,15
1953,Funny,21
1953,Informative,28
1953,Ingenious,20
1953,Inspiring,47
1953,Jaw-dropping,32
1953,Longwinded,39
1953,OK,9
1953,Obnoxious,37
1953,Persuasive,33
1953,Unconvincing,1
1954,Beautiful,64
1954,Confusing,16
1954,Courageous,20
1954,Fascinating,48
1954,Funny,66
1954,Informative,61
1954,Ingenious,69
1954,Inspiring,82
1954,Jaw-dropping,78
1954,Longwinded,78
1954,OK,37
1954,Obnoxious,10
1954,Persuasive,14
1954,Unconvincing,3
1955,Beautiful,106
1955,Confusing,106
1955,Courageous,158
1955,Fascinating,37
1955,Funny,287
1955,Informative,177
1955,Ingenious,34
1955,Inspiring,232
1955,Jaw-dropping,240
1955,Obnoxious,24
1955,Persuasive,292
1955,Unconvincing,14
1956,Beautiful,15
1956,Confusing,18
1956,Courageous,16
1956,Fascinating,17
1956,Funny,12
1956,Informative,14
1956,Ingenious,20
1956,Inspiring,5
1956,Jaw-dropping,15
1956,Longwinded,4
1956,OK,2
1956,Obnoxious,2
1956,Persuasive,16
1957,Beautiful,320
1957,Confusing,367
1957,Courageous,446
1957,Fascinating,235
1957,Funny,108
1957,Informative,451
1957,Ingenious,449
1957,Inspiring,466
1957,Jaw-dropping,147
1957,Longwinded,358
1957,OK,19
1957,Obnoxious,376
1957,Persuasive,102
1957,Unconvincing,228
1958,Beautiful,84
1958,Confusing,90
1958,Courageous,49
1958,Fascinating,65
1958,Funny,81
1958,Informative,58
1958,Ingenious,74
1958,Inspiring,9
1958,Jaw-dropping,77
1958,Longwinded,34
1958,OK,73
1958,Obnoxious,14
1958,Persuasive,77
1958,Unconvincing,2
1959,Beautiful,68
1959,Confusing,10
1959,Courageous,53
1959,Fascinating,31
1959,Funny,43
1959,Informative,110
1959,Ingenious,125
1959,Inspiring,22
1959,Jaw-dropping,66
1959,Longwinded,39
1959,Obnoxious,2
1959,Persuasive,108
1959,Unconvincing,77
1960,Beautiful,106
1960,Confusing,4
1960,Courageous,159
1960,Fascinating,22
1960,Funny,102
1960,Informative,159
1960,Ingenious,76
1960,Inspiring,67
1960,Jaw-dropping,92
1960,Longwinded,35
1960,OK,112
1960,Persuasive,165
1960,Unconvincing,2
1961,Beautiful,42
1961,Confusing,38
1961,Courageous,103
1961,Fascinating,53
1961,Funny,96
1961,Informative,91
1961,Ingenious,61
1961,Inspiring,61
1961,Jaw-dropping,88
1961,Longwinded,80
1961,OK,40
1961,Obnoxious,57
1961,Persuasive,76
1961,Unconvincing,2
1962,Beautiful,216
1962,Confusing,262
1962,Courageous,152
1962,Fascinating,113
1962,Funny,167
1962,Informative,148
1962,Ingenious,180
1962,Inspiring,187
1962,Jaw-dropping,210
1962,OK,100
1962,Obnoxious,175
1962,Persuasive,165
1962,Unconvincing,15
1963,Beautiful,195
1963,Confusing,23
1963,Courageous,228
1963,Fascinating,151
1963,Funny,146
1963,Informative,172
1963,Ingenious,164
1963,Inspiring,121
1963,Jaw-dropping,157
1963,Longwinded,163
1963,OK,10
1963,Obnoxious,236
1963,Persuasive,176
1963,Unconvincing,16
1964,Beautiful,63
1964,Confusing,2
1964,Courageous,62
1964,Fascinating,68
1964,Funny,13
1964,Informative,62
1964,Ingenious,35
1964,Inspiring,53
1964,Jaw-dropping,36
1964,OK,1
1964,Obnoxious,4
1964,Persuasive,47
1964,Unconvincing,61
1965,Beautiful,16
1965,Courageous,15
1965,Fascinating,22
1965,Funny,16
1965,Informative,22
1965,Ingenious,21
1965,Inspiring,16
1965,Jaw-dropping,21
1965,Longwinded,16
1965,OK,11
1965,Obnoxious,25
1965,Persuasive,12
1965,Unconvincing,17
1966,Beautiful,13
1966,Courageous,25
1966,Fascinating,16
1966,Funny,26
1966,Informative,23
1966,Ingenious,17
1966,Inspiring,20
1966,Jaw-dropping,13
1966,OK,15
1966,Obnoxious,3
1966,Persuasive,24
1966,Unconvincing,7
1967,Beautiful,57
1967,Confusing,53
1967,Courageous,45
1967,Fascinating,57
1967,Funny,48
1967,Informative,31
1967,Ingenious,56
1967,Inspiring,63
1967,Jaw-dropping,63
1967,Longwinded,32
1967,OK,32
1967,Obnoxious,4
1967,Persuasive,55
1967,Unconvincing,11
1968,Beautiful,50
1968,Confusing,51
1968,Courageous,120
1968,Fascinating,159
1968,Funny,171
1968,Informative,117
1968,Ingenious,184
1968,Inspiring,81
1968,Jaw-dropping,143
1968,Longwinded,117
1968,OK,5
1968,Persuasive,109
1968,Unconvincing,84
1969,Beautiful,27
1969,Confusing,25
1969,Courageous,62
1969,Fascinating,43
1969,Funny,62
1969,Informative,27
1969,Ingenious,47
1969,Inspiring,23
1969,Jaw-dropping,56
1969,Longwinded,36
1969,OK,49
1969,Obnoxious,54
1969,Persuasive,46
1970,Beautiful,68
1970,Courageous,85
1970,Fascinating,30
1970,Funny,26
1970,Informative,45
1970,Ingenious,7
1970,Inspiring,87
1970,Jaw-dropping,94
1970,OK,22
1970,Obnoxious,68
1970,Persuasive,65
1971,Beautiful,32
1971,Confusing,28
1971,Courageous,34
1971,Fascinating,46
1971,Funny,49
1971,Informative,25
1971,Ingenious,26
1971,Inspiring,52
1971,Jaw-dropping,64
1971,Longwinded,15
1971,OK,45
1971,Obnoxious,1
1971,Persuasive,44
1971,Unconvincing,8
1972,Beautiful,371
1972,Confusing,74
1972,Courageous,170
1972,Fascinating,249
1972,Funny,367
1972,Informative,287
1972,Ingenious,315
1972,Inspiring,336
1972,Jaw-dropping,212
1972,Longwinded,360
1972,OK,311
1972,Obnoxious,259
1972,Persuasive,153
1972,Unconvincing,1
1973,Beautiful,219
1973,Confusing,223
1973,Courageous,267
1973,Fascinating,302
1973,Funny,166
1973,Informative,162
1973,Ingenious,101
1973,Inspiring,260
1973,Jaw-dropping,163
1973,Longwinded,216
1973,OK,214
1973,Obnoxious,152
1973,Persuasive,188
1973,Unconvincing,288
1974,Beautiful,49
1974,Confusing,21
1974,Courageous,23
1974,Fascinating,31
1974,Funny,42
1974,Informative,46
1974,Ingenious,19
1974,Inspiring,31
1974,Jaw-dropping,19
1974,Longwinded,16
1974,Obnoxious,35
1974,Persuasive,19
1974,Unconvincing,23
1975,Beautiful,11
1975,Confusing,95
1975,Courageous,63
1975,Fascinating,38
1975,Funny,92
1975,Informative,108
1975,Ingenious,102
1975,Inspiring,60
1975,Jaw-dropping,92
1975,OK,64
1975,Obnoxious,13
1975,Persuasive,72
1975,Unconvincing,9
1976,Beautiful,1123
1976,Confusing,589
1976,Courageous,1395
1976,Fascinating,1313
1976,Funny,1062
1976,Informative,1170
1976,Ingenious,289
1976,Inspiring,1373
1976,Jaw-dropping,874
1976,Longwinded,1178
1976,OK,95
1976,Obnoxious,300
1976,Persuasive,1239
1976,Unconvincing,502
1977,Beautiful,80
1977,Confusing,9
1977,Courageous,38
1977,Fascinating,66
1977,Funny,64
1977,Informative,21
1977,Ingenious,46
1977,Inspiring,64
1977,Jaw-dropping,92
1977,Longwinded,66
1977,OK,91
1977,Obnoxious,8
1977,Persuasive,73
1977,Unconvincing,21
1978,Beautiful,167
1978,Confusing,30
1978,Courageous,129
1978,Fascinating,111
1978,Funny,193
1978,Informative,111
1978,Ingenious,123
1978,Inspiring,56
1978,Jaw-dropping,182
1978,Longwinded,26
1978,OK,6
1978,Obnoxious,94
1978,Persuasive,72
1978,Unconvincing,41
1979,Beautiful,246
1979,Confusing,337
1979,Courageous,289
1979,Fascinating,176
1979,Funny,259
1979,Informative,97
1979,Ingenious,235
1979,Inspiring,239
1979,Jaw-dropping,313
1979,Longwinded,149
1979,OK,137
1979,Obnoxious,4
1979,Persuasive,93
1979,Unconvincing,26
1980,Beautiful,48
1980,Confusing,13
1980,Courageous,26
1980,Fascinating,52
1980,Funny,12
1980,Informative,41
1980,Ingenious,49
1980,Inspiring,52
1980,Jaw-dropping,33
1980,Longwinded,29
1980,OK,21
1980,Obnoxious,49
1980,Persuasive,48
1980,Unconvincing,69
1981,Beautiful,161
1981,Confusing,229
1981,Courageous,278
1981,Fascinating,438
1981,Funny,447
1981,Informative,404
1981,Ingenious,324
1981,Inspiring,192
1981,Jaw-dropping,429
1981,Longwinded,420
1981,OK,3
1981,Obnoxious,171
1981,Persuasive,55
1981,Unconvincing,4
1982,Beautiful,673
1982,Confusing,23
1982,Courageous,720
1982,Fascinating,1066
1982,Funny,809
1982,Informative,1023
1982,Ingenious,175
1982,Inspiring,778
1982,Jaw-dropping,1093
1982,Longwinded,274
1982,OK,218
1982,Obnoxious,516
1982,Persuasive,814
1982,Unconvincing,23
1983,Beautiful,99
1983,Confusing,55
1983,Courageous,90
1983,Fascinating,34
1983,Funny,116
1983,Informative,20
1983,Ingenious,103
1983,Inspiring,78
1983,Jaw-dropping,105
1983,Longwinded,101
1983,OK,84
1983,Persuasive,91
1983,Unconvincing,76
1984,Beautiful,281
1984,Confusing,10
1984,Courageous,329
1984,Fascinating,178
1984,Funny,367
1984,Informative,159
1984,Ingenious,283
1984,Inspiring,129
1984,Jaw-dropping,347
1984,Longwinded,10
1984,OK,20
1984,Obnoxious,3
1984,Persuasive,352
1984,Unconvincing,14
1985,Beautiful,97
1985,Confusing,20
1985,Courageous,97
1985,Fascinating,143
1985,Funny,137
1985,Informative,77
1985,Ingenious,103
1985,Inspiring,142
1985,Jaw-dropping,148
1985,Longwinded,2
1985,OK,12
1985,Obnoxious,3
1985,Persuasive,155
1985,Unconvincing,62
1986,Beautiful,104
1986,Confusing,97
1986,Courageous,29
1986,Fascinating,83
1986,Funny,72
1986,Informative,94
1986,Ingenious,103
1986,Inspiring,91
1986,Jaw-dropping,97
1986,Longwinded,31
1986,OK,15
1986,Obnoxious,48
1986,Persuasive,60
1987,Beautiful,63
1987,Confusing,13
1987,Courageous,50
1987,Fascinating,54
1987,Funny,58
1987,Informative,72
1987,Ingenious,69
1987,Inspiring,12
1987,Jaw-dropping,68
1987,Longwinded,69
1987,OK,41
1987,Obnoxious,27
1987,Persuasive,40
1987,Unconvincing,33
1988,Beautiful,66
1988,Confusing,50
1988,Courageous,24
1988,Fascinating,59
1988,Funny,50
1988,Informative,43
1988,Ingenious,56
1988,Inspiring,32
1988,Jaw-dropping,57
1988,Longwinded,33
1988,OK,6
1988,Obnoxious,16
1988,Persuasive,44
1988,Unconvincing,2
1989,Beautiful,186
1989,Confusing,126
1989,Courageous,283
1989,Fascinating,155
1989,Funny,167
1989,Informative,249
1989,Ingenious,290
1989,Inspiring,164
1989,Jaw-dropping,239
1989,Longwinded,179
1989,OK,213
1989,Obnoxious,62
1989,Persuasive,45
1989,Unconvincing,3
1990,Beautiful,108
1990,Confusing,21
1990,Courageous,70
1990,Fascinating,53
1990,Funny,78
1990,Informative,74
1990,Ingenious,85
1990,Inspiring,30
1990,Jaw-dropping,97
1990,Longwinded,32
1990,OK,22
1990,Obnoxious,2
1990,Persuasive,76
1990,Unconvincing,3
1991,Beautiful,212
1991,Confusing,83
1991,Courageous,202
1991,Fascinating,225
1991,Funny,58
1991,Informative,199
1991,Ingenious,143
1991,Inspiring,70
1991,Jaw-dropping,118
1991,Longwinded,144
1991,OK,8
1991,Obnoxious,20
1991,Persuasive,221
1992,Beautiful,756
1992,Confusing,59
1992,Courageous,271
1992,Fascinating,478
1992,Funny,225
1992,Informative,519
1992,Ingenious,191
1992,Inspiring,302
1992,Jaw-dropping,312
1992,OK,357
1992,Obnoxious,250
1992,Persuasive,648
1992,Unconvincing,449
1993,Beautiful,18
1993,Confusing,44
1993,Courageous,37
1993,Fascinating,51
1993,Funny,20
1993,Informative,45
1993,Ingenious,47
1993,Inspiring,26
1993,Jaw-dropping,57
1993,Longwinded,33
1993,OK,25
1993,Obnoxious,14
1993,Persuasive,49
1993,Unconvincing,13
1994,Beautiful,668
1994,Confusing,622
1994,Courageous,295
1994,Fascinating,705
1994,Funny,637
1994,Informative,497
1994,Ingenious,484
1994,Inspiring,613
1994,Jaw-dropping,465
1994,Longwinded,5
1994,OK,223
1994,Obnoxious,24
1994,Persuasive,454
1994,Unconvincing,74
1995,Beautiful,6
1995,Confusing,15
1995,Courageous,19
1995,Fascinating,40
1995,Funny,12
1995,Informative,24
1995,Ingenious,28
1995,Inspiring,30
1995,Jaw-dropping,24
1995,Longwinded,3
1995,OK,18
1995,Obnoxious,18
1995,Persuasive,17
1995,Unconvincing,8
1996,Beautiful,10
1996,Confusing,3
1996,Courageous,10
1996,Fascinating,12
1996,Funny,14
1996,Informative,8
1996,Ingenious,6
1996,Inspiring,5
1996,Jaw-dropping,6
1996,Longwinded,5
1996,Persuasive,11
1996,Unconvincing,7
1997,Beautiful,61
1997,Confusing,31
1997,Courageous,44
1997,Fascinating,69
1997,Funny,54
1997,Informative,66
1997,Ingenious,22
1997,Inspiring,59
1997,Jaw-dropping,27
1997,Longwinded,25
1997,Persuasive,36
1998,Beautiful,178
1998,Confusing,84
1998,Courageous,191
1998,Fascinating,160
1998,Funny,75
1998,Informative,168
1998,Ingenious,139
1998,Inspiring,140
1998,Jaw-dropping,61
1998,Longwinded,167
1998,OK,134
1998,Obnoxious,153
1998,Persuasive,195
1998,Unconvincing,136
1999,Beautiful,251
1999,Confusing,43
1999,Courageous,559
1999,Fascinating,801
1999,Funny,211
1999,Informative,609
1999,Ingenious,501
1999,Inspiring,607
1999,Jaw-dropping,357
1999,Longwinded,266
1999,OK,887
1999,Obnoxious,79
1999,Persuasive,823
2000,Beautiful,15
2000,Confusing,46
2000,Courageous,27
2000,Fascinating,30
2000,Funny,31
2000,Informative,43
2000,Ingenious,31
2000,Inspiring,48
2000,Jaw-dropping,4
2000,OK,2
2000,Persuasive,10
2000,Unconvincing,1
2001,Beautiful,16
2001,Confusing,20
2001,Courageous,10
2001,Fascinating,22
2001,Funny,11
2001,Informative,18
2001,Ingenious,20
2001,Inspiring,19
2001,Jaw-dropping,10
2001,Longwinded,1
2001,OK,7
2001,Persuasive,22
2001,Unconvincing,7
2002,Beautiful,675
2002,Confusing,852
2002,Courageous,1025
2002,Fascinating,978
2002,Funny,699
2002,Informative,857
2002,Ingenious,713
2002,Inspiring,973
2002,Jaw-dropping,687
2002,Longwinded,319
2002,OK,655
2002,Persuasive,640
2003,Beautiful,135
2003,Courageous,104
2003,Fascinating,60
2003,Funny,24
2003,Informative,133
2003,Ingenious,143
2003,Inspiring,82
2003,Jaw-dropping,96
2003,Longwinded,96
2003,OK,127
2003,Obnoxious,128
2003,Persuasive,92
2003,Unconvincing,77
2004,Beautiful,53
2004,Confusing,24
2004,Courageous,48
2004,Fascinating,15
2004,Funny,59
2004,Informative,60
2004,Ingenious,32
2004,Inspiring,30
2004,Jaw-dropping,50
2004,Longwinded,20
2004,OK,23
2004,Obnoxious,2
2004,Persuasive,49
2004,Unconvincing,1
2005,Beautiful,120
2005,Confusing,6
2005,Courageous,114
2005,Fascinating,232
2005,Funny,97
2005,Informative,63
2005,Ingenious,215
2005,Inspiring,182
2005,Jaw-dropping,191
2005,Longwinded,65
2005,OK,170
2005,Obnoxious,1
2005,Persuasive,148
2006,Beautiful,44
2006,Confusing,33
2006,Courageous,33
2006,Fascinating,36
2006,Funny,42
2006,Informative,39
2006,Ingenious,45
2006,Inspiring,25
2006,Jaw-dropping,16
2006,Longwinded,3
2006,OK,1
2006,Obnoxious,17
2006,Persuasive,14
2006,Unconvincing,13
2007,Beautiful,39
2007,Confusing,8
2007,Courageous,32
2007,Fascinating,38
2007,Funny,38
2007,Informative,21
2007,Ingenious,21
2007,Inspiring,35
2007,Jaw-dropping,35
2007,Obnoxious,21
2007,Persuasive,32
2008,Beautiful,65
2008,Confusing,24
2008,Courageous,38
2008,Fascinating,61
2008,Funny,41
2008,Informative,37
2008,Ingenious,62
2008,Inspiring,62
2008,Jaw-dropping,27
2008,Longwinded,25
2008,OK,12
2008,Obnoxious,2
2008,Persuasive,40
2008,Unconvincing,8
2009,Beautiful,28
2009,Confusing,15
2009,Courageous,29
2009,Fascinating,8
2009,Funny,24
2009,Informative,30
2009,Ingenious,28
2009,Inspiring,27
2009,Jaw-dropping,23
2009,Longwinded,1
2009,OK,5
2009,Obnoxious,12
2009,Persuasive,18
2010,Beautiful,38
2010,Confusing,5
2010,Courageous,39
2010,Fascinating,37
2010,Funny,43
2010,Informative,45
2010,Ingenious,39
2010,Inspiring,53
2010,Jaw-dropping,31
2010,Longwinded,8
2010,OK,12
2010,Obnoxious,7
2010,Persuasive,42
2010,Unconvincing,26
2011,Beautiful,9
2011,Confusing,35
2011,Courageous,34
2011,Fascinating,32
2011,Funny,42
2011,Informative,32
2011,Ingenious,27
2011,Inspiring,35
2011,Jaw-dropping,45
2011,Longwinded,40
2011,OK,3
2011,Obnoxious,1
2011,Persuasive,32
2011,Unconvincing,32
2012,Beautiful,26
2012,Confusing,15
2012,Courageous,11
2012,Fascinating,21
2012,Funny,15
2012,Informative,17
2012,Ingenious,20
2012,Inspiring,19
2012,Jaw-dropping,19
2012,Longwinded,23
2012,OK,4
2012,Persuasive,20
2013,Beautiful,50
2013,Confusing,1
2013,Courageous,78
2013,Fascinating,86
2013,Funny,89
2013,Informative,4
2013,Ingenious,108
2013,Inspiring,72
2013,Jaw-dropping,109
2013,Longwinded,53
2013,OK,3
2013,Obnoxious,1
2013,Persuasive,91
2013,Unconvincing,83
2014,Beautiful,31
2014,Confusing,20
2014,Courageous,43
2014,Fascinating,51
2014,Funny,49
2014,Informative,46
2014,Ingenious,38
2014,Inspiring,33
2014,Jaw-dropping,41
2014,OK,1
2014,Obnoxious,12
2014,Persuasive,27
2014,Unconvincing,34
2015,Beautiful,125
2015,Courageous,91
2015,Fascinating,157
2015,Funny,119
2015,Informative,43
2015,Ingenious,87
2015,Inspiring,97
2015,Jaw-dropping,87
2015,OK,71
2015,Obnoxious,5
2015,Persuasive,91
2015,Unconvincing,47
2016,Beautiful,185
2016,Confusing,99
2016,Courageous,218
2016,Fascinating,126
2016,Funny,96
2016,Informative,240
2016,Ingenious,223
2016,Inspiring,106
2016,Jaw-dropping,172
2016,Longwinded,230
2016,OK,3
2016,Obnoxious,20
2016,Persuasive,117
2016,Unconvincing,49
2017,Beautiful,177
2017,Confusing,205
2017,Courageous,184
2017,Fascinating,113
2017,Funny,174
2017,Informative,86
2017,Ingenious,143
2017,Inspiring,139
2017,Jaw-dropping,145
2017,Longwinded,51
2017,OK,28
2017,Obnoxious,141
2017,Persuasive,204
2018,Beautiful,145
2018,Confusing,9
2018,Courageous,139
2018,Fascinating,138
2018,Funny,98
2018,Informative,83
2018,Ingenious,94
2018,Inspiring,39
2018,Jaw-dropping,88
2018,OK,73
2018,Obnoxious,130
2018,Persuasive,83
2018,Unconvincing,86
2019,Beautiful,88
2019,Confusing,16
2019,Courageous,78
2019,Fascinating,84
2019,Funny,85
2019,Informative,28
2019,Ingenious,38
2019,Inspiring,76
2019,Jaw-dropping,28
2019,Longwinded,3
2019,OK,8
2019,Obnoxious,17
2019,Persuasive,89
2019,Unconvincing,9
2020,Beautiful,1296
2020,Confusing,96
2020,Courageous,2315
2020,Fascinating,1879
2020,Funny,1440
2020,Informative,1084
2020,Ingenious,1512
2020,Inspiring,2301
2020,Jaw-dropping,1941
2020,Longwinded,994
2020,OK,1736
2020,Obnoxious,87
2020,Persuasive,2005
2020,Unconvincing,838
2021,Beautiful,798
2021,Confusing,7
2021,Courageous,491
2021,Fascinating,730
2021,Funny,556
2021,Informative,497
2021,Ingenious,212
2021,Inspiring,254
2021,Jaw-dropping,387
2021,Longwinded,465
2021,OK,441
2021,Obnoxious,296
2021,Persuasive,740
2021,Unconvincing,37
2022,Beautiful,51
2022,Confusing,21
2022,Courageous,24
2022,Fascinating,13
2022,Funny,63
2022,Informative,28
2022,Ingenious,39
2022,Inspiring,55
2022,Jaw-dropping,45
2022,OK,11
2022,Obnoxious,1
2022,Persuasive,14
2022,Unconvincing,19
2023,Beautiful,124
2023,Courageous,125
2023,Fascinating,80
2023,Funny,58
2023,Informative,37
2023,Ingenious,44
2023,Inspiring,97
2023,Jaw-dropping,90
2023,Longwinded,43
2023,OK,111
2023,Obnoxious,55
2023,Persuasive,113
2023,Unconvincing,9
2024,Beautiful,2
2024,Courageous,6
2024,Fascinating,2
2024,Funny,5
2024,Informative,5
2024,Ingenious,3
2024,Inspiring,5
2024,Jaw-dropping,4
2024,Obnoxious,6
2024,Persuasive,3
2024,Unconvincing,4
2025,Beautiful,4
2025,Courageous,15
2025,Fascinating,11
2025,Funny,16
2025,Informative,8
2025,Ingenious,13
2025,Inspiring,16
2025,Jaw-dropping,13
2025,Longwinded,2
2025,OK,4
2025,Obnoxious,4
2026,Beautiful,70
2026,Confusing,48
2026,Courageous,52
2026,Fascinating,86
2026,Funny,21
2026,Informative,82
2026,Ingenious,78
2026,Inspiring,27
2026,Jaw-dropping,52
2026,Longwinded,41
2026,OK,28
2026,Obnoxious,10
2026,Persuasive,94
2026,Unconvincing,13
2027,Beautiful,148
2027,Confusing,148
2027,Courageous,280
2027,Fascinating,198
2027,Funny,111
2027,Informative,57
2027,Ingenious,257
2027,Inspiring,139
2027,Jaw-dropping,317
2027,Longwinded,55
2027,OK,36
2027,Obnoxious,27
2027,Persuasive,53
2027,Unconvincing,346
2028,Beautiful,43
2028,Confusing,19
2028,Courageous,47
2028,Fascinating,15
2028,Funny,73
2028,Informative,41
2028,Ingenious,61
2028,Inspiring,74
2028,Jaw-dropping,73
2028,Longwinded,42
2028,OK,53
2028,Obnoxious,2
2028,Persuasive,23
2028,Unconvincing,12
2029,Beautiful,81
2029,Confusing,5
2029,Courageous,73
2029,Fascinating,74
2029,Funny,69
2029,Informative,61
2029,Ingenious,75
2029,Inspiring,70
2029,Jaw-dropping,22
2029,Longwinded,26
2029,OK,15
2029,Obnoxious,1
2029,Persuasive,73
2030,Beautiful,5
2030,Confusing,3
2030,Courageous,13
2030,Fascinating,14
2030,Funny,14
2030,Informative,10
2030,Ingenious,14
2030,Inspiring,7
2030,Jaw-dropping,15
2030,Longwinded,3
2030,OK,13
2030,Persuasive,3
2030,Unconvincing,15
2031,Beautiful,4
2031,Courageous,3
2031,Fascinating,4
2031,Informative,5
2031,Ingenious,5
2031,Inspiring,5
2031,Jaw-dropping,5
2031,Longwinded,4
2031,OK,1
2031,Obnoxious,5
2031,Persuasive,4
2031,Unconvincing,1
2032,Beautiful,48
2032,Confusing,53
2032,Courageous,19
2032,Fascinating,52
2032,Funny,30
2032,Informative,42
2032,Ingenious,23
2032,Inspiring,6
2032,Jaw-dropping,40
2032,Longwinded,17
2032,Obnoxious,1
2032,Persuasive,49
2032,Unconvincing,29
2033,Beautiful,239
2033,Confusing,45
2033,Courageous,215
2033,Fascinating,185
2033,Funny,227
2033,Informative,146
2033,Ingenious,215
2033,Inspiring,187
2033,Jaw-dropping,79
2033,Longwinded,194
2033,OK,78
2033,Obnoxious,88
2033,Persuasive,135
2033,Unconvincing,180
2034,Beautiful,41
2034,Confusing,9
2034,Courageous,25
2034,Fascinating,25
2034,Funny,60
2034,Informative,57
2034,Ingenious,13
2034,Inspiring,10
2034,Jaw-dropping,27
2034,Longwinded,30
2034,OK,14
2034,Persuasive,9
2034,Unconvincing,20
2035,Beautiful,47
2035,Confusing,101
2035,Courageous,96
2035,Fascinating,40
2035,Funny,27
2035,Informative,51
2035,Ingenious,96
2035,Inspiring,84
2035,Jaw-dropping,79
2035,Longwinded,56
2035,OK,47
2035,Obnoxious,4
2035,Persuasive,85
2036,Beautiful,445
2036,Confusing,239
2036,Courageous,1107
2036,Fascinating,1058
2036,Funny,1128
2036,Informative,80
2036,Ingenious,1264
2036,Inspiring,1033
2036,Jaw-dropping,809
2036,Longwinded,1139
2036,OK,13
2036,Persuasive,467
2036,Unconvincing,218
2037,Beautiful,105
2037,Confusing,93
2037,Courageous,119
2037,Fascinating,123
2037,Funny,213
2037,Informative,197
2037,Ingenious,190
2037,Inspiring,189
2037,Jaw-dropping,94
2037,Longwinded,15
2037,OK,43
2037,Obnoxious,3
2037,Persuasive,157
2037,Unconvincing,7
2038,Beautiful,136
2038,Confusing,19
2038,Courageous,200
2038,Fascinating,297
2038,Funny,196
2038,Informative,262
2038,Ingenious,160
2038,Inspiring,172
2038,Jaw-dropping,77
2038,Longwinded,39
2038,OK,120
2038,Obnoxious,2
2038,Persuasive,231
2038,Unconvincing,65
2039,Beautiful,60
2039,Confusing,2
2039,Courageous,60
2039,Fascinating,32
2039,Funny,53
2039,Informative,50
2039,Ingenious,48
2039,Inspiring,36
2039,Jaw-dropping,33
2039,OK,61
2039,Obnoxious,9
2039,Persuasive,53
2039,Unconvincing,11
2040,Beautiful,61
2040,Confusing,18
2040,Courageous,119
2040,Fascinating,84
2040,Funny,114
2040,Informative,67
2040,Ingenious,85
2040,Inspiring,55
2040,Jaw-dropping,92
2040,Longwinded,7
2040,OK,76
2040,Obnoxious,117
2040,Persuasive,107
2040,Unconvincing,34
2041,Beautiful,30
2041,Confusing,29
2041,Courageous,35
2041,Fascinating,36
2041,Funny,28
2041,Informative,17
2041,Ingenious,34
2041,Inspiring,28
2041,Jaw-dropping,31
2041,Longwinded,13
2041,OK,1
2041,Obnoxious,15
2041,Persuasive,28
2041,Unconvincing,19
2042,Beautiful,196
2042,Confusing,82
2042,Courageous,105
2042,Fascinating,158
2042,Funny,189
2042,Informative,79
2042,Ingenious,145
2042,Inspiring,192
2042,Jaw-dropping,168
2042,Longwinded,12
2042,OK,43
2042,Obnoxious,41
2042,Persuasive,72
2042,Unconvincing,2
2043,Beautiful,125
2043,Confusing,13
2043,Courageous,155
2043,Fascinating,192
2043,Funny,77
2043,Informative,155
2043,Ingenious,140
2043,Inspiring,100
2043,Jaw-dropping,218
2043,Longwinded,2
2043,OK,56
2043,Obnoxious,1
2043,Persuasive,170
2043,Unconvincing,93
2044,Beautiful,376
2044,Confusing,3
2044,Courageous,178
2044,Fascinating,494
2044,Funny,99
2044,Informative,409
2044,Ingenious,157
2044,Inspiring,484
2044,Jaw-dropping,360
2044,Longwinded,101
2044,OK,93
2044,Obnoxious,122
2044,Persuasive,352
2044,Unconvincing,216
2045,Beautiful,140
2045,Confusing,17
2045,Courageous,192
2045,Fascinating,117
2045,Funny,177
2045,Informative,159
2045,Ingenious,69
2045,Inspiring,53
2045,Jaw-dropping,41
2045,OK,39
2045,Persuasive,31
2045,Unconvincing,21
2046,Beautiful,177
2046,Confusing,68
2046,Courageous,147
2046,Fascinating,80
2046,Funny,181
2046,Informative,157
2046,Ingenious,151
2046,Inspiring,111
2046,Jaw-dropping,140
2046,Longwinded,55
2046,OK,4
2046,Obnoxious,164
2046,Persuasive,145
2046,Unconvincing,131
2047,Beautiful,185
2047,Confusing,201
2047,Courageous,185
2047,Fascinating,111
2047,Funny,83
2047,Informative,187
2047,Ingenious,227
2047,Inspiring,137
2047,Jaw-dropping,102
2047,Longwinded,1
2047,OK,35
2047,Persuasive,178
2047,Unconvincing,49
2048,Beautiful,62
2048,Courageous,71
2048,Fascinating,65
2048,Funny,74
2048,Informative,83
2048,Ingenious,83
2048,Inspiring,70
2048,Jaw-dropping,76
2048,OK,64
2048,Obnoxious,22
2048,Persuasive,64
2048,Unconvincing,17
2049,Beautiful,163
2049,Confusing,29
2049,Courageous,53
2049,Fascinating,106
2049,Funny,132
2049,Informative,110
2049,Ingenious,172
2049,Inspiring,181
2049,Jaw-dropping,139
2049,Longwinded,55
2049,Obnoxious,15
2049,Persuasive,65
2049,Unconvincing,174
2050,Beautiful,340
2050,Confusing,13
2050,Courageous,378
2050,Fascinating,227
2050,Funny,352
2050,Informative,107
2050,Ingenious,222
2050,Inspiring,294
2050,Jaw-dropping,67
2050,Longwinded,145
2050,Obnoxious,115
2050,Persuasive,373
2050,Unconvincing,27
2051,Beautiful,751
2051,Confusing,358
2051,Courageous,281
2051,Fascinating,452
2051,Funny,197
2051,Informative,824
2051,Ingenious,682
2051,Inspiring,808
2051,Jaw-dropping,721
2051,Longwinded,452
2051,OK,2
2051,Obnoxious,460
2051,Persuasive,715
2051,Unconvincing,195
2052,Beautiful,35
2052,Confusing,5
2052,Courageous,37
2052,Fascinating,24
2052,Funny,29
2052,Informative,36
2052,Ingenious,34
2052,Inspiring,27
2052,Jaw-dropping,30
2052,Longwinded,16
2052,OK,19
2052,Obnoxious,38
2052,Persuasive,35
2052,Unconvincing,6
2053,Beautiful,33
2053,Confusing,11
2053,Courageous,21
2053,Fascinating,17
2053,Funny,18
2053,Informative,26
2053,Ingenious,3
2053,Inspiring,10
2053,Jaw-dropping,24
2053,Longwinded,11
2053,Obnoxious,34
2053,Persuasive,32
2054,Beautiful,142
2054,Confusing,59
2054,Courageous,215
2054,Fascinating,126
2054,Funny,197
2054,Informative,214
2054,Ingenious,245
2054,Inspiring,186
2054,Jaw-dropping,257
2054,Longwinded,166
2054,OK,30
2054,Obnoxious,138
2054,Persuasive,182
2054,Unconvincing,251
2055,Beautiful,135
2055,Confusing,11
2055,Courageous,168
2055,Fascinating,77
2055,Funny,152
2055,Informative,167
2055,Ingenious,147
2055,Inspiring,146
2055,Jaw-dropping,175
2055,Longwinded,42
2055,OK,115
2055,Obnoxious,131
2055,Persuasive,52
2055,Unconvincing,12
2056,Beautiful,343
2056,Confusing,7
2056,Courageous,267
2056,Fascinating,167
2056,Funny,268
2056,Informative,292
2056,Ingenious,289
2056,Inspiring,331
2056,Jaw-dropping,381
2056,Longwinded,13
2056,OK,355
2056,Obnoxious,121
2056,Persuasive,308
2056,Unconvincing,310
2057,Beautiful,1436
2057,Confusing,1988
2057,Courageous,1902
2057,Fascinating,1584
2057,Funny,1383
2057,Informative,501
2057,Ingenious,1353
2057,Inspiring,1138
2057,Jaw-dropping,2013
2057,Longwinded,171
2057,Obnoxious,25
2057,Persuasive,1856
2057,Unconvincing,1418
2058,Beautiful,157
2058,Confusing,20
2058,Courageous,163
2058,Fascinating,212
2058,Funny,141
2058,Informative,197
2058,Ingenious,175
2058,Inspiring,88
2058,Jaw-dropping,208
2058,Longwinded,39
2058,OK,15
2058,Persuasive,77
2058,Unconvincing,159
2059,Beautiful,55
2059,Confusing,89
2059,Courageous,106
2059,Fascinating,82
2059,Funny,73
2059,Informative,45
2059,Ingenious,105
2059,Inspiring,101
2059,Jaw-dropping,49
2059,Longwinded,52
2059,OK,9
2059,Obnoxious,90
2059,Persuasive,55
2059,Unconvincing,31
2060,Beautiful,75
2060,Confusing,32
2060,Courageous,105
2060,Fascinating,90
2060,Funny,109
2060,Informative,50
2060,Ingenious,57
2060,Inspiring,107
2060,Jaw-dropping,61
2060,Longwinded,16
2060,OK,7
2060,Obnoxious,16
2060,Persuasive,67
2060,Unconvincing,103
2061,Beautiful,6
2061,Confusing,2
2061,Courageous,14
2061,Fascinating,21
2061,Funny,18
2061,Informative,3
2061,Ingenious,4
2061,Inspiring,25
2061,Jaw-dropping,25
2061,Longwinded,24
2061,OK,7
2061,Persuasive,25
2062,Beautiful,259
2062,Confusing,116
2062,Courageous,188
2062,Fascinating,264
2062,Funny,303
2062,Informative,106
2062,Ingenious,227
2062,Inspiring,354
2062,Jaw-dropping,286
2062,Longwinded,9
2062,OK,314
2062,Obnoxious,98
2062,Persuasive,287
2062,Unconvincing,353
2063,Beautiful,133
2063,Confusing,14
2063,Courageous,118
2063,Fascinating,36
2063,Funny,122
2063,Informative,61
2063,Ingenious,64
2063,Inspiring,112
2063,Jaw-dropping,61
2063,Longwinded,78
2063,OK,52
2063,Obnoxious,23
2063,Persuasive,107
2063,Unconvincing,92
2064,Beautiful,159
2064,Confusing,73
2064,Courageous,134
2064,Fascinating,134
2064,Funny,93
2064,Informative,106
2064,Ingenious,168
2064,Inspiring,118
2064,Jaw-dropping,27
2064,Longwinded,26
2064,Obnoxious,151
2064,Persuasive,61
2064,Unconvincing,95
2065,Beautiful,48
2065,Confusing,30
2065,Courageous,16
2065,Fascinating,45
2065,Funny,48
2065,Informative,60
2065,Ingenious,54
2065,Inspiring,41
2065,Jaw-dropping,41
2065,Longwinded,29
2065,OK,61
2065,Obnoxious,41
2065,Persuasive,42
2065,Unconvincing,5
2066,Beautiful,304
2066,Confusing,46
2066,Courageous,142
2066,Fascinating,290
2066,Funny,40
2066,Informative,300
2066,Ingenious,295
2066,Inspiring,121
2066,Jaw-dropping,212
2066,Longwinded,7
2066,OK,36
2066,Obnoxious,3
2066,Persuasive,74
2066,Unconvincing,193
2067,Beautiful,59
2067,Confusing,34
2067,Courageous,55
2067,Fascinating,48
2067,Funny,55
2067,Informative,51
2067,Ingenious,42
2067,Inspiring,36
2067,Jaw-dropping,23
2067,Longwinded,20
2067,OK,6
2067,Obnoxious,54
2067,Persuasive,41
2067,Unconvincing,36
2068,Beautiful,8
2068,Courageous,9
2068,Fascinating,7
2068,Funny,4
2068,Informative,9
2068,Ingenious,3
2068,Inspiring,6
2068,Jaw-dropping,9
2068,Longwinded,10
2068,Obnoxious,1
2068,Persuasive,9
2069,Beautiful,83
2069,Confusing,110
2069,Courageous,184
2069,Fascinating,62
2069,Funny,119
2069,Informative,92
2069,Ingenious,116
2069,Inspiring,108
2069,Jaw-dropping,139
2069,Longwinded,17
2069,OK,137
2069,Obnoxious,3
2069,Persuasive,154
2069,Unconvincing,4
2070,Beautiful,66
2070,Confusing,14
2070,Courageous,57
2070,Fascinating,53
2070,Funny,67
2070,Informative,68
2070,Ingenious,46
2070,Inspiring,34
2070,Jaw-dropping,44
2070,OK,58
2070,Obnoxious,63
2070,Persuasive,59
2070,Unconvincing,23
2071,Beautiful,132
2071,Confusing,21
2071,Courageous,156
2071,Fascinating,74
2071,Funny,98
2071,Informative,128
2071,Ingenious,46
2071,Inspiring,152
2071,Jaw-dropping,142
2071,Longwinded,116
2071,OK,49
2071,Persuasive,80
2071,Unconvincing,4
2072,Beautiful,41
2072,Confusing,23
2072,Courageous,27
2072,Fascinating,40
2072,Funny,32
2072,Informative,41
2072,Ingenious,37
2072,Inspiring,24
2072,Jaw-dropping,45
2072,Longwinded,27
2072,OK,24
2072,Obnoxious,37
2072,Persuasive,36
2072,Unconvincing,29
2073,Beautiful,24
2073,Courageous,43
2073,Fascinating,46
2073,Funny,44
2073,Informative,23
2073,Ingenious,17
2073,Inspiring,22
2073,Jaw-dropping,29
2073,Longwinded,46
2073,OK,2
2073,Obnoxious,10
2073,Persuasive,15
2073,Unconvincing,2
2074,Beautiful,221
2074,Courageous,403
2074,Fascinating,150
2074,Funny,426
2074,Informative,347
2074,Ingenious,377
2074,Inspiring,533
2074,Jaw-dropping,302
2074,Longwinded,175
2074,OK,140
2074,Obnoxious,220
2074,Persuasive,189
2074,Unconvincing,101
2075,Beautiful,263
2075,Confusing,149
2075,Courageous,210
2075,Fascinating,286
2075,Funny,72
2075,Informative,166
2075,Ingenious,146
2075,Inspiring,164
2075,Jaw-dropping,176
2075,Longwinded,127
2075,OK,7
2075,Obnoxious,224
2075,Persuasive,193
2075,Unconvincing,34
2076,Beautiful,78
2076,Confusing,52
2076,Courageous,31
2076,Fascinating,27
2076,Funny,18
2076,Informative,58
2076,Ingenious,89
2076,Inspiring,77
2076,Jaw-dropping,44
2076,Longwinded,86
2076,OK,64
2076,Obnoxious,81
2076,Persuasive,25
2076,Unconvincing,60
2077,Beautiful,46
2077,Confusing,7
2077,Courageous,192
2077,Fascinating,252
2077,Funny,257
2077,Informative,190
2077,Ingenious,309
2077,Inspiring,392
2077,Jaw-dropping,299
2077,Longwinded,77
2077,OK,4
2077,Obnoxious,330
2077,Persuasive,287
2077,Unconvincing,35
2078,Beautiful,225
2078,Confusing,101
2078,Courageous,298
2078,Fascinating,392
2078,Funny,227
2078,Informative,199
2078,Ingenious,234
2078,Inspiring,137
2078,Jaw-dropping,268
2078,OK,1
2078,Obnoxious,11
2078,Persuasive,40
2078,Unconvincing,329
2079,Beautiful,22
2079,Confusing,20
2079,Courageous,27
2079,Fascinating,13
2079,Funny,15
2079,Informative,26
2079,Ingenious,25
2079,Inspiring,18
2079,Jaw-dropping,17
2079,Longwinded,18
2079,Obnoxious,10
2079,Persuasive,22
2079,Unconvincing,4
2080,Beautiful,44
2080,Courageous,86
2080,Fascinating,93
2080,Funny,87
2080,Informative,33
2080,Ingenious,78
2080,Inspiring,60
2080,Jaw-dropping,64
2080,Longwinded,34
2080,OK,27
2080,Obnoxious,11
2080,Persuasive,76
2080,Unconvincing,2
2081,Beautiful,6
2081,Courageous,8
2081,Fascinating,8
2081,Funny,7
2081,Informative,9
2081,Ingenious,16
2081,Inspiring,16
2081,Jaw-dropping,18
2081,Longwinded,16
2081,OK,9
2081,Obnoxious,2
2081,Persuasive,16
2081,Unconvincing,16
2082,Beautiful,13
2082,Confusing,14
2082,Courageous,15
2082,Fascinating,10
2082,Funny,12
2082,Informative,2
2082,Ingenious,6
2082,Inspiring,10
2082,Jaw-dropping,11
2082,Longwinded,2
2082,OK,5
2082,Obnoxious,1
2082,Persuasive,3
2082,Unconvincing,7
2083,Beautiful,6
2083,Courageous,38
2083,Fascinating,62
2083,Funny,28
2083,Informative,59
2083,Ingenious,15
2083,Inspiring,45
2083,Jaw-dropping,25
2083,Longwinded,14
2083,Persuasive,53
2083,Unconvincing,11
2084,Beautiful,105
2084,Confusing,145
2084,Courageous,157
2084,Fascinating,32
2084,Funny,148
2084,Informative,109
2084,Ingenious,99
2084,Inspiring,143
2084,Jaw-dropping,56
2084,OK,56
2084,Obnoxious,38
2084,Persuasive,57
2084,Unconvincing,73
2085,Beautiful,42
2085,Confusing,21
2085,Courageous,55
2085,Fascinating,52
2085,Funny,25
2085,Informative,11
2085,Ingenious,56
2085,Inspiring,32
2085,Jaw-dropping,38
2085,Longwinded,34
2085,OK,34
2085,Obnoxious,4
2085,Persuasive,53
2085,Unconvincing,57
2086,Beautiful,541
2086,Confusing,5
2086,Courageous,718
2086,Fascinating,234
2086,Funny,467
2086,Informative,823
2086,Ingenious,723
2086,Inspiring,394
2086,Jaw-dropping,561
2086,Longwinded,698
2086,OK,434
2086,Obnoxious,599
2086,Persuasive,820
2086,Unconvincing,324
2087,Beautiful,52
2087,Confusing,48
2087,Courageous,35
2087,Fascinating,60
2087,Funny,74
2087,Informative,48
2087,Ingenious,53
2087,Inspiring,64
2087,Jaw-dropping,72
2087,Longwinded,28
2087,OK,20
2087,Obnoxious,3
2087,Persuasive,68
2087,Unconvincing,42
2088,Beautiful,143
2088,Confusing,6
2088,Courageous,7
2088,Fascinating,146
2088,Funny,81
2088,Informative,161
2088,Ingenious,168
2088,Inspiring,135
2088,Jaw-dropping,161
2088,Longwinded,54
2088,OK,151
2088,Obnoxious,175
2088,Persuasive,149
2089,Beautiful,264
2089,Courageous,308
2089,Fascinating,188
2089,Funny,144
2089,Informative,323
2089,Ingenious,149
2089,Inspiring,370
2089,Jaw-dropping,318
2089,Longwinded,181
2089,OK,1
2089,Obnoxious,1
2089,Persuasive,220
2089,Unconvincing,15
2090,Beautiful,218
2090,Confusing,64
2090,Courageous,145
2090,Fascinating,86
2090,Funny,194
2090,Informative,151
2090,Ingenious,289
2090,Inspiring,210
2090,Jaw-dropping,128
2090,Longwinded,51
2090,OK,91
2090,Persuasive,219
2090,Unconvincing,53
2091,Beautiful,98
2091,Confusing,117
2091,Courageous,113
2091,Fascinating,14
2091,Funny,68
2091,Informative,71
2091,Ingenious,109
2091,Inspiring,56
2091,Jaw-dropping,51
2091,Longwinded,1
2091,OK,8
2091,Obnoxious,4
2091,Persuasive,54
2092,Beautiful,229
2092,Confusing,26
2092,Courageous,136
2092,Fascinating,227
2092,Funny,137
2092,Informative,112
2092,Ingenious,195
2092,Inspiring,103
2092,Jaw-dropping,90
2092,Longwinded,155
2092,OK,54
2092,Obnoxious,43
2092,Persuasive,149
2092,Unconvincing,168
2093,Beautiful,43
2093,Confusing,31
2093,Courageous,82
2093,Fascinating,25
2093,Funny,26
2093,Informative,45
2093,Ingenious,70
2093,Inspiring,18
2093,Jaw-dropping,7
2093,Longwinded,75
2093,OK,75
2093,Obnoxious,31
2093,Persuasive,46
2093,Unconvincing,4
2094,Beautiful,248
2094,Confusing,4
2094,Courageous,358
2094,Fascinating,434
2094,Funny,463
2094,Informative,477
2094,Ingenious,97
2094,Inspiring,379
2094,Jaw-dropping,374
2094,Longwinded,204
2094,OK,53
2094,Obnoxious,15
2094,Persuasive,332
2094,Unconvincing,430
2095,Beautiful,29
2095,Courageous,38
2095,Fascinating,47
2095,Funny,34
2095,Informative,49
2095,Ingenious,61
2095,Inspiring,38
2095,Jaw-dropping,71
2095,Longwinded,15
2095,OK,40
2095,Persuasive,52
2095,Unconvincing,25
2096,Beautiful,123
2096,Confusing,121
2096,Courageous,128
2096,Fascinating,33
2096,Funny,99
2096,Informative,105
2096,Ingenious,114
2096,Inspiring,73
2096,Jaw-dropping,7
2096,Longwinded,57
2096,OK,25
2096,Persuasive,111
2096,Unconvincing,5
2097,Beautiful,50
2097,Confusing,19
2097,Courageous,16
2097,Fascinating,26
2097,Funny,71
2097,Informative,6
2097,Ingenious,53
2097,Inspiring,26
2097,Jaw-dropping,58
2097,Longwinded,37
2097,OK,18
2097,Obnoxious,59
2097,Persuasive,74
2098,Beautiful,70
2098,Confusing,10
2098,Courageous,45
2098,Fascinating,42
2098,Funny,33
2098,Informative,53
2098,Ingenious,23
2098,Inspiring,48
2098,Jaw-dropping,65
2098,Longwinded,42
2098,OK,2
2098,Obnoxious,65
2098,Persuasive,48
2098,Unconvincing,50
2099,Beautiful,32
2099,Confusing,1
2099,Courageous,21
2099,Fascinating,38
2099,Funny,10
2099,Informative,28
2099,Ingenious,29
2099,Inspiring,38
2099,Jaw-dropping,22
2099,Longwinded,29
2099,OK,39
2099,Persuasive,32
2100,Beautiful,121
2100,Courageous,110
2100,Fascinating,162
2100,Funny,139
2100,Informative,163
2100,Ingenious,135
2100,Inspiring,62
2100,Jaw-dropping,87
2100,Longwinded,153
2100,OK,81
2100,Obnoxious,146
2100,Persuasive,120
2100,Unconvincing,179
2101,Beautiful,114
2101,Confusing,196
2101,Courageous,145
2101,Fascinating,115
2101,Funny,255
2101,Informative,163
2101,Ingenious,169
2101,Inspiring,215
2101,Jaw-dropping,274
2101,Longwinded,58
2101,OK,6
2101,Obnoxious,75
2101,Persuasive,235
2101,Unconvincing,264
2102,Beautiful,215
2102,Confusing,10
2102,Courageous,114
2102,Fascinating,105
2102,Funny,202
2102,Informative,162
2102,Ingenious,45
2102,Inspiring,214
2102,Jaw-dropping,215
2102,Longwinded,165
2102,OK,2
2102,Obnoxious,136
2102,Persuasive,198
2102,Unconvincing,1
2103,Beautiful,33
2103,Confusing,28
2103,Courageous,24
2103,Fascinating,14
2103,Funny,13
2103,Informative,36
2103,Ingenious,33
2103,Inspiring,31
2103,Jaw-dropping,33
2103,Longwinded,24
2103,Persuasive,21
2103,Unconvincing,3
2104,Beautiful,65
2104,Confusing,6
2104,Courageous,49
2104,Fascinating,97
2104,Funny,108
2104,Informative,81
2104,Ingenious,100
2104,Inspiring,95
2104,Jaw-dropping,64
2104,Longwinded,26
2104,OK,29
2104,Obnoxious,75
2104,Persuasive,13
2104,Unconvincing,25
2105,Beautiful,24
2105,Confusing,40
2105,Courageous,80
2105,Fascinating,39
2105,Funny,58
2105,Informative,109
2105,Ingenious,92
2105,Inspiring,70
2105,Jaw-dropping,47
2105,OK,3
2105,Obnoxious,10
2105,Persuasive,84
2105,Unconvincing,4
2106,Beautiful,22
2106,Confusing,1
2106,Courageous,13
2106,Fascinating,18
2106,Funny,7
2106,Informative,14
2106,Ingenious,18
2106,Inspiring,8
2106,Jaw-dropping,9
2106,Obnoxious,2
2106,Persuasive,9
2106,Unconvincing,20
2107,Beautiful,87
2107,Confusing,15
2107,Courageous,23
2107,Fascinating,24
2107,Funny,100
2107,Informative,35
2107,Ingenious,102
2107,Inspiring,77
2107,Jaw-dropping,89
2107,Longwinded,21
2107,OK,35
2107,Obnoxious,91
2107,Persuasive,89
2107,Unconvincing,27
2108,Beautiful,22
2108,Confusing,14
2108,Courageous,9
2108,Fascinating,15
2108,Funny,17
2108,Informative,22
2108,Ingenious,16
2108,Inspiring,20
2108,Jaw-dropping,13
2108,Longwinded,12
2108,OK,2
2108,Obnoxious,17
2108,Persuasive,13
2108,Unconvincing,5
2109,Beautiful,94
2109,Confusing,57
2109,Courageous,32
2109,Fascinating,10
2109,Funny,76
2109,Informative,97
2109,Ingenious,54
2109,Inspiring,75
2109,Jaw-dropping,101
2109,Longwinded,33
2109,Obnoxious,2
2109,Persuasive,77
2109,Unconvincing,2
2110,Beautiful,35
2110,Confusing,2
2110,Courageous,27
2110,Fascinating,46
2110,Funny,23
2110,Informative,53
2110,Ingenious,44
2110,Inspiring,53
2110,Jaw-dropping,63
2110,OK,1
2110,Obnoxious,3
2110,Persuasive,41
2110,Unconvincing,1
2111,Beautiful,66
2111,Confusing,41
2111,Courageous,320
2111,Fascinating,98
2111,Funny,140
2111,Informative,122
2111,Ingenious,58
2111,Inspiring,296
2111,Jaw-dropping,271
2111,Longwinded,3
2111,OK,5
2111,Obnoxious,317
2111,Persuasive,259
2112,Beautiful,44
2112,Courageous,84
2112,Fascinating,75
2112,Funny,68
2112,Informative,84
2112,Ingenious,40
2112,Inspiring,74
2112,Jaw-dropping,71
2112,OK,1
2112,Obnoxious,32
2112,Persuasive,83
2112,Unconvincing,86
2113,Beautiful,23
2113,Courageous,16
2113,Fascinating,23
2113,Funny,27
2113,Informative,4
2113,Ingenious,24
2113,Inspiring,25
2113,Jaw-dropping,20
2113,OK,8
2113,Obnoxious,9
2113,Persuasive,13
2113,Unconvincing,9
2114,Beautiful,84
2114,Confusing,8
2114,Courageous,123
2114,Fascinating,97
2114,Funny,85
2114,Informative,57
2114,Ingenious,127
2114,Inspiring,123
2114,Jaw-dropping,45
2114,Longwinded,58
2114,OK,113
2114,Obnoxious,72
2114,Persuasive,105
2114,Unconvincing,99
2115,Beautiful,643
2115,Confusing,232
2115,Courageous,459
2115,Fascinating,667
2115,Funny,384
2115,Informative,256
2115,Ingenious,618
2115,Inspiring,573
2115,Jaw-dropping,596
2115,Longwinded,195
2115,OK,694
2115,Obnoxious,50
2115,Persuasive,296
2115,Unconvincing,172
2116,Beautiful,149
2116,Confusing,85
2116,Courageous,200
2116,Fascinating,287
2116,Funny,183
2116,Informative,270
2116,Ingenious,245
2116,Inspiring,270
2116,Jaw-dropping,162
2116,Longwinded,140
2116,OK,310
2116,Obnoxious,220
2116,Persuasive,166
2116,Unconvincing,15
2117,Beautiful,98
2117,Confusing,9
2117,Courageous,52
2117,Fascinating,68
2117,Funny,86
2117,Informative,23
2117,Ingenious,82
2117,Inspiring,25
2117,Jaw-dropping,59
2117,Longwinded,36
2117,OK,9
2117,Obnoxious,16
2117,Persuasive,98
2117,Unconvincing,8
2118,Beautiful,74
2118,Confusing,19
2118,Courageous,83
2118,Fascinating,54
2118,Funny,98
2118,Informative,64
2118,Ingenious,61
2118,Inspiring,88
2118,Jaw-dropping,54
2118,Longwinded,1
2118,Persuasive,70
2118,Unconvincing,33
2119,Beautiful,65
2119,Confusing,33
2119,Courageous,31
2119,Fascinating,62
2119,Funny,104
2119,Informative,114
2119,Ingenious,112
2119,Inspiring,58
2119,Jaw-dropping,104
2119,OK,37
2119,Obnoxious,14
2119,Persuasive,106
2119,Unconvincing,8
2120,Beautiful,113
2120,Courageous,101
2120,Fascinating,90
2120,Funny,127
2120,Informative,113
2120,Ingenious,121
2120,Inspiring,58
2120,Jaw-dropping,85
2120,Longwinded,31
2120,OK,76
2120,Obnoxious,85
2120,Persuasive,80
2120,Unconvincing,58
2121,Beautiful,121
2121,Confusing,16
2121,Courageous,150
2121,Fascinating,206
2121,Funny,74
2121,Informative,188
2121,Ingenious,99
2121,Inspiring,55
2121,Jaw-dropping,82
2121,Longwinded,2
2121,OK,160
2121,Obnoxious,32
2121,Persuasive,24
2121,Unconvincing,75
2122,Beautiful,3
2122,Confusing,2
2122,Courageous,4
2122,Fascinating,6
2122,Funny,3
2122,Informative,6
2122,Ingenious,4
2122,Inspiring,6
2122,Jaw-dropping,3
2122,Obnoxious,3
2122,Persuasive,6
2123,Beautiful,1745
2123,Confusing,645
2123,Courageous,3584
2123,Fascinating,3705
2123,Funny,2248
2123,Informative,2834
2123,Ingenious,3572
2123,Inspiring,1169
2123,Jaw-dropping,3736
2123,Longwinded,314
2123,OK,1034
2123,Obnoxious,166
2123,Persuasive,2817
2123,Unconvincing,2870
2124,Beautiful,45
2124,Confusing,57
2124,Courageous,57
2124,Fascinating,33
2124,Funny,49
2124,Informative,44
2124,Ingenious,19
2124,Inspiring,9
2124,Jaw-dropping,60
2124,Longwinded,26
2124,Persuasive,55
2124,Unconvincing,10
2125,Beautiful,323
2125,Confusing,163
2125,Courageous,618
2125,Fascinating,106
2125,Funny,592
2125,Informative,517
2125,Ingenious,380
2125,Inspiring,480
2125,Jaw-dropping,382
2125,OK,445
2125,Obnoxious,315
2125,Persuasive,82
2125,Unconvincing,453
2126,Beautiful,144
2126,Confusing,9
2126,Courageous,343
2126,Fascinating,379
2126,Funny,181
2126,Informative,167
2126,Ingenious,138
2126,Inspiring,295
2126,Jaw-dropping,236
2126,Longwinded,18
2126,OK,11
2126,Obnoxious,145
2126,Persuasive,345
2126,Unconvincing,6
2127,Beautiful,537
2127,Confusing,666
2127,Courageous,509
2127,Fascinating,560
2127,Funny,539
2127,Informative,645
2127,Ingenious,663
2127,Inspiring,591
2127,Jaw-dropping,648
2127,Longwinded,67
2127,OK,257
2127,Obnoxious,219
2127,Persuasive,489
2127,Unconvincing,186
2128,Beautiful,766
2128,Confusing,20
2128,Courageous,484
2128,Fascinating,559
2128,Funny,205
2128,Informative,590
2128,Ingenious,740
2128,Inspiring,503
2128,Jaw-dropping,415
2128,Longwinded,24
2128,OK,655
2128,Obnoxious,673
2128,Persuasive,386
2128,Unconvincing,662
2129,Beautiful,6
2129,Confusing,4
2129,Courageous,5
2129,Fascinating,7
2129,Funny,8
2129,Informative,5
2129,Ingenious,5
2129,Inspiring,4
2129,Jaw-dropping,10
2129,OK,5
2129,Obnoxious,9
2129,Persuasive,8
2129,Unconvincing,4
2130,Beautiful,107
2130,Confusing,2
2130,Courageous,179
2130,Fascinating,155
2130,Funny,267
2130,Informative,296
2130,Ingenious,231
2130,Inspiring,105
2130,Jaw-dropping,248
2130,Longwinded,31
2130,Obnoxious,67
2130,Persuasive,47
2130,Unconvincing,62
2131,Beautiful,66
2131,Confusing,47
2131,Courageous,32
2131,Fascinating,94
2131,Funny,153
2131,Informative,87
2131,Ingenious,22
2131,Inspiring,160
2131,Jaw-dropping,170
2131,Longwinded,113
2131,OK,3
2131,Obnoxious,147
2131,Persuasive,144
2131,Unconvincing,163
2132,Beautiful,545
2132,Confusing,159
2132,Courageous,288
2132,Fascinating,604
2132,Funny,355
2132,Informative,257
2132,Ingenious,227
2132,Inspiring,201
2132,Jaw-dropping,520
2132,Longwinded,62
2132,OK,130
2132,Obnoxious,460
2132,Persuasive,635
2133,Beautiful,28
2133,Confusing,15
2133,Courageous,35
2133,Fascinating,26
2133,Funny,23
2133,Informative,18
2133,Ingenious,34
2133,Inspiring,26
2133,Jaw-dropping,35
2133,Longwinded,26
2133,OK,9
2133,Obnoxious,34
2133,Persuasive,33
2134,Beautiful,88
2134,Courageous,57
2134,Fascinating,101
2134,Funny,90
2134,Informative,77
2134,Ingenious,98
2134,Inspiring,62
2134,Jaw-dropping,102
2134,Longwinded,36
2134,OK,71
2134,Obnoxious,57
2134,Persuasive,113
2134,Unconvincing,2
2135,Beautiful,337
2135,Confusing,35
2135,Courageous,243
2135,Fascinating,181
2135,Funny,260
2135,Informative,318
2135,Ingenious,147
2135,Inspiring,152
2135,Jaw-dropping,221
2135,Longwinded,347
2135,OK,6
2135,Obnoxious,10
2135,Persuasive,62
2135,Unconvincing,83
2136,Beautiful,64
2136,Confusing,77
2136,Courageous,100
2136,Fascinating,40
2136,Funny,16
2136,Informative,95
2136,Ingenious,106
2136,Inspiring,86
2136,Jaw-dropping,88
2136,Longwinded,58
2136,OK,5
2136,Obnoxious,14
2136,Persuasive,97
2137,Beautiful,647
2137,Confusing,63
2137,Courageous,566
2137,Fascinating,139
2137,Funny,516
2137,Informative,182
2137,Ingenious,588
2137,Inspiring,53
2137,Jaw-dropping,315
2137,Longwinded,9
2137,OK,132
2137,Obnoxious,145
2137,Persuasive,230
2137,Unconvincing,516
2138,Beautiful,1424
2138,Confusing,1
2138,Courageous,898
2138,Fascinating,1013
2138,Funny,2034
2138,Informative,287
2138,Ingenious,2131
2138,Inspiring,2371
2138,Jaw-dropping,2171
2138,Longwinded,17
2138,OK,1193
2138,Obnoxious,214
2138,Persuasive,1616
2138,Unconvincing,93
2139,Beautiful,6
2139,Confusing,8
2139,Courageous,7
2139,Fascinating,12
2139,Funny,11
2139,Informative,6
2139,Ingenious,11
2139,Inspiring,11
2139,Jaw-dropping,5
2139,Longwinded,6
2139,Obnoxious,12
2139,Persuasive,10
2139,Unconvincing,6
2140,Beautiful,236
2140,Confusing,30
2140,Courageous,172
2140,Fascinating,248
2140,Funny,182
2140,Informative,235
2140,Ingenious,154
2140,Inspiring,175
2140,Jaw-dropping,177
2140,Longwinded,65
2140,OK,203
2140,Obnoxious,113
2140,Persuasive,144
2140,Unconvincing,12
2141,Beautiful,375
2141,Confusing,402
2141,Courageous,618
2141,Fascinating,467
2141,Funny,552
2141,Informative,655
2141,Ingenious,283
2141,Inspiring,622
2141,Jaw-dropping,595
2141,Longwinded,25
2141,OK,75
2141,Obnoxious,3
2141,Persuasive,253
2141,Unconvincing,499
2142,Beautiful,28
2142,Confusing,2
2142,Courageous,24
2142,Fascinating,13
2142,Funny,6
2142,Informative,30
2142,Ingenious,22
2142,Inspiring,32
2142,Jaw-dropping,29
2142,Obnoxious,25
2142,Persuasive,31
2142,Unconvincing,6
2143,Beautiful,41
2143,Confusing,6
2143,Courageous,58
2143,Fascinating,41
2143,Funny,14
2143,Informative,61
2143,Ingenious,37
2143,Inspiring,44
2143,Jaw-dropping,48
2143,Longwinded,2
2143,OK,55
2143,Obnoxious,48
2143,Persuasive,58
2144,Beautiful,18
2144,Courageous,31
2144,Fascinating,30
2144,Funny,24
2144,Informative,11
2144,Ingenious,28
2144,Inspiring,24
2144,Jaw-dropping,17
2144,Longwinded,19
2144,OK,16
2144,Obnoxious,6
2144,Persuasive,20
2145,Beautiful,72
2145,Confusing,8
2145,Courageous,45
2145,Fascinating,66
2145,Funny,64
2145,Informative,33
2145,Ingenious,92
2145,Inspiring,84
2145,Jaw-dropping,88
2145,Obnoxious,32
2145,Persuasive,96
2145,Unconvincing,6
2146,Beautiful,4
2146,Confusing,8
2146,Courageous,7
2146,Fascinating,14
2146,Funny,16
2146,Informative,10
2146,Ingenious,12
2146,Inspiring,16
2146,Jaw-dropping,8
2146,Persuasive,17
2146,Unconvincing,6
2147,Beautiful,77
2147,Courageous,48
2147,Fascinating,103
2147,Funny,37
2147,Informative,103
2147,Ingenious,77
2147,Inspiring,79
2147,Jaw-dropping,43
2147,Longwinded,83
2147,OK,37
2147,Obnoxious,64
2147,Persuasive,77
2147,Unconvincing,39
2148,Beautiful,350
2148,Confusing,2
2148,Courageous,530
2148,Fascinating,716
2148,Funny,471
2148,Informative,517
2148,Ingenious,523
2148,Inspiring,362
2148,Jaw-dropping,746
2148,Longwinded,201
2148,OK,149
2148,Obnoxious,114
2148,Persuasive,51
2148,Unconvincing,688
2149,Beautiful,54
2149,Confusing,2
2149,Courageous,111
2149,Fascinating,62
2149,Funny,71
2149,Informative,24
2149,Ingenious,133
2149,Inspiring,40
2149,Jaw-dropping,99
2149,Longwinded,38
2149,OK,17
2149,Obnoxious,55
2149,Persuasive,122
2149,Unconvincing,106
2150,Beautiful,106
2150,Confusing,63
2150,Courageous,123
2150,Fascinating,101
2150,Funny,80
2150,Informative,92
2150,Ingenious,85
2150,Inspiring,92
2150,Jaw-dropping,116
2150,Longwinded,1
2150,Obnoxious,29
2150,Persuasive,120
2150,Unconvincing,84
2151,Beautiful,734
2151,Confusing,29
2151,Courageous,700
2151,Fascinating,579
2151,Funny,204
2151,Informative,770
2151,Ingenious,719
2151,Inspiring,682
2151,Jaw-dropping,505
2151,Longwinded,217
2151,OK,8
2151,Obnoxious,38
2151,Persuasive,469
2151,Unconvincing,310
2152,Beautiful,68
2152,Confusing,20
2152,Courageous,91
2152,Fascinating,9
2152,Funny,91
2152,Informative,94
2152,Ingenious,74
2152,Inspiring,44
2152,Jaw-dropping,91
2152,Longwinded,44
2152,OK,28
2152,Obnoxious,1
2152,Persuasive,24
2152,Unconvincing,36
2153,Beautiful,40
2153,Confusing,101
2153,Courageous,28
2153,Fascinating,59
2153,Funny,98
2153,Informative,94
2153,Ingenious,61
2153,Inspiring,102
2153,Jaw-dropping,109
2153,Longwinded,41
2153,OK,23
2153,Obnoxious,9
2153,Persuasive,47
2153,Unconvincing,79
2154,Beautiful,42
2154,Confusing,73
2154,Courageous,37
2154,Fascinating,82
2154,Funny,54
2154,Informative,75
2154,Ingenious,66
2154,Inspiring,75
2154,Jaw-dropping,72
2154,Longwinded,22
2154,OK,39
2154,Obnoxious,7
2154,Persuasive,23
2155,Beautiful,79
2155,Confusing,76
2155,Courageous,106
2155,Fascinating,81
2155,Funny,117
2155,Informative,87
2155,Ingenious,14
2155,Inspiring,119
2155,Jaw-dropping,117
2155,Longwinded,80
2155,Obnoxious,3
2155,Persuasive,53
2155,Unconvincing,9
2156,Beautiful,54
2156,Confusing,19
2156,Courageous,29
2156,Fascinating,61
2156,Funny,45
2156,Informative,60
2156,Ingenious,23
2156,Inspiring,43
2156,Jaw-dropping,47
2156,Longwinded,6
2156,OK,50
2156,Obnoxious,1
2156,Persuasive,51
2156,Unconvincing,29
2157,Beautiful,11
2157,Confusing,11
2157,Courageous,22
2157,Fascinating,22
2157,Funny,20
2157,Informative,6
2157,Ingenious,19
2157,Inspiring,12
2157,Jaw-dropping,19
2157,Longwinded,21
2157,OK,14
2157,Obnoxious,13
2157,Persuasive,18
2157,Unconvincing,14
2158,Beautiful,32
2158,Confusing,16
2158,Courageous,9
2158,Fascinating,16
2158,Funny,29
2158,Informative,32
2158,Ingenious,32
2158,Inspiring,11
2158,Jaw-dropping,31
2158,Longwinded,6
2158,OK,4
2158,Obnoxious,24
2158,Persuasive,21
2158,Unconvincing,3
2159,Beautiful,46
2159,Confusing,80
2159,Courageous,62
2159,Fascinating,93
2159,Funny,101
2159,Informative,49
2159,Ingenious,55
2159,Inspiring,33
2159,Jaw-dropping,46
2159,OK,95
2159,Persuasive,78
2159,Unconvincing,62
2160,Beautiful,84
2160,Confusing,116
2160,Courageous,119
2160,Fascinating,108
2160,Funny,113
2160,Informative,52
2160,Ingenious,77
2160,Inspiring,108
2160,Jaw-dropping,81
2160,Longwinded,98
2160,OK,32
2160,Obnoxious,35
2160,Persuasive,98
2160,Unconvincing,104
2161,Beautiful,74
2161,Confusing,25
2161,Courageous,37
2161,Fascinating,91
2161,Funny,94
2161,Informative,88
2161,Ingenious,20
2161,Inspiring,89
2161,Jaw-dropping,82
2161,Longwinded,45
2161,OK,100
2161,Obnoxious,97
2161,Persuasive,95
2161,Unconvincing,18
2162,Beautiful,458
2162,Confusing,460
2162,Courageous,354
2162,Fascinating,452
2162,Funny,390
2162,Informative,365
2162,Ingenious,469
2162,Inspiring,400
2162,Jaw-dropping,378
2162,Longwinded,231
2162,OK,134
2162,Obnoxious,545
2162,Persuasive,144
2162,Unconvincing,4
2163,Beautiful,42
2163,Courageous,77
2163,Fascinating,37
2163,Funny,37
2163,Informative,93
2163,Ingenious,27
2163,Inspiring,60
2163,Jaw-dropping,59
2163,Longwinded,49
2163,OK,6
2163,Obnoxious,51
2163,Persuasive,66
2163,Unconvincing,34
2164,Beautiful,230
2164,Confusing,39
2164,Courageous,455
2164,Fascinating,484
2164,Funny,373
2164,Informative,383
2164,Ingenious,427
2164,Inspiring,405
2164,Jaw-dropping,458
2164,Longwinded,506
2164,OK,168
2164,Obnoxious,429
2164,Persuasive,472
2165,Beautiful,125
2165,Confusing,158
2165,Courageous,106
2165,Fascinating,206
2165,Funny,110
2165,Informative,129
2165,Ingenious,118
2165,Inspiring,166
2165,Jaw-dropping,184
2165,Longwinded,22
2165,OK,57
2165,Obnoxious,189
2165,Persuasive,217
2165,Unconvincing,76
2166,Beautiful,102
2166,Courageous,81
2166,Fascinating,91
2166,Funny,68
2166,Informative,55
2166,Ingenious,22
2166,Inspiring,63
2166,Jaw-dropping,91
2166,Longwinded,6
2166,OK,35
2166,Obnoxious,28
2166,Persuasive,19
2166,Unconvincing,21
2167,Beautiful,190
2167,Confusing,59
2167,Courageous,111
2167,Fascinating,87
2167,Funny,81
2167,Informative,148
2167,Ingenious,153
2167,Inspiring,47
2167,Jaw-dropping,153
2167,Longwinded,110
2167,OK,93
2167,Obnoxious,30
2167,Persuasive,133
2167,Unconvincing,1
2168,Beautiful,54
2168,Confusing,5
2168,Courageous,53
2168,Fascinating,79
2168,Funny,48
2168,Informative,54
2168,Ingenious,68
2168,Inspiring,63
2168,Jaw-dropping,75
2168,OK,32
2168,Obnoxious,27
2168,Persuasive,74
2168,Unconvincing,20
2169,Beautiful,30
2169,Confusing,30
2169,Courageous,51
2169,Fascinating,34
2169,Funny,45
2169,Informative,47
2169,Ingenious,36
2169,Inspiring,31
2169,Jaw-dropping,40
2169,Longwinded,43
2169,OK,18
2169,Obnoxious,4
2169,Persuasive,53
2169,Unconvincing,48
2170,Beautiful,14
2170,Confusing,3
2170,Courageous,21
2170,Fascinating,10
2170,Funny,6
2170,Informative,26
2170,Ingenious,26
2170,Inspiring,5
2170,Jaw-dropping,29
2170,OK,9
2170,Obnoxious,8
2170,Persuasive,29
2170,Unconvincing,6
2171,Beautiful,719
2171,Confusing,14
2171,Courageous,303
2171,Fascinating,605
2171,Funny,658
2171,Informative,702
2171,Ingenious,359
2171,Inspiring,61
2171,Jaw-dropping,669
2171,Longwinded,29
2171,OK,175
2171,Obnoxious,59
2171,Persuasive,366
2171,Unconvincing,334
2172,Beautiful,17
2172,Confusing,1
2172,Courageous,15
2172,Fascinating,17
2172,Funny,16
2172,Informative,10
2172,Ingenious,18
2172,Inspiring,11
2172,Jaw-dropping,7
2172,Longwinded,3
2172,OK,16
2172,Persuasive,8
2172,Unconvincing,7
2173,Beautiful,232
2173,Confusing,45
2173,Courageous,302
2173,Fascinating,185
2173,Funny,106
2173,Informative,121
2173,Ingenious,310
2173,Inspiring,302
2173,Jaw-dropping,22
2173,Longwinded,3
2173,OK,321
2173,Obnoxious,45
2173,Persuasive,227
2173,Unconvincing,35
2174,Beautiful,11
2174,Courageous,21
2174,Fascinating,23
2174,Funny,9
2174,Informative,19
2174,Ingenious,10
2174,Inspiring,15
2174,Jaw-dropping,10
2174,Longwinded,7
2174,OK,10
2174,Obnoxious,4
2174,Persuasive,3
2174,Unconvincing,3
2175,Beautiful,53
2175,Confusing,26
2175,Courageous,51
2175,Fascinating,41
2175,Funny,58
2175,Informative,54
2175,Ingenious,19
2175,Inspiring,55
2175,Jaw-dropping,56
2175,Longwinded,6
2175,OK,52
2175,Obnoxious,6
2175,Persuasive,53
2175,Unconvincing,15
2176,Beautiful,145
2176,Confusing,198
2176,Courageous,215
2176,Fascinating,199
2176,Funny,251
2176,Informative,238
2176,Ingenious,80
2176,Inspiring,120
2176,Jaw-dropping,89
2176,Longwinded,40
2176,OK,171
2176,Obnoxious,26
2176,Persuasive,130
2176,Unconvincing,203
2177,Beautiful,198
2177,Confusing,224
2177,Courageous,256
2177,Fascinating,241
2177,Funny,243
2177,Informative,188
2177,Ingenious,230
2177,Inspiring,250
2177,Jaw-dropping,104
2177,Longwinded,239
2177,OK,110
2177,Obnoxious,80
2177,Persuasive,189
2177,Unconvincing,15
2178,Beautiful,92
2178,Confusing,43
2178,Courageous,103
2178,Fascinating,139
2178,Funny,197
2178,Informative,235
2178,Ingenious,210
2178,Inspiring,142
2178,Jaw-dropping,114
2178,Longwinded,127
2178,OK,102
2178,Obnoxious,124
2178,Persuasive,248
2178,Unconvincing,1
2179,Beautiful,16
2179,Confusing,6
2179,Courageous,6
2179,Fascinating,18
2179,Funny,13
2179,Informative,12
2179,Ingenious,11
2179,Inspiring,18
2179,Jaw-dropping,10
2179,Longwinded,15
2179,Obnoxious,2
2179,Persuasive,20
2180,Beautiful,147
2180,Confusing,4
2180,Courageous,53
2180,Fascinating,136
2180,Funny,62
2180,Informative,136
2180,Ingenious,117
2180,Inspiring,80
2180,Jaw-dropping,93
2180,Longwinded,12
2180,OK,58
2180,Obnoxious,5
2180,Persuasive,123
2180,Unconvincing,19
2181,Beautiful,45
2181,Courageous,52
2181,Fascinating,65
2181,Funny,30
2181,Informative,63
2181,Ingenious,29
2181,Inspiring,38
2181,Jaw-dropping,61
2181,Longwinded,30
2181,OK,44
2181,Obnoxious,55
2181,Persuasive,62
2182,Beautiful,70
2182,Confusing,34
2182,Courageous,305
2182,Fascinating,471
2182,Funny,374
2182,Informative,467
2182,Ingenious,396
2182,Inspiring,301
2182,Jaw-dropping,270
2182,Longwinded,539
2182,OK,17
2182,Persuasive,492
2182,Unconvincing,45
2183,Beautiful,224
2183,Confusing,5
2183,Courageous,206
2183,Fascinating,98
2183,Funny,219
2183,Informative,90
2183,Ingenious,163
2183,Inspiring,168
2183,Jaw-dropping,235
2183,Longwinded,121
2183,OK,177
2183,Obnoxious,49
2183,Persuasive,184
2183,Unconvincing,234
2184,Beautiful,482
2184,Confusing,180
2184,Courageous,593
2184,Fascinating,553
2184,Funny,27
2184,Informative,645
2184,Ingenious,443
2184,Inspiring,585
2184,Jaw-dropping,540
2184,Longwinded,286
2184,OK,336
2184,Obnoxious,117
2184,Persuasive,662
2184,Unconvincing,271
2185,Beautiful,55
2185,Confusing,52
2185,Courageous,105
2185,Fascinating,53
2185,Funny,100
2185,Informative,100
2185,Ingenious,108
2185,Inspiring,47
2185,Jaw-dropping,51
2185,Obnoxious,23
2185,Persuasive,80
2185,Unconvincing,1
2186,Beautiful,5
2186,Confusing,4
2186,Courageous,5
2186,Fascinating,7
2186,Funny,7
2186,Informative,5
2186,Ingenious,2
2186,Inspiring,6
2186,Jaw-dropping,1
2186,Longwinded,4
2186,OK,6
2186,Persuasive,5
2186,Unconvincing,1
2187,Beautiful,38
2187,Confusing,3
2187,Courageous,58
2187,Fascinating,42
2187,Funny,54
2187,Informative,55
2187,Ingenious,47
2187,Inspiring,5
2187,Jaw-dropping,61
2187,Longwinded,4
2187,Obnoxious,1
2187,Persuasive,57
2187,Unconvincing,19
2188,Beautiful,5
2188,Courageous,5
2188,Fascinating,7
2188,Funny,11
2188,Informative,9
2188,Ingenious,12
2188,Inspiring,3
2188,Jaw-dropping,11
2188,Longwinded,9
2188,OK,4
2188,Persuasive,6
2188,Unconvincing,6
2189,Beautiful,169
2189,Confusing,126
2189,Courageous,83
2189,Fascinating,153
2189,Funny,145
2189,Informative,121
2189,Ingenious,163
2189,Inspiring,127
2189,Jaw-dropping,49
2189,Longwinded,62
2189,Obnoxious,4
2189,Persuasive,52
2189,Unconvincing,107
2190,Beautiful,71
2190,Confusing,11
2190,Courageous,94
2190,Fascinating,39
2190,Funny,58
2190,Informative,62
2190,Ingenious,47
2190,Inspiring,54
2190,Jaw-dropping,54
2190,Longwinded,3
2190,Obnoxious,25
2190,Persuasive,67
2190,Unconvincing,82
2191,Beautiful,20
2191,Confusing,23
2191,Courageous,11
2191,Fascinating,6
2191,Funny,19
2191,Informative,19
2191,Ingenious,23
2191,Inspiring,15
2191,Jaw-dropping,26
2191,Longwinded,1
2191,OK,12
2191,Obnoxious,1
2191,Persuasive,21
2191,Unconvincing,20
2192,Beautiful,58
2192,Confusing,3
2192,Courageous,58
2192,Fascinating,40
2192,Funny,53
2192,Informative,59
2192,Ingenious,49
2192,Inspiring,31
2192,Jaw-dropping,52
2192,Longwinded,31
2192,OK,29
2192,Obnoxious,1
2192,Persuasive,57
2192,Unconvincing,57
2193,Beautiful,70
2193,Confusing,4
2193,Courageous,87
2193,Fascinating,24
2193,Funny,28
2193,Informative,86
2193,Ingenious,41
2193,Inspiring,86
2193,Jaw-dropping,66
2193,OK,7
2193,Persuasive,79
2193,Unconvincing,7
2194,Beautiful,171
2194,Confusing,89
2194,Courageous,308
2194,Fascinating,275
2194,Funny,248
2194,Informative,322
2194,Ingenious,136
2194,Inspiring,224
2194,Jaw-dropping,239
2194,Longwinded,9
2194,OK,28
2194,Obnoxious,144
2194,Persuasive,360
2194,Unconvincing,2
2195,Beautiful,61
2195,Confusing,20
2195,Courageous,41
2195,Fascinating,51
2195,Funny,42
2195,Informative,53
2195,Ingenious,30
2195,Inspiring,36
2195,Jaw-dropping,43
2195,Longwinded,56
2195,OK,8
2195,Obnoxious,3
2195,Persuasive,60
2195,Unconvincing,1
2196,Beautiful,175
2196,Courageous,185
2196,Fascinating,102
2196,Funny,243
2196,Informative,245
2196,Ingenious,254
2196,Inspiring,127
2196,Jaw-dropping,176
2196,Longwinded,93
2196,OK,36
2196,Obnoxious,79
2196,Persuasive,241
2196,Unconvincing,3
2197,Beautiful,47
2197,Confusing,95
2197,Courageous,99
2197,Fascinating,38
2197,Funny,104
2197,Informative,32
2197,Ingenious,98
2197,Inspiring,88
2197,Jaw-dropping,107
2197,OK,44
2197,Obnoxious,44
2197,Persuasive,89
2197,Unconvincing,106
2198,Beautiful,616
2198,Confusing,865
2198,Courageous,656
2198,Fascinating,697
2198,Funny,380
2198,Informative,933
2198,Ingenious,1047
2198,Inspiring,432
2198,Jaw-dropping,687
2198,Longwinded,405
2198,OK,20
2198,Obnoxious,554
2198,Persuasive,447
2198,Unconvincing,26
2199,Beautiful,299
2199,Confusing,8
2199,Courageous,314
2199,Fascinating,203
2199,Funny,252
2199,Informative,248
2199,Ingenious,267
2199,Inspiring,282
2199,Jaw-dropping,264
2199,Longwinded,85
2199,OK,183
2199,Obnoxious,121
2199,Persuasive,241
2199,Unconvincing,152
2200,Beautiful,22
2200,Confusing,15
2200,Courageous,21
2200,Fascinating,11
2200,Funny,19
2200,Informative,30
2200,Ingenious,28
2200,Inspiring,13
2200,Jaw-dropping,23
2200,Longwinded,1
2200,OK,14
2200,Obnoxious,14
2200,Persuasive,4
2200,Unconvincing,21
2201,Beautiful,27
2201,Confusing,31
2201,Courageous,17
2201,Fascinating,42
2201,Funny,42
2201,Informative,24
2201,Ingenious,45
2201,Inspiring,24
2201,Jaw-dropping,21
2201,Longwinded,13
2201,OK,12
2201,Obnoxious,43
2201,Persuasive,38
2201,Unconvincing,26
2202,Beautiful,56
2202,Confusing,50
2202,Courageous,9
2202,Fascinating,126
2202,Funny,108
2202,Informative,59
2202,Ingenious,129
2202,Inspiring,105
2202,Jaw-dropping,104
2202,Longwinded,44
2202,OK,34
2202,Obnoxious,61
2202,Persuasive,123
2202,Unconvincing,2
2203,Beautiful,791
2203,Confusing,612
2203,Courageous,452
2203,Fascinating,629
2203,Funny,383
2203,Informative,547
2203,Ingenious,796
2203,Inspiring,600
2203,Jaw-dropping,741
2203,Longwinded,46
2203,OK,2
2203,Obnoxious,27
2203,Persuasive,304
2203,Unconvincing,723
2204,Beautiful,386
2204,Confusing,81
2204,Courageous,351
2204,Fascinating,24
2204,Funny,397
2204,Informative,391
2204,Ingenious,365
2204,Inspiring,138
2204,Jaw-dropping,426
2204,Longwinded,489
2204,OK,169
2204,Obnoxious,6
2204,Persuasive,139
2204,Unconvincing,270
2205,Beautiful,584
2205,Confusing,26
2205,Courageous,695
2205,Fascinating,492
2205,Funny,1178
2205,Informative,278
2205,Ingenious,960
2205,Inspiring,559
2205,Jaw-dropping,1068
2205,Longwinded,766
2205,OK,25
2205,Obnoxious,242
2205,Persuasive,499
2205,Unconvincing,98
2206,Beautiful,213
2206,Confusing,38
2206,Courageous,50
2206,Fascinating,189
2206,Funny,157
2206,Informative,241
2206,Ingenious,261
2206,Inspiring,321
2206,Jaw-dropping,286
2206,Longwinded,3
2206,OK,8
2206,Obnoxious,44
2206,Persuasive,334
2206,Unconvincing,35
2207,Beautiful,60
2207,Confusing,12
2207,Courageous,36
2207,Fascinating,67
2207,Funny,18
2207,Informative,76
2207,Ingenious,59
2207,Inspiring,34
2207,Jaw-dropping,39
2207,OK,22
2207,Obnoxious,25
2207,Persuasive,70
2207,Unconvincing,44
2208,Beautiful,100
2208,Confusing,272
2208,Courageous,404
2208,Fascinating,535
2208,Funny,631
2208,Informative,236
2208,Ingenious,461
2208,Inspiring,612
2208,Jaw-dropping,378
2208,Longwinded,2
2208,OK,674
2208,Obnoxious,519
2208,Persuasive,348
2208,Unconvincing,252
2209,Beautiful,181
2209,Confusing,14
2209,Courageous,163
2209,Fascinating,68
2209,Funny,141
2209,Informative,243
2209,Ingenious,172
2209,Inspiring,225
2209,Jaw-dropping,91
2209,Longwinded,121
2209,OK,9
2209,Persuasive,74
2209,Unconvincing,137
2210,Beautiful,61
2210,Confusing,12
2210,Courageous,39
2210,Fascinating,73
2210,Funny,47
2210,Informative,40
2210,Ingenious,50
2210,Inspiring,70
2210,Jaw-dropping,68
2210,Longwinded,3
2210,OK,18
2210,Obnoxious,73
2210,Persuasive,48
2210,Unconvincing,65
2211,Beautiful,87
2211,Confusing,12
2211,Courageous,112
2211,Fascinating,35
2211,Funny,134
2211,Informative,91
2211,Ingenious,54
2211,Inspiring,121
2211,Jaw-dropping,99
2211,Longwinded,1
2211,OK,33
2211,Obnoxious,89
2211,Persuasive,122
2211,Unconvincing,129
2212,Beautiful,27
2212,Confusing,18
2212,Courageous,26
2212,Fascinating,49
2212,Funny,42
2212,Informative,48
2212,Ingenious,51
2212,Inspiring,51
2212,Jaw-dropping,51
2212,Longwinded,32
2212,OK,28
2212,Persuasive,32
2212,Unconvincing,21
2213,Beautiful,231
2213,Confusing,18
2213,Courageous,212
2213,Fascinating,136
2213,Funny,36
2213,Informative,98
2213,Ingenious,110
2213,Inspiring,177
2213,Jaw-dropping,200
2213,Longwinded,186
2213,OK,91
2213,Persuasive,152
2213,Unconvincing,16
2214,Beautiful,27
2214,Courageous,44
2214,Fascinating,78
2214,Funny,73
2214,Informative,38
2214,Ingenious,61
2214,Inspiring,74
2214,Jaw-dropping,71
2214,Longwinded,3
2214,OK,11
2214,Obnoxious,7
2214,Persuasive,64
2215,Beautiful,19
2215,Confusing,6
2215,Courageous,9
2215,Fascinating,29
2215,Funny,25
2215,Informative,26
2215,Ingenious,3
2215,Inspiring,25
2215,Jaw-dropping,27
2215,Longwinded,2
2215,OK,1
2215,Obnoxious,29
2215,Persuasive,20
2216,Beautiful,201
2216,Confusing,60
2216,Courageous,178
2216,Fascinating,131
2216,Funny,192
2216,Informative,122
2216,Ingenious,51
2216,Inspiring,91
2216,Jaw-dropping,170
2216,Longwinded,3
2216,OK,2
2216,Persuasive,97
2216,Unconvincing,183
2217,Beautiful,217
2217,Confusing,10
2217,Courageous,249
2217,Fascinating,196
2217,Funny,236
2217,Informative,285
2217,Ingenious,293
2217,Inspiring,131
2217,Jaw-dropping,117
2217,Longwinded,58
2217,Obnoxious,4
2217,Persuasive,295
2217,Unconvincing,115
2218,Beautiful,149
2218,Confusing,156
2218,Courageous,218
2218,Fascinating,195
2218,Funny,98
2218,Informative,190
2218,Ingenious,224
2218,Inspiring,161
2218,Jaw-dropping,121
2218,Longwinded,1
2218,OK,22
2218,Obnoxious,24
2218,Persuasive,187
2218,Unconvincing,59
2219,Beautiful,75
2219,Confusing,21
2219,Courageous,39
2219,Fascinating,70
2219,Funny,38
2219,Informative,49
2219,Ingenious,64
2219,Inspiring,29
2219,Jaw-dropping,67
2219,Longwinded,14
2219,OK,20
2219,Obnoxious,17
2219,Persuasive,71
2219,Unconvincing,61
2220,Beautiful,397
2220,Confusing,153
2220,Courageous,363
2220,Fascinating,140
2220,Funny,550
2220,Informative,236
2220,Ingenious,456
2220,Inspiring,515
2220,Jaw-dropping,275
2220,Longwinded,9
2220,OK,10
2220,Obnoxious,198
2220,Persuasive,360
2220,Unconvincing,388
2221,Beautiful,12
2221,Confusing,31
2221,Courageous,29
2221,Fascinating,22
2221,Funny,17
2221,Informative,29
2221,Ingenious,21
2221,Inspiring,33
2221,Jaw-dropping,29
2221,Longwinded,16
2221,OK,11
2221,Obnoxious,2
2221,Persuasive,30
2221,Unconvincing,3
2222,Beautiful,7
2222,Confusing,6
2222,Courageous,10
2222,Fascinating,11
2222,Funny,12
2222,Informative,4
2222,Ingenious,4
2222,Inspiring,5
2222,Jaw-dropping,13
2222,Longwinded,10
2222,OK,7
2222,Persuasive,13
2222,Unconvincing,13
2223,Beautiful,79
2223,Confusing,1
2223,Courageous,5
2223,Fascinating,75
2223,Funny,68
2223,Informative,78
2223,Ingenious,13
2223,Inspiring,87
2223,Jaw-dropping,86
2223,OK,67
2223,Obnoxious,4
2223,Persuasive,84
2223,Unconvincing,19
2224,Beautiful,79
2224,Confusing,13
2224,Courageous,17
2224,Fascinating,79
2224,Funny,58
2224,Informative,86
2224,Ingenious,62
2224,Inspiring,45
2224,Jaw-dropping,58
2224,Longwinded,71
2224,OK,43
2224,Obnoxious,3
2224,Persuasive,87
2224,Unconvincing,86
2225,Beautiful,1
2225,Confusing,7
2225,Courageous,6
2225,Fascinating,9
2225,Funny,5
2225,Informative,10
2225,Ingenious,4
2225,Inspiring,5
2225,Jaw-dropping,7
2225,OK,1
2225,Persuasive,10
2225,Unconvincing,8
2226,Beautiful,484
2226,Confusing,251
2226,Courageous,178
2226,Fascinating,123
2226,Funny,729
2226,Informative,329
2226,Ingenious,394
2226,Inspiring,220
2226,Jaw-dropping,678
2226,OK,82
2226,Obnoxious,77
2226,Persuasive,573
2227,Beautiful,98
2227,Confusing,16
2227,Courageous,55
2227,Fascinating,149
2227,Funny,94
2227,Informative,56
2227,Ingenious,96
2227,Inspiring,123
2227,Jaw-dropping,134
2227,Longwinded,61
2227,OK,34
2227,Obnoxious,138
2227,Persuasive,148
2227,Unconvincing,24
2228,Beautiful,86
2228,Confusing,3
2228,Courageous,163
2228,Fascinating,134
2228,Funny,194
2228,Informative,235
2228,Ingenious,245
2228,Inspiring,96
2228,Jaw-dropping,104
2228,Longwinded,19
2228,OK,12
2228,Obnoxious,178
2228,Persuasive,53
2228,Unconvincing,6
2229,Beautiful,149
2229,Confusing,71
2229,Courageous,73
2229,Fascinating,95
2229,Funny,39
2229,Informative,65
2229,Ingenious,73
2229,Inspiring,107
2229,Jaw-dropping,88
2229,OK,2
2229,Obnoxious,34
2229,Persuasive,138
2229,Unconvincing,109
2230,Beautiful,21
2230,Confusing,37
2230,Courageous,41
2230,Fascinating,34
2230,Funny,34
2230,Informative,24
2230,Ingenious,34
2230,Inspiring,17
2230,Jaw-dropping,2
2230,OK,23
2230,Obnoxious,9
2230,Persuasive,30
2230,Unconvincing,3
2231,Beautiful,134
2231,Confusing,1
2231,Courageous,139
2231,Fascinating,47
2231,Funny,318
2231,Informative,315
2231,Ingenious,315
2231,Inspiring,284
2231,Jaw-dropping,146
2231,Longwinded,36
2231,OK,219
2231,Obnoxious,199
2231,Persuasive,291
2231,Unconvincing,65
2232,Beautiful,19
2232,Confusing,6
2232,Courageous,55
2232,Fascinating,26
2232,Funny,37
2232,Informative,50
2232,Ingenious,23
2232,Inspiring,51
2232,Jaw-dropping,24
2232,Longwinded,6
2232,OK,24
2232,Obnoxious,25
2232,Persuasive,23
2232,Unconvincing,3
2233,Beautiful,109
2233,Courageous,172
2233,Fascinating,215
2233,Funny,95
2233,Informative,171
2233,Ingenious,95
2233,Inspiring,71
2233,Jaw-dropping,116
2233,Longwinded,42
2233,OK,53
2233,Obnoxious,19
2233,Persuasive,92
2234,Beautiful,30
2234,Confusing,40
2234,Courageous,29
2234,Fascinating,17
2234,Funny,15
2234,Informative,39
2234,Ingenious,42
2234,Inspiring,17
2234,Jaw-dropping,4
2234,OK,21
2234,Obnoxious,38
2234,Persuasive,45
2234,Unconvincing,36
2235,Beautiful,149
2235,Confusing,29
2235,Courageous,122
2235,Fascinating,154
2235,Funny,118
2235,Informative,146
2235,Ingenious,45
2235,Inspiring,148
2235,Jaw-dropping,168
2235,Longwinded,138
2235,OK,55
2235,Obnoxious,59
2235,Persuasive,110
2235,Unconvincing,25
2236,Beautiful,272
2236,Confusing,292
2236,Courageous,278
2236,Fascinating,263
2236,Funny,213
2236,Informative,227
2236,Ingenious,248
2236,Inspiring,190
2236,Jaw-dropping,293
2236,Longwinded,4
2236,OK,19
2236,Obnoxious,225
2236,Persuasive,189
2236,Unconvincing,36
2237,Beautiful,165
2237,Confusing,18
2237,Courageous,152
2237,Fascinating,95
2237,Funny,83
2237,Informative,80
2237,Ingenious,168
2237,Inspiring,147
2237,Jaw-dropping,13
2237,Longwinded,9
2237,OK,3
2237,Obnoxious,137
2237,Persuasive,162
2237,Unconvincing,6
2238,Beautiful,67
2238,Confusing,20
2238,Courageous,89
2238,Fascinating,45
2238,Funny,101
2238,Informative,108
2238,Ingenious,73
2238,Inspiring,89
2238,Jaw-dropping,113
2238,Longwinded,19
2238,OK,44
2238,Obnoxious,10
2238,Persuasive,106
2238,Unconvincing,95
2239,Beautiful,54
2239,Confusing,11
2239,Courageous,56
2239,Fascinating,19
2239,Funny,44
2239,Informative,57
2239,Ingenious,19
2239,Inspiring,46
2239,Jaw-dropping,48
2239,OK,54
2239,Obnoxious,36
2239,Persuasive,47
2239,Unconvincing,15
2240,Beautiful,331
2240,Confusing,656
2240,Courageous,770
2240,Fascinating,694
2240,Funny,877
2240,Informative,1038
2240,Ingenious,287
2240,Inspiring,557
2240,Jaw-dropping,931
2240,Longwinded,170
2240,OK,302
2240,Obnoxious,43
2240,Persuasive,550
2240,Unconvincing,659
2241,Beautiful,234
2241,Confusing,96
2241,Courageous,36
2241,Fascinating,179
2241,Funny,149
2241,Informative,133
2241,Ingenious,239
2241,Inspiring,184
2241,Jaw-dropping,220
2241,OK,34
2241,Obnoxious,135
2241,Persuasive,83
2241,Unconvincing,9
2242,Beautiful,762
2242,Confusing,301
2242,Courageous,329
2242,Fascinating,417
2242,Funny,782
2242,Informative,472
2242,Ingenious,438
2242,Inspiring,460
2242,Jaw-dropping,667
2242,Longwinded,911
2242,OK,81
2242,Obnoxious,463
2242,Persuasive,58
2242,Unconvincing,181
2243,Beautiful,142
2243,Confusing,80
2243,Courageous,111
2243,Fascinating,45
2243,Funny,24
2243,Informative,146
2243,Ingenious,116
2243,Inspiring,100
2243,Jaw-dropping,26
2243,Longwinded,94
2243,OK,69
2243,Obnoxious,19
2243,Persuasive,166
2243,Unconvincing,111
2244,Beautiful,15
2244,Courageous,5
2244,Fascinating,17
2244,Funny,15
2244,Informative,7
2244,Ingenious,17
2244,Inspiring,17
2244,Jaw-dropping,10
2244,Longwinded,2
2244,OK,1
2244,Obnoxious,4
2244,Persuasive,15
2244,Unconvincing,13
2245,Beautiful,175
2245,Confusing,31
2245,Courageous,54
2245,Fascinating,127
2245,Funny,108
2245,Informative,157
2245,Ingenious,135
2245,Inspiring,148
2245,Jaw-dropping,158
2245,Longwinded,1
2245,OK,201
2245,Obnoxious,3
2245,Persuasive,166
2245,Unconvincing,42
2246,Beautiful,83
2246,Confusing,105
2246,Courageous,142
2246,Fascinating,137
2246,Funny,90
2246,Informative,102
2246,Ingenious,51
2246,Inspiring,112
2246,Jaw-dropping,121
2246,Longwinded,94
2246,OK,62
2246,Obnoxious,6
2246,Persuasive,58
2246,Unconvincing,121
2247,Beautiful,4
2247,Courageous,6
2247,Fascinating,6
2247,Funny,6
2247,Informative,4
2247,Ingenious,6
2247,Inspiring,7
2247,Jaw-dropping,4
2247,Longwinded,7
2247,OK,2
2247,Obnoxious,3
2247,Persuasive,7
2248,Beautiful,34
2248,Confusing,3
2248,Courageous,30
2248,Fascinating,21
2248,Funny,17
2248,Informative,28
2248,Ingenious,23
2248,Inspiring,33
2248,Jaw-dropping,5
2248,Longwinded,17
2248,OK,12
2248,Obnoxious,3
2248,Persuasive,31
2248,Unconvincing,13
2249,Beautiful,274
2249,Confusing,60
2249,Courageous,255
2249,Fascinating,292
2249,Funny,279
2249,Informative,153
2249,Ingenious,284
2249,Inspiring,237
2249,Jaw-dropping,171
2249,OK,135
2249,Obnoxious,58
2249,Persuasive,243
2249,Unconvincing,3
2250,Beautiful,64
2250,Confusing,47
2250,Courageous,51
2250,Fascinating,56
2250,Funny,51
2250,Informative,38
2250,Ingenious,38
2250,Inspiring,45
2250,Jaw-dropping,15
2250,Longwinded,57
2250,OK,5
2250,Obnoxious,52
2250,Persuasive,58
2250,Unconvincing,62
2251,Beautiful,21
2251,Confusing,21
2251,Courageous,18
2251,Fascinating,14
2251,Funny,25
2251,Informative,12
2251,Ingenious,14
2251,Inspiring,27
2251,Jaw-dropping,7
2251,Longwinded,12
2251,Obnoxious,4
2251,Persuasive,8
2252,Beautiful,117
2252,Confusing,3
2252,Courageous,174
2252,Fascinating,159
2252,Funny,87
2252,Informative,168
2252,Ingenious,119
2252,Inspiring,184
2252,Jaw-dropping,163
2252,Longwinded,91
2252,OK,26
2252,Obnoxious,23
2252,Persuasive,190
2252,Unconvincing,16
2253,Beautiful,485
2253,Confusing,49
2253,Courageous,68
2253,Fascinating,261
2253,Funny,493
2253,Informative,221
2253,Ingenious,491
2253,Inspiring,125
2253,Jaw-dropping,502
2253,Longwinded,218
2253,OK,255
2253,Obnoxious,106
2253,Persuasive,431
2253,Unconvincing,246
2254,Beautiful,42
2254,Courageous,43
2254,Fascinating,1
2254,Funny,6
2254,Informative,44
2254,Ingenious,42
2254,Inspiring,28
2254,Jaw-dropping,41
2254,Obnoxious,3
2254,Persuasive,6
2254,Unconvincing,4
2255,Beautiful,30
2255,Confusing,42
2255,Courageous,44
2255,Fascinating,32
2255,Funny,38
2255,Informative,79
2255,Ingenious,57
2255,Inspiring,75
2255,Jaw-dropping,35
2255,Longwinded,60
2255,OK,2
2255,Obnoxious,6
2255,Persuasive,74
2255,Unconvincing,11
2256,Beautiful,28
2256,Confusing,13
2256,Courageous,30
2256,Fascinating,51
2256,Funny,59
2256,Informative,52
2256,Ingenious,29
2256,Inspiring,30
2256,Jaw-dropping,48
2256,Longwinded,10
2256,OK,29
2256,Obnoxious,4
2256,Persuasive,47
2256,Unconvincing,50
2257,Beautiful,351
2257,Confusing,4
2257,Courageous,119
2257,Fascinating,359
2257,Funny,161
2257,Informative,630
2257,Ingenious,562
2257,Inspiring,345
2257,Jaw-dropping,392
2257,Longwinded,235
2257,OK,138
2257,Obnoxious,18
2257,Persuasive,608
2257,Unconvincing,35
2258,Beautiful,318
2258,Confusing,94
2258,Courageous,195
2258,Fascinating,133
2258,Funny,163
2258,Informative,299
2258,Ingenious,327
2258,Inspiring,54
2258,Jaw-dropping,280
2258,Longwinded,100
2258,OK,264
2258,Obnoxious,195
2258,Persuasive,208
2258,Unconvincing,27
2259,Beautiful,42
2259,Confusing,3
2259,Courageous,28
2259,Fascinating,53
2259,Funny,37
2259,Informative,43
2259,Ingenious,54
2259,Inspiring,32
2259,Jaw-dropping,37
2259,Longwinded,27
2259,OK,10
2259,Persuasive,51
2259,Unconvincing,21
2260,Beautiful,102
2260,Confusing,117
2260,Courageous,3
2260,Fascinating,95
2260,Funny,65
2260,Informative,65
2260,Ingenious,130
2260,Inspiring,92
2260,Jaw-dropping,58
2260,Longwinded,21
2260,OK,6
2260,Obnoxious,53
2260,Persuasive,66
2260,Unconvincing,12
2261,Beautiful,57
2261,Confusing,1
2261,Courageous,38
2261,Fascinating,45
2261,Funny,67
2261,Informative,54
2261,Ingenious,53
2261,Inspiring,51
2261,Jaw-dropping,46
2261,Longwinded,28
2261,OK,3
2261,Obnoxious,39
2261,Persuasive,13
2261,Unconvincing,2
2262,Beautiful,98
2262,Confusing,134
2262,Courageous,105
2262,Fascinating,115
2262,Funny,85
2262,Informative,102
2262,Ingenious,120
2262,Inspiring,66
2262,Jaw-dropping,128
2262,Longwinded,3
2262,OK,75
2262,Obnoxious,25
2262,Persuasive,137
2262,Unconvincing,10
2263,Beautiful,210
2263,Confusing,66
2263,Courageous,175
2263,Fascinating,126
2263,Funny,188
2263,Informative,197
2263,Ingenious,68
2263,Inspiring,117
2263,Jaw-dropping,66
2263,Longwinded,5
2263,OK,2
2263,Persuasive,219
2263,Unconvincing,2
2264,Beautiful,87
2264,Confusing,1
2264,Courageous,70
2264,Fascinating,50
2264,Funny,38
2264,Informative,59
2264,Ingenious,69
2264,Inspiring,62
2264,Jaw-dropping,65
2264,Longwinded,20
2264,OK,62
2264,Obnoxious,4
2264,Persuasive,83
2264,Unconvincing,12
2265,Beautiful,133
2265,Confusing,18
2265,Courageous,48
2265,Fascinating,15
2265,Funny,124
2265,Informative,70
2265,Ingenious,72
2265,Inspiring,98
2265,Jaw-dropping,79
2265,Longwinded,1
2265,OK,50
2265,Obnoxious,128
2265,Persuasive,119
2265,Unconvincing,51
2266,Beautiful,590
2266,Confusing,88
2266,Courageous,610
2266,Fascinating,286
2266,Funny,559
2266,Informative,687
2266,Ingenious,512
2266,Inspiring,669
2266,Jaw-dropping,246
2266,Longwinded,334
2266,OK,2
2266,Obnoxious,404
2266,Persuasive,409
2266,Unconvincing,25
2267,Beautiful,19
2267,Confusing,38
2267,Courageous,33
2267,Fascinating,20
2267,Funny,6
2267,Informative,36
2267,Ingenious,27
2267,Inspiring,36
2267,Jaw-dropping,27
2267,Longwinded,7
2267,OK,4
2267,Obnoxious,1
2267,Persuasive,26
2267,Unconvincing,31
2268,Beautiful,55
2268,Confusing,45
2268,Courageous,280
2268,Fascinating,267
2268,Funny,83
2268,Informative,305
2268,Ingenious,314
2268,Inspiring,292
2268,Jaw-dropping,174
2268,Longwinded,25
2268,OK,14
2268,Obnoxious,170
2268,Persuasive,229
2268,Unconvincing,61
2269,Beautiful,330
2269,Confusing,228
2269,Courageous,268
2269,Fascinating,308
2269,Funny,194
2269,Informative,247
2269,Ingenious,280
2269,Inspiring,67
2269,Jaw-dropping,335
2269,Longwinded,31
2269,OK,127
2269,Obnoxious,83
2269,Persuasive,170
2269,Unconvincing,320
2270,Beautiful,68
2270,Courageous,93
2270,Fascinating,15
2270,Funny,84
2270,Informative,109
2270,Ingenious,44
2270,Inspiring,74
2270,Jaw-dropping,118
2270,Longwinded,79
2270,OK,47
2270,Obnoxious,19
2270,Persuasive,64
2271,Beautiful,74
2271,Confusing,10
2271,Courageous,32
2271,Fascinating,17
2271,Funny,24
2271,Informative,73
2271,Ingenious,74
2271,Inspiring,53
2271,Jaw-dropping,44
2271,Longwinded,5
2271,OK,38
2271,Obnoxious,48
2271,Persuasive,11
2271,Unconvincing,9
2272,Beautiful,572
2272,Confusing,45
2272,Courageous,576
2272,Fascinating,576
2272,Funny,631
2272,Informative,565
2272,Ingenious,332
2272,Inspiring,452
2272,Jaw-dropping,629
2272,Longwinded,87
2272,OK,85
2272,Obnoxious,370
2272,Persuasive,657
2272,Unconvincing,467
2273,Beautiful,26
2273,Confusing,15
2273,Courageous,39
2273,Fascinating,11
2273,Funny,31
2273,Informative,24
2273,Ingenious,41
2273,Inspiring,34
2273,Jaw-dropping,39
2273,Longwinded,36
2273,OK,9
2273,Obnoxious,40
2273,Persuasive,44
2273,Unconvincing,16
2274,Beautiful,363
2274,Confusing,78
2274,Courageous,327
2274,Fascinating,94
2274,Funny,117
2274,Informative,146
2274,Ingenious,260
2274,Inspiring,245
2274,Jaw-dropping,285
2274,Longwinded,198
2274,Obnoxious,74
2274,Persuasive,537
2274,Unconvincing,204
2275,Beautiful,14
2275,Confusing,30
2275,Courageous,21
2275,Fascinating,31
2275,Funny,28
2275,Informative,10
2275,Ingenious,19
2275,Inspiring,23
2275,Jaw-dropping,34
2275,Longwinded,14
2275,Persuasive,37
2275,Unconvincing,2
2276,Beautiful,37
2276,Confusing,11
2276,Courageous,34
2276,Funny,26
2276,Informative,17
2276,Ingenious,6
2276,Inspiring,34
2276,Jaw-dropping,35
2276,Longwinded,13
2276,OK,17
2276,Obnoxious,7
2276,Persuasive,17
2276,Unconvincing,8
2277,Beautiful,285
2277,Confusing,230
2277,Courageous,440
2277,Fascinating,278
2277,Funny,210
2277,Informative,230
2277,Ingenious,414
2277,Inspiring,456
2277,Jaw-dropping,183
2277,Longwinded,101
2277,OK,94
2277,Obnoxious,1
2277,Persuasive,251
2277,Unconvincing,437
2278,Beautiful,49
2278,Courageous,70
2278,Fascinating,27
2278,Funny,33
2278,Informative,62
2278,Ingenious,70
2278,Inspiring,50
2278,Jaw-dropping,75
2278,Longwinded,8
2278,OK,9
2278,Obnoxious,26
2278,Persuasive,81
2279,Beautiful,133
2279,Confusing,143
2279,Courageous,173
2279,Fascinating,134
2279,Funny,109
2279,Informative,196
2279,Ingenious,166
2279,Inspiring,210
2279,Jaw-dropping,178
2279,Longwinded,50
2279,OK,151
2279,Obnoxious,39
2279,Persuasive,261
2279,Unconvincing,9
2280,Beautiful,57
2280,Confusing,24
2280,Courageous,60
2280,Fascinating,39
2280,Funny,15
2280,Informative,39
2280,Ingenious,52
2280,Inspiring,28
2280,Jaw-dropping,10
2280,Longwinded,1
2280,OK,32
2280,Obnoxious,29
2280,Persuasive,39
2280,Unconvincing,5
2281,Beautiful,13
2281,Confusing,21
2281,Courageous,8
2281,Fascinating,25
2281,Funny,23
2281,Informative,15
2281,Ingenious,15
2281,Inspiring,23
2281,Jaw-dropping,23
2281,Longwinded,23
2281,OK,11
2281,Persuasive,9
2281,Unconvincing,3
2282,Beautiful,250
2282,Confusing,25
2282,Courageous,62
2282,Fascinating,183
2282,Funny,126
2282,Informative,139
2282,Ingenious,208
2282,Inspiring,137
2282,Jaw-dropping,67
2282,Longwinded,66
2282,OK,15
2282,Obnoxious,73
2282,Persuasive,271
2282,Unconvincing,267
2283,Beautiful,103
2283,Confusing,10
2283,Courageous,193
2283,Fascinating,139
2283,Funny,242
2283,Informative,132
2283,Ingenious,199
2283,Inspiring,238
2283,Jaw-dropping,30
2283,Longwinded,34
2283,OK,48
2283,Obnoxious,183
2283,Persuasive,211
2283,Unconvincing,18
2284,Beautiful,75
2284,Confusing,8
2284,Courageous,65
2284,Fascinating,79
2284,Funny,71
2284,Informative,27
2284,Ingenious,29
2284,Inspiring,71
2284,Jaw-dropping,56
2284,Longwinded,76
2284,OK,55
2284,Obnoxious,17
2284,Persuasive,27
2284,Unconvincing,79
2285,Beautiful,119
2285,Confusing,16
2285,Courageous,44
2285,Fascinating,163
2285,Funny,137
2285,Informative,164
2285,Ingenious,32
2285,Inspiring,12
2285,Jaw-dropping,128
2285,Longwinded,136
2285,OK,136
2285,Obnoxious,126
2285,Persuasive,118
2285,Unconvincing,48
2286,Beautiful,34
2286,Courageous,49
2286,Fascinating,28
2286,Funny,29
2286,Informative,35
2286,Ingenious,24
2286,Inspiring,37
2286,Jaw-dropping,58
2286,OK,9
2286,Obnoxious,49
2286,Persuasive,40
2286,Unconvincing,4
2287,Beautiful,190
2287,Confusing,36
2287,Courageous,215
2287,Fascinating,213
2287,Funny,203
2287,Informative,130
2287,Ingenious,151
2287,Inspiring,206
2287,Jaw-dropping,187
2287,Longwinded,42
2287,OK,19
2287,Obnoxious,241
2287,Persuasive,219
2287,Unconvincing,101
2288,Beautiful,37
2288,Confusing,71
2288,Courageous,39
2288,Fascinating,64
2288,Funny,77
2288,Informative,63
2288,Ingenious,72
2288,Inspiring,71
2288,Jaw-dropping,65
2288,Longwinded,33
2288,OK,59
2288,Obnoxious,17
2288,Persuasive,55
2288,Unconvincing,38
2289,Beautiful,19
2289,Confusing,3
2289,Courageous,12
2289,Fascinating,21
2289,Funny,26
2289,Informative,24
2289,Ingenious,15
2289,Inspiring,8
2289,Jaw-dropping,19
2289,Longwinded,7
2289,OK,22
2289,Obnoxious,2
2289,Persuasive,15
2290,Beautiful,48
2290,Confusing,34
2290,Courageous,33
2290,Fascinating,24
2290,Funny,47
2290,Informative,51
2290,Ingenious,45
2290,Inspiring,36
2290,Jaw-dropping,54
2290,Longwinded,23
2290,OK,46
2290,Obnoxious,21
2290,Persuasive,42
2290,Unconvincing,13
2291,Beautiful,19
2291,Courageous,32
2291,Fascinating,35
2291,Funny,35
2291,Informative,24
2291,Ingenious,33
2291,Inspiring,27
2291,Jaw-dropping,33
2291,Longwinded,8
2291,Obnoxious,4
2291,Persuasive,33
2291,Unconvincing,13
2292,Beautiful,800
2292,Confusing,231
2292,Courageous,597
2292,Fascinating,342
2292,Funny,387
2292,Informative,212
2292,Ingenious,774
2292,Inspiring,784
2292,Jaw-dropping,264
2292,OK,527
2292,Obnoxious,4
2292,Persuasive,348
2293,Beautiful,102
2293,Confusing,39
2293,Courageous,93
2293,Fascinating,131
2293,Funny,53
2293,Informative,52
2293,Ingenious,81
2293,Inspiring,87
2293,Jaw-dropping,123
2293,Longwinded,70
2293,OK,1
2293,Obnoxious,92
2293,Persuasive,138
2293,Unconvincing,45
2294,Beautiful,56
2294,Confusing,19
2294,Courageous,31
2294,Fascinating,79
2294,Funny,24
2294,Informative,36
2294,Ingenious,38
2294,Inspiring,25
2294,Jaw-dropping,75
2294,Longwinded,7
2294,OK,71
2294,Obnoxious,44
2294,Persuasive,75
2294,Unconvincing,69
2295,Beautiful,21
2295,Confusing,26
2295,Courageous,16
2295,Fascinating,28
2295,Funny,24
2295,Informative,24
2295,Ingenious,15
2295,Inspiring,27
2295,Jaw-dropping,21
2295,Longwinded,21
2295,OK,21
2295,Obnoxious,2
2295,Persuasive,17
2295,Unconvincing,17
2296,Beautiful,51
2296,Confusing,6
2296,Courageous,61
2296,Fascinating,60
2296,Funny,51
2296,Informative,43
2296,Ingenious,73
2296,Inspiring,47
2296,Jaw-dropping,23
2296,Obnoxious,1
2296,Persuasive,70
2296,Unconvincing,68
2297,Beautiful,26
2297,Confusing,1
2297,Courageous,44
2297,Fascinating,45
2297,Funny,31
2297,Informative,33
2297,Ingenious,47
2297,Inspiring,45
2297,Jaw-dropping,46
2297,Longwinded,12
2297,OK,17
2297,Obnoxious,9
2297,Persuasive,46
2298,Beautiful,211
2298,Confusing,80
2298,Courageous,171
2298,Fascinating,325
2298,Funny,205
2298,Informative,325
2298,Ingenious,336
2298,Inspiring,330
2298,Jaw-dropping,253
2298,Longwinded,318
2298,OK,28
2298,Obnoxious,333
2298,Persuasive,23
2298,Unconvincing,38
2299,Beautiful,397
2299,Confusing,159
2299,Courageous,318
2299,Fascinating,468
2299,Funny,207
2299,Informative,398
2299,Ingenious,311
2299,Inspiring,110
2299,Jaw-dropping,263
2299,Longwinded,1
2299,OK,5
2299,Obnoxious,130
2299,Persuasive,139
2299,Unconvincing,205
2300,Beautiful,110
2300,Confusing,107
2300,Courageous,116
2300,Fascinating,104
2300,Funny,84
2300,Informative,101
2300,Ingenious,54
2300,Inspiring,115
2300,Jaw-dropping,123
2300,Longwinded,30
2300,OK,1
2300,Obnoxious,26
2300,Persuasive,62
2301,Beautiful,60
2301,Confusing,5
2301,Courageous,51
2301,Fascinating,52
2301,Funny,38
2301,Informative,25
2301,Ingenious,37
2301,Inspiring,48
2301,Jaw-dropping,48
2301,Obnoxious,5
2301,Persuasive,30
2301,Unconvincing,22
2302,Beautiful,177
2302,Courageous,330
2302,Fascinating,234
2302,Funny,231
2302,Informative,224
2302,Ingenious,164
2302,Inspiring,210
2302,Jaw-dropping,172
2302,Longwinded,2
2302,OK,1
2302,Obnoxious,221
2302,Persuasive,218
2302,Unconvincing,302
2303,Beautiful,38
2303,Confusing,2
2303,Courageous,47
2303,Fascinating,12
2303,Funny,56
2303,Informative,40
2303,Ingenious,34
2303,Inspiring,60
2303,Jaw-dropping,24
2303,Longwinded,12
2303,OK,3
2303,Obnoxious,12
2303,Persuasive,50
2303,Unconvincing,14
2304,Beautiful,144
2304,Confusing,10
2304,Courageous,74
2304,Fascinating,155
2304,Funny,118
2304,Informative,55
2304,Ingenious,98
2304,Inspiring,18
2304,Jaw-dropping,177
2304,Longwinded,59
2304,OK,11
2304,Obnoxious,10
2304,Persuasive,82
2304,Unconvincing,117
2305,Beautiful,65
2305,Confusing,8
2305,Courageous,116
2305,Fascinating,95
2305,Funny,125
2305,Informative,126
2305,Ingenious,88
2305,Inspiring,67
2305,Jaw-dropping,85
2305,Longwinded,126
2305,OK,57
2305,Obnoxious,21
2305,Persuasive,19
2305,Unconvincing,26
2306,Beautiful,66
2306,Confusing,54
2306,Courageous,212
2306,Fascinating,233
2306,Funny,137
2306,Informative,215
2306,Ingenious,69
2306,Inspiring,133
2306,Jaw-dropping,148
2306,Longwinded,13
2306,OK,54
2306,Obnoxious,101
2306,Persuasive,222
2306,Unconvincing,2
2307,Beautiful,125
2307,Confusing,88
2307,Courageous,72
2307,Fascinating,116
2307,Funny,128
2307,Informative,110
2307,Ingenious,119
2307,Inspiring,121
2307,Jaw-dropping,84
2307,Longwinded,123
2307,OK,7
2307,Obnoxious,137
2307,Persuasive,48
2307,Unconvincing,4
2308,Beautiful,21
2308,Courageous,19
2308,Fascinating,23
2308,Funny,23
2308,Informative,7
2308,Ingenious,8
2308,Inspiring,15
2308,Jaw-dropping,22
2308,Longwinded,23
2308,OK,6
2308,Obnoxious,6
2308,Persuasive,8
2309,Beautiful,60
2309,Courageous,18
2309,Fascinating,27
2309,Funny,82
2309,Informative,84
2309,Ingenious,62
2309,Inspiring,70
2309,Jaw-dropping,41
2309,OK,32
2309,Obnoxious,19
2309,Persuasive,71
2309,Unconvincing,43
2310,Beautiful,88
2310,Courageous,79
2310,Fascinating,59
2310,Funny,66
2310,Informative,8
2310,Ingenious,34
2310,Inspiring,78
2310,Jaw-dropping,73
2310,Longwinded,25
2310,OK,28
2310,Obnoxious,49
2310,Persuasive,57
2310,Unconvincing,40
2311,Beautiful,4
2311,Confusing,17
2311,Courageous,15
2311,Fascinating,35
2311,Funny,28
2311,Informative,34
2311,Ingenious,35
2311,Inspiring,26
2311,Jaw-dropping,28
2311,Longwinded,1
2311,Persuasive,31
2311,Unconvincing,18
2312,Beautiful,124
2312,Confusing,9
2312,Courageous,125
2312,Fascinating,99
2312,Funny,101
2312,Informative,99
2312,Ingenious,106
2312,Inspiring,31
2312,Jaw-dropping,117
2312,Longwinded,42
2312,OK,100
2312,Obnoxious,1
2312,Persuasive,122
2312,Unconvincing,111
2313,Beautiful,437
2313,Confusing,18
2313,Courageous,297
2313,Fascinating,353
2313,Funny,204
2313,Informative,252
2313,Ingenious,417
2313,Inspiring,169
2313,Jaw-dropping,267
2313,Longwinded,148
2313,OK,62
2313,Obnoxious,13
2313,Persuasive,388
2313,Unconvincing,383
2314,Beautiful,23
2314,Confusing,32
2314,Courageous,31
2314,Fascinating,20
2314,Funny,22
2314,Informative,24
2314,Ingenious,5
2314,Inspiring,33
2314,Jaw-dropping,33
2314,Longwinded,1
2314,Obnoxious,9
2314,Persuasive,22
2315,Beautiful,65
2315,Confusing,34
2315,Courageous,158
2315,Fascinating,44
2315,Funny,137
2315,Informative,184
2315,Ingenious,83
2315,Inspiring,65
2315,Jaw-dropping,161
2315,Longwinded,48
2315,OK,17
2315,Obnoxious,56
2315,Persuasive,83
2315,Unconvincing,7
2316,Beautiful,158
2316,Courageous,176
2316,Fascinating,153
2316,Funny,165
2316,Informative,228
2316,Ingenious,103
2316,Inspiring,164
2316,Jaw-dropping,82
2316,Longwinded,8
2316,OK,12
2316,Obnoxious,28
2316,Persuasive,157
2316,Unconvincing,2
2317,Beautiful,279
2317,Confusing,135
2317,Courageous,183
2317,Fascinating,334
2317,Funny,381
2317,Informative,320
2317,Ingenious,221
2317,Inspiring,167
2317,Jaw-dropping,109
2317,Longwinded,95
2317,OK,1
2317,Obnoxious,40
2317,Persuasive,189
2317,Unconvincing,97
2318,Beautiful,117
2318,Confusing,107
2318,Courageous,86
2318,Fascinating,110
2318,Funny,112
2318,Informative,63
2318,Ingenious,120
2318,Inspiring,86
2318,Jaw-dropping,53
2318,Longwinded,95
2318,Obnoxious,53
2318,Persuasive,91
2318,Unconvincing,24
2319,Beautiful,98
2319,Confusing,48
2319,Courageous,127
2319,Fascinating,141
2319,Funny,196
2319,Informative,130
2319,Ingenious,129
2319,Inspiring,176
2319,Jaw-dropping,60
2319,Longwinded,109
2319,OK,12
2319,Obnoxious,137
2319,Persuasive,167
2319,Unconvincing,76
2320,Beautiful,213
2320,Confusing,95
2320,Courageous,94
2320,Fascinating,175
2320,Funny,275
2320,Informative,256
2320,Ingenious,234
2320,Inspiring,252
2320,Jaw-dropping,28
2320,Longwinded,28
2320,OK,2
2320,Obnoxious,12
2320,Persuasive,200
2320,Unconvincing,277
2321,Beautiful,74
2321,Confusing,11
2321,Courageous,78
2321,Fascinating,20
2321,Funny,91
2321,Informative,63
2321,Ingenious,23
2321,Inspiring,12
2321,Jaw-dropping,53
2321,Longwinded,4
2321,OK,27
2321,Persuasive,79
2321,Unconvincing,27
2322,Beautiful,9
2322,Confusing,5
2322,Courageous,2
2322,Fascinating,3
2322,Funny,11
2322,Informative,12
2322,Ingenious,4
2322,Inspiring,11
2322,Jaw-dropping,12
2322,Longwinded,11
2322,OK,2
2322,Persuasive,9
2323,Beautiful,26
2323,Confusing,4
2323,Courageous,15
2323,Fascinating,15
2323,Funny,30
2323,Informative,28
2323,Ingenious,18
2323,Inspiring,21
2323,Jaw-dropping,14
2323,Longwinded,11
2323,OK,17
2323,Obnoxious,1
2323,Persuasive,26
2324,Beautiful,30
2324,Confusing,44
2324,Courageous,59
2324,Fascinating,11
2324,Funny,63
2324,Informative,38
2324,Ingenious,58
2324,Inspiring,39
2324,Jaw-dropping,28
2324,Obnoxious,32
2324,Persuasive,43
2325,Beautiful,64
2325,Confusing,3
2325,Courageous,84
2325,Fascinating,74
2325,Funny,46
2325,Informative,61
2325,Ingenious,46
2325,Inspiring,54
2325,Jaw-dropping,62
2325,Longwinded,1
2325,OK,2
2325,Obnoxious,2
2325,Persuasive,51
2325,Unconvincing,1
2326,Beautiful,94
2326,Confusing,22
2326,Courageous,185
2326,Fascinating,114
2326,Funny,282
2326,Informative,60
2326,Ingenious,109
2326,Inspiring,115
2326,Jaw-dropping,196
2326,Longwinded,3
2326,OK,127
2326,Obnoxious,62
2326,Persuasive,119
2326,Unconvincing,3
2327,Beautiful,258
2327,Confusing,32
2327,Courageous,238
2327,Fascinating,200
2327,Funny,137
2327,Informative,305
2327,Ingenious,170
2327,Inspiring,167
2327,Jaw-dropping,280
2327,Longwinded,143
2327,OK,208
2327,Obnoxious,87
2327,Persuasive,265
2327,Unconvincing,286
2328,Beautiful,59
2328,Confusing,32
2328,Courageous,29
2328,Fascinating,30
2328,Funny,10
2328,Informative,33
2328,Ingenious,66
2328,Inspiring,66
2328,Jaw-dropping,68
2328,OK,56
2328,Obnoxious,47
2328,Persuasive,19
2328,Unconvincing,31
2329,Beautiful,295
2329,Confusing,41
2329,Courageous,220
2329,Fascinating,219
2329,Funny,263
2329,Informative,142
2329,Ingenious,179
2329,Inspiring,241
2329,Jaw-dropping,98
2329,Longwinded,39
2329,OK,283
2329,Obnoxious,215
2329,Persuasive,254
2329,Unconvincing,93
2330,Beautiful,9
2330,Confusing,17
2330,Courageous,23
2330,Fascinating,31
2330,Funny,41
2330,Informative,49
2330,Ingenious,34
2330,Inspiring,49
2330,Jaw-dropping,38
2330,Longwinded,31
2330,OK,48
2330,Obnoxious,18
2330,Persuasive,43
2330,Unconvincing,14
2331,Beautiful,18
2331,Confusing,17
2331,Courageous,19
2331,Fascinating,20
2331,Funny,10
2331,Informative,18
2331,Ingenious,10
2331,Inspiring,15
2331,Jaw-dropping,8
2331,OK,11
2331,Obnoxious,3
2331,Persuasive,13
2331,Unconvincing,11
2332,Beautiful,49
2332,Confusing,91
2332,Courageous,47
2332,Fascinating,141
2332,Funny,146
2332,Informative,69
2332,Ingenious,85
2332,Inspiring,157
2332,Jaw-dropping,112
2332,Longwinded,66
2332,OK,52
2332,Persuasive,157
2332,Unconvincing,13
2333,Beautiful,27
2333,Confusing,20
2333,Courageous,29
2333,Fascinating,33
2333,Funny,31
2333,Informative,35
2333,Ingenious,17
2333,Inspiring,46
2333,Jaw-dropping,43
2333,Longwinded,34
2333,OK,4
2333,Obnoxious,46
2333,Persuasive,38
2334,Beautiful,49
2334,Confusing,3
2334,Courageous,48
2334,Fascinating,56
2334,Funny,30
2334,Informative,26
2334,Ingenious,31
2334,Inspiring,46
2334,Jaw-dropping,51
2334,Longwinded,46
2334,OK,1
2334,Obnoxious,6
2334,Persuasive,54
2334,Unconvincing,50
2335,Beautiful,133
2335,Confusing,62
2335,Courageous,167
2335,Fascinating,133
2335,Funny,164
2335,Informative,164
2335,Ingenious,155
2335,Inspiring,68
2335,Jaw-dropping,160
2335,Longwinded,118
2335,OK,33
2335,Obnoxious,98
2335,Persuasive,73
2335,Unconvincing,54
2336,Beautiful,544
2336,Confusing,586
2336,Courageous,1146
2336,Fascinating,1096
2336,Funny,1014
2336,Informative,497
2336,Ingenious,1095
2336,Inspiring,1288
2336,Jaw-dropping,775
2336,Longwinded,860
2336,OK,1341
2336,Obnoxious,1238
2336,Persuasive,1274
2336,Unconvincing,122
2337,Beautiful,70
2337,Courageous,96
2337,Fascinating,70
2337,Funny,45
2337,Informative,104
2337,Ingenious,86
2337,Inspiring,81
2337,Jaw-dropping,79
2337,Longwinded,4
2337,OK,33
2337,Obnoxious,64
2337,Persuasive,67
2337,Unconvincing,65
2338,Beautiful,6
2338,Courageous,6
2338,Fascinating,7
2338,Funny,6
2338,Informative,3
2338,Ingenious,7
2338,Inspiring,4
2338,Jaw-dropping,7
2338,OK,6
2338,Persuasive,1
2338,Unconvincing,4
2339,Beautiful,58
2339,Confusing,4
2339,Courageous,30
2339,Fascinating,65
2339,Funny,74
2339,Informative,42
2339,Ingenious,58
2339,Inspiring,40
2339,Jaw-dropping,73
2339,Longwinded,29
2339,Persuasive,61
2339,Unconvincing,57
2340,Beautiful,17
2340,Confusing,2
2340,Courageous,25
2340,Fascinating,59
2340,Funny,15
2340,Informative,38
2340,Ingenious,41
2340,Inspiring,45
2340,Jaw-dropping,56
2340,Longwinded,58
2340,OK,49
2340,Obnoxious,2
2340,Persuasive,57
2340,Unconvincing,22
2341,Beautiful,43
2341,Confusing,37
2341,Courageous,48
2341,Fascinating,78
2341,Funny,75
2341,Informative,60
2341,Ingenious,38
2341,Inspiring,77
2341,Jaw-dropping,55
2341,Longwinded,2
2341,Obnoxious,55
2341,Persuasive,81
2341,Unconvincing,75
2342,Beautiful,1101
2342,Confusing,38
2342,Courageous,190
2342,Fascinating,742
2342,Funny,290
2342,Informative,864
2342,Ingenious,979
2342,Inspiring,1088
2342,Jaw-dropping,1080
2342,Longwinded,43
2342,OK,82
2342,Obnoxious,535
2342,Persuasive,728
2342,Unconvincing,528
2343,Beautiful,24
2343,Confusing,25
2343,Courageous,36
2343,Fascinating,35
2343,Funny,10
2343,Informative,34
2343,Ingenious,34
2343,Inspiring,13
2343,Jaw-dropping,37
2343,OK,24
2343,Obnoxious,5
2343,Persuasive,30
2343,Unconvincing,1
2344,Beautiful,61
2344,Confusing,36
2344,Courageous,38
2344,Fascinating,59
2344,Funny,91
2344,Informative,58
2344,Ingenious,80
2344,Inspiring,81
2344,Jaw-dropping,68
2344,Longwinded,1
2344,OK,90
2344,Obnoxious,35
2344,Persuasive,61
2344,Unconvincing,21
2345,Beautiful,161
2345,Confusing,130
2345,Courageous,76
2345,Fascinating,183
2345,Funny,313
2345,Informative,143
2345,Ingenious,254
2345,Inspiring,317
2345,Jaw-dropping,278
2345,Longwinded,5
2345,OK,272
2345,Obnoxious,232
2345,Persuasive,283
2345,Unconvincing,43
2346,Beautiful,37
2346,Confusing,22
2346,Courageous,14
2346,Fascinating,51
2346,Funny,68
2346,Informative,50
2346,Ingenious,60
2346,Inspiring,58
2346,Jaw-dropping,62
2346,Longwinded,70
2346,OK,61
2346,Obnoxious,5
2346,Persuasive,50
2347,Beautiful,3
2347,Confusing,1
2347,Courageous,13
2347,Fascinating,3
2347,Funny,10
2347,Informative,13
2347,Ingenious,10
2347,Inspiring,12
2347,Jaw-dropping,15
2347,Longwinded,5
2347,OK,9
2347,Obnoxious,11
2347,Persuasive,5
2347,Unconvincing,14
2348,Beautiful,107
2348,Confusing,1
2348,Courageous,126
2348,Fascinating,90
2348,Funny,137
2348,Informative,91
2348,Ingenious,117
2348,Inspiring,131
2348,Jaw-dropping,110
2348,Longwinded,26
2348,OK,55
2348,Obnoxious,54
2348,Persuasive,66
2348,Unconvincing,84
2349,Beautiful,84
2349,Confusing,5
2349,Courageous,84
2349,Fascinating,70
2349,Funny,76
2349,Informative,66
2349,Ingenious,84
2349,Inspiring,65
2349,Jaw-dropping,44
2349,Longwinded,9
2349,OK,11
2349,Obnoxious,10
2349,Persuasive,26
2349,Unconvincing,25
2350,Beautiful,94
2350,Confusing,95
2350,Courageous,125
2350,Fascinating,115
2350,Funny,69
2350,Informative,91
2350,Ingenious,49
2350,Inspiring,64
2350,Jaw-dropping,103
2350,Longwinded,9
2350,OK,88
2350,Persuasive,64
2350,Unconvincing,118
2351,Beautiful,23
2351,Confusing,43
2351,Courageous,62
2351,Fascinating,44
2351,Funny,21
2351,Informative,76
2351,Ingenious,37
2351,Inspiring,36
2351,Jaw-dropping,81
2351,Longwinded,25
2351,OK,65
2351,Persuasive,31
2351,Unconvincing,48
2352,Beautiful,251
2352,Confusing,16
2352,Courageous,278
2352,Fascinating,154
2352,Funny,426
2352,Informative,430
2352,Ingenious,170
2352,Inspiring,312
2352,Jaw-dropping,448
2352,Longwinded,60
2352,OK,404
2352,Obnoxious,129
2352,Persuasive,180
2352,Unconvincing,11
2353,Beautiful,189
2353,Confusing,7
2353,Courageous,182
2353,Fascinating,208
2353,Funny,70
2353,Informative,85
2353,Ingenious,204
2353,Inspiring,245
2353,Jaw-dropping,241
2353,Longwinded,53
2353,OK,236
2353,Obnoxious,1
2353,Persuasive,163
2353,Unconvincing,185
2354,Beautiful,242
2354,Confusing,142
2354,Courageous,185
2354,Fascinating,165
2354,Funny,103
2354,Informative,239
2354,Ingenious,42
2354,Inspiring,223
2354,Jaw-dropping,232
2354,Longwinded,16
2354,OK,123
2354,Obnoxious,60
2354,Persuasive,228
2354,Unconvincing,89
2355,Beautiful,61
2355,Confusing,59
2355,Courageous,82
2355,Fascinating,50
2355,Funny,91
2355,Informative,44
2355,Ingenious,84
2355,Inspiring,95
2355,Jaw-dropping,91
2355,Longwinded,4
2355,OK,20
2355,Obnoxious,9
2355,Persuasive,62
2355,Unconvincing,58
2356,Beautiful,113
2356,Confusing,9
2356,Courageous,127
2356,Fascinating,127
2356,Funny,149
2356,Informative,148
2356,Ingenious,109
2356,Inspiring,109
2356,Jaw-dropping,152
2356,Longwinded,119
2356,OK,1
2356,Obnoxious,49
2356,Persuasive,59
2356,Unconvincing,120
2357,Beautiful,16
2357,Courageous,12
2357,Fascinating,21
2357,Funny,6
2357,Informative,17
2357,Ingenious,21
2357,Inspiring,15
2357,Jaw-dropping,21
2357,OK,4
2357,Obnoxious,5
2357,Persuasive,20
2357,Unconvincing,14
2358,Beautiful,226
2358,Confusing,1
2358,Courageous,380
2358,Fascinating,314
2358,Funny,229
2358,Informative,351
2358,Ingenious,241
2358,Inspiring,202
2358,Jaw-dropping,232
2358,Longwinded,164
2358,OK,36
2358,Obnoxious,118
2358,Persuasive,328
2358,Unconvincing,308
2359,Beautiful,501
2359,Confusing,486
2359,Courageous,509
2359,Fascinating,198
2359,Funny,255
2359,Informative,455
2359,Ingenious,420
2359,Inspiring,422
2359,Jaw-dropping,177
2359,Longwinded,487
2359,OK,269
2359,Obnoxious,293
2359,Persuasive,374
2359,Unconvincing,298
2360,Beautiful,169
2360,Confusing,6
2360,Courageous,74
2360,Fascinating,197
2360,Funny,151
2360,Informative,234
2360,Ingenious,10
2360,Inspiring,228
2360,Jaw-dropping,245
2360,Longwinded,189
2360,OK,16
2360,Obnoxious,67
2360,Persuasive,128
2360,Unconvincing,34
2361,Beautiful,51
2361,Confusing,61
2361,Courageous,26
2361,Fascinating,55
2361,Funny,46
2361,Informative,43
2361,Ingenious,39
2361,Inspiring,48
2361,Jaw-dropping,77
2361,Longwinded,57
2361,Persuasive,49
2361,Unconvincing,25
2362,Beautiful,129
2362,Confusing,25
2362,Courageous,127
2362,Fascinating,110
2362,Funny,131
2362,Informative,73
2362,Ingenious,109
2362,Inspiring,68
2362,Jaw-dropping,66
2362,Longwinded,69
2362,OK,94
2362,Persuasive,121
2362,Unconvincing,11
2363,Beautiful,27
2363,Confusing,20
2363,Courageous,36
2363,Fascinating,21
2363,Funny,42
2363,Informative,33
2363,Ingenious,21
2363,Inspiring,36
2363,Jaw-dropping,37
2363,OK,11
2363,Persuasive,21
2364,Beautiful,191
2364,Confusing,45
2364,Courageous,355
2364,Fascinating,271
2364,Funny,286
2364,Informative,19
2364,Ingenious,341
2364,Inspiring,262
2364,Jaw-dropping,190
2364,Longwinded,139
2364,OK,262
2364,Obnoxious,185
2364,Persuasive,207
2364,Unconvincing,5
2365,Beautiful,96
2365,Confusing,1
2365,Courageous,65
2365,Fascinating,175
2365,Funny,139
2365,Informative,144
2365,Ingenious,54
2365,Inspiring,112
2365,Jaw-dropping,132
2365,Longwinded,112
2365,OK,32
2365,Obnoxious,121
2365,Persuasive,117
2365,Unconvincing,17
2366,Beautiful,23
2366,Confusing,27
2366,Courageous,21
2366,Fascinating,31
2366,Funny,10
2366,Informative,23
2366,Ingenious,15
2366,Inspiring,26
2366,Jaw-dropping,25
2366,Longwinded,1
2366,OK,38
2366,Obnoxious,26
2366,Persuasive,38
2366,Unconvincing,31
2367,Beautiful,114
2367,Confusing,34
2367,Courageous,107
2367,Fascinating,186
2367,Funny,241
2367,Informative,134
2367,Ingenious,120
2367,Inspiring,264
2367,Jaw-dropping,146
2367,Longwinded,9
2367,OK,228
2367,Obnoxious,1
2367,Persuasive,153
2367,Unconvincing,4
2368,Beautiful,224
2368,Confusing,27
2368,Courageous,104
2368,Fascinating,215
2368,Funny,284
2368,Informative,97
2368,Ingenious,214
2368,Inspiring,79
2368,Jaw-dropping,199
2368,Longwinded,14
2368,Obnoxious,181
2368,Persuasive,41
2368,Unconvincing,30
2369,Beautiful,16
2369,Confusing,4
2369,Courageous,15
2369,Fascinating,17
2369,Funny,25
2369,Informative,12
2369,Ingenious,14
2369,Inspiring,26
2369,Jaw-dropping,19
2369,Longwinded,12
2369,Persuasive,21
2370,Beautiful,160
2370,Courageous,52
2370,Fascinating,145
2370,Funny,141
2370,Informative,143
2370,Ingenious,151
2370,Inspiring,149
2370,Jaw-dropping,135
2370,OK,22
2370,Obnoxious,49
2370,Persuasive,130
2370,Unconvincing,22
2371,Beautiful,69
2371,Confusing,17
2371,Courageous,73
2371,Fascinating,53
2371,Funny,70
2371,Informative,56
2371,Ingenious,27
2371,Inspiring,74
2371,Jaw-dropping,44
2371,Longwinded,31
2371,OK,62
2371,Obnoxious,15
2371,Persuasive,72
2371,Unconvincing,13
2372,Beautiful,32
2372,Courageous,43
2372,Fascinating,37
2372,Funny,35
2372,Informative,34
2372,Ingenious,35
2372,Inspiring,18
2372,Jaw-dropping,41
2372,Longwinded,29
2372,OK,21
2372,Obnoxious,28
2372,Persuasive,36
2372,Unconvincing,1
2373,Beautiful,56
2373,Confusing,50
2373,Courageous,96
2373,Fascinating,109
2373,Funny,121
2373,Informative,116
2373,Ingenious,141
2373,Inspiring,145
2373,Jaw-dropping,83
2373,OK,5
2373,Persuasive,149
2373,Unconvincing,11
2374,Beautiful,63
2374,Confusing,3
2374,Courageous,62
2374,Fascinating,49
2374,Funny,30
2374,Informative,70
2374,Ingenious,56
2374,Inspiring,53
2374,Jaw-dropping,46
2374,Longwinded,3
2374,OK,9
2374,Obnoxious,21
2374,Persuasive,38
2374,Unconvincing,34
2375,Beautiful,4
2375,Courageous,4
2375,Fascinating,3
2375,Funny,3
2375,Informative,5
2375,Ingenious,5
2375,Inspiring,4
2375,Jaw-dropping,2
2375,Longwinded,1
2375,OK,4
2375,Obnoxious,1
2375,Persuasive,3
2375,Unconvincing,2
2376,Beautiful,32
2376,Confusing,19
2376,Courageous,31
2376,Fascinating,29
2376,Funny,31
2376,Informative,36
2376,Ingenious,19
2376,Inspiring,34
2376,Jaw-dropping,36
2376,Longwinded,1
2376,OK,5
2376,Obnoxious,4
2376,Persuasive,21
2376,Unconvincing,4
2377,Beautiful,55
2377,Confusing,4
2377,Courageous,58
2377,Fascinating,47
2377,Funny,7
2377,Informative,59
2377,Ingenious,38
2377,Inspiring,14
2377,Jaw-dropping,13
2377,Longwinded,45
2377,OK,33
2377,Obnoxious,29
2377,Persuasive,27
2377,Unconvincing,5
2378,Beautiful,28
2378,Confusing,1
2378,Courageous,14
2378,Fascinating,93
2378,Funny,37
2378,Informative,31
2378,Ingenious,64
2378,Inspiring,14
2378,Jaw-dropping,13
2378,Longwinded,46
2378,OK,5
2378,Obnoxious,90
2378,Persuasive,96
2378,Unconvincing,69
2379,Beautiful,8
2379,Confusing,21
2379,Courageous,18
2379,Fascinating,9
2379,Funny,21
2379,Informative,22
2379,Ingenious,23
2379,Inspiring,25
2379,Jaw-dropping,16
2379,Longwinded,5
2379,OK,6
2379,Persuasive,18
2379,Unconvincing,3
2380,Beautiful,19
2380,Confusing,25
2380,Courageous,20
2380,Fascinating,32
2380,Funny,26
2380,Informative,31
2380,Ingenious,20
2380,Inspiring,17
2380,Jaw-dropping,24
2380,Longwinded,2
2380,OK,18
2380,Obnoxious,17
2380,Persuasive,30
2380,Unconvincing,13
2381,Beautiful,47
2381,Confusing,9
2381,Courageous,63
2381,Fascinating,39
2381,Funny,69
2381,Informative,9
2381,Ingenious,17
2381,Inspiring,46
2381,Jaw-dropping,28
2381,Longwinded,3
2381,OK,1
2381,Obnoxious,24
2381,Persuasive,57
2381,Unconvincing,2
2382,Beautiful,361
2382,Confusing,390
2382,Courageous,502
2382,Fascinating,404
2382,Funny,507
2382,Informative,268
2382,Ingenious,409
2382,Inspiring,339
2382,Jaw-dropping,365
2382,Longwinded,372
2382,OK,69
2382,Obnoxious,227
2382,Persuasive,524
2382,Unconvincing,1
2383,Beautiful,869
2383,Confusing,837
2383,Courageous,366
2383,Fascinating,516
2383,Funny,854
2383,Informative,952
2383,Ingenious,359
2383,Inspiring,728
2383,Jaw-dropping,329
2383,Longwinded,3
2383,OK,252
2383,Obnoxious,761
2383,Persuasive,885
2383,Unconvincing,223
2384,Beautiful,71
2384,Confusing,1
2384,Courageous,55
2384,Fascinating,60
2384,Funny,36
2384,Informative,75
2384,Ingenious,74
2384,Inspiring,68
2384,Jaw-dropping,70
2384,Longwinded,8
2384,OK,47
2384,Obnoxious,1
2384,Persuasive,74
2384,Unconvincing,70
2385,Beautiful,216
2385,Confusing,40
2385,Courageous,162
2385,Fascinating,182
2385,Funny,114
2385,Informative,176
2385,Ingenious,109
2385,Inspiring,104
2385,Jaw-dropping,191
2385,Longwinded,30
2385,OK,131
2385,Obnoxious,5
2385,Persuasive,96
2385,Unconvincing,1
2386,Beautiful,41
2386,Courageous,53
2386,Fascinating,18
2386,Funny,23
2386,Informative,3
2386,Ingenious,16
2386,Inspiring,17
2386,Jaw-dropping,28
2386,Longwinded,26
2386,OK,56
2386,Obnoxious,6
2386,Persuasive,50
2386,Unconvincing,45
2387,Beautiful,126
2387,Confusing,65
2387,Courageous,118
2387,Fascinating,182
2387,Funny,82
2387,Informative,138
2387,Ingenious,146
2387,Inspiring,183
2387,Jaw-dropping,49
2387,Longwinded,1
2387,OK,16
2387,Obnoxious,20
2387,Persuasive,145
2387,Unconvincing,10
2388,Beautiful,125
2388,Confusing,72
2388,Courageous,81
2388,Fascinating,36
2388,Funny,79
2388,Informative,102
2388,Ingenious,39
2388,Inspiring,71
2388,Jaw-dropping,28
2388,Longwinded,4
2388,OK,1
2388,Obnoxious,18
2388,Persuasive,120
2388,Unconvincing,17
2389,Beautiful,4
2389,Confusing,11
2389,Courageous,11
2389,Fascinating,12
2389,Funny,9
2389,Informative,8
2389,Ingenious,8
2389,Inspiring,10
2389,Jaw-dropping,12
2389,Longwinded,1
2389,OK,1
2389,Persuasive,6
2389,Unconvincing,4
2390,Beautiful,439
2390,Confusing,4
2390,Courageous,76
2390,Fascinating,715
2390,Funny,232
2390,Informative,638
2390,Ingenious,589
2390,Inspiring,500
2390,Jaw-dropping,504
2390,Longwinded,696
2390,OK,97
2390,Obnoxious,632
2390,Persuasive,394
2390,Unconvincing,331
2391,Beautiful,117
2391,Confusing,8
2391,Courageous,99
2391,Fascinating,131
2391,Funny,124
2391,Informative,93
2391,Ingenious,86
2391,Inspiring,135
2391,Jaw-dropping,47
2391,Longwinded,3
2391,OK,115
2391,Persuasive,136
2392,Beautiful,47
2392,Confusing,8
2392,Courageous,51
2392,Fascinating,23
2392,Funny,37
2392,Informative,51
2392,Ingenious,55
2392,Inspiring,50
2392,Jaw-dropping,60
2392,Longwinded,25
2392,Persuasive,48
2392,Unconvincing,40
2393,Beautiful,13
2393,Confusing,102
2393,Courageous,112
2393,Fascinating,68
2393,Funny,65
2393,Informative,88
2393,Ingenious,77
2393,Inspiring,84
2393,Jaw-dropping,65
2393,OK,29
2393,Obnoxious,106
2393,Persuasive,115
2393,Unconvincing,16
2394,Beautiful,111
2394,Confusing,3
2394,Courageous,115
2394,Fascinating,44
2394,Funny,111
2394,Informative,20
2394,Ingenious,112
2394,Inspiring,116
2394,Jaw-dropping,111
2394,Longwinded,26
2394,Persuasive,26
2394,Unconvincing,48
2395,Beautiful,58
2395,Confusing,24
2395,Courageous,25
2395,Fascinating,21
2395,Funny,35
2395,Informative,60
2395,Ingenious,25
2395,Inspiring,46
2395,Jaw-dropping,71
2395,Longwinded,54
2395,OK,12
2395,Obnoxious,19
2395,Persuasive,41
2395,Unconvincing,70
2396,Beautiful,38
2396,Confusing,7
2396,Courageous,36
2396,Fascinating,34
2396,Funny,34
2396,Informative,54
2396,Ingenious,4
2396,Inspiring,40
2396,Jaw-dropping,32
2396,Longwinded,7
2396,OK,30
2396,Obnoxious,49
2396,Persuasive,36
2396,Unconvincing,9
2397,Beautiful,65
2397,Confusing,43
2397,Courageous,57
2397,Fascinating,59
2397,Funny,64
2397,Informative,32
2397,Ingenious,46
2397,Inspiring,24
2397,Jaw-dropping,55
2397,Longwinded,3
2397,OK,17
2397,Obnoxious,6
2397,Persuasive,56
2397,Unconvincing,46
2398,Beautiful,183
2398,Confusing,180
2398,Courageous,66
2398,Fascinating,80
2398,Funny,30
2398,Informative,131
2398,Ingenious,100
2398,Inspiring,152
2398,Jaw-dropping,143
2398,Longwinded,62
2398,Obnoxious,134
2398,Persuasive,54
2398,Unconvincing,55
2399,Beautiful,229
2399,Confusing,86
2399,Courageous,99
2399,Fascinating,262
2399,Funny,245
2399,Informative,89
2399,Ingenious,36
2399,Inspiring,105
2399,Jaw-dropping,110
2399,Longwinded,104
2399,OK,221
2399,Obnoxious,52
2399,Persuasive,262
2399,Unconvincing,217
2400,Beautiful,76
2400,Confusing,70
2400,Courageous,154
2400,Fascinating,146
2400,Funny,134
2400,Informative,47
2400,Ingenious,140
2400,Inspiring,113
2400,Jaw-dropping,163
2400,Longwinded,2
2400,OK,4
2400,Obnoxious,56
2400,Persuasive,117
2400,Unconvincing,15
2401,Beautiful,266
2401,Confusing,85
2401,Courageous,346
2401,Fascinating,348
2401,Funny,218
2401,Informative,504
2401,Ingenious,341
2401,Inspiring,540
2401,Jaw-dropping,439
2401,Longwinded,229
2401,Obnoxious,174
2401,Persuasive,433
2401,Unconvincing,319
2402,Beautiful,79
2402,Confusing,21
2402,Courageous,43
2402,Fascinating,78
2402,Funny,72
2402,Informative,75
2402,Ingenious,68
2402,Inspiring,70
2402,Jaw-dropping,56
2402,Longwinded,8
2402,OK,8
2402,Obnoxious,20
2402,Persuasive,62
2402,Unconvincing,51
2403,Beautiful,52
2403,Confusing,28
2403,Courageous,54
2403,Fascinating,60
2403,Funny,59
2403,Informative,13
2403,Ingenious,46
2403,Inspiring,59
2403,Jaw-dropping,40
2403,Longwinded,37
2403,OK,4
2403,Obnoxious,17
2403,Persuasive,55
2403,Unconvincing,3
2404,Beautiful,128
2404,Confusing,19
2404,Courageous,57
2404,Fascinating,47
2404,Funny,94
2404,Informative,91
2404,Ingenious,103
2404,Inspiring,73
2404,Jaw-dropping,132
2404,Longwinded,27
2404,OK,74
2404,Obnoxious,101
2404,Persuasive,71
2404,Unconvincing,7
2405,Beautiful,26
2405,Confusing,25
2405,Courageous,29
2405,Fascinating,31
2405,Funny,26
2405,Informative,22
2405,Ingenious,16
2405,Inspiring,21
2405,Jaw-dropping,31
2405,Longwinded,1
2405,OK,1
2405,Obnoxious,8
2405,Persuasive,28
2406,Beautiful,145
2406,Confusing,16
2406,Courageous,145
2406,Fascinating,141
2406,Funny,143
2406,Informative,22
2406,Ingenious,153
2406,Inspiring,29
2406,Jaw-dropping,170
2406,Longwinded,56
2406,OK,47
2406,Persuasive,76
2406,Unconvincing,162
2407,Beautiful,378
2407,Confusing,607
2407,Courageous,195
2407,Fascinating,569
2407,Funny,353
2407,Informative,455
2407,Ingenious,488
2407,Inspiring,364
2407,Jaw-dropping,470
2407,Longwinded,92
2407,OK,21
2407,Persuasive,238
2407,Unconvincing,354
2408,Beautiful,300
2408,Confusing,146
2408,Courageous,106
2408,Fascinating,231
2408,Funny,220
2408,Informative,158
2408,Ingenious,232
2408,Inspiring,218
2408,Jaw-dropping,282
2408,Longwinded,116
2408,OK,77
2408,Obnoxious,223
2408,Persuasive,261
2408,Unconvincing,22
2409,Beautiful,57
2409,Confusing,13
2409,Courageous,49
2409,Fascinating,8
2409,Funny,38
2409,Informative,61
2409,Ingenious,61
2409,Inspiring,45
2409,Jaw-dropping,53
2409,Longwinded,54
2409,Obnoxious,13
2409,Persuasive,19
2410,Beautiful,70
2410,Confusing,30
2410,Courageous,195
2410,Fascinating,27
2410,Funny,139
2410,Informative,203
2410,Ingenious,212
2410,Inspiring,155
2410,Jaw-dropping,192
2410,Longwinded,6
2410,OK,78
2410,Obnoxious,8
2410,Persuasive,158
2410,Unconvincing,24
2411,Beautiful,16
2411,Confusing,46
2411,Courageous,67
2411,Fascinating,72
2411,Funny,66
2411,Informative,68
2411,Ingenious,42
2411,Inspiring,24
2411,Jaw-dropping,65
2411,Longwinded,17
2411,OK,22
2411,Obnoxious,8
2411,Persuasive,57
2411,Unconvincing,1
2412,Beautiful,69
2412,Confusing,1
2412,Courageous,48
2412,Fascinating,6
2412,Funny,37
2412,Informative,40
2412,Ingenious,33
2412,Inspiring,62
2412,Jaw-dropping,55
2412,Longwinded,70
2412,OK,1
2412,Obnoxious,1
2412,Persuasive,31
2412,Unconvincing,5
2413,Beautiful,84
2413,Confusing,10
2413,Courageous,86
2413,Fascinating,81
2413,Funny,75
2413,Informative,95
2413,Ingenious,108
2413,Inspiring,114
2413,Jaw-dropping,97
2413,OK,6
2413,Obnoxious,7
2413,Persuasive,108
2413,Unconvincing,75
2414,Beautiful,79
2414,Confusing,3
2414,Courageous,199
2414,Fascinating,206
2414,Funny,90
2414,Informative,164
2414,Ingenious,182
2414,Inspiring,209
2414,Jaw-dropping,122
2414,Longwinded,203
2414,OK,19
2414,Obnoxious,125
2414,Persuasive,173
2414,Unconvincing,27
2415,Beautiful,62
2415,Courageous,78
2415,Fascinating,19
2415,Funny,38
2415,Informative,72
2415,Ingenious,76
2415,Inspiring,42
2415,Jaw-dropping,79
2415,Longwinded,50
2415,OK,24
2415,Obnoxious,66
2415,Persuasive,72
2415,Unconvincing,15
2416,Beautiful,42
2416,Confusing,7
2416,Courageous,78
2416,Fascinating,69
2416,Funny,50
2416,Informative,63
2416,Ingenious,75
2416,Inspiring,18
2416,Jaw-dropping,67
2416,Longwinded,42
2416,OK,14
2416,Obnoxious,18
2416,Persuasive,23
2416,Unconvincing,36
2417,Beautiful,36
2417,Confusing,55
2417,Courageous,89
2417,Fascinating,78
2417,Funny,56
2417,Informative,43
2417,Ingenious,42
2417,Inspiring,53
2417,Jaw-dropping,75
2417,Longwinded,2
2417,OK,12
2417,Persuasive,12
2417,Unconvincing,35
2418,Beautiful,183
2418,Confusing,68
2418,Courageous,159
2418,Fascinating,138
2418,Funny,149
2418,Informative,58
2418,Ingenious,146
2418,Inspiring,184
2418,Jaw-dropping,122
2418,OK,46
2418,Obnoxious,67
2418,Persuasive,186
2418,Unconvincing,35
2419,Beautiful,38
2419,Confusing,5
2419,Courageous,30
2419,Fascinating,64
2419,Funny,42
2419,Informative,56
2419,Ingenious,49
2419,Inspiring,40
2419,Jaw-dropping,30
2419,OK,25
2419,Obnoxious,8
2419,Persuasive,33
2419,Unconvincing,21
2420,Beautiful,9
2420,Confusing,24
2420,Courageous,20
2420,Fascinating,5
2420,Funny,12
2420,Informative,19
2420,Ingenious,14
2420,Inspiring,10
2420,Jaw-dropping,21
2420,Longwinded,22
2420,OK,3
2420,Obnoxious,7
2420,Persuasive,5
2420,Unconvincing,10
2421,Beautiful,1091
2421,Confusing,318
2421,Courageous,443
2421,Fascinating,981
2421,Funny,585
2421,Informative,351
2421,Ingenious,987
2421,Inspiring,918
2421,Jaw-dropping,780
2421,Longwinded,688
2421,OK,10
2421,Obnoxious,134
2421,Persuasive,1099
2421,Unconvincing,886
2422,Beautiful,11
2422,Courageous,7
2422,Fascinating,2
2422,Funny,7
2422,Informative,11
2422,Ingenious,2
2422,Inspiring,6
2422,Jaw-dropping,11
2422,OK,2
2422,Persuasive,2
2423,Beautiful,178
2423,Confusing,156
2423,Courageous,129
2423,Fascinating,158
2423,Funny,74
2423,Informative,207
2423,Ingenious,87
2423,Inspiring,234
2423,Jaw-dropping,135
2423,Longwinded,22
2423,OK,55
2423,Obnoxious,11
2423,Persuasive,190
2423,Unconvincing,21
2424,Beautiful,18
2424,Courageous,7
2424,Fascinating,26
2424,Funny,30
2424,Informative,17
2424,Ingenious,21
2424,Inspiring,15
2424,Jaw-dropping,13
2424,Longwinded,11
2424,OK,15
2424,Persuasive,19
2424,Unconvincing,19
2425,Beautiful,75
2425,Confusing,22
2425,Courageous,70
2425,Fascinating,75
2425,Funny,66
2425,Informative,23
2425,Ingenious,22
2425,Inspiring,34
2425,Jaw-dropping,69
2425,Longwinded,1
2425,OK,7
2425,Obnoxious,8
2425,Persuasive,81
2425,Unconvincing,63
2426,Beautiful,76
2426,Confusing,17
2426,Courageous,87
2426,Fascinating,98
2426,Funny,64
2426,Informative,38
2426,Ingenious,70
2426,Inspiring,89
2426,Jaw-dropping,74
2426,Obnoxious,8
2426,Persuasive,55
2426,Unconvincing,52
2427,Beautiful,15
2427,Confusing,3
2427,Courageous,17
2427,Fascinating,15
2427,Funny,12
2427,Informative,16
2427,Ingenious,7
2427,Inspiring,13
2427,Jaw-dropping,14
2427,Longwinded,17
2427,OK,12
2427,Persuasive,10
2427,Unconvincing,1
2428,Beautiful,349
2428,Confusing,5
2428,Courageous,552
2428,Fascinating,249
2428,Funny,174
2428,Informative,491
2428,Ingenious,464
2428,Inspiring,151
2428,Jaw-dropping,231
2428,Longwinded,348
2428,OK,13
2428,Obnoxious,48
2428,Persuasive,300
2428,Unconvincing,135
2429,Beautiful,209
2429,Confusing,13
2429,Courageous,176
2429,Fascinating,79
2429,Funny,165
2429,Informative,190
2429,Ingenious,201
2429,Inspiring,74
2429,Jaw-dropping,145
2429,Longwinded,204
2429,Obnoxious,166
2429,Persuasive,160
2430,Beautiful,75
2430,Confusing,132
2430,Courageous,95
2430,Fascinating,43
2430,Funny,112
2430,Informative,54
2430,Ingenious,115
2430,Inspiring,127
2430,Jaw-dropping,67
2430,OK,63
2430,Persuasive,32
2430,Unconvincing,1
2431,Beautiful,95
2431,Confusing,55
2431,Courageous,93
2431,Fascinating,24
2431,Funny,83
2431,Informative,100
2431,Ingenious,65
2431,Inspiring,111
2431,Jaw-dropping,115
2431,Longwinded,21
2431,OK,2
2431,Obnoxious,82
2431,Persuasive,4
2431,Unconvincing,4
2432,Beautiful,30
2432,Confusing,6
2432,Courageous,100
2432,Fascinating,88
2432,Funny,74
2432,Informative,122
2432,Ingenious,93
2432,Inspiring,97
2432,Jaw-dropping,112
2432,Obnoxious,1
2432,Persuasive,37
2432,Unconvincing,58
2433,Beautiful,68
2433,Confusing,58
2433,Courageous,65
2433,Fascinating,67
2433,Funny,8
2433,Informative,68
2433,Ingenious,56
2433,Inspiring,15
2433,Jaw-dropping,10
2433,Longwinded,26
2433,OK,57
2433,Obnoxious,11
2433,Persuasive,62
2433,Unconvincing,21
2434,Beautiful,163
2434,Confusing,5
2434,Courageous,95
2434,Fascinating,233
2434,Funny,225
2434,Informative,181
2434,Ingenious,157
2434,Inspiring,126
2434,Jaw-dropping,90
2434,Longwinded,26
2434,OK,18
2434,Obnoxious,214
2434,Persuasive,139
2434,Unconvincing,19
2435,Beautiful,196
2435,Confusing,137
2435,Courageous,175
2435,Fascinating,133
2435,Funny,220
2435,Informative,196
2435,Ingenious,187
2435,Inspiring,209
2435,Jaw-dropping,162
2435,Longwinded,6
2435,OK,37
2435,Obnoxious,5
2435,Persuasive,120
2435,Unconvincing,7
2436,Beautiful,49
2436,Confusing,24
2436,Courageous,51
2436,Fascinating,63
2436,Funny,44
2436,Informative,69
2436,Ingenious,86
2436,Inspiring,57
2436,Jaw-dropping,64
2436,Longwinded,21
2436,OK,64
2436,Obnoxious,76
2436,Persuasive,39
2437,Beautiful,556
2437,Confusing,302
2437,Courageous,838
2437,Fascinating,843
2437,Funny,422
2437,Informative,700
2437,Ingenious,628
2437,Inspiring,466
2437,Jaw-dropping,333
2437,Longwinded,76
2437,OK,118
2437,Obnoxious,538
2437,Persuasive,579
2437,Unconvincing,31
2438,Beautiful,25
2438,Confusing,11
2438,Courageous,16
2438,Fascinating,14
2438,Funny,21
2438,Informative,23
2438,Ingenious,24
2438,Inspiring,22
2438,Jaw-dropping,16
2438,Longwinded,22
2438,OK,1
2438,Obnoxious,8
2438,Persuasive,12
2438,Unconvincing,8
2439,Courageous,5
2439,Fascinating,2
2439,Funny,5
2439,Informative,4
2439,Ingenious,5
2439,Inspiring,4
2439,Jaw-dropping,3
2439,OK,2
2439,Obnoxious,4
2439,Persuasive,5
2440,Beautiful,367
2440,Confusing,65
2440,Courageous,236
2440,Fascinating,345
2440,Funny,308
2440,Informative,171
2440,Ingenious,109
2440,Inspiring,287
2440,Jaw-dropping,220
2440,Longwinded,388
2440,OK,396
2440,Obnoxious,29
2440,Persuasive,182
2441,Beautiful,439
2441,Confusing,23
2441,Courageous,407
2441,Fascinating,438
2441,Funny,460
2441,Informative,456
2441,Ingenious,453
2441,Inspiring,464
2441,Jaw-dropping,495
2441,Longwinded,497
2441,OK,4
2441,Obnoxious,113
2441,Persuasive,502
2441,Unconvincing,82
2442,Beautiful,855
2442,Confusing,36
2442,Courageous,952
2442,Fascinating,66
2442,Funny,587
2442,Informative,834
2442,Ingenious,608
2442,Inspiring,866
2442,Jaw-dropping,843
2442,OK,53
2442,Obnoxious,234
2442,Persuasive,241
2442,Unconvincing,106
2443,Beautiful,1184
2443,Confusing,673
2443,Courageous,1200
2443,Fascinating,964
2443,Funny,722
2443,Informative,1388
2443,Ingenious,797
2443,Inspiring,1179
2443,Jaw-dropping,463
2443,Longwinded,906
2443,OK,1022
2443,Obnoxious,557
2443,Persuasive,1449
2443,Unconvincing,946
2444,Beautiful,33
2444,Confusing,6
2444,Courageous,11
2444,Fascinating,30
2444,Funny,29
2444,Informative,31
2444,Ingenious,21
2444,Inspiring,19
2444,Jaw-dropping,30
2444,Longwinded,2
2444,OK,17
2444,Obnoxious,3
2444,Persuasive,26
2444,Unconvincing,1
2445,Beautiful,24
2445,Courageous,32
2445,Fascinating,16
2445,Funny,42
2445,Informative,25
2445,Ingenious,28
2445,Inspiring,43
2445,Jaw-dropping,28
2445,Longwinded,35
2445,OK,22
2445,Obnoxious,1
2445,Persuasive,45
2445,Unconvincing,31
2446,Beautiful,31
2446,Courageous,64
2446,Fascinating,49
2446,Funny,48
2446,Informative,41
2446,Ingenious,40
2446,Inspiring,68
2446,Jaw-dropping,68
2446,Longwinded,19
2446,OK,49
2446,Obnoxious,28
2446,Persuasive,34
2446,Unconvincing,2
2447,Beautiful,11
2447,Courageous,8
2447,Fascinating,5
2447,Funny,9
2447,Informative,10
2447,Ingenious,1
2447,Inspiring,5
2447,Jaw-dropping,5
2447,Longwinded,7
2447,OK,2
2447,Obnoxious,6
2447,Persuasive,7
2448,Beautiful,159
2448,Confusing,10
2448,Courageous,130
2448,Fascinating,70
2448,Funny,82
2448,Informative,149
2448,Ingenious,108
2448,Inspiring,105
2448,Jaw-dropping,96
2448,Longwinded,105
2448,OK,19
2448,Obnoxious,160
2448,Persuasive,114
2448,Unconvincing,7
2449,Beautiful,30
2449,Confusing,21
2449,Courageous,89
2449,Fascinating,66
2449,Funny,95
2449,Informative,48
2449,Ingenious,50
2449,Inspiring,91
2449,Jaw-dropping,52
2449,Longwinded,96
2449,OK,5
2449,Obnoxious,20
2449,Persuasive,78
2449,Unconvincing,54
2450,Beautiful,123
2450,Confusing,104
2450,Courageous,16
2450,Fascinating,230
2450,Funny,181
2450,Informative,86
2450,Ingenious,108
2450,Inspiring,105
2450,Jaw-dropping,205
2450,Longwinded,1
2450,Obnoxious,168
2450,Persuasive,163
2450,Unconvincing,52
2451,Beautiful,39
2451,Confusing,5
2451,Courageous,28
2451,Fascinating,50
2451,Funny,59
2451,Informative,41
2451,Ingenious,52
2451,Inspiring,52
2451,Jaw-dropping,27
2451,Longwinded,22
2451,OK,2
2451,Obnoxious,4
2451,Persuasive,47
2451,Unconvincing,7
2452,Beautiful,49
2452,Confusing,69
2452,Courageous,21
2452,Fascinating,50
2452,Funny,100
2452,Informative,118
2452,Ingenious,107
2452,Inspiring,67
2452,Jaw-dropping,110
2452,Longwinded,50
2452,OK,31
2452,Persuasive,133
2452,Unconvincing,2
2453,Beautiful,106
2453,Confusing,16
2453,Courageous,126
2453,Fascinating,101
2453,Funny,76
2453,Informative,32
2453,Ingenious,127
2453,Inspiring,77
2453,Jaw-dropping,114
2453,Longwinded,78
2453,OK,72
2453,Obnoxious,13
2453,Persuasive,113
2453,Unconvincing,12
2454,Beautiful,16
2454,Confusing,19
2454,Courageous,14
2454,Fascinating,11
2454,Funny,9
2454,Informative,19
2454,Ingenious,23
2454,Inspiring,23
2454,Jaw-dropping,21
2454,Longwinded,15
2454,OK,3
2454,Obnoxious,24
2454,Persuasive,17
2454,Unconvincing,4
2455,Beautiful,227
2455,Courageous,482
2455,Fascinating,262
2455,Funny,503
2455,Informative,406
2455,Ingenious,202
2455,Inspiring,443
2455,Jaw-dropping,261
2455,Longwinded,152
2455,OK,43
2455,Obnoxious,44
2455,Persuasive,289
2455,Unconvincing,15
2456,Beautiful,104
2456,Courageous,117
2456,Fascinating,83
2456,Funny,87
2456,Informative,106
2456,Ingenious,127
2456,Inspiring,104
2456,Jaw-dropping,136
2456,Longwinded,1
2456,OK,18
2456,Persuasive,140
2456,Unconvincing,31
2457,Beautiful,1136
2457,Confusing,305
2457,Courageous,80
2457,Fascinating,1333
2457,Funny,1508
2457,Informative,1364
2457,Ingenious,1046
2457,Inspiring,1500
2457,Jaw-dropping,1537
2457,Longwinded,97
2457,OK,518
2457,Obnoxious,14
2457,Persuasive,1462
2457,Unconvincing,1420
2458,Beautiful,331
2458,Confusing,4
2458,Courageous,550
2458,Fascinating,464
2458,Funny,641
2458,Informative,365
2458,Ingenious,462
2458,Inspiring,483
2458,Jaw-dropping,544
2458,Longwinded,40
2458,OK,10
2458,Obnoxious,60
2458,Persuasive,163
2458,Unconvincing,403
2459,Beautiful,371
2459,Confusing,648
2459,Courageous,145
2459,Fascinating,645
2459,Funny,603
2459,Informative,351
2459,Ingenious,218
2459,Inspiring,232
2459,Jaw-dropping,379
2459,Longwinded,420
2459,OK,74
2459,Obnoxious,299
2459,Persuasive,513
2459,Unconvincing,197
2460,Beautiful,25
2460,Confusing,41
2460,Courageous,69
2460,Fascinating,63
2460,Funny,51
2460,Informative,94
2460,Ingenious,76
2460,Inspiring,27
2460,Jaw-dropping,90
2460,Longwinded,17
2460,OK,2
2460,Obnoxious,56
2460,Persuasive,86
2460,Unconvincing,48
2461,Beautiful,22
2461,Confusing,4
2461,Courageous,24
2461,Fascinating,17
2461,Funny,10
2461,Informative,8
2461,Ingenious,21
2461,Inspiring,21
2461,Jaw-dropping,14
2461,Longwinded,4
2461,OK,5
2461,Persuasive,20
2461,Unconvincing,11
2462,Beautiful,32
2462,Confusing,1
2462,Courageous,28
2462,Fascinating,57
2462,Funny,55
2462,Informative,28
2462,Ingenious,22
2462,Inspiring,48
2462,Jaw-dropping,12
2462,Longwinded,2
2462,OK,20
2462,Obnoxious,31
2462,Persuasive,58
2463,Beautiful,283
2463,Confusing,24
2463,Courageous,370
2463,Fascinating,244
2463,Funny,283
2463,Informative,184
2463,Ingenious,343
2463,Inspiring,143
2463,Jaw-dropping,238
2463,Longwinded,8
2463,OK,293
2463,Obnoxious,162
2463,Persuasive,109
2463,Unconvincing,46
2464,Beautiful,95
2464,Confusing,111
2464,Courageous,203
2464,Fascinating,97
2464,Funny,131
2464,Informative,157
2464,Ingenious,27
2464,Inspiring,140
2464,Jaw-dropping,196
2464,OK,159
2464,Obnoxious,84
2464,Persuasive,76
2464,Unconvincing,2
2465,Beautiful,84
2465,Courageous,70
2465,Fascinating,63
2465,Funny,10
2465,Informative,92
2465,Ingenious,81
2465,Inspiring,81
2465,Jaw-dropping,29
2465,OK,72
2465,Obnoxious,1
2465,Persuasive,55
2465,Unconvincing,27
2466,Beautiful,142
2466,Confusing,61
2466,Courageous,34
2466,Fascinating,158
2466,Funny,121
2466,Informative,115
2466,Ingenious,68
2466,Inspiring,43
2466,Jaw-dropping,148
2466,Longwinded,46
2466,OK,38
2466,Obnoxious,98
2466,Persuasive,96
2466,Unconvincing,82
2467,Beautiful,344
2467,Confusing,68
2467,Courageous,295
2467,Fascinating,236
2467,Funny,204
2467,Informative,248
2467,Ingenious,347
2467,Inspiring,392
2467,Jaw-dropping,415
2467,Longwinded,207
2467,OK,230
2467,Obnoxious,16
2467,Persuasive,341
2467,Unconvincing,28
2468,Beautiful,53
2468,Confusing,6
2468,Courageous,88
2468,Fascinating,57
2468,Funny,18
2468,Informative,38
2468,Ingenious,69
2468,Inspiring,75
2468,Jaw-dropping,33
2468,Longwinded,9
2468,OK,31
2468,Obnoxious,2
2468,Persuasive,74
2468,Unconvincing,72
2469,Beautiful,38
2469,Courageous,37
2469,Fascinating,63
2469,Funny,41
2469,Informative,37
2469,Ingenious,41
2469,Inspiring,60
2469,Jaw-dropping,17
2469,Longwinded,17
2469,OK,31
2469,Obnoxious,11
2469,Persuasive,47
2470,Beautiful,16
2470,Courageous,18
2470,Fascinating,1
2470,Funny,8
2470,Informative,19
2470,Ingenious,7
2470,Inspiring,18
2470,Jaw-dropping,19
2470,Longwinded,15
2470,Obnoxious,17
2470,Persuasive,21
2470,Unconvincing,1
2471,Beautiful,65
2471,Confusing,30
2471,Courageous,76
2471,Fascinating,94
2471,Funny,57
2471,Informative,96
2471,Ingenious,58
2471,Inspiring,84
2471,Jaw-dropping,34
2471,Longwinded,37
2471,OK,26
2471,Obnoxious,40
2471,Persuasive,81
2472,Beautiful,40
2472,Courageous,39
2472,Fascinating,25
2472,Funny,23
2472,Informative,41
2472,Ingenious,25
2472,Inspiring,32
2472,Jaw-dropping,36
2472,Longwinded,2
2472,OK,5
2472,Obnoxious,3
2472,Persuasive,45
2472,Unconvincing,41
2473,Beautiful,113
2473,Confusing,31
2473,Courageous,123
2473,Fascinating,128
2473,Funny,130
2473,Informative,145
2473,Ingenious,87
2473,Inspiring,97
2473,Jaw-dropping,97
2473,Longwinded,4
2473,Obnoxious,75
2473,Persuasive,68
2473,Unconvincing,46
2474,Beautiful,36
2474,Confusing,19
2474,Courageous,26
2474,Fascinating,14
2474,Funny,30
2474,Informative,46
2474,Ingenious,33
2474,Inspiring,49
2474,Jaw-dropping,19
2474,Longwinded,23
2474,OK,18
2474,Obnoxious,29
2474,Persuasive,36
2474,Unconvincing,13
2475,Beautiful,13
2475,Confusing,14
2475,Courageous,16
2475,Fascinating,10
2475,Funny,18
2475,Informative,12
2475,Ingenious,10
2475,Inspiring,8
2475,Jaw-dropping,6
2475,Longwinded,5
2475,OK,10
2475,Obnoxious,2
2475,Persuasive,5
2475,Unconvincing,19
2476,Beautiful,8
2476,Courageous,8
2476,Fascinating,9
2476,Funny,7
2476,Informative,9
2476,Ingenious,7
2476,Inspiring,3
2476,Jaw-dropping,3
2476,Longwinded,5
2476,Obnoxious,3
2476,Persuasive,8
2476,Unconvincing,6
2477,Beautiful,53
2477,Confusing,47
2477,Courageous,107
2477,Fascinating,93
2477,Funny,22
2477,Informative,108
2477,Ingenious,77
2477,Inspiring,89
2477,Jaw-dropping,98
2477,Longwinded,100
2477,OK,42
2477,Obnoxious,84
2477,Persuasive,48
2477,Unconvincing,6
2478,Beautiful,39
2478,Confusing,18
2478,Courageous,21
2478,Fascinating,29
2478,Funny,10
2478,Informative,5
2478,Ingenious,9
2478,Inspiring,38
2478,Jaw-dropping,35
2478,Longwinded,43
2478,Obnoxious,7
2478,Persuasive,33
2478,Unconvincing,14
2479,Beautiful,25
2479,Confusing,35
2479,Courageous,15
2479,Fascinating,26
2479,Funny,35
2479,Informative,30
2479,Ingenious,17
2479,Inspiring,26
2479,Jaw-dropping,43
2479,Longwinded,12
2479,Obnoxious,7
2479,Persuasive,33
2479,Unconvincing,43
2480,Beautiful,92
2480,Confusing,33
2480,Courageous,128
2480,Fascinating,85
2480,Funny,135
2480,Informative,65
2480,Ingenious,101
2480,Inspiring,77
2480,Jaw-dropping,83
2480,Longwinded,75
2480,OK,109
2480,Persuasive,64
2480,Unconvincing,134
2481,Beautiful,33
2481,Confusing,11
2481,Courageous,28
2481,Fascinating,26
2481,Funny,56
2481,Informative,42
2481,Ingenious,49
2481,Inspiring,23
2481,Jaw-dropping,55
2481,Longwinded,26
2481,OK,7
2481,Persuasive,56
2481,Unconvincing,2
2482,Beautiful,31
2482,Confusing,9
2482,Courageous,18
2482,Fascinating,50
2482,Funny,47
2482,Informative,57
2482,Ingenious,37
2482,Inspiring,52
2482,Jaw-dropping,13
2482,Longwinded,45
2482,OK,42
2482,Obnoxious,59
2482,Persuasive,34
2482,Unconvincing,17
2483,Beautiful,81
2483,Confusing,17
2483,Courageous,81
2483,Fascinating,83
2483,Funny,62
2483,Informative,61
2483,Ingenious,45
2483,Inspiring,41
2483,Jaw-dropping,82
2483,Longwinded,94
2483,OK,21
2483,Obnoxious,30
2483,Persuasive,66
2483,Unconvincing,49
2484,Beautiful,68
2484,Courageous,69
2484,Fascinating,71
2484,Funny,64
2484,Informative,45
2484,Ingenious,76
2484,Inspiring,42
2484,Jaw-dropping,71
2484,Longwinded,38
2484,OK,1
2484,Obnoxious,6
2484,Persuasive,40
2484,Unconvincing,6
2485,Beautiful,31
2485,Confusing,33
2485,Courageous,35
2485,Fascinating,22
2485,Funny,27
2485,Informative,28
2485,Ingenious,21
2485,Inspiring,5
2485,Jaw-dropping,29
2485,Longwinded,27
2485,OK,4
2485,Obnoxious,18
2485,Persuasive,22
2485,Unconvincing,11
2486,Beautiful,110
2486,Confusing,126
2486,Courageous,286
2486,Fascinating,250
2486,Funny,217
2486,Informative,126
2486,Ingenious,164
2486,Inspiring,211
2486,Jaw-dropping,288
2486,Longwinded,6
2486,OK,117
2486,Obnoxious,132
2486,Persuasive,253
2486,Unconvincing,16
2487,Beautiful,108
2487,Confusing,144
2487,Courageous,195
2487,Fascinating,48
2487,Funny,64
2487,Informative,101
2487,Ingenious,195
2487,Inspiring,248
2487,Jaw-dropping,184
2487,Longwinded,46
2487,OK,5
2487,Obnoxious,13
2487,Persuasive,218
2487,Unconvincing,183
2488,Beautiful,133
2488,Courageous,104
2488,Fascinating,114
2488,Funny,69
2488,Informative,15
2488,Ingenious,144
2488,Inspiring,142
2488,Jaw-dropping,107
2488,Longwinded,79
2488,OK,17
2488,Obnoxious,52
2488,Persuasive,116
2488,Unconvincing,113
2489,Beautiful,133
2489,Confusing,15
2489,Courageous,165
2489,Fascinating,115
2489,Funny,227
2489,Informative,219
2489,Ingenious,212
2489,Inspiring,164
2489,Jaw-dropping,131
2489,OK,16
2489,Obnoxious,23
2489,Persuasive,187
2489,Unconvincing,222
2490,Beautiful,37
2490,Courageous,73
2490,Fascinating,59
2490,Funny,83
2490,Informative,87
2490,Ingenious,64
2490,Inspiring,49
2490,Jaw-dropping,78
2490,Longwinded,55
2490,OK,58
2490,Obnoxious,14
2490,Persuasive,85
2490,Unconvincing,1
2491,Beautiful,95
2491,Confusing,128
2491,Courageous,130
2491,Fascinating,101
2491,Funny,111
2491,Informative,123
2491,Ingenious,106
2491,Inspiring,79
2491,Jaw-dropping,53
2491,Longwinded,2
2491,OK,91
2491,Persuasive,37
2491,Unconvincing,8
2492,Beautiful,40
2492,Confusing,4
2492,Courageous,62
2492,Fascinating,54
2492,Funny,66
2492,Informative,19
2492,Ingenious,60
2492,Inspiring,23
2492,Jaw-dropping,63
2492,Longwinded,17
2492,OK,11
2492,Obnoxious,68
2492,Persuasive,71
2492,Unconvincing,72
2493,Beautiful,62
2493,Confusing,5
2493,Courageous,73
2493,Fascinating,60
2493,Funny,21
2493,Informative,65
2493,Ingenious,36
2493,Inspiring,76
2493,Jaw-dropping,41
2493,Longwinded,71
2493,OK,56
2493,Obnoxious,7
2493,Persuasive,29
2493,Unconvincing,4
2494,Beautiful,136
2494,Confusing,2
2494,Courageous,94
2494,Fascinating,86
2494,Funny,129
2494,Informative,120
2494,Ingenious,20
2494,Inspiring,134
2494,Jaw-dropping,68
2494,Longwinded,61
2494,OK,60
2494,Obnoxious,5
2494,Persuasive,98
2494,Unconvincing,28
2495,Beautiful,110
2495,Confusing,23
2495,Courageous,164
2495,Fascinating,163
2495,Funny,91
2495,Informative,102
2495,Ingenious,138
2495,Inspiring,43
2495,Jaw-dropping,124
2495,Longwinded,12
2495,OK,77
2495,Obnoxious,141
2495,Persuasive,160
2495,Unconvincing,25
2496,Beautiful,48
2496,Courageous,49
2496,Fascinating,33
2496,Funny,29
2496,Informative,56
2496,Ingenious,25
2496,Inspiring,55
2496,Jaw-dropping,54
2496,Longwinded,25
2496,OK,12
2496,Obnoxious,21
2496,Persuasive,23
2497,Beautiful,361
2497,Confusing,128
2497,Courageous,343
2497,Fascinating,294
2497,Funny,263
2497,Informative,196
2497,Ingenious,188
2497,Inspiring,108
2497,Jaw-dropping,234
2497,Longwinded,203
2497,OK,6
2497,Obnoxious,32
2497,Persuasive,280
2497,Unconvincing,106
2498,Beautiful,39
2498,Confusing,3
2498,Courageous,11
2498,Fascinating,19
2498,Funny,40
2498,Informative,30
2498,Ingenious,14
2498,Inspiring,33
2498,Jaw-dropping,29
2498,Longwinded,27
2498,OK,6
2498,Obnoxious,2
2498,Persuasive,10
2498,Unconvincing,2
2499,Beautiful,80
2499,Courageous,102
2499,Fascinating,19
2499,Funny,86
2499,Informative,77
2499,Ingenious,84
2499,Inspiring,57
2499,Jaw-dropping,96
2499,Longwinded,56
2499,Obnoxious,30
2499,Persuasive,102
2499,Unconvincing,18
2500,Beautiful,24
2500,Courageous,12
2500,Fascinating,18
2500,Funny,12
2500,Informative,15
2500,Ingenious,21
2500,Inspiring,25
2500,Jaw-dropping,17
2500,Longwinded,20
2500,OK,21
2500,Obnoxious,1
2500,Persuasive,8
2500,Unconvincing,13
2501,Beautiful,14
2501,Courageous,35
2501,Fascinating,25
2501,Funny,38
2501,Informative,16
2501,Ingenious,43
2501,Inspiring,34
2501,Jaw-dropping,41
2501,OK,1
2501,Persuasive,24
2501,Unconvincing,4
2502,Beautiful,103
2502,Confusing,110
2502,Courageous,167
2502,Fascinating,188
2502,Funny,168
2502,Informative,176
2502,Ingenious,264
2502,Inspiring,65
2502,Jaw-dropping,215
2502,Longwinded,10
2502,OK,208
2502,Obnoxious,143
2502,Persuasive,216
2502,Unconvincing,11
2503,Beautiful,49
2503,Confusing,6
2503,Courageous,41
2503,Fascinating,36
2503,Funny,48
2503,Informative,35
2503,Ingenious,67
2503,Inspiring,37
2503,Jaw-dropping,38
2503,Longwinded,8
2503,OK,56
2503,Obnoxious,4
2503,Persuasive,48
2503,Unconvincing,13
2504,Beautiful,70
2504,Confusing,90
2504,Courageous,86
2504,Fascinating,68
2504,Funny,63
2504,Informative,84
2504,Ingenious,72
2504,Inspiring,99
2504,Jaw-dropping,44
2504,Longwinded,94
2504,OK,6
2504,Obnoxious,2
2504,Persuasive,45
2504,Unconvincing,29
2505,Beautiful,55
2505,Confusing,11
2505,Courageous,58
2505,Fascinating,71
2505,Funny,51
2505,Informative,65
2505,Ingenious,17
2505,Inspiring,54
2505,Jaw-dropping,41
2505,Longwinded,27
2505,OK,54
2505,Persuasive,32
2505,Unconvincing,1
2506,Beautiful,36
2506,Courageous,36
2506,Fascinating,37
2506,Funny,19
2506,Informative,26
2506,Ingenious,32
2506,Inspiring,15
2506,Jaw-dropping,22
2506,Longwinded,30
2506,OK,36
2506,Obnoxious,38
2506,Persuasive,32
2506,Unconvincing,4
2507,Beautiful,603
2507,Confusing,70
2507,Courageous,301
2507,Fascinating,233
2507,Funny,360
2507,Informative,676
2507,Ingenious,680
2507,Inspiring,239
2507,Jaw-dropping,391
2507,Longwinded,561
2507,Obnoxious,541
2507,Persuasive,437
2507,Unconvincing,680
2508,Beautiful,70
2508,Confusing,4
2508,Courageous,181
2508,Fascinating,23
2508,Funny,169
2508,Informative,164
2508,Ingenious,92
2508,Inspiring,157
2508,Jaw-dropping,117
2508,Longwinded,116
2508,OK,225
2508,Obnoxious,21
2508,Persuasive,58
2508,Unconvincing,105
2509,Beautiful,20
2509,Confusing,5
2509,Courageous,6
2509,Fascinating,17
2509,Funny,21
2509,Informative,14
2509,Ingenious,19
2509,Inspiring,17
2509,Jaw-dropping,18
2509,Longwinded,2
2509,Obnoxious,4
2509,Persuasive,20
2510,Beautiful,96
2510,Confusing,62
2510,Courageous,7
2510,Fascinating,91
2510,Funny,73
2510,Informative,92
2510,Ingenious,61
2510,Inspiring,57
2510,Jaw-dropping,44
2510,Longwinded,18
2510,OK,4
2510,Obnoxious,8
2510,Persuasive,63
2510,Unconvincing,30
2511,Beautiful,117
2511,Confusing,29
2511,Courageous,171
2511,Fascinating,159
2511,Funny,170
2511,Informative,171
2511,Ingenious,132
2511,Inspiring,132
2511,Jaw-dropping,79
2511,OK,173
2511,Obnoxious,165
2511,Persuasive,104
2511,Unconvincing,7
2512,Beautiful,148
2512,Confusing,5
2512,Courageous,147
2512,Fascinating,89
2512,Funny,166
2512,Informative,123
2512,Ingenious,119
2512,Inspiring,164
2512,Jaw-dropping,158
2512,Longwinded,99
2512,OK,52
2512,Obnoxious,38
2512,Persuasive,25
2512,Unconvincing,9
2513,Beautiful,485
2513,Confusing,30
2513,Courageous,425
2513,Fascinating,403
2513,Funny,418
2513,Informative,483
2513,Ingenious,88
2513,Inspiring,257
2513,Jaw-dropping,498
2513,Longwinded,363
2513,OK,84
2513,Obnoxious,1
2513,Persuasive,214
2513,Unconvincing,203
2514,Beautiful,44
2514,Confusing,24
2514,Courageous,84
2514,Fascinating,41
2514,Funny,53
2514,Informative,60
2514,Ingenious,45
2514,Inspiring,49
2514,Jaw-dropping,55
2514,Longwinded,5
2514,Obnoxious,6
2514,Persuasive,71
2514,Unconvincing,64
2515,Beautiful,24
2515,Confusing,47
2515,Courageous,47
2515,Fascinating,57
2515,Funny,44
2515,Informative,44
2515,Ingenious,35
2515,Inspiring,21
2515,Jaw-dropping,57
2515,Longwinded,40
2515,Obnoxious,50
2515,Persuasive,37
2515,Unconvincing,44
2516,Beautiful,38
2516,Confusing,23
2516,Courageous,25
2516,Fascinating,24
2516,Funny,28
2516,Informative,36
2516,Ingenious,31
2516,Inspiring,35
2516,Jaw-dropping,10
2516,Obnoxious,8
2516,Persuasive,17
2516,Unconvincing,17
2517,Beautiful,477
2517,Confusing,114
2517,Courageous,264
2517,Fascinating,628
2517,Funny,634
2517,Informative,388
2517,Ingenious,123
2517,Inspiring,378
2517,Jaw-dropping,422
2517,Longwinded,76
2517,OK,73
2517,Obnoxious,171
2517,Persuasive,433
2517,Unconvincing,95
2518,Beautiful,178
2518,Confusing,50
2518,Courageous,42
2518,Fascinating,112
2518,Funny,174
2518,Informative,59
2518,Ingenious,162
2518,Inspiring,155
2518,Jaw-dropping,165
2518,Longwinded,5
2518,OK,119
2518,Obnoxious,61
2518,Persuasive,133
2518,Unconvincing,109
2519,Beautiful,77
2519,Confusing,3
2519,Courageous,97
2519,Fascinating,20
2519,Funny,67
2519,Informative,55
2519,Ingenious,57
2519,Inspiring,75
2519,Jaw-dropping,36
2519,Longwinded,14
2519,OK,20
2519,Obnoxious,70
2519,Persuasive,57
2519,Unconvincing,54
2520,Beautiful,110
2520,Confusing,47
2520,Courageous,124
2520,Fascinating,119
2520,Funny,118
2520,Informative,99
2520,Ingenious,83
2520,Inspiring,116
2520,Jaw-dropping,106
2520,Longwinded,11
2520,OK,3
2520,Obnoxious,8
2520,Persuasive,145
2521,Beautiful,16
2521,Confusing,8
2521,Courageous,29
2521,Fascinating,12
2521,Funny,7
2521,Informative,15
2521,Ingenious,35
2521,Inspiring,32
2521,Jaw-dropping,36
2521,Longwinded,28
2521,OK,2
2521,Persuasive,31
2521,Unconvincing,1
2522,Beautiful,85
2522,Confusing,28
2522,Courageous,83
2522,Fascinating,10
2522,Funny,77
2522,Informative,63
2522,Ingenious,35
2522,Inspiring,65
2522,Jaw-dropping,47
2522,OK,4
2522,Obnoxious,61
2522,Persuasive,74
2522,Unconvincing,40
2523,Beautiful,61
2523,Confusing,7
2523,Courageous,23
2523,Fascinating,38
2523,Funny,45
2523,Informative,13
2523,Ingenious,37
2523,Inspiring,37
2523,Jaw-dropping,44
2523,Longwinded,23
2523,OK,58
2523,Obnoxious,15
2523,Persuasive,36
2523,Unconvincing,21
2524,Beautiful,54
2524,Confusing,6
2524,Courageous,47
2524,Fascinating,18
2524,Funny,95
2524,Informative,8
2524,Ingenious,50
2524,Inspiring,52
2524,Jaw-dropping,90
2524,OK,1
2524,Obnoxious,6
2524,Persuasive,46
2525,Beautiful,67
2525,Confusing,1
2525,Courageous,94
2525,Fascinating,76
2525,Funny,63
2525,Informative,64
2525,Ingenious,95
2525,Inspiring,92
2525,Jaw-dropping,99
2525,Longwinded,28
2525,OK,90
2525,Obnoxious,36
2525,Persuasive,84
2525,Unconvincing,29
2526,Beautiful,134
2526,Confusing,25
2526,Courageous,61
2526,Fascinating,8
2526,Funny,172
2526,Informative,165
2526,Ingenious,179
2526,Inspiring,26
2526,Jaw-dropping,85
2526,Longwinded,27
2526,OK,97
2526,Obnoxious,137
2526,Persuasive,52
2526,Unconvincing,136
2527,Beautiful,13
2527,Confusing,20
2527,Courageous,12
2527,Fascinating,20
2527,Funny,20
2527,Informative,7
2527,Ingenious,15
2527,Inspiring,13
2527,Jaw-dropping,19
2527,Longwinded,6
2527,OK,20
2527,Persuasive,11
2527,Unconvincing,4
2528,Beautiful,49
2528,Confusing,29
2528,Courageous,30
2528,Fascinating,69
2528,Funny,47
2528,Informative,75
2528,Ingenious,65
2528,Inspiring,61
2528,Jaw-dropping,7
2528,Longwinded,69
2528,OK,5
2528,Obnoxious,31
2528,Persuasive,56
2528,Unconvincing,46
2529,Beautiful,37
2529,Confusing,15
2529,Courageous,39
2529,Fascinating,21
2529,Funny,33
2529,Informative,33
2529,Ingenious,20
2529,Inspiring,32
2529,Jaw-dropping,37
2529,Longwinded,35
2529,OK,13
2529,Obnoxious,3
2529,Persuasive,16
2529,Unconvincing,21
2530,Beautiful,42
2530,Confusing,2
2530,Courageous,64
2530,Fascinating,94
2530,Funny,51
2530,Informative,44
2530,Ingenious,68
2530,Inspiring,91
2530,Jaw-dropping,86
2530,Longwinded,1
2530,Obnoxious,59
2530,Persuasive,87
2530,Unconvincing,55
2531,Beautiful,190
2531,Confusing,78
2531,Courageous,184
2531,Fascinating,163
2531,Funny,135
2531,Informative,174
2531,Ingenious,180
2531,Inspiring,58
2531,Jaw-dropping,104
2531,OK,44
2531,Persuasive,95
2531,Unconvincing,176
2532,Beautiful,24
2532,Confusing,15
2532,Courageous,18
2532,Fascinating,20
2532,Funny,19
2532,Informative,23
2532,Ingenious,10
2532,Inspiring,29
2532,Jaw-dropping,16
2532,Longwinded,23
2532,OK,13
2532,Obnoxious,24
2532,Persuasive,8
2532,Unconvincing,23
2533,Beautiful,193
2533,Confusing,8
2533,Courageous,143
2533,Fascinating,30
2533,Funny,169
2533,Informative,115
2533,Ingenious,112
2533,Inspiring,94
2533,Jaw-dropping,158
2533,Longwinded,99
2533,OK,22
2533,Obnoxious,112
2533,Persuasive,110
2533,Unconvincing,105
2534,Beautiful,80
2534,Courageous,33
2534,Fascinating,83
2534,Funny,51
2534,Informative,73
2534,Ingenious,47
2534,Inspiring,94
2534,Jaw-dropping,26
2534,Longwinded,73
2534,Obnoxious,12
2534,Persuasive,99
2534,Unconvincing,4
2535,Beautiful,39
2535,Confusing,19
2535,Courageous,65
2535,Fascinating,75
2535,Funny,72
2535,Informative,80
2535,Ingenious,28
2535,Inspiring,36
2535,Jaw-dropping,69
2535,Longwinded,43
2535,OK,14
2535,Obnoxious,4
2535,Persuasive,30
2536,Beautiful,13
2536,Courageous,8
2536,Fascinating,16
2536,Funny,15
2536,Informative,12
2536,Ingenious,13
2536,Inspiring,5
2536,Jaw-dropping,16
2536,OK,5
2536,Obnoxious,3
2536,Persuasive,16
2537,Beautiful,253
2537,Confusing,279
2537,Courageous,388
2537,Fascinating,133
2537,Funny,319
2537,Informative,396
2537,Ingenious,405
2537,Inspiring,275
2537,Jaw-dropping,281
2537,Longwinded,262
2537,OK,10
2537,Persuasive,414
2537,Unconvincing,222
2538,Beautiful,72
2538,Confusing,3
2538,Courageous,88
2538,Fascinating,115
2538,Funny,62
2538,Informative,113
2538,Ingenious,91
2538,Inspiring,116
2538,Jaw-dropping,70
2538,Longwinded,67
2538,OK,3
2538,Persuasive,116
2538,Unconvincing,116
2539,Beautiful,20
2539,Courageous,25
2539,Fascinating,20
2539,Funny,11
2539,Informative,21
2539,Ingenious,10
2539,Inspiring,25
2539,Jaw-dropping,30
2539,Longwinded,3
2539,OK,4
2539,Obnoxious,8
2539,Persuasive,16
2539,Unconvincing,25
2540,Beautiful,11
2540,Confusing,16
2540,Courageous,8
2540,Fascinating,13
2540,Funny,4
2540,Informative,17
2540,Ingenious,10
2540,Inspiring,2
2540,Jaw-dropping,14
2540,Longwinded,17
2540,OK,8
2540,Obnoxious,2
2540,Persuasive,12
2540,Unconvincing,18
2541,Beautiful,461
2541,Confusing,427
2541,Courageous,381
2541,Fascinating,402
2541,Funny,439
2541,Informative,541
2541,Ingenious,660
2541,Inspiring,720
2541,Jaw-dropping,110
2541,Longwinded,202
2541,OK,47
2541,Obnoxious,123
2541,Persuasive,629
2541,Unconvincing,107
2542,Beautiful,109
2542,Confusing,86
2542,Courageous,116
2542,Fascinating,45
2542,Funny,98
2542,Informative,83
2542,Ingenious,67
2542,Inspiring,68
2542,Jaw-dropping,32
2542,Longwinded,11
2542,OK,3
2542,Obnoxious,85
2542,Persuasive,99
2542,Unconvincing,89
2543,Beautiful,53
2543,Confusing,40
2543,Courageous,67
2543,Fascinating,61
2543,Funny,65
2543,Informative,19
2543,Ingenious,8
2543,Inspiring,48
2543,Jaw-dropping,63
2543,OK,19
2543,Obnoxious,54
2543,Persuasive,62
2543,Unconvincing,4
2544,Beautiful,12
2544,Confusing,6
2544,Courageous,15
2544,Fascinating,12
2544,Funny,15
2544,Informative,6
2544,Ingenious,4
2544,Inspiring,9
2544,Jaw-dropping,12
2544,Longwinded,3
2544,Obnoxious,6
2544,Persuasive,12
2545,Beautiful,425
2545,Confusing,140
2545,Courageous,441
2545,Fascinating,490
2545,Funny,399
2545,Informative,508
2545,Ingenious,210
2545,Inspiring,240
2545,Jaw-dropping,460
2545,Longwinded,513
2545,OK,284
2545,Obnoxious,37
2545,Persuasive,563
2545,Unconvincing,58
2546,Beautiful,253
2546,Courageous,333
2546,Fascinating,279
2546,Funny,203
2546,Informative,245
2546,Ingenious,308
2546,Inspiring,348
2546,Jaw-dropping,163
2546,Longwinded,64
2546,Obnoxious,117
2546,Persuasive,172
2546,Unconvincing,59
2547,Beautiful,73
2547,Confusing,1
2547,Courageous,89
2547,Fascinating,123
2547,Funny,84
2547,Informative,84
2547,Ingenious,22
2547,Inspiring,39
2547,Jaw-dropping,80
2547,Longwinded,66
2547,OK,92
2547,Obnoxious,93
2547,Persuasive,103
2547,Unconvincing,26
2548,Beautiful,21
2548,Courageous,34
2548,Fascinating,9
2548,Funny,43
2548,Informative,4
2548,Ingenious,29
2548,Inspiring,31
2548,Jaw-dropping,44
2548,Longwinded,1
2548,OK,4
2548,Obnoxious,42
2548,Persuasive,26
2548,Unconvincing,19
2549,Beautiful,171
2549,Confusing,179
2549,Courageous,145
2549,Fascinating,171
2549,Funny,277
2549,Informative,308
2549,Ingenious,199
2549,Inspiring,269
2549,Jaw-dropping,269
2549,Longwinded,63
2549,OK,19
2549,Obnoxious,35
2549,Persuasive,196
2549,Unconvincing,251
2550,Beautiful,8
2550,Confusing,2
2550,Courageous,18
2550,Fascinating,35
2550,Funny,37
2550,Informative,26
2550,Ingenious,14
2550,Inspiring,36
2550,Jaw-dropping,12
2550,Longwinded,4
2550,OK,32
2550,Obnoxious,10
2550,Persuasive,11
2550,Unconvincing,19
2551,Beautiful,239
2551,Confusing,95
2551,Courageous,248
2551,Fascinating,56
2551,Funny,91
2551,Informative,223
2551,Ingenious,127
2551,Inspiring,185
2551,Jaw-dropping,222
2551,Longwinded,72
2551,OK,112
2551,Persuasive,209
2552,Beautiful,646
2552,Confusing,1142
2552,Courageous,890
2552,Fascinating,1269
2552,Funny,900
2552,Informative,421
2552,Ingenious,1193
2552,Inspiring,1255
2552,Jaw-dropping,751
2552,Longwinded,80
2552,Obnoxious,22
2552,Persuasive,663
2552,Unconvincing,157
2553,Beautiful,107
2553,Confusing,27
2553,Courageous,50
2553,Fascinating,81
2553,Funny,72
2553,Informative,48
2553,Ingenious,53
2553,Inspiring,103
2553,Jaw-dropping,49
2553,Longwinded,41
2553,OK,16
2553,Obnoxious,22
2553,Persuasive,85
2553,Unconvincing,96
2554,Beautiful,67
2554,Confusing,61
2554,Courageous,46
2554,Fascinating,67
2554,Funny,39
2554,Informative,72
2554,Ingenious,18
2554,Inspiring,67
2554,Jaw-dropping,7
2554,Longwinded,2
2554,OK,30
2554,Obnoxious,30
2554,Persuasive,72
2554,Unconvincing,6
2555,Beautiful,23
2555,Confusing,25
2555,Courageous,33
2555,Fascinating,11
2555,Funny,56
2555,Informative,27
2555,Ingenious,36
2555,Inspiring,31
2555,Jaw-dropping,63
2555,OK,2
2555,Obnoxious,9
2555,Persuasive,58
2556,Beautiful,87
2556,Confusing,18
2556,Courageous,33
2556,Fascinating,68
2556,Funny,35
2556,Informative,74
2556,Ingenious,84
2556,Inspiring,44
2556,Jaw-dropping,52
2556,Obnoxious,15
2556,Persuasive,53
2556,Unconvincing,74
2557,Beautiful,34
2557,Confusing,28
2557,Courageous,24
2557,Fascinating,36
2557,Funny,23
2557,Informative,20
2557,Ingenious,34
2557,Inspiring,6
2557,Jaw-dropping,19
2557,Longwinded,11
2557,OK,33
2557,Persuasive,2
2557,Unconvincing,5
2558,Beautiful,64
2558,Confusing,70
2558,Courageous,75
2558,Fascinating,70
2558,Funny,81
2558,Informative,57
2558,Ingenious,61
2558,Inspiring,30
2558,Jaw-dropping,62
2558,Longwinded,23
2558,OK,26
2558,Obnoxious,3
2558,Persuasive,50
2559,Beautiful,215
2559,Confusing,24
2559,Courageous,35
2559,Fascinating,151
2559,Funny,275
2559,Informative,228
2559,Ingenious,76
2559,Inspiring,112
2559,Jaw-dropping,231
2559,Longwinded,248
2559,Obnoxious,8
2559,Persuasive,268
2559,Unconvincing,12
2560,Beautiful,88
2560,Confusing,33
2560,Courageous,87
2560,Fascinating,98
2560,Funny,88
2560,Informative,95
2560,Ingenious,71
2560,Inspiring,61
2560,Jaw-dropping,45
2560,Longwinded,8
2560,OK,4
2560,Obnoxious,8
2560,Persuasive,85
2560,Unconvincing,58
2561,Beautiful,7
2561,Confusing,9
2561,Courageous,11
2561,Fascinating,14
2561,Funny,7
2561,Informative,7
2561,Ingenious,9
2561,Inspiring,15
2561,Jaw-dropping,17
2561,Longwinded,5
2561,Obnoxious,4
2561,Persuasive,5
2561,Unconvincing,1
2562,Beautiful,7
2562,Confusing,9
2562,Courageous,9
2562,Fascinating,8
2562,Funny,9
2562,Informative,6
2562,Ingenious,10
2562,Inspiring,8
2562,Jaw-dropping,10
2562,Longwinded,7
2562,OK,3
2562,Obnoxious,2
2562,Persuasive,7
2562,Unconvincing,2
2563,Beautiful,8
2563,Confusing,2
2563,Courageous,25
2563,Fascinating,24
2563,Funny,33
2563,Informative,34
2563,Ingenious,17
2563,Inspiring,3
2563,Jaw-dropping,32
2563,OK,12
2563,Obnoxious,4
2563,Persuasive,23
2563,Unconvincing,29
2564,Beautiful,140
2564,Confusing,16
2564,Courageous,139
2564,Fascinating,61
2564,Funny,75
2564,Informative,74
2564,Ingenious,118
2564,Inspiring,133
2564,Jaw-dropping,147
2564,OK,30
2564,Obnoxious,112
2564,Persuasive,143
2564,Unconvincing,126
2565,Beautiful,186
2565,Confusing,156
2565,Courageous,142
2565,Fascinating,123
2565,Funny,146
2565,Informative,49
2565,Ingenious,181
2565,Inspiring,91
2565,Jaw-dropping,167
2565,Longwinded,49
2565,OK,35
2565,Obnoxious,21
2565,Persuasive,180
2565,Unconvincing,10
2566,Beautiful,64
2566,Confusing,89
2566,Courageous,152
2566,Fascinating,78
2566,Funny,118
2566,Informative,98
2566,Ingenious,162
2566,Inspiring,131
2566,Jaw-dropping,72
2566,OK,91
2566,Obnoxious,71
2566,Persuasive,110
2566,Unconvincing,70
2567,Beautiful,12
2567,Confusing,1
2567,Courageous,7
2567,Fascinating,6
2567,Funny,12
2567,Informative,8
2567,Ingenious,12
2567,Inspiring,11
2567,Jaw-dropping,14
2567,Longwinded,1
2567,OK,1
2567,Obnoxious,5
2567,Persuasive,14
2567,Unconvincing,11
2568,Beautiful,145
2568,Confusing,6
2568,Courageous,148
2568,Fascinating,127
2568,Funny,14
2568,Informative,145
2568,Ingenious,114
2568,Inspiring,71
2568,Jaw-dropping,121
2568,OK,111
2568,Obnoxious,85
2568,Persuasive,59
2568,Unconvincing,93
2569,Beautiful,17
2569,Confusing,6
2569,Courageous,29
2569,Fascinating,25
2569,Funny,17
2569,Informative,19
2569,Ingenious,26
2569,Inspiring,2
2569,Jaw-dropping,27
2569,Longwinded,12
2569,OK,7
2569,Obnoxious,5
2569,Persuasive,25
2569,Unconvincing,28
2570,Beautiful,201
2570,Confusing,131
2570,Courageous,526
2570,Fascinating,474
2570,Funny,442
2570,Informative,102
2570,Ingenious,395
2570,Inspiring,476
2570,Jaw-dropping,100
2570,Longwinded,10
2570,OK,29
2570,Obnoxious,128
2570,Persuasive,108
2571,Beautiful,90
2571,Confusing,4
2571,Courageous,81
2571,Fascinating,94
2571,Funny,88
2571,Informative,94
2571,Ingenious,101
2571,Inspiring,28
2571,Jaw-dropping,24
2571,Longwinded,11
2571,OK,11
2571,Obnoxious,47
2571,Persuasive,99
2571,Unconvincing,13
2572,Beautiful,49
2572,Confusing,59
2572,Courageous,85
2572,Fascinating,103
2572,Funny,99
2572,Informative,1
2572,Ingenious,80
2572,Inspiring,108
2572,Jaw-dropping,119
2572,Longwinded,1
2572,OK,57
2572,Obnoxious,82
2572,Persuasive,119
2572,Unconvincing,61
2573,Beautiful,2976
2573,Confusing,88
2573,Courageous,158
2573,Fascinating,1760
2573,Funny,1634
2573,Informative,2479
2573,Ingenious,2806
2573,Inspiring,1002
2573,Jaw-dropping,2719
2573,Longwinded,2901
2573,OK,542
2573,Obnoxious,452
2573,Persuasive,2703
2573,Unconvincing,653
2574,Beautiful,10
2574,Confusing,7
2574,Courageous,18
2574,Fascinating,36
2574,Funny,30
2574,Informative,24
2574,Ingenious,17
2574,Inspiring,23
2574,Jaw-dropping,35
2574,Longwinded,1
2574,OK,1
2574,Obnoxious,8
2574,Persuasive,17
2574,Unconvincing,24
2575,Beautiful,17
2575,Courageous,39
2575,Fascinating,20
2575,Funny,35
2575,Informative,9
2575,Ingenious,33
2575,Inspiring,11
2575,Jaw-dropping,46
2575,Longwinded,26
2575,OK,44
2575,Obnoxious,45
2575,Persuasive,34
2575,Unconvincing,7
2576,Beautiful,43
2576,Confusing,3
2576,Courageous,43
2576,Fascinating,27
2576,Funny,21
2576,Informative,37
2576,Ingenious,40
2576,Inspiring,32
2576,Jaw-dropping,41
2576,Longwinded,12
2576,OK,5
2576,Obnoxious,8
2576,Persuasive,37
2576,Unconvincing,6
2577,Beautiful,13
2577,Confusing,35
2577,Courageous,38
2577,Fascinating,31
2577,Funny,20
2577,Informative,36
2577,Ingenious,41
2577,Inspiring,39
2577,Jaw-dropping,7
2577,Longwinded,10
2577,OK,4
2577,Obnoxious,3
2577,Persuasive,25
2577,Unconvincing,6
2578,Beautiful,220
2578,Courageous,90
2578,Fascinating,226
2578,Funny,216
2578,Informative,164
2578,Ingenious,87
2578,Inspiring,225
2578,Jaw-dropping,60
2578,Longwinded,3
2578,OK,10
2578,Obnoxious,4
2578,Persuasive,218
2578,Unconvincing,147
2579,Beautiful,225
2579,Confusing,15
2579,Courageous,29
2579,Fascinating,159
2579,Funny,164
2579,Informative,234
2579,Ingenious,172
2579,Inspiring,89
2579,Jaw-dropping,103
2579,Longwinded,39
2579,OK,21
2579,Obnoxious,116
2579,Persuasive,242
2579,Unconvincing,63
2580,Beautiful,93
2580,Confusing,99
2580,Courageous,104
2580,Fascinating,101
2580,Funny,84
2580,Informative,115
2580,Ingenious,106
2580,Inspiring,124
2580,Jaw-dropping,121
2580,Longwinded,1
2580,OK,33
2580,Obnoxious,3
2580,Persuasive,76
2580,Unconvincing,2
2581,Beautiful,29
2581,Confusing,23
2581,Courageous,27
2581,Fascinating,22
2581,Funny,16
2581,Informative,18
2581,Ingenious,20
2581,Inspiring,24
2581,Jaw-dropping,4
2581,Longwinded,6
2581,Obnoxious,8
2581,Persuasive,26
2581,Unconvincing,7
2582,Beautiful,4
2582,Courageous,2
2582,Fascinating,3
2582,Funny,5
2582,Informative,2
2582,Ingenious,3
2582,Inspiring,3
2582,Jaw-dropping,4
2582,OK,1
2582,Persuasive,2
2582,Unconvincing,4
2583,Beautiful,20
2583,Confusing,5
2583,Courageous,46
2583,Fascinating,62
2583,Funny,44
2583,Informative,56
2583,Ingenious,16
2583,Inspiring,63
2583,Jaw-dropping,57
2583,Longwinded,20
2583,OK,1
2583,Obnoxious,43
2583,Persuasive,35
2583,Unconvincing,29
2584,Beautiful,42
2584,Confusing,7
2584,Courageous,33
2584,Fascinating,53
2584,Funny,48
2584,Informative,43
2584,Ingenious,50
2584,Inspiring,24
2584,Jaw-dropping,37
2584,Longwinded,3
2584,OK,17
2584,Obnoxious,46
2584,Persuasive,25
2585,Beautiful,5
2585,Courageous,18
2585,Fascinating,47
2585,Funny,53
2585,Informative,69
2585,Ingenious,30
2585,Inspiring,67
2585,Jaw-dropping,66
2585,Obnoxious,20
2585,Persuasive,67
2585,Unconvincing,2
2586,Beautiful,951
2586,Confusing,817
2586,Courageous,474
2586,Fascinating,757
2586,Funny,521
2586,Informative,813
2586,Ingenious,897
2586,Inspiring,508
2586,Jaw-dropping,714
2586,Longwinded,37
2586,OK,803
2586,Obnoxious,9
2586,Persuasive,832
2587,Beautiful,396
2587,Confusing,4
2587,Courageous,483
2587,Fascinating,152
2587,Funny,332
2587,Informative,484
2587,Ingenious,291
2587,Inspiring,474
2587,Jaw-dropping,474
2587,Longwinded,32
2587,OK,449
2587,Obnoxious,98
2587,Persuasive,392
2587,Unconvincing,145
2588,Beautiful,87
2588,Confusing,2
2588,Courageous,79
2588,Fascinating,88
2588,Funny,95
2588,Informative,60
2588,Ingenious,90
2588,Inspiring,66
2588,Jaw-dropping,79
2588,Longwinded,7
2588,OK,5
2588,Obnoxious,38
2588,Persuasive,85
2588,Unconvincing,52
2589,Beautiful,63
2589,Confusing,7
2589,Courageous,111
2589,Fascinating,154
2589,Funny,81
2589,Informative,152
2589,Ingenious,153
2589,Inspiring,23
2589,Jaw-dropping,117
2589,Longwinded,50
2589,OK,144
2589,Obnoxious,50
2589,Persuasive,155
2589,Unconvincing,25
2590,Beautiful,69
2590,Confusing,41
2590,Courageous,33
2590,Fascinating,69
2590,Funny,45
2590,Informative,37
2590,Ingenious,72
2590,Inspiring,60
2590,Jaw-dropping,50
2590,Longwinded,35
2590,Obnoxious,5
2590,Persuasive,80
2590,Unconvincing,16
2591,Beautiful,17
2591,Courageous,13
2591,Fascinating,5
2591,Funny,11
2591,Informative,16
2591,Ingenious,17
2591,Inspiring,12
2591,Jaw-dropping,12
2591,Longwinded,12
2591,Persuasive,10
2591,Unconvincing,7
2592,Beautiful,73
2592,Confusing,91
2592,Courageous,100
2592,Fascinating,105
2592,Funny,97
2592,Informative,77
2592,Ingenious,69
2592,Inspiring,87
2592,Jaw-dropping,68
2592,Longwinded,85
2592,OK,91
2592,Persuasive,32
2593,Beautiful,276
2593,Confusing,36
2593,Courageous,480
2593,Fascinating,612
2593,Funny,687
2593,Informative,130
2593,Ingenious,434
2593,Inspiring,691
2593,Jaw-dropping,165
2593,Longwinded,151
2593,OK,483
2593,Persuasive,154
2593,Unconvincing,475
2594,Beautiful,31
2594,Confusing,1
2594,Courageous,20
2594,Fascinating,29
2594,Funny,33
2594,Informative,17
2594,Ingenious,27
2594,Inspiring,33
2594,Jaw-dropping,28
2594,OK,18
2594,Obnoxious,6
2594,Persuasive,18
2595,Beautiful,42
2595,Confusing,13
2595,Courageous,149
2595,Fascinating,121
2595,Funny,10
2595,Informative,136
2595,Ingenious,100
2595,Inspiring,131
2595,Jaw-dropping,77
2595,Longwinded,83
2595,OK,24
2595,Obnoxious,35
2595,Persuasive,98
2595,Unconvincing,47
2596,Beautiful,269
2596,Confusing,151
2596,Courageous,70
2596,Fascinating,262
2596,Funny,294
2596,Informative,177
2596,Ingenious,345
2596,Inspiring,270
2596,Jaw-dropping,311
2596,Longwinded,4
2596,OK,207
2596,Obnoxious,6
2596,Persuasive,251
2596,Unconvincing,289
2597,Beautiful,111
2597,Confusing,28
2597,Courageous,62
2597,Fascinating,237
2597,Funny,145
2597,Informative,265
2597,Ingenious,124
2597,Inspiring,283
2597,Jaw-dropping,65
2597,Longwinded,133
2597,Obnoxious,6
2597,Persuasive,164
2597,Unconvincing,15
2598,Beautiful,10
2598,Confusing,14
2598,Courageous,21
2598,Fascinating,25
2598,Funny,26
2598,Informative,22
2598,Ingenious,13
2598,Inspiring,13
2598,Jaw-dropping,21
2598,Longwinded,29
2598,Persuasive,28
2598,Unconvincing,28
2599,Beautiful,246
2599,Confusing,2
2599,Courageous,152
2599,Fascinating,161
2599,Funny,106
2599,Informative,247
2599,Ingenious,74
2599,Inspiring,120
2599,Jaw-dropping,178
2599,Longwinded,91
2599,OK,87
2599,Obnoxious,265
2599,Persuasive,119
2599,Unconvincing,19
2600,Beautiful,165
2600,Confusing,28
2600,Courageous,50
2600,Fascinating,114
2600,Funny,118
2600,Informative,90
2600,Ingenious,137
2600,Inspiring,171
2600,Jaw-dropping,106
2600,Longwinded,52
2600,OK,3
2600,Obnoxious,59
2600,Persuasive,151
2600,Unconvincing,101
2601,Beautiful,39
2601,Confusing,9
2601,Courageous,24
2601,Fascinating,38
2601,Funny,23
2601,Informative,36
2601,Ingenious,34
2601,Inspiring,4
2601,Jaw-dropping,27
2601,Longwinded,17
2601,OK,1
2601,Obnoxious,34
2601,Persuasive,30
2601,Unconvincing,16
2602,Beautiful,111
2602,Confusing,3
2602,Courageous,163
2602,Fascinating,139
2602,Funny,210
2602,Informative,160
2602,Ingenious,171
2602,Inspiring,176
2602,Jaw-dropping,103
2602,Longwinded,24
2602,OK,165
2602,Obnoxious,39
2602,Persuasive,19
2602,Unconvincing,3
2603,Beautiful,92
2603,Confusing,19
2603,Courageous,120
2603,Fascinating,105
2603,Funny,146
2603,Informative,134
2603,Ingenious,88
2603,Inspiring,40
2603,Jaw-dropping,43
2603,Longwinded,123
2603,OK,26
2603,Obnoxious,52
2603,Persuasive,36
2603,Unconvincing,32
2604,Beautiful,45
2604,Confusing,14
2604,Courageous,34
2604,Fascinating,22
2604,Funny,30
2604,Informative,17
2604,Ingenious,46
2604,Inspiring,19
2604,Jaw-dropping,47
2604,Longwinded,1
2604,OK,38
2604,Obnoxious,20
2604,Persuasive,36
2604,Unconvincing,34
2605,Beautiful,22
2605,Courageous,18
2605,Fascinating,32
2605,Funny,21
2605,Informative,27
2605,Ingenious,39
2605,Inspiring,17
2605,Jaw-dropping,21
2605,Longwinded,29
2605,OK,21
2605,Obnoxious,27
2605,Persuasive,31
2606,Beautiful,63
2606,Confusing,7
2606,Courageous,35
2606,Fascinating,19
2606,Funny,38
2606,Informative,34
2606,Ingenious,70
2606,Inspiring,37
2606,Jaw-dropping,45
2606,Longwinded,1
2606,OK,18
2606,Obnoxious,10
2606,Persuasive,29
2606,Unconvincing,29
2607,Beautiful,295
2607,Confusing,139
2607,Courageous,116
2607,Fascinating,69
2607,Funny,233
2607,Informative,364
2607,Ingenious,398
2607,Inspiring,12
2607,Jaw-dropping,354
2607,Longwinded,78
2607,OK,27
2607,Obnoxious,399
2607,Persuasive,157
2607,Unconvincing,17
2608,Beautiful,4
2608,Confusing,3
2608,Courageous,1
2608,Fascinating,5
2608,Funny,3
2608,Informative,8
2608,Ingenious,6
2608,Inspiring,6
2608,Jaw-dropping,5
2608,Longwinded,4
2608,Obnoxious,5
2608,Persuasive,7
2608,Unconvincing,4
2609,Beautiful,11
2609,Confusing,1
2609,Courageous,5
2609,Fascinating,12
2609,Funny,15
2609,Informative,7
2609,Ingenious,21
2609,Inspiring,21
2609,Jaw-dropping,16
2609,OK,11
2609,Obnoxious,17
2609,Persuasive,10
2609,Unconvincing,2
2610,Beautiful,112
2610,Confusing,106
2610,Courageous,57
2610,Fascinating,109
2610,Funny,141
2610,Informative,30
2610,Ingenious,69
2610,Inspiring,158
2610,Jaw-dropping,125
2610,Longwinded,58
2610,OK,2
2610,Obnoxious,118
2610,Persuasive,99
2610,Unconvincing,81
2611,Beautiful,78
2611,Confusing,57
2611,Courageous,72
2611,Fascinating,43
2611,Funny,80
2611,Informative,62
2611,Ingenious,62
2611,Inspiring,55
2611,Jaw-dropping,9
2611,Longwinded,7
2611,OK,21
2611,Obnoxious,71
2611,Persuasive,79
2611,Unconvincing,33
2612,Beautiful,7
2612,Confusing,22
2612,Courageous,11
2612,Fascinating,13
2612,Funny,13
2612,Informative,22
2612,Ingenious,21
2612,Inspiring,21
2612,Jaw-dropping,11
2612,Longwinded,16
2612,OK,12
2612,Persuasive,23
2612,Unconvincing,1
2613,Beautiful,2
2613,Courageous,31
2613,Fascinating,12
2613,Funny,30
2613,Informative,12
2613,Ingenious,28
2613,Inspiring,10
2613,Jaw-dropping,29
2613,OK,1
2613,Obnoxious,9
2613,Persuasive,29
2613,Unconvincing,17
2614,Beautiful,39
2614,Confusing,4
2614,Courageous,29
2614,Fascinating,42
2614,Funny,54
2614,Informative,65
2614,Ingenious,25
2614,Inspiring,58
2614,Jaw-dropping,38
2614,OK,17
2614,Obnoxious,62
2614,Persuasive,41
2614,Unconvincing,1
2615,Beautiful,29
2615,Confusing,27
2615,Courageous,25
2615,Fascinating,4
2615,Funny,28
2615,Informative,31
2615,Ingenious,28
2615,Inspiring,23
2615,Jaw-dropping,28
2615,Longwinded,4
2615,OK,22
2615,Obnoxious,23
2615,Persuasive,13
2615,Unconvincing,20
2616,Beautiful,20
2616,Confusing,5
2616,Courageous,6
2616,Fascinating,15
2616,Funny,18
2616,Informative,8
2616,Ingenious,16
2616,Inspiring,16
2616,Jaw-dropping,16
2616,OK,6
2616,Obnoxious,10
2616,Persuasive,18
2616,Unconvincing,8
2617,Beautiful,434
2617,Confusing,531
2617,Courageous,566
2617,Fascinating,492
2617,Funny,534
2617,Informative,708
2617,Ingenious,180
2617,Inspiring,616
2617,Jaw-dropping,568
2617,Longwinded,2
2617,OK,1
2617,Obnoxious,250
2617,Persuasive,661
2617,Unconvincing,18
2618,Beautiful,122
2618,Confusing,13
2618,Courageous,152
2618,Fascinating,53
2618,Funny,27
2618,Informative,47
2618,Ingenious,131
2618,Inspiring,153
2618,Jaw-dropping,83
2618,Longwinded,14
2618,OK,61
2618,Obnoxious,102
2618,Persuasive,157
2618,Unconvincing,66
2619,Beautiful,152
2619,Confusing,10
2619,Courageous,120
2619,Fascinating,114
2619,Funny,146
2619,Informative,169
2619,Ingenious,186
2619,Inspiring,193
2619,Jaw-dropping,209
2619,Longwinded,53
2619,OK,211
2619,Obnoxious,1
2619,Persuasive,83
2619,Unconvincing,1
2620,Beautiful,215
2620,Confusing,7
2620,Courageous,170
2620,Fascinating,224
2620,Funny,201
2620,Informative,32
2620,Ingenious,342
2620,Inspiring,461
2620,Jaw-dropping,439
2620,Longwinded,293
2620,OK,1
2620,Obnoxious,327
2620,Persuasive,292
2620,Unconvincing,1
2621,Beautiful,71
2621,Confusing,13
2621,Courageous,46
2621,Fascinating,76
2621,Funny,76
2621,Informative,63
2621,Ingenious,63
2621,Inspiring,60
2621,Jaw-dropping,26
2621,Longwinded,2
2621,OK,26
2621,Obnoxious,32
2621,Persuasive,47
2621,Unconvincing,1
2622,Beautiful,874
2622,Confusing,216
2622,Courageous,138
2622,Fascinating,441
2622,Funny,891
2622,Informative,943
2622,Ingenious,756
2622,Inspiring,447
2622,Jaw-dropping,736
2622,Longwinded,884
2622,OK,55
2622,Obnoxious,12
2622,Persuasive,789
2622,Unconvincing,15
2623,Beautiful,660
2623,Confusing,69
2623,Courageous,339
2623,Fascinating,515
2623,Funny,628
2623,Informative,744
2623,Ingenious,210
2623,Inspiring,686
2623,Jaw-dropping,662
2623,Longwinded,31
2623,OK,196
2623,Obnoxious,46
2623,Persuasive,312
2623,Unconvincing,164
2624,Beautiful,51
2624,Confusing,4
2624,Courageous,31
2624,Fascinating,54
2624,Funny,39
2624,Informative,39
2624,Ingenious,51
2624,Inspiring,53
2624,Jaw-dropping,26
2624,Longwinded,40
2624,OK,3
2624,Obnoxious,15
2624,Persuasive,42
2624,Unconvincing,1
2625,Beautiful,197
2625,Confusing,85
2625,Courageous,50
2625,Fascinating,215
2625,Funny,185
2625,Informative,225
2625,Ingenious,204
2625,Inspiring,158
2625,Jaw-dropping,110
2625,Longwinded,4
2625,OK,181
2625,Obnoxious,39
2625,Persuasive,211
2625,Unconvincing,148
2626,Beautiful,30
2626,Confusing,4
2626,Courageous,39
2626,Fascinating,38
2626,Funny,40
2626,Informative,8
2626,Ingenious,39
2626,Inspiring,34
2626,Jaw-dropping,46
2626,Longwinded,21
2626,OK,24
2626,Obnoxious,41
2626,Persuasive,43
2627,Beautiful,127
2627,Confusing,15
2627,Courageous,92
2627,Fascinating,113
2627,Funny,126
2627,Informative,103
2627,Ingenious,109
2627,Inspiring,123
2627,Jaw-dropping,96
2627,Longwinded,1
2627,OK,37
2627,Obnoxious,23
2627,Persuasive,139
2627,Unconvincing,13
2628,Beautiful,154
2628,Confusing,71
2628,Courageous,52
2628,Fascinating,162
2628,Funny,149
2628,Informative,204
2628,Ingenious,149
2628,Inspiring,147
2628,Jaw-dropping,163
2628,Longwinded,59
2628,OK,4
2628,Obnoxious,4
2628,Persuasive,73
2628,Unconvincing,46
2629,Beautiful,192
2629,Courageous,183
2629,Fascinating,175
2629,Funny,96
2629,Informative,85
2629,Ingenious,185
2629,Inspiring,115
2629,Jaw-dropping,174
2629,OK,2
2629,Obnoxious,15
2629,Persuasive,92
2629,Unconvincing,16
2630,Beautiful,110
2630,Confusing,1
2630,Courageous,240
2630,Fascinating,238
2630,Funny,178
2630,Informative,165
2630,Ingenious,215
2630,Inspiring,201
2630,Jaw-dropping,119
2630,Longwinded,215
2630,OK,191
2630,Persuasive,209
2630,Unconvincing,7
2631,Beautiful,388
2631,Confusing,18
2631,Courageous,436
2631,Fascinating,673
2631,Funny,327
2631,Informative,205
2631,Ingenious,559
2631,Inspiring,674
2631,Jaw-dropping,550
2631,OK,2
2631,Obnoxious,18
2631,Persuasive,646
2631,Unconvincing,259
2632,Beautiful,33
2632,Confusing,10
2632,Courageous,35
2632,Fascinating,16
2632,Funny,17
2632,Informative,21
2632,Ingenious,35
2632,Inspiring,21
2632,Jaw-dropping,17
2632,Longwinded,30
2632,OK,35
2632,Obnoxious,10
2632,Persuasive,32
2632,Unconvincing,8
2633,Beautiful,25
2633,Confusing,6
2633,Courageous,26
2633,Fascinating,22
2633,Funny,12
2633,Informative,10
2633,Ingenious,7
2633,Inspiring,23
2633,Jaw-dropping,14
2633,OK,4
2633,Obnoxious,10
2633,Persuasive,16
2633,Unconvincing,19
2634,Beautiful,4
2634,Confusing,3
2634,Courageous,20
2634,Fascinating,13
2634,Funny,7
2634,Informative,12
2634,Ingenious,7
2634,Inspiring,17
2634,Jaw-dropping,13
2634,Longwinded,5
2634,OK,14
2634,Obnoxious,15
2634,Persuasive,17
2635,Beautiful,83
2635,Confusing,25
2635,Courageous,133
2635,Fascinating,90
2635,Funny,151
2635,Informative,144
2635,Ingenious,153
2635,Inspiring,132
2635,Jaw-dropping,144
2635,OK,52
2635,Obnoxious,70
2635,Persuasive,131
2635,Unconvincing,16
2636,Beautiful,157
2636,Courageous,132
2636,Fascinating,36
2636,Funny,65
2636,Informative,160
2636,Ingenious,92
2636,Inspiring,157
2636,Jaw-dropping,96
2636,Longwinded,16
2636,Obnoxious,40
2636,Persuasive,141
2636,Unconvincing,7
2637,Beautiful,56
2637,Confusing,35
2637,Courageous,35
2637,Fascinating,25
2637,Funny,59
2637,Informative,31
2637,Ingenious,17
2637,Inspiring,32
2637,Jaw-dropping,55
2637,Longwinded,55
2637,OK,11
2637,Obnoxious,30
2637,Persuasive,57
2638,Beautiful,60
2638,Confusing,101
2638,Courageous,113
2638,Fascinating,105
2638,Funny,61
2638,Informative,100
2638,Ingenious,78
2638,Inspiring,67
2638,Jaw-dropping,22
2638,Longwinded,120
2638,OK,2
2638,Obnoxious,25
2638,Persuasive,103
2638,Unconvincing,83
2639,Beautiful,148
2639,Confusing,99
2639,Courageous,112
2639,Fascinating,116
2639,Funny,130
2639,Informative,134
2639,Ingenious,115
2639,Inspiring,70
2639,Jaw-dropping,49
2639,Longwinded,91
2639,OK,3
2639,Obnoxious,12
2639,Persuasive,164
2639,Unconvincing,55
2640,Beautiful,93
2640,Confusing,3
2640,Courageous,11
2640,Fascinating,104
2640,Funny,100
2640,Informative,62
2640,Ingenious,34
2640,Inspiring,71
2640,Jaw-dropping,88
2640,Obnoxious,17
2640,Persuasive,103
2640,Unconvincing,12
2641,Beautiful,137
2641,Confusing,146
2641,Courageous,46
2641,Fascinating,170
2641,Funny,191
2641,Informative,203
2641,Ingenious,145
2641,Inspiring,161
2641,Jaw-dropping,51
2641,Longwinded,6
2641,OK,28
2641,Obnoxious,182
2641,Persuasive,124
2641,Unconvincing,18
2642,Beautiful,158
2642,Confusing,226
2642,Courageous,331
2642,Fascinating,310
2642,Funny,229
2642,Informative,93
2642,Ingenious,365
2642,Inspiring,251
2642,Jaw-dropping,257
2642,Longwinded,182
2642,OK,250
2642,Obnoxious,70
2642,Persuasive,191
2642,Unconvincing,2
2643,Beautiful,39
2643,Confusing,1
2643,Courageous,33
2643,Fascinating,47
2643,Funny,25
2643,Informative,46
2643,Ingenious,11
2643,Inspiring,46
2643,Jaw-dropping,26
2643,Longwinded,40
2643,OK,3
2643,Obnoxious,12
2643,Persuasive,45
2644,Beautiful,102
2644,Confusing,28
2644,Courageous,100
2644,Fascinating,19
2644,Funny,114
2644,Informative,82
2644,Ingenious,72
2644,Inspiring,103
2644,Jaw-dropping,79
2644,Longwinded,43
2644,OK,99
2644,Obnoxious,52
2644,Persuasive,114
2644,Unconvincing,1
2645,Beautiful,25
2645,Confusing,13
2645,Courageous,16
2645,Fascinating,24
2645,Funny,33
2645,Informative,18
2645,Ingenious,21
2645,Inspiring,28
2645,Jaw-dropping,23
2645,Longwinded,24
2645,OK,22
2645,Obnoxious,9
2645,Persuasive,32
2646,Beautiful,24
2646,Confusing,4
2646,Courageous,27
2646,Fascinating,38
2646,Funny,37
2646,Informative,37
2646,Ingenious,14
2646,Inspiring,38
2646,Jaw-dropping,28
2646,Longwinded,9
2646,OK,1
2646,Obnoxious,23
2646,Persuasive,38
2646,Unconvincing,8
2647,Beautiful,39
2647,Confusing,1
2647,Courageous,35
2647,Fascinating,44
2647,Funny,21
2647,Informative,54
2647,Ingenious,65
2647,Inspiring,25
2647,Jaw-dropping,62
2647,Longwinded,6
2647,OK,14
2647,Obnoxious,18
2647,Persuasive,21
2647,Unconvincing,37
2648,Beautiful,64
2648,Confusing,47
2648,Courageous,73
2648,Fascinating,41
2648,Funny,72
2648,Informative,50
2648,Ingenious,65
2648,Inspiring,54
2648,Jaw-dropping,67
2648,Longwinded,6
2648,OK,39
2648,Obnoxious,33
2648,Persuasive,52
2648,Unconvincing,42
2649,Beautiful,188
2649,Confusing,178
2649,Courageous,165
2649,Fascinating,158
2649,Funny,236
2649,Informative,194
2649,Ingenious,250
2649,Inspiring,146
2649,Jaw-dropping,89
2649,OK,3
2649,Obnoxious,60
2649,Persuasive,212
2649,Unconvincing,4
2650,Beautiful,1090
2650,Confusing,557
2650,Courageous,1520
2650,Fascinating,1301
2650,Funny,1358
2650,Informative,1589
2650,Ingenious,411
2650,Inspiring,1460
2650,Jaw-dropping,1105
2650,Longwinded,818
2650,OK,351
2650,Obnoxious,1483
2650,Persuasive,848
2650,Unconvincing,1586
2651,Beautiful,557
2651,Confusing,186
2651,Courageous,326
2651,Fascinating,534
2651,Funny,609
2651,Informative,624
2651,Ingenious,521
2651,Inspiring,538
2651,Jaw-dropping,240
2651,Longwinded,337
2651,OK,585
2651,Obnoxious,15
2651,Persuasive,487
2651,Unconvincing,36
2652,Beautiful,56
2652,Confusing,16
2652,Courageous,58
2652,Fascinating,32
2652,Funny,41
2652,Informative,22
2652,Ingenious,18
2652,Inspiring,48
2652,Jaw-dropping,51
2652,OK,11
2652,Obnoxious,31
2652,Persuasive,31
2652,Unconvincing,1
2653,Beautiful,96
2653,Courageous,12
2653,Fascinating,47
2653,Funny,19
2653,Informative,97
2653,Ingenious,61
2653,Inspiring,79
2653,Jaw-dropping,82
2653,Longwinded,42
2653,OK,89
2653,Obnoxious,39
2653,Persuasive,86
2653,Unconvincing,36
2654,Beautiful,109
2654,Courageous,26
2654,Fascinating,99
2654,Funny,97
2654,Informative,82
2654,Ingenious,98
2654,Inspiring,98
2654,Jaw-dropping,71
2654,Longwinded,46
2654,OK,41
2654,Obnoxious,6
2654,Persuasive,45
2654,Unconvincing,75
2655,Beautiful,95
2655,Confusing,87
2655,Courageous,173
2655,Fascinating,93
2655,Funny,183
2655,Informative,182
2655,Ingenious,174
2655,Inspiring,96
2655,Jaw-dropping,94
2655,Longwinded,71
2655,OK,34
2655,Obnoxious,82
2655,Persuasive,149
2655,Unconvincing,3
2656,Beautiful,18
2656,Confusing,2
2656,Courageous,14
2656,Fascinating,15
2656,Funny,5
2656,Informative,10
2656,Ingenious,17
2656,Inspiring,15
2656,Jaw-dropping,5
2656,Longwinded,9
2656,Persuasive,5
2657,Beautiful,122
2657,Confusing,84
2657,Courageous,114
2657,Fascinating,109
2657,Funny,121
2657,Informative,108
2657,Ingenious,120
2657,Inspiring,116
2657,Jaw-dropping,84
2657,OK,36
2657,Obnoxious,7
2657,Persuasive,109
2658,Beautiful,82
2658,Confusing,12
2658,Courageous,11
2658,Fascinating,66
2658,Funny,60
2658,Informative,27
2658,Ingenious,46
2658,Inspiring,70
2658,Jaw-dropping,78
2658,Longwinded,57
2658,OK,20
2658,Obnoxious,7
2658,Persuasive,77
2658,Unconvincing,18
2659,Beautiful,217
2659,Confusing,115
2659,Courageous,80
2659,Fascinating,31
2659,Funny,105
2659,Informative,94
2659,Ingenious,174
2659,Inspiring,225
2659,Jaw-dropping,204
2659,Longwinded,125
2659,Obnoxious,3
2659,Persuasive,130
2660,Beautiful,553
2660,Confusing,647
2660,Courageous,804
2660,Fascinating,456
2660,Funny,417
2660,Informative,721
2660,Ingenious,165
2660,Inspiring,828
2660,Jaw-dropping,799
2660,Longwinded,15
2660,OK,99
2660,Obnoxious,3
2660,Persuasive,457
2660,Unconvincing,610
2661,Beautiful,91
2661,Courageous,172
2661,Fascinating,110
2661,Funny,137
2661,Informative,170
2661,Ingenious,162
2661,Inspiring,36
2661,Jaw-dropping,113
2661,Longwinded,50
2661,OK,41
2661,Obnoxious,4
2661,Persuasive,66
2661,Unconvincing,53
2662,Beautiful,70
2662,Confusing,12
2662,Courageous,245
2662,Fascinating,169
2662,Funny,195
2662,Informative,75
2662,Ingenious,197
2662,Inspiring,164
2662,Jaw-dropping,192
2662,Longwinded,162
2662,OK,114
2662,Obnoxious,172
2662,Persuasive,92
2662,Unconvincing,154
2663,Beautiful,72
2663,Courageous,161
2663,Fascinating,197
2663,Funny,83
2663,Informative,172
2663,Ingenious,183
2663,Inspiring,55
2663,Jaw-dropping,202
2663,Longwinded,163
2663,OK,127
2663,Obnoxious,58
2663,Persuasive,114
2663,Unconvincing,4
2664,Beautiful,61
2664,Confusing,100
2664,Courageous,102
2664,Fascinating,116
2664,Funny,115
2664,Informative,47
2664,Ingenious,70
2664,Inspiring,47
2664,Jaw-dropping,102
2664,Longwinded,87
2664,OK,85
2664,Persuasive,90
2664,Unconvincing,11
2665,Beautiful,12
2665,Confusing,10
2665,Courageous,14
2665,Fascinating,11
2665,Funny,7
2665,Informative,13
2665,Ingenious,9
2665,Inspiring,13
2665,Jaw-dropping,11
2665,Longwinded,2
2665,OK,3
2665,Persuasive,8
2665,Unconvincing,5
2666,Beautiful,5
2666,Confusing,2
2666,Courageous,7
2666,Fascinating,8
2666,Funny,7
2666,Informative,4
2666,Ingenious,5
2666,Inspiring,3
2666,Jaw-dropping,4
2666,Longwinded,7
2666,Obnoxious,9
2666,Persuasive,8
2666,Unconvincing,3
2667,Beautiful,20
2667,Courageous,31
2667,Fascinating,31
2667,Funny,22
2667,Informative,15
2667,Ingenious,26
2667,Inspiring,17
2667,Jaw-dropping,18
2667,Longwinded,13
2667,OK,4
2667,Obnoxious,7
2667,Persuasive,18
2667,Unconvincing,19
2668,Beautiful,195
2668,Confusing,8
2668,Courageous,152
2668,Fascinating,154
2668,Funny,63
2668,Informative,131
2668,Ingenious,125
2668,Inspiring,177
2668,Jaw-dropping,131
2668,Longwinded,206
2668,OK,5
2668,Obnoxious,66
2668,Persuasive,51
2668,Unconvincing,7
2669,Beautiful,58
2669,Confusing,82
2669,Courageous,89
2669,Fascinating,66
2669,Funny,46
2669,Informative,58
2669,Ingenious,78
2669,Inspiring,31
2669,Jaw-dropping,58
2669,Longwinded,17
2669,OK,44
2669,Obnoxious,88
2669,Persuasive,43
2669,Unconvincing,71
2670,Beautiful,94
2670,Courageous,137
2670,Fascinating,186
2670,Funny,190
2670,Informative,91
2670,Ingenious,235
2670,Inspiring,148
2670,Jaw-dropping,260
2670,Longwinded,8
2670,OK,83
2670,Persuasive,149
2670,Unconvincing,84
2671,Beautiful,599
2671,Confusing,348
2671,Courageous,1046
2671,Fascinating,975
2671,Funny,1118
2671,Informative,959
2671,Ingenious,654
2671,Inspiring,382
2671,Jaw-dropping,935
2671,Longwinded,2
2671,OK,527
2671,Obnoxious,179
2671,Persuasive,920
2671,Unconvincing,663
2672,Beautiful,132
2672,Confusing,22
2672,Courageous,63
2672,Fascinating,146
2672,Funny,124
2672,Informative,115
2672,Ingenious,65
2672,Inspiring,140
2672,Jaw-dropping,142
2672,Longwinded,13
2672,OK,63
2672,Obnoxious,50
2672,Persuasive,117
2672,Unconvincing,16
2673,Beautiful,29
2673,Confusing,4
2673,Courageous,24
2673,Fascinating,13
2673,Funny,36
2673,Informative,11
2673,Ingenious,32
2673,Inspiring,8
2673,Jaw-dropping,23
2673,Longwinded,10
2673,OK,30
2673,Persuasive,16
2673,Unconvincing,31
2674,Beautiful,43
2674,Courageous,43
2674,Fascinating,10
2674,Funny,41
2674,Informative,48
2674,Ingenious,27
2674,Inspiring,45
2674,Jaw-dropping,38
2674,OK,49
2674,Obnoxious,32
2674,Persuasive,10
2674,Unconvincing,9
2675,Beautiful,28
2675,Confusing,27
2675,Courageous,9
2675,Fascinating,22
2675,Funny,27
2675,Informative,19
2675,Ingenious,8
2675,Inspiring,3
2675,Jaw-dropping,14
2675,Longwinded,14
2675,OK,16
2675,Obnoxious,23
2675,Persuasive,6
2675,Unconvincing,27
2676,Beautiful,105
2676,Confusing,6
2676,Courageous,162
2676,Fascinating,43
2676,Funny,29
2676,Informative,29
2676,Ingenious,102
2676,Inspiring,105
2676,Jaw-dropping,78
2676,OK,11
2676,Obnoxious,27
2676,Persuasive,127
2676,Unconvincing,17
2677,Beautiful,326
2677,Confusing,44
2677,Courageous,305
2677,Fascinating,287
2677,Funny,217
2677,Informative,153
2677,Ingenious,301
2677,Inspiring,169
2677,Jaw-dropping,102
2677,Longwinded,5
2677,OK,46
2677,Obnoxious,12
2677,Persuasive,297
2677,Unconvincing,213
2678,Beautiful,412
2678,Confusing,294
2678,Courageous,433
2678,Fascinating,307
2678,Funny,429
2678,Informative,383
2678,Ingenious,522
2678,Inspiring,424
2678,Jaw-dropping,329
2678,Longwinded,23
2678,OK,118
2678,Obnoxious,14
2678,Persuasive,505
2678,Unconvincing,28
2679,Beautiful,43
2679,Confusing,36
2679,Courageous,39
2679,Fascinating,26
2679,Funny,25
2679,Informative,48
2679,Ingenious,27
2679,Inspiring,47
2679,Jaw-dropping,50
2679,OK,10
2679,Obnoxious,30
2679,Persuasive,14
2679,Unconvincing,3
2680,Beautiful,5
2680,Confusing,7
2680,Courageous,15
2680,Fascinating,7
2680,Funny,5
2680,Informative,16
2680,Ingenious,12
2680,Inspiring,10
2680,Jaw-dropping,12
2680,Longwinded,16
2680,OK,14
2680,Obnoxious,13
2680,Persuasive,5
2681,Beautiful,93
2681,Confusing,108
2681,Courageous,91
2681,Fascinating,86
2681,Funny,69
2681,Informative,110
2681,Ingenious,35
2681,Inspiring,75
2681,Jaw-dropping,98
2681,Longwinded,33
2681,OK,15
2681,Obnoxious,9
2681,Persuasive,123
2681,Unconvincing,15
2682,Beautiful,192
2682,Confusing,75
2682,Courageous,327
2682,Fascinating,390
2682,Funny,245
2682,Informative,211
2682,Ingenious,183
2682,Inspiring,449
2682,Jaw-dropping,250
2682,Longwinded,2
2682,OK,16
2682,Obnoxious,483
2682,Persuasive,191
2682,Unconvincing,113
2683,Beautiful,42
2683,Confusing,14
2683,Courageous,40
2683,Fascinating,19
2683,Funny,44
2683,Informative,43
2683,Ingenious,45
2683,Inspiring,47
2683,Jaw-dropping,32
2683,Longwinded,12
2683,OK,3
2683,Obnoxious,2
2683,Persuasive,33
2684,Beautiful,68
2684,Confusing,17
2684,Courageous,38
2684,Fascinating,53
2684,Funny,55
2684,Informative,73
2684,Ingenious,33
2684,Inspiring,10
2684,Jaw-dropping,59
2684,Longwinded,52
2684,OK,20
2684,Obnoxious,16
2684,Persuasive,57
2685,Beautiful,74
2685,Confusing,9
2685,Courageous,57
2685,Fascinating,62
2685,Funny,67
2685,Informative,68
2685,Ingenious,74
2685,Inspiring,10
2685,Jaw-dropping,47
2685,Longwinded,55
2685,OK,4
2685,Obnoxious,2
2685,Persuasive,51
2685,Unconvincing,32
2686,Beautiful,54
2686,Confusing,1
2686,Courageous,70
2686,Fascinating,65
2686,Funny,84
2686,Informative,47
2686,Ingenious,70
2686,Inspiring,64
2686,Jaw-dropping,91
2686,Longwinded,86
2686,Obnoxious,89
2686,Persuasive,40
2686,Unconvincing,24
2687,Beautiful,199
2687,Confusing,1
2687,Courageous,387
2687,Fascinating,417
2687,Funny,279
2687,Informative,114
2687,Ingenious,216
2687,Inspiring,308
2687,Jaw-dropping,385
2687,Longwinded,18
2687,OK,163
2687,Obnoxious,79
2687,Persuasive,236
2687,Unconvincing,12
2688,Beautiful,27
2688,Confusing,8
2688,Courageous,23
2688,Fascinating,48
2688,Funny,43
2688,Informative,35
2688,Ingenious,57
2688,Inspiring,23
2688,Jaw-dropping,40
2688,Longwinded,7
2688,OK,39
2688,Obnoxious,2
2688,Persuasive,50
2688,Unconvincing,48
2689,Beautiful,83
2689,Confusing,75
2689,Courageous,44
2689,Fascinating,40
2689,Funny,86
2689,Informative,74
2689,Ingenious,63
2689,Inspiring,42
2689,Jaw-dropping,28
2689,Longwinded,47
2689,Obnoxious,31
2689,Persuasive,53
2690,Beautiful,194
2690,Confusing,150
2690,Courageous,164
2690,Fascinating,116
2690,Funny,194
2690,Informative,113
2690,Ingenious,103
2690,Inspiring,136
2690,Jaw-dropping,112
2690,Longwinded,41
2690,Obnoxious,52
2690,Persuasive,144
2690,Unconvincing,87
2691,Beautiful,58
2691,Confusing,1
2691,Courageous,52
2691,Fascinating,67
2691,Funny,54
2691,Informative,67
2691,Ingenious,74
2691,Inspiring,36
2691,Jaw-dropping,60
2691,Longwinded,35
2691,OK,79
2691,Obnoxious,50
2691,Persuasive,62
2691,Unconvincing,2
2692,Beautiful,38
2692,Courageous,39
2692,Fascinating,79
2692,Funny,75
2692,Informative,76
2692,Ingenious,76
2692,Inspiring,60
2692,Jaw-dropping,66
2692,Longwinded,49
2692,OK,39
2692,Obnoxious,4
2692,Persuasive,95
2692,Unconvincing,75
2693,Beautiful,129
2693,Confusing,87
2693,Courageous,50
2693,Fascinating,150
2693,Funny,108
2693,Informative,39
2693,Ingenious,142
2693,Inspiring,145
2693,Jaw-dropping,79
2693,Longwinded,139
2693,OK,5
2693,Obnoxious,4
2693,Persuasive,112
2693,Unconvincing,42
2694,Beautiful,23
2694,Confusing,1
2694,Courageous,58
2694,Fascinating,49
2694,Funny,51
2694,Informative,35
2694,Ingenious,55
2694,Inspiring,40
2694,Jaw-dropping,58
2694,Longwinded,3
2694,OK,3
2694,Persuasive,28
2694,Unconvincing,2
2695,Beautiful,709
2695,Confusing,68
2695,Courageous,929
2695,Fascinating,715
2695,Funny,461
2695,Informative,944
2695,Ingenious,996
2695,Inspiring,1055
2695,Jaw-dropping,1418
2695,Longwinded,15
2695,OK,1307
2695,Obnoxious,792
2695,Persuasive,1432
2695,Unconvincing,297
2696,Beautiful,509
2696,Confusing,198
2696,Courageous,422
2696,Fascinating,372
2696,Funny,315
2696,Informative,407
2696,Ingenious,251
2696,Inspiring,77
2696,Jaw-dropping,284
2696,Longwinded,4
2696,OK,181
2696,Obnoxious,122
2696,Persuasive,351
2696,Unconvincing,101
2697,Beautiful,26
2697,Confusing,4
2697,Courageous,33
2697,Fascinating,42
2697,Funny,39
2697,Informative,27
2697,Ingenious,46
2697,Inspiring,45
2697,Jaw-dropping,42
2697,Longwinded,18
2697,OK,5
2697,Obnoxious,18
2697,Persuasive,37
2698,Beautiful,50
2698,Confusing,35
2698,Courageous,79
2698,Fascinating,73
2698,Funny,64
2698,Informative,87
2698,Ingenious,69
2698,Inspiring,89
2698,Jaw-dropping,8
2698,Longwinded,88
2698,OK,23
2698,Persuasive,54
2698,Unconvincing,62
2699,Beautiful,44
2699,Confusing,3
2699,Courageous,51
2699,Fascinating,66
2699,Funny,59
2699,Informative,59
2699,Ingenious,54
2699,Inspiring,61
2699,Jaw-dropping,19
2699,Longwinded,6
2699,OK,10
2699,Obnoxious,24
2699,Persuasive,44
2699,Unconvincing,3
2700,Beautiful,200
2700,Confusing,2
2700,Courageous,189
2700,Fascinating,265
2700,Funny,268
2700,Informative,214
2700,Ingenious,258
2700,Inspiring,203
2700,Jaw-dropping,139
2700,Longwinded,88
2700,OK,2
2700,Obnoxious,60
2700,Persuasive,263
2700,Unconvincing,37
2701,Beautiful,81
2701,Confusing,26
2701,Courageous,79
2701,Fascinating,33
2701,Funny,53
2701,Informative,33
2701,Ingenious,25
2701,Inspiring,60
2701,Jaw-dropping,91
2701,Longwinded,10
2701,OK,41
2701,Obnoxious,5
2701,Persuasive,28
2701,Unconvincing,83
2702,Beautiful,20
2702,Confusing,29
2702,Courageous,40
2702,Fascinating,21
2702,Funny,22
2702,Informative,4
2702,Ingenious,4
2702,Inspiring,41
2702,Jaw-dropping,32
2702,Longwinded,28
2702,OK,27
2702,Obnoxious,15
2702,Persuasive,32
2702,Unconvincing,25
2703,Beautiful,358
2703,Confusing,2
2703,Courageous,574
2703,Fascinating,535
2703,Funny,715
2703,Informative,717
2703,Ingenious,375
2703,Inspiring,602
2703,Jaw-dropping,675
2703,Longwinded,608
2703,OK,513
2703,Obnoxious,622
2703,Persuasive,543
2703,Unconvincing,398
2704,Beautiful,22
2704,Confusing,1
2704,Courageous,28
2704,Fascinating,29
2704,Funny,32
2704,Informative,7
2704,Ingenious,24
2704,Inspiring,36
2704,Jaw-dropping,35
2704,Longwinded,2
2704,OK,17
2704,Obnoxious,17
2704,Persuasive,18
2704,Unconvincing,36
2705,Beautiful,36
2705,Confusing,23
2705,Courageous,33
2705,Fascinating,35
2705,Funny,29
2705,Informative,65
2705,Ingenious,16
2705,Inspiring,63
2705,Jaw-dropping,17
2705,Longwinded,30
2705,OK,5
2705,Obnoxious,52
2705,Persuasive,77
2705,Unconvincing,1
2706,Beautiful,65
2706,Confusing,49
2706,Courageous,58
2706,Fascinating,64
2706,Funny,50
2706,Informative,51
2706,Ingenious,38
2706,Inspiring,50
2706,Jaw-dropping,36
2706,Longwinded,15
2706,OK,14
2706,Obnoxious,5
2706,Persuasive,54
2706,Unconvincing,41
2707,Beautiful,85
2707,Confusing,1
2707,Courageous,15
2707,Fascinating,69
2707,Funny,60
2707,Informative,59
2707,Ingenious,74
2707,Inspiring,81
2707,Jaw-dropping,73
2707,OK,24
2707,Obnoxious,56
2707,Persuasive,77
2707,Unconvincing,23
2708,Beautiful,385
2708,Courageous,422
2708,Fascinating,293
2708,Funny,83
2708,Informative,360
2708,Ingenious,414
2708,Inspiring,343
2708,Jaw-dropping,332
2708,Longwinded,39
2708,OK,322
2708,Obnoxious,146
2708,Persuasive,249
2708,Unconvincing,271
2709,Beautiful,44
2709,Confusing,3
2709,Courageous,33
2709,Fascinating,46
2709,Funny,35
2709,Informative,56
2709,Ingenious,5
2709,Inspiring,20
2709,Jaw-dropping,35
2709,OK,4
2709,Obnoxious,23
2709,Persuasive,56
2709,Unconvincing,18
2710,Beautiful,117
2710,Confusing,54
2710,Courageous,124
2710,Fascinating,27
2710,Funny,102
2710,Informative,50
2710,Ingenious,15
2710,Inspiring,56
2710,Jaw-dropping,80
2710,Longwinded,62
2710,OK,106
2710,Obnoxious,7
2710,Persuasive,126
2710,Unconvincing,1
2711,Beautiful,28
2711,Confusing,34
2711,Courageous,27
2711,Fascinating,68
2711,Funny,57
2711,Informative,49
2711,Ingenious,59
2711,Inspiring,63
2711,Jaw-dropping,67
2711,Longwinded,12
2711,OK,5
2711,Obnoxious,67
2711,Persuasive,58
2711,Unconvincing,47
2712,Beautiful,39
2712,Confusing,7
2712,Courageous,31
2712,Fascinating,35
2712,Funny,19
2712,Informative,33
2712,Ingenious,26
2712,Inspiring,33
2712,Jaw-dropping,37
2712,Longwinded,8
2712,OK,30
2712,Obnoxious,5
2712,Persuasive,25
2712,Unconvincing,7
2713,Beautiful,73
2713,Confusing,4
2713,Courageous,58
2713,Fascinating,61
2713,Funny,55
2713,Informative,34
2713,Ingenious,18
2713,Inspiring,84
2713,Jaw-dropping,41
2713,Longwinded,3
2713,OK,35
2713,Obnoxious,16
2713,Persuasive,74
2713,Unconvincing,24
2714,Beautiful,42
2714,Confusing,171
2714,Courageous,274
2714,Fascinating,85
2714,Funny,272
2714,Informative,285
2714,Ingenious,321
2714,Inspiring,94
2714,Jaw-dropping,320
2714,Longwinded,11
2714,OK,317
2714,Obnoxious,17
2714,Persuasive,270
2714,Unconvincing,322
2715,Beautiful,4
2715,Courageous,32
2715,Fascinating,18
2715,Funny,27
2715,Informative,2
2715,Ingenious,8
2715,Inspiring,20
2715,Jaw-dropping,19
2715,Longwinded,27
2715,OK,19
2715,Obnoxious,21
2715,Persuasive,18
2716,Beautiful,15
2716,Confusing,12
2716,Courageous,16
2716,Fascinating,15
2716,Funny,11
2716,Informative,15
2716,Ingenious,13
2716,Inspiring,21
2716,Persuasive,21
2717,Beautiful,77
2717,Confusing,91
2717,Courageous,60
2717,Fascinating,76
2717,Funny,79
2717,Informative,38
2717,Ingenious,90
2717,Inspiring,37
2717,Jaw-dropping,61
2717,Longwinded,78
2717,OK,8
2717,Obnoxious,47
2717,Persuasive,62
2717,Unconvincing,3
2718,Beautiful,130
2718,Confusing,59
2718,Courageous,289
2718,Fascinating,154
2718,Funny,233
2718,Informative,231
2718,Ingenious,361
2718,Inspiring,247
2718,Jaw-dropping,199
2718,Obnoxious,29
2718,Persuasive,142
2718,Unconvincing,6
2719,Beautiful,104
2719,Confusing,88
2719,Courageous,139
2719,Fascinating,54
2719,Funny,179
2719,Informative,114
2719,Ingenious,54
2719,Inspiring,54
2719,Jaw-dropping,162
2719,Longwinded,4
2719,OK,1
2719,Obnoxious,16
2719,Persuasive,173
2719,Unconvincing,6
2720,Beautiful,473
2720,Confusing,95
2720,Courageous,612
2720,Fascinating,462
2720,Funny,626
2720,Informative,627
2720,Ingenious,407
2720,Inspiring,361
2720,Jaw-dropping,581
2720,Longwinded,7
2720,OK,18
2720,Obnoxious,414
2720,Persuasive,631
2720,Unconvincing,186
2721,Beautiful,172
2721,Confusing,33
2721,Courageous,46
2721,Fascinating,83
2721,Funny,79
2721,Informative,143
2721,Ingenious,173
2721,Inspiring,182
2721,Jaw-dropping,71
2721,Longwinded,87
2721,OK,3
2721,Persuasive,151
2721,Unconvincing,150
2722,Beautiful,1264
2722,Confusing,996
2722,Courageous,1153
2722,Fascinating,1127
2722,Funny,1076
2722,Informative,1337
2722,Ingenious,1367
2722,Inspiring,1392
2722,Jaw-dropping,1631
2722,Longwinded,660
2722,OK,1391
2722,Obnoxious,322
2722,Persuasive,1334
2722,Unconvincing,609
2723,Beautiful,158
2723,Confusing,13
2723,Courageous,134
2723,Fascinating,110
2723,Funny,142
2723,Informative,139
2723,Ingenious,168
2723,Inspiring,145
2723,Jaw-dropping,113
2723,Longwinded,6
2723,OK,20
2723,Obnoxious,90
2723,Persuasive,166
2723,Unconvincing,149
2724,Beautiful,82
2724,Confusing,16
2724,Courageous,105
2724,Fascinating,67
2724,Funny,13
2724,Informative,85
2724,Ingenious,106
2724,Inspiring,65
2724,Jaw-dropping,41
2724,Longwinded,24
2724,OK,65
2724,Obnoxious,64
2724,Persuasive,87
2724,Unconvincing,13
2725,Beautiful,147
2725,Courageous,147
2725,Fascinating,111
2725,Funny,185
2725,Informative,172
2725,Ingenious,148
2725,Inspiring,173
2725,Jaw-dropping,125
2725,Longwinded,57
2725,OK,82
2725,Obnoxious,36
2725,Persuasive,124
2725,Unconvincing,98
2726,Beautiful,192
2726,Confusing,58
2726,Courageous,237
2726,Fascinating,291
2726,Funny,254
2726,Informative,295
2726,Ingenious,108
2726,Inspiring,285
2726,Jaw-dropping,318
2726,Longwinded,179
2726,OK,2
2726,Persuasive,182
2726,Unconvincing,223
2727,Beautiful,159
2727,Confusing,58
2727,Courageous,171
2727,Fascinating,133
2727,Funny,208
2727,Informative,26
2727,Ingenious,178
2727,Inspiring,109
2727,Jaw-dropping,115
2727,Longwinded,44
2727,OK,118
2727,Obnoxious,8
2727,Persuasive,209
2727,Unconvincing,3
2728,Beautiful,36
2728,Confusing,29
2728,Courageous,34
2728,Fascinating,4
2728,Funny,20
2728,Informative,39
2728,Ingenious,39
2728,Inspiring,33
2728,Jaw-dropping,26
2728,Longwinded,20
2728,OK,11
2728,Obnoxious,13
2728,Persuasive,20
2728,Unconvincing,22
2729,Beautiful,36
2729,Confusing,2
2729,Courageous,28
2729,Fascinating,32
2729,Funny,26
2729,Informative,39
2729,Ingenious,22
2729,Inspiring,23
2729,Jaw-dropping,29
2729,Longwinded,3
2729,OK,37
2729,Obnoxious,17
2729,Persuasive,15
2729,Unconvincing,20
2730,Beautiful,100
2730,Confusing,33
2730,Courageous,122
2730,Fascinating,122
2730,Funny,93
2730,Informative,125
2730,Ingenious,31
2730,Inspiring,132
2730,Jaw-dropping,110
2730,OK,81
2730,Obnoxious,2
2730,Persuasive,115
2730,Unconvincing,120
2731,Beautiful,39
2731,Confusing,35
2731,Courageous,20
2731,Fascinating,54
2731,Funny,9
2731,Informative,54
2731,Ingenious,50
2731,Inspiring,44
2731,Jaw-dropping,43
2731,Longwinded,36
2731,OK,38
2731,Obnoxious,33
2731,Persuasive,60
2731,Unconvincing,62
2732,Beautiful,110
2732,Courageous,55
2732,Fascinating,72
2732,Funny,124
2732,Informative,139
2732,Ingenious,28
2732,Inspiring,37
2732,Jaw-dropping,113
2732,Persuasive,95
2733,Beautiful,6
2733,Confusing,23
2733,Courageous,118
2733,Fascinating,165
2733,Funny,124
2733,Informative,103
2733,Ingenious,112
2733,Inspiring,179
2733,Jaw-dropping,164
2733,Longwinded,2
2733,OK,87
2733,Obnoxious,15
2733,Persuasive,122
2733,Unconvincing,21
2734,Beautiful,4
2734,Confusing,3
2734,Courageous,5
2734,Fascinating,3
2734,Funny,7
2734,Informative,3
2734,Ingenious,3
2734,Inspiring,3
2734,Jaw-dropping,3
2734,Longwinded,4
2734,Unconvincing,1
2735,Beautiful,189
2735,Confusing,95
2735,Courageous,180
2735,Fascinating,229
2735,Funny,205
2735,Informative,56
2735,Ingenious,198
2735,Inspiring,72
2735,Jaw-dropping,158
2735,Longwinded,70
2735,OK,21
2735,Obnoxious,157
2735,Persuasive,232
2735,Unconvincing,41
2736,Beautiful,79
2736,Confusing,1
2736,Courageous,121
2736,Fascinating,131
2736,Funny,102
2736,Informative,123
2736,Ingenious,129
2736,Inspiring,114
2736,Jaw-dropping,158
2736,Longwinded,59
2736,Obnoxious,2
2736,Persuasive,126
2736,Unconvincing,3
2737,Beautiful,114
2737,Confusing,189
2737,Courageous,43
2737,Fascinating,61
2737,Funny,199
2737,Informative,262
2737,Ingenious,256
2737,Inspiring,133
2737,Jaw-dropping,255
2737,Longwinded,216
2737,OK,12
2737,Obnoxious,104
2737,Persuasive,37
2737,Unconvincing,175
2738,Beautiful,51
2738,Confusing,44
2738,Courageous,82
2738,Fascinating,139
2738,Funny,131
2738,Informative,97
2738,Ingenious,93
2738,Inspiring,135
2738,Jaw-dropping,90
2738,Longwinded,14
2738,OK,46
2738,Obnoxious,110
2738,Persuasive,136
2738,Unconvincing,38
2739,Beautiful,78
2739,Confusing,51
2739,Courageous,92
2739,Fascinating,120
2739,Funny,5
2739,Informative,32
2739,Ingenious,26
2739,Inspiring,56
2739,Jaw-dropping,136
2739,Longwinded,23
2739,OK,83
2739,Obnoxious,51
2739,Persuasive,93
2739,Unconvincing,6
2740,Beautiful,19
2740,Confusing,15
2740,Courageous,12
2740,Fascinating,27
2740,Funny,11
2740,Informative,36
2740,Ingenious,35
2740,Inspiring,34
2740,Jaw-dropping,8
2740,Longwinded,6
2740,OK,3
2740,Obnoxious,33
2740,Persuasive,35
2740,Unconvincing,17
2741,Beautiful,60
2741,Courageous,299
2741,Fascinating,289
2741,Funny,362
2741,Informative,295
2741,Ingenious,399
2741,Inspiring,372
2741,Jaw-dropping,251
2741,Longwinded,305
2741,OK,102
2741,Obnoxious,7
2741,Persuasive,12
2741,Unconvincing,3
2742,Beautiful,27
2742,Courageous,19
2742,Fascinating,25
2742,Funny,17
2742,Informative,27
2742,Ingenious,18
2742,Inspiring,24
2742,Jaw-dropping,26
2742,Longwinded,9
2742,OK,15
2742,Obnoxious,15
2742,Persuasive,30
2742,Unconvincing,11
2743,Beautiful,43
2743,Courageous,37
2743,Fascinating,51
2743,Funny,36
2743,Informative,20
2743,Ingenious,47
2743,Inspiring,43
2743,Jaw-dropping,42
2743,Longwinded,1
2743,OK,53
2743,Obnoxious,20
2743,Persuasive,51
2743,Unconvincing,26
2744,Beautiful,27
2744,Confusing,60
2744,Courageous,133
2744,Fascinating,128
2744,Funny,125
2744,Informative,82
2744,Ingenious,94
2744,Inspiring,102
2744,Jaw-dropping,131
2744,Longwinded,10
2744,OK,62
2744,Obnoxious,107
2744,Persuasive,138
2744,Unconvincing,7
2745,Beautiful,283
2745,Courageous,154
2745,Fascinating,356
2745,Funny,352
2745,Informative,78
2745,Ingenious,244
2745,Inspiring,266
2745,Jaw-dropping,320
2745,OK,127
2745,Obnoxious,108
2745,Persuasive,349
2745,Unconvincing,140
2746,Beautiful,133
2746,Confusing,127
2746,Courageous,164
2746,Fascinating,259
2746,Funny,223
2746,Informative,262
2746,Ingenious,237
2746,Inspiring,71
2746,Jaw-dropping,158
2746,OK,9
2746,Obnoxious,74
2746,Persuasive,262
2746,Unconvincing,222
2747,Beautiful,77
2747,Confusing,49
2747,Courageous,76
2747,Fascinating,27
2747,Funny,54
2747,Informative,77
2747,Ingenious,59
2747,Inspiring,12
2747,Jaw-dropping,79
2747,OK,53
2747,Obnoxious,12
2747,Persuasive,73
2747,Unconvincing,12
2748,Beautiful,40
2748,Courageous,33
2748,Fascinating,11
2748,Funny,22
2748,Informative,35
2748,Ingenious,40
2748,Inspiring,45
2748,Jaw-dropping,36
2748,Longwinded,15
2748,Obnoxious,1
2748,Persuasive,47
2749,Beautiful,105
2749,Confusing,34
2749,Courageous,117
2749,Fascinating,117
2749,Funny,222
2749,Informative,151
2749,Ingenious,210
2749,Inspiring,231
2749,Jaw-dropping,165
2749,Longwinded,8
2749,OK,21
2749,Obnoxious,4
2749,Persuasive,199
2749,Unconvincing,58
2750,Beautiful,11
2750,Courageous,29
2750,Fascinating,22
2750,Funny,36
2750,Informative,14
2750,Ingenious,26
2750,Inspiring,17
2750,Jaw-dropping,31
2750,OK,34
2750,Obnoxious,17
2750,Persuasive,19
2750,Unconvincing,16
