talk_id,title,speaker,speaker_occupation,num_speakers,event,event_year,event_city,is_main_conference,recorded_date,published_date,duration_sec,views,comments,languages
1089,Как климат заслуживают внимания,Peter Nilsen,режиссёр,1,TED2010,2010,Long Beach,1,2010-01-08,2010-02-12,442,2770258,239,28
1169,Зачем энергия устроены не так,Liam Moreau,дизайнер,1,TED2010,2010,Long Beach,1,2010-01-03,2010-03-06,853,11179665,1962,23
2537,Отчего страх требуют пересмотра,Felix Adeyemi,нейробиолог,1,TED2010,2010,Long Beach,1,2010-02-23,2010-03-14,791,7025085,983,20
2620,Почему доверие обманывают нас,Zoe Lindqvist,архитектор,1,TED2010,2010,Long Beach,1,2010-02-08,2010-03-17,614,3801619,904,7
2196,Что память решают за нас,Zoe Haugen,инженер,1,TED2010,2010,Long Beach,1,2010-02-21,2010-03-27,956,2250885,653,25
1538,Каким образом вирусы устроены не так,Felix Meyer,экономист,1,TED2010,2010,Long Beach,1,2010-03-08,2010-04-19,284,3369746,336,34
1597,"Как медицина опаснее, чем принято думать",Lena Adeyemi,,2,TED2010,2010,Long Beach,1,2010-03-15,2010-04-22,834,203431,60,49
1367,"Зачем бактерии опаснее, чем принято думать",Jonas Dubois,музыкант,1,TED2010,2010,Long Beach,1,2010-03-02,2010-04-29,575,3045495,300,43
1866,Отчего роботы не работают,Iris Nilsen,дизайнер,1,TED2010,2010,Long Beach,1,2010-03-24,2010-05-01,926,6040196,585,41
2088,Что гены устроены не так,Samir Fischer,режиссёр,1,TED2010,2010,Long Beach,1,2010-02-19,2010-05-01,890,2640334,327,43
2584,Что мозг стали другими,Hugo Bauer,юрист,1,TED2010,2010,Long Beach,1,2010-03-24,2010-05-01,754,891719,205,18
610,Как бактерии недооценены,Elif Novak,режиссёр,1,TED2010,2010,Long Beach,1,2010-01-01,2010-05-13,393,1200461,111,18
796,Почему время работают против нас,Zoe Vargas,программист,1,TED2010,2010,Long Beach,1,2010-04-04,2010-05-13,913,7582999,1400,33
986,Почему климат возвращаются,Sara Okafor,педагог,1,TED2010,2010,Long Beach,1,2010-02-19,2010-05-13,561,406863,75,46
1061,Каким образом старение определяют будущее,Lena Hassan,биолог,1,TED2010,2010,Long Beach,1,2010-02-28,2010-05-13,1031,2573904,505,19
209,Каким образом память возвращаются,Tom Moreau,антрополог,1,TED2010,2010,Long Beach,1,2010-04-08,2010-05-24,364,1150522,118,12
2604,Каким образом реки заслуживают внимания,Noah Novak,психолог,1,TED2010,2010,Long Beach,1,2010-03-10,2010-06-04,335,669599,77,43
251,"Каким образом медицина важнее, чем кажется",Jonas Dubois,предприниматель,1,TED2010,2010,Long Beach,1,2010-01-28,2010-06-08,966,6952730,1828,45
2163,"Отчего выборы опаснее, чем принято думать",Daniel Dubois,врач,1,TED2010,2010,Long Beach,1,2010-03-19,2010-06-11,381,1955869,494,45
777,Зачем гены не работают,Yuki Reyes,журналист,1,TED2010,2010,Long Beach,1,2010-05-08,2010-06-16,494,3630111,622,24
1181,Зачем музыка стоят дороже,Liam Silva,педагог,1,TED2010,2010,Long Beach,1,2010-01-14,2010-06-16,518,1109995,238,46
2726,Отчего деньги держат нас вместе,Ana Fischer,педагог,1,TED2010,2010,Long Beach,1,2010-03-03,2010-06-20,252,5951831,710,43
999,"Как города сложнее, чем выглядят",Yuki Petrov,математик,2,TED2010,2010,Long Beach,1,2010-05-24,2010-06-23,871,20751554,1987,35
2457,Отчего врачи требуют пересмотра,Alex Silva,художник,1,TED2010,2010,Long Beach,1,2010-03-05,2010-07-10,1223,33346696,3547,14
1587,Каким образом вирусы решают за нас,Maria Hassan,историк,1,TED2010,2010,Long Beach,1,2010-06-28,2010-07-11,673,8797905,908,26
1444,Зачем дети определяют будущее,Nora Bauer,музыкант,1,TED2010,2010,Long Beach,1,2010-05-23,2010-07-21,954,8978650,2590,21
1956,Как гены устроены не так,Peter Fischer,писатель,2,TED2010,2010,Long Beach,1,2010-02-16,2010-07-27,499,488671,51,32
1705,Что леса молчат,Hugo Berger,астроном,1,TED2010,2010,Long Beach,1,2010-07-10,2010-08-04,1191,412481,38,15
198,"Как старение важнее, чем кажется",Ana Petrov,психолог,1,TED2010,2010,Long Beach,1,2010-06-12,2010-08-06,730,6556021,625,44
1832,Отчего выборы решают за нас,Yuki Meyer,философ,1,TED2010,2010,Long Beach,1,2010-05-15,2010-08-08,1275,1051166,253,23
2649,Почему леса заслуживают внимания,Liam Dubois,юрист,1,TED2010,2010,Long Beach,1,2010-07-05,2010-08-09,346,3021556,333,23
1580,Почему мозг не работают,Sara Berger,дизайнер,1,TED2010,2010,Long Beach,1,2010-06-07,2010-08-13,924,14520578,1993,29
2523,Что работа устроены не так,Kira Haugen,астроном,1,TED2010,2010,Long Beach,1,2010-06-02,2010-08-20,815,623318,52,25
2611,Что архитектура не работают,Maria Ferrari,психолог,1,TED2010,2010,Long Beach,1,2010-08-11,2010-08-24,781,1052573,161,15
1792,Почему нейросети возвращаются,Kira Almeida,физик,1,TED2010,2010,Long Beach,1,2010-06-13,2010-08-28,356,3658785,622,55
1453,Зачем леса стоят дороже,Peter Iversen,эколог,1,TED2010,2010,Long Beach,1,2010-07-03,2010-08-29,903,3155025,279,25
2663,Как алгоритмы исчезают,Iris Bauer,инженер,1,TED2010,2010,Long Beach,1,2010-05-06,2010-08-29,1156,3368028,347,13
1417,Зачем вирусы работают против нас,Ana Nakamura,философ,1,TED2010,2010,Long Beach,1,2010-07-13,2010-09-02,295,921439,134,28
1058,Зачем почва требуют пересмотра,Zoe Okafor,архитектор,1,TED2010,2010,Long Beach,1,2010-08-19,2010-09-08,554,3376831,344,22
755,Почему океан держат нас вместе,Lena Iversen,эколог,1,TED2010,2010,Long Beach,1,2010-03-12,2010-09-12,1150,21093692,3506,34
2435,Что океан молчат,Noah Iversen,нейробиолог,1,TED2010,2010,Long Beach,1,2010-05-13,2010-09-18,920,3780766,1022,47
1006,Зачем реки заслуживают внимания,Daniel Kaplan,инженер,1,TED2010,2010,Long Beach,1,2010-03-21,2010-09-20,1202,9393719,868,12
1911,Отчего язык нуждаются в защите,Aisha Ferrari,астроном,1,TED2010,2010,Long Beach,1,2010-07-17,2010-09-24,1035,703130,167,36
124,Как выборы определяют будущее,Carlos Moreau,психолог,1,TED2010,2010,Long Beach,1,2010-08-20,2010-09-29,961,1335483,156,29
16,"Как космос опаснее, чем принято думать",Ravi Lindqvist,журналист,1,TED2010,2010,Long Beach,1,2010-05-16,2010-10-06,751,1445429,159,21
2429,Каким образом алгоритмы определяют будущее,Lena Reyes,архитектор,1,TED2010,2010,Long Beach,1,2010-05-13,2010-10-06,886,5288618,446,16
2530,Зачем границы работают против нас,Jonas Bauer,программист,1,TED2010,2010,Long Beach,1,2010-05-06,2010-10-08,439,1829958,687,43
2400,Как почва возвращаются,Felix Castillo,педагог,2,TED2010,2010,Long Beach,1,2010-04-21,2010-10-09,1261,2530545,317,10
1767,Почему границы исчезают,Hugo Haugen,математик,1,TED2010,2010,Long Beach,1,2010-03-27,2010-10-12,1222,2311712,312,35
2116,Зачем дети меняют всё,Ines Lindqvist,,1,TED2010,2010,Long Beach,1,2010-08-05,2010-10-20,1005,3793713,947,34
1618,Каким образом архитектура молчат,Iris Meyer,инженер,1,TED2010,2010,Long Beach,1,2010-05-13,2010-10-21,454,4161693,538,47
28,Отчего школы стали другими,Omar Reyes,юрист,1,TED2010,2010,Long Beach,1,2010-08-28,2010-10-25,0,1233400,320,15
658,Почему язык стоят дороже,Zoe Reyes,биолог,1,TED2010,2010,Long Beach,1,2010-08-16,2010-10-27,425,3749913,552,10
126,Зачем старение определяют будущее,Iris Hassan,,1,TED2010,2010,Long Beach,1,2010-06-10,2010-11-03,328,2708621,247,20
1121,Каким образом школы говорят правду,Lucia Vargas,юрист,1,TED2010,2010,Long Beach,1,2010-04-28,2010-11-11,1267,3458820,724,1
722,Как медицина говорят правду,Aisha Adeyemi,журналист,2,TED2010,2010,Long Beach,1,2010-06-12,2010-11-16,526,4331861,469,43
1645,Что музыка заслуживают внимания,Ines Reyes,экономист,1,TED2010,2010,Long Beach,1,2010-11-02,2010-11-17,578,1730678,200,46
572,Отчего границы говорят правду,Tom Haugen,юрист,1,TED2010,2010,Long Beach,1,2010-10-10,2010-11-26,341,1416960,152,27
906,"Что алгоритмы важнее, чем кажется",Carlos Petrov,педагог,1,TED2010,2010,Long Beach,1,2010-08-20,2010-11-30,1329,2639946,820,36
2433,Как медицина зависят от нас,Nora Fischer,,1,TED2010,2010,Long Beach,1,2010-10-26,2010-12-01,732,1855591,160,41
95,Почему бактерии зависят от нас,Alex Bauer,режиссёр,2,TED2010,2010,Long Beach,1,2010-09-12,2010-12-04,857,5697105,759,32
1923,Как мы определяют будущее,Sara Berger,юрист,1,TED2010,2010,Long Beach,1,2010-08-18,2010-12-10,531,5834237,597,38
1004,Отчего выборы исчезают,Yuki Nakamura,журналист,1,TED2010,2010,Long Beach,1,2010-09-26,2010-12-16,648,753455,198,29
2312,Как школы меняют всё,Carlos Almeida,психолог,1,TED2010,2010,Long Beach,1,2010-08-13,2010-12-30,1189,2953059,1192,25
2305,Отчего данные требуют пересмотра,Ines Dubois,писатель,1,TED2010,2010,Long Beach,1,2010-06-22,2011-01-02,917,1979530,551,48
1563,Каким образом почва нуждаются в защите,David Almeida,биолог,1,TED2010,2010,Long Beach,1,2010-08-19,2011-01-04,433,808809,67,49
2634,Почему язык меняют всё,Hugo Iversen,инженер,1,TED2010,2010,Long Beach,1,2010-09-12,2011-01-05,917,403507,38,29
128,Как сон заслуживают внимания,Nora Almeida,юрист,1,TED2010,2010,Long Beach,1,2010-12-08,2011-01-11,400,10457189,884,36
502,"Зачем привычки важнее, чем кажется",Ana Lindqvist,,1,TED2010,2010,Long Beach,1,2010-11-01,2011-01-11,831,4260898,1579,27
2164,Почему дети решают за нас,Zoe Adeyemi,психолог,1,TED2010,2010,Long Beach,1,2010-11-04,2011-01-14,248,5987068,1926,38
1757,Что страх зависят от нас,Zoe Meyer,эколог,1,TED2010,2010,Long Beach,1,2010-07-18,2011-01-16,550,721588,77,37
215,"Что леса опаснее, чем принято думать",Ana Kowalski,,1,TED2010,2010,Long Beach,1,2010-07-04,2011-01-19,250,49344433,5382,58
2228,"Почему выборы сложнее, чем выглядят",Tom Ferrari,антрополог,1,TED2010,2010,Long Beach,1,2010-11-26,2011-01-20,720,4428318,571,16
902,Что энергия обманывают нас,John Haugen,педагог,1,TED2011,2011,Long Beach,1,2011-01-03,2011-01-21,410,1830746,243,23
2541,Зачем страх меняют всё,Liam Berger,музыкант,1,TED2010,2010,Long Beach,1,2010-11-11,2011-01-22,1100,5651715,1114,23
459,Что музыка возвращаются,Nora Iversen,музыкант,1,TED2010,2010,Long Beach,1,2010-11-19,2011-01-24,807,810287,160,34
1306,Почему семьи возвращаются,Liam Ferrari,активист,1,TED2010,2010,Long Beach,1,2010-09-23,2011-01-26,351,2084724,254,21
1701,Как города говорят правду,Alex Berger,архитектор,1,TED2010,2010,Long Beach,1,2010-07-22,2011-01-28,329,4335605,436,18
260,Что мы исчезают,Kira Moreau,биолог,1,TED2010,2010,Long Beach,1,2010-10-04,2011-01-31,267,847482,80,33
169,Как реки устроены не так,Liam Ferrari,дизайнер,1,TED2011,2011,Long Beach,1,2011-01-05,2011-02-01,1071,2453215,342,22
1976,"Почему мозг важнее, чем кажется",Nora Meyer,активист,1,TED2010,2010,Long Beach,1,2010-12-07,2011-02-05,318,19094314,6847,35
1213,Отчего память заслуживают внимания,Omar Dubois,антрополог,1,TED2010,2010,Long Beach,1,2010-09-27,2011-02-06,215,827882,133,1
1660,Каким образом города заслуживают внимания,Alex Moreau,юрист,1,TED2010,2010,Long Beach,1,2010-10-28,2011-02-10,723,7473702,814,17
1376,Отчего роботы работают против нас,Daniel Meyer,антрополог,2,TED2010,2010,Long Beach,1,2010-10-28,2011-02-15,1168,4012689,451,19
547,Что океан говорят правду,Maria Castillo,нейробиолог,1,TED2011,2011,Long Beach,1,2011-01-18,2011-02-17,886,1930832,427,20
417,Как школы зависят от нас,Mira Castillo,историк,1,TED2010,2010,Long Beach,1,2010-11-24,2011-02-26,841,2400800,420,24
1569,Как дети возвращаются,Emma Meyer,философ,1,TED2011,2011,Long Beach,1,2011-02-12,2011-02-28,616,4332841,940,33
637,"Что время сложнее, чем выглядят",Ana Berger,программист,2,TEDGlobal 2011,2011,Edinburgh,1,2011-01-01,2011-03-02,800,1236482,129,36
884,Отчего привычки говорят правду,John Kaplan,педагог,1,TED2010,2010,Long Beach,1,2010-10-20,2011-03-03,689,4974758,505,40
1835,Что эмоции стали другими,Carlos Hassan,,1,TED2011,2011,Long Beach,1,2011-02-05,2011-03-04,1171,734305,278,19
1748,"Как бактерии важнее, чем кажется",Alex Lindqvist,активист,1,TEDGlobal 2011,2011,Edinburgh,1,2011-01-23,2011-03-06,438,736435,74,46
737,Зачем старение нуждаются в защите,Lena Petrov,активист,1,TED2010,2010,Long Beach,1,2010-11-27,2011-03-07,536,6338965,2813,43
430,"Почему алгоритмы сложнее, чем выглядят",Mira Vargas,антрополог,2,TED2010,2010,Long Beach,1,2010-12-11,2011-03-08,284,243105,21,29
1733,Как доверие стали другими,Liam Kowalski,музыкант,1,TEDGlobal 2011,2011,Edinburgh,1,2011-01-17,2011-03-17,778,12753406,2464,53
90,Зачем старение говорят правду,Elif Adeyemi,художник,1,TED2010,2010,Long Beach,1,2010-11-04,2011-03-18,1037,14762100,6453,34
1620,"Как школы сложнее, чем выглядят",Iris Meyer,педагог,1,TEDGlobal 2011,2011,Edinburgh,1,2011-01-10,2011-03-20,1387,16208774,1914,17
303,Зачем работа возвращаются,Noah Adeyemi,врач,1,TED2010,2010,Long Beach,1,2010-09-16,2011-03-23,630,1915029,273,28
312,Как границы стали другими,Kira Berger,биолог,1,TED2011,2011,Long Beach,1,2011-01-04,2011-03-28,350,352636,42,24
1132,Отчего границы работают против нас,Hugo Kowalski,,1,TED2010,2010,Long Beach,1,2010-10-04,2011-03-30,1118,1628709,143,21
1234,Как медицина стали другими,Daniel Kowalski,историк,1,TED2010,2010,Long Beach,1,2010-11-24,2011-03-30,444,1808372,161,24
2542,Как города обманывают нас,Yuki Castillo,писатель,1,TED2010,2010,Long Beach,1,2010-12-06,2011-03-30,1122,2943806,658,19
158,Зачем бактерии стали другими,Noah Nilsen,эколог,1,TED2010,2010,Long Beach,1,2010-12-20,2011-04-01,679,2436803,365,28
1799,Зачем границы стоят дороже,Lucia Dubois,художник,1,TED2011,2011,Long Beach,1,2011-03-10,2011-04-02,863,2136264,478,35
1779,"Как выборы важнее, чем кажется",Lucia Okafor,психолог,1,TEDGlobal 2011,2011,Edinburgh,1,2011-02-20,2011-04-08,817,1516750,132,21
909,Почему музыка заслуживают внимания,Ines Lindqvist,предприниматель,1,TED2010,2010,Long Beach,1,2010-11-27,2011-04-09,622,3407170,320,26
390,Почему врачи устроены не так,Carlos Haugen,психолог,1,TED2011,2011,Long Beach,1,2011-02-06,2011-04-14,710,891809,79,53
155,Как школы заслуживают внимания,Kira Kaplan,физик,1,TED2010,2010,Long Beach,1,2010-11-04,2011-04-17,667,3390072,286,27
936,Зачем нейросети недооценены,Sara Petrov,математик,1,TED2010,2010,Long Beach,1,2010-11-25,2011-04-18,626,2272048,456,44
1688,Каким образом почва требуют пересмотра,Peter Kowalski,психолог,2,TED2011,2011,Long Beach,1,2011-03-18,2011-04-18,1059,8641388,2282,32
2344,Как мозг возвращаются,Tom Haugen,журналист,1,TED2011,2011,Long Beach,1,2011-03-10,2011-04-18,227,1705561,233,36
1545,Зачем мы обманывают нас,Tom Adeyemi,экономист,1,TED2010,2010,Long Beach,1,2010-12-07,2011-04-22,756,14930365,3112,49
57,Отчего эмоции возвращаются,Tom Iversen,художник,1,TED2011,2011,Long Beach,1,2011-04-01,2011-04-25,1048,887961,143,21
98,Зачем границы определяют будущее,Zoe Kowalski,эколог,1,TED2011,2011,Long Beach,1,2011-04-20,2011-05-03,1059,7982995,1062,24
1945,"Отчего дети опаснее, чем принято думать",Daniel Petrov,инженер,1,TEDGlobal 2011,2011,Edinburgh,1,2011-02-22,2011-05-10,410,211263,30,13
2056,Почему суды требуют пересмотра,Ines Meyer,,1,TED2011,2011,Long Beach,1,2011-02-22,2011-05-14,376,9985823,899,42
530,Каким образом энергия работают против нас,Noah Hassan,физик,1,TED2011,2011,Long Beach,1,2011-01-28,2011-05-22,392,13882595,2742,20
1000,Почему данные меняют всё,Tom Vargas,нейробиолог,1,TEDGlobal 2011,2011,Edinburgh,1,2011-04-07,2011-05-25,823,1056488,189,4
301,Зачем алгоритмы работают против нас,Ines Ferrari,дизайнер,1,TED2011,2011,Long Beach,1,2011-03-19,2011-05-28,1070,1832862,262,27
1739,"Почему врачи опаснее, чем принято думать",Hugo Okafor,нейробиолог,2,TED2011,2011,Long Beach,1,2011-03-13,2011-05-28,439,3541239,1225,44
115,"Почему эмоции опаснее, чем принято думать",John Berger,антрополог,2,TED2011,2011,Long Beach,1,2011-05-02,2011-05-29,434,5299321,651,9
1653,Что доверие стоят дороже,Elif Castillo,инженер,1,TED2010,2010,Long Beach,1,2010-11-15,2011-05-29,278,1681055,185,14
2181,Почему язык исчезают,David Almeida,историк,1,TEDGlobal 2011,2011,Edinburgh,1,2011-04-28,2011-05-31,551,887570,314,36
1419,Что деньги держат нас вместе,Felix Kaplan,психолог,1,TEDGlobal 2011,2011,Edinburgh,1,2011-02-04,2011-06-02,853,1515228,194,59
2229,"Зачем врачи сложнее, чем выглядят",Samir Fischer,дизайнер,1,TED2010,2010,Long Beach,1,2010-12-24,2011-06-03,835,2121999,279,17
2205,Отчего нейросети решают за нас,Yuki Kowalski,физик,1,TED2011,2011,Long Beach,1,2011-02-13,2011-06-07,943,19326333,6304,32
747,"Почему роботы сложнее, чем выглядят",Samir Fischer,психолог,1,TED2011,2011,Long Beach,1,2011-05-01,2011-06-08,796,2656545,682,17
2328,Каким образом климат обманывают нас,Lucia Kaplan,юрист,1,TEDGlobal 2011,2011,Edinburgh,1,2011-02-10,2011-06-14,347,1240439,196,32
745,Отчего почва возвращаются,Aisha Kowalski,эколог,1,TED2011,2011,Long Beach,1,2011-02-12,2011-06-19,1260,3644889,455,26
1745,Зачем выборы устроены не так,Ana Haugen,режиссёр,1,TED2011,2011,Long Beach,1,2011-04-07,2011-06-21,651,332983,57,15
811,Как данные определяют будущее,Zoe Vargas,философ,1,TED2011,2011,Long Beach,1,2011-03-11,2011-06-23,876,5348107,1275,27
1445,Каким образом выборы молчат,Yuki Petrov,экономист,1,TED2011,2011,Long Beach,1,2011-04-10,2011-06-24,813,3579013,486,11
456,Что суды держат нас вместе,Daniel Petrov,музыкант,1,TEDGlobal 2011,2011,Edinburgh,1,2011-06-10,2011-06-26,822,2522278,900,10
1110,Что медицина молчат,Jonas Moreau,инженер,1,TEDGlobal 2011,2011,Edinburgh,1,2011-01-26,2011-06-29,1045,1256442,253,43
400,Что вода заслуживают внимания,Aisha Petrov,эколог,1,TEDGlobal 2011,2011,Edinburgh,1,2011-04-15,2011-06-30,336,351374,76,17
1795,Зачем вирусы говорят правду,Carlos Nilsen,психолог,1,TED2011,2011,Long Beach,1,2011-03-25,2011-07-02,294,3011236,573,40
2195,Отчего память молчат,Ravi Ferrari,нейробиолог,1,TED2011,2011,Long Beach,1,2011-05-27,2011-07-04,576,1224665,142,38
1557,Как мозг молчат,Liam Castillo,астроном,1,TEDGlobal 2011,2011,Edinburgh,1,2011-06-05,2011-07-10,1041,4705361,426,24
2598,Почему космос держат нас вместе,Kira Meyer,архитектор,1,TED2011,2011,Long Beach,1,2011-06-04,2011-07-14,271,450353,105,38
1141,Как бактерии стоят дороже,Peter Okafor,инженер,1,TED2011,2011,Long Beach,1,2011-06-06,2011-07-18,676,5353938,567,19
201,Каким образом язык не работают,Sara Kaplan,художник,1,TEDGlobal 2011,2011,Edinburgh,1,2011-01-17,2011-07-21,289,6553379,1560,20
1431,Отчего музыка стали другими,Noah Moreau,архитектор,1,TEDGlobal 2011,2011,Edinburgh,1,2011-02-07,2011-07-29,409,732433,199,59
108,Отчего музыка обманывают нас,David Nakamura,врач,1,TEDGlobal 2011,2011,Edinburgh,1,2011-02-20,2011-07-31,274,3014917,313,26
1516,Отчего доверие нуждаются в защите,Mira Reyes,педагог,1,TED2011,2011,Long Beach,1,2011-06-27,2011-07-31,278,11664861,1763,31
1312,Отчего бактерии обманывают нас,Maria Hassan,философ,1,TEDGlobal 2011,2011,Edinburgh,1,2011-07-11,2011-08-03,851,2673180,323,48
859,Почему дети возвращаются,Daniel Almeida,экономист,1,TED2011,2011,Long Beach,1,2011-07-14,2011-08-05,205,1183531,105,33
598,Зачем города требуют пересмотра,Hugo Silva,юрист,1,TED2011,2011,Long Beach,1,2011-03-21,2011-08-06,924,4361457,550,28
2579,"Почему почва опаснее, чем принято думать",Nora Nakamura,юрист,1,TEDGlobal 2011,2011,Edinburgh,1,2011-03-02,2011-08-07,1069,3761882,491,19
61,Зачем врачи стоят дороже,Daniel Castillo,философ,1,TEDGlobal 2011,2011,Edinburgh,1,2011-06-07,2011-08-10,431,509996,76,24
2407,Почему города меняют всё,Yuki Fischer,историк,1,TEDGlobal 2011,2011,Edinburgh,1,2011-04-10,2011-08-11,320,6602397,902,30
2327,Зачем почва недооценены,Lena Fischer,математик,2,TED2011,2011,Long Beach,1,2011-01-28,2011-08-12,1059,5716475,832,44
648,Отчего данные недооценены,Maria Iversen,журналист,1,TED2011,2011,Long Beach,1,2011-07-24,2011-08-17,331,1553336,147,26
2045,"Зачем вирусы сложнее, чем выглядят",Aisha Castillo,врач,1,TED2011,2011,Long Beach,1,2011-07-28,2011-08-17,466,2069030,371,48
751,Отчего привычки заслуживают внимания,Iris Berger,музыкант,1,TEDGlobal 2011,2011,Edinburgh,1,2011-02-02,2011-08-19,386,1924556,175,33
1522,Каким образом роботы молчат,Felix Reyes,математик,1,TED2011,2011,Long Beach,1,2011-02-28,2011-08-21,629,3274036,477,14
1153,Почему океан заслуживают внимания,Nora Almeida,эколог,1,TED2011,2011,Long Beach,1,2011-05-22,2011-08-22,456,2814703,355,21
2135,Каким образом реки молчат,Yuki Almeida,врач,1,TEDGlobal 2011,2011,Edinburgh,1,2011-04-26,2011-08-26,612,5975281,1508,42
1676,"Почему вирусы сложнее, чем выглядят",Omar Berger,музыкант,1,TEDGlobal 2011,2011,Edinburgh,1,2011-08-03,2011-08-27,1027,8147970,2176,39
1636,Отчего язык определяют будущее,Noah Kowalski,журналист,1,TED2011,2011,Long Beach,1,2011-03-04,2011-08-31,622,1149520,101,18
527,Каким образом доверие заслуживают внимания,Ines Iversen,дизайнер,1,TEDGlobal 2011,2011,Edinburgh,1,2011-08-19,2011-09-03,885,6277946,1371,38
2714,Почему реки стали другими,Carlos Nakamura,инженер,1,TEDGlobal 2011,2011,Edinburgh,1,2011-05-06,2011-09-07,726,4165754,945,27
65,Как границы работают против нас,John Almeida,активист,2,TEDGlobal 2011,2011,Edinburgh,1,2011-06-27,2011-09-10,514,2797526,262,39
1751,"Почему время опаснее, чем принято думать",Ravi Meyer,программист,1,TEDGlobal 2011,2011,Edinburgh,1,2011-05-07,2011-09-10,779,2230797,216,45
2020,"Как врачи важнее, чем кажется",Samir Bauer,художник,1,TED2011,2011,Long Beach,1,2011-08-05,2011-09-10,1176,25335936,10580,61
2367,Как время не работают,Mira Ferrari,врач,2,TED2011,2011,Long Beach,1,2011-05-18,2011-09-18,371,2617975,532,32
573,Как сон возвращаются,Elif Dubois,активист,1,TEDGlobal 2011,2011,Edinburgh,1,2011-08-16,2011-09-20,1144,3518395,469,34
314,Отчего дети не работают,Maria Nakamura,педагог,1,TED2011,2011,Long Beach,1,2011-05-15,2011-09-23,1475,540377,150,49
391,Отчего доверие стали другими,Carlos Vargas,антрополог,1,TEDGlobal 2011,2011,Edinburgh,1,2011-06-27,2011-09-23,709,611897,88,35
645,Почему одиночество работают против нас,Alex Vargas,биолог,1,TEDGlobal 2011,2011,Edinburgh,1,2011-09-13,2011-09-24,773,1667982,276,40
2070,Почему космос молчат,Alex Haugen,,1,TED2011,2011,Long Beach,1,2011-03-14,2011-09-26,716,1016327,142,15
141,Как эмоции устроены не так,John Kowalski,,1,TED2011,2011,Long Beach,1,2011-04-04,2011-09-30,414,15087106,1380,33
170,Зачем деньги нуждаются в защите,Yuki Bauer,психолог,2,TED2011,2011,Long Beach,1,2011-04-16,2011-10-02,851,3169527,544,26
1338,Почему нейросети говорят правду,Ana Almeida,,1,TEDGlobal 2011,2011,Edinburgh,1,2011-03-22,2011-10-02,1213,10059767,1207,39
1681,Отчего школы держат нас вместе,Emma Kaplan,экономист,1,TEDGlobal 2011,2011,Edinburgh,1,2011-09-09,2011-10-02,474,3500176,1031,11
2021,Каким образом язык возвращаются,Sara Moreau,эколог,1,TEDGlobal 2011,2011,Edinburgh,1,2011-07-06,2011-10-02,1217,18174440,1642,25
2322,Отчего музыка держат нас вместе,Noah Meyer,философ,1,TEDGlobal 2011,2011,Edinburgh,1,2011-04-11,2011-10-03,577,208894,46,36
1009,Каким образом школы устроены не так,Liam Novak,программист,1,TEDGlobal 2011,2011,Edinburgh,1,2011-04-01,2011-10-04,371,942039,107,33
1651,Отчего врачи работают против нас,Tom Meyer,журналист,1,TED2011,2011,Long Beach,1,2011-04-20,2011-10-05,632,7431379,796,62
153,"Каким образом работа опаснее, чем принято думать",Kira Kaplan,педагог,2,TED2011,2011,Long Beach,1,2011-06-11,2011-10-06,375,2177203,208,44
1349,Зачем выборы зависят от нас,Iris Novak,психолог,1,TED2011,2011,Long Beach,1,2011-04-18,2011-10-09,957,6208012,1445,38
367,Что суды молчат,Tom Okafor,юрист,1,TED2011,2011,Long Beach,1,2011-09-19,2011-10-10,578,31012224,11131,38
473,Что привычки устроены не так,Hugo Adeyemi,предприниматель,2,TEDGlobal 2011,2011,Edinburgh,1,2011-05-10,2011-10-13,983,3446586,306,28
2245,Зачем мы определяют будущее,Tom Petrov,экономист,1,TEDGlobal 2011,2011,Edinburgh,1,2011-06-02,2011-10-13,276,4646546,752,26
1147,Что медицина заслуживают внимания,Mira Okafor,биолог,1,TEDGlobal 2011,2011,Edinburgh,1,2011-07-19,2011-10-14,1179,2219139,555,36
792,Отчего привычки работают против нас,Emma Vargas,педагог,1,TED2011,2011,Long Beach,1,2011-05-24,2011-10-15,781,257692,37,19
1558,Как роботы недооценены,Tom Haugen,педагог,1,TEDGlobal 2011,2011,Edinburgh,1,2011-07-06,2011-10-15,771,2388265,334,13
640,Каким образом почва стали другими,Felix Nakamura,философ,1,TED2011,2011,Long Beach,1,2011-08-15,2011-10-17,845,2033694,579,25
630,Почему доверие решают за нас,Sara Meyer,дизайнер,1,TED2011,2011,Long Beach,1,2011-09-18,2011-10-18,625,2723258,1013,33
1806,Почему суды недооценены,Lucia Moreau,педагог,1,TEDGlobal 2011,2011,Edinburgh,1,2011-06-26,2011-10-20,343,4892557,781,23
522,"Каким образом дети важнее, чем кажется",Lucia Okafor,математик,1,TEDGlobal 2011,2011,Edinburgh,1,2011-04-08,2011-10-21,473,8853340,3292,44
2218,Каким образом города держат нас вместе,Zoe Ferrari,биолог,1,TEDGlobal 2011,2011,Edinburgh,1,2011-07-22,2011-10-23,285,3983229,387,50
1877,Отчего бактерии стоят дороже,Elif Nilsen,архитектор,2,TEDGlobal 2011,2011,Edinburgh,1,2011-05-07,2011-10-27,401,6915700,734,28
2142,Что границы стали другими,Ravi Meyer,философ,1,TEDGlobal 2011,2011,Edinburgh,1,2011-06-22,2011-10-27,1203,497366,147,9
467,Почему мозг заслуживают внимания,Liam Lindqvist,антрополог,1,TEDGlobal 2011,2011,Edinburgh,1,2011-05-15,2011-10-28,791,833429,159,6
1179,Как дети определяют будущее,Kira Ferrari,математик,1,TEDGlobal 2011,2011,Edinburgh,1,2011-09-03,2011-10-28,920,8951066,3764,10
1719,Что семьи заслуживают внимания,Peter Nilsen,экономист,1,TED2011,2011,Long Beach,1,2011-09-15,2011-10-28,1054,608235,52,57
23,Каким образом музыка возвращаются,John Silva,врач,1,TED2011,2011,Long Beach,1,2011-07-25,2011-10-31,1239,22057015,3815,47
931,Зачем энергия стали другими,Samir Adeyemi,предприниматель,1,TEDGlobal 2011,2011,Edinburgh,1,2011-05-12,2011-11-09,1347,3050579,1044,38
1001,Зачем медицина зависят от нас,Noah Novak,режиссёр,1,TED2011,2011,Long Beach,1,2011-06-07,2011-11-09,930,2110705,176,40
199,Каким образом семьи недооценены,Lena Lindqvist,эколог,1,TED2011,2011,Long Beach,1,2011-10-06,2011-11-10,250,3949279,952,17
1638,Каким образом медицина возвращаются,Sara Iversen,психолог,1,TEDGlobal 2011,2011,Edinburgh,1,2011-09-26,2011-11-14,1200,216397,20,32
2356,Каким образом архитектура зависят от нас,Peter Castillo,биолог,1,TEDGlobal 2011,2011,Edinburgh,1,2011-05-15,2011-11-15,1062,1685677,737,30
163,Почему архитектура заслуживают внимания,Omar Silva,юрист,1,TEDGlobal 2011,2011,Edinburgh,1,2011-11-10,2011-11-21,349,3337063,1458,19
2283,Зачем эмоции говорят правду,Carlos Adeyemi,программист,1,TED2011,2011,Long Beach,1,2011-05-23,2011-11-21,672,3738954,330,23
484,Каким образом нейросети устроены не так,Noah Silva,физик,1,TED2011,2011,Long Beach,1,2011-06-17,2011-11-22,1065,9784250,893,7
344,Как время молчат,Omar Kaplan,инженер,1,TED2011,2011,Long Beach,1,2011-10-27,2011-11-25,430,599779,102,12
58,"Почему музыка важнее, чем кажется",Mira Nilsen,,1,TEDGlobal 2011,2011,Edinburgh,1,2011-05-25,2011-11-27,1027,1082535,435,37
700,Зачем сон зависят от нас,Sara Adeyemi,архитектор,1,TEDGlobal 2011,2011,Edinburgh,1,2011-09-28,2011-12-01,862,4523498,716,57
1128,Отчего вода требуют пересмотра,Lucia Silva,,1,TEDGlobal 2011,2011,Edinburgh,1,2011-08-25,2011-12-05,574,5135651,520,20
1175,Каким образом реки исчезают,Jonas Iversen,режиссёр,1,TED2011,2011,Long Beach,1,2011-08-25,2011-12-05,757,2228046,240,18
1742,"Почему время важнее, чем кажется",Iris Haugen,архитектор,1,TEDGlobal 2011,2011,Edinburgh,1,2011-11-16,2011-12-05,1026,744413,157,17
1030,Почему нейросети работают против нас,Kira Bauer,антрополог,1,TED2011,2011,Long Beach,1,2011-06-19,2011-12-07,395,2417108,202,30
2075,Каким образом эмоции меняют всё,Zoe Adeyemi,философ,1,TED2011,2011,Long Beach,1,2011-08-17,2011-12-07,545,3117915,1012,33
688,Отчего алгоритмы возвращаются,Emma Adeyemi,юрист,1,TEDGlobal 2011,2011,Edinburgh,1,2011-11-24,2011-12-12,422,490370,182,13
1250,Отчего алгоритмы говорят правду,Alex Iversen,психолог,1,TED2011,2011,Long Beach,1,2011-10-12,2011-12-14,684,3283341,377,52
338,Как границы заслуживают внимания,Tom Novak,биолог,1,TEDGlobal 2011,2011,Edinburgh,1,2011-07-27,2011-12-16,971,7922817,1884,32
2628,Отчего океан молчат,Felix Hassan,,1,TEDGlobal 2011,2011,Edinburgh,1,2011-08-16,2011-12-16,1276,2874787,352,19
2309,Что вода нуждаются в защите,Omar Ferrari,математик,1,TED2011,2011,Long Beach,1,2011-07-11,2011-12-18,564,1080663,215,21
1863,Каким образом память недооценены,David Moreau,юрист,1,TED2011,2011,Long Beach,1,2011-06-16,2011-12-19,389,21691601,3201,31
602,Почему сон обманывают нас,Ravi Adeyemi,режиссёр,1,TED2011,2011,Long Beach,1,2011-09-24,2011-12-23,878,5780132,534,47
2202,Каким образом доверие стоят дороже,Daniel Adeyemi,эколог,1,TED2011,2011,Long Beach,1,2011-10-21,2011-12-26,775,2151003,405,34
1446,Как страх стали другими,Yuki Kaplan,эколог,1,TEDGlobal 2011,2011,Edinburgh,1,2011-09-10,2011-12-28,1006,3298347,483,39
1848,Зачем выборы молчат,David Reyes,художник,1,TED2011,2011,Long Beach,1,2011-07-03,2011-12-28,353,546197,121,24
2036,Отчего границы определяют будущее,Peter Iversen,художник,1,TEDGlobal 2011,2011,Edinburgh,1,2011-08-26,2012-01-06,211,15827000,5291,25
1828,Почему бактерии стоят дороже,Noah Silva,математик,1,TED2011,2011,Long Beach,1,2011-09-12,2012-01-10,318,5527568,710,18
2428,Что старение решают за нас,John Castillo,педагог,1,TED2011,2011,Long Beach,1,2011-12-23,2012-01-10,1063,9491568,3188,21
2702,Почему гены меняют всё,Alex Bauer,астроном,1,TED2011,2011,Long Beach,1,2011-10-22,2012-01-16,1331,318255,34,20
1797,Каким образом климат стоят дороже,Tom Ferrari,предприниматель,1,TED2011,2011,Long Beach,1,2011-08-08,2012-01-18,962,20256723,2066,1
33,"Зачем память сложнее, чем выглядят",Carlos Moreau,дизайнер,1,TEDGlobal 2011,2011,Edinburgh,1,2011-07-13,2012-01-19,1196,1677897,369,19
1277,Отчего память зависят от нас,Iris Hassan,дизайнер,1,TED2011,2011,Long Beach,1,2011-12-16,2012-01-20,799,452341,158,14
2355,Отчего суды меняют всё,Noah Moreau,математик,3,TEDGlobal 2011,2011,Edinburgh,1,2011-08-09,2012-01-22,990,1561478,143,36
1380,"Зачем данные опаснее, чем принято думать",Samir Fischer,математик,1,TEDGlobal 2011,2011,Edinburgh,1,2011-08-15,2012-01-27,264,168648,27,27
1434,"Что медицина опаснее, чем принято думать",Sara Haugen,философ,1,TEDGlobal 2011,2011,Edinburgh,1,2011-07-22,2012-01-28,496,2933096,289,27
2638,Как музыка недооценены,Alex Reyes,врач,1,TED2011,2011,Long Beach,1,2011-10-04,2012-01-28,1176,3181650,390,35
1527,Зачем архитектура стали другими,Samir Moreau,нейробиолог,1,TEDGlobal 2011,2011,Edinburgh,1,2011-10-06,2012-01-29,978,11215415,4751,25
2216,Каким образом города меняют всё,Daniel Nilsen,экономист,1,TEDMED 2012,2012,Washington,1,2012-01-15,2012-01-30,1039,3074174,452,31
1105,Зачем старение зависят от нас,Lena Novak,физик,1,TED2012,2012,Long Beach,1,2012-01-03,2012-01-31,1117,1959235,257,39
1694,Почему почва меняют всё,Omar Almeida,дизайнер,1,TEDGlobal 2011,2011,Edinburgh,1,2011-10-17,2012-01-31,289,8113868,3484,22
2495,Что музыка говорят правду,Liam Almeida,журналист,1,TEDMED 2012,2012,Washington,1,2012-01-23,2012-02-07,1076,1981029,223,24
1892,Как язык работают против нас,Peter Kowalski,физик,1,TEDGlobal 2011,2011,Edinburgh,1,2011-10-11,2012-02-09,1004,29356641,2559,40
2039,Что страх исчезают,David Castillo,активист,1,TED2011,2011,Long Beach,1,2011-10-28,2012-02-10,662,1453697,200,17
1315,Отчего язык меняют всё,Tom Iversen,историк,1,TED2011,2011,Long Beach,1,2011-10-28,2012-02-11,1258,1355010,260,28
1610,Каким образом старение стали другими,Zoe Berger,художник,2,TED2011,2011,Long Beach,1,2011-08-11,2012-02-13,649,1066172,137,21
1918,Зачем доверие требуют пересмотра,Mira Okafor,экономист,1,TEDGlobal 2011,2011,Edinburgh,1,2011-08-21,2012-02-20,1112,1971812,402,21
1869,Как суды молчат,Zoe Moreau,дизайнер,1,TEDMED 2012,2012,Washington,1,2012-01-26,2012-02-21,853,2533920,219,18
1336,Каким образом леса заслуживают внимания,Alex Kaplan,музыкант,2,TED2011,2011,Long Beach,1,2011-09-28,2012-02-22,983,2021755,795,33
2738,Как семьи молчат,Ines Bauer,эколог,1,TED2011,2011,Long Beach,1,2011-10-14,2012-02-22,898,3539544,1395,26
193,Почему старение стали другими,Iris Hassan,психолог,1,TED2011,2011,Long Beach,1,2011-09-22,2012-02-23,896,2775453,1127,24
100,Отчего мозг исчезают,Sara Almeida,антрополог,1,TEDGlobal 2011,2011,Edinburgh,1,2011-12-07,2012-02-25,619,2642270,342,27
494,Почему врачи обманывают нас,Daniel Iversen,художник,1,TEDMED 2012,2012,Washington,1,2012-01-20,2012-02-29,747,2028240,214,8
852,Зачем архитектура определяют будущее,Ines Kaplan,врач,1,TEDGlobal 2011,2011,Edinburgh,1,2011-09-16,2012-03-01,807,509874,90,39
604,Каким образом старение исчезают,Felix Nilsen,юрист,1,TEDGlobal 2012,2012,Edinburgh,1,2012-02-02,2012-03-03,1329,2080790,198,18
1180,Зачем деньги стали другими,Noah Iversen,педагог,1,TEDGlobal 2011,2011,Edinburgh,1,2011-11-21,2012-03-03,956,2615804,694,38
1875,Каким образом дети меняют всё,Omar Meyer,программист,1,TEDMED 2012,2012,Washington,1,2012-02-20,2012-03-04,619,1857552,274,32
1758,Зачем привычки решают за нас,Zoe Novak,,3,TEDGlobal 2011,2011,Edinburgh,1,2011-11-12,2012-03-05,661,1217029,244,23
1269,Как энергия работают против нас,Liam Vargas,педагог,1,TED2012,2012,Long Beach,1,2012-01-08,2012-03-08,1404,11624048,1018,10
1542,"Отчего сон сложнее, чем выглядят",John Meyer,биолог,1,TED2012,2012,Long Beach,1,2012-02-16,2012-03-10,252,470044,44,46
707,Как нейросети возвращаются,Ines Lindqvist,антрополог,1,TED2011,2011,Long Beach,1,2011-09-09,2012-03-11,914,9308405,902,17
1862,"Почему суды сложнее, чем выглядят",Tom Moreau,музыкант,1,TEDGlobal 2011,2011,Edinburgh,1,2011-12-04,2012-03-12,441,872401,128,21
2274,Что выборы работают против нас,Samir Ferrari,художник,2,TED2012,2012,Long Beach,1,2012-02-25,2012-03-13,552,6736585,612,53
805,Что музыка не работают,Ines Fischer,журналист,1,TED2012,2012,Long Beach,1,2012-01-11,2012-03-15,345,4497596,683,36
2664,Как работа нуждаются в защите,Omar Nilsen,активист,1,TEDGlobal 2011,2011,Edinburgh,1,2011-12-14,2012-03-15,450,3165320,297,30
2096,"Что доверие опаснее, чем принято думать",John Kowalski,нейробиолог,1,TED2011,2011,Long Beach,1,2011-11-12,2012-03-16,457,2148795,377,33
1248,"Отчего привычки важнее, чем кажется",Daniel Meyer,нейробиолог,1,TEDGlobal 2012,2012,Edinburgh,1,2012-01-22,2012-03-17,393,1053458,118,43
1859,Что эмоции нуждаются в защите,Mira Haugen,нейробиолог,1,TEDGlobal 2011,2011,Edinburgh,1,2011-10-22,2012-03-17,1245,4659052,643,21
569,Почему память стали другими,Liam Almeida,юрист,1,TEDGlobal 2012,2012,Edinburgh,1,2012-01-05,2012-03-19,788,4399580,1330,46
1947,Каким образом климат недооценены,Yuki Nilsen,писатель,2,TEDMED 2012,2012,Washington,1,2012-01-19,2012-03-22,576,1678289,359,1
404,Зачем энергия говорят правду,Alex Iversen,дизайнер,1,TEDGlobal 2012,2012,Edinburgh,1,2012-01-10,2012-03-24,549,3991567,386,31
523,Как леса меняют всё,Peter Okafor,психолог,1,TED2011,2011,Long Beach,1,2011-11-26,2012-03-29,396,1491468,188,14
2641,Отчего энергия говорят правду,Ravi Okafor,музыкант,1,TEDGlobal 2012,2012,Edinburgh,1,2012-03-02,2012-03-29,1361,4437850,548,25
285,Как дети говорят правду,Ines Iversen,предприниматель,1,TED2011,2011,Long Beach,1,2011-10-01,2012-03-30,820,791650,79,19
1384,"Зачем привычки опаснее, чем принято думать",Maria Lindqvist,историк,1,TED2011,2011,Long Beach,1,2011-11-08,2012-03-30,960,1349095,186,9
2170,Отчего космос возвращаются,Lucia Berger,музыкант,1,TED2011,2011,Long Beach,1,2011-09-13,2012-03-31,746,406881,174,23
66,"Каким образом привычки опаснее, чем принято думать",Noah Silva,физик,1,TEDGlobal 2012,2012,Edinburgh,1,2012-01-28,2012-04-01,379,757506,74,5
253,Как старение возвращаются,Tom Vargas,врач,1,TEDMED 2012,2012,Washington,1,2012-02-02,2012-04-05,886,2025851,341,38
512,Почему бактерии молчат,Alex Iversen,дизайнер,1,TEDGlobal 2012,2012,Edinburgh,1,2012-01-28,2012-04-07,1231,589009,64,49
2671,Отчего эмоции недооценены,Felix Haugen,физик,1,TEDGlobal 2011,2011,Edinburgh,1,2011-10-23,2012-04-09,953,11160195,1036,44
2300,"Отчего музыка важнее, чем кажется",Omar Silva,биолог,1,TEDMED 2012,2012,Washington,1,2012-02-27,2012-04-13,851,2485891,286,44
2508,Как почва стоят дороже,Emma Nilsen,философ,1,TEDGlobal 2011,2011,Edinburgh,1,2011-11-23,2012-04-19,299,2939373,1253,23
2064,Зачем мы работают против нас,Peter Dubois,,1,TEDGlobal 2011,2011,Edinburgh,1,2011-11-02,2012-04-20,753,4280776,656,21
109,Что океан нуждаются в защите,Zoe Novak,антрополог,1,TED2012,2012,Long Beach,1,2012-03-06,2012-04-23,528,2289436,686,13
924,"Почему страх сложнее, чем выглядят",Carlos Meyer,активист,2,TEDMED 2012,2012,Washington,1,2012-01-06,2012-04-24,1158,544117,48,26
1452,"Как суды важнее, чем кажется",Hugo Kaplan,эколог,2,TEDGlobal 2012,2012,Edinburgh,1,2012-02-19,2012-04-25,845,2778398,446,44
2177,Почему мы нуждаются в защите,Kira Silva,программист,1,TEDGlobal 2012,2012,Edinburgh,1,2012-02-14,2012-04-27,1148,5204780,589,27
1439,Каким образом одиночество держат нас вместе,Emma Berger,программист,1,TED2012,2012,Long Beach,1,2012-02-06,2012-04-29,746,3324477,307,19
2637,Зачем почва молчат,Carlos Castillo,активист,2,TED2012,2012,Long Beach,1,2012-03-18,2012-04-29,427,1564085,190,54
1094,Зачем алгоритмы зависят от нас,Samir Kowalski,психолог,1,TEDGlobal 2012,2012,Edinburgh,1,2012-01-16,2012-05-01,1287,2335734,563,34
2339,Каким образом алгоритмы не работают,Iris Berger,нейробиолог,1,TEDGlobal 2011,2011,Edinburgh,1,2011-11-26,2012-05-03,705,1542276,188,44
2052,Отчего работа заслуживают внимания,Lucia Adeyemi,экономист,1,TED2011,2011,Long Beach,1,2011-11-05,2012-05-04,1030,757354,116,44
248,Что леса стали другими,Kira Vargas,художник,1,TEDMED 2012,2012,Washington,1,2012-03-04,2012-05-05,1455,1098999,182,23
781,Отчего работа обманывают нас,Zoe Vargas,режиссёр,1,TED2012,2012,Long Beach,1,2012-04-19,2012-05-05,1201,2138193,355,18
977,Зачем леса заслуживают внимания,Lucia Meyer,антрополог,1,TEDGlobal 2012,2012,Edinburgh,1,2012-04-19,2012-05-05,621,2166565,230,14
1827,Почему нейросети держат нас вместе,David Castillo,математик,3,TEDMED 2012,2012,Washington,1,2012-03-24,2012-05-07,1215,1678844,190,24
433,Каким образом память стали другими,John Okafor,историк,1,TEDGlobal 2011,2011,Edinburgh,1,2011-10-25,2012-05-09,1266,1519465,161,20
92,"Что выборы опаснее, чем принято думать",Felix Haugen,художник,1,TED2011,2011,Long Beach,1,2011-11-14,2012-05-10,771,16830915,4786,41
898,Что медицина требуют пересмотра,Lena Adeyemi,психолог,1,TED2011,2011,Long Beach,1,2011-11-16,2012-05-10,598,9791942,4313,30
1628,"Отчего реки сложнее, чем выглядят",Zoe Almeida,психолог,1,TED2011,2011,Long Beach,1,2011-11-17,2012-05-11,1103,571873,98,31
2370,Отчего мы недооценены,Felix Silva,журналист,1,TEDMED 2012,2012,Washington,1,2012-03-23,2012-05-11,371,2920878,265,42
2206,Как дети стоят дороже,Emma Fischer,психолог,1,TEDMED 2012,2012,Washington,1,2012-04-02,2012-05-15,1200,4855817,468,26
214,Каким образом сон говорят правду,Hugo Okafor,инженер,1,TEDGlobal 2012,2012,Edinburgh,1,2012-02-07,2012-05-18,810,2451055,244,50
2651,Отчего привычки определяют будущее,Jonas Hassan,физик,1,TEDGlobal 2011,2011,Edinburgh,1,2011-11-18,2012-05-19,705,11665220,3656,19
957,Почему вирусы меняют всё,Hugo Petrov,врач,1,TEDGlobal 2012,2012,Edinburgh,1,2012-03-16,2012-05-21,275,2045842,448,29
1318,Как медицина стоят дороже,John Ferrari,режиссёр,1,TED2012,2012,Long Beach,1,2012-03-16,2012-05-21,509,25688682,2796,42
1776,Зачем медицина молчат,Maria Novak,,1,TEDGlobal 2012,2012,Edinburgh,1,2012-03-07,2012-05-21,252,2788233,514,41
771,Отчего музыка недооценены,Ana Hassan,писатель,1,TEDGlobal 2012,2012,Edinburgh,1,2012-01-20,2012-05-24,284,4060846,353,44
1334,Что деньги не работают,Sara Petrov,педагог,1,TED2011,2011,Long Beach,1,2011-11-10,2012-05-24,730,4377258,366,24
2038,Каким образом данные молчат,Lucia Ferrari,биолог,1,TEDGlobal 2012,2012,Edinburgh,1,2012-02-11,2012-05-24,1286,3696256,326,9
252,"Почему реки опаснее, чем принято думать",David Okafor,предприниматель,1,TEDGlobal 2011,2011,Edinburgh,1,2011-12-21,2012-05-25,363,2106210,187,38
1714,Зачем реки говорят правду,Zoe Petrov,юрист,1,TEDGlobal 2012,2012,Edinburgh,1,2012-01-21,2012-05-25,509,1648960,237,42
1513,Как память заслуживают внимания,Jonas Meyer,физик,1,TEDGlobal 2012,2012,Edinburgh,1,2012-01-02,2012-05-26,924,1219997,267,20
861,Зачем климат говорят правду,Sara Almeida,юрист,1,TEDGlobal 2012,2012,Edinburgh,1,2012-02-09,2012-05-27,1142,647684,65,34
2440,Почему границы возвращаются,Aisha Nakamura,режиссёр,1,TED2011,2011,Long Beach,1,2011-11-13,2012-05-27,1323,5902446,931,50
343,Каким образом города нуждаются в защите,Elif Vargas,юрист,2,TEDMED 2012,2012,Washington,1,2012-04-10,2012-05-30,732,1129114,123,26
1547,Что бактерии возвращаются,David Novak,журналист,1,TEDMED 2012,2012,Washington,1,2012-03-26,2012-05-31,914,627827,79,38
1941,Каким образом суды говорят правду,Liam Hassan,писатель,1,TEDGlobal 2012,2012,Edinburgh,1,2012-01-10,2012-05-31,764,1916337,409,2
768,Отчего семьи держат нас вместе,Elif Novak,математик,1,TEDGlobal 2011,2011,Edinburgh,1,2011-12-22,2012-06-03,876,894449,181,38
2461,Каким образом медицина говорят правду,Maria Kaplan,предприниматель,1,TEDGlobal 2012,2012,Edinburgh,1,2012-03-07,2012-06-03,362,346409,40,42
1272,Зачем мозг обманывают нас,Lucia Petrov,активист,1,TEDMED 2012,2012,Washington,1,2012-01-12,2012-06-05,1108,13145329,1263,24
2633,Отчего суды требуют пересмотра,Felix Adeyemi,,2,TEDGlobal 2011,2011,Edinburgh,1,2011-12-17,2012-06-05,482,559552,48,30
204,"Отчего страх опаснее, чем принято думать",John Okafor,эколог,1,TED2012,2012,Long Beach,1,2012-01-16,2012-06-06,1142,5871361,1018,27
930,Почему школы определяют будущее,Samir Hassan,педагог,1,TEDGlobal 2011,2011,Edinburgh,1,2011-11-28,2012-06-08,1299,3474844,961,19
1087,"Каким образом суды опаснее, чем принято думать",Lena Silva,юрист,1,TED2012,2012,Long Beach,1,2012-05-12,2012-06-10,320,740277,95,27
138,Каким образом мозг определяют будущее,Sara Bauer,историк,1,TEDGlobal 2011,2011,Edinburgh,1,2011-11-24,2012-06-11,383,5114518,625,39
477,Отчего работа не работают,John Novak,дизайнер,1,TEDMED 2012,2012,Washington,1,2012-05-17,2012-06-12,559,10836186,954,6
2501,Отчего язык решают за нас,Mira Ferrari,философ,1,TEDGlobal 2012,2012,Edinburgh,1,2012-05-28,2012-06-12,435,657119,173,22
89,Отчего роботы заслуживают внимания,Peter Silva,педагог,1,TEDMED 2012,2012,Washington,1,2012-01-25,2012-06-13,898,6171022,556,1
760,"Почему алгоритмы опаснее, чем принято думать",Mira Almeida,экономист,1,TED2012,2012,Long Beach,1,2012-05-04,2012-06-14,338,1346823,332,29
1642,Как деньги недооценены,Omar Almeida,художник,1,TEDGlobal 2012,2012,Edinburgh,1,2012-04-17,2012-06-14,442,5138301,1113,23
63,"Отчего одиночество важнее, чем кажется",John Nakamura,нейробиолог,1,TEDGlobal 2012,2012,Edinburgh,1,2012-01-20,2012-06-17,777,2283760,318,23
828,Зачем врачи нуждаются в защите,Liam Berger,дизайнер,1,TED2011,2011,Long Beach,1,2011-12-25,2012-06-17,946,713421,89,31
191,Почему старение говорят правду,Zoe Haugen,биолог,1,TEDGlobal 2012,2012,Edinburgh,1,2012-03-07,2012-06-24,653,862342,126,29
892,Каким образом реки требуют пересмотра,Ana Berger,нейробиолог,1,TEDGlobal 2012,2012,Edinburgh,1,2012-05-14,2012-06-25,224,921375,168,25
2352,"Что память важнее, чем кажется",Ravi Dubois,журналист,1,TEDGlobal 2012,2012,Edinburgh,1,2012-06-06,2012-06-25,886,9041028,1781,20
526,Отчего реки меняют всё,Noah Lindqvist,антрополог,1,TEDMED 2012,2012,Washington,1,2012-03-28,2012-06-26,346,495353,205,35
1034,Как язык возвращаются,Kira Adeyemi,астроном,1,TED2012,2012,Long Beach,1,2012-03-01,2012-06-26,839,2847999,528,24
119,Почему климат не работают,Lucia Berger,астроном,1,TED2012,2012,Long Beach,1,2012-03-02,2012-06-28,789,1485964,274,43
926,Отчего архитектура решают за нас,Tom Berger,антрополог,2,TEDGlobal 2012,2012,Edinburgh,1,2012-05-21,2012-06-28,199,1914237,364,35
1185,Как климат молчат,Ana Novak,математик,1,TEDGlobal 2011,2011,Edinburgh,1,2011-12-26,2012-06-29,1060,6034450,573,20
2416,Зачем алгоритмы решают за нас,Tom Hassan,антрополог,1,TEDGlobal 2012,2012,Edinburgh,1,2012-01-24,2012-06-29,392,1265295,433,42
1737,Как леса говорят правду,Felix Vargas,астроном,1,TEDMED 2012,2012,Washington,1,2012-03-26,2012-06-30,757,7307790,2296,41
1298,"Отчего океан опаснее, чем принято думать",Ines Hassan,,1,TEDGlobal 2012,2012,Edinburgh,1,2012-01-02,2012-07-02,265,1060788,144,16
40,"Каким образом одиночество сложнее, чем выглядят",Alex Almeida,экономист,1,TEDMED 2012,2012,Washington,1,2012-05-05,2012-07-03,850,1137904,140,11
2016,Как привычки требуют пересмотра,Elif Ferrari,юрист,1,TED2012,2012,Long Beach,1,2012-02-06,2012-07-03,1326,2758873,436,8
2688,Отчего дети решают за нас,Kira Nilsen,писатель,1,TED2012,2012,Long Beach,1,2012-05-17,2012-07-03,411,1215240,229,10
440,"Каким образом эмоции сложнее, чем выглядят",Zoe Haugen,математик,1,TEDGlobal 2012,2012,Edinburgh,1,2012-02-05,2012-07-04,1010,5181422,1240,1
741,Почему время определяют будущее,Samir Almeida,математик,1,TEDGlobal 2012,2012,Edinburgh,1,2012-04-16,2012-07-04,707,3127624,434,34
1226,Отчего доверие решают за нас,Nora Bauer,архитектор,1,TEDGlobal 2012,2012,Edinburgh,1,2012-06-23,2012-07-04,233,743599,191,39
2167,Как привычки заслуживают внимания,Kira Novak,психолог,1,TED2012,2012,Long Beach,1,2012-06-12,2012-07-04,731,3071558,321,49
2463,Что нейросети зависят от нас,Jonas Iversen,музыкант,1,TEDMED 2012,2012,Washington,1,2012-03-19,2012-07-04,932,5672444,534,32
487,Зачем вирусы нуждаются в защите,Ines Berger,активист,1,TEDMED 2012,2012,Washington,1,2012-02-09,2012-07-06,1016,3293041,731,4
667,Почему страх определяют будущее,Felix Kowalski,физик,1,TEDMED 2012,2012,Washington,1,2012-05-08,2012-07-07,380,873643,114,21
947,Что гены не работают,Liam Adeyemi,,1,TEDGlobal 2012,2012,Edinburgh,1,2012-01-12,2012-07-07,279,489156,59,12
2062,Каким образом деньги меняют всё,David Nilsen,психолог,1,TEDGlobal 2011,2011,Edinburgh,1,2011-12-21,2012-07-07,418,8703618,1154,14
2390,Как врачи зависят от нас,Emma Haugen,архитектор,1,TEDMED 2012,2012,Washington,1,2012-05-12,2012-07-08,1275,17271438,1712,30
278,Отчего мозг возвращаются,John Nakamura,педагог,1,TEDGlobal 2012,2012,Edinburgh,1,2012-05-19,2012-07-10,1108,3507214,296,19
1785,Как время недооценены,Emma Iversen,,1,TEDGlobal 2012,2012,Edinburgh,1,2012-03-18,2012-07-10,365,4496707,380,28
2710,Отчего данные меняют всё,Ines Lindqvist,программист,1,TEDGlobal 2012,2012,Edinburgh,1,2012-06-06,2012-07-10,1113,1708706,152,29
904,Зачем эмоции устроены не так,Noah Petrov,дизайнер,1,TED2012,2012,Long Beach,1,2012-03-19,2012-07-11,280,4307180,677,31
2189,Каким образом климат нуждаются в защите,Omar Vargas,эколог,1,TED2012,2012,Long Beach,1,2012-01-13,2012-07-11,886,2609723,451,57
916,Почему почва возвращаются,Elif Vargas,эколог,1,TEDGlobal 2012,2012,Edinburgh,1,2012-04-08,2012-07-12,879,1033952,92,60
2369,Каким образом вода нуждаются в защите,Iris Bauer,,1,TED2012,2012,Long Beach,1,2012-06-17,2012-07-13,841,487018,121,22
1279,Отчего работа молчат,Liam Novak,режиссёр,1,TEDMED 2012,2012,Washington,1,2012-04-11,2012-07-17,422,7038907,1076,23
1809,"Зачем музыка сложнее, чем выглядят",Daniel Reyes,писатель,1,TEDMED 2012,2012,Washington,1,2012-06-09,2012-07-17,335,772492,78,36
1137,"Почему климат опаснее, чем принято думать",Jonas Hassan,психолог,1,TEDGlobal 2012,2012,Edinburgh,1,2012-03-13,2012-07-19,555,2584354,535,39
1666,Что привычки меняют всё,Emma Berger,математик,1,TEDMED 2012,2012,Washington,1,2012-01-14,2012-07-19,1279,1234552,233,15
1517,Отчего космос заслуживают внимания,Aisha Berger,психолог,1,TED2012,2012,Long Beach,1,2012-02-10,2012-07-20,491,2544185,418,26
1020,Отчего страх определяют будущее,Elif Iversen,философ,1,TEDMED 2012,2012,Washington,1,2012-02-18,2012-07-22,641,1159557,141,39
2023,"Как океан опаснее, чем принято думать",Liam Berger,музыкант,1,TED2012,2012,Long Beach,1,2012-01-10,2012-07-22,1332,1854086,507,32
268,Как доверие определяют будущее,Iris Kaplan,биолог,1,TEDMED 2012,2012,Washington,1,2012-01-06,2012-07-23,375,3979855,362,23
608,"Зачем границы важнее, чем кажется",Iris Nakamura,историк,1,TEDMED 2012,2012,Washington,1,2012-03-12,2012-07-23,329,376121,130,28
1626,Почему память исчезают,Maria Bauer,,1,TEDGlobal 2012,2012,Edinburgh,1,2012-05-03,2012-07-24,924,2521320,213,37
2512,"Зачем леса опаснее, чем принято думать",Noah Meyer,журналист,1,TEDGlobal 2012,2012,Edinburgh,1,2012-03-23,2012-07-28,756,1832528,335,29
275,Каким образом вода устроены не так,Nora Vargas,педагог,1,TEDMED 2012,2012,Washington,1,2012-01-12,2012-07-29,974,3827768,350,41
2494,Что эмоции не работают,John Castillo,экономист,1,TED2012,2012,Long Beach,1,2012-04-16,2012-07-29,766,2438637,286,22
2674,Отчего одиночество заслуживают внимания,Liam Silva,программист,1,TED2012,2012,Long Beach,1,2012-01-15,2012-07-30,1099,1099672,146,34
2573,"Как архитектура сложнее, чем выглядят",Yuki Kaplan,экономист,1,TEDMED 2012,2012,Washington,1,2012-01-23,2012-07-31,528,32076459,3222,40
912,Почему старение возвращаются,Ravi Nakamura,писатель,1,TEDGlobal 2012,2012,Edinburgh,1,2012-06-28,2012-08-01,1175,2638305,302,21
1073,Каким образом время обманывают нас,Nora Bauer,экономист,1,TEDMED 2012,2012,Washington,1,2012-01-22,2012-08-01,483,1359860,158,28
1507,Отчего бактерии работают против нас,John Fischer,физик,1,TEDGlobal 2012,2012,Edinburgh,1,2012-03-23,2012-08-01,1062,987061,123,54
221,Отчего границы зависят от нас,Zoe Almeida,,1,TEDGlobal 2012,2012,Edinburgh,1,2012-02-17,2012-08-02,1201,2656878,485,41
1678,"Почему язык опаснее, чем принято думать",Tom Bauer,педагог,1,TEDGlobal 2012,2012,Edinburgh,1,2012-04-02,2012-08-02,1023,3077000,521,8
2330,Почему реки зависят от нас,Lucia Novak,активист,1,TEDMED 2012,2012,Washington,1,2012-05-07,2012-08-02,258,1451132,133,20
2479,Что время молчат,Carlos Haugen,педагог,1,TED2012,2012,Long Beach,1,2012-02-16,2012-08-03,551,686711,63,1
445,Как космос исчезают,Iris Almeida,психолог,1,TEDMED 2012,2012,Washington,1,2012-06-16,2012-08-04,425,1732618,175,27
596,Зачем старение устроены не так,Hugo Ferrari,врач,1,TEDMED 2012,2012,Washington,1,2012-02-02,2012-08-04,798,1006940,123,19
1704,"Почему семьи сложнее, чем выглядят",Carlos Silva,историк,1,TED2012,2012,Long Beach,1,2012-04-10,2012-08-04,367,790023,82,48
993,Зачем космос устроены не так,Yuki Novak,дизайнер,1,TED2012,2012,Long Beach,1,2012-03-22,2012-08-05,682,4328821,786,1
2534,Почему бактерии заслуживают внимания,Daniel Nilsen,активист,1,TEDMED 2012,2012,Washington,1,2012-05-03,2012-08-06,523,1313824,162,24
873,Отчего мозг обманывают нас,Ravi Reyes,активист,1,TEDMED 2012,2012,Washington,1,2012-02-10,2012-08-07,951,3502897,522,51
2343,"Что нейросети сложнее, чем выглядят",Mira Reyes,режиссёр,1,TED2012,2012,Long Beach,1,2012-01-28,2012-08-10,746,447397,61,34
2719,"Как границы опаснее, чем принято думать",Emma Okafor,психолог,1,TED2012,2012,Long Beach,1,2012-02-19,2012-08-11,291,3376209,439,52
1503,Отчего роботы меняют всё,Noah Meyer,музыкант,1,TED2012,2012,Long Beach,1,2012-03-09,2012-08-15,330,928095,89,23
2466,Отчего язык возвращаются,Maria Hassan,журналист,3,TEDMED 2012,2012,Washington,1,2012-06-16,2012-08-15,974,2460049,280,22
535,Почему бактерии обманывают нас,Omar Novak,инженер,1,TEDGlobal 2012,2012,Edinburgh,1,2012-02-02,2012-08-16,713,3490503,397,20
2232,Почему климат меняют всё,Aisha Nakamura,программист,1,TED2012,2012,Long Beach,1,2012-04-05,2012-08-16,465,1015260,234,27
2358,Как страх недооценены,Lena Novak,философ,2,TEDMED 2012,2012,Washington,1,2012-03-04,2012-08-16,915,6290495,537,18
702,"Зачем время сложнее, чем выглядят",Jonas Iversen,нейробиолог,2,TEDMED 2012,2012,Washington,1,2012-04-20,2012-08-18,778,6595895,1337,26
1473,Каким образом эмоции решают за нас,Yuki Iversen,антрополог,1,TEDGlobal 2012,2012,Edinburgh,1,2012-07-21,2012-08-18,780,7333227,670,31
649,Каким образом энергия исчезают,Hugo Kaplan,предприниматель,1,TEDGlobal 2012,2012,Edinburgh,1,2012-06-02,2012-08-22,1194,1074400,244,36
2516,Каким образом вирусы недооценены,Yuki Nilsen,художник,1,TEDMED 2012,2012,Washington,1,2012-07-14,2012-08-23,716,586274,90,30
2144,Как выборы требуют пересмотра,Iris Meyer,режиссёр,1,TED2012,2012,Long Beach,1,2012-05-07,2012-08-24,1130,768279,123,23
605,Отчего космос стоят дороже,Omar Nakamura,психолог,1,TED2012,2012,Long Beach,1,2012-05-08,2012-08-28,636,337592,47,32
1646,Каким образом память меняют всё,David Ferrari,,1,TEDGlobal 2012,2012,Edinburgh,1,2012-05-07,2012-08-28,978,14088381,1724,31
2601,Почему климат решают за нас,Iris Silva,музыкант,1,TEDGlobal 2012,2012,Edinburgh,1,2012-02-28,2012-08-28,730,932283,107,18
725,Как вирусы возвращаются,David Moreau,юрист,1,TED2012,2012,Long Beach,1,2012-06-17,2012-08-29,751,2829201,351,42
597,Зачем энергия меняют всё,Jonas Ferrari,программист,1,TED2012,2012,Long Beach,1,2012-07-08,2012-08-30,899,609496,55,32
1404,Каким образом космос говорят правду,Peter Dubois,математик,1,TEDGlobal 2012,2012,Edinburgh,1,2012-08-03,2012-08-30,1299,348556,73,22
1491,Отчего роботы держат нас вместе,Jonas Bauer,психолог,1,TEDMED 2012,2012,Washington,1,2012-02-25,2012-08-30,405,12435366,2535,50
554,"Зачем музыка важнее, чем кажется",Alex Bauer,историк,1,TEDMED 2012,2012,Washington,1,2012-03-10,2012-08-31,802,2070944,197,37
920,Почему работа определяют будущее,Hugo Reyes,,2,TEDMED 2012,2012,Washington,1,2012-05-07,2012-09-03,171,4493487,1246,27
2643,Почему дети работают против нас,Emma Kowalski,эколог,1,TEDGlobal 2012,2012,Edinburgh,1,2012-03-27,2012-09-03,415,669403,163,25
1823,Почему архитектура недооценены,Mira Kaplan,юрист,2,TED2012,2012,Long Beach,1,2012-06-11,2012-09-04,927,3006166,430,16
1382,Зачем деньги возвращаются,Liam Ferrari,юрист,1,TEDGlobal 2012,2012,Edinburgh,1,2012-03-15,2012-09-06,1110,956035,104,33
1364,Зачем данные зависят от нас,Yuki Kaplan,журналист,1,TED2012,2012,Long Beach,1,2012-07-02,2012-09-17,707,1290650,471,30
1464,Что время говорят правду,Ravi Dubois,математик,1,TEDGlobal 2012,2012,Edinburgh,1,2012-03-23,2012-09-18,512,2034882,284,31
2681,Отчего школы заслуживают внимания,Mira Vargas,экономист,1,TED2012,2012,Long Beach,1,2012-07-10,2012-09-18,728,1891563,178,30
1188,Отчего мы говорят правду,Emma Moreau,экономист,1,TED2012,2012,Long Beach,1,2012-03-03,2012-09-19,976,12461025,1502,39
2111,Отчего деньги молчат,Jonas Fischer,биолог,1,TED2012,2012,Long Beach,1,2012-08-15,2012-09-19,902,3384474,490,4
591,Что бактерии стоят дороже,Hugo Berger,философ,1,TEDMED 2012,2012,Washington,1,2012-06-28,2012-09-24,612,11522153,1032,59
987,Каким образом старение требуют пересмотра,Jonas Kaplan,дизайнер,1,TED2012,2012,Long Beach,1,2012-06-14,2012-09-24,1417,937208,116,26
2078,Почему вода устроены не так,Kira Ferrari,программист,2,TED2012,2012,Long Beach,1,2012-05-28,2012-09-26,1206,6472019,1035,22
31,Зачем одиночество держат нас вместе,Kira Lindqvist,предприниматель,1,TED2012,2012,Long Beach,1,2012-04-16,2012-09-29,1098,2314476,371,19
2194,Зачем медицина меняют всё,Maria Ferrari,нейробиолог,1,TEDMED 2012,2012,Washington,1,2012-03-21,2012-09-29,642,4758568,458,46
84,"Что сон опаснее, чем принято думать",Emma Okafor,,1,TEDMED 2012,2012,Washington,1,2012-06-11,2012-09-30,1216,967932,149,10
83,Как память обманывают нас,Sara Haugen,режиссёр,1,TEDGlobal 2012,2012,Edinburgh,1,2012-08-05,2012-10-01,277,859289,72,41
2363,Отчего одиночество говорят правду,Mira Ferrari,антрополог,1,TEDMED 2012,2012,Washington,1,2012-07-23,2012-10-01,507,848129,136,24
82,Что привычки решают за нас,Liam Hassan,биолог,1,TED2012,2012,Long Beach,1,2012-08-14,2012-10-02,183,8575168,1944,18
480,Зачем память молчат,Alex Petrov,антрополог,1,TEDMED 2012,2012,Washington,1,2012-07-13,2012-10-03,1114,5632792,1452,23
413,Как школы нуждаются в защите,Jonas Haugen,педагог,1,TEDMED 2012,2012,Washington,1,2012-09-24,2012-10-04,1170,5938848,748,25
2140,Зачем суды обманывают нас,John Nakamura,активист,1,TEDMED 2012,2012,Washington,1,2012-08-26,2012-10-07,551,6868725,584,41
616,Каким образом леса не работают,Iris Kowalski,дизайнер,1,TEDMED 2012,2012,Washington,1,2012-08-21,2012-10-09,318,4866629,932,41
1397,Каким образом деньги говорят правду,Lena Bauer,врач,1,TEDMED 2012,2012,Washington,1,2012-06-19,2012-10-09,317,2301954,195,37
2133,Как мы нуждаются в защите,Lucia Bauer,биолог,1,TEDMED 2012,2012,Washington,1,2012-06-01,2012-10-10,276,602716,65,22
1537,Что вода обманывают нас,Omar Kaplan,,1,TEDGlobal 2012,2012,Edinburgh,1,2012-09-06,2012-10-12,1245,631028,108,14
2115,Каким образом время стали другими,Sara Moreau,историк,3,TEDGlobal 2012,2012,Edinburgh,1,2012-08-19,2012-10-12,776,12575460,1816,44
262,Что страх недооценены,Emma Almeida,нейробиолог,1,TEDGlobal 2012,2012,Edinburgh,1,2012-05-25,2012-10-13,588,6510721,714,32
1810,Отчего реки стали другими,Iris Lindqvist,математик,1,TED2012,2012,Long Beach,1,2012-06-14,2012-10-13,622,979511,98,22
1124,Каким образом роботы нуждаются в защите,Emma Dubois,историк,1,TED2012,2012,Long Beach,1,2012-07-17,2012-10-14,487,21898111,8259,38
1994,Как одиночество обманывают нас,Ana Adeyemi,архитектор,1,TED2012,2012,Long Beach,1,2012-07-25,2012-10-15,956,5505163,929,24
2042,Отчего гены говорят правду,Kira Silva,нейробиолог,1,TEDGlobal 2012,2012,Edinburgh,1,2012-09-03,2012-10-15,309,1953474,397,27
2640,Почему время говорят правду,Omar Moreau,историк,1,TEDMED 2012,2012,Washington,1,2012-05-25,2012-10-17,454,1503619,152,19
368,Зачем одиночество нуждаются в защите,John Berger,математик,1,TEDGlobal 2012,2012,Edinburgh,1,2012-07-09,2012-10-18,653,5484556,1542,18
1470,Зачем страх нуждаются в защите,Sara Moreau,,1,TEDGlobal 2012,2012,Edinburgh,1,2012-08-28,2012-10-19,908,1284931,135,33
2077,Отчего эмоции решают за нас,Iris Hassan,программист,1,TEDGlobal 2012,2012,Edinburgh,1,2012-08-15,2012-10-28,873,2630170,402,35
922,Что климат молчат,Peter Kowalski,журналист,1,TEDGlobal 2012,2012,Edinburgh,1,2012-08-03,2012-10-29,896,5924554,1608,8
422,Как страх говорят правду,Kira Reyes,инженер,1,TED2012,2012,Long Beach,1,2012-10-09,2012-11-01,291,1864370,198,30
230,Как эмоции заслуживают внимания,Jonas Novak,дизайнер,1,TEDGlobal 2012,2012,Edinburgh,1,2012-05-25,2012-11-06,633,1806676,183,13
1385,"Почему мозг сложнее, чем выглядят",Zoe Iversen,антрополог,1,TED2012,2012,Long Beach,1,2012-10-02,2012-11-06,1363,1659456,268,13
960,Отчего медицина требуют пересмотра,David Almeida,художник,1,TED2012,2012,Long Beach,1,2012-06-24,2012-11-08,1310,2774280,246,24
1665,"Почему климат важнее, чем кажется",Noah Novak,психолог,1,TEDMED 2012,2012,Washington,1,2012-08-18,2012-11-09,299,827419,69,13
398,"Каким образом города опаснее, чем принято думать",Jonas Lindqvist,режиссёр,1,TED2012,2012,Long Beach,1,2012-08-07,2012-11-11,422,2278095,547,19
2568,Каким образом музыка определяют будущее,Noah Silva,антрополог,1,TEDMED 2012,2012,Washington,1,2012-08-03,2012-11-11,1358,2209263,231,27
2226,Что вода молчат,Lucia Haugen,астроном,1,TED2012,2012,Long Beach,1,2012-10-28,2012-11-13,910,13148378,1149,38
71,Что работа нуждаются в защите,Nora Hassan,историк,1,TEDMED 2012,2012,Washington,1,2012-10-03,2012-11-17,481,5877447,2093,41
1421,Каким образом вода держат нас вместе,Carlos Ferrari,предприниматель,1,TEDMED 2012,2012,Washington,1,2012-05-09,2012-11-17,414,995750,327,22
2050,Зачем привычки молчат,Maria Petrov,экономист,1,TEDGlobal 2012,2012,Edinburgh,1,2012-06-15,2012-11-17,335,7755691,1903,13
2048,"Как мы важнее, чем кажется",Ravi Adeyemi,эколог,1,TED2012,2012,Long Beach,1,2012-07-21,2012-11-18,408,1108282,93,46
2149,Что привычки стали другими,Tom Nilsen,психолог,1,TEDMED 2012,2012,Washington,1,2012-06-15,2012-11-18,958,2300572,419,29
1207,Каким образом архитектура обманывают нас,Yuki Petrov,экономист,1,TEDGlobal 2012,2012,Edinburgh,1,2012-08-15,2012-11-21,167,725178,72,27
1249,Что бактерии стали другими,Aisha Silva,предприниматель,1,TEDGlobal 2012,2012,Edinburgh,1,2012-09-16,2012-11-21,311,1393457,130,35
1890,Что реки заслуживают внимания,David Haugen,экономист,2,TEDGlobal 2012,2012,Edinburgh,1,2012-09-18,2012-11-21,855,1765774,208,16
518,Отчего мозг меняют всё,Mira Haugen,врач,1,TED2012,2012,Long Beach,1,2012-11-12,2012-11-25,828,7028543,718,46
1893,Почему работа работают против нас,Daniel Bauer,историк,1,TED2012,2012,Long Beach,1,2012-10-17,2012-11-25,417,6764930,638,12
2436,Почему роботы устроены не так,John Novak,писатель,1,TEDMED 2012,2012,Washington,1,2012-11-03,2012-11-25,1099,1270105,429,34
347,Почему медицина работают против нас,Nora Novak,педагог,1,TEDMED 2012,2012,Washington,1,2012-10-01,2012-11-27,345,2302029,585,61
635,Что алгоритмы говорят правду,Noah Bauer,врач,1,TED2012,2012,Long Beach,1,2012-07-18,2012-11-27,515,3859484,351,39
1041,Что доверие меняют всё,Lucia Ferrari,инженер,1,TEDMED 2012,2012,Washington,1,2012-05-15,2012-11-27,911,9048175,770,23
1065,Что страх работают против нас,Ana Berger,нейробиолог,1,TED2012,2012,Long Beach,1,2012-07-19,2012-11-28,387,2595996,260,53
555,Что сон устроены не так,Tom Reyes,врач,1,TEDGlobal 2012,2012,Edinburgh,1,2012-06-14,2012-11-29,296,11053852,1303,15
1291,"Зачем космос опаснее, чем принято думать",Iris Kowalski,эколог,1,TEDMED 2012,2012,Washington,1,2012-06-21,2012-12-01,1100,24594863,3117,32
1519,Как алгоритмы говорят правду,Felix Iversen,писатель,1,TED2012,2012,Long Beach,1,2012-07-19,2012-12-01,667,2790394,747,42
2201,Почему время требуют пересмотра,Alex Novak,физик,1,TEDGlobal 2012,2012,Edinburgh,1,2012-07-26,2012-12-02,526,1208789,194,44
1057,Что вирусы определяют будущее,Iris Dubois,педагог,1,TED2012,2012,Long Beach,1,2012-10-07,2012-12-04,655,345911,30,40
548,"Каким образом музыка сложнее, чем выглядят",Kira Nakamura,врач,1,TEDGlobal 2012,2012,Edinburgh,1,2012-11-26,2012-12-07,837,4326738,503,11
579,Что мозг исчезают,Emma Ferrari,предприниматель,1,TEDMED 2012,2012,Washington,1,2012-09-05,2012-12-07,936,217360,79,34
1935,Каким образом данные заслуживают внимания,Lucia Petrov,нейробиолог,1,TED2012,2012,Long Beach,1,2012-10-14,2012-12-07,898,622863,74,46
1644,Почему доверие исчезают,Yuki Meyer,историк,1,TED2012,2012,Long Beach,1,2012-08-03,2012-12-08,669,1431111,177,50
2239,Каким образом школы держат нас вместе,Omar Adeyemi,архитектор,1,TEDGlobal 2012,2012,Edinburgh,1,2012-06-25,2012-12-08,770,1426477,125,26
1294,Отчего доверие стоят дороже,Liam Petrov,предприниматель,1,TEDMED 2012,2012,Washington,1,2012-08-28,2012-12-11,1039,814096,70,30
757,"Что выборы важнее, чем кажется",Yuki Fischer,юрист,1,TEDGlobal 2012,2012,Edinburgh,1,2012-09-12,2012-12-12,265,1382152,398,31
2396,"Отчего леса важнее, чем кажется",Omar Kowalski,экономист,1,TED2012,2012,Long Beach,1,2012-08-08,2012-12-20,666,1076888,93,16
542,Что время работают против нас,Noah Nakamura,психолог,1,TEDMED 2012,2012,Washington,1,2012-09-26,2012-12-21,424,504550,103,18
246,Почему климат заслуживают внимания,Ravi Kaplan,архитектор,1,TEDMED 2012,2012,Washington,1,2012-11-08,2012-12-26,430,374889,42,12
354,Отчего суды решают за нас,Daniel Berger,предприниматель,1,TEDGlobal 2012,2012,Edinburgh,1,2012-12-05,2012-12-29,1284,1794815,385,26
2249,Отчего бактерии возвращаются,Carlos Almeida,режиссёр,2,TEDGlobal 2012,2012,Edinburgh,1,2012-11-14,2012-12-31,296,2689854,1058,20
374,Почему музыка устроены не так,David Dubois,педагог,1,TEDMED 2012,2012,Washington,1,2012-10-07,2013-01-01,981,275584,35,48
2389,Почему деньги нуждаются в защите,Emma Silva,нейробиолог,1,TED2012,2012,Long Beach,1,2012-11-23,2013-01-01,667,312022,28,21
1551,Отчего дети зависят от нас,Kira Iversen,,1,TEDMED 2012,2012,Washington,1,2012-08-08,2013-01-02,606,4372690,614,13
388,Зачем границы меняют всё,Iris Meyer,историк,1,TED2012,2012,Long Beach,1,2012-09-18,2013-01-03,502,1225201,176,37
808,Что вирусы держат нас вместе,Ines Dubois,экономист,1,TEDMED 2012,2012,Washington,1,2012-09-21,2013-01-05,710,8382914,873,45
1607,Каким образом доверие зависят от нас,Tom Dubois,нейробиолог,1,TEDMED 2012,2012,Washington,1,2012-06-21,2013-01-05,476,657941,185,33
752,Каким образом работа возвращаются,Hugo Castillo,,1,TED2012,2012,Long Beach,1,2012-07-08,2013-01-07,675,29813827,2970,12
355,Почему семьи заслуживают внимания,Samir Castillo,,1,TED2012,2012,Long Beach,1,2012-08-15,2013-01-08,598,1602759,201,35
599,Почему данные не работают,David Okafor,биолог,1,TEDGlobal 2012,2012,Edinburgh,1,2012-08-23,2013-01-10,385,4865688,749,24
1295,Зачем роботы стали другими,Elif Dubois,историк,1,TEDGlobal 2012,2012,Edinburgh,1,2012-12-12,2013-01-10,574,1799197,166,33
1337,Как вирусы заслуживают внимания,Zoe Haugen,врач,2,TED2012,2012,Long Beach,1,2012-10-06,2013-01-11,1208,797593,91,45
1634,Отчего вирусы устроены не так,Nora Nilsen,врач,1,TEDGlobal 2012,2012,Edinburgh,1,2012-07-26,2013-01-12,262,789701,95,37
2126,Что климат обманывают нас,Noah Novak,историк,3,TEDMED 2012,2012,Washington,1,2012-10-11,2013-01-15,296,6090414,1197,34
1408,"Как мозг важнее, чем кажется",Carlos Adeyemi,,1,TED2012,2012,Long Beach,1,2012-11-25,2013-01-19,842,11457402,1920,19
120,Как работа стали другими,Aisha Kowalski,математик,1,TEDMED 2012,2012,Washington,1,2012-12-03,2013-01-21,755,1198133,512,16
1167,Что границы стоят дороже,Ines Moreau,математик,1,TEDMED 2012,2012,Washington,1,2012-11-11,2013-01-21,1166,3955617,371,15
1284,Почему данные устроены не так,Emma Meyer,,1,TEDMED 2012,2012,Washington,1,2012-07-06,2013-01-22,1074,509173,96,12
2162,Как врачи обманывают нас,Kira Fischer,художник,1,TEDMED 2012,2012,Washington,1,2012-07-22,2013-01-22,448,6393208,815,24
475,Почему мы стали другими,Yuki Haugen,,1,TED2012,2012,Long Beach,1,2012-11-02,2013-01-23,846,2176658,224,16
721,Как эмоции нуждаются в защите,Yuki Reyes,математик,1,TEDMED 2012,2012,Washington,1,2012-08-09,2013-01-23,1262,16330763,5363,41
1267,Зачем космос исчезают,Omar Vargas,историк,1,TED2012,2012,Long Beach,1,2012-11-01,2013-01-24,575,1048073,146,24
2378,Почему мы стоят дороже,Ana Ferrari,музыкант,1,TED2012,2012,Long Beach,1,2012-10-14,2013-01-29,1065,1714460,144,34
1324,Как выборы стали другими,Sara Haugen,антрополог,1,TED2013,2013,Long Beach,1,2013-01-20,2013-01-30,1079,2801060,1012,37
1940,Отчего космос молчат,Lena Okafor,философ,1,TEDGlobal 2012,2012,Edinburgh,1,2012-07-22,2013-02-03,572,1216009,221,11
2168,Зачем семьи требуют пересмотра,Ana Iversen,антрополог,2,TEDMED 2012,2012,Washington,1,2012-07-20,2013-02-03,293,1129760,327,20
107,Каким образом старение меняют всё,Iris Kaplan,врач,1,TED2012,2012,Long Beach,1,2012-11-21,2013-02-04,323,3034015,526,32
2668,Каким образом выборы говорят правду,Tom Lindqvist,физик,1,TEDGlobal 2012,2012,Edinburgh,1,2012-09-21,2013-02-04,403,2206642,456,16
969,Отчего работа держат нас вместе,Kira Bauer,архитектор,1,TEDMED 2012,2012,Washington,1,2012-08-25,2013-02-06,1243,2087982,245,18
409,Отчего язык стоят дороже,John Fischer,философ,1,TEDGlobal 2012,2012,Edinburgh,1,2012-12-02,2013-02-09,951,4556292,1044,17
1540,Отчего сон нуждаются в защите,Daniel Iversen,инженер,1,TED2013,2013,Long Beach,1,2013-01-26,2013-02-09,475,6009366,1162,41
2069,Отчего семьи недооценены,Zoe Bauer,архитектор,1,TEDMED 2012,2012,Washington,1,2012-08-20,2013-02-09,1469,3710545,1071,30
716,Зачем одиночество стоят дороже,Tom Fischer,философ,1,TEDGlobal 2013,2013,Rio de Janeiro,1,2013-01-18,2013-02-10,364,2446319,418,25
2475,Отчего семьи не работают,David Petrov,инженер,1,TED2012,2012,Long Beach,1,2012-12-02,2013-02-12,380,416500,188,29
991,Отчего школы определяют будущее,Ravi Dubois,архитектор,1,TEDMED 2012,2012,Washington,1,2012-08-06,2013-02-14,414,206491,37,20
254,"Зачем дети опаснее, чем принято думать",Ines Bauer,историк,1,TEDGlobal 2012,2012,Edinburgh,1,2012-10-06,2013-02-17,654,3895370,463,41
1305,Зачем привычки обманывают нас,Yuki Meyer,психолог,1,TED2012,2012,Long Beach,1,2012-10-25,2013-02-17,380,754003,128,49
2362,Отчего архитектура молчат,Kira Silva,историк,1,TEDGlobal 2012,2012,Edinburgh,1,2012-09-22,2013-02-17,1145,1821550,250,25
662,"Каким образом деньги важнее, чем кажется",Iris Castillo,врач,2,TED2012,2012,Long Beach,1,2012-12-19,2013-02-19,531,7215035,875,13
1033,Как роботы решают за нас,Noah Berger,журналист,1,TED2012,2012,Long Beach,1,2012-12-20,2013-02-19,642,508516,43,1
577,Что старение молчат,Mira Petrov,антрополог,1,TED2012,2012,Long Beach,1,2012-10-20,2013-02-21,1141,2720822,331,42
668,Что границы заслуживают внимания,Ravi Nakamura,художник,1,TED2013,2013,Long Beach,1,2013-01-12,2013-02-22,1249,6962223,838,12
145,"Отчего вирусы важнее, чем кажется",Daniel Petrov,предприниматель,1,TEDGlobal 2012,2012,Edinburgh,1,2012-12-13,2013-02-23,386,3635674,407,17
182,Отчего память говорят правду,Emma Haugen,дизайнер,1,TEDMED 2012,2012,Washington,1,2012-12-23,2013-02-23,680,3440111,321,26
1637,Что данные определяют будущее,Ravi Bauer,нейробиолог,1,TEDMED 2012,2012,Washington,1,2012-08-24,2013-02-23,775,621500,71,31
1867,"Как данные важнее, чем кажется",Elif Silva,дизайнер,1,TED2012,2012,Long Beach,1,2012-12-20,2013-02-23,356,6096777,910,12
2513,Отчего данные стоят дороже,Alex Fischer,историк,1,TED2013,2013,Long Beach,1,2013-02-10,2013-03-01,427,4862687,549,26
541,"Почему мы опаснее, чем принято думать",Ravi Kowalski,,1,TED2013,2013,Long Beach,1,2013-02-07,2013-03-04,881,262511,24,1
921,Что музыка обманывают нас,Emma Almeida,философ,1,TEDMED 2012,2012,Washington,1,2012-10-23,2013-03-04,684,626049,105,15
2250,Как вода говорят правду,Maria Vargas,математик,2,TEDGlobal 2013,2013,Rio de Janeiro,1,2013-01-08,2013-03-04,522,745852,158,33
1883,Отчего гены работают против нас,Alex Haugen,,1,TED2012,2012,Long Beach,1,2012-12-11,2013-03-06,826,826573,76,35
849,Зачем леса держат нас вместе,Aisha Fischer,математик,1,TEDGlobal 2013,2013,Rio de Janeiro,1,2013-02-24,2013-03-11,1007,2671655,679,51
2673,Отчего старение держат нас вместе,Hugo Berger,биолог,1,TED2013,2013,Long Beach,1,2013-02-05,2013-03-11,1060,638392,134,28
340,Почему привычки держат нас вместе,Nora Nakamura,программист,1,TEDMED 2012,2012,Washington,1,2012-10-28,2013-03-13,781,2808065,245,41
833,"Что семьи сложнее, чем выглядят",Aisha Almeida,психолог,1,TEDGlobal 2012,2012,Edinburgh,1,2012-09-21,2013-03-13,758,410719,72,54
1475,"Зачем алгоритмы сложнее, чем выглядят",Sara Nakamura,физик,1,TEDMED 2012,2012,Washington,1,2012-10-05,2013-03-13,669,4246396,374,56
1831,Что старение определяют будущее,Ines Dubois,дизайнер,1,TED2012,2012,Long Beach,1,2012-10-24,2013-03-17,665,774825,82,39
185,Зачем почва заслуживают внимания,Mira Castillo,архитектор,1,TED2012,2012,Long Beach,1,2012-11-17,2013-03-19,568,1412665,428,31
1629,"Зачем вода опаснее, чем принято думать",Alex Novak,программист,1,TEDWomen 2013,2013,San Francisco,1,2013-02-07,2013-03-19,828,8610914,2346,34
2684,"Что алгоритмы сложнее, чем выглядят",Alex Kowalski,режиссёр,1,TEDMED 2012,2012,Washington,1,2012-11-21,2013-03-19,345,1189988,276,30
2388,Что бактерии определяют будущее,John Reyes,психолог,1,TED Global 2013,2013,Rio de Janeiro,1,2013-02-04,2013-03-20,809,2265632,947,19
880,Почему дети говорят правду,Ana Kowalski,биолог,1,TEDMED 2012,2012,Washington,1,2012-10-28,2013-03-21,849,35659137,6017,54
1975,Отчего гены молчат,Hugo Reyes,антрополог,1,TEDGlobal 2012,2012,Edinburgh,1,2012-11-23,2013-03-21,643,1629269,459,24
2485,Что океан недооценены,Liam Adeyemi,,1,TED2013,2013,Long Beach,1,2013-01-06,2013-03-23,256,750927,71,52
407,Что доверие недооценены,Lena Bauer,режиссёр,1,TED2012,2012,Long Beach,1,2012-11-10,2013-03-24,926,1286445,562,48
288,Что архитектура устроены не так,Samir Ferrari,инженер,1,TED2012,2012,Long Beach,1,2012-10-04,2013-03-25,968,5865266,1402,37
2176,Отчего энергия не работают,Ravi Castillo,архитектор,1,TED2012,2012,Long Beach,1,2012-12-08,2013-03-25,709,2919574,258,30
954,Каким образом бактерии исчезают,Samir Almeida,журналист,1,TEDMED 2012,2012,Washington,1,2012-12-16,2013-03-26,1482,2836710,1111,19
1595,"Как алгоритмы сложнее, чем выглядят",Peter Nilsen,антрополог,1,TEDGlobal 2012,2012,Edinburgh,1,2012-11-23,2013-03-27,346,939475,167,22
2336,"Как музыка сложнее, чем выглядят",Maria Iversen,экономист,1,TEDMED 2012,2012,Washington,1,2012-10-26,2013-03-29,1262,20104450,2388,36
728,Почему одиночество заслуживают внимания,Felix Petrov,математик,1,TED Global 2013,2013,Rio de Janeiro,1,2013-01-10,2013-04-01,385,11505291,1123,43
431,Почему города стали другими,Carlos Okafor,юрист,1,TEDMED 2012,2012,Washington,1,2012-12-05,2013-04-03,1328,4593020,754,25
982,Зачем время работают против нас,Noah Nakamura,физик,3,TED2012,2012,Long Beach,1,2012-09-20,2013-04-04,962,1111115,174,10
1962,"Отчего медицина опаснее, чем принято думать",Daniel Hassan,музыкант,1,TED2012,2012,Long Beach,1,2012-11-21,2013-04-10,187,2537882,335,40
739,"Что реки сложнее, чем выглядят",Nora Ferrari,писатель,1,TED2013,2013,Long Beach,1,2013-02-26,2013-04-12,746,1799923,211,22
1136,Что данные обманывают нас,Peter Fischer,экономист,1,TEDWomen 2013,2013,San Francisco,1,2013-01-12,2013-04-12,621,10231379,3744,36
1344,Зачем климат нуждаются в защите,Omar Berger,математик,1,TEDWomen 2013,2013,San Francisco,1,2013-01-25,2013-04-13,936,513809,65,18
317,Что время меняют всё,Zoe Almeida,экономист,1,TEDGlobal 2012,2012,Edinburgh,1,2012-11-23,2013-04-16,1052,13752488,1344,19
1639,Каким образом данные возвращаются,Hugo Berger,педагог,1,TEDGlobal 2012,2012,Edinburgh,1,2012-11-05,2013-04-16,628,3632302,742,14
699,"Как нейросети опаснее, чем принято думать",Elif Berger,математик,1,TEDWomen 2013,2013,San Francisco,1,2013-02-17,2013-04-17,736,3783132,462,37
2184,Почему музыка держат нас вместе,Ines Berger,психолог,1,TED2012,2012,Long Beach,1,2012-10-21,2013-04-17,715,7009267,782,23
2276,Каким образом мы работают против нас,John Lindqvist,историк,3,TEDWomen 2013,2013,San Francisco,1,2013-02-12,2013-04-17,527,504947,101,51
133,Почему врачи стоят дороже,Aisha Novak,художник,2,TEDMED 2012,2012,Washington,1,2012-11-28,2013-04-19,1019,10256822,1230,48
1484,Зачем вода молчат,Sara Bauer,философ,1,TEDGlobal 2012,2012,Edinburgh,1,2012-11-25,2013-04-19,493,1627931,455,49
2234,Что школы зависят от нас,Elif Kowalski,,2,TEDMED 2012,2012,Washington,1,2012-12-06,2013-04-19,557,833453,91,26
1707,"Каким образом семьи важнее, чем кажется",Tom Bauer,предприниматель,1,TED2012,2012,Long Beach,1,2012-11-25,2013-04-20,1071,2497979,892,25
297,"Отчего время сложнее, чем выглядят",Elif Meyer,нейробиолог,1,TED2012,2012,Long Beach,1,2012-12-10,2013-04-21,1316,2618313,357,32
359,"Зачем время важнее, чем кажется",Zoe Silva,астроном,1,TEDWomen 2013,2013,San Francisco,1,2013-02-01,2013-04-23,347,732315,121,24
329,Почему врачи требуют пересмотра,Peter Nakamura,писатель,1,TEDGlobal 2012,2012,Edinburgh,1,2012-12-11,2013-04-24,854,331824,32,53
1752,Как алгоритмы держат нас вместе,Aisha Kowalski,экономист,1,TEDGlobal 2012,2012,Edinburgh,1,2012-11-14,2013-04-25,693,660111,60,22
2235,Отчего роботы решают за нас,Hugo Bauer,журналист,1,TED Global 2013,2013,Rio de Janeiro,1,2013-03-28,2013-04-26,892,1627473,260,36
269,Зачем границы нуждаются в защите,John Nilsen,программист,2,TEDMED 2012,2012,Washington,1,2012-12-10,2013-04-27,834,773651,80,41
1341,Как города стали другими,Jonas Okafor,экономист,1,TED Global 2013,2013,Rio de Janeiro,1,2013-01-09,2013-04-27,870,934502,131,23
392,Каким образом нейросети не работают,Noah Silva,антрополог,1,TEDWomen 2013,2013,San Francisco,1,2013-03-10,2013-04-28,1125,3370074,814,21
1081,Зачем выборы не работают,Daniel Kowalski,педагог,1,TED2013,2013,Long Beach,1,2013-03-02,2013-04-30,1007,5648474,581,20
1108,Почему мозг требуют пересмотра,Lucia Kowalski,дизайнер,1,TEDMED 2012,2012,Washington,1,2012-11-03,2013-04-30,584,1728809,207,39
1485,Как мозг решают за нас,Tom Bauer,,2,TEDWomen 2013,2013,San Francisco,1,2013-02-25,2013-04-30,414,2870610,417,25
1938,Зачем эмоции заслуживают внимания,Peter Nilsen,педагог,1,TED2013,2013,Long Beach,1,2013-01-27,2013-05-01,294,1188485,166,15
2034,Почему мозг работают против нас,Ines Petrov,физик,1,TED2013,2013,Long Beach,1,2013-03-11,2013-05-02,199,799223,116,38
1534,Отчего музыка стоят дороже,Omar Silva,юрист,1,TEDWomen 2013,2013,San Francisco,1,2013-04-02,2013-05-03,935,942049,202,51
717,Почему сон держат нас вместе,Elif Novak,историк,1,TEDWomen 2013,2013,San Francisco,1,2013-04-18,2013-05-04,392,2738970,1200,35
2511,Зачем вирусы обманывают нас,Lucia Haugen,физик,1,TEDGlobal 2013,2013,Rio de Janeiro,1,2013-04-05,2013-05-05,596,2295605,388,34
2421,Что работа определяют будущее,Kira Meyer,предприниматель,1,TEDMED 2012,2012,Washington,1,2012-10-23,2013-05-06,321,18374306,1940,23
2730,Зачем роботы работают против нас,Ravi Kowalski,писатель,1,TEDGlobal 2013,2013,Rio de Janeiro,1,2013-02-05,2013-05-07,918,3169609,377,36
2112,Что работа держат нас вместе,Mira Hassan,,1,TED2012,2012,Long Beach,1,2012-12-06,2013-05-08,1150,966092,106,34
817,Как сон держат нас вместе,Sara Nilsen,архитектор,1,TEDMED 2012,2012,Washington,1,2012-11-16,2013-05-09,683,601283,160,33
956,Почему эмоции определяют будущее,Alex Lindqvist,педагог,1,TEDWomen 2013,2013,San Francisco,1,2013-02-11,2013-05-09,659,6428336,1031,49
1393,Зачем границы возвращаются,Iris Kowalski,,1,TEDGlobal 2013,2013,Rio de Janeiro,1,2013-02-03,2013-05-10,1259,1955090,196,42
2284,Зачем сон заслуживают внимания,Maria Nilsen,предприниматель,1,TED2013,2013,Long Beach,1,2013-03-13,2013-05-10,1181,1946165,278,35
1432,"Каким образом почва опаснее, чем принято думать",Daniel Nilsen,художник,1,TED Global 2013,2013,Rio de Janeiro,1,2013-02-10,2013-05-11,580,2247783,918,26
578,Каким образом архитектура не работают,Lena Fischer,журналист,1,TEDGlobal 2013,2013,Rio de Janeiro,1,2013-03-25,2013-05-13,382,4983041,496,41
2083,"Каким образом страх опаснее, чем принято думать",Zoe Dubois,дизайнер,1,TED Global 2013,2013,Rio de Janeiro,1,2013-03-10,2013-05-15,309,1088299,150,51
2661,Каким образом вирусы не работают,Emma Kaplan,режиссёр,1,TEDGlobal 2012,2012,Edinburgh,1,2012-12-12,2013-05-17,673,1584894,437,27
49,Что роботы меняют всё,Ana Novak,астроном,1,TED2013,2013,Long Beach,1,2013-03-11,2013-05-18,716,810531,77,23
123,Что роботы молчат,Elif Adeyemi,архитектор,1,TED2013,2013,Long Beach,1,2013-01-16,2013-05-18,776,1464652,142,22
1239,Каким образом суды нуждаются в защите,Alex Kowalski,эколог,1,TEDGlobal 2013,2013,Rio de Janeiro,1,2013-01-03,2013-05-19,458,3547377,1255,29
2148,Каким образом космос зависят от нас,Liam Hassan,физик,1,TEDMED 2012,2012,Washington,1,2012-11-10,2013-05-21,855,11428902,1932,20
2606,Каким образом роботы держат нас вместе,Peter Lindqvist,музыкант,1,TEDWomen 2013,2013,San Francisco,1,2013-04-26,2013-05-22,554,1322738,134,15
2706,Каким образом язык обманывают нас,Omar Meyer,философ,1,TED2013,2013,Long Beach,1,2013-05-05,2013-05-25,284,1703190,348,5
117,Что мозг заслуживают внимания,Mira Vargas,программист,1,TEDWomen 2013,2013,San Francisco,1,2013-03-02,2013-05-28,0,8493706,1793,57
457,Что города молчат,Aisha Reyes,писатель,1,TED2013,2013,Long Beach,1,2013-05-13,2013-05-30,953,5593406,628,3
2423,Каким образом старение обманывают нас,Hugo Reyes,инженер,1,TEDGlobal 2012,2012,Edinburgh,1,2012-11-25,2013-05-30,1234,3624710,358,44
325,Зачем космос требуют пересмотра,Lucia Lindqvist,предприниматель,1,TED2013,2013,Long Beach,1,2013-01-17,2013-05-31,1134,7381124,1325,46
1736,Отчего доверие недооценены,Alex Meyer,математик,1,TED2012,2012,Long Beach,1,2012-11-12,2013-05-31,883,761509,237,15
2587,"Зачем нейросети важнее, чем кажется",Aisha Petrov,писатель,1,TEDGlobal 2012,2012,Edinburgh,1,2012-11-28,2013-06-02,383,4498887,527,41
2613,Что деньги недооценены,Zoe Berger,педагог,1,TEDGlobal 2012,2012,Edinburgh,1,2012-11-26,2013-06-02,417,220906,42,31
1258,Как границы требуют пересмотра,Yuki Nakamura,педагог,1,TEDWomen 2013,2013,San Francisco,1,2013-01-11,2013-06-03,790,384527,144,20
915,Как энергия обманывают нас,Peter Kowalski,математик,1,TEDGlobal 2013,2013,Rio de Janeiro,1,2013-01-14,2013-06-04,893,32351000,4528,23
164,"Каким образом нейросети важнее, чем кажется",David Bauer,астроном,1,TEDWomen 2013,2013,San Francisco,1,2013-02-10,2013-06-05,295,545869,94,21
1686,Отчего медицина нуждаются в защите,Liam Nilsen,журналист,1,TEDWomen 2013,2013,San Francisco,1,2013-03-18,2013-06-05,793,8451451,924,25
489,Каким образом деньги решают за нас,Sara Petrov,антрополог,1,TEDGlobal 2013,2013,Rio de Janeiro,1,2013-03-14,2013-06-07,302,3667406,416,19
2058,"Почему данные опаснее, чем принято думать",Iris Novak,,1,TEDWomen 2013,2013,San Francisco,1,2013-04-24,2013-06-07,507,1858968,157,21
79,Каким образом почва возвращаются,Samir Silva,физик,1,TEDGlobal 2012,2012,Edinburgh,1,2012-11-23,2013-06-08,498,1588418,134,17
270,Почему эмоции решают за нас,Ravi Nilsen,астроном,1,TEDWomen 2013,2013,San Francisco,1,2013-04-27,2013-06-08,993,944119,86,14
1418,Почему деньги требуют пересмотра,Tom Castillo,,1,TEDGlobal 2012,2012,Edinburgh,1,2012-12-27,2013-06-08,1236,6483255,1028,40
464,Каким образом вирусы меняют всё,Daniel Berger,писатель,1,TED2013,2013,Long Beach,1,2013-05-07,2013-06-09,695,4916859,914,13
2087,Каким образом леса требуют пересмотра,Iris Haugen,архитектор,1,TEDGlobal 2013,2013,Rio de Janeiro,1,2013-01-09,2013-06-10,312,2133842,208,37
2108,Каким образом эмоции стали другими,Kira Kowalski,эколог,1,TED2013,2013,Long Beach,1,2013-02-17,2013-06-10,1206,593134,63,28
346,"Каким образом бактерии важнее, чем кажется",Nora Iversen,инженер,1,TEDWomen 2013,2013,San Francisco,1,2013-05-11,2013-06-13,782,700910,61,36
377,Что нейросети недооценены,Ines Fischer,врач,1,TED2013,2013,Long Beach,1,2013-05-06,2013-06-13,793,5139959,2269,27
681,Зачем эмоции исчезают,Jonas Kowalski,нейробиолог,1,TEDWomen 2013,2013,San Francisco,1,2013-05-23,2013-06-13,427,660984,70,34
116,Отчего вирусы говорят правду,Alex Silva,музыкант,1,TEDGlobal 2013,2013,Rio de Janeiro,1,2013-03-04,2013-06-15,1546,967103,218,14
2124,Почему мы обманывают нас,Emma Dubois,архитектор,1,TED Global 2013,2013,Rio de Janeiro,1,2013-01-01,2013-06-15,560,1282116,317,18
308,Почему алгоритмы возвращаются,Aisha Adeyemi,психолог,1,TED2012,2012,Long Beach,1,2012-12-26,2013-06-17,965,4806840,818,20
18,"Каким образом гены важнее, чем кажется",Ines Fischer,дизайнер,1,TED2012,2012,Long Beach,1,2012-12-20,2013-06-18,483,3008370,488,15
1954,Отчего океан исчезают,Iris Iversen,экономист,1,TEDWomen 2013,2013,San Francisco,1,2013-02-03,2013-06-18,730,701585,258,44
2199,Каким образом данные нуждаются в защите,Ravi Hassan,активист,1,TED2013,2013,Long Beach,1,2013-02-12,2013-06-19,673,3192915,480,29
1955,Отчего дети исчезают,Samir Berger,предприниматель,1,TEDWomen 2013,2013,San Francisco,1,2013-02-14,2013-06-21,1077,4602183,1267,27
165,Что мы устроены не так,Elif Meyer,нейробиолог,1,TED Global 2013,2013,Rio de Janeiro,1,2013-04-07,2013-06-22,746,1461449,140,25
2572,"Почему бактерии сложнее, чем выглядят",Nora Vargas,предприниматель,1,TEDWomen 2013,2013,San Francisco,1,2013-02-07,2013-06-23,1010,3114313,385,22
2506,Отчего работа определяют будущее,Hugo Okafor,,1,TEDGlobal 2012,2012,Edinburgh,1,2012-12-21,2013-06-24,471,1111078,103,37
2720,Почему память говорят правду,Omar Adeyemi,экономист,2,TED2013,2013,Long Beach,1,2013-02-18,2013-06-25,929,11658340,3251,18
2597,Каким образом медицина исчезают,Felix Nilsen,физик,2,TED2013,2013,Long Beach,1,2013-05-10,2013-06-26,1225,1870268,260,20
617,Что одиночество стали другими,Ravi Haugen,экономист,1,TEDWomen 2013,2013,San Francisco,1,2013-04-26,2013-06-29,347,1117687,94,23
2092,Почему климат стоят дороже,Iris Fischer,предприниматель,1,TED2013,2013,Long Beach,1,2013-03-25,2013-06-30,679,2079959,544,40
8,Как музыка молчат,Alex Almeida,историк,1,TEDWomen 2013,2013,San Francisco,1,2013-05-09,2013-07-01,199,2461832,676,21
2053,Почему космос стали другими,Kira Lindqvist,архитектор,1,TEDGlobal 2013,2013,Rio de Janeiro,1,2013-06-20,2013-07-01,344,682108,301,33
2557,Как бактерии стали другими,Sara Silva,дизайнер,2,TEDGlobal 2013,2013,Rio de Janeiro,1,2013-01-24,2013-07-02,930,532471,46,13
2724,Почему одиночество говорят правду,Daniel Dubois,нейробиолог,1,TED2013,2013,Long Beach,1,2013-03-07,2013-07-03,849,1336810,259,31
1197,Как нейросети недооценены,Maria Ferrari,врач,1,TED2013,2013,Long Beach,1,2013-03-11,2013-07-07,289,3252574,495,37
2698,"Как доверие сложнее, чем выглядят",Jonas Bauer,психолог,1,TED2013,2013,Long Beach,1,2013-05-19,2013-07-09,1422,2463448,674,17
1077,"Что энергия сложнее, чем выглядят",Noah Novak,врач,1,TED2013,2013,Long Beach,1,2013-01-03,2013-07-10,833,1001845,137,29
1354,Почему климат требуют пересмотра,Zoe Moreau,философ,1,TEDWomen 2013,2013,San Francisco,1,2013-04-09,2013-07-11,1011,2664748,339,37
2357,Почему суды определяют будущее,John Almeida,педагог,1,TED2013,2013,Long Beach,1,2013-01-15,2013-07-11,315,375182,66,40
2306,Как деньги молчат,Lucia Kaplan,художник,2,TED Global 2013,2013,Rio de Janeiro,1,2013-05-27,2013-07-12,1020,3121176,276,23
266,Что архитектура стали другими,Carlos Nakamura,,1,TEDGlobal 2013,2013,Rio de Janeiro,1,2013-02-02,2013-07-13,849,253488,25,36
449,Зачем старение требуют пересмотра,Daniel Almeida,антрополог,1,TEDGlobal 2013,2013,Rio de Janeiro,1,2013-05-02,2013-07-14,506,1324588,473,13
1459,"Каким образом вирусы сложнее, чем выглядят",Alex Haugen,предприниматель,2,TED2013,2013,Long Beach,1,2013-01-20,2013-07-15,1443,4033362,439,42
189,Отчего океан обманывают нас,Elif Meyer,писатель,1,TEDGlobal 2013,2013,Rio de Janeiro,1,2013-04-09,2013-07-16,892,1768444,195,28
634,Как школы исчезают,Peter Dubois,антрополог,1,TEDGlobal 2013,2013,Rio de Janeiro,1,2013-01-09,2013-07-19,329,1473737,194,18
2722,Что архитектура исчезают,Sara Castillo,предприниматель,1,TED2013,2013,Long Beach,1,2013-03-12,2013-07-20,433,14231809,1625,34
1026,Зачем гены исчезают,Mira Dubois,эколог,1,TEDGlobal 2013,2013,Rio de Janeiro,1,2013-01-18,2013-07-21,762,1827269,404,24
2554,Как школы возвращаются,Elif Kaplan,инженер,1,TED2013,2013,Long Beach,1,2013-01-18,2013-07-22,1293,903559,241,38
127,Как язык держат нас вместе,Sara Kowalski,архитектор,1,TED2013,2013,Long Beach,1,2013-05-04,2013-07-23,334,9878834,4089,12
2450,Каким образом океан зависят от нас,Nora Ferrari,,1,TEDWomen 2013,2013,San Francisco,1,2013-07-09,2013-07-23,278,3067311,365,20
1773,"Зачем деньги важнее, чем кажется",Ines Kaplan,писатель,1,TEDWomen 2013,2013,San Francisco,1,2013-03-09,2013-07-24,250,3150422,440,16
1437,"Что почва сложнее, чем выглядят",Alex Bauer,предприниматель,1,TED2013,2013,Long Beach,1,2013-03-22,2013-07-25,812,3920355,614,40
1899,Зачем гены нуждаются в защите,Ravi Hassan,астроном,1,TEDWomen 2013,2013,San Francisco,1,2013-03-19,2013-07-26,832,1268721,556,36
2731,Почему доверие нуждаются в защите,Maria Iversen,физик,1,TEDWomen 2013,2013,San Francisco,1,2013-03-28,2013-07-28,548,975971,270,36
601,Зачем мы требуют пересмотра,Nora Adeyemi,врач,1,TEDWomen 2013,2013,San Francisco,1,2013-07-02,2013-07-29,788,2600541,526,11
178,Что бактерии работают против нас,Ravi Reyes,историк,1,TED2013,2013,Long Beach,1,2013-05-06,2013-07-31,411,9291656,1331,38
2489,"Что эмоции опаснее, чем принято думать",Lena Fischer,биолог,1,TED Global 2013,2013,Rio de Janeiro,1,2013-06-07,2013-08-02,788,3251094,660,2
1865,Отчего язык обманывают нас,Felix Nilsen,психолог,1,TEDGlobal 2013,2013,Rio de Janeiro,1,2013-05-01,2013-08-03,406,2844583,306,33
2351,Отчего океан требуют пересмотра,Peter Silva,музыкант,1,TEDGlobal 2013,2013,Rio de Janeiro,1,2013-02-04,2013-08-05,855,598181,51,39
1062,Отчего работа недооценены,Aisha Almeida,активист,1,TED2013,2013,Long Beach,1,2013-05-03,2013-08-07,1077,814430,263,24
889,Каким образом вода меняют всё,Lena Ferrari,эколог,1,TEDWomen 2013,2013,San Francisco,1,2013-02-18,2013-08-08,656,10747097,1150,22
950,Зачем мозг устроены не так,Samir Vargas,дизайнер,1,TEDGlobal 2013,2013,Rio de Janeiro,1,2013-02-23,2013-08-08,653,1756091,331,35
277,Как одиночество стали другими,Maria Silva,инженер,1,TEDWomen 2013,2013,San Francisco,1,2013-06-26,2013-08-09,679,7533154,1291,16
740,Отчего суды обманывают нас,Tom Ferrari,журналист,1,TEDWomen 2013,2013,San Francisco,1,2013-03-08,2013-08-10,249,3248586,393,35
509,Как врачи стали другими,Liam Castillo,активист,1,TEDWomen 2013,2013,San Francisco,1,2013-05-18,2013-08-11,1176,1023777,137,24
1275,Что музыка недооценены,Zoe Ferrari,,1,TED2013,2013,Long Beach,1,2013-05-16,2013-08-11,446,1002861,131,48
2409,Каким образом старение стоят дороже,Zoe Ferrari,эколог,1,TED2013,2013,Long Beach,1,2013-03-12,2013-08-11,755,1338809,112,29
1140,"Отчего космос сложнее, чем выглядят",Mira Hassan,режиссёр,1,TED2013,2013,Long Beach,1,2013-05-08,2013-08-14,346,574587,49,37
669,Каким образом время не работают,Noah Nilsen,активист,1,TEDGlobal 2013,2013,Rio de Janeiro,1,2013-02-22,2013-08-17,922,2177668,237,55
2182,Зачем доверие стоят дороже,Ines Moreau,экономист,1,TED2013,2013,Long Beach,1,2013-07-28,2013-08-17,1100,6654280,1378,8
160,"Как дети важнее, чем кажется",Lena Petrov,эколог,1,TEDWomen 2013,2013,San Francisco,1,2013-07-09,2013-08-18,515,2616142,632,12
1182,Почему мы зависят от нас,Alex Vargas,историк,1,TEDWomen 2013,2013,San Francisco,1,2013-06-18,2013-08-20,618,10075788,1390,52
2031,Что энергия стоят дороже,Ravi Vargas,режиссёр,1,TED2013,2013,Long Beach,1,2013-03-11,2013-08-21,709,133441,14,40
2277,Почему семьи стали другими,Ines Nilsen,писатель,1,TEDWomen 2013,2013,San Francisco,1,2013-03-22,2013-08-21,1037,5704209,613,37
2018,Как космос решают за нас,Sara Haugen,математик,1,TED2013,2013,Long Beach,1,2013-04-22,2013-08-24,1342,1122881,112,39
1145,"Что леса сложнее, чем выглядят",Omar Kaplan,юрист,1,TEDWomen 2013,2013,San Francisco,1,2013-07-13,2013-08-29,1171,1674121,599,24
2297,Почему океан возвращаются,Alex Bauer,экономист,1,TEDGlobal 2013,2013,Rio de Janeiro,1,2013-07-20,2013-08-31,516,1031543,108,27
403,Зачем океан стоят дороже,Hugo Moreau,дизайнер,1,TEDGlobal 2013,2013,Rio de Janeiro,1,2013-04-10,2013-09-03,368,454943,113,26
465,Что язык говорят правду,Alex Kaplan,писатель,3,TEDWomen 2013,2013,San Francisco,1,2013-07-11,2013-09-04,702,3529637,608,1
857,"Зачем язык сложнее, чем выглядят",Lucia Vargas,педагог,1,TED2013,2013,Long Beach,1,2013-08-01,2013-09-08,0,6196323,720,43
1843,"Отчего память опаснее, чем принято думать",Daniel Ferrari,музыкант,1,TED Global 2013,2013,Rio de Janeiro,1,2013-04-07,2013-09-12,342,1800353,174,8
1335,"Зачем мы важнее, чем кажется",Ana Nakamura,врач,1,TEDGlobal 2013,2013,Rio de Janeiro,1,2013-05-05,2013-09-13,1424,13465079,1627,17
1649,"Почему космос опаснее, чем принято думать",Samir Castillo,инженер,1,TEDGlobal 2013,2013,Rio de Janeiro,1,2013-06-17,2013-09-13,1164,1394785,251,18
2680,"Как врачи опаснее, чем принято думать",Sara Hassan,музыкант,1,TEDWomen 2013,2013,San Francisco,1,2013-07-20,2013-09-13,1163,377085,136,27
584,Что архитектура нуждаются в защите,Samir Iversen,архитектор,1,TEDGlobal 2013,2013,Rio de Janeiro,1,2013-04-23,2013-09-19,273,2060019,656,40
341,Как бактерии обманывают нас,Liam Bauer,антрополог,1,TEDGlobal 2013,2013,Rio de Janeiro,1,2013-05-07,2013-09-20,765,8205553,1598,13
289,Как архитектура молчат,Lena Vargas,математик,2,TEDWomen 2013,2013,San Francisco,1,2013-08-02,2013-09-21,983,1088949,166,9
797,Почему архитектура исчезают,Hugo Vargas,журналист,1,TED2013,2013,Long Beach,1,2013-05-19,2013-09-24,843,667143,62,33
1206,Каким образом вода зависят от нас,Alex Vargas,журналист,1,TEDGlobal 2013,2013,Rio de Janeiro,1,2013-08-26,2013-09-25,823,545486,50,27
1352,Отчего почва устроены не так,Aisha Adeyemi,педагог,1,TED Global 2013,2013,Rio de Janeiro,1,2013-08-06,2013-09-27,525,5451927,908,13
1210,Что музыка исчезают,Liam Novak,,1,TED2013,2013,Long Beach,1,2013-08-10,2013-09-30,953,470952,116,10
2051,Зачем язык требуют пересмотра,Zoe Nilsen,юрист,1,TED2013,2013,Long Beach,1,2013-05-05,2013-09-30,659,6431280,1107,41
858,Отчего вода стоят дороже,Iris Lindqvist,философ,1,TED Global 2013,2013,Rio de Janeiro,1,2013-09-02,2013-10-01,887,5258287,598,24
2590,Почему мы не работают,Mira Haugen,режиссёр,1,TEDGlobal 2013,2013,Rio de Janeiro,1,2013-06-04,2013-10-01,1131,1655288,140,30
358,Каким образом мозг молчат,Hugo Lindqvist,антрополог,1,TEDWomen 2013,2013,San Francisco,1,2013-04-05,2013-10-02,221,4141612,410,26
2193,Почему суды держат нас вместе,Peter Castillo,программист,1,TEDGlobal 2013,2013,Rio de Janeiro,1,2013-09-03,2013-10-02,660,642601,226,26
2156,"Зачем энергия опаснее, чем принято думать",Ana Castillo,философ,1,TED Global 2013,2013,Rio de Janeiro,1,2013-09-05,2013-10-03,429,1229058,182,6
2272,Зачем океан исчезают,Zoe Kowalski,программист,1,TED Global 2013,2013,Rio de Janeiro,1,2013-07-21,2013-10-04,1158,7218353,953,11
1374,Каким образом океан обманывают нас,David Dubois,эколог,1,TED2013,2013,Long Beach,1,2013-08-16,2013-10-05,381,2483583,323,28
529,Каким образом школы недооценены,David Castillo,,1,TEDGlobal 2013,2013,Rio de Janeiro,1,2013-08-24,2013-10-06,837,710693,94,42
2510,"Отчего доверие сложнее, чем выглядят",Mira Iversen,программист,1,TEDGlobal 2013,2013,Rio de Janeiro,1,2013-08-19,2013-10-08,1056,1871037,228,33
1313,Каким образом язык решают за нас,Felix Haugen,предприниматель,1,TEDWomen 2013,2013,San Francisco,1,2013-06-27,2013-10-09,413,2174330,201,21
851,Отчего данные обманывают нас,Ravi Petrov,биолог,1,TEDGlobal 2013,2013,Rio de Janeiro,1,2013-09-13,2013-10-17,1366,3484657,387,47
1613,Каким образом реки стоят дороже,Yuki Dubois,астроном,1,TED2013,2013,Long Beach,1,2013-04-18,2013-10-23,332,1110956,99,31
2410,Что гены нуждаются в защите,Alex Kaplan,историк,1,TED Global 2013,2013,Rio de Janeiro,1,2013-08-27,2013-10-23,1179,4230071,389,27
847,Зачем работа стоят дороже,Felix Moreau,инженер,1,TEDWomen 2013,2013,San Francisco,1,2013-08-05,2013-10-29,1193,4589836,455,50
2012,Зачем привычки устроены не так,Iris Silva,,1,TEDWomen 2013,2013,San Francisco,1,2013-09-27,2013-11-03,254,267049,25,19
2165,Что деньги нуждаются в защите,Mira Nilsen,программист,1,TEDGlobal 2013,2013,Rio de Janeiro,1,2013-08-02,2013-11-03,223,2785979,476,31
150,Каким образом язык молчат,Maria Reyes,педагог,1,TEDWomen 2013,2013,San Francisco,1,2013-06-09,2013-11-09,988,3010271,420,33
2335,Каким образом нейросети требуют пересмотра,Daniel Reyes,режиссёр,3,TEDWomen 2013,2013,San Francisco,1,2013-07-01,2013-11-09,563,5008702,2220,37
2662,Зачем мозг меняют всё,Zoe Novak,дизайнер,1,TED2013,2013,Long Beach,1,2013-08-10,2013-11-12,331,2739218,406,42
2693,Зачем семьи держат нас вместе,Ana Reyes,программист,2,TEDWomen 2013,2013,San Francisco,1,2013-10-25,2013-11-13,1316,3861253,461,45
140,Зачем энергия обманывают нас,Samir Novak,предприниматель,1,TEDWomen 2013,2013,San Francisco,1,2013-07-09,2013-11-14,411,689169,105,29
1930,Почему гены работают против нас,Jonas Meyer,,1,TEDGlobal 2013,2013,Rio de Janeiro,1,2013-10-26,2013-11-14,782,373461,41,21
195,"Отчего космос опаснее, чем принято думать",Jonas Nakamura,психолог,1,TEDWomen 2013,2013,San Francisco,1,2013-08-08,2013-11-16,282,3376283,315,26
2431,Что мы зависят от нас,Liam Bauer,художник,1,TED2013,2013,Long Beach,1,2013-10-21,2013-11-16,470,1942262,246,18
94,Как старение недооценены,David Moreau,экономист,1,TED2013,2013,Long Beach,1,2013-05-24,2013-11-17,1133,6912899,663,38
2046,Каким образом дети зависят от нас,Omar Novak,математик,1,TED2013,2013,Long Beach,1,2013-05-03,2013-11-18,1375,2450145,273,18
654,Почему страх говорят правду,Aisha Kaplan,философ,1,TED Global 2013,2013,Rio de Janeiro,1,2013-07-10,2013-11-26,151,500081,55,17
1510,Зачем время исчезают,Maria Dubois,журналист,1,TED2013,2013,Long Beach,1,2013-06-14,2013-11-29,859,887703,121,29
520,"Как деньги важнее, чем кажется",Omar Silva,эколог,1,TED2013,2013,Long Beach,1,2013-07-25,2013-12-03,554,1653138,181,18
1604,Почему роботы возвращаются,Kira Iversen,нейробиолог,1,TED2013,2013,Long Beach,1,2013-09-19,2013-12-06,735,5741512,1583,32
2500,Зачем врачи определяют будущее,Maria Moreau,антрополог,1,TED2013,2013,Long Beach,1,2013-06-02,2013-12-06,914,426274,66,14
1038,Как леса нуждаются в защите,Zoe Nilsen,астроном,1,TEDGlobal 2013,2013,Rio de Janeiro,1,2013-09-28,2013-12-10,834,938097,127,12
2102,Что космос молчат,Ana Moreau,художник,1,TEDGlobal 2013,2013,Rio de Janeiro,1,2013-07-07,2013-12-10,364,2282031,460,13
1322,Отчего доверие работают против нас,Lucia Novak,предприниматель,1,TEDWomen 2013,2013,San Francisco,1,2013-06-07,2013-12-14,659,920677,76,31
1358,Почему космос требуют пересмотра,Ana Nilsen,нейробиолог,2,TEDWomen 2013,2013,San Francisco,1,2013-11-14,2013-12-16,939,2290570,768,25
812,Что эмоции требуют пересмотра,Lucia Reyes,юрист,1,TED2013,2013,Long Beach,1,2013-07-27,2013-12-17,0,2960261,363,33
1158,Что сон молчат,Zoe Almeida,математик,1,TED2013,2013,Long Beach,1,2013-10-13,2013-12-17,205,3163317,341,24
2559,Что мозг возвращаются,Alex Dubois,,1,TED2013,2013,Long Beach,1,2013-11-17,2013-12-17,242,4716225,1677,37
11,Почему архитектура молчат,Tom Kaplan,музыкант,2,TEDWomen 2013,2013,San Francisco,1,2013-10-09,2013-12-19,1174,442746,36,41
34,"Почему привычки опаснее, чем принято думать",Hugo Lindqvist,астроном,1,TEDGlobal 2013,2013,Rio de Janeiro,1,2013-06-08,2013-12-21,753,7614795,1065,15
311,Зачем океан стали другими,John Castillo,писатель,1,TED2013,2013,Long Beach,1,2013-08-04,2013-12-21,960,322711,71,35
932,Отчего бактерии недооценены,Liam Kaplan,писатель,1,TEDWomen 2013,2013,San Francisco,1,2013-10-13,2013-12-24,688,8664239,903,10
1051,"Почему привычки важнее, чем кажется",Nora Adeyemi,инженер,1,TED2013,2013,Long Beach,1,2013-12-05,2013-12-25,653,2322995,296,44
1190,Почему мы заслуживают внимания,Lena Haugen,дизайнер,1,TEDGlobal 2013,2013,Rio de Janeiro,1,2013-08-21,2013-12-27,668,2927650,362,26
451,Почему роботы стоят дороже,Elif Castillo,экономист,1,TEDGlobal 2013,2013,Rio de Janeiro,1,2013-09-05,2014-01-02,892,4455574,488,35
1888,Почему память заслуживают внимания,Emma Ferrari,педагог,1,TED2013,2013,Long Beach,1,2013-10-28,2014-01-02,1152,1442856,156,28
2320,Отчего мы стоят дороже,David Dubois,музыкант,1,TEDGlobal 2013,2013,Rio de Janeiro,1,2013-12-21,2014-01-02,571,6836253,687,42
2596,Отчего климат говорят правду,Mira Vargas,эколог,1,TED Global 2013,2013,Rio de Janeiro,1,2013-10-18,2014-01-02,1054,7563004,737,43
2574,Каким образом гены говорят правду,Iris Berger,,1,TEDGlobal 2013,2013,Rio de Janeiro,1,2013-12-08,2014-01-04,383,799323,355,11
1287,Что дети исчезают,Daniel Meyer,предприниматель,1,TED2013,2013,Long Beach,1,2013-09-02,2014-01-06,444,7028917,1197,32
352,Зачем доверие решают за нас,Carlos Almeida,нейробиолог,1,TEDGlobal 2013,2013,Rio de Janeiro,1,2013-08-28,2014-01-08,962,2280457,462,19
2467,Почему школы возвращаются,Lena Reyes,историк,1,TED Global 2013,2013,Rio de Janeiro,1,2013-12-13,2014-01-08,1199,8736952,816,19
245,Отчего медицина молчат,Zoe Dubois,художник,1,TED2013,2013,Long Beach,1,2013-10-23,2014-01-09,1093,2113040,198,23
493,Каким образом данные решают за нас,Liam Hassan,,1,TED2013,2013,Long Beach,1,2013-12-09,2014-01-09,223,528477,67,27
1428,Почему реки заслуживают внимания,Peter Meyer,биолог,1,TEDGlobal 2013,2013,Rio de Janeiro,1,2013-07-17,2014-01-09,640,3268722,302,18
1750,Зачем музыка заслуживают внимания,Hugo Kowalski,педагог,1,TED Global 2013,2013,Rio de Janeiro,1,2013-09-26,2014-01-10,432,6160242,2263,44
10,"Каким образом леса сложнее, чем выглядят",Emma Ferrari,художник,1,TEDWomen 2013,2013,San Francisco,1,2013-09-27,2014-01-11,1104,681545,72,20
1805,Почему мозг зависят от нас,Omar Meyer,антрополог,1,TED2013,2013,Long Beach,1,2013-11-01,2014-01-11,315,3002282,445,18
232,Зачем леса недооценены,Elif Haugen,дизайнер,1,TED2013,2013,Long Beach,1,2013-08-10,2014-01-16,999,295195,53,19
997,Как архитектура держат нас вместе,David Hassan,активист,1,TEDGlobal 2013,2013,Rio de Janeiro,1,2013-12-19,2014-01-18,721,2167614,281,25
1280,Как роботы нуждаются в защите,Ines Nakamura,архитектор,1,TED Global 2013,2013,Rio de Janeiro,1,2013-10-26,2014-01-18,349,2287918,517,38
1457,Каким образом космос держат нас вместе,Daniel Bauer,экономист,1,TEDGlobal 2013,2013,Rio de Janeiro,1,2013-08-16,2014-01-18,788,2480382,1014,24
1844,Как сон исчезают,Tom Fischer,эколог,1,TED2013,2013,Long Beach,1,2013-09-10,2014-01-19,271,1533937,183,27
2002,Почему память стоят дороже,John Reyes,архитектор,1,TEDWomen 2013,2013,San Francisco,1,2013-09-13,2014-01-20,1212,11007271,974,28
841,Зачем язык исчезают,Carlos Adeyemi,психолог,1,TED2013,2013,Long Beach,1,2013-07-06,2014-01-22,597,569541,171,22
1143,Зачем дети устроены не так,Nora Novak,архитектор,1,TEDWomen 2013,2013,San Francisco,1,2013-09-23,2014-01-23,434,6798067,974,25
1079,Как работа возвращаются,Mira Almeida,физик,1,TED Global 2013,2013,Rio de Janeiro,1,2013-07-14,2014-01-26,1090,596941,55,16
2006,Зачем дети недооценены,Jonas Castillo,активист,1,TED Global 2013,2013,Rio de Janeiro,1,2013-10-11,2014-01-28,430,483201,76,41
448,"Что данные важнее, чем кажется",Tom Iversen,физик,1,TEDGlobal 2013,2013,Rio de Janeiro,1,2013-11-22,2014-02-04,405,5041959,1363,28
2240,"Что сон важнее, чем кажется",Noah Moreau,активист,1,TED2014,2014,Vancouver,1,2014-01-23,2014-02-04,485,14092117,1890,49
1211,Отчего деньги обманывают нас,Liam Almeida,дизайнер,1,TEDWomen 2013,2013,San Francisco,1,2013-11-17,2014-02-05,455,5636469,474,26
2525,Почему реки решают за нас,Samir Vargas,педагог,1,TEDGlobal 2014,2014,Rio de Janeiro,1,2014-01-04,2014-02-06,759,1628113,136,22
2747,Что школы меняют всё,Iris Moreau,,1,TED2013,2013,Long Beach,1,2013-08-19,2014-02-06,693,855665,97,22
2455,Что одиночество возвращаются,Aisha Kowalski,эколог,1,TED Global 2013,2013,Rio de Janeiro,1,2013-08-18,2014-02-07,1254,7158904,676,32
423,Отчего дети стали другими,Yuki Nilsen,архитектор,1,TEDWomen 2013,2013,San Francisco,1,2013-11-12,2014-02-08,213,14893218,5053,36
1771,Каким образом почва устроены не так,Lena Lindqvist,музыкант,1,TEDGlobal 2013,2013,Rio de Janeiro,1,2013-12-24,2014-02-09,585,534421,106,21
356,Почему алгоритмы зависят от нас,Jonas Iversen,экономист,1,TEDGlobal 2013,2013,Rio de Janeiro,1,2013-12-20,2014-02-11,297,6450040,838,18
1127,Как мы молчат,Lena Kowalski,архитектор,1,TEDWomen 2013,2013,San Francisco,1,2013-10-21,2014-02-11,1004,2882775,613,21
2332,Отчего музыка меняют всё,Emma Vargas,предприниматель,1,TED2014,2014,Vancouver,1,2014-01-05,2014-02-12,365,3325606,300,27
653,Как привычки недооценены,Ana Meyer,инженер,1,TEDWomen 2013,2013,San Francisco,1,2013-09-08,2014-02-13,380,337346,51,31
1321,Почему алгоритмы определяют будущее,Liam Almeida,экономист,1,TEDGlobal 2013,2013,Rio de Janeiro,1,2013-09-09,2014-02-13,641,4585711,526,27
255,Отчего гены устроены не так,Alex Castillo,активист,1,TED2013,2013,Long Beach,1,2013-10-01,2014-02-15,791,571582,78,28
528,Что школы требуют пересмотра,Nora Nakamura,нейробиолог,2,TEDWomen 2013,2013,San Francisco,1,2013-08-05,2014-02-15,1444,1513075,196,35
1650,Каким образом вирусы молчат,Tom Reyes,музыкант,1,TED2013,2013,Long Beach,1,2013-09-26,2014-02-16,699,5013651,1058,22
910,Каким образом гены устроены не так,David Meyer,астроном,1,TEDGlobal 2013,2013,Rio de Janeiro,1,2013-08-13,2014-02-17,188,3734556,545,26
1533,Зачем семьи нуждаются в защите,Samir Meyer,антрополог,3,TED2013,2013,Long Beach,1,2013-11-08,2014-02-17,1011,2110695,357,46
2725,Зачем медицина обманывают нас,John Silva,журналист,1,TEDMED 2014,2014,San Francisco,1,2014-01-05,2014-02-18,779,3835501,358,12
293,Каким образом реки работают против нас,Sara Fischer,философ,1,TEDMED 2014,2014,San Francisco,1,2014-01-12,2014-02-20,387,1883623,403,35
176,Почему сон стали другими,Kira Adeyemi,архитектор,1,TED2013,2013,Long Beach,1,2013-12-07,2014-02-21,1315,1464654,159,33
1904,Как старение говорят правду,Alex Petrov,активист,1,TEDGlobal 2013,2013,Rio de Janeiro,1,2013-09-28,2014-02-21,806,2143111,255,28
928,Отчего язык не работают,Sara Castillo,архитектор,1,TED2014,2014,Vancouver,1,2014-02-06,2014-02-23,630,1707967,154,10
1019,Отчего эмоции нуждаются в защите,Samir Kowalski,врач,1,TEDMED 2014,2014,San Francisco,1,2014-02-04,2014-02-26,316,1024447,152,7
64,Отчего вирусы стали другими,Felix Kowalski,дизайнер,1,TEDGlobal 2013,2013,Rio de Janeiro,1,2013-12-16,2014-02-28,413,1900146,192,2
888,Каким образом суды решают за нас,Lucia Kowalski,педагог,1,TEDWomen 2013,2013,San Francisco,1,2013-09-11,2014-02-28,1126,2002716,473,24
1172,Почему алгоритмы исчезают,Lena Meyer,биолог,1,TEDGlobal 2014,2014,Rio de Janeiro,1,2014-01-27,2014-03-04,342,11016567,982,25
1819,Отчего климат зависят от нас,Lucia Reyes,антрополог,1,TED2014,2014,Vancouver,1,2014-02-10,2014-03-05,415,1183865,124,26
225,Что леса заслуживают внимания,Elif Hassan,,1,TEDWomen 2013,2013,San Francisco,1,2013-12-08,2014-03-06,283,1581597,664,44
462,Что музыка зависят от нас,Ines Bauer,писатель,1,TEDWomen 2013,2013,San Francisco,1,2013-12-25,2014-03-06,394,5333890,489,41
2190,Как вирусы меняют всё,Sara Berger,историк,1,TEDWomen 2013,2013,San Francisco,1,2013-10-13,2014-03-07,239,984131,181,32
2299,Почему деньги работают против нас,Aisha Lindqvist,астроном,1,TED2013,2013,Long Beach,1,2013-09-08,2014-03-07,1088,4383043,1205,56
620,Что время решают за нас,Ines Reyes,архитектор,1,TEDGlobal 2013,2013,Rio de Janeiro,1,2013-09-13,2014-03-08,1251,5927635,795,30
194,Зачем гены требуют пересмотра,Lena Novak,философ,1,TEDWomen 2013,2013,San Francisco,1,2013-09-23,2014-03-10,624,10524664,1261,44
2398,Что дети определяют будущее,Felix Moreau,астроном,1,TED Global 2013,2013,Rio de Janeiro,1,2013-09-23,2014-03-11,415,1728541,176,15
881,"Отчего работа опаснее, чем принято думать",Felix Petrov,предприниматель,1,TED2013,2013,Long Beach,1,2013-09-04,2014-03-12,999,5603767,581,19
134,Зачем музыка решают за нас,Hugo Meyer,врач,1,TEDWomen 2013,2013,San Francisco,1,2013-10-03,2014-03-13,1067,2221306,710,17
2718,"Каким образом роботы сложнее, чем выглядят",Iris Lindqvist,писатель,1,TEDWomen 2013,2013,San Francisco,1,2013-09-28,2014-03-13,644,2538967,222,39
1501,Что леса нуждаются в защите,Nora Vargas,врач,1,TEDGlobal 2013,2013,Rio de Janeiro,1,2013-09-12,2014-03-16,387,186127,15,32
2253,Зачем память устроены не так,Omar Okafor,нейробиолог,1,TED Global 2013,2013,Rio de Janeiro,1,2013-10-01,2014-03-17,187,8550150,872,36
1205,Зачем вирусы молчат,Iris Fischer,педагог,2,TEDWomen 2013,2013,San Francisco,1,2013-12-11,2014-03-20,907,6290162,1384,29
362,Что эмоции устроены не так,John Haugen,математик,1,TEDWomen 2013,2013,San Francisco,1,2013-12-28,2014-03-21,381,4306417,439,39
1572,Что мозг обманывают нас,Carlos Almeida,педагог,1,TEDGlobal 2014,2014,Rio de Janeiro,1,2014-01-02,2014-03-21,286,1133151,172,9
1687,Как нейросети стали другими,Emma Okafor,психолог,1,TED2013,2013,Long Beach,1,2013-12-09,2014-03-21,804,3619966,609,21
370,Зачем время говорят правду,Daniel Iversen,журналист,1,TEDMED 2014,2014,San Francisco,1,2014-02-07,2014-03-22,219,629939,64,31
914,Что нейросети работают против нас,Alex Petrov,дизайнер,1,TEDMED 2014,2014,San Francisco,1,2014-02-19,2014-03-23,438,8248069,1584,36
2203,"Отчего семьи важнее, чем кажется",John Kaplan,юрист,1,TED2013,2013,Long Beach,1,2013-12-20,2014-03-23,560,13045756,1204,22
2401,Как школы стали другими,Mira Bauer,архитектор,1,TEDWomen 2013,2013,San Francisco,1,2013-10-17,2014-03-23,1004,12882083,1586,13
948,Зачем время держат нас вместе,Lucia Reyes,педагог,1,TEDMED 2014,2014,San Francisco,1,2014-02-09,2014-03-27,382,2128699,385,19
2122,"Зачем алгоритмы важнее, чем кажется",Mira Silva,физик,2,TEDWomen 2013,2013,San Francisco,1,2013-10-22,2014-03-27,585,127240,16,30
1307,"Как энергия важнее, чем кажется",Hugo Bauer,эколог,1,TED2014,2014,Vancouver,1,2014-02-09,2014-03-28,806,6766588,610,17
1950,Как вирусы держат нас вместе,Sara Iversen,педагог,1,TEDWomen 2013,2013,San Francisco,1,2013-11-16,2014-03-28,408,4236785,1216,22
1227,Как язык обманывают нас,Nora Hassan,писатель,1,TEDGlobal 2013,2013,Rio de Janeiro,1,2013-10-23,2014-03-29,420,593373,90,39
2074,Каким образом язык определяют будущее,Tom Haugen,дизайнер,1,TED2013,2013,Long Beach,1,2013-12-08,2014-03-31,408,10318181,1075,24
495,Что эмоции возвращаются,Elif Almeida,,1,TEDWomen 2013,2013,San Francisco,1,2013-11-26,2014-04-01,970,701632,240,25
732,Как города исчезают,Hugo Silva,писатель,1,TEDWomen 2013,2013,San Francisco,1,2013-12-18,2014-04-02,324,6989790,1371,34
1007,Как космос нуждаются в защите,Peter Castillo,дизайнер,1,TEDMED 2014,2014,San Francisco,1,2014-02-25,2014-04-03,914,1162045,293,31
2214,Отчего доверие меняют всё,Felix Kowalski,нейробиолог,1,TED Global 2013,2013,Rio de Janeiro,1,2013-09-15,2014-04-03,420,760192,84,27
2304,Отчего города говорят правду,Tom Lindqvist,философ,1,TEDGlobal 2014,2014,Rio de Janeiro,1,2014-02-11,2014-04-03,648,1110010,323,26
2607,Как работа определяют будущее,Hugo Dubois,архитектор,3,TED2013,2013,Long Beach,1,2013-11-14,2014-04-03,1177,3473414,879,25
1786,"Зачем мы опаснее, чем принято думать",Lucia Reyes,архитектор,1,TED2014,2014,Vancouver,1,2014-02-01,2014-04-04,1143,1338299,186,35
574,Каким образом космос требуют пересмотра,Kira Kowalski,журналист,1,TED2013,2013,Long Beach,1,2013-09-26,2014-04-05,432,3766861,996,28
1625,Что время требуют пересмотра,Lena Bauer,биолог,1,TED2013,2013,Long Beach,1,2013-11-04,2014-04-05,729,5705555,504,17
472,Как вирусы работают против нас,Jonas Nilsen,предприниматель,1,TEDMED 2014,2014,San Francisco,1,2014-01-01,2014-04-07,1059,4502730,486,15
207,Зачем космос работают против нас,Felix Reyes,математик,1,TEDMED 2014,2014,San Francisco,1,2014-03-12,2014-04-09,517,1865917,266,33
613,Почему выборы требуют пересмотра,Noah Kaplan,физик,1,TEDGlobal 2014,2014,Rio de Janeiro,1,2014-03-11,2014-04-09,837,2808523,262,32
1245,Каким образом города определяют будущее,Lena Adeyemi,психолог,2,TED Global 2013,2013,Rio de Janeiro,1,2013-12-25,2014-04-09,1017,607088,274,42
247,Каким образом нейросети обманывают нас,Hugo Castillo,дизайнер,1,TED2013,2013,Long Beach,1,2013-09-24,2014-04-12,951,10958318,2408,37
1669,Как суды недооценены,Aisha Ferrari,биолог,1,TEDMED 2014,2014,San Francisco,1,2014-01-03,2014-04-13,558,2113871,622,33
2553,"Как время сложнее, чем выглядят",Nora Petrov,архитектор,3,TED2014,2014,Vancouver,1,2014-01-25,2014-04-13,1329,1384508,192,31
348,Зачем вода нуждаются в защите,Daniel Kaplan,режиссёр,1,TED2014,2014,Vancouver,1,2014-03-13,2014-04-14,537,7811509,2054,36
587,"Зачем энергия сложнее, чем выглядят",Tom Petrov,философ,1,TED2013,2013,Long Beach,1,2013-10-09,2014-04-16,991,1953580,276,51
2101,"Что суды сложнее, чем выглядят",David Bauer,эколог,1,TEDGlobal 2013,2013,Rio de Janeiro,1,2013-10-19,2014-04-19,1213,6462498,2387,26
234,Что климат держат нас вместе,Omar Fischer,педагог,1,TEDWomen 2013,2013,San Francisco,1,2013-10-28,2014-04-22,1067,7782536,893,33
559,"Почему границы важнее, чем кажется",Lucia Silva,врач,1,TED Global 2013,2013,Rio de Janeiro,1,2013-10-12,2014-04-30,374,1494010,218,14
709,Зачем данные устроены не так,Ravi Lindqvist,антрополог,1,TEDWomen 2013,2013,San Francisco,1,2013-12-02,2014-05-02,857,5900033,554,37
1070,Что города решают за нас,Carlos Fischer,режиссёр,1,TEDWomen 2013,2013,San Francisco,1,2013-12-09,2014-05-04,301,3449244,832,23
1413,Отчего роботы обманывают нас,Zoe Fischer,педагог,1,TEDGlobal 2014,2014,Rio de Janeiro,1,2014-02-09,2014-05-04,1003,618900,69,21
1119,Отчего вирусы возвращаются,Daniel Adeyemi,программист,2,TED2014,2014,Vancouver,1,2014-03-05,2014-05-06,881,2772682,442,39
4,Каким образом данные держат нас вместе,Hugo Kaplan,программист,1,TEDMED 2014,2014,San Francisco,1,2014-02-09,2014-05-07,1075,6684713,585,32
393,Почему нейросети нуждаются в защите,Omar Moreau,архитектор,1,TED Global 2013,2013,Rio de Janeiro,1,2013-12-26,2014-05-07,371,742096,97,38
2713,Отчего океан не работают,Ines Castillo,,1,TEDMED 2014,2014,San Francisco,1,2014-03-21,2014-05-07,847,1878298,206,25
1521,"Как нейросети важнее, чем кажется",Tom Bauer,писатель,2,TED2014,2014,Vancouver,1,2014-04-20,2014-05-09,400,1519210,247,20
1440,Как нейросети не работают,Jonas Meyer,экономист,1,TED2014,2014,Vancouver,1,2014-04-16,2014-05-12,347,4757278,2133,31
2219,"Что музыка важнее, чем кажется",Nora Castillo,физик,1,TED2013,2013,Long Beach,1,2013-11-13,2014-05-14,825,1466261,165,30
503,Зачем мозг исчезают,Daniel Bauer,журналист,1,TED2014,2014,Vancouver,1,2014-02-16,2014-05-16,1030,12420269,3323,38
2377,"Почему города опаснее, чем принято думать",Ines Berger,музыкант,1,TEDGlobal 2013,2013,Rio de Janeiro,1,2013-11-12,2014-05-19,638,733783,186,32
1193,Каким образом почва зависят от нас,Ines Adeyemi,философ,1,TEDGlobal 2014,2014,Rio de Janeiro,1,2014-03-05,2014-05-20,864,2341842,270,41
2648,Как архитектура зависят от нас,Maria Hassan,архитектор,1,TEDGlobal 2014,2014,Rio de Janeiro,1,2014-04-25,2014-05-21,1313,2029157,407,16
414,Почему медицина исчезают,Jonas Almeida,художник,1,TEDMED 2014,2014,San Francisco,1,2014-05-10,2014-05-23,391,5897635,1607,33
360,Зачем реки возвращаются,Zoe Lindqvist,активист,1,TEDGlobal 2014,2014,Rio de Janeiro,1,2014-02-28,2014-05-24,741,323785,46,28
1576,Отчего границы меняют всё,Carlos Vargas,художник,1,TED2014,2014,Vancouver,1,2014-05-12,2014-05-24,643,3180979,311,34
2132,Почему почва недооценены,Felix Lindqvist,художник,1,TEDGlobal 2014,2014,Rio de Janeiro,1,2014-02-11,2014-05-24,326,4370930,612,35
568,Что суды исчезают,Maria Kowalski,врач,1,TED2014,2014,Vancouver,1,2014-05-07,2014-05-25,1062,4778411,558,36
1047,Как память устроены не так,Felix Almeida,журналист,1,TEDMED 2014,2014,San Francisco,1,2014-04-04,2014-05-25,715,1397243,146,30
2105,Почему врачи возвращаются,Lena Silva,инженер,1,TEDMED 2014,2014,San Francisco,1,2014-01-03,2014-05-25,987,1888695,678,34
85,Каким образом леса держат нас вместе,Iris Vargas,эколог,1,TEDGlobal 2014,2014,Rio de Janeiro,1,2014-03-03,2014-05-26,710,543244,45,29
1511,Как границы недооценены,Mira Kaplan,биолог,1,TED2014,2014,Vancouver,1,2014-04-07,2014-05-26,418,7522677,1089,17
162,"Зачем реки сложнее, чем выглядят",Noah Vargas,писатель,1,TEDMED 2014,2014,San Francisco,1,2014-05-06,2014-05-28,1291,2057058,258,30
1657,Зачем старение исчезают,Ravi Haugen,философ,1,TEDWomen 2013,2013,San Francisco,1,2013-12-12,2014-05-28,395,1679294,182,41
1173,Как привычки стали другими,Ines Petrov,предприниматель,1,TED2014,2014,Vancouver,1,2014-02-14,2014-05-29,896,5355909,1258,34
2258,Каким образом алгоритмы молчат,Elif Almeida,эколог,1,TED2013,2013,Long Beach,1,2013-11-12,2014-05-30,375,5527304,826,24
443,Отчего одиночество молчат,Nora Dubois,журналист,1,TEDGlobal 2014,2014,Rio de Janeiro,1,2014-01-24,2014-06-04,438,2361599,1041,8
2161,Отчего вирусы меняют всё,Kira Iversen,врач,1,TEDMED 2014,2014,San Francisco,1,2014-03-22,2014-06-05,300,1915478,169,30
2383,"Зачем медицина важнее, чем кажется",Aisha Vargas,педагог,3,TEDGlobal 2014,2014,Rio de Janeiro,1,2014-02-16,2014-06-05,1087,13258338,1771,48
750,Как космос работают против нас,Noah Okafor,эколог,1,TEDMED 2014,2014,San Francisco,1,2014-05-11,2014-06-06,373,5772583,696,28
1103,Каким образом эмоции нуждаются в защите,Hugo Adeyemi,дизайнер,1,TEDGlobal 2014,2014,Rio de Janeiro,1,2014-05-20,2014-06-06,694,2850770,560,13
432,"Отчего гены опаснее, чем принято думать",Lena Haugen,врач,1,TEDMED 2014,2014,San Francisco,1,2014-04-04,2014-06-07,1086,2481312,240,35
659,Как вирусы требуют пересмотра,Ana Okafor,врач,1,TEDMED 2014,2014,San Francisco,1,2014-05-14,2014-06-07,419,4289462,670,4
485,Каким образом привычки исчезают,Hugo Meyer,эколог,1,TED2014,2014,Vancouver,1,2014-04-27,2014-06-09,903,2832718,330,14
2100,Что семьи держат нас вместе,Emma Hassan,психолог,1,TEDGlobal 2014,2014,Rio de Janeiro,1,2014-03-12,2014-06-12,778,1554735,210,14
1575,Каким образом школы решают за нас,Aisha Nilsen,программист,1,TEDGlobal 2014,2014,Rio de Janeiro,1,2014-03-07,2014-06-14,844,1792306,334,13
1907,Зачем семьи не работают,Lucia Adeyemi,инженер,1,TEDGlobal 2014,2014,Rio de Janeiro,1,2014-02-18,2014-06-14,1044,1193147,328,47
1492,Каким образом энергия стали другими,Omar Iversen,,1,TEDGlobal 2014,2014,Rio de Janeiro,1,2014-05-27,2014-06-18,743,1258526,173,39
830,Каким образом деньги определяют будущее,John Iversen,,1,TED2013,2013,Long Beach,1,2013-12-28,2014-06-19,289,547094,138,42
951,Как суды стали другими,Ines Kowalski,программист,1,TED2013,2013,Long Beach,1,2013-12-24,2014-06-19,278,6474492,648,23
1895,Каким образом границы стали другими,Omar Reyes,режиссёр,1,TED2014,2014,Vancouver,1,2014-03-02,2014-06-19,1032,780797,71,31
387,Каким образом эмоции молчат,Lena Moreau,врач,1,TED2013,2013,Long Beach,1,2013-12-07,2014-06-23,1062,773366,171,7
1252,Зачем деньги работают против нас,Carlos Petrov,писатель,1,TEDGlobal 2014,2014,Rio de Janeiro,1,2014-05-13,2014-06-24,226,1249713,233,28
180,Каким образом музыка зависят от нас,Lucia Kowalski,историк,1,TED2014,2014,Vancouver,1,2014-04-23,2014-06-27,556,5297440,948,55
660,Почему страх работают против нас,Samir Petrov,юрист,1,TEDMED 2014,2014,San Francisco,1,2014-05-10,2014-06-27,1254,416372,71,4
2675,Что вода устроены не так,Liam Fischer,музыкант,1,TED2014,2014,Vancouver,1,2014-03-23,2014-06-29,1135,597899,54,21
233,"Почему врачи сложнее, чем выглядят",Zoe Moreau,активист,1,TEDMED 2014,2014,San Francisco,1,2014-05-14,2014-07-01,709,293635,33,1
612,"Как города опаснее, чем принято думать",Noah Nilsen,активист,1,TED2014,2014,Vancouver,1,2014-03-11,2014-07-01,431,2532797,962,29
1601,Зачем реки зависят от нас,Omar Iversen,художник,1,TED2014,2014,Vancouver,1,2014-03-16,2014-07-01,963,1698956,335,17
1808,Отчего доверие обманывают нас,Alex Haugen,инженер,1,TED2014,2014,Vancouver,1,2014-05-10,2014-07-02,382,2197667,791,30
1622,Что доверие исчезают,Alex Kowalski,предприниматель,1,TEDMED 2014,2014,San Francisco,1,2014-01-27,2014-07-03,807,333147,111,16
1400,Что язык заслуживают внимания,Mira Almeida,журналист,3,TED2014,2014,Vancouver,1,2014-04-25,2014-07-04,387,3573096,404,27
1568,Как гены стали другими,Samir Lindqvist,физик,1,TEDGlobal 2014,2014,Rio de Janeiro,1,2014-03-08,2014-07-04,1227,1265320,286,41
2241,Почему вирусы молчат,Alex Silva,архитектор,1,TED2014,2014,Vancouver,1,2014-01-08,2014-07-04,1150,2717956,430,28
839,Зачем космос решают за нас,David Kaplan,дизайнер,2,TEDMED 2014,2014,San Francisco,1,2014-01-04,2014-07-05,696,463508,191,28
1667,Каким образом доверие говорят правду,Yuki Moreau,педагог,1,TEDMED 2014,2014,San Francisco,1,2014-01-22,2014-07-07,338,656617,74,49
1370,Отчего климат молчат,Tom Almeida,журналист,1,TEDGlobal 2014,2014,Rio de Janeiro,1,2014-03-26,2014-07-13,844,517811,63,39
56,Зачем эмоции обманывают нас,Kira Castillo,писатель,1,TEDGlobal 2014,2014,Rio de Janeiro,1,2014-06-06,2014-07-14,384,1930937,356,32
60,Почему одиночество держат нас вместе,Aisha Castillo,психолог,2,TEDMED 2014,2014,San Francisco,1,2014-03-08,2014-07-18,521,1320258,334,25
1130,"Как одиночество сложнее, чем выглядят",David Almeida,юрист,1,TEDMED 2014,2014,San Francisco,1,2014-07-07,2014-07-20,561,1021642,116,26
1964,Каким образом семьи возвращаются,Daniel Almeida,астроном,1,TED2014,2014,Vancouver,1,2014-07-03,2014-07-20,960,963009,270,51
1555,Как роботы обманывают нас,Zoe Silva,архитектор,1,TED2014,2014,Vancouver,1,2014-02-10,2014-07-21,415,1230680,237,26
2222,Как медицина не работают,Ana Kowalski,дизайнер,1,TEDGlobal 2014,2014,Rio de Janeiro,1,2014-07-03,2014-07-21,430,272923,26,9
1375,"Зачем мы сложнее, чем выглядят",Felix Petrov,нейробиолог,1,TED2014,2014,Vancouver,1,2014-07-14,2014-07-24,319,5824007,1216,15
1195,Как вода устроены не так,Daniel Ferrari,антрополог,3,TEDGlobal 2014,2014,Rio de Janeiro,1,2014-04-16,2014-07-27,575,9750405,1398,24
1711,Что нейросети решают за нас,Elif Almeida,музыкант,1,TEDMED 2014,2014,San Francisco,1,2014-02-11,2014-07-27,842,6249756,999,40
401,Что вирусы меняют всё,Liam Fischer,художник,1,TEDGlobal 2014,2014,Rio de Janeiro,1,2014-02-15,2014-07-28,394,4226412,846,29
860,Что алгоритмы держат нас вместе,Sara Lindqvist,юрист,1,TED2014,2014,Vancouver,1,2014-06-16,2014-07-28,1290,3635695,410,46
1373,Отчего медицина держат нас вместе,Nora Hassan,психолог,1,TEDGlobal 2014,2014,Rio de Janeiro,1,2014-06-11,2014-07-30,857,9979792,2327,45
1060,Почему границы молчат,Lena Ferrari,архитектор,1,TED2014,2014,Vancouver,1,2014-03-05,2014-07-31,1467,1407858,143,38
2717,Почему привычки требуют пересмотра,Ana Meyer,журналист,1,TED2014,2014,Vancouver,1,2014-05-01,2014-07-31,901,1366716,322,37
1042,Отчего роботы говорят правду,Daniel Bauer,эколог,1,TEDGlobal 2014,2014,Rio de Janeiro,1,2014-07-16,2014-08-01,694,68930142,9009,17
2373,Каким образом океан держат нас вместе,Jonas Dubois,дизайнер,1,TED2014,2014,Vancouver,1,2014-03-18,2014-08-01,731,2395288,249,25
619,Почему вода недооценены,Lena Silva,архитектор,1,TEDMED 2014,2014,San Francisco,1,2014-02-12,2014-08-02,1353,486439,44,34
929,Каким образом архитектура исчезают,Jonas Novak,журналист,1,TEDGlobal 2014,2014,Rio de Janeiro,1,2014-04-19,2014-08-02,251,1178588,157,44
2496,"Что язык важнее, чем кажется",Alex Kowalski,дизайнер,1,TED2014,2014,Vancouver,1,2014-04-28,2014-08-02,673,1351542,124,14
1152,Как архитектура не работают,Sara Silva,художник,1,TED2014,2014,Vancouver,1,2014-07-02,2014-08-05,656,3615056,1473,19
2044,Что музыка нуждаются в защите,Ines Kowalski,журналист,1,TEDMED 2014,2014,San Francisco,1,2014-04-21,2014-08-08,798,9276742,832,39
1454,"Отчего старение сложнее, чем выглядят",Sara Meyer,экономист,1,TED2014,2014,Vancouver,1,2014-02-18,2014-08-09,297,3850223,696,12
2200,Что космос зависят от нас,Elif Novak,,2,TEDGlobal 2014,2014,Rio de Janeiro,1,2014-04-25,2014-08-11,651,647314,167,33
1329,Каким образом музыка держат нас вместе,Tom Iversen,архитектор,1,TED2014,2014,Vancouver,1,2014-03-19,2014-08-12,1178,9851036,1402,39
2005,"Каким образом дети сложнее, чем выглядят",Alex Silva,инженер,1,TED2014,2014,Vancouver,1,2014-07-01,2014-08-12,640,4677860,645,38
2451,Отчего работа устроены не так,David Bauer,музыкант,1,TED2014,2014,Vancouver,1,2014-05-05,2014-08-14,1013,1082378,103,15
1265,Отчего космос определяют будущее,Kira Haugen,экономист,1,TEDMED 2014,2014,San Francisco,1,2014-04-15,2014-08-17,240,398060,41,10
1017,"Каким образом нейросети опаснее, чем принято думать",Hugo Moreau,нейробиолог,2,TED2014,2014,Vancouver,1,2014-08-03,2014-08-18,915,3491667,374,26
1055,"Почему океан важнее, чем кажется",Lucia Moreau,эколог,1,TED2014,2014,Vancouver,1,2014-04-09,2014-08-18,289,5977363,2240,36
1467,Что вирусы зависят от нас,Alex Kaplan,дизайнер,1,TEDMED 2014,2014,San Francisco,1,2014-06-03,2014-08-19,938,365779,49,26
1754,Как память исчезают,Hugo Castillo,писатель,1,TEDMED 2014,2014,San Francisco,1,2014-05-18,2014-08-19,1054,2349702,300,19
633,Каким образом мозг говорят правду,Maria Fischer,эколог,1,TEDMED 2014,2014,San Francisco,1,2014-03-19,2014-08-20,1016,3856566,1324,36
1360,Как одиночество работают против нас,John Adeyemi,предприниматель,2,TED2014,2014,Vancouver,1,2014-03-25,2014-08-20,292,4074458,372,4
985,Отчего вода стали другими,Carlos Haugen,писатель,2,TED2014,2014,Vancouver,1,2014-04-07,2014-08-21,851,1856455,310,13
632,Что время исчезают,Ines Kaplan,музыкант,1,TEDGlobal 2014,2014,Rio de Janeiro,1,2014-08-06,2014-08-22,423,3677398,569,35
2699,Что алгоритмы недооценены,Sara Dubois,активист,1,TEDMED 2014,2014,San Francisco,1,2014-08-04,2014-08-23,306,894814,96,43
651,Что вирусы работают против нас,Zoe Adeyemi,физик,1,TEDGlobal 2014,2014,Rio de Janeiro,1,2014-02-17,2014-08-25,704,3744442,707,15
560,Отчего привычки устроены не так,Alex Ferrari,инженер,1,TEDMED 2014,2014,San Francisco,1,2014-07-17,2014-08-26,198,942979,127,12
2514,Зачем нейросети нуждаются в защите,Peter Petrov,философ,1,TEDMED 2014,2014,San Francisco,1,2014-02-26,2014-08-27,649,962869,159,32
2700,Почему работа заслуживают внимания,Iris Petrov,художник,1,TEDMED 2014,2014,San Francisco,1,2014-04-10,2014-08-29,541,3717516,440,18
1040,Зачем мозг определяют будущее,Tom Haugen,художник,1,TED2014,2014,Vancouver,1,2014-05-12,2014-08-31,1572,1643281,394,28
316,Как нейросети стоят дороже,Mira Moreau,физик,1,TEDGlobal 2014,2014,Rio de Janeiro,1,2014-06-18,2014-09-01,1077,1357908,184,17
953,Зачем алгоритмы определяют будущее,Peter Reyes,математик,1,TEDGlobal 2014,2014,Rio de Janeiro,1,2014-05-16,2014-09-01,302,14978602,1442,33
1343,Каким образом старение молчат,Emma Okafor,активист,1,TEDMED 2014,2014,San Francisco,1,2014-03-03,2014-09-01,549,1214388,302,32
2324,Почему почва не работают,Emma Meyer,музыкант,1,TEDGlobal 2014,2014,Rio de Janeiro,1,2014-04-07,2014-09-02,355,1073494,109,10
1302,Почему климат обманывают нас,Samir Kaplan,биолог,1,TEDMED 2014,2014,San Francisco,1,2014-05-03,2014-09-04,366,2662203,232,29
525,Каким образом одиночество стоят дороже,Ravi Reyes,математик,1,TED2014,2014,Vancouver,1,2014-04-18,2014-09-06,770,30831555,3848,19
324,Почему леса стали другими,Liam Reyes,историк,1,TEDMED 2014,2014,San Francisco,1,2014-07-19,2014-09-07,709,1100116,93,53
1237,Отчего реки зависят от нас,Mira Castillo,режиссёр,1,TEDMED 2014,2014,San Francisco,1,2014-04-15,2014-09-08,1225,17769077,6482,39
2178,Отчего алгоритмы заслуживают внимания,Kira Meyer,программист,1,TED2014,2014,Vancouver,1,2014-06-21,2014-09-11,678,5724363,613,58
1410,Каким образом данные стали другими,Samir Silva,,1,TEDMED 2014,2014,San Francisco,1,2014-08-19,2014-09-13,251,4838735,493,19
2592,"Что эмоции важнее, чем кажется",Hugo Petrov,,1,TEDMED 2014,2014,San Francisco,1,2014-05-28,2014-09-13,1142,2977662,322,32
1846,Почему медицина зависят от нас,Aisha Moreau,нейробиолог,1,TED2014,2014,Vancouver,1,2014-08-10,2014-09-19,471,13007339,1412,39
2552,Что города возвращаются,Aisha Nakamura,архитектор,1,TEDMED 2014,2014,San Francisco,1,2014-07-27,2014-09-25,312,9102340,836,23
1905,Как страх нуждаются в защите,David Ferrari,антрополог,2,TEDGlobal 2014,2014,Rio de Janeiro,1,2014-05-28,2014-09-29,858,1474627,182,30
2374,Почему врачи молчат,Lucia Petrov,педагог,1,TED2014,2014,Vancouver,1,2014-07-16,2014-09-29,393,1626483,167,32
845,Отчего роботы нуждаются в защите,Lena Kowalski,юрист,1,TED2014,2014,Vancouver,1,2014-05-03,2014-09-30,362,219435,74,31
1235,Как дети недооценены,Carlos Nilsen,врач,1,TEDGlobal 2014,2014,Rio de Janeiro,1,2014-04-10,2014-10-01,570,2004488,207,33
1409,"Зачем климат важнее, чем кажется",Ines Ferrari,инженер,1,TEDMED 2014,2014,San Francisco,1,2014-06-09,2014-10-01,764,7474479,1192,46
820,Что медицина держат нас вместе,Yuki Iversen,писатель,1,TEDGlobal 2014,2014,Rio de Janeiro,1,2014-08-02,2014-10-02,917,930786,153,32
1781,Отчего космос устроены не так,Ravi Iversen,эколог,1,TEDGlobal 2014,2014,Rio de Janeiro,1,2014-09-06,2014-10-02,981,6615936,613,32
1066,Как работа зависят от нас,Omar Dubois,математик,1,TEDGlobal 2014,2014,Rio de Janeiro,1,2014-05-04,2014-10-03,297,566576,226,31
1749,Почему школы говорят правду,Kira Fischer,активист,3,TEDMED 2014,2014,San Francisco,1,2014-09-07,2014-10-04,777,2422896,231,40
488,Что одиночество молчат,Ana Meyer,нейробиолог,1,TEDMED 2014,2014,San Francisco,1,2014-07-21,2014-10-06,410,2205206,647,46
1506,Каким образом музыка заслуживают внимания,Daniel Novak,биолог,2,TED2014,2014,Vancouver,1,2014-08-03,2014-10-08,364,430195,37,26
310,Зачем врачи зависят от нас,Aisha Nakamura,юрист,1,TED2014,2014,Vancouver,1,2014-06-25,2014-10-11,498,5835820,896,27
2125,Почему города стоят дороже,Yuki Iversen,активист,1,TED2014,2014,Vancouver,1,2014-08-20,2014-10-14,1085,4759327,403,12
1873,Что сон определяют будущее,Kira Berger,биолог,1,TEDGlobal 2014,2014,Rio de Janeiro,1,2014-06-20,2014-10-15,741,9357766,3411,53
629,Каким образом мы устроены не так,John Moreau,педагог,1,TEDMED 2014,2014,San Francisco,1,2014-07-05,2014-10-18,1067,590831,184,26
1615,Что реки держат нас вместе,Mira Almeida,астроном,1,TEDMED 2014,2014,San Francisco,1,2014-07-14,2014-10-23,160,1878351,171,46
1472,"Зачем мозг важнее, чем кажется",Tom Kowalski,журналист,1,TEDGlobal 2014,2014,Rio de Janeiro,1,2014-09-24,2014-10-25,581,3330401,343,33
2459,Что память возвращаются,Lucia Nilsen,историк,1,TEDMED 2014,2014,San Francisco,1,2014-04-16,2014-10-26,907,12423493,1098,31
1499,Как климат говорят правду,Lucia Lindqvist,антрополог,1,TEDMED 2014,2014,San Francisco,1,2014-05-08,2014-10-28,647,13124676,2391,24
1643,Каким образом эмоции держат нас вместе,Hugo Adeyemi,,1,TED2014,2014,Vancouver,1,2014-04-21,2014-10-29,930,5182756,1018,28
1740,Как доверие работают против нас,Aisha Reyes,физик,2,TED2014,2014,Vancouver,1,2014-08-28,2014-10-29,483,2246691,222,31
1896,Почему гены нуждаются в защите,Maria Nilsen,астроном,1,TEDGlobal 2014,2014,Rio de Janeiro,1,2014-07-04,2014-10-29,976,1679027,140,12
384,Каким образом суды молчат,Samir Nakamura,педагог,1,TEDGlobal 2014,2014,Rio de Janeiro,1,2014-07-24,2014-10-31,1140,9514932,1665,38
385,Почему суды стали другими,Aisha Nilsen,философ,1,TED2014,2014,Vancouver,1,2014-05-07,2014-11-03,1029,619617,68,26
2617,Зачем мозг молчат,Mira Vargas,врач,1,TEDGlobal 2014,2014,Rio de Janeiro,1,2014-06-05,2014-11-03,297,16155870,3819,23
2605,Каким образом реки недооценены,Zoe Kaplan,дизайнер,1,TEDGlobal 2014,2014,Rio de Janeiro,1,2014-08-20,2014-11-05,840,486975,48,26
365,Как язык говорят правду,Emma Iversen,юрист,1,TED2014,2014,Vancouver,1,2014-09-12,2014-11-07,329,1370846,566,31
901,Отчего океан меняют всё,Iris Nilsen,режиссёр,1,TEDMED 2014,2014,San Francisco,1,2014-08-19,2014-11-08,573,244238,23,38
1340,Почему океан решают за нас,Iris Almeida,музыкант,1,TEDMED 2014,2014,San Francisco,1,2014-09-07,2014-11-10,709,2511454,642,4
592,"Что старение сложнее, чем выглядят",Alex Adeyemi,психолог,1,TED2014,2014,Vancouver,1,2014-10-12,2014-11-11,897,4101646,735,27
2134,Отчего энергия требуют пересмотра,Noah Iversen,архитектор,1,TEDMED 2014,2014,San Francisco,1,2014-06-25,2014-11-13,817,1164300,209,20
1698,Как музыка определяют будущее,Tom Fischer,эколог,1,TEDGlobal 2014,2014,Rio de Janeiro,1,2014-06-02,2014-11-15,888,2662130,234,30
2687,Что старение не работают,Noah Haugen,предприниматель,1,TEDGlobal 2014,2014,Rio de Janeiro,1,2014-08-09,2014-11-15,1189,5847980,1176,34
2099,Как суды устроены не так,Ravi Nilsen,историк,1,TEDMED 2014,2014,San Francisco,1,2014-05-25,2014-11-18,454,848394,166,32
2438,Что привычки держат нас вместе,Alex Okafor,архитектор,1,TEDGlobal 2014,2014,Rio de Janeiro,1,2014-08-19,2014-11-18,403,507174,48,43
1420,Каким образом память исчезают,Nora Meyer,физик,1,TEDGlobal 2014,2014,Rio de Janeiro,1,2014-11-01,2014-11-23,518,957355,148,26
1372,Что космос меняют всё,Emma Vargas,психолог,1,TEDGlobal 2014,2014,Rio de Janeiro,1,2014-05-15,2014-11-24,280,2498075,282,44
2231,Зачем семьи заслуживают внимания,David Bauer,активист,1,TED2014,2014,Vancouver,1,2014-09-12,2014-11-24,989,6390891,2338,24
1842,Как космос меняют всё,John Haugen,активист,1,TEDGlobal 2014,2014,Rio de Janeiro,1,2014-08-14,2014-11-26,1411,2429725,226,29
983,Как язык заслуживают внимания,Lucia Meyer,режиссёр,1,TEDGlobal 2014,2014,Rio de Janeiro,1,2014-06-01,2014-11-28,482,8226808,830,2
1281,Что вода не работают,Kira Bauer,эколог,1,TEDMED 2014,2014,San Francisco,1,2014-05-16,2014-11-29,659,3854297,569,50
2644,"Отчего границы опаснее, чем принято думать",Omar Petrov,философ,1,TEDGlobal 2014,2014,Rio de Janeiro,1,2014-06-07,2014-12-01,476,1568195,140,1
875,Почему привычки говорят правду,Mira Reyes,,2,TED2014,2014,Vancouver,1,2014-08-08,2014-12-02,548,2458569,256,48
1044,"Как работа важнее, чем кажется",John Novak,астроном,1,TEDMED 2014,2014,San Francisco,1,2014-11-16,2014-12-02,559,771114,94,27
1874,Зачем леса устроены не так,Hugo Petrov,дизайнер,1,TEDMED 2014,2014,San Francisco,1,2014-11-18,2014-12-03,590,4170045,499,36
2260,Почему выборы держат нас вместе,Elif Hassan,активист,1,TEDGlobal 2014,2014,Rio de Janeiro,1,2014-09-05,2014-12-03,1046,1590554,166,43
135,Отчего данные возвращаются,John Ferrari,активист,1,TEDMED 2014,2014,San Francisco,1,2014-11-22,2014-12-06,666,1457075,155,37
1151,Каким образом мы требуют пересмотра,Lucia Bauer,антрополог,1,TED2014,2014,Vancouver,1,2014-06-07,2014-12-07,792,3337792,573,27
2728,Как сон недооценены,Elif Kaplan,предприниматель,1,TED2014,2014,Vancouver,1,2014-09-14,2014-12-09,393,731326,227,8
1840,Что сон зависят от нас,Nora Novak,астроном,1,TED2014,2014,Vancouver,1,2014-09-06,2014-12-10,378,577129,118,13
1466,Каким образом бактерии нуждаются в защите,Nora Ferrari,историк,1,TED2014,2014,Vancouver,1,2014-06-16,2014-12-13,304,5902990,1798,25
1308,"Зачем границы сложнее, чем выглядят",Noah Nilsen,режиссёр,3,TEDGlobal 2014,2014,Rio de Janeiro,1,2014-10-26,2014-12-16,603,4153200,1197,18
2368,Каким образом границы решают за нас,Carlos Silva,художник,1,TEDGlobal 2014,2014,Rio de Janeiro,1,2014-08-03,2014-12-16,1080,4700749,824,26
911,Отчего вирусы нуждаются в защите,Nora Almeida,архитектор,1,TEDGlobal 2014,2014,Rio de Janeiro,1,2014-10-11,2014-12-17,760,1499803,143,31
1674,Как мозг меняют всё,Peter Almeida,математик,2,TEDGlobal 2014,2014,Rio de Janeiro,1,2014-11-27,2014-12-17,1238,3356187,717,33
869,Почему суды решают за нас,Carlos Dubois,художник,1,TEDMED 2014,2014,San Francisco,1,2014-11-15,2014-12-18,1367,1251808,133,43
2210,Как роботы не работают,Iris Iversen,математик,1,TEDGlobal 2014,2014,Rio de Janeiro,1,2014-08-19,2014-12-19,1150,934561,147,20
727,Отчего деньги стоят дороже,Lucia Adeyemi,писатель,1,TEDMED 2014,2014,San Francisco,1,2014-08-20,2014-12-20,432,860280,207,14
2288,Что нейросети говорят правду,Iris Reyes,юрист,1,TEDMED 2014,2014,San Francisco,1,2014-09-11,2014-12-20,507,2439425,485,22
1937,Каким образом данные исчезают,David Nakamura,антрополог,1,TEDMED 2014,2014,San Francisco,1,2014-09-25,2014-12-22,365,1750663,612,16
1747,Что доверие стали другими,Alex Meyer,антрополог,1,TEDGlobal 2014,2014,Rio de Janeiro,1,2014-07-08,2014-12-26,351,696951,94,27
1101,Как мы держат нас вместе,Emma Fischer,,1,TEDGlobal 2014,2014,Rio de Janeiro,1,2014-08-13,2014-12-28,760,1355023,280,32
2117,Каким образом климат определяют будущее,Mira Castillo,врач,1,TED2014,2014,Vancouver,1,2014-11-20,2014-12-28,371,2122913,290,37
2145,"Как нейросети сложнее, чем выглядят",Jonas Dubois,антрополог,1,TEDGlobal 2014,2014,Rio de Janeiro,1,2014-08-09,2014-12-31,1050,1984923,543,1
2279,Зачем школы меняют всё,Alex Reyes,психолог,1,TEDMED 2014,2014,San Francisco,1,2014-10-12,2015-01-02,316,2175859,307,20
1703,Что вирусы решают за нас,Samir Dubois,биолог,1,TEDMED 2014,2014,San Francisco,1,2014-12-13,2015-01-03,985,3209479,276,29
42,Что школы не работают,Liam Iversen,писатель,1,TEDGlobal 2014,2014,Rio de Janeiro,1,2014-10-10,2015-01-06,598,1691675,179,19
1238,Почему бактерии недооценены,Noah Hassan,юрист,1,TEDGlobal 2014,2014,Rio de Janeiro,1,2014-12-18,2015-01-06,686,920699,168,24
76,Каким образом страх нуждаются в защите,Kira Nilsen,предприниматель,1,TEDGlobal 2014,2014,Rio de Janeiro,1,2014-07-13,2015-01-07,1058,4070297,1678,21
2599,Что страх стали другими,Alex Haugen,,1,TEDGlobal 2014,2014,Rio de Janeiro,1,2014-10-03,2015-01-07,1162,3840357,575,39
2183,Почему реки исчезают,Omar Silva,педагог,1,TEDGlobal 2014,2014,Rio de Janeiro,1,2014-10-26,2015-01-09,1455,2931744,1083,17
780,Как роботы говорят правду,Jonas Haugen,писатель,1,TED2014,2014,Vancouver,1,2014-07-22,2015-01-12,1172,1096298,123,20
2659,Что океан заслуживают внимания,Ana Nilsen,педагог,1,TEDMED 2014,2014,San Francisco,1,2014-12-23,2015-01-12,667,3478349,341,33
282,Зачем вода не работают,Tom Ferrari,предприниматель,1,TEDMED 2014,2014,San Francisco,1,2014-12-10,2015-01-13,518,1834649,243,34
1037,Отчего мы нуждаются в защите,Ana Moreau,журналист,1,TED2014,2014,Vancouver,1,2014-09-24,2015-01-18,258,322042,89,25
1801,Каким образом реки обманывают нас,Aisha Bauer,физик,1,TEDMED 2014,2014,San Francisco,1,2014-08-07,2015-01-18,299,3672819,367,29
600,Отчего врачи нуждаются в защите,Kira Lindqvist,инженер,1,TEDGlobal 2014,2014,Rio de Janeiro,1,2014-08-06,2015-01-21,613,725576,293,18
373,Зачем алгоритмы меняют всё,Ines Fischer,программист,1,TED2014,2014,Vancouver,1,2014-11-01,2015-01-24,345,618054,53,8
1931,Как вирусы устроены не так,Lucia Vargas,,1,TEDGlobal 2014,2014,Rio de Janeiro,1,2014-08-20,2015-01-25,419,1396604,180,27
143,"Зачем язык опаснее, чем принято думать",Zoe Ferrari,психолог,1,TEDGlobal 2014,2014,Rio de Janeiro,1,2014-07-17,2015-01-28,1486,2284742,211,47
715,Почему привычки зависят от нас,Kira Okafor,предприниматель,1,TED2014,2014,Vancouver,1,2014-10-10,2015-02-01,726,3076308,299,28
2093,"Зачем деньги опаснее, чем принято думать",Samir Berger,архитектор,1,TEDGlobal 2014,2014,Rio de Janeiro,1,2014-09-01,2015-02-01,273,1298365,109,34
2242,Зачем космос заслуживают внимания,Omar Lindqvist,биолог,1,TED2014,2014,Vancouver,1,2014-11-27,2015-02-01,361,7081516,883,22
1493,Как врачи заслуживают внимания,Aisha Moreau,философ,1,TEDMED 2014,2014,San Francisco,1,2014-10-28,2015-02-02,281,2928502,615,9
406,Что почва зависят от нас,Zoe Castillo,предприниматель,1,TED2014,2014,Vancouver,1,2014-08-06,2015-02-03,536,1016359,339,53
1490,"Почему космос сложнее, чем выглядят",Peter Haugen,биолог,1,TED2014,2014,Vancouver,1,2014-09-07,2015-02-03,517,4259230,457,25
642,"Что страх важнее, чем кажется",Omar Fischer,музыкант,1,TED2015,2015,Vancouver,1,2015-01-25,2015-02-05,680,3538546,306,30
1025,Отчего архитектура заслуживают внимания,Lucia Meyer,музыкант,1,TED2014,2014,Vancouver,1,2014-12-03,2015-02-05,724,5208821,944,40
776,Каким образом океан стали другими,Mira Ferrari,журналист,2,TEDMED 2014,2014,San Francisco,1,2014-08-15,2015-02-07,300,3459492,545,7
337,Зачем выборы стоят дороже,Ana Fischer,психолог,1,TEDMED 2014,2014,San Francisco,1,2014-10-17,2015-02-08,425,5272989,754,25
885,Как старение нуждаются в защите,Iris Bauer,инженер,1,TEDGlobal 2014,2014,Rio de Janeiro,1,2014-12-03,2015-02-08,355,854233,140,23
1830,Каким образом язык говорят правду,Sara Kowalski,эколог,1,TEDGlobal 2014,2014,Rio de Janeiro,1,2014-11-03,2015-02-08,400,1339529,203,48
565,Что мы решают за нас,Maria Adeyemi,математик,1,TEDMED 2014,2014,San Francisco,1,2014-11-23,2015-02-12,392,3570840,515,30
723,Как работа говорят правду,Liam Moreau,биолог,1,TEDWomen 2015,2015,Monterey,1,2015-02-01,2015-02-13,904,1836552,266,2
2585,"Что города важнее, чем кажется",Iris Iversen,математик,1,TEDGlobal 2014,2014,Rio de Janeiro,1,2014-09-25,2015-02-13,1344,1392940,378,17
2271,Почему семьи обманывают нас,Felix Lindqvist,режиссёр,1,TEDMED 2014,2014,San Francisco,1,2014-08-02,2015-02-17,1435,995795,103,53
2654,"Как почва сложнее, чем выглядят",Ana Lindqvist,музыкант,1,TED2014,2014,Vancouver,1,2014-12-22,2015-02-18,961,2511613,214,43
524,Почему память возвращаются,Sara Nilsen,,1,TED2014,2014,Vancouver,1,2014-08-14,2015-02-21,378,5739703,589,33
1064,Отчего работа зависят от нас,Nora Berger,,1,TEDGlobal 2014,2014,Rio de Janeiro,1,2014-11-21,2015-02-21,430,5995612,772,28
1199,Отчего память устроены не так,Ines Okafor,активист,1,TEDGlobal 2014,2014,Rio de Janeiro,1,2014-09-04,2015-02-21,674,9149833,957,35
418,Зачем время зависят от нас,Iris Iversen,писатель,1,TEDMED 2014,2014,San Francisco,1,2014-12-21,2015-02-28,344,1154598,199,19
553,Как сон устроены не так,Lena Vargas,программист,1,TED2015,2015,Vancouver,1,2015-02-15,2015-02-28,1213,4644907,417,32
2236,Каким образом школы обманывают нас,John Moreau,философ,1,TED2014,2014,Vancouver,1,2014-11-20,2015-03-01,612,8339485,1443,34
111,Как время исчезают,Lucia Adeyemi,нейробиолог,1,TEDMED 2014,2014,San Francisco,1,2014-09-19,2015-03-02,669,5514831,1296,21
292,Почему космос возвращаются,Noah Petrov,программист,1,TED2014,2014,Vancouver,1,2014-12-14,2015-03-02,778,773455,75,34
589,Каким образом выборы работают против нас,John Bauer,предприниматель,2,TED2014,2014,Vancouver,1,2014-08-23,2015-03-02,845,5572143,601,24
1589,Зачем вода исчезают,Felix Iversen,физик,1,TEDGlobal 2014,2014,Rio de Janeiro,1,2014-11-23,2015-03-04,791,991144,145,8
1755,Каким образом океан нуждаются в защите,Kira Petrov,математик,1,TEDGlobal 2014,2014,Rio de Janeiro,1,2014-11-01,2015-03-04,761,2558816,1073,62
1769,Отчего роботы определяют будущее,Liam Okafor,,1,TED2014,2014,Vancouver,1,2014-12-20,2015-03-06,855,1000128,87,1
2173,"Каким образом границы важнее, чем кажется",Liam Iversen,,1,TED2014,2014,Vancouver,1,2014-11-27,2015-03-08,988,3691007,666,39
2600,Каким образом сон молчат,Iris Fischer,писатель,1,TEDGlobal 2014,2014,Rio de Janeiro,1,2014-12-27,2015-03-10,812,3242401,450,28
1979,Каким образом суды меняют всё,Aisha Almeida,экономист,1,TEDMED 2014,2014,San Francisco,1,2014-11-01,2015-03-12,326,5681080,939,18
96,Что деньги обманывают нас,Alex Vargas,врач,1,TEDx Talks,2015,различные,0,2015-01-26,2015-03-13,802,794251,84,23
779,Почему музыка исчезают,Ravi Bauer,врач,1,TED2014,2014,Vancouver,1,2014-10-06,2015-03-14,461,6116468,536,36
2197,Каким образом архитектура возвращаются,Ravi Silva,педагог,1,TEDx Talks,2015,различные,0,2015-02-03,2015-03-16,929,1643022,249,34
2420,Каким образом леса решают за нас,John Adeyemi,математик,1,TEDWomen 2015,2015,Monterey,1,2015-01-12,2015-03-16,696,320273,47,20
7,Каким образом роботы работают против нас,Tom Moreau,эколог,1,TED2014,2014,Vancouver,1,2014-10-28,2015-03-17,440,6141298,920,22
945,Каким образом вода стали другими,Iris Haugen,активист,1,TED2015,2015,Vancouver,1,2015-01-24,2015-03-17,1000,1162199,253,35
1113,Что эмоции зависят от нас,Zoe Moreau,программист,1,TEDx Talks,2015,различные,0,2015-02-25,2015-03-17,799,631946,57,37
513,Почему вода обманывают нас,Lena Dubois,экономист,1,TEDGlobal 2014,2014,Rio de Janeiro,1,2014-10-25,2015-03-19,350,1087678,370,1
724,Каким образом медицина работают против нас,Emma Berger,музыкант,1,TEDWomen 2015,2015,Monterey,1,2015-02-08,2015-03-20,1186,7803833,2426,31
1730,Что почва устроены не так,John Kaplan,юрист,1,TED2015,2015,Vancouver,1,2015-02-25,2015-03-20,971,1071777,128,29
2346,"Почему океан сложнее, чем выглядят",Ines Reyes,педагог,2,TEDGlobal 2014,2014,Rio de Janeiro,1,2014-12-24,2015-03-20,1083,1019537,196,11
626,Отчего мозг определяют будущее,Sara Lindqvist,биолог,1,TEDGlobal 2014,2014,Rio de Janeiro,1,2014-12-16,2015-03-22,1079,390007,47,31
1056,Каким образом язык работают против нас,Ravi Ferrari,художник,1,TEDx Talks,2015,различные,0,2015-01-12,2015-03-25,1355,860772,129,34
968,Отчего эмоции стоят дороже,Daniel Lindqvist,архитектор,1,TEDWomen 2015,2015,Monterey,1,2015-02-05,2015-03-27,810,4224719,957,31
1230,Каким образом семьи заслуживают внимания,Sara Nakamura,инженер,1,TEDMED 2014,2014,San Francisco,1,2014-11-22,2015-03-27,970,3146145,392,32
773,"Зачем память важнее, чем кажется",Yuki Nakamura,архитектор,2,TEDWomen 2015,2015,Monterey,1,2015-01-02,2015-03-28,773,9514740,983,23
2437,Почему вирусы зависят от нас,Zoe Okafor,нейробиолог,1,TEDMED 2014,2014,San Francisco,1,2014-10-21,2015-03-31,456,8466371,734,29
113,Почему мы решают за нас,Lucia Lindqvist,эколог,1,TEDGlobal 2014,2014,Rio de Janeiro,1,2014-11-14,2015-04-01,266,981314,88,43
623,Каким образом леса нуждаются в защите,Lucia Vargas,режиссёр,3,TEDGlobal 2014,2014,Rio de Janeiro,1,2014-10-17,2015-04-05,596,497128,180,5
1774,Почему деньги зависят от нас,Ravi Meyer,врач,1,TED2014,2014,Vancouver,1,2014-09-22,2015-04-05,493,775395,236,26
284,Как города не работают,Carlos Iversen,физик,1,TED2015,2015,Vancouver,1,2015-03-03,2015-04-08,1202,6503326,696,44
1028,Почему одиночество решают за нас,Jonas Moreau,врач,1,TEDWomen 2015,2015,Monterey,1,2015-01-07,2015-04-10,628,997306,337,11
705,Как мы решают за нас,Ana Silva,дизайнер,1,TED2014,2014,Vancouver,1,2014-10-11,2015-04-12,289,2483073,367,38
1290,Зачем реки требуют пересмотра,Jonas Adeyemi,нейробиолог,1,TEDGlobal 2014,2014,Rio de Janeiro,1,2014-10-16,2015-04-13,307,5897481,592,22
2071,Отчего леса меняют всё,Tom Vargas,программист,1,TEDx Talks,2015,различные,0,2015-03-28,2015-04-13,845,2996772,534,14
2,Отчего одиночество держат нас вместе,Sara Kaplan,предприниматель,1,TED2014,2014,Vancouver,1,2014-11-26,2015-04-15,958,10636780,1756,31
1926,"Как океан сложнее, чем выглядят",Liam Meyer,биолог,1,TED2015,2015,Vancouver,1,2015-02-04,2015-04-15,1106,2453181,655,26
1451,Как музыка работают против нас,Lena Silva,физик,1,TEDGlobal 2014,2014,Rio de Janeiro,1,2014-10-12,2015-04-21,1045,6631549,1079,24
900,Почему дети заслуживают внимания,Emma Reyes,физик,1,TED2015,2015,Vancouver,1,2015-04-11,2015-04-22,1175,346380,52,39
197,Каким образом привычки возвращаются,Aisha Kaplan,предприниматель,1,TEDWomen 2015,2015,Monterey,1,2015-02-16,2015-04-23,1267,2004551,245,61
2130,Как роботы работают против нас,Omar Ferrari,философ,1,TED2015,2015,Vancouver,1,2015-03-23,2015-04-24,690,4266311,516,24
46,"Зачем гены важнее, чем кажется",David Hassan,музыкант,1,TEDMED 2014,2014,San Francisco,1,2014-10-08,2015-04-25,485,1655297,269,28
1078,Зачем алгоритмы заслуживают внимания,Samir Haugen,,1,TEDx Talks,2015,различные,0,2015-01-23,2015-04-25,285,448273,46,16
2476,"Почему язык важнее, чем кажется",Iris Ferrari,философ,1,TEDGlobal 2014,2014,Rio de Janeiro,1,2014-11-23,2015-04-25,388,255443,25,36
2030,Почему климат говорят правду,Nora Kowalski,физик,1,TEDWomen 2015,2015,Monterey,1,2015-03-10,2015-04-26,821,323794,36,31
213,Зачем океан зависят от нас,Lena Novak,экономист,1,TEDWomen 2015,2015,Monterey,1,2015-04-06,2015-04-28,1035,1389542,123,44
2478,Почему гены недооценены,Lucia Okafor,психолог,1,TEDWomen 2015,2015,Monterey,1,2015-03-06,2015-04-29,990,985743,125,34
2533,Как язык определяют будущее,Maria Okafor,астроном,2,TEDx Talks,2015,различные,0,2015-03-06,2015-04-29,715,1430893,266,26
2291,Что нейросети исчезают,Ines Kaplan,предприниматель,1,TEDx Talks,2015,различные,0,2015-03-06,2015-04-30,469,604251,91,10
1356,Каким образом океан определяют будущее,Ana Haugen,художник,1,TEDGlobal 2014,2014,Rio de Janeiro,1,2014-12-23,2015-05-01,660,2874060,301,10
571,"Отчего школы важнее, чем кажется",Ravi Almeida,музыкант,1,TED2015,2015,Vancouver,1,2015-03-26,2015-05-02,1206,6386917,1154,29
2350,"Почему одиночество сложнее, чем выглядят",Hugo Lindqvist,физик,1,TEDx Talks,2015,различные,0,2015-04-16,2015-05-02,705,2992792,902,15
2531,Как врачи стоят дороже,Alex Lindqvist,физик,1,TED2015,2015,Vancouver,1,2015-01-15,2015-05-03,969,4032419,1112,25
1204,Как реки исчезают,Daniel Reyes,математик,1,TEDx Talks,2015,различные,0,2015-01-23,2015-05-04,984,775230,106,24
1326,Как почва устроены не так,Omar Reyes,экономист,1,TEDWomen 2015,2015,Monterey,1,2015-02-22,2015-05-05,359,10688515,1477,31
1621,Почему страх зависят от нас,Ana Berger,психолог,2,TEDWomen 2015,2015,Monterey,1,2015-01-15,2015-05-05,532,540209,76,26
2128,"Как медицина сложнее, чем выглядят",Liam Kowalski,инженер,1,TED2015,2015,Vancouver,1,2015-03-25,2015-05-06,936,10558792,1637,45
1847,Каким образом выборы обманывают нас,Iris Vargas,юрист,1,TEDWomen 2015,2015,Monterey,1,2015-02-11,2015-05-08,499,11435987,4711,51
280,Зачем доверие говорят правду,Ana Berger,юрист,1,TEDGlobal 2014,2014,Rio de Janeiro,1,2014-11-14,2015-05-09,985,3395073,313,46
2090,Как врачи говорят правду,Ines Okafor,архитектор,2,TED2014,2014,Vancouver,1,2014-12-01,2015-05-10,743,4567357,1379,40
2686,Что вода недооценены,Nora Kaplan,дизайнер,1,TEDx Talks,2015,различные,0,2015-03-06,2015-05-13,577,1523763,579,40
545,Что время нуждаются в защите,Elif Hassan,историк,2,TEDWomen 2015,2015,Monterey,1,2015-02-17,2015-05-16,463,1297933,150,25
2153,Почему нейросети зависят от нас,Noah Nakamura,историк,1,TEDWomen 2015,2015,Monterey,1,2015-01-17,2015-05-16,917,885397,75,17
2679,Что вода возвращаются,Samir Haugen,архитектор,1,TEDMED 2014,2014,San Francisco,1,2014-12-04,2015-05-16,1236,1096169,450,20
2296,Почему энергия зависят от нас,Mira Kowalski,экономист,3,TEDWomen 2015,2015,Monterey,1,2015-01-15,2015-05-17,1116,1183047,433,32
2615,Каким образом нейросети стали другими,Nora Reyes,эколог,1,TEDMED 2014,2014,San Francisco,1,2014-11-12,2015-05-17,486,594224,87,44
2682,Каким образом вирусы нуждаются в защите,Hugo Almeida,дизайнер,1,TEDWomen 2015,2015,Monterey,1,2015-02-04,2015-05-17,1371,3917186,798,27
1097,"Почему язык сложнее, чем выглядят",Daniel Kaplan,психолог,1,TED2014,2014,Vancouver,1,2014-11-25,2015-05-18,325,5110156,460,18
897,"Как вирусы опаснее, чем принято думать",Nora Moreau,режиссёр,1,TEDWomen 2015,2015,Monterey,1,2015-05-03,2015-05-19,310,492247,75,44
1203,Почему города не работают,Noah Moreau,историк,1,TEDWomen 2015,2015,Monterey,1,2015-02-16,2015-05-19,924,1929439,573,24
2650,Как энергия нуждаются в защите,Jonas Okafor,предприниматель,1,TEDWomen 2015,2015,Monterey,1,2015-02-18,2015-05-21,779,37065907,8211,27
1796,"Как роботы опаснее, чем принято думать",Ines Vargas,математик,1,TEDx Talks,2015,различные,0,2015-01-22,2015-05-24,186,810006,174,3
1200,Как врачи требуют пересмотра,Kira Silva,педагог,1,TEDGlobal 2014,2014,Rio de Janeiro,1,2014-12-25,2015-05-26,776,281152,28,21
1685,"Почему работа важнее, чем кажется",Noah Meyer,предприниматель,3,TED2015,2015,Vancouver,1,2015-03-16,2015-05-26,1081,1359808,227,39
313,Каким образом почва говорят правду,Ines Berger,инженер,1,TEDWomen 2015,2015,Monterey,1,2015-05-10,2015-05-27,1306,7133657,639,18
2065,Отчего леса требуют пересмотра,Felix Moreau,математик,1,TED2015,2015,Vancouver,1,2015-03-21,2015-05-27,378,1580920,254,8
1075,"Отчего границы важнее, чем кажется",Mira Silva,инженер,1,TEDWomen 2015,2015,Monterey,1,2015-02-24,2015-05-28,650,2954526,1134,19
1531,Каким образом язык заслуживают внимания,Ravi Okafor,,1,TEDx Talks,2015,различные,0,2015-05-01,2015-05-29,372,968844,108,19
2285,Зачем леса зависят от нас,Omar Berger,музыкант,1,TED2015,2015,Vancouver,1,2015-04-02,2015-05-29,367,2570844,243,20
1156,Зачем одиночество говорят правду,Elif Petrov,журналист,1,TEDx Talks,2015,различные,0,2015-04-02,2015-06-02,1183,2420841,471,50
1720,Что океан возвращаются,Ravi Lindqvist,антрополог,1,TED2014,2014,Vancouver,1,2014-12-28,2015-06-02,346,940210,98,49
227,Что язык возвращаются,Daniel Reyes,экономист,1,TEDx Talks,2015,различные,0,2015-02-08,2015-06-03,916,1132455,114,11
1562,Зачем города работают против нас,Omar Petrov,программист,1,TED2015,2015,Vancouver,1,2015-01-13,2015-06-03,357,29531599,4880,47
846,Почему доверие требуют пересмотра,Kira Ferrari,писатель,1,TEDGlobal 2014,2014,Rio de Janeiro,1,2014-12-22,2015-06-07,338,10005307,4025,21
434,"Зачем вирусы опаснее, чем принято думать",Sara Silva,эколог,1,TEDx Talks,2015,различные,0,2015-02-06,2015-06-09,285,139155,12,27
1403,Отчего леса держат нас вместе,Peter Kaplan,психолог,1,TED2015,2015,Vancouver,1,2015-02-07,2015-06-10,1074,10226307,1663,64
2011,Как сон обманывают нас,Kira Meyer,режиссёр,1,TEDGlobal 2014,2014,Rio de Janeiro,1,2014-12-17,2015-06-10,672,832525,159,20
2749,Почему медицина стали другими,Liam Adeyemi,музыкант,1,TEDMED 2014,2014,San Francisco,1,2014-12-03,2015-06-11,1358,4813744,1851,44
2711,Отчего гены заслуживают внимания,Aisha Novak,математик,1,TEDWomen 2015,2015,Monterey,1,2015-04-14,2015-06-16,599,1368234,471,10
1426,Что леса решают за нас,Ana Berger,нейробиолог,1,TEDWomen 2015,2015,Monterey,1,2015-04-11,2015-06-19,485,1261314,146,35
1894,Каким образом страх определяют будущее,Elif Moreau,дизайнер,1,TED2015,2015,Vancouver,1,2015-01-03,2015-06-22,735,3541882,359,28
97,Зачем архитектура заслуживают внимания,Omar Ferrari,журналист,1,TEDWomen 2015,2015,Monterey,1,2015-03-11,2015-06-25,785,8720801,856,37
2146,Почему старение решают за нас,Ines Castillo,,1,TEDx Talks,2015,различные,0,2015-05-05,2015-06-26,1186,286518,56,27
821,"Отчего вода важнее, чем кажется",Hugo Okafor,математик,1,TEDx Talks,2015,различные,0,2015-02-07,2015-06-28,673,1338630,180,1
2556,Каким образом алгоритмы исчезают,Kira Kaplan,архитектор,1,TED2014,2014,Vancouver,1,2014-12-15,2015-06-28,892,1311301,179,15
2425,"Зачем страх важнее, чем кажется",Kira Bauer,программист,1,TEDWomen 2015,2015,Monterey,1,2015-01-13,2015-06-29,366,982473,277,24
1868,Зачем климат определяют будущее,Mira Meyer,биолог,1,TEDWomen 2015,2015,Monterey,1,2015-01-10,2015-07-02,499,5999903,728,54
2460,Зачем данные обманывают нас,John Petrov,философ,1,TEDx Talks,2015,различные,0,2015-02-22,2015-07-02,337,2027990,677,34
1157,"Каким образом музыка опаснее, чем принято думать",Ana Nakamura,философ,2,TED2015,2015,Vancouver,1,2015-01-21,2015-07-04,232,8740515,850,28
1723,Почему музыка зависят от нас,Tom Haugen,,1,TED2015,2015,Vancouver,1,2015-01-02,2015-07-04,421,1962170,232,45
2009,Отчего мы решают за нас,Samir Dubois,художник,1,TEDx Talks,2015,различные,0,2015-03-19,2015-07-07,546,533832,103,25
1160,Зачем медицина стали другими,Elif Castillo,нейробиолог,2,TEDx Talks,2015,различные,0,2015-02-23,2015-07-08,918,890824,152,25
1328,"Почему архитектура опаснее, чем принято думать",Samir Meyer,писатель,1,TED2015,2015,Vancouver,1,2015-04-10,2015-07-14,355,292392,32,31
1552,Как реки решают за нас,Daniel Adeyemi,художник,1,TEDx Talks,2015,различные,0,2015-04-12,2015-07-18,318,1464043,140,41
905,Что медицина стали другими,David Vargas,дизайнер,1,TEDWomen 2015,2015,Monterey,1,2015-02-13,2015-07-19,682,333464,42,6
228,Как вирусы зависят от нас,John Berger,биолог,1,TED2015,2015,Vancouver,1,2015-07-08,2015-07-20,331,12322511,2562,32
2721,Как время стоят дороже,Lena Nakamura,биолог,2,TED2015,2015,Vancouver,1,2015-05-12,2015-07-20,270,1854686,337,1
1784,Как дети требуют пересмотра,David Bauer,юрист,1,TEDWomen 2015,2015,Monterey,1,2015-02-13,2015-07-21,364,520815,126,39
2507,Почему почва нуждаются в защите,Nora Silva,историк,1,TED2015,2015,Vancouver,1,2015-03-07,2015-07-21,594,14609908,1283,34
238,Зачем почва говорят правду,Zoe Dubois,художник,1,TED2015,2015,Vancouver,1,2015-03-25,2015-07-24,991,463005,54,29
671,Как космос говорят правду,Zoe Bauer,экономист,1,TEDx Talks,2015,различные,0,2015-03-14,2015-07-24,464,1112632,171,30
1965,"Зачем эмоции опаснее, чем принято думать",Iris Hassan,врач,1,TEDx Talks,2015,различные,0,2015-02-28,2015-07-25,294,344859,49,20
1191,Что алгоритмы решают за нас,Daniel Reyes,режиссёр,1,TEDWomen 2015,2015,Monterey,1,2015-07-07,2015-07-26,149,708024,85,41
2676,Каким образом медицина стали другими,Nora Adeyemi,историк,1,TED2015,2015,Vancouver,1,2015-04-25,2015-07-28,369,2018636,754,38
1526,Зачем эмоции определяют будущее,Sara Nilsen,юрист,1,TEDWomen 2015,2015,Monterey,1,2015-04-17,2015-08-02,429,6571826,659,42
2008,Каким образом сон держат нас вместе,Zoe Okafor,дизайнер,1,TEDx Talks,2015,различные,0,2015-05-08,2015-08-04,670,1600824,142,21
78,Каким образом океан стоят дороже,Mira Okafor,историк,1,TEDx Talks,2015,различные,0,2015-04-25,2015-08-06,368,1881221,346,39
81,Что гены меняют всё,Daniel Almeida,врач,1,TEDx Talks,2015,различные,0,2015-06-17,2015-08-08,1089,184372,57,40
1015,Зачем мозг заслуживают внимания,Iris Reyes,астроном,1,TEDWomen 2015,2015,Monterey,1,2015-02-03,2015-08-09,643,1357129,126,26
1999,Каким образом океан исчезают,Nora Meyer,программист,1,TEDWomen 2015,2015,Monterey,1,2015-06-07,2015-08-09,456,11839490,1422,17
848,Каким образом язык устроены не так,Yuki Castillo,инженер,1,TEDx Talks,2015,различные,0,2015-06-13,2015-08-12,388,248672,68,44
2472,Зачем музыка устроены не так,Emma Berger,дизайнер,1,TEDWomen 2015,2015,Monterey,1,2015-03-17,2015-08-18,765,1000566,161,23
29,Что вода работают против нас,Mira Fischer,музыкант,1,TED2015,2015,Vancouver,1,2015-07-03,2015-08-19,725,1443741,159,35
663,Почему роботы держат нас вместе,Elif Hassan,дизайнер,1,TEDWomen 2015,2015,Monterey,1,2015-06-08,2015-08-19,787,1193741,281,38
683,Отчего суды определяют будущее,Zoe Okafor,активист,1,TEDx Talks,2015,различные,0,2015-03-21,2015-08-22,1160,3737291,705,41
357,Зачем гены работают против нас,Lena Nilsen,физик,1,TED2015,2015,Vancouver,1,2015-04-27,2015-08-25,912,509106,100,24
1509,Почему суды зависят от нас,Elif Fischer,математик,1,TED2015,2015,Vancouver,1,2015-06-01,2015-08-25,468,709180,89,42
1630,Каким образом работа меняют всё,Maria Meyer,предприниматель,1,TED2015,2015,Vancouver,1,2015-02-09,2015-08-25,1193,1135505,203,16
1959,Почему космос зависят от нас,Tom Moreau,программист,2,TEDx Talks,2015,различные,0,2015-02-22,2015-08-25,519,1798646,559,50
1365,Что климат работают против нас,Sara Ferrari,архитектор,1,TEDx Talks,2015,различные,0,2015-04-05,2015-08-26,960,369311,88,28
1851,Отчего врачи говорят правду,Emma Novak,экономист,2,TEDWomen 2015,2015,Monterey,1,2015-04-14,2015-08-28,780,1413553,171,41
2498,Почему границы определяют будущее,Jonas Nakamura,математик,1,TEDWomen 2015,2015,Monterey,1,2015-08-17,2015-08-28,979,534584,139,18
20,Что энергия требуют пересмотра,Aisha Meyer,режиссёр,1,TEDx Talks,2015,различные,0,2015-08-03,2015-08-29,506,392273,39,26
964,Что сон стоят дороже,Mira Castillo,биолог,1,TED2015,2015,Vancouver,1,2015-04-24,2015-09-01,478,352067,39,20
1436,Что врачи нуждаются в защите,Yuki Kowalski,астроном,1,TEDWomen 2015,2015,Monterey,1,2015-02-28,2015-09-01,967,1884449,231,12
895,Отчего время молчат,Omar Dubois,нейробиолог,1,TED2015,2015,Vancouver,1,2015-04-25,2015-09-02,355,269808,89,14
976,Отчего реки работают против нас,Felix Nakamura,,1,TEDx Talks,2015,различные,0,2015-04-09,2015-09-03,854,906008,341,9
766,Отчего сон молчат,David Berger,,1,TEDWomen 2015,2015,Monterey,1,2015-08-17,2015-09-05,882,1647273,173,10
37,Как архитектура стали другими,Ana Reyes,инженер,1,TEDx Talks,2015,различные,0,2015-02-23,2015-09-06,798,268258,28,37
118,Как реки держат нас вместе,Mira Almeida,математик,1,TEDx Talks,2015,различные,0,2015-08-16,2015-09-06,1055,6694176,630,30
2089,Что гены молчат,Mira Hassan,врач,1,TEDWomen 2015,2015,Monterey,1,2015-07-12,2015-09-06,397,4684169,1042,28
988,Отчего реки нуждаются в защите,Daniel Nilsen,антрополог,1,TEDx Talks,2015,различные,0,2015-03-27,2015-09-07,1144,8532707,1075,22
730,Что города недооценены,Tom Iversen,антрополог,1,TED2015,2015,Vancouver,1,2015-04-27,2015-09-10,540,532572,53,17
961,"Зачем реки важнее, чем кажется",Carlos Meyer,физик,1,TEDx Talks,2015,различные,0,2015-03-07,2015-09-12,894,1457263,406,18
1488,Отчего сон недооценены,Aisha Iversen,экономист,1,TEDx Talks,2015,различные,0,2015-07-10,2015-09-12,777,3215371,636,41
770,Что семьи не работают,Kira Nakamura,программист,1,TEDWomen 2015,2015,Monterey,1,2015-03-15,2015-09-15,285,594867,194,27
1032,Отчего данные работают против нас,Liam Lindqvist,,1,TEDWomen 2015,2015,Monterey,1,2015-07-24,2015-09-15,259,2846963,292,23
363,Что страх меняют всё,Noah Moreau,психолог,1,TED2015,2015,Vancouver,1,2015-06-09,2015-09-17,343,7751135,895,14
2430,Как нейросети молчат,Sara Dubois,психолог,1,TEDx Talks,2015,различные,0,2015-07-23,2015-09-18,1170,1659740,167,24
1099,Отчего космос обманывают нас,Yuki Adeyemi,дизайнер,1,TED2015,2015,Vancouver,1,2015-05-24,2015-09-19,985,1421855,275,16
1283,Каким образом вода требуют пересмотра,Daniel Fischer,писатель,1,TEDx Talks,2015,различные,0,2015-05-11,2015-09-19,853,2052030,359,1
832,Зачем медицина стоят дороже,Peter Silva,философ,1,TED2015,2015,Vancouver,1,2015-07-09,2015-09-21,1172,1761226,561,34
1013,Что школы молчат,Ana Nilsen,врач,1,TED2015,2015,Vancouver,1,2015-04-10,2015-09-21,1100,5169455,1364,25
2736,Каким образом сон исчезают,Yuki Okafor,астроном,1,TED2015,2015,Vancouver,1,2015-05-27,2015-09-22,986,3539305,1137,38
1764,Зачем эмоции работают против нас,David Meyer,режиссёр,1,TEDx Talks,2015,различные,0,2015-08-08,2015-09-23,681,250362,50,13
2441,"Что старение опаснее, чем принято думать",Iris Hassan,режиссёр,1,TEDWomen 2015,2015,Monterey,1,2015-05-08,2015-09-24,654,4641111,993,25
1317,Что врачи обманывают нас,Daniel Moreau,музыкант,3,TED2015,2015,Vancouver,1,2015-05-05,2015-09-26,711,2533789,343,42
1598,Почему старение устроены не так,Maria Petrov,экономист,1,TEDWomen 2015,2015,Monterey,1,2015-05-10,2015-09-26,401,10073376,2365,11
1098,Отчего леса недооценены,Ines Reyes,историк,1,TEDx Talks,2015,различные,0,2015-07-10,2015-10-03,382,2534279,348,29
1351,Как бактерии решают за нас,Ines Meyer,режиссёр,1,TEDWomen 2015,2015,Monterey,1,2015-05-28,2015-10-04,286,1000607,221,38
1192,"Каким образом мы сложнее, чем выглядят",Jonas Kaplan,архитектор,1,TED2015,2015,Vancouver,1,2015-04-02,2015-10-05,1090,383642,34,6
1585,Отчего семьи нуждаются в защите,Alex Okafor,математик,1,TEDWomen 2015,2015,Monterey,1,2015-09-14,2015-10-06,807,586361,118,20
2243,Почему старение молчат,Samir Adeyemi,экономист,1,TED2015,2015,Vancouver,1,2015-08-27,2015-10-07,342,1595228,356,36
463,Почему семьи работают против нас,Yuki Berger,экономист,1,TEDWomen 2015,2015,Monterey,1,2015-07-17,2015-10-08,209,1367051,317,30
809,Что климат заслуживают внимания,Jonas Lindqvist,художник,1,TEDWomen 2015,2015,Monterey,1,2015-06-23,2015-10-08,335,552211,51,42
891,Зачем мы держат нас вместе,Emma Haugen,активист,1,TEDWomen 2015,2015,Monterey,1,2015-04-04,2015-10-08,325,2652381,470,29
1611,Почему эмоции зависят от нас,Kira Berger,программист,1,TED2015,2015,Vancouver,1,2015-07-25,2015-10-09,749,3679258,532,30
791,Отчего время заслуживают внимания,Tom Hassan,астроном,1,TEDx Talks,2015,различные,0,2015-05-27,2015-10-12,626,6331233,699,40
1261,Как почва зависят от нас,Maria Castillo,,1,TED2015,2015,Vancouver,1,2015-07-28,2015-10-14,990,6537489,739,31
1731,Отчего архитектура исчезают,Ana Silva,,1,TED2015,2015,Vancouver,1,2015-07-21,2015-10-14,340,3242070,649,31
490,Зачем время требуют пересмотра,Tom Dubois,юрист,1,TED2015,2015,Vancouver,1,2015-05-13,2015-10-19,1363,7943549,1804,43
249,Каким образом музыка решают за нас,Yuki Haugen,нейробиолог,1,TEDWomen 2015,2015,Monterey,1,2015-05-09,2015-10-21,380,745380,174,27
381,Каким образом реки не работают,Zoe Silva,экономист,1,TED2015,2015,Vancouver,1,2015-06-20,2015-10-21,404,2673831,636,34
1053,Почему леса держат нас вместе,Noah Dubois,астроном,1,TEDx Talks,2015,различные,0,2015-07-12,2015-10-21,731,1284257,457,41
1149,Отчего нейросети меняют всё,Aisha Moreau,врач,1,TEDx Talks,2015,различные,0,2015-08-11,2015-10-24,438,816288,71,43
1700,Зачем суды меняют всё,Hugo Haugen,педагог,1,TEDx Talks,2015,различные,0,2015-07-18,2015-10-25,780,264552,34,32
566,Зачем океан недооценены,Kira Nilsen,активист,1,TEDx Talks,2015,различные,0,2015-06-09,2015-10-26,1150,2379411,654,20
883,Каким образом школы требуют пересмотра,John Kaplan,экономист,1,TEDx Talks,2015,различные,0,2015-10-09,2015-10-27,285,797442,77,42
1972,Как память стали другими,Maria Novak,физик,1,TEDx Talks,2015,различные,0,2015-09-27,2015-10-27,362,4229824,753,14
743,"Отчего города опаснее, чем принято думать",Lucia Kowalski,математик,1,TED2015,2015,Vancouver,1,2015-05-28,2015-10-28,346,2970834,256,7
2449,Как привычки возвращаются,Felix Lindqvist,физик,1,TEDx Talks,2015,различные,0,2015-10-17,2015-10-28,226,1300925,165,61
426,Отчего океан стоят дороже,Ravi Petrov,программист,1,TED2015,2015,Vancouver,1,2015-06-05,2015-10-30,392,2563778,226,29
1789,Каким образом вода молчат,Hugo Silva,физик,1,TED2015,2015,Vancouver,1,2015-04-22,2015-10-30,356,1267694,117,28
903,Как доверие стоят дороже,David Kowalski,философ,1,TEDWomen 2015,2015,Monterey,1,2015-09-07,2015-10-31,411,1669335,343,27
1590,Отчего нейросети стоят дороже,John Dubois,музыкант,1,TEDWomen 2015,2015,Monterey,1,2015-10-10,2015-10-31,726,2667479,653,17
177,Почему гены обманывают нас,Iris Reyes,программист,1,TED2015,2015,Vancouver,1,2015-10-18,2015-11-02,827,2296490,241,14
1682,"Отчего суды опаснее, чем принято думать",Emma Vargas,активист,1,TEDWomen 2015,2015,Monterey,1,2015-06-12,2015-11-02,301,21655590,5331,44
538,Зачем климат недооценены,John Hassan,экономист,1,TED2015,2015,Vancouver,1,2015-07-17,2015-11-04,1119,1477944,144,33
1599,Что нейросети не работают,Kira Nilsen,писатель,1,TEDx Talks,2015,различные,0,2015-08-19,2015-11-04,1259,1393544,180,42
129,Каким образом дети устроены не так,Elif Novak,философ,1,TEDx Talks,2015,различные,0,2015-06-16,2015-11-06,620,1951927,288,39
1107,Отчего эмоции зависят от нас,John Nilsen,,1,TEDWomen 2015,2015,Monterey,1,2015-08-08,2015-11-07,1058,7210840,1764,29
2646,Каким образом привычки обманывают нас,Samir Kowalski,экономист,1,TED2015,2015,Vancouver,1,2015-09-06,2015-11-08,1024,628792,145,30
1989,"Отчего медицина важнее, чем кажется",Iris Okafor,архитектор,1,TED2015,2015,Vancouver,1,2015-10-02,2015-11-09,908,4234592,429,39
1885,Отчего медицина определяют будущее,Alex Vargas,режиссёр,1,TED2015,2015,Vancouver,1,2015-08-09,2015-11-10,628,12831181,1651,50
168,Как климат исчезают,Sara Kaplan,эколог,1,TEDWomen 2015,2015,Monterey,1,2015-07-08,2015-11-11,371,1467219,223,25
994,Что сон стали другими,David Novak,нейробиолог,1,TED2015,2015,Vancouver,1,2015-07-22,2015-11-11,1313,469702,51,7
250,Зачем космос молчат,Sara Okafor,архитектор,1,TEDWomen 2015,2015,Monterey,1,2015-05-27,2015-11-13,295,2607409,251,29
2290,Что врачи стоят дороже,Lena Kaplan,юрист,1,TED2015,2015,Vancouver,1,2015-05-17,2015-11-13,872,1459693,215,24
2211,Отчего мы устроены не так,Jonas Ferrari,архитектор,1,TED2015,2015,Vancouver,1,2015-10-07,2015-11-15,335,2265752,209,18
2129,Почему вирусы возвращаются,Kira Castillo,архитектор,1,TEDx Talks,2015,различные,0,2015-06-11,2015-11-16,1085,237623,51,28
1115,Что дети стоят дороже,David Lindqvist,физик,1,TEDx Talks,2015,различные,0,2015-06-20,2015-11-17,346,2298014,276,39
1668,Отчего время не работают,Zoe Kaplan,философ,1,TED2015,2015,Vancouver,1,2015-08-18,2015-11-17,1213,818032,139,34
1260,Отчего дети недооценены,Noah Petrov,журналист,1,TED2015,2015,Vancouver,1,2015-10-07,2015-11-18,219,1974945,188,19
1697,Каким образом одиночество не работают,Elif Vargas,активист,1,TEDWomen 2015,2015,Monterey,1,2015-06-06,2015-11-18,273,2139249,716,27
2689,Каким образом медицина недооценены,Ines Nakamura,эколог,1,TEDx Talks,2015,различные,0,2015-05-08,2015-11-18,642,607938,54,1
1076,Зачем школы требуют пересмотра,Zoe Bauer,педагог,1,TED2015,2015,Vancouver,1,2015-07-09,2015-11-19,498,1090510,105,34
1088,Каким образом суды обманывают нас,Hugo Fischer,журналист,3,TED2015,2015,Vancouver,1,2015-10-16,2015-11-22,800,2862295,267,37
657,Как страх требуют пересмотра,Felix Adeyemi,врач,1,TEDx Talks,2015,различные,0,2015-05-23,2015-11-24,349,130929,50,35
479,Что нейросети стоят дороже,Zoe Okafor,дизайнер,1,TEDx Talks,2015,различные,0,2015-06-08,2015-11-26,233,3338716,409,39
263,Что сон меняют всё,Maria Nilsen,музыкант,1,TED2015,2015,Vancouver,1,2015-09-03,2015-11-27,388,24148393,4509,33
1220,Почему старение не работают,Hugo Adeyemi,математик,1,TED2015,2015,Vancouver,1,2015-05-21,2015-12-03,1136,2040661,553,42
2212,Зачем привычки стали другими,Sara Moreau,писатель,1,TEDx Talks,2015,различные,0,2015-11-23,2015-12-04,543,1452670,299,25
784,Каким образом семьи нуждаются в защите,Ravi Ferrari,предприниматель,1,TEDx Talks,2015,различные,0,2015-09-23,2015-12-05,376,2193260,332,20
908,Отчего старение устроены не так,Peter Bauer,активист,1,TED2015,2015,Vancouver,1,2015-11-02,2015-12-11,1074,2489327,845,14
2310,Что алгоритмы требуют пересмотра,Emma Reyes,активист,1,TEDx Talks,2015,различные,0,2015-07-24,2015-12-13,992,1684731,149,36
1504,Зачем одиночество исчезают,Kira Nilsen,биолог,1,TEDx Talks,2015,различные,0,2015-10-27,2015-12-17,660,314225,31,44
428,"Как мы сложнее, чем выглядят",Iris Berger,юрист,1,TED2015,2015,Vancouver,1,2015-08-03,2015-12-18,615,1069337,190,34
698,Как леса решают за нас,Tom Bauer,архитектор,1,TED2015,2015,Vancouver,1,2015-08-15,2015-12-18,465,1816573,224,26
644,Отчего космос требуют пересмотра,Ana Nakamura,астроном,1,TEDWomen 2015,2015,Monterey,1,2015-06-18,2015-12-19,771,1357818,134,28
395,Как старение меняют всё,Lucia Moreau,нейробиолог,1,TED2015,2015,Vancouver,1,2015-06-28,2015-12-23,940,862075,110,42
1405,"Отчего мы важнее, чем кажется",Emma Haugen,нейробиолог,1,TED2015,2015,Vancouver,1,2015-08-14,2015-12-23,611,921349,101,23
1458,Зачем вирусы недооценены,Iris Moreau,психолог,1,TEDWomen 2015,2015,Monterey,1,2015-11-17,2015-12-23,1211,7762377,780,31
2560,Каким образом семьи исчезают,Kira Lindqvist,архитектор,1,TEDx Talks,2015,различные,0,2015-09-09,2015-12-24,416,1056458,422,30
2739,Каким образом космос исчезают,Iris Haugen,писатель,1,TEDWomen 2015,2015,Monterey,1,2015-07-27,2015-12-25,287,923221,120,28
1176,Почему эмоции заслуживают внимания,Lucia Okafor,психолог,1,TED2015,2015,Vancouver,1,2015-06-28,2015-12-26,1012,1554867,158,24
2632,Зачем выборы решают за нас,Samir Nakamura,предприниматель,1,TEDx Talks,2015,различные,0,2015-06-22,2015-12-26,918,566859,197,18
1788,Как леса работают против нас,Peter Reyes,врач,1,TEDWomen 2015,2015,Monterey,1,2015-11-24,2015-12-27,1200,536067,185,34
2003,Почему дети определяют будущее,Jonas Kaplan,историк,1,TED2015,2015,Vancouver,1,2015-11-26,2015-12-27,1433,1743795,253,26
1005,Почему гены исчезают,Emma Novak,физик,1,TED2015,2015,Vancouver,1,2015-09-12,2015-12-28,816,2613778,264,63
2493,"Почему выборы важнее, чем кажется",Lucia Castillo,антрополог,1,TED2015,2015,Vancouver,1,2015-12-12,2015-12-29,505,1583458,163,34
736,Каким образом страх работают против нас,Emma Kowalski,архитектор,1,TED2015,2015,Vancouver,1,2015-08-02,2015-12-30,1312,2232721,439,51
383,Отчего города работают против нас,Ana Lindqvist,врач,1,TED2015,2015,Vancouver,1,2015-12-19,2016-01-02,1186,5511880,1345,46
223,Каким образом память не работают,Maria Fischer,художник,1,TEDWomen 2015,2015,Monterey,1,2015-07-25,2016-01-04,373,3089870,294,27
2670,Зачем роботы возвращаются,Tom Novak,экономист,1,TEDx Talks,2015,различные,0,2015-09-05,2016-01-09,617,1773098,222,33
2227,"Зачем старение важнее, чем кажется",John Bauer,нейробиолог,1,TEDx Talks,2015,различные,0,2015-09-23,2016-01-10,390,2892340,245,20
1998,Как гены держат нас вместе,Omar Castillo,нейробиолог,1,TEDWomen 2015,2015,Monterey,1,2015-11-10,2016-01-12,750,2537097,274,8
1713,Почему космос заслуживают внимания,Zoe Nakamura,юрист,1,TEDWomen 2015,2015,Monterey,1,2015-11-06,2016-01-14,1058,14753720,1518,33
1178,Каким образом гены требуют пересмотра,Daniel Reyes,,1,TEDWomen 2015,2015,Monterey,1,2015-07-14,2016-01-15,300,3337414,449,36
283,Что язык зависят от нас,Lena Iversen,врач,1,TEDWomen 2015,2015,Monterey,1,2015-12-24,2016-01-20,207,8708674,977,30
1198,Как работа держат нас вместе,Maria Haugen,биолог,1,TED2015,2015,Vancouver,1,2015-11-09,2016-01-22,389,3880183,583,51
72,Зачем эмоции нуждаются в защите,Kira Almeida,программист,1,TEDWomen 2015,2015,Monterey,1,2015-07-09,2016-01-23,301,5341504,527,30
733,"Каким образом выборы важнее, чем кажется",Samir Silva,активист,1,TEDx Talks,2015,различные,0,2015-08-15,2016-01-24,391,878730,283,43
838,"Каким образом вирусы опаснее, чем принято думать",Elif Berger,антрополог,1,TEDWomen 2015,2015,Monterey,1,2015-09-01,2016-01-27,631,687074,117,33
557,Зачем школы стоят дороже,David Meyer,режиссёр,1,TED2015,2015,Vancouver,1,2015-12-17,2016-01-30,381,1885678,264,13
1833,Почему память держат нас вместе,Hugo Haugen,журналист,1,TED2015,2015,Vancouver,1,2015-09-06,2016-02-01,458,330735,47,29
2733,Зачем реки недооценены,Ana Haugen,,1,TEDx Talks,2015,различные,0,2015-08-20,2016-02-01,504,1259617,187,35
687,Каким образом суды определяют будущее,Ana Meyer,юрист,1,TED2015,2015,Vancouver,1,2015-08-16,2016-02-02,870,2480347,1052,38
1872,Зачем бактерии нуждаются в защите,Ravi Fischer,юрист,1,TEDx Talks,2015,различные,0,2015-11-18,2016-02-02,389,188434,23,9
2669,Отчего энергия меняют всё,Kira Berger,физик,1,TED2015,2015,Vancouver,1,2015-11-10,2016-02-04,1221,1075585,239,35
1216,Как леса определяют будущее,Sara Moreau,биолог,1,TEDx Talks,2015,различные,0,2015-07-25,2016-02-05,660,2129505,189,25
2439,Каким образом алгоритмы устроены не так,Mira Fischer,нейробиолог,1,TED2015,2015,Vancouver,1,2015-10-03,2016-02-06,325,130992,23,22
1325,Отчего страх не работают,Jonas Okafor,активист,1,TEDWomen 2015,2015,Monterey,1,2015-07-28,2016-02-07,372,3549723,310,37
1853,Почему школы исчезают,John Kaplan,философ,1,TEDSalon NY,2016,New York,0,2016-01-02,2016-02-08,985,4062997,359,16
1049,Каким образом время стоят дороже,Lena Reyes,активист,2,TEDSalon NY,2016,New York,0,2016-01-16,2016-02-09,809,1926980,419,28
514,Как выборы исчезают,Lena Nilsen,биолог,1,TEDx Talks,2015,различные,0,2015-08-12,2016-02-10,876,3021086,263,58
1836,Каким образом реки возвращаются,Maria Petrov,режиссёр,1,TED2015,2015,Vancouver,1,2015-08-18,2016-02-10,337,1488997,159,38
695,"Что мы важнее, чем кажется",Lucia Kaplan,психолог,1,TEDx Talks,2015,различные,0,2015-08-28,2016-02-12,372,294963,39,34
2298,Почему города молчат,Yuki Castillo,философ,1,TEDWomen 2015,2015,Monterey,1,2015-11-24,2016-02-13,504,6166015,2531,30
2532,Как выборы устроены не так,Yuki Hassan,писатель,1,TEDx Talks,2015,различные,0,2015-08-11,2016-02-13,323,484099,43,16
941,Отчего школы не работают,Peter Vargas,историк,1,TEDWomen 2015,2015,Monterey,1,2015-09-14,2016-02-16,1319,724351,172,27
261,"Отчего океан важнее, чем кажется",Samir Nakamura,художник,1,TED2015,2015,Vancouver,1,2015-10-09,2016-02-19,359,819889,162,23
375,Отчего школы молчат,Mira Silva,историк,1,TEDx Talks,2015,различные,0,2015-10-13,2016-02-19,414,5361410,516,45
2000,Как мозг говорят правду,Ana Berger,психолог,1,TEDx Talks,2015,различные,0,2015-11-15,2016-02-20,1020,618702,51,34
2521,Зачем язык обманывают нас,Zoe Kaplan,предприниматель,1,TEDx Talks,2015,различные,0,2015-09-26,2016-02-20,767,434346,37,43
2417,Отчего вода говорят правду,Kira Ferrari,физик,1,TEDYouth 2016,2016,New York,0,2016-01-25,2016-02-22,1016,1850601,167,41
2746,"Как страх важнее, чем кажется",Hugo Kowalski,философ,1,TEDx Talks,2015,различные,0,2015-09-04,2016-02-22,634,1996318,256,34
803,"Почему алгоритмы важнее, чем кажется",Tom Bauer,предприниматель,1,TEDx Talks,2015,различные,0,2015-11-15,2016-02-23,504,4949067,440,1
871,Почему энергия нуждаются в защите,David Ferrari,математик,1,TED2016,2016,Vancouver,1,2016-01-08,2016-02-24,1446,1664960,198,30
2697,"Каким образом язык важнее, чем кажется",Jonas Castillo,юрист,1,TEDWomen 2015,2015,Monterey,1,2015-10-16,2016-02-25,702,506435,79,21
2701,Что роботы требуют пересмотра,Elif Nilsen,активист,1,TEDx Talks,2015,различные,0,2015-10-25,2016-03-01,961,759416,66,43
294,Зачем алгоритмы недооценены,Lucia Kowalski,художник,1,TED2015,2015,Vancouver,1,2015-12-15,2016-03-03,998,5716165,665,20
1333,Как работа обманывают нас,Iris Meyer,философ,2,TED2015,2015,Vancouver,1,2015-08-26,2016-03-04,1234,1230533,113,32
1304,"Что гены сложнее, чем выглядят",Maria Iversen,инженер,3,TEDWomen 2015,2015,Monterey,1,2015-08-18,2016-03-05,199,1693919,388,29
1357,Что семьи стали другими,Iris Nilsen,архитектор,1,TEDx Talks,2015,различные,0,2015-09-12,2016-03-06,505,3383415,367,19
917,Отчего архитектура стали другими,Hugo Vargas,психолог,1,TEDx Talks,2015,различные,0,2015-11-03,2016-03-07,577,316178,49,26
1529,"Отчего одиночество сложнее, чем выглядят",Carlos Hassan,режиссёр,1,TEDWomen 2015,2015,Monterey,1,2015-08-27,2016-03-08,863,20675333,3196,27
273,Зачем работа говорят правду,Kira Ferrari,историк,1,TED2015,2015,Vancouver,1,2015-12-22,2016-03-09,262,3232810,348,29
241,Отчего гены не работают,Kira Novak,журналист,1,TEDx Talks,2015,различные,0,2015-10-11,2016-03-10,1247,1267648,107,41
286,Зачем школы работают против нас,Omar Almeida,нейробиолог,1,TEDYouth 2016,2016,New York,0,2016-01-15,2016-03-12,879,312583,40,43
2652,"Отчего страх сложнее, чем выглядят",Aisha Okafor,дизайнер,1,TED2015,2015,Vancouver,1,2015-12-03,2016-03-12,1149,408943,71,51
1793,Почему мозг меняют всё,Peter Kaplan,философ,3,TED2016,2016,Vancouver,1,2016-02-26,2016-03-17,430,4988959,417,35
708,Почему вода молчат,Alex Petrov,дизайнер,2,TED2016,2016,Vancouver,1,2016-03-04,2016-03-18,177,258922,30,24
1359,Отчего медицина исчезают,Mira Kaplan,антрополог,1,TEDx Talks,2015,различные,0,2015-10-13,2016-03-19,610,1181718,157,31
1715,Почему вода держат нас вместе,Jonas Petrov,психолог,1,TEDWomen 2015,2015,Monterey,1,2015-10-15,2016-03-19,452,5142967,837,38
2547,Почему мы исчезают,Ravi Ferrari,экономист,1,TEDSalon NY,2016,New York,0,2016-02-22,2016-03-22,330,2257303,208,52
2171,Почему выборы говорят правду,Maria Hassan,антрополог,1,TEDWomen 2015,2015,Monterey,1,2015-11-27,2016-03-23,1010,4701040,979,3
1932,Что мы возвращаются,Carlos Kowalski,нейробиолог,2,TEDSalon NY,2016,New York,0,2016-02-03,2016-03-27,695,2250891,558,36
1311,Каким образом климат исчезают,Maria Iversen,программист,1,TEDSalon NY,2016,New York,0,2016-02-12,2016-03-29,891,1335822,167,34
1441,Отчего дети нуждаются в защите,Maria Dubois,врач,1,TEDWomen 2015,2015,Monterey,1,2015-09-27,2016-03-30,940,5078335,601,34
2408,Почему бактерии возвращаются,Aisha Okafor,физик,2,TED2015,2015,Vancouver,1,2015-12-15,2016-03-30,629,3102587,801,23
412,Как школы говорят правду,Omar Hassan,экономист,1,TED2015,2015,Vancouver,1,2015-10-15,2016-04-02,390,803502,172,21
966,Каким образом дети обманывают нас,Lena Nakamura,нейробиолог,2,TEDYouth 2016,2016,New York,0,2016-03-05,2016-04-06,485,2209814,956,18
130,Почему деньги определяют будущее,Maria Ferrari,историк,1,TEDSalon NY,2016,New York,0,2016-03-07,2016-04-07,445,326895,42,29
1386,Зачем выборы работают против нас,Ana Novak,математик,1,TED2016,2016,Vancouver,1,2016-01-22,2016-04-14,1429,1353886,205,11
1159,"Как мозг опаснее, чем принято думать",Tom Nilsen,художник,1,TED2016,2016,Vancouver,1,2016-03-10,2016-04-18,1067,6024040,783,50
476,Каким образом космос заслуживают внимания,Carlos Almeida,музыкант,1,TEDSalon NY,2016,New York,0,2016-04-03,2016-04-19,748,511268,62,33
1512,Как энергия требуют пересмотра,Iris Iversen,физик,1,TEDYouth 2016,2016,New York,0,2016-03-16,2016-04-19,432,448088,142,31
73,Каким образом работа исчезают,Carlos Kowalski,юрист,1,TEDWomen 2015,2015,Monterey,1,2015-11-23,2016-04-20,881,4046843,1382,45
533,Почему сон стоят дороже,Ines Vargas,программист,1,TEDx Talks,2015,различные,0,2015-10-15,2016-04-20,390,450843,74,27
1285,Отчего дети требуют пересмотра,Lena Vargas,музыкант,1,TEDWomen 2015,2015,Monterey,1,2015-11-21,2016-04-20,593,1379182,601,19
258,Отчего гены держат нас вместе,Liam Novak,психолог,1,TEDx Talks,2015,различные,0,2015-11-07,2016-04-22,425,594137,111,17
844,Как эмоции работают против нас,Tom Novak,биолог,1,TEDSalon NY,2016,New York,0,2016-01-05,2016-04-22,446,951713,240,26
899,Отчего язык говорят правду,Lena Adeyemi,экономист,1,TED2016,2016,Vancouver,1,2016-02-12,2016-04-23,632,2354438,361,36
315,"Каким образом врачи важнее, чем кажется",Mira Fischer,эколог,1,TED2015,2015,Vancouver,1,2015-12-06,2016-04-24,993,671376,147,9
1879,Как доверие зависят от нас,Hugo Dubois,астроном,3,TED2015,2015,Vancouver,1,2015-12-14,2016-04-26,283,1077935,105,24
24,Каким образом роботы исчезают,Nora Novak,философ,1,TEDYouth 2016,2016,New York,0,2016-04-07,2016-04-29,450,738373,177,44
1900,Как старение решают за нас,Tom Berger,активист,1,TEDYouth 2016,2016,New York,0,2016-03-09,2016-04-29,1091,314662,54,40
2570,Почему океан меняют всё,Nora Nakamura,эколог,1,TEDx Talks,2015,различные,0,2015-12-21,2016-05-01,1359,6358735,1063,14
819,Отчего школы исчезают,Tom Ferrari,биолог,1,TEDSalon NY,2016,New York,0,2016-03-13,2016-05-10,314,1871312,162,27
342,Почему привычки обманывают нас,Yuki Kaplan,программист,1,TEDSalon NY,2016,New York,0,2016-03-17,2016-05-12,696,216905,62,41
807,Отчего старение зависят от нас,John Iversen,философ,2,TEDYouth 2016,2016,New York,0,2016-02-15,2016-05-13,304,551967,69,32
1241,"Почему роботы опаснее, чем принято думать",Emma Okafor,архитектор,1,TEDSalon NY,2016,New York,0,2016-02-05,2016-05-14,1044,128047,42,23
1461,Что энергия стали другими,Liam Petrov,программист,1,TED2015,2015,Vancouver,1,2015-12-14,2016-05-15,1284,8727934,936,47
2582,Что границы говорят правду,Jonas Almeida,юрист,1,TEDSalon NY,2016,New York,0,2016-01-18,2016-05-16,863,101430,12,40
1257,Как города зависят от нас,Omar Kaplan,,1,TEDx Talks,2015,различные,0,2015-11-08,2016-05-20,1262,1834478,194,32
952,Почему время исчезают,Lena Kowalski,экономист,1,TEDSalon NY,2016,New York,0,2016-04-25,2016-05-22,800,2001657,905,29
202,Зачем привычки исчезают,Samir Dubois,музыкант,1,TEDSalon NY,2016,New York,0,2016-05-04,2016-05-26,318,794952,106,31
1031,Зачем границы говорят правду,Ines Hassan,,1,TED2015,2015,Vancouver,1,2015-12-19,2016-05-26,314,577441,49,18
1787,Отчего реки обманывают нас,Noah Petrov,философ,1,TEDWomen 2015,2015,Monterey,1,2015-11-15,2016-05-26,458,1494253,294,29
2275,Зачем роботы зависят от нас,Lucia Bauer,предприниматель,1,TEDSalon NY,2016,New York,0,2016-04-16,2016-05-27,1086,322401,99,26
2381,Как леса требуют пересмотра,Samir Berger,антрополог,1,TEDYouth 2016,2016,New York,0,2016-04-04,2016-05-27,670,436177,80,39
1296,Как энергия стоят дороже,Peter Hassan,философ,1,TEDSalon NY,2016,New York,0,2016-04-23,2016-05-28,1338,580930,145,15
345,Почему врачи говорят правду,Jonas Kowalski,врач,1,TED2016,2016,Vancouver,1,2016-02-05,2016-05-29,1078,1472717,150,21
2063,Отчего сон стали другими,Maria Adeyemi,художник,1,TEDx Talks,2015,различные,0,2015-11-11,2016-05-29,392,1139929,129,39
1424,Почему мы недооценены,John Petrov,психолог,1,TEDYouth 2016,2016,New York,0,2016-01-16,2016-05-30,241,1205304,154,25
125,Зачем нейросети стали другими,Emma Reyes,врач,1,TEDYouth 2016,2016,New York,0,2016-04-15,2016-05-31,752,299012,25,30
2608,Отчего нейросети зависят от нас,Lucia Reyes,биолог,1,TEDx Talks,2015,различные,0,2015-12-09,2016-05-31,732,134961,13,31
1566,Зачем реки работают против нас,David Berger,биолог,1,TED2015,2015,Vancouver,1,2015-12-17,2016-06-03,1375,1200873,100,29
208,Каким образом привычки молчат,Lucia Novak,экономист,1,TEDSalon NY,2016,New York,0,2016-05-12,2016-06-07,996,366302,35,19
205,Почему время устроены не так,Carlos Haugen,физик,1,TEDSalon NY,2016,New York,0,2016-03-19,2016-06-08,613,272466,38,7
1691,Зачем бактерии решают за нас,Iris Hassan,музыкант,1,TEDWomen 2015,2015,Monterey,1,2015-12-01,2016-06-10,1188,444244,101,44
2366,Почему медицина держат нас вместе,Hugo Ferrari,музыкант,1,TEDYouth 2016,2016,New York,0,2016-01-04,2016-06-11,661,473906,81,1
1884,Зачем леса исчезают,Elif Castillo,,1,TED2016,2016,Vancouver,1,2016-03-05,2016-06-12,708,924623,105,24
105,Каким образом язык зависят от нас,Lena Okafor,антрополог,1,TEDSalon NY,2016,New York,0,2016-01-06,2016-06-14,1246,715561,109,25
1052,Как дети молчат,Mira Lindqvist,психолог,2,TED2015,2015,Vancouver,1,2015-12-01,2016-06-14,863,789547,66,58
2287,"Почему деньги опаснее, чем принято думать",Mira Ferrari,музыкант,1,TED2016,2016,Vancouver,1,2016-05-22,2016-06-14,475,3207330,986,38
2732,Отчего выборы определяют будущее,Noah Reyes,историк,1,TEDSalon NY,2016,New York,0,2016-01-04,2016-06-14,590,2125809,210,57
186,Почему космос работают против нас,Emma Hassan,антрополог,2,TEDSalon NY,2016,New York,0,2016-03-07,2016-06-16,788,775953,94,28
670,Что школы устроены не так,Mira Bauer,художник,1,TEDYouth 2016,2016,New York,0,2016-02-26,2016-06-16,741,477373,46,19
3,Каким образом одиночество заслуживают внимания,Yuki Lindqvist,музыкант,1,TED2016,2016,Vancouver,1,2016-01-15,2016-06-17,357,3341657,582,34
2707,Отчего эмоции обманывают нас,Ravi Nakamura,инженер,1,TEDSalon NY,2016,New York,0,2016-01-09,2016-06-17,938,2085324,393,31
1727,Каким образом почва держат нас вместе,Peter Hassan,предприниматель,1,TEDx Talks,2015,различные,0,2015-12-11,2016-06-18,771,131945,17,14
1995,Зачем алгоритмы исчезают,Zoe Meyer,музыкант,1,TED2016,2016,Vancouver,1,2016-05-08,2016-06-21,395,807654,180,25
2004,Как океан обманывают нас,David Novak,музыкант,1,TED2016,2016,Vancouver,1,2016-05-21,2016-06-22,1043,804987,266,28
192,Отчего леса зависят от нас,Carlos Haugen,астроном,1,TED2016,2016,Vancouver,1,2016-03-26,2016-06-27,1558,6704772,570,23
1168,"Зачем страх опаснее, чем принято думать",Lucia Okafor,инженер,1,TED2016,2016,Vancouver,1,2016-03-12,2016-06-27,780,1584097,265,1
2333,"Отчего нейросети сложнее, чем выглядят",Lucia Almeida,эколог,1,TEDYouth 2016,2016,New York,0,2016-02-21,2016-06-27,527,808865,214,34
2454,Отчего нейросети определяют будущее,Tom Novak,,2,TEDSalon NY,2016,New York,0,2016-02-23,2016-06-27,289,355607,38,13
1447,Что леса зависят от нас,Iris Nilsen,,1,TEDYouth 2016,2016,New York,0,2016-06-04,2016-06-30,750,14300414,2709,48
2743,"Отчего деньги важнее, чем кажется",Liam Adeyemi,дизайнер,1,TED2016,2016,Vancouver,1,2016-03-23,2016-06-30,351,1069057,169,31
1582,Почему космос исчезают,Peter Kowalski,,1,TEDSalon NY,2016,New York,0,2016-06-06,2016-07-05,326,215267,62,26
1514,Как города стоят дороже,Omar Petrov,активист,1,TEDYouth 2016,2016,New York,0,2016-01-21,2016-07-06,568,1042071,118,19
231,Что климат недооценены,Aisha Ferrari,врач,1,TEDSalon NY,2016,New York,0,2016-01-21,2016-07-08,234,1357805,139,40
1416,Почему космос нуждаются в защите,Ravi Petrov,дизайнер,1,TEDSalon NY,2016,New York,0,2016-04-23,2016-07-10,377,1856043,366,1
2621,Как гены молчат,Lucia Castillo,,1,TEDYouth 2016,2016,New York,0,2016-05-05,2016-07-11,698,761715,211,43
1856,Как границы говорят правду,Samir Hassan,эколог,1,TEDYouth 2016,2016,New York,0,2016-06-02,2016-07-13,689,686851,88,42
144,Отчего дети устроены не так,Ravi Novak,дизайнер,1,TEDSalon NY,2016,New York,0,2016-06-17,2016-07-14,916,32039,10,24
550,Зачем космос говорят правду,Lucia Moreau,эколог,1,TEDSalon NY,2016,New York,0,2016-03-01,2016-07-16,687,401599,75,15
1254,Отчего эмоции работают против нас,Hugo Reyes,активист,1,TEDSalon NY,2016,New York,0,2016-02-10,2016-07-16,1038,846922,162,32
1289,Как нейросети обманывают нас,Ravi Castillo,врач,1,TED2016,2016,Vancouver,1,2016-02-09,2016-07-16,203,199515,30,28
1600,Что нейросети молчат,Sara Almeida,дизайнер,3,TED2016,2016,Vancouver,1,2016-02-03,2016-07-18,856,1908024,433,22
1909,Каким образом алгоритмы недооценены,Tom Nakamura,программист,1,TEDYouth 2016,2016,New York,0,2016-05-06,2016-07-18,644,1022648,98,33
26,Почему школы обманывают нас,Maria Berger,предприниматель,1,TEDYouth 2016,2016,New York,0,2016-03-13,2016-07-23,555,520691,55,28
1155,Что суды нуждаются в защите,Sara Berger,программист,1,TEDSalon NY,2016,New York,0,2016-07-13,2016-07-26,863,2695153,388,35
772,Отчего врачи зависят от нас,Noah Petrov,предприниматель,3,TED2016,2016,Vancouver,1,2016-04-05,2016-07-29,667,1574762,262,19
769,Отчего почва молчат,Aisha Kaplan,юрист,1,TEDSalon NY,2016,New York,0,2016-02-28,2016-07-31,418,724011,255,18
1616,Как алгоритмы возвращаются,Sara Almeida,,1,TED2016,2016,Vancouver,1,2016-07-05,2016-07-31,357,7976700,719,51
2642,Зачем нейросети работают против нас,Liam Reyes,журналист,1,TEDSalon NY,2016,New York,0,2016-06-19,2016-08-05,220,5284393,2245,10
175,Отчего океан недооценены,Emma Nakamura,,1,TEDSalon NY,2016,New York,0,2016-03-16,2016-08-07,707,469760,72,7
689,Отчего границы обманывают нас,Kira Petrov,врач,1,TEDSalon NY,2016,New York,0,2016-07-18,2016-08-09,852,1470643,135,14
2213,Что старение зависят от нас,Sara Kaplan,психолог,1,TEDSalon NY,2016,New York,0,2016-04-17,2016-08-11,692,1690602,189,32
935,Почему одиночество возвращаются,Daniel Almeida,музыкант,1,TED2016,2016,Vancouver,1,2016-06-06,2016-08-13,1076,6528249,586,40
1624,Каким образом сон устроены не так,Ravi Fischer,астроном,1,TEDYouth 2016,2016,New York,0,2016-04-10,2016-08-13,927,6392874,1149,28
2047,Что границы меняют всё,Ines Ferrari,режиссёр,1,TED2016,2016,Vancouver,1,2016-02-12,2016-08-13,1286,2799845,443,33
172,Почему работа устроены не так,Omar Moreau,астроном,1,TED2016,2016,Vancouver,1,2016-07-19,2016-08-19,921,5522190,1352,28
1244,Каким образом энергия зависят от нас,Zoe Okafor,активист,1,TEDSalon NY,2016,New York,0,2016-03-05,2016-08-20,531,2032165,192,26
1662,Зачем врачи решают за нас,Liam Iversen,астроном,1,TEDSalon NY,2016,New York,0,2016-07-24,2016-08-21,777,138067,41,22
1921,Что мы требуют пересмотра,Peter Adeyemi,математик,1,TEDSalon NY,2016,New York,0,2016-02-13,2016-08-21,1084,1744813,170,36
2716,Зачем дети стоят дороже,Aisha Lindqvist,астроном,1,TEDSalon NY,2016,New York,0,2016-04-24,2016-08-22,372,416299,91,3
265,Почему океан стали другими,Hugo Almeida,,2,TEDYouth 2016,2016,New York,0,2016-02-16,2016-08-25,843,439210,39,26
677,Как деньги стоят дороже,Lena Reyes,дизайнер,1,TED2016,2016,Vancouver,1,2016-02-07,2016-08-25,824,1184295,473,50
879,Зачем города молчат,Liam Fischer,биолог,1,TEDYouth 2016,2016,New York,0,2016-04-22,2016-08-27,1096,733143,73,7
2566,Как старение устроены не так,Aisha Castillo,музыкант,1,TEDSalon NY,2016,New York,0,2016-06-02,2016-08-30,1002,3617908,426,23
274,Зачем роботы меняют всё,Ravi Okafor,художник,1,TED2016,2016,Vancouver,1,2016-07-24,2016-08-31,917,798614,90,32
652,Зачем страх решают за нас,Omar Lindqvist,нейробиолог,1,TEDYouth 2016,2016,New York,0,2016-04-12,2016-09-01,709,346189,44,32
1684,Что семьи недооценены,Yuki Novak,антрополог,1,TEDYouth 2016,2016,New York,0,2016-06-26,2016-09-01,597,1083272,279,22
762,Почему почва заслуживают внимания,Maria Lindqvist,архитектор,1,TEDSalon NY,2016,New York,0,2016-05-13,2016-09-02,577,132655,24,26
2667,Каким образом вода возвращаются,Kira Reyes,математик,1,TEDSalon NY,2016,New York,0,2016-02-20,2016-09-02,729,672208,217,31
1396,Что время заслуживают внимания,Sara Ferrari,юрист,1,TED2016,2016,Vancouver,1,2016-05-04,2016-09-03,602,3973681,358,44
874,Отчего почва определяют будущее,Daniel Reyes,,1,TED2016,2016,Vancouver,1,2016-07-19,2016-09-06,1291,1024813,349,35
2502,Каким образом семьи держат нас вместе,Peter Okafor,физик,1,TEDSalon NY,2016,New York,0,2016-03-14,2016-09-06,187,5214583,576,20
631,Зачем память говорят правду,Iris Fischer,историк,1,TEDYouth 2016,2016,New York,0,2016-05-24,2016-09-11,398,2348107,845,15
1438,Зачем вода стали другими,Noah Nakamura,историк,1,TEDSalon NY,2016,New York,0,2016-03-17,2016-09-12,461,1011543,137,26
636,Отчего деньги возвращаются,Aisha Reyes,писатель,1,TEDYouth 2016,2016,New York,0,2016-07-11,2016-09-14,394,3224334,463,9
244,"Почему данные важнее, чем кажется",Peter Almeida,инженер,1,TEDSalon NY,2016,New York,0,2016-05-04,2016-09-16,654,758242,146,56
1502,"Зачем время опаснее, чем принято думать",Peter Okafor,биолог,1,TEDYouth 2016,2016,New York,0,2016-08-24,2016-09-16,639,193387,22,35
326,Отчего суды устроены не так,Lena Kaplan,юрист,1,TEDSalon NY,2016,New York,0,2016-06-22,2016-09-17,1027,1379081,209,54
1942,Зачем роботы молчат,Peter Almeida,музыкант,1,TED2016,2016,Vancouver,1,2016-08-12,2016-09-18,945,23597443,3956,55
1218,Как суды исчезают,Tom Fischer,писатель,1,TEDYouth 2016,2016,New York,0,2016-03-27,2016-09-20,1148,513146,62,24
1495,Что бактерии требуют пересмотра,Lucia Meyer,психолог,1,TED2016,2016,Vancouver,1,2016-06-21,2016-09-20,987,313171,36,31
2269,Что дети возвращаются,Peter Bauer,инженер,1,TEDSalon NY,2016,New York,0,2016-08-14,2016-09-23,1315,4156450,348,47
1177,Почему выборы возвращаются,Emma Kaplan,музыкант,1,TEDSalon NY,2016,New York,0,2016-08-12,2016-09-24,468,3330623,797,24
69,Отчего сон стоят дороже,Sara Berger,врач,1,TEDYouth 2016,2016,New York,0,2016-09-01,2016-09-26,653,8723326,988,33
1486,Зачем медицина определяют будущее,Maria Almeida,,1,TEDSalon NY,2016,New York,0,2016-03-17,2016-09-26,179,187345,32,22
1008,"Почему океан опаснее, чем принято думать",Tom Fischer,экономист,1,TEDSalon NY,2016,New York,0,2016-08-12,2016-09-29,320,1608493,179,21
436,Каким образом старение решают за нас,Ines Kowalski,антрополог,1,TEDYouth 2016,2016,New York,0,2016-05-06,2016-10-01,331,744163,71,25
339,Как привычки работают против нас,Noah Nilsen,архитектор,1,TEDYouth 2016,2016,New York,0,2016-08-15,2016-10-03,412,1293580,112,34
1150,Каким образом энергия стоят дороже,Peter Novak,,1,TEDSalon NY,2016,New York,0,2016-04-05,2016-10-05,792,660014,90,42
2097,Каким образом энергия недооценены,Yuki Vargas,эколог,1,TEDSalon NY,2016,New York,0,2016-08-21,2016-10-06,496,1066285,104,28
2464,Каким образом музыка меняют всё,Aisha Vargas,музыкант,1,TED2016,2016,Vancouver,1,2016-09-11,2016-10-08,744,4665987,1715,22
399,Каким образом космос недооценены,Hugo Adeyemi,антрополог,1,TED2016,2016,Vancouver,1,2016-04-08,2016-10-10,295,449592,66,9
664,Каким образом эмоции определяют будущее,Alex Kaplan,дизайнер,1,TEDYouth 2016,2016,New York,0,2016-09-13,2016-10-11,1573,520605,47,7
48,Каким образом мы не работают,Jonas Berger,эколог,1,TEDYouth 2016,2016,New York,0,2016-06-24,2016-10-12,372,4592311,946,16
2233,Что реки определяют будущее,Daniel Castillo,режиссёр,1,TED2016,2016,Vancouver,1,2016-09-04,2016-10-12,410,1999831,180,29
1759,Что суды определяют будущее,Nora Okafor,эколог,1,TEDYouth 2016,2016,New York,0,2016-08-18,2016-10-14,414,1170007,176,45
1288,Зачем энергия исчезают,Iris Moreau,антрополог,2,TEDYouth 2016,2016,New York,0,2016-07-10,2016-10-15,465,754615,151,29
2427,Зачем эмоции возвращаются,Maria Iversen,архитектор,1,TEDSalon NY,2016,New York,0,2016-08-03,2016-10-15,876,266290,26,40
2380,Каким образом привычки определяют будущее,Felix Ferrari,,1,TEDYouth 2016,2016,New York,0,2016-08-04,2016-10-17,1004,440150,60,30
453,Почему леса устроены не так,Lena Castillo,астроном,1,TED2016,2016,Vancouver,1,2016-04-25,2016-10-18,1099,13270949,1455,57
1330,Отчего мозг стали другими,Zoe Fischer,философ,1,TEDYouth 2016,2016,New York,0,2016-05-06,2016-10-19,595,563653,188,46
1233,Каким образом работа не работают,Kira Moreau,нейробиолог,1,TEDSalon NY,2016,New York,0,2016-08-05,2016-10-22,319,412081,48,38
1936,Почему вода заслуживают внимания,Noah Nilsen,,1,TED2016,2016,Vancouver,1,2016-06-18,2016-10-24,441,1598772,210,33
1857,"Что деньги важнее, чем кажется",Samir Silva,дизайнер,1,TED2016,2016,Vancouver,1,2016-09-25,2016-10-28,354,6334927,1295,41
2411,Каким образом выборы возвращаются,Samir Hassan,нейробиолог,1,TEDSalon NY,2016,New York,0,2016-06-28,2016-10-28,1021,1474257,130,41
1029,Каким образом привычки недооценены,Ines Bauer,физик,1,TEDSalon NY,2016,New York,0,2016-04-21,2016-10-29,1161,466630,63,20
51,Что мозг держат нас вместе,Nora Petrov,юрист,1,TED2016,2016,Vancouver,1,2016-10-08,2016-10-30,336,2389419,675,17
959,Как память недооценены,Carlos Nilsen,биолог,1,TEDYouth 2016,2016,New York,0,2016-06-19,2016-10-31,782,278871,29,12
2160,"Зачем леса важнее, чем кажется",Ana Okafor,историк,1,TED2016,2016,Vancouver,1,2016-10-05,2016-11-01,404,1805114,158,26
2629,Зачем леса работают против нас,Emma Berger,психолог,1,TED2016,2016,Vancouver,1,2016-09-01,2016-11-01,471,2036705,283,22
1544,Как климат стали другими,Ana Castillo,дизайнер,1,TEDSalon NY,2016,New York,0,2016-10-18,2016-11-02,743,4491315,1119,20
47,Отчего суды недооценены,Lucia Kaplan,астроном,2,TEDSalon NY,2016,New York,0,2016-09-14,2016-11-03,596,719711,97,30
1838,Что нейросети требуют пересмотра,Aisha Reyes,предприниматель,1,TED2016,2016,Vancouver,1,2016-05-04,2016-11-03,1114,596678,53,29
1314,Почему язык говорят правду,Iris Nakamura,физик,1,TEDSalon NY,2016,New York,0,2016-04-20,2016-11-04,572,1263598,122,34
2519,Почему космос не работают,Yuki Kowalski,философ,1,TEDSalon NY,2016,New York,0,2016-05-02,2016-11-04,1321,1115527,109,26
1820,Зачем нейросети обманывают нас,Iris Silva,эколог,2,TED2016,2016,Vancouver,1,2016-06-25,2016-11-08,300,2283720,209,52
2422,Почему работа возвращаются,Mira Moreau,художник,1,TEDYouth 2016,2016,New York,0,2016-05-18,2016-11-08,1037,173830,19,13
91,"Почему доверие важнее, чем кажется",Samir Dubois,активист,1,TED2016,2016,Vancouver,1,2016-09-15,2016-11-11,338,1709754,174,11
1278,Зачем реки решают за нас,Noah Novak,врач,1,TEDSalon NY,2016,New York,0,2016-06-04,2016-11-14,941,400760,46,37
2690,Зачем данные решают за нас,Ana Castillo,историк,1,TED2016,2016,Vancouver,1,2016-08-28,2016-11-17,861,3446047,509,40
279,Как медицина меняют всё,Felix Nilsen,математик,1,TEDYouth 2016,2016,New York,0,2016-06-13,2016-11-18,613,947738,92,19
1860,Что архитектура решают за нас,Alex Hassan,историк,1,TED2016,2016,Vancouver,1,2016-07-10,2016-11-23,470,1477836,124,22
35,"Отчего вирусы опаснее, чем принято думать",Yuki Nakamura,художник,1,TEDYouth 2016,2016,New York,0,2016-06-04,2016-11-24,1147,734273,207,37
1231,Зачем границы недооценены,Carlos Nakamura,,1,TEDSalon NY,2016,New York,0,2016-05-13,2016-11-24,1284,1437582,153,24
2705,Как леса молчат,Samir Vargas,антрополог,1,TEDSalon NY,2016,New York,0,2016-06-28,2016-11-24,430,1273282,140,33
93,Зачем климат обманывают нас,Liam Dubois,активист,3,TEDYouth 2016,2016,New York,0,2016-05-24,2016-11-28,0,1590294,135,43
2028,"Что работа важнее, чем кажется",Noah Okafor,программист,1,TEDYouth 2016,2016,New York,0,2016-10-28,2016-11-29,884,1412473,386,32
2484,Каким образом мы обманывают нас,Samir Novak,астроном,1,TED2016,2016,Vancouver,1,2016-09-18,2016-11-29,764,836356,154,15
1675,Как данные не работают,Samir Dubois,программист,1,TEDYouth 2016,2016,New York,0,2016-11-18,2016-12-03,372,359435,42,37
1680,Зачем медицина исчезают,Zoe Vargas,активист,1,TED2016,2016,Vancouver,1,2016-06-16,2016-12-04,387,1136151,264,31
552,Как бактерии работают против нас,Carlos Lindqvist,антрополог,1,TEDSalon NY,2016,New York,0,2016-08-16,2016-12-05,403,3235650,334,33
1627,Отчего музыка не работают,Ravi Silva,историк,1,TEDSalon NY,2016,New York,0,2016-05-23,2016-12-05,763,4330602,1492,12
2015,Отчего школы зависят от нас,Felix Lindqvist,архитектор,1,TED2016,2016,Vancouver,1,2016-11-19,2016-12-06,437,1765589,220,17
474,Зачем школы недооценены,Hugo Almeida,математик,1,TEDYouth 2016,2016,New York,0,2016-09-11,2016-12-07,559,282250,38,20
872,"Отчего города сложнее, чем выглядят",Ines Dubois,историк,1,TEDYouth 2016,2016,New York,0,2016-09-07,2016-12-07,974,35287,3,29
1429,Что леса обманывают нас,Ravi Moreau,,1,TEDYouth 2016,2016,New York,0,2016-06-01,2016-12-07,563,212205,28,25
1659,Почему эмоции стали другими,Nora Okafor,,1,TEDSalon NY,2016,New York,0,2016-07-20,2016-12-08,939,165013,36,32
790,Отчего вирусы обманывают нас,Ravi Fischer,биолог,1,TEDSalon NY,2016,New York,0,2016-06-14,2016-12-11,377,13910090,1942,38
1804,Почему привычки нуждаются в защите,Mira Novak,юрист,1,TEDSalon NY,2016,New York,0,2016-07-20,2016-12-11,1095,1479227,153,13
1770,Зачем старение работают против нас,Carlos Berger,,1,TEDSalon NY,2016,New York,0,2016-08-04,2016-12-15,472,537388,90,32
647,Что алгоритмы определяют будущее,Zoe Adeyemi,нейробиолог,2,TEDSalon NY,2016,New York,0,2016-12-10,2016-12-21,1178,1118496,99,24
940,Как семьи заслуживают внимания,Zoe Dubois,астроном,1,TEDYouth 2016,2016,New York,0,2016-06-16,2016-12-26,212,893449,148,27
1456,Что океан меняют всё,Emma Dubois,писатель,1,TEDSalon NY,2016,New York,0,2016-07-12,2016-12-27,666,182118,69,1
1481,Зачем музыка зависят от нас,Daniel Bauer,художник,1,TEDYouth 2016,2016,New York,0,2016-12-03,2016-12-27,844,2422330,755,44
793,"Как данные опаснее, чем принято думать",Liam Iversen,художник,1,TEDSalon NY,2016,New York,0,2016-10-10,2016-12-30,1030,1560385,181,48
2625,Отчего медицина возвращаются,Zoe Petrov,психолог,1,TEDSalon NY,2016,New York,0,2016-10-25,2016-12-30,255,2777254,279,25
1489,Что мозг требуют пересмотра,Tom Ferrari,юрист,1,TED2016,2016,Vancouver,1,2016-07-04,2016-12-31,1488,2267252,304,37
534,Зачем время нуждаются в защите,Nora Bauer,философ,1,TEDYouth 2016,2016,New York,0,2016-12-14,2017-01-01,1133,635512,65,25
536,Отчего выборы заслуживают внимания,Ravi Hassan,юрист,1,TEDSalon NY,2016,New York,0,2016-09-15,2017-01-01,757,4688164,538,26
2630,Каким образом сон обманывают нас,Ana Nilsen,биолог,1,TED2016,2016,Vancouver,1,2016-10-15,2017-01-01,223,5859890,1017,1
447,Как города решают за нас,Tom Haugen,,1,TEDYouth 2016,2016,New York,0,2016-08-21,2017-01-02,1241,742072,108,45
59,Зачем роботы недооценены,Carlos Silva,философ,1,TEDSalon NY,2016,New York,0,2016-10-08,2017-01-05,1059,166315,16,12
933,"Отчего энергия важнее, чем кажется",Kira Petrov,активист,1,TEDYouth 2016,2016,New York,0,2016-08-01,2017-01-05,975,1840200,281,27
1379,Почему язык работают против нас,Samir Meyer,писатель,1,TEDSalon NY,2016,New York,0,2016-09-21,2017-01-06,591,3241541,559,39
1766,"Что привычки сложнее, чем выглядят",Samir Meyer,философ,1,TED2016,2016,Vancouver,1,2016-12-06,2017-01-06,460,1473997,149,7
1914,Как бактерии не работают,Elif Lindqvist,дизайнер,1,TEDSalon NY,2016,New York,0,2016-11-12,2017-01-09,338,535989,55,28
1399,Что дети работают против нас,Emma Dubois,художник,1,TEDSalon NY,2016,New York,0,2016-12-16,2017-01-10,884,1104964,167,34
581,"Каким образом архитектура важнее, чем кажется",Zoe Lindqvist,журналист,1,TED2016,2016,Vancouver,1,2016-08-25,2017-01-11,918,356176,36,17
1813,"Каким образом доверие сложнее, чем выглядят",Lena Almeida,экономист,3,TEDSalon NY,2016,New York,0,2016-10-10,2017-01-11,408,2026884,438,12
1946,Зачем сон обманывают нас,Peter Meyer,историк,1,TED2016,2016,Vancouver,1,2016-09-23,2017-01-14,920,355260,41,16
655,Как почва недооценены,Ravi Novak,психолог,1,TEDSalon NY,2016,New York,0,2016-09-02,2017-01-16,424,1095298,446,40
2307,Что деньги говорят правду,Ravi Hassan,архитектор,1,TEDWomen 2017,2017,New Orleans,1,2017-01-04,2017-01-18,519,1620817,516,37
799,Отчего вирусы стоят дороже,Jonas Novak,эколог,1,TED2016,2016,Vancouver,1,2016-09-28,2017-01-20,794,1739130,749,27
1268,Что медицина зависят от нас,Daniel Kaplan,журналист,1,TEDYouth 2016,2016,New York,0,2016-09-13,2017-01-20,1139,840975,350,40
236,Каким образом доверие устроены не так,Kira Berger,антрополог,1,TEDYouth 2016,2016,New York,0,2016-12-04,2017-01-21,1025,1869815,230,33
1433,Каким образом архитектура стали другими,Noah Reyes,антрополог,1,TED2016,2016,Vancouver,1,2016-12-14,2017-01-22,320,2422731,673,43
2057,"Отчего вода опаснее, чем принято думать",Tom Dubois,предприниматель,1,TED2016,2016,Vancouver,1,2016-10-02,2017-01-23,934,38014523,6594,42
486,Почему суды работают против нас,Tom Adeyemi,,1,TED2016,2016,Vancouver,1,2016-08-19,2017-01-24,851,1454747,152,28
1014,"Почему медицина опаснее, чем принято думать",Felix Adeyemi,нейробиолог,1,TEDYouth 2016,2016,New York,0,2016-10-18,2017-01-25,618,3790833,327,39
1469,Каким образом границы нуждаются в защите,Ana Almeida,психолог,1,TEDSalon NY,2016,New York,0,2016-10-03,2017-01-25,233,498514,212,22
2251,Как страх устроены не так,John Fischer,физик,1,TED2017,2017,Vancouver,1,2017-01-14,2017-01-26,403,236937,46,23
2481,"Отчего привычки опаснее, чем принято думать",Hugo Novak,художник,1,TED2016,2016,Vancouver,1,2016-10-09,2017-01-27,1033,996095,104,14
2548,Почему нейросети недооценены,Kira Petrov,инженер,1,TEDYouth 2016,2016,New York,0,2016-09-17,2017-01-29,821,941837,115,36
148,Почему климат молчат,Kira Moreau,нейробиолог,1,TEDSalon NY,2016,New York,0,2016-08-20,2017-01-31,1119,4051447,474,28
676,Почему леса исчезают,Kira Silva,педагог,1,TEDGlobal 2017,2017,Arusha,1,2017-01-21,2017-02-03,1198,376711,36,57
1068,"Отчего музыка опаснее, чем принято думать",Iris Fischer,антрополог,1,TEDYouth 2016,2016,New York,0,2016-10-18,2017-02-03,324,228673,30,27
2295,Как привычки стоят дороже,Felix Hassan,биолог,1,TEDSalon NY,2016,New York,0,2016-09-10,2017-02-03,1038,743349,85,26
2364,Отчего почва стали другими,Zoe Iversen,философ,1,TED2016,2016,Vancouver,1,2016-11-10,2017-02-07,1469,4707373,1729,41
1023,Почему суды меняют всё,Emma Nakamura,антрополог,1,TED2016,2016,Vancouver,1,2016-11-06,2017-02-10,1131,1006770,101,17
2589,Отчего суды возвращаются,Maria Almeida,музыкант,1,TEDYouth 2016,2016,New York,0,2016-09-13,2017-02-10,375,2401875,214,16
2647,Зачем бактерии зависят от нас,Daniel Okafor,философ,1,TEDSalon NY,2016,New York,0,2016-10-22,2017-02-10,1490,449386,61,36
1327,Каким образом медицина молчат,Alex Almeida,биолог,1,TEDSalon NY,2016,New York,0,2016-08-23,2017-02-11,719,2347749,238,21
2022,Зачем данные молчат,Lena Berger,математик,1,TEDSalon NY,2016,New York,0,2016-11-01,2017-02-11,676,1230432,261,25
505,Что врачи работают против нас,Hugo Silva,музыкант,1,TED2016,2016,Vancouver,1,2016-10-17,2017-02-15,557,2064354,220,46
1435,Зачем сон требуют пересмотра,Yuki Nakamura,астроном,1,TEDSalon NY,2016,New York,0,2016-08-05,2017-02-15,834,517632,152,26
478,Как города нуждаются в защите,Noah Reyes,музыкант,1,TEDSalon NY,2016,New York,0,2016-08-26,2017-02-17,627,1518786,521,34
1729,Как время устроены не так,Mira Nilsen,психолог,1,TEDYouth 2016,2016,New York,0,2016-11-02,2017-02-17,830,431924,96,37
1609,Как океан недооценены,Jonas Iversen,астроном,1,TEDYouth 2016,2016,New York,0,2016-11-27,2017-02-20,210,1142414,183,44
2727,Как мы не работают,Kira Haugen,,1,TEDYouth 2016,2016,New York,0,2016-09-05,2017-02-20,380,1428923,458,13
1282,Как архитектура стоят дороже,Lucia Vargas,предприниматель,2,TEDYouth 2016,2016,New York,0,2016-08-07,2017-02-21,1280,790827,91,17
2443,Зачем привычки требуют пересмотра,Ravi Petrov,писатель,2,TEDYouth 2016,2016,New York,0,2016-10-09,2017-02-22,561,13790665,5903,26
1165,Каким образом деньги устроены не так,Lena Meyer,инженер,3,TED2016,2016,Vancouver,1,2016-12-16,2017-02-23,529,408404,44,29
1116,Почему бактерии держат нас вместе,Ravi Nakamura,инженер,1,TEDYouth 2016,2016,New York,0,2016-08-26,2017-02-24,356,2472272,243,30
1871,Зачем почва исчезают,Elif Lindqvist,архитектор,1,TED2016,2016,Vancouver,1,2016-08-14,2017-02-24,400,1572417,260,20
450,Каким образом климат меняют всё,Liam Hassan,архитектор,2,TEDSalon NY,2016,New York,0,2016-11-28,2017-02-25,857,2833728,846,32
1850,Что почва недооценены,Peter Vargas,нейробиолог,1,TED2017,2017,Vancouver,1,2017-01-21,2017-02-25,644,7054111,1522,43
2256,Что врачи не работают,Ana Iversen,антрополог,1,TED2016,2016,Vancouver,1,2016-09-13,2017-02-25,505,1165295,382,21
1135,Каким образом сон работают против нас,Elif Fischer,программист,1,TED2016,2016,Vancouver,1,2016-12-01,2017-02-27,1113,1300617,367,48
1402,Как нейросети работают против нас,Mira Fischer,журналист,1,TED2016,2016,Vancouver,1,2016-12-15,2017-02-28,328,2503931,503,22
1977,Что работа молчат,Tom Haugen,юрист,1,TEDSalon NY,2016,New York,0,2016-09-28,2017-03-01,1430,682290,67,49
2303,Каким образом одиночество определяют будущее,Liam Dubois,программист,1,TEDSalon NY,2016,New York,0,2016-12-04,2017-03-01,350,1059808,368,38
2744,Зачем старение заслуживают внимания,Jonas Dubois,математик,1,TED2017,2017,Vancouver,1,2017-01-02,2017-03-04,1584,3856341,1201,38
1067,Зачем выборы держат нас вместе,Jonas Iversen,,1,TED2016,2016,Vancouver,1,2016-09-13,2017-03-06,1337,812173,76,17
1973,Почему музыка говорят правду,Mira Dubois,эколог,1,TEDSalon NY,2016,New York,0,2016-09-12,2017-03-06,821,3381947,702,43
1202,Как бактерии определяют будущее,John Vargas,эколог,1,TED2016,2016,Vancouver,1,2016-12-28,2017-03-07,173,500268,69,30
2538,"Зачем эмоции важнее, чем кажется",Mira Okafor,инженер,1,TEDWomen 2017,2017,New Orleans,1,2017-02-22,2017-03-08,530,1654343,143,38
2609,Как суды требуют пересмотра,David Vargas,журналист,1,TEDYouth 2016,2016,New York,0,2016-09-23,2017-03-08,898,380792,45,35
1331,Что музыка стали другими,John Fischer,педагог,1,TEDSalon NY,2016,New York,0,2016-10-16,2017-03-10,566,276288,32,41
2040,Отчего семьи обманывают нас,Omar Bauer,антрополог,1,TED2016,2016,Vancouver,1,2016-10-04,2017-03-12,572,2420824,929,38
774,Что музыка устроены не так,Omar Reyes,,1,TEDSalon NY,2016,New York,0,2016-09-01,2017-03-14,361,465412,87,39
775,Что гены определяют будущее,Carlos Dubois,антрополог,1,TEDWomen 2017,2017,New Orleans,1,2017-02-18,2017-03-16,1076,3110930,281,12
746,Зачем дети молчат,Sara Lindqvist,режиссёр,1,TEDYouth 2016,2016,New York,0,2016-11-10,2017-03-19,820,1120374,152,25
1889,Почему границы недооценены,Hugo Fischer,музыкант,1,TEDSalon NY,2016,New York,0,2016-11-09,2017-03-19,595,917956,112,26
2359,"Как работа опаснее, чем принято думать",Tom Haugen,антрополог,1,TED2017,2017,Vancouver,1,2017-01-25,2017-03-19,907,5006063,782,34
1383,Отчего память требуют пересмотра,Ines Kowalski,журналист,1,TEDSalon NY,2016,New York,0,2016-09-20,2017-03-21,469,954568,432,13
2319,Отчего память определяют будущее,Emma Nilsen,,1,TEDWomen 2017,2017,New Orleans,1,2017-02-03,2017-03-21,442,4538841,402,29
2474,Что роботы заслуживают внимания,Samir Okafor,дизайнер,1,TED2017,2017,Vancouver,1,2017-01-12,2017-03-21,844,524265,58,29
1363,"Каким образом музыка важнее, чем кажется",Aisha Castillo,активист,1,TEDSalon NY,2016,New York,0,2016-11-28,2017-03-22,750,997603,135,21
2158,Как одиночество зависят от нас,Aisha Meyer,врач,1,TEDSalon NY,2016,New York,0,2016-11-27,2017-03-22,1192,627453,105,25
744,"Каким образом эмоции важнее, чем кажется",Aisha Nakamura,,1,TEDSalon NY,2016,New York,0,2016-09-16,2017-03-24,469,786742,111,25
946,Что данные устроены не так,Sara Haugen,юрист,1,TEDGlobal 2017,2017,Arusha,1,2017-01-16,2017-03-26,1162,1309036,126,16
1142,Каким образом нейросети заслуживают внимания,Hugo Okafor,философ,1,TEDWomen 2017,2017,New Orleans,1,2017-02-02,2017-03-26,273,3540360,308,18
420,Каким образом вирусы возвращаются,Ravi Dubois,юрист,1,TEDSalon NY,2016,New York,0,2016-11-19,2017-03-27,712,790655,81,17
507,Зачем время возвращаются,Sara Bauer,,2,TEDGlobal 2017,2017,Arusha,1,2017-02-17,2017-03-27,1241,203341,24,42
713,Каким образом океан заслуживают внимания,Iris Reyes,,1,TED2017,2017,Vancouver,1,2017-03-05,2017-03-27,1148,3617810,619,14
1320,Как работа устроены не так,Lena Reyes,нейробиолог,1,TEDYouth 2016,2016,New York,0,2016-10-22,2017-03-27,253,601212,241,27
2017,Как время решают за нас,Nora Nilsen,архитектор,1,TED2016,2016,Vancouver,1,2016-10-14,2017-03-28,1189,2456295,222,25
9,Почему границы нуждаются в защите,Zoe Reyes,врач,1,TED2016,2016,Vancouver,1,2016-10-08,2017-03-30,1362,1156698,331,49
1772,"Каким образом энергия сложнее, чем выглядят",Yuki Meyer,программист,2,TEDYouth 2016,2016,New York,0,2016-09-18,2017-03-31,1015,883643,91,45
519,"Каким образом деньги сложнее, чем выглядят",Emma Fischer,архитектор,1,TEDSalon NY,2016,New York,0,2016-12-13,2017-04-04,913,310801,30,31
2399,Зачем одиночество недооценены,Sara Kaplan,журналист,3,TEDSalon NY,2016,New York,0,2016-09-20,2017-04-04,1180,2692106,868,19
2470,Как реки не работают,Peter Adeyemi,биолог,1,TEDYouth 2016,2016,New York,0,2016-12-13,2017-04-06,806,239933,52,34
80,"Как реки опаснее, чем принято думать",Emma Bauer,физик,1,TEDYouth 2016,2016,New York,0,2016-09-24,2017-04-07,852,1627359,225,44
2543,Как гены обманывают нас,Peter Kaplan,дизайнер,1,TEDGlobal 2017,2017,Arusha,1,2017-02-24,2017-04-07,1093,1468836,265,35
2109,Что реки зависят от нас,Aisha Bauer,биолог,2,TEDWomen 2017,2017,New Orleans,1,2017-02-23,2017-04-08,661,733456,170,21
965,Каким образом дети возвращаются,Ines Haugen,математик,1,TEDWomen 2017,2017,New Orleans,1,2017-03-11,2017-04-09,760,851283,134,13
1578,Зачем выборы заслуживают внимания,Felix Lindqvist,эколог,1,TED2017,2017,Vancouver,1,2017-01-22,2017-04-10,375,65045,6,18
2141,Почему роботы требуют пересмотра,Sara Reyes,историк,1,TED2017,2017,Vancouver,1,2017-03-03,2017-04-11,964,7590262,778,49
2188,"Что вода сложнее, чем выглядят",Elif Nakamura,педагог,1,TEDWomen 2017,2017,New Orleans,1,2017-02-22,2017-04-13,982,170305,42,12
1215,Отчего деньги стали другими,Daniel Moreau,писатель,1,TEDWomen 2017,2017,New Orleans,1,2017-04-03,2017-04-14,463,2021362,725,48
196,Как привычки решают за нас,Omar Bauer,астроном,1,TEDWomen 2017,2017,New Orleans,1,2017-01-10,2017-04-15,481,2835457,693,37
938,Почему музыка требуют пересмотра,Omar Reyes,,1,TEDSalon NY,2016,New York,0,2016-11-11,2017-04-15,1100,435569,141,18
1768,Как семьи стоят дороже,Lucia Dubois,,1,TEDWomen 2017,2017,New Orleans,1,2017-01-14,2017-04-15,750,752008,148,36
2293,"Что врачи опаснее, чем принято думать",Maria Kaplan,педагог,1,TEDWomen 2017,2017,New Orleans,1,2017-01-10,2017-04-16,732,1760460,246,13
2294,Почему вода решают за нас,Zoe Silva,дизайнер,1,TED2017,2017,Vancouver,1,2017-02-27,2017-04-17,661,1976548,187,38
1310,Как деньги меняют всё,David Novak,философ,1,TEDSalon NY,2016,New York,0,2016-12-22,2017-04-18,861,1429358,259,8
1917,Что энергия недооценены,Yuki Silva,психолог,1,TEDSalon NY,2016,New York,0,2016-11-04,2017-04-18,1076,87978,19,27
1388,Почему эмоции работают против нас,Felix Berger,режиссёр,1,TEDSalon NY,2016,New York,0,2016-11-13,2017-04-19,634,279476,28,17
333,"Что язык сложнее, чем выглядят",Ana Kaplan,инженер,1,TEDWomen 2017,2017,New Orleans,1,2017-01-25,2017-04-21,1042,2537362,300,45
1550,Каким образом время держат нас вместе,Alex Ferrari,,1,TED2017,2017,Vancouver,1,2017-02-27,2017-04-22,949,7904607,1325,39
1765,Каким образом почва исчезают,Kira Berger,художник,1,TEDSalon NY,2016,New York,0,2016-12-20,2017-04-23,767,472040,60,30
1591,Зачем суды нуждаются в защите,Jonas Bauer,педагог,1,TEDYouth 2016,2016,New York,0,2016-10-28,2017-04-29,962,89979,17,31
1724,Как мы требуют пересмотра,Liam Vargas,журналист,1,TEDSalon NY,2016,New York,0,2016-11-05,2017-04-29,430,1443868,150,37
1264,Что старение стоят дороже,Nora Vargas,философ,1,TED2017,2017,Vancouver,1,2017-04-02,2017-05-01,346,706205,60,32
499,Почему одиночество зависят от нас,Lena Kowalski,инженер,1,TED2017,2017,Vancouver,1,2017-01-20,2017-05-03,0,2648099,539,30
1270,Зачем суды исчезают,Lucia Iversen,антрополог,1,TED2017,2017,Vancouver,1,2017-04-19,2017-05-05,393,35480237,3278,14
2509,Почему доверие устроены не так,Jonas Adeyemi,эколог,1,TEDWomen 2017,2017,New Orleans,1,2017-02-21,2017-05-09,386,422752,183,34
963,Зачем язык говорят правду,Mira Lindqvist,биолог,1,TEDGlobal 2017,2017,Arusha,1,2017-03-28,2017-05-10,479,485848,199,18
1640,Отчего школы нуждаются в защите,Aisha Vargas,экономист,1,TEDYouth 2016,2016,New York,0,2016-12-26,2017-05-11,920,325840,142,18
1654,Что роботы определяют будущее,Noah Hassan,дизайнер,1,TEDGlobal 2017,2017,Arusha,1,2017-03-28,2017-05-11,358,1005558,269,30
1906,Каким образом океан устроены не так,Elif Silva,педагог,1,TEDGlobal 2017,2017,Arusha,1,2017-01-07,2017-05-11,1583,451498,173,28
173,Что архитектура обманывают нас,Felix Castillo,активист,1,TEDGlobal 2017,2017,Arusha,1,2017-02-04,2017-05-14,1433,1113422,120,15
521,"Отчего доверие важнее, чем кажется",Nora Vargas,антрополог,1,TEDSalon NY,2016,New York,0,2016-12-05,2017-05-15,1162,1055161,119,40
2192,Как границы возвращаются,Liam Vargas,дизайнер,1,TEDWomen 2017,2017,New Orleans,1,2017-03-14,2017-05-16,784,1562567,197,23
2316,Каким образом гены держат нас вместе,Peter Fischer,юрист,2,TED2017,2017,Vancouver,1,2017-02-04,2017-05-16,416,4524634,417,34
1670,Зачем одиночество молчат,Liam Adeyemi,,3,TEDGlobal 2017,2017,Arusha,1,2017-03-27,2017-05-19,286,1187430,181,36
738,Почему одиночество устроены не так,Emma Dubois,программист,1,TEDSalon NY,2016,New York,0,2016-12-10,2017-05-20,678,4162499,657,23
2136,Как сон молчат,Sara Ferrari,писатель,1,TEDGlobal 2017,2017,Arusha,1,2017-04-12,2017-05-20,1153,1004627,91,24
2550,Каким образом границы зависят от нас,Hugo Moreau,математик,1,TEDWomen 2017,2017,New Orleans,1,2017-02-10,2017-05-21,324,679523,203,43
421,Зачем сон устроены не так,Hugo Almeida,нейробиолог,3,TEDYouth 2016,2016,New York,0,2016-12-14,2017-05-22,569,1434383,121,14
990,Зачем деньги определяют будущее,Elif Petrov,психолог,1,TEDGlobal 2017,2017,Arusha,1,2017-05-05,2017-05-22,1246,1016977,254,27
2345,Зачем нейросети стоят дороже,Tom Fischer,программист,1,TEDWomen 2017,2017,New Orleans,1,2017-02-09,2017-05-22,400,4240613,518,32
2562,Каким образом города возвращаются,David Hassan,психолог,1,TEDYouth 2016,2016,New York,0,2016-11-14,2017-05-22,717,170114,53,31
2365,Как медицина возвращаются,Tom Reyes,физик,1,TEDGlobal 2017,2017,Arusha,1,2017-01-01,2017-05-26,419,4229982,618,39
2504,Что выборы недооценены,Maria Castillo,предприниматель,3,TEDWomen 2017,2017,New Orleans,1,2017-04-12,2017-05-30,612,1012559,134,24
2603,Что почва держат нас вместе,Omar Bauer,нейробиолог,1,TEDWomen 2017,2017,New Orleans,1,2017-04-26,2017-05-30,289,2573120,365,27
1632,"Почему семьи опаснее, чем принято думать",Maria Moreau,эколог,1,TEDWomen 2017,2017,New Orleans,1,2017-03-18,2017-05-31,1437,2557220,392,6
2577,Отчего города не работают,Hugo Ferrari,инженер,1,TED2017,2017,Vancouver,1,2017-01-22,2017-05-31,678,470058,45,7
50,Что архитектура стоят дороже,Elif Ferrari,экономист,2,TEDWomen 2017,2017,New Orleans,1,2017-04-06,2017-06-05,1303,21028501,3363,42
853,Как реки молчат,Lena Silva,экономист,1,TEDWomen 2017,2017,New Orleans,1,2017-05-26,2017-06-05,475,3483917,366,26
1348,Отчего реки держат нас вместе,Samir Lindqvist,экономист,1,TEDYouth 2016,2016,New York,0,2016-12-25,2017-06-06,467,1306060,373,41
330,Зачем время не работают,Emma Petrov,,1,TEDWomen 2017,2017,New Orleans,1,2017-04-22,2017-06-09,1078,1494111,302,41
834,"Отчего привычки сложнее, чем выглядят",Ravi Nakamura,историк,1,TED2017,2017,Vancouver,1,2017-01-03,2017-06-11,705,5138395,660,43
210,"Как эмоции сложнее, чем выглядят",Ana Iversen,врач,1,TEDWomen 2017,2017,New Orleans,1,2017-04-09,2017-06-15,1017,1869861,201,45
675,Отчего страх устроены не так,Zoe Vargas,,1,TEDYouth 2016,2016,New York,0,2016-12-14,2017-06-16,241,1760850,240,39
1303,Почему школы стоят дороже,Sara Haugen,историк,1,TEDWomen 2017,2017,New Orleans,1,2017-05-28,2017-06-16,431,728234,73,19
2151,"Зачем города сложнее, чем выглядят",Maria Haugen,врач,1,TED2017,2017,Vancouver,1,2017-04-12,2017-06-17,709,5571892,2358,14
804,Каким образом сон стали другими,Yuki Dubois,инженер,1,TED2017,2017,Vancouver,1,2017-03-20,2017-06-18,965,3349876,546,39
2139,Почему вирусы работают против нас,Yuki Okafor,астроном,1,TED2016,2016,Vancouver,1,2016-12-11,2017-06-20,646,355494,34,41
1323,Отчего эмоции говорят правду,Emma Iversen,врач,1,TED2017,2017,Vancouver,1,2017-03-19,2017-06-21,800,959174,139,28
2742,Отчего сон работают против нас,Emma Vargas,программист,1,TEDWomen 2017,2017,New Orleans,1,2017-02-04,2017-06-24,361,687645,95,22
504,Каким образом границы определяют будущее,Omar Bauer,философ,1,TED2017,2017,Vancouver,1,2017-02-25,2017-06-25,415,13206695,1235,63
2404,Отчего данные заслуживают внимания,Emma Haugen,художник,1,TEDGlobal 2017,2017,Arusha,1,2017-04-06,2017-06-25,231,2994876,460,9
396,Каким образом данные зависят от нас,Emma Nilsen,музыкант,1,TEDGlobal 2017,2017,Arusha,1,2017-04-02,2017-06-26,605,1985276,421,21
2347,Отчего эмоции не работают,Iris Bauer,биолог,1,TEDGlobal 2017,2017,Arusha,1,2017-02-19,2017-06-27,725,187854,80,28
615,Что школы обманывают нас,Hugo Almeida,музыкант,1,TED2017,2017,Vancouver,1,2017-01-28,2017-06-28,1295,683270,97,41
1818,Каким образом нейросети исчезают,Jonas Vargas,программист,1,TED2017,2017,Vancouver,1,2017-04-07,2017-06-28,745,964239,387,40
424,Что космос исчезают,Sara Castillo,врач,1,TEDGlobal 2017,2017,Arusha,1,2017-03-23,2017-07-01,1148,385690,86,19
685,Как космос требуют пересмотра,Mira Bauer,педагог,1,TEDWomen 2017,2017,New Orleans,1,2017-02-11,2017-07-01,302,10451567,1063,32
785,Как роботы молчат,Mira Castillo,эколог,1,TEDWomen 2017,2017,New Orleans,1,2017-02-04,2017-07-02,1103,651685,194,15
351,Как роботы требуют пересмотра,David Meyer,писатель,1,TEDGlobal 2017,2017,Arusha,1,2017-01-08,2017-07-03,662,798827,215,31
1855,Каким образом медицина устроены не так,Yuki Petrov,дизайнер,1,TED2017,2017,Vancouver,1,2017-06-09,2017-07-05,350,925326,104,25
2575,Зачем почва решают за нас,Yuki Vargas,физик,2,TEDWomen 2017,2017,New Orleans,1,2017-06-06,2017-07-05,885,552973,46,44
2302,Как выборы стоят дороже,Maria Okafor,музыкант,1,TED2017,2017,Vancouver,1,2017-06-15,2017-07-08,1320,7575711,942,34
15,"Что нейросети опаснее, чем принято думать",Jonas Petrov,историк,1,TED2017,2017,Vancouver,1,2017-02-12,2017-07-12,1259,2964147,324,27
101,Каким образом доверие молчат,Tom Bauer,режиссёр,2,TEDWomen 2017,2017,New Orleans,1,2017-01-12,2017-07-13,919,1885224,679,25
152,Что нейросети обманывают нас,Emma Vargas,журналист,1,TED2017,2017,Vancouver,1,2017-01-26,2017-07-13,1026,2131216,179,50
1523,"Зачем привычки сложнее, чем выглядят",Emma Iversen,философ,1,TEDGlobal 2017,2017,Arusha,1,2017-06-05,2017-07-14,460,2793987,274,55
2079,Каким образом гены исчезают,Lucia Castillo,экономист,1,TEDGlobal 2017,2017,Arusha,1,2017-06-12,2017-07-14,673,613458,60,28
2127,Зачем работа обманывают нас,Ravi Nakamura,предприниматель,1,TEDGlobal 2017,2017,Arusha,1,2017-02-16,2017-07-15,1175,8768043,825,33
789,Что леса говорят правду,Omar Kowalski,нейробиолог,1,TED2017,2017,Vancouver,1,2017-05-28,2017-07-18,561,867659,108,37
2555,Каким образом сон недооценены,Nora Nilsen,физик,3,TEDWomen 2017,2017,New Orleans,1,2017-04-28,2017-07-18,1143,1162857,207,20
1861,Отчего деньги работают против нас,Kira Iversen,нейробиолог,1,TEDWomen 2017,2017,New Orleans,1,2017-05-25,2017-07-20,1104,5607884,699,29
2458,Каким образом дети требуют пересмотра,Ana Ferrari,художник,1,TEDGlobal 2017,2017,Arusha,1,2017-01-23,2017-07-20,667,5174280,700,22
1083,Почему данные говорят правду,Nora Kaplan,философ,1,TEDWomen 2017,2017,New Orleans,1,2017-05-08,2017-07-21,277,1424324,224,16
1368,Почему роботы исчезают,Jonas Meyer,врач,1,TED2017,2017,Vancouver,1,2017-07-03,2017-07-22,880,1244166,233,37
350,Что космос работают против нас,Maria Berger,математик,1,TED2017,2017,Vancouver,1,2017-06-05,2017-07-24,1132,771191,105,24
621,"Как архитектура опаснее, чем принято думать",Omar Nakamura,активист,1,TEDGlobal 2017,2017,Arusha,1,2017-06-15,2017-07-24,643,5702822,801,41
1276,Зачем города недооценены,Zoe Lindqvist,историк,1,TEDWomen 2017,2017,New Orleans,1,2017-07-08,2017-07-26,597,857627,88,28
1221,Что нейросети устроены не так,Alex Bauer,программист,1,TEDGlobal 2017,2017,Arusha,1,2017-05-13,2017-07-28,893,1429473,471,17
2032,Каким образом вирусы держат нас вместе,Lena Iversen,нейробиолог,1,TEDGlobal 2017,2017,Arusha,1,2017-02-28,2017-07-28,740,698317,148,27
562,Зачем старение обманывают нас,Noah Bauer,предприниматель,1,TEDGlobal 2017,2017,Arusha,1,2017-02-17,2017-07-29,449,2415122,631,31
1536,"Что роботы сложнее, чем выглядят",Ines Reyes,активист,1,TED2017,2017,Vancouver,1,2017-07-06,2017-07-29,603,1217369,257,39
2392,"Почему работа опаснее, чем принято думать",Aisha Fischer,физик,1,TEDGlobal 2017,2017,Arusha,1,2017-05-20,2017-07-29,444,1296504,513,34
666,"Как гены важнее, чем кажется",John Almeida,дизайнер,1,TEDWomen 2017,2017,New Orleans,1,2017-06-19,2017-07-30,493,6368126,546,20
1471,Зачем время решают за нас,Carlos Bauer,историк,1,TEDGlobal 2017,2017,Arusha,1,2017-05-03,2017-07-30,307,2623118,238,12
1655,Каким образом роботы говорят правду,Jonas Castillo,эколог,1,TED2017,2017,Vancouver,1,2017-05-13,2017-07-31,934,1687449,151,28
2223,Как космос заслуживают внимания,Felix Iversen,писатель,1,TEDWomen 2017,2017,New Orleans,1,2017-05-26,2017-07-31,761,1883394,162,29
442,"Почему школы опаснее, чем принято думать",Ana Dubois,эколог,1,TED2017,2017,Vancouver,1,2017-03-26,2017-08-01,459,732606,283,19
1934,"Как архитектура важнее, чем кажется",Emma Nilsen,экономист,1,TED2017,2017,Vancouver,1,2017-01-22,2017-08-02,887,1657159,428,21
1829,Что космос нуждаются в защите,Carlos Vargas,,1,TED2017,2017,Vancouver,1,2017-07-08,2017-08-03,448,2920068,299,35
139,Отчего леса стоят дороже,Mira Castillo,журналист,1,TED2017,2017,Vancouver,1,2017-06-26,2017-08-05,626,1759918,209,18
764,Зачем семьи решают за нас,Aisha Lindqvist,врач,1,TEDGlobal 2017,2017,Arusha,1,2017-07-17,2017-08-09,1109,4551907,1299,29
2198,"Отчего дети важнее, чем кажется",Emma Almeida,биолог,1,TED2017,2017,Vancouver,1,2017-06-25,2017-08-09,651,18520263,2576,28
380,Зачем медицина нуждаются в защите,Peter Okafor,дизайнер,1,TEDGlobal 2017,2017,Arusha,1,2017-04-27,2017-08-10,341,3076023,892,24
1849,Отчего космос не работают,Carlos Lindqvist,биолог,1,TEDGlobal 2017,2017,Arusha,1,2017-02-01,2017-08-11,223,1438345,242,23
302,Каким образом вирусы определяют будущее,Tom Iversen,эколог,1,TEDGlobal 2017,2017,Arusha,1,2017-08-01,2017-08-12,370,1523123,149,44
2254,Почему музыка нуждаются в защите,David Berger,активист,1,TEDGlobal 2017,2017,Arusha,1,2017-02-05,2017-08-13,363,698157,61,45
1114,Как леса устроены не так,Noah Bauer,юрист,1,TEDWomen 2017,2017,New Orleans,1,2017-04-04,2017-08-14,437,196322,59,37
1949,"Почему врачи важнее, чем кажется",Aisha Petrov,юрист,1,TED2017,2017,Vancouver,1,2017-08-04,2017-08-15,364,9465324,882,23
1505,Почему роботы определяют будущее,Elif Kaplan,,1,TEDWomen 2017,2017,New Orleans,1,2017-06-13,2017-08-17,808,340525,32,34
147,Почему гены держат нас вместе,Felix Reyes,психолог,1,TED2017,2017,Vancouver,1,2017-04-11,2017-08-18,315,334462,61,57
1072,Как энергия говорят правду,Zoe Moreau,журналист,1,TEDWomen 2017,2017,New Orleans,1,2017-03-10,2017-08-18,1105,2533882,332,4
1541,Каким образом архитектура требуют пересмотра,Peter Bauer,антрополог,1,TEDGlobal 2017,2017,Arusha,1,2017-03-04,2017-08-18,576,460715,75,27
1916,Как роботы заслуживают внимания,Ines Castillo,,1,TEDWomen 2017,2017,New Orleans,1,2017-04-08,2017-08-18,275,533727,85,22
267,"Отчего бактерии опаснее, чем принято думать",Samir Berger,экономист,1,TEDGlobal 2017,2017,Arusha,1,2017-04-18,2017-08-19,858,3724150,482,34
259,Что медицина говорят правду,Elif Iversen,,1,TED2017,2017,Vancouver,1,2017-03-06,2017-08-20,785,333681,38,25
603,Отчего школы работают против нас,Alex Ferrari,инженер,1,TEDWomen 2017,2017,New Orleans,1,2017-05-13,2017-08-21,843,1412018,265,14
742,Зачем реки устроены не так,Zoe Nilsen,инженер,1,TED2017,2017,Vancouver,1,2017-04-11,2017-08-21,1092,4144519,511,16
1129,Что музыка решают за нас,Maria Petrov,педагог,1,TED2017,2017,Vancouver,1,2017-07-04,2017-08-22,309,17199191,2296,20
378,Что роботы говорят правду,Aisha Kowalski,предприниматель,1,TEDGlobal 2017,2017,Arusha,1,2017-03-17,2017-08-23,853,1020504,225,31
2394,Что космос заслуживают внимания,Emma Berger,экономист,1,TED2017,2017,Vancouver,1,2017-05-12,2017-08-23,493,971455,125,32
2535,Отчего школы говорят правду,Ines Haugen,архитектор,1,TEDWomen 2017,2017,New Orleans,1,2017-04-26,2017-08-23,787,1711505,180,47
2166,"Как врачи сложнее, чем выглядят",Ravi Vargas,астроном,1,TEDWomen 2017,2017,New Orleans,1,2017-07-18,2017-08-24,721,2123147,602,28
835,Каким образом мозг нуждаются в защите,Nora Fischer,,1,TEDWomen 2017,2017,New Orleans,1,2017-04-17,2017-08-25,381,1110481,157,17
962,Зачем язык меняют всё,Ines Moreau,историк,1,TEDWomen 2017,2017,New Orleans,1,2017-04-13,2017-08-25,448,1089735,121,16
2595,"Каким образом врачи опаснее, чем принято думать",Felix Castillo,историк,1,TEDGlobal 2017,2017,Arusha,1,2017-08-13,2017-08-26,769,3174485,303,22
2084,"Отчего данные важнее, чем кажется",Noah Okafor,режиссёр,1,TEDWomen 2017,2017,New Orleans,1,2017-04-11,2017-08-27,1053,2233541,342,20
1721,Как выборы держат нас вместе,Iris Okafor,журналист,1,TED2017,2017,Vancouver,1,2017-04-02,2017-08-28,915,2843129,256,30
1902,Как старение обманывают нас,Zoe Meyer,антрополог,1,TEDGlobal 2017,2017,Arusha,1,2017-08-07,2017-08-28,670,635940,64,35
1816,Зачем леса меняют всё,Zoe Bauer,,1,TEDGlobal 2017,2017,Arusha,1,2017-03-19,2017-08-29,359,668635,64,52
2059,"Как гены сложнее, чем выглядят",Zoe Bauer,писатель,1,TEDWomen 2017,2017,New Orleans,1,2017-04-03,2017-08-30,610,2745293,250,25
5,Что энергия держат нас вместе,Elif Berger,программист,1,TEDWomen 2017,2017,New Orleans,1,2017-06-11,2017-09-02,911,501738,170,27
151,Почему роботы обманывают нас,Maria Haugen,математик,1,TEDWomen 2017,2017,New Orleans,1,2017-02-26,2017-09-02,889,472763,41,42
544,Что мы работают против нас,Liam Castillo,музыкант,1,TED2017,2017,Vancouver,1,2017-07-15,2017-09-02,837,690715,215,37
157,Что время зависят от нас,Peter Fischer,писатель,1,TEDGlobal 2017,2017,Arusha,1,2017-07-09,2017-09-03,1432,6207558,555,44
2175,"Что энергия опаснее, чем принято думать",Iris Okafor,философ,1,TED2017,2017,Vancouver,1,2017-08-02,2017-09-06,931,1584934,352,33
1224,"Что время важнее, чем кажется",Mira Okafor,предприниматель,1,TEDWomen 2017,2017,New Orleans,1,2017-03-03,2017-09-07,722,2160277,319,31
1986,"Что океан опаснее, чем принято думать",Iris Hassan,,1,TEDGlobal 2017,2017,Arusha,1,2017-06-19,2017-09-10,755,1232485,322,38
402,Каким образом бактерии говорят правду,Elif Hassan,музыкант,1,TEDWomen 2017,2017,New Orleans,1,2017-07-07,2017-09-11,437,722814,98,37
974,Зачем границы не работают,Samir Reyes,музыкант,1,TED2017,2017,Vancouver,1,2017-04-22,2017-09-12,845,5772743,683,51
13,Каким образом сон решают за нас,Lucia Silva,экономист,1,TED2017,2017,Vancouver,1,2017-07-17,2017-09-14,881,5902945,764,17
913,"Почему энергия опаснее, чем принято думать",Hugo Kowalski,художник,1,TED2017,2017,Vancouver,1,2017-03-03,2017-09-14,1225,2229271,861,39
184,Зачем выборы исчезают,Omar Almeida,художник,1,TED2017,2017,Vancouver,1,2017-08-25,2017-09-15,1146,788966,70,24
2314,Почему школы молчат,Daniel Lindqvist,активист,1,TEDWomen 2017,2017,New Orleans,1,2017-07-14,2017-09-15,470,407772,63,27
2545,Что одиночество исчезают,Lena Kowalski,врач,1,TED2017,2017,Vancouver,1,2017-05-18,2017-09-16,1061,5009985,452,35
2691,Что города держат нас вместе,Sara Bauer,режиссёр,1,TEDGlobal 2017,2017,Arusha,1,2017-06-02,2017-09-16,1119,1747692,242,20
815,Зачем дети обманывают нас,Omar Adeyemi,психолог,1,TED2017,2017,Vancouver,1,2017-08-18,2017-09-17,500,3078117,732,28
171,Зачем роботы требуют пересмотра,Maria Castillo,психолог,1,TEDGlobal 2017,2017,Arusha,1,2017-06-24,2017-09-18,707,3449765,1337,24
2627,Каким образом суды заслуживают внимания,John Bauer,юрист,1,TEDWomen 2017,2017,New Orleans,1,2017-04-19,2017-09-20,720,1042797,89,33
2119,Как привычки держат нас вместе,Carlos Adeyemi,художник,1,TEDWomen 2017,2017,New Orleans,1,2017-08-06,2017-09-22,861,1778479,468,39
763,"Как алгоритмы опаснее, чем принято думать",Omar Dubois,,1,TEDWomen 2017,2017,New Orleans,1,2017-05-05,2017-09-26,400,3854363,471,40
1299,Зачем мы устроены не так,Ravi Kowalski,режиссёр,1,TEDWomen 2017,2017,New Orleans,1,2017-09-05,2017-09-30,776,4113657,736,33
1695,Как эмоции требуют пересмотра,Alex Castillo,архитектор,1,TEDGlobal 2017,2017,Arusha,1,2017-06-08,2017-10-01,764,445684,140,15
2591,Каким образом вирусы стоят дороже,Daniel Reyes,экономист,1,TED2017,2017,Vancouver,1,2017-08-11,2017-10-04,935,441258,51,15
1189,Как космос недооценены,Alex Vargas,программист,2,TED2017,2017,Vancouver,1,2017-07-19,2017-10-05,752,4046670,1297,52
2361,"Как мозг сложнее, чем выглядят",Elif Vargas,художник,1,TED2017,2017,Vancouver,1,2017-05-21,2017-10-05,970,639733,77,34
2748,Что деньги исчезают,Lena Haugen,писатель,1,TEDWomen 2017,2017,New Orleans,1,2017-05-07,2017-10-07,580,830612,98,22
927,Как вода обманывают нас,Nora Kowalski,эколог,1,TED2017,2017,Vancouver,1,2017-09-22,2017-10-10,832,5711470,726,38
1671,"Зачем доверие важнее, чем кажется",Mira Hassan,философ,1,TEDGlobal 2017,2017,Arusha,1,2017-05-07,2017-10-11,1020,5499389,1286,32
497,Отчего привычки недооценены,Samir Hassan,эколог,1,TEDWomen 2017,2017,New Orleans,1,2017-05-14,2017-10-13,1053,3298136,546,5
1339,Как вирусы не работают,Kira Haugen,психолог,1,TEDWomen 2017,2017,New Orleans,1,2017-07-26,2017-10-14,724,754462,98,35
1525,Как леса не работают,Mira Dubois,нейробиолог,1,TED2017,2017,Vancouver,1,2017-06-24,2017-10-14,593,1876324,673,16
2569,Что одиночество обманывают нас,Peter Hassan,режиссёр,1,TEDWomen 2017,2017,New Orleans,1,2017-08-19,2017-10-14,561,598806,130,35
1253,Каким образом алгоритмы обманывают нас,Yuki Almeida,режиссёр,1,TEDGlobal 2017,2017,Arusha,1,2017-07-16,2017-10-15,469,2808060,321,39
1508,Отчего сон заслуживают внимания,Kira Vargas,юрист,1,TED2017,2017,Vancouver,1,2017-08-11,2017-10-15,354,230616,44,36
943,Почему границы устроены не так,Kira Nilsen,художник,1,TED2017,2017,Vancouver,1,2017-05-13,2017-10-16,349,1220020,105,31
1761,Как климат решают за нас,Noah Petrov,астроном,1,TEDWomen 2017,2017,New Orleans,1,2017-04-10,2017-10-18,242,2142771,362,31
840,Отчего алгоритмы стали другими,Sara Reyes,программист,1,TEDWomen 2017,2017,New Orleans,1,2017-07-26,2017-10-19,635,1412463,252,50
137,Каким образом школы определяют будущее,Peter Dubois,,1,TEDGlobal 2017,2017,Arusha,1,2017-07-22,2017-10-21,984,1036614,206,1
2137,Что язык стоят дороже,Lucia Kaplan,астроном,1,TEDGlobal 2017,2017,Arusha,1,2017-09-09,2017-10-21,1332,5451854,521,17
1154,Отчего мы исчезают,Emma Iversen,музыкант,1,TEDWomen 2017,2017,New Orleans,1,2017-05-21,2017-10-23,765,2405228,844,28
1465,Почему роботы недооценены,Elif Haugen,инженер,1,TED2017,2017,Vancouver,1,2017-04-11,2017-10-23,762,74000000,13900,32
561,Как выборы возвращаются,Elif Silva,художник,1,TED2017,2017,Vancouver,1,2017-05-28,2017-10-25,1187,793511,149,35
498,Отчего медицина недооценены,Ana Adeyemi,журналист,1,TEDWomen 2017,2017,New Orleans,1,2017-09-02,2017-10-28,465,1895730,803,39
2551,"Как города важнее, чем кажется",Lena Bauer,астроном,1,TED2017,2017,Vancouver,1,2017-04-27,2017-10-28,1338,1954191,166,33
321,Отчего бактерии определяют будущее,Hugo Reyes,программист,1,TED2017,2017,Vancouver,1,2017-09-03,2017-10-29,1003,3460418,493,12
622,Почему границы заслуживают внимания,Ines Fischer,эколог,1,TEDWomen 2017,2017,New Orleans,1,2017-05-16,2017-10-29,712,3861711,483,1
2471,Отчего города нуждаются в защите,Jonas Almeida,эколог,1,TEDWomen 2017,2017,New Orleans,1,2017-09-01,2017-10-29,359,1250546,116,28
567,Отчего мы зависят от нас,Zoe Hassan,нейробиолог,1,TED2017,2017,Vancouver,1,2017-09-13,2017-11-02,795,411796,35,27
2619,"Как реки сложнее, чем выглядят",Lucia Berger,нейробиолог,1,TED2017,2017,Vancouver,1,2017-06-06,2017-11-02,1146,3649753,505,26
336,Что роботы исчезают,Alex Meyer,,1,TEDWomen 2017,2017,New Orleans,1,2017-08-01,2017-11-03,513,5399054,473,19
2147,Что почва говорят правду,Aisha Vargas,биолог,1,TEDGlobal 2017,2017,Arusha,1,2017-10-15,2017-11-03,618,2628520,245,14
2660,Почему доверие меняют всё,Omar Kaplan,биолог,1,TED2017,2017,Vancouver,1,2017-06-26,2017-11-05,580,16521628,1741,25
1679,Отчего одиночество работают против нас,Ana Moreau,экономист,1,TEDWomen 2017,2017,New Orleans,1,2017-05-18,2017-11-09,953,1979926,395,9
2095,Зачем почва определяют будущее,Carlos Reyes,биолог,1,TEDGlobal 2017,2017,Arusha,1,2017-05-27,2017-11-09,725,1363003,160,53
2442,Отчего реки заслуживают внимания,Ines Silva,педагог,1,TEDGlobal 2017,2017,Arusha,1,2017-10-15,2017-11-09,1108,6389453,675,36
2209,Каким образом доверие нуждаются в защите,Nora Adeyemi,нейробиолог,1,TEDGlobal 2017,2017,Arusha,1,2017-09-19,2017-11-10,706,2774806,395,42
843,Зачем страх требуют пересмотра,Sara Hassan,математик,1,TED2017,2017,Vancouver,1,2017-08-15,2017-11-12,788,342235,77,25
850,Как сон работают против нас,John Hassan,астроном,2,TEDGlobal 2017,2017,Arusha,1,2017-07-08,2017-11-16,213,6639031,793,24
1561,Зачем энергия заслуживают внимания,Kira Adeyemi,предприниматель,1,TED2017,2017,Vancouver,1,2017-05-22,2017-11-17,0,57103,5,21
1641,Как космос обманывают нас,David Lindqvist,режиссёр,1,TED2017,2017,Vancouver,1,2017-11-02,2017-11-17,602,27050203,3224,53
806,Что одиночество определяют будущее,Sara Iversen,психолог,1,TEDGlobal 2017,2017,Arusha,1,2017-10-27,2017-11-18,865,767101,171,13
1054,Зачем деньги зависят от нас,Aisha Okafor,писатель,1,TEDGlobal 2017,2017,Arusha,1,2017-05-06,2017-11-19,1155,10009806,3025,37
1588,Отчего нейросети требуют пересмотра,Elif Lindqvist,дизайнер,1,TEDWomen 2017,2017,New Orleans,1,2017-09-12,2017-11-20,897,1896372,679,25
2657,Зачем память зависят от нас,Zoe Vargas,режиссёр,1,TEDGlobal 2017,2017,Arusha,1,2017-08-14,2017-11-20,992,1533782,350,23
1837,Как данные стоят дороже,Peter Petrov,,1,TEDWomen 2017,2017,New Orleans,1,2017-09-13,2017-11-21,1281,2230917,344,24
693,Как эмоции держат нас вместе,Nora Almeida,писатель,1,TEDGlobal 2017,2017,Arusha,1,2017-05-26,2017-11-25,437,2021602,239,19
2482,Каким образом одиночество зависят от нас,Ravi Adeyemi,,2,TEDWomen 2017,2017,New Orleans,1,2017-10-05,2017-11-26,414,1387078,486,55
1824,Почему выборы решают за нас,Kira Castillo,активист,1,TEDGlobal 2017,2017,Arusha,1,2017-05-19,2017-11-27,782,798717,174,36
2237,"Зачем бактерии сложнее, чем выглядят",Nora Petrov,инженер,1,TED2017,2017,Vancouver,1,2017-10-15,2017-11-30,835,3638891,841,35
438,Почему суды обманывают нас,Nora Novak,врач,1,TED2017,2017,Vancouver,1,2017-07-21,2017-12-04,806,906672,98,21
2703,Как океан устроены не так,Daniel Kowalski,экономист,1,TEDWomen 2017,2017,New Orleans,1,2017-11-06,2017-12-04,1118,12315780,1896,23
1443,Каким образом время работают против нас,Jonas Okafor,музыкант,1,TEDGlobal 2017,2017,Arusha,1,2017-05-28,2017-12-05,1168,1707204,211,29
53,Как страх зависят от нас,Elif Reyes,писатель,1,TEDWomen 2017,2017,New Orleans,1,2017-07-02,2017-12-06,655,2885266,415,27
679,Отчего выборы держат нас вместе,Sara Nakamura,историк,1,TEDWomen 2017,2017,New Orleans,1,2017-08-26,2017-12-06,324,1799704,218,35
2252,Зачем города возвращаются,Elif Moreau,врач,1,TED2017,2017,Vancouver,1,2017-07-15,2017-12-06,514,2316870,327,29
2469,Каким образом старение говорят правду,John Berger,философ,1,TED2017,2017,Vancouver,1,2017-06-02,2017-12-06,564,1057398,157,39
2061,"Отчего данные опаснее, чем принято думать",Ines Reyes,нейробиолог,1,TEDWomen 2017,2017,New Orleans,1,2017-09-20,2017-12-07,434,274329,63,36
376,Почему космос стоят дороже,Aisha Reyes,дизайнер,1,TEDGlobal 2017,2017,Arusha,1,2017-10-03,2017-12-10,1103,2579085,216,31
684,Почему деньги не работают,Elif Adeyemi,писатель,2,TEDGlobal 2017,2017,Arusha,1,2017-07-20,2017-12-11,717,1722099,197,38
1812,Что язык не работают,Samir Nakamura,биолог,1,TEDGlobal 2017,2017,Arusha,1,2017-09-13,2017-12-12,384,4541946,892,16
1242,Как роботы зависят от нас,Jonas Bauer,астроном,1,TEDWomen 2017,2017,New Orleans,1,2017-11-09,2017-12-14,1136,20837165,4005,34
1951,Как алгоритмы работают против нас,Zoe Almeida,дизайнер,1,TEDWomen 2017,2017,New Orleans,1,2017-09-01,2017-12-15,382,9522529,1496,20
2055,Почему суды стоят дороже,Jonas Nilsen,музыкант,1,TED2017,2017,Vancouver,1,2017-07-27,2017-12-15,732,4638272,684,39
1912,Что границы нуждаются в защите,Ravi Okafor,архитектор,1,TEDGlobal 2017,2017,Arusha,1,2017-10-18,2017-12-16,880,2790127,550,44
1212,"Как реки важнее, чем кажется",Emma Bauer,антрополог,1,TEDGlobal 2017,2017,Arusha,1,2017-06-08,2017-12-17,813,6081858,669,6
2026,Почему роботы заслуживают внимания,Ravi Adeyemi,художник,1,TEDWomen 2017,2017,New Orleans,1,2017-08-26,2017-12-17,894,1094502,186,18
2666,Каким образом данные меняют всё,Ana Okafor,художник,1,TEDGlobal 2017,2017,Arusha,1,2017-07-26,2017-12-17,873,86949,14,29
782,Почему школы требуют пересмотра,Aisha Petrov,музыкант,1,TED2017,2017,Vancouver,1,2017-06-07,2017-12-20,914,10858588,1536,47
2323,Почему выборы стоят дороже,Samir Kaplan,математик,1,TED2017,2017,Vancouver,1,2017-10-06,2017-12-20,275,483346,71,34
2695,"Что память сложнее, чем выглядят",Kira Berger,музыкант,3,TEDGlobal 2017,2017,Arusha,1,2017-10-09,2017-12-20,1205,10590009,1705,33
2678,Каким образом нейросети молчат,Yuki Haugen,писатель,3,TED2017,2017,Vancouver,1,2017-12-04,2017-12-21,1117,10902410,3852,23
54,Зачем семьи стали другими,Kira Okafor,астроном,1,TEDWomen 2017,2017,New Orleans,1,2017-11-09,2017-12-23,639,1255996,287,41
142,Зачем архитектура зависят от нас,Daniel Berger,антрополог,1,TEDGlobal 2017,2017,Arusha,1,2017-10-20,2017-12-23,1041,2086648,478,36
2696,Каким образом границы обманывают нас,Sara Dubois,музыкант,1,TED2017,2017,Vancouver,1,2017-11-27,2017-12-24,1269,8460087,1296,27
2265,Каким образом время возвращаются,John Meyer,писатель,1,TEDGlobal 2017,2017,Arusha,1,2017-08-05,2017-12-25,778,1806313,198,48
1963,Зачем роботы заслуживают внимания,John Ferrari,,1,TEDGlobal 2017,2017,Arusha,1,2017-10-22,2017-12-27,716,6208730,2256,28
2280,Почему города определяют будущее,Emma Okafor,предприниматель,1,TEDWomen 2017,2017,New Orleans,1,2017-11-19,2017-12-28,709,1107314,112,4
1826,"Что деньги опаснее, чем принято думать",Iris Castillo,биолог,1,TEDGlobal 2017,2017,Arusha,1,2017-08-18,2017-12-29,236,6531745,654,16
296,Почему суды молчат,Alex Nakamura,историк,1,TED2017,2017,Vancouver,1,2017-08-01,2017-12-30,864,1073255,164,36
1389,Что суды работают против нас,Maria Moreau,юрист,1,TEDGlobal 2017,2017,Arusha,1,2017-08-14,2017-12-30,896,717211,75,32
99,Зачем одиночество меняют всё,Mira Novak,инженер,1,TED2017,2017,Vancouver,1,2017-09-06,2018-01-02,461,424063,78,27
1573,Каким образом нейросети зависят от нас,Noah Kaplan,музыкант,1,TEDGlobal 2017,2017,Arusha,1,2017-11-28,2018-01-02,465,1472773,299,28
1891,Отчего мозг держат нас вместе,Ana Vargas,дизайнер,1,TED2017,2017,Vancouver,1,2017-06-26,2018-01-02,816,433386,101,14
767,"Отчего бактерии важнее, чем кажется",Tom Ferrari,биолог,1,TEDWomen 2017,2017,New Orleans,1,2017-09-09,2018-01-03,1180,752870,81,29
842,Как дети исчезают,Liam Kowalski,архитектор,1,TEDGlobal 2017,2017,Arusha,1,2017-10-12,2018-01-03,435,572359,167,35
1392,Каким образом привычки работают против нас,Peter Kaplan,нейробиолог,1,TEDWomen 2017,2017,New Orleans,1,2017-09-08,2018-01-03,715,11025139,1613,33
2395,Что бактерии решают за нас,Kira Lindqvist,режиссёр,1,TED2017,2017,Vancouver,1,2017-06-23,2018-01-03,1118,718718,306,18
2515,Зачем привычки зависят от нас,Daniel Adeyemi,музыкант,1,TED2017,2017,Vancouver,1,2017-10-03,2018-01-03,585,532960,198,29
1474,Почему одиночество исчезают,Elif Adeyemi,биолог,1,TED2017,2017,Vancouver,1,2017-11-05,2018-01-04,530,6437404,1690,24
558,Отчего сон не работают,Hugo Petrov,писатель,1,TED2017,2017,Vancouver,1,2017-09-25,2018-01-05,1190,591953,194,44
2086,Что мы не работают,Samir Ferrari,антрополог,1,TED2017,2017,Vancouver,1,2017-12-07,2018-01-05,386,8463117,1801,24
2414,"Что гены важнее, чем кажется",Carlos Nilsen,нейробиолог,1,TEDGlobal 2017,2017,Arusha,1,2017-11-17,2018-01-05,930,1752209,333,34
1952,"Каким образом суды сложнее, чем выглядят",Emma Okafor,музыкант,1,TEDWomen 2017,2017,New Orleans,1,2017-07-09,2018-01-06,994,2836449,847,37
306,Отчего страх молчат,Noah Silva,архитектор,1,TEDGlobal 2017,2017,Arusha,1,2017-09-16,2018-01-08,377,2894800,508,52
1183,Как выборы заслуживают внимания,Emma Petrov,программист,1,TED2017,2017,Vancouver,1,2017-08-11,2018-01-08,1152,1800582,243,5
2528,Что данные меняют всё,Zoe Hassan,художник,1,TED2017,2017,Vancouver,1,2017-11-12,2018-01-10,412,1049177,275,12
511,Зачем сон стоят дороже,Nora Silva,антрополог,1,TED2017,2017,Vancouver,1,2017-11-16,2018-01-12,678,2825190,1137,23
2403,Каким образом семьи требуют пересмотра,Kira Castillo,музыкант,1,TED2017,2017,Vancouver,1,2017-10-21,2018-01-12,631,1377724,586,28
271,Отчего сон решают за нас,Nora Petrov,историк,1,TEDWomen 2017,2017,New Orleans,1,2017-11-14,2018-01-13,809,2237284,299,20
471,Каким образом выборы стали другими,Maria Okafor,,1,TEDWomen 2017,2017,New Orleans,1,2017-12-23,2018-01-14,802,736555,73,22
2326,Почему леса меняют всё,Emma Haugen,психолог,1,TED2018,2018,Vancouver,1,2018-01-04,2018-01-14,1289,3516131,529,45
492,Как суды нуждаются в защите,Ravi Petrov,,1,TEDWomen 2017,2017,New Orleans,1,2017-08-22,2018-01-15,355,3518397,294,18
978,Зачем вирусы зависят от нас,Ravi Hassan,математик,1,TED2017,2017,Vancouver,1,2017-11-14,2018-01-16,332,1502024,245,28
1036,Почему медицина не работают,Felix Lindqvist,математик,1,TEDGlobal 2017,2017,Arusha,1,2017-12-25,2018-01-16,327,1223232,162,31
2526,Что бактерии меняют всё,Tom Castillo,инженер,1,TEDGlobal 2017,2017,Arusha,1,2017-08-21,2018-01-18,414,2569062,377,7
1102,"Каким образом врачи сложнее, чем выглядят",Jonas Moreau,программист,1,TED2017,2017,Vancouver,1,2017-09-27,2018-01-21,1271,15103420,1436,35
1496,Отчего одиночество недооценены,Lena Lindqvist,нейробиолог,1,TEDWomen 2017,2017,New Orleans,1,2017-12-04,2018-01-21,891,1189616,222,36
154,Каким образом память требуют пересмотра,Lena Dubois,дизайнер,1,TED2017,2017,Vancouver,1,2017-10-20,2018-01-22,1104,4735759,643,26
349,Зачем страх не работают,Aisha Ferrari,эколог,1,TED2017,2017,Vancouver,1,2017-07-21,2018-01-25,1005,8259132,845,31
1460,Как мозг нуждаются в защите,David Okafor,юрист,1,TED2017,2017,Vancouver,1,2017-09-09,2018-01-25,685,884051,81,40
2631,Зачем семьи определяют будущее,Peter Kaplan,архитектор,1,TEDWomen 2017,2017,New Orleans,1,2017-11-21,2018-01-25,250,10445558,1074,37
2737,Отчего семьи молчат,Ana Fischer,,1,TEDGlobal 2017,2017,Arusha,1,2017-07-27,2018-01-26,419,2970464,401,35
1186,Как страх молчат,Nora Okafor,программист,1,TEDWomen 2017,2017,New Orleans,1,2017-08-02,2018-01-27,1238,5083590,631,27
1468,Как деньги устроены не так,John Lindqvist,журналист,1,TEDGlobal 2017,2017,Arusha,1,2017-12-22,2018-01-29,737,1862208,272,10
2292,Отчего старение стали другими,Elif Ferrari,,1,TEDWomen 2017,2017,New Orleans,1,2017-07-17,2018-01-31,419,14405988,2793,28
257,Как вирусы молчат,Omar Lindqvist,программист,3,TEDGlobal 2017,2017,Arusha,1,2017-10-04,2018-02-01,476,16380858,2616,36
470,"Почему старение опаснее, чем принято думать",David Nilsen,писатель,2,TEDGlobal 2017,2017,Arusha,1,2017-12-02,2018-02-01,918,884419,154,39
2426,"Отчего мы сложнее, чем выглядят",Ravi Petrov,режиссёр,1,TEDGlobal 2017,2017,Arusha,1,2017-11-05,2018-02-01,1168,1226610,205,2
2123,Каким образом мозг устроены не так,Ravi Petrov,историк,1,TED2017,2017,Vancouver,1,2017-12-24,2018-02-02,468,36026054,6189,23
2001,Каким образом вирусы заслуживают внимания,Yuki Almeida,музыкант,1,TED2017,2017,Vancouver,1,2017-07-18,2018-02-03,1069,563752,56,31
212,Как медицина определяют будущее,Lena Fischer,программист,1,TED2017,2017,Vancouver,1,2017-08-06,2018-02-04,986,190816,20,10
419,Отчего почва стоят дороже,Tom Kaplan,архитектор,1,TEDGlobal 2017,2017,Arusha,1,2017-08-14,2018-02-04,479,4606908,603,19
435,Отчего память возвращаются,Felix Reyes,режиссёр,1,TED2017,2017,Vancouver,1,2017-11-06,2018-02-04,1112,2517013,361,32
2349,Каким образом леса недооценены,Ravi Kaplan,дизайнер,1,TED2017,2017,Vancouver,1,2017-09-26,2018-02-04,570,1656181,233,47
2583,Отчего климат заслуживают внимания,Carlos Fischer,,1,TEDWomen 2017,2017,New Orleans,1,2017-09-19,2018-02-04,342,963877,202,23
1817,Что реки молчат,Jonas Adeyemi,нейробиолог,1,TED2018,2018,Vancouver,1,2018-01-05,2018-02-06,340,1054496,97,54
2578,Как реки определяют будущее,Felix Meyer,экономист,1,TEDGlobal 2017,2017,Arusha,1,2017-12-18,2018-02-07,1037,3610272,812,28
441,Почему время заслуживают внимания,Alex Nakamura,,1,TED2017,2017,Vancouver,1,2017-10-23,2018-02-08,400,23280321,2089,43
2270,Отчего мы возвращаются,Sara Novak,нейробиолог,1,TEDGlobal 2017,2017,Arusha,1,2017-12-23,2018-02-11,370,2064905,269,27
1229,Как вода работают против нас,Yuki Fischer,режиссёр,1,TEDGlobal 2017,2017,Arusha,1,2017-08-02,2018-02-12,1091,491898,85,23
2639,Как семьи устроены не так,Tom Bauer,писатель,1,TEDWomen 2017,2017,New Orleans,1,2017-11-15,2018-02-12,597,3556162,647,22
2104,Каким образом границы требуют пересмотра,Samir Nilsen,философ,1,TEDWomen 2017,2017,New Orleans,1,2017-10-08,2018-02-14,399,1948161,288,41
2468,Как семьи возвращаются,David Meyer,инженер,1,TEDGlobal 2017,2017,Arusha,1,2017-08-26,2018-02-14,1041,1807317,150,28
501,Почему музыка возвращаются,Carlos Bauer,физик,3,TED2017,2017,Vancouver,1,2017-09-15,2018-02-15,985,5057193,460,18
703,Почему гены молчат,John Meyer,архитектор,1,TEDSalon London,2018,London,0,2018-01-19,2018-02-15,1172,8577622,2304,40
2565,"Зачем одиночество опаснее, чем принято думать",Felix Fischer,биолог,1,TEDWomen 2017,2017,New Orleans,1,2017-08-17,2018-02-17,774,1476714,168,32
1734,Зачем почва устроены не так,David Almeida,активист,1,TED2017,2017,Vancouver,1,2017-11-24,2018-02-18,256,721611,112,25
801,Как сон стали другими,Ravi Ferrari,программист,1,TEDWomen 2017,2017,New Orleans,1,2017-11-10,2018-02-20,710,1904443,166,30
1925,Отчего границы устроены не так,Noah Kaplan,журналист,1,TED2017,2017,Vancouver,1,2017-10-26,2018-02-20,645,3831612,939,23
2372,Почему сон исчезают,Ravi Moreau,архитектор,1,TEDGlobal 2017,2017,Arusha,1,2017-12-20,2018-02-20,1314,832141,75,38
242,Как врачи недооценены,Jonas Fischer,антрополог,1,TED2017,2017,Vancouver,1,2017-10-01,2018-02-22,1039,1760424,343,41
1022,Каким образом врачи не работают,Liam Novak,активист,1,TEDGlobal 2017,2017,Arusha,1,2017-10-18,2018-02-22,516,549188,59,33
1208,Зачем города говорят правду,Iris Castillo,,1,TEDGlobal 2017,2017,Arusha,1,2017-12-19,2018-02-22,1199,1679453,227,35
532,Как врачи возвращаются,Ana Berger,врач,1,TEDWomen 2017,2017,New Orleans,1,2017-11-02,2018-02-24,241,1400945,137,22
2094,Отчего климат нуждаются в защите,David Castillo,педагог,1,TED2018,2018,Vancouver,1,2018-01-07,2018-02-24,638,9749920,822,21
335,Зачем деньги держат нас вместе,Ravi Berger,философ,1,TEDWomen 2017,2017,New Orleans,1,2017-12-04,2018-02-25,1212,671969,96,42
2581,Почему доверие возвращаются,Jonas Vargas,экономист,1,TEDGlobal 2017,2017,Arusha,1,2017-12-22,2018-02-28,1012,671393,75,25
2524,Что вода говорят правду,Alex Lindqvist,математик,1,TEDGlobal 2017,2017,Arusha,1,2017-09-11,2018-03-01,1229,490564,122,17
1024,"Почему эмоции важнее, чем кажется",Nora Hassan,,1,TEDWomen 2017,2017,New Orleans,1,2017-11-21,2018-03-03,473,4890137,1738,32
866,Как вода недооценены,Nora Nakamura,дизайнер,1,TED2017,2017,Vancouver,1,2017-10-22,2018-03-04,787,1681190,166,20
979,Как одиночество недооценены,Zoe Kowalski,историк,1,TEDSalon London,2018,London,0,2018-02-20,2018-03-09,370,2079823,197,1
2499,Каким образом алгоритмы решают за нас,Felix Kaplan,активист,2,TEDGlobal 2017,2017,Arusha,1,2017-09-23,2018-03-11,1257,877205,291,25
2672,Почему дети устроены не так,Zoe Vargas,педагог,1,TEDGlobal 2017,2017,Arusha,1,2017-09-28,2018-03-14,601,1999578,173,22
650,Каким образом семьи меняют всё,Aisha Vargas,писатель,1,TEDGlobal 2017,2017,Arusha,1,2017-09-05,2018-03-16,872,1613057,379,14
1970,Каким образом границы возвращаются,Aisha Vargas,эколог,1,TEDWomen 2017,2017,New Orleans,1,2017-09-21,2018-03-30,407,896416,278,4
890,Почему время обманывают нас,David Reyes,антрополог,1,TED2017,2017,Vancouver,1,2017-10-18,2018-04-04,1007,1915510,370,32
674,Что страх требуют пересмотра,Hugo Novak,нейробиолог,1,TEDGlobal 2017,2017,Arusha,1,2017-10-15,2018-04-05,379,1474564,273,12
1673,Зачем вирусы возвращаются,Jonas Berger,экономист,1,TED2017,2017,Vancouver,1,2017-12-21,2018-04-06,292,3849726,556,30
1266,Каким образом старение зависят от нас,Samir Vargas,педагог,1,TEDSalon London,2018,London,0,2018-02-28,2018-04-08,479,722812,63,36
2321,Как доверие обманывают нас,Ana Haugen,эколог,1,TED2017,2017,Vancouver,1,2017-10-26,2018-04-08,1264,688059,180,32
2653,Отчего вода работают против нас,David Nakamura,историк,1,TED2017,2017,Vancouver,1,2017-11-11,2018-04-08,463,1734590,504,9
1710,Почему семьи стоят дороже,Felix Lindqvist,биолог,1,TEDGlobal 2017,2017,Arusha,1,2017-10-23,2018-04-10,384,55722,4,14
765,Каким образом работа держат нас вместе,Kira Iversen,антрополог,1,TEDWomen 2017,2017,New Orleans,1,2017-09-25,2018-04-11,948,3070641,818,37
19,Отчего мы держат нас вместе,Nora Kowalski,психолог,1,TEDGlobal 2017,2017,Arusha,1,2017-12-09,2018-04-12,298,1792548,469,40
2715,Зачем выборы нуждаются в защите,Yuki Moreau,дизайнер,1,TEDSalon London,2018,London,0,2018-02-24,2018-04-12,660,622466,256,35
1398,Почему время нуждаются в защите,Maria Castillo,,1,TEDGlobal 2017,2017,Arusha,1,2017-12-01,2018-04-13,649,446207,46,25
1442,"Отчего мы опаснее, чем принято думать",Alex Silva,философ,3,TEDSalon London,2018,London,0,2018-03-17,2018-04-14,555,1365432,423,41
1726,"Отчего реки важнее, чем кажется",Carlos Moreau,художник,1,TEDGlobal 2017,2017,Arusha,1,2017-10-20,2018-04-17,1100,1537141,146,23
1565,Отчего время стоят дороже,David Kaplan,юрист,1,TEDWomen 2017,2017,New Orleans,1,2017-10-04,2018-04-18,409,2769877,640,13
2353,Что архитектура говорят правду,Maria Nilsen,архитектор,1,TEDGlobal 2017,2017,Arusha,1,2017-11-19,2018-04-20,243,2064457,667,24
1717,"Зачем школы опаснее, чем принято думать",Emma Petrov,психолог,1,TEDGlobal 2017,2017,Arusha,1,2017-11-06,2018-04-21,1128,331666,62,28
1744,Как дети меняют всё,Omar Reyes,врач,1,TEDGlobal 2017,2017,Arusha,1,2017-11-22,2018-04-23,983,2960889,272,30
353,Как гены определяют будущее,Ravi Almeida,философ,1,TEDSalon London,2018,London,0,2018-01-02,2018-04-24,450,3266796,1137,50
1886,Каким образом космос нуждаются в защите,Maria Fischer,физик,1,TEDSalon London,2018,London,0,2018-03-28,2018-04-30,722,790083,139,11
405,Каким образом почва не работают,Peter Castillo,антрополог,1,TED2018,2018,Vancouver,1,2018-01-18,2018-05-01,485,1063704,116,28
2379,Что работа стоят дороже,Aisha Petrov,нейробиолог,1,TEDWomen 2017,2017,New Orleans,1,2017-11-04,2018-05-05,151,382280,62,39
696,Отчего границы возвращаются,John Silva,педагог,1,TEDWomen 2017,2017,New Orleans,1,2017-11-01,2018-05-06,1026,1813062,216,31
394,Отчего климат стали другими,John Kowalski,биолог,1,TEDGlobal 2017,2017,Arusha,1,2017-12-16,2018-05-08,925,2672495,586,21
2567,Что музыка держат нас вместе,David Okafor,режиссёр,1,TEDSalon London,2018,London,0,2018-04-04,2018-05-10,1073,353713,71,42
1139,Что океан работают против нас,Alex Lindqvist,дизайнер,1,TEDSalon London,2018,London,0,2018-04-03,2018-05-11,668,643960,64,17
593,Отчего музыка заслуживают внимания,Mira Bauer,экономист,1,TEDGlobal 2017,2017,Arusha,1,2017-12-21,2018-05-12,1435,4342796,1204,42
887,Почему реки говорят правду,Aisha Moreau,физик,1,TEDSalon London,2018,London,0,2018-03-13,2018-05-12,476,225613,68,32
1635,Зачем реки держат нас вместе,Alex Almeida,нейробиолог,1,TEDGlobal 2017,2017,Arusha,1,2017-11-08,2018-05-12,471,815430,124,9
235,Зачем вирусы не работают,Lena Dubois,архитектор,1,TEDSalon London,2018,London,0,2018-02-27,2018-05-14,1148,986583,229,20
1487,Как леса недооценены,Maria Iversen,программист,1,TEDGlobal 2017,2017,Arusha,1,2017-11-18,2018-05-14,1534,1238222,189,19
1086,Каким образом деньги стоят дороже,Maria Novak,физик,1,TEDWomen 2017,2017,New Orleans,1,2017-12-18,2018-05-16,411,7159608,727,11
2522,"Каким образом нейросети сложнее, чем выглядят",Nora Iversen,активист,1,TEDSalon London,2018,London,0,2018-01-10,2018-05-17,787,628463,254,35
856,Каким образом школы работают против нас,Ines Petrov,эколог,1,TED2017,2017,Vancouver,1,2017-12-12,2018-05-22,258,327777,52,44
1794,"Отчего океан сложнее, чем выглядят",Nora Nilsen,нейробиолог,2,TEDWomen 2017,2017,New Orleans,1,2017-12-05,2018-05-22,374,1567541,198,8
2255,Как вода требуют пересмотра,Emma Okafor,историк,1,TED2018,2018,Vancouver,1,2018-03-08,2018-05-23,436,706873,66,17
2527,"Почему границы опаснее, чем принято думать",Nora Almeida,писатель,1,TEDSalon London,2018,London,0,2018-04-14,2018-05-31,1068,380427,34,23
469,Как архитектура заслуживают внимания,Zoe Lindqvist,педагог,1,TEDGlobal 2017,2017,Arusha,1,2017-12-26,2018-06-03,669,814975,93,27
226,Что страх обманывают нас,Emma Berger,экономист,1,TEDGlobal 2017,2017,Arusha,1,2017-12-22,2018-06-05,813,4252806,734,20
2342,"Зачем мозг сложнее, чем выглядят",John Ferrari,педагог,1,TED2018,2018,Vancouver,1,2018-03-11,2018-06-05,420,18781474,2996,50
237,Зачем леса решают за нас,Ana Dubois,журналист,1,TEDSalon London,2018,London,0,2018-01-02,2018-06-06,859,1685293,148,29
74,Что школы недооценены,Carlos Lindqvist,,1,TED2017,2017,Vancouver,1,2017-12-26,2018-06-08,548,1233585,171,34
970,"Зачем гены сложнее, чем выглядят",Noah Kowalski,художник,2,TED2018,2018,Vancouver,1,2018-04-09,2018-06-08,496,1662958,573,29
364,Зачем почва обманывают нас,Daniel Novak,активист,2,TEDSalon London,2018,London,0,2018-01-14,2018-06-10,1117,516469,68,32
734,"Почему время сложнее, чем выглядят",Yuki Adeyemi,художник,1,TEDSalon London,2018,London,0,2018-01-13,2018-06-11,1214,464565,51,45
672,Каким образом бактерии решают за нас,Hugo Almeida,юрист,1,TEDSalon London,2018,London,0,2018-03-16,2018-06-16,417,1336713,397,26
1783,Каким образом вирусы исчезают,Maria Hassan,педагог,1,TED2018,2018,Vancouver,1,2018-06-05,2018-06-17,568,673985,61,20
934,Каким образом суды стали другими,Felix Meyer,психолог,1,TED2018,2018,Vancouver,1,2018-01-11,2018-06-21,972,870777,385,23
2091,Как старение исчезают,Lucia Moreau,философ,2,TEDSalon London,2018,London,0,2018-01-22,2018-06-21,1070,1229728,136,40
2729,Зачем вода решают за нас,Lena Meyer,дизайнер,1,TED2017,2017,Vancouver,1,2017-12-25,2018-06-21,1409,973284,95,28
2340,Отчего космос решают за нас,Zoe Haugen,писатель,1,TEDSalon London,2018,London,0,2018-05-17,2018-06-22,397,1407706,542,38
862,Отчего эмоции определяют будущее,Jonas Nilsen,физик,1,TEDSalon London,2018,London,0,2018-02-26,2018-06-23,469,1343569,168,15
1018,Почему сон зависят от нас,Ana Hassan,экономист,1,TEDSalon London,2018,London,0,2018-04-11,2018-06-24,1329,1129943,161,22
1163,Отчего почва меняют всё,Carlos Okafor,,1,TED2017,2017,Vancouver,1,2017-12-20,2018-06-25,336,721993,60,22
1332,Отчего музыка решают за нас,Noah Lindqvist,нейробиолог,1,TEDSalon London,2018,London,0,2018-02-08,2018-06-27,345,371014,78,34
694,Зачем доверие определяют будущее,Samir Novak,историк,1,TED2017,2017,Vancouver,1,2017-12-17,2018-06-28,1046,879736,88,34
758,Как данные нуждаются в защите,Nora Haugen,философ,1,TED2018,2018,Vancouver,1,2018-06-08,2018-06-29,373,5655235,575,24
2143,Как вода стали другими,Jonas Adeyemi,астроном,1,TEDWomen 2017,2017,New Orleans,1,2017-12-15,2018-06-30,462,985408,139,37
1913,Как семьи определяют будущее,Ravi Hassan,режиссёр,1,TEDSalon London,2018,London,0,2018-03-15,2018-07-01,816,3733596,330,28
2412,Отчего язык зависят от нас,Elif Hassan,писатель,1,TED2018,2018,Vancouver,1,2018-05-12,2018-07-01,1243,1449497,150,26
1476,Почему сон возвращаются,Iris Berger,биолог,1,TED2018,2018,Vancouver,1,2018-05-02,2018-07-03,1288,1522881,329,39
2391,Что врачи требуют пересмотра,Lena Fischer,врач,1,TEDSalon London,2018,London,0,2018-05-19,2018-07-03,327,2907803,260,20
697,Каким образом время решают за нас,Iris Meyer,писатель,1,TEDSalon London,2018,London,0,2018-03-17,2018-07-11,1082,400976,51,15
75,"Почему мы важнее, чем кажется",Elif Silva,дизайнер,1,TED2018,2018,Vancouver,1,2018-06-08,2018-07-13,393,1311222,133,18
1520,Почему гены требуют пересмотра,Mira Reyes,экономист,1,TED2018,2018,Vancouver,1,2018-04-12,2018-07-17,869,4882326,1657,37
754,Зачем язык нуждаются в защите,Ines Novak,предприниматель,1,TED2018,2018,Vancouver,1,2018-05-27,2018-07-19,851,5547009,1434,24
919,Как нейросети нуждаются в защите,John Almeida,экономист,1,TED2018,2018,Vancouver,1,2018-04-12,2018-07-21,419,1210829,470,23
1556,Зачем доверие устроены не так,Peter Hassan,экономист,1,TED2018,2018,Vancouver,1,2018-07-01,2018-07-22,778,3950627,463,42
2432,Как леса заслуживают внимания,Samir Hassan,художник,1,TED2018,2018,Vancouver,1,2018-03-21,2018-07-22,924,1952511,447,40
1423,Что язык работают против нас,Iris Moreau,режиссёр,1,TED2018,2018,Vancouver,1,2018-04-21,2018-07-23,330,25534113,5062,36
2185,Почему дети обманывают нас,Lucia Ferrari,философ,1,TEDSalon London,2018,London,0,2018-05-12,2018-07-27,474,819693,141,52
1741,Как доверие меняют всё,Omar Dubois,предприниматель,1,TED2018,2018,Vancouver,1,2018-06-11,2018-07-31,1016,1570544,305,23
606,Почему алгоритмы требуют пересмотра,Carlos Iversen,музыкант,1,TEDSalon London,2018,London,0,2018-04-19,2018-08-02,297,1087801,118,38
2238,Почему врачи заслуживают внимания,Daniel Meyer,биолог,1,TED2018,2018,Vancouver,1,2018-07-11,2018-08-02,1397,1754858,198,25
1574,Каким образом работа обманывают нас,Jonas Castillo,антрополог,2,TED2018,2018,Vancouver,1,2018-03-12,2018-08-03,432,299784,28,31
1096,Почему привычки определяют будущее,Kira Bauer,архитектор,1,TED2018,2018,Vancouver,1,2018-06-27,2018-08-06,649,224235,68,37
981,Зачем климат стоят дороже,Nora Haugen,биолог,1,TED2018,2018,Vancouver,1,2018-05-03,2018-08-07,1440,13015882,2474,40
1559,Отчего архитектура требуют пересмотра,Lena Berger,математик,1,TED2018,2018,Vancouver,1,2018-02-19,2018-08-11,632,1274081,552,38
1876,Зачем врачи обманывают нас,Iris Castillo,журналист,2,TED2018,2018,Vancouver,1,2018-02-25,2018-08-11,1130,1872348,181,29
876,Зачем архитектура работают против нас,Maria Moreau,режиссёр,1,TEDSalon London,2018,London,0,2018-03-11,2018-08-15,995,672248,67,14
389,"Что климат опаснее, чем принято думать",David Meyer,режиссёр,1,TEDSalon London,2018,London,0,2018-06-14,2018-08-16,351,1668672,172,24
2301,"Как язык опаснее, чем принято думать",David Haugen,режиссёр,1,TED2018,2018,Vancouver,1,2018-03-03,2018-08-17,568,857627,72,33
1567,Что школы определяют будущее,Tom Kowalski,биолог,1,TEDSalon London,2018,London,0,2018-05-11,2018-08-21,434,252984,64,31
1915,Каким образом мозг требуют пересмотра,Samir Castillo,нейробиолог,1,TEDSalon London,2018,London,0,2018-04-14,2018-08-21,376,2342514,334,14
759,Отчего бактерии устроены не так,Nora Petrov,юрист,1,TED2018,2018,Vancouver,1,2018-05-09,2018-08-22,414,1567757,698,27
1732,Что медицина не работают,Lucia Okafor,антрополог,1,TEDSalon London,2018,London,0,2018-02-22,2018-08-22,211,391304,36,33
1430,Каким образом музыка молчат,Samir Almeida,,1,TEDSalon London,2018,London,0,2018-05-15,2018-08-25,605,423214,63,42
132,Зачем память нуждаются в защите,Liam Meyer,математик,1,TEDSalon London,2018,London,0,2018-03-04,2018-08-29,381,160892,16,6
1366,Что леса определяют будущее,Sara Iversen,журналист,1,TED2018,2018,Vancouver,1,2018-07-27,2018-08-30,291,3616580,747,30
1271,Что архитектура заслуживают внимания,Nora Hassan,музыкант,1,TED2018,2018,Vancouver,1,2018-03-24,2018-09-07,1172,1689521,202,35
62,Каким образом медицина меняют всё,Emma Almeida,программист,1,TED2018,2018,Vancouver,1,2018-07-22,2018-09-10,1256,3276478,886,21
531,Что страх устроены не так,Emma Fischer,математик,1,TED2018,2018,Vancouver,1,2018-04-20,2018-09-12,1524,2401646,697,31
2174,"Каким образом привычки важнее, чем кажется",Ravi Okafor,инженер,1,TEDSalon London,2018,London,0,2018-08-14,2018-09-13,356,248640,97,22
2068,Отчего работа исчезают,Alex Petrov,активист,1,TEDSalon London,2018,London,0,2018-06-06,2018-09-15,524,187655,18,12
1743,Отчего почва исчезают,Nora Moreau,архитектор,1,TEDSalon London,2018,London,0,2018-04-22,2018-09-18,303,667126,72,35
583,"Каким образом страх важнее, чем кажется",Liam Nilsen,физик,2,TEDSalon London,2018,London,0,2018-03-11,2018-09-24,783,224030,55,43
2546,Зачем привычки нуждаются в защите,Alex Okafor,дизайнер,1,TEDSalon London,2018,London,0,2018-07-28,2018-09-24,1202,2345772,219,41
2708,Почему реки стоят дороже,Ravi Reyes,врач,1,TED2018,2018,Vancouver,1,2018-03-20,2018-09-25,1124,3975148,1039,13
1996,Что дети устроены не так,Yuki Dubois,художник,1,TED2018,2018,Vancouver,1,2018-05-12,2018-09-28,190,300948,41,32
1123,Что данные работают против нас,Sara Haugen,математик,1,TED2018,2018,Vancouver,1,2018-09-08,2018-10-01,830,613516,64,19
1592,Как архитектура устроены не так,Daniel Almeida,экономист,1,TED2018,2018,Vancouver,1,2018-05-03,2018-10-05,1054,5946505,1202,33
2150,Как врачи устроены не так,Peter Petrov,предприниматель,1,TEDSalon London,2018,London,0,2018-08-10,2018-10-08,393,1741756,206,27
1262,"Отчего данные сложнее, чем выглядят",Jonas Silva,режиссёр,1,TED2018,2018,Vancouver,1,2018-06-25,2018-10-09,1361,5088825,1432,43
1448,Каким образом мы стали другими,Ana Dubois,биолог,1,TED2018,2018,Vancouver,1,2018-06-07,2018-10-09,828,496426,69,31
627,Зачем города определяют будущее,Felix Okafor,астроном,1,TEDSalon London,2018,London,0,2018-06-20,2018-10-15,1061,315305,66,16
1756,Каким образом врачи меняют всё,Carlos Ferrari,эколог,1,TED2018,2018,Vancouver,1,2018-04-02,2018-10-15,1079,974324,129,33
549,Как старение не работают,Kira Silva,математик,1,TED2018,2018,Vancouver,1,2018-08-03,2018-10-17,947,2367156,198,34
429,Отчего мозг зависят от нас,Zoe Reyes,философ,1,TED2018,2018,Vancouver,1,2018-07-18,2018-10-18,903,3351793,664,1
1969,Почему медицина требуют пересмотра,Hugo Moreau,,1,TEDSalon London,2018,London,0,2018-10-04,2018-10-18,1051,807173,67,22
1187,Что мозг устроены не так,David Ferrari,антрополог,1,TEDSalon London,2018,London,0,2018-07-17,2018-10-20,1180,551250,93,45
1822,Почему океан не работают,Elif Kaplan,,1,TED2018,2018,Vancouver,1,2018-10-10,2018-10-20,1033,1975639,418,33
2655,Отчего доверие заслуживают внимания,Lena Nilsen,режиссёр,1,TEDSalon London,2018,London,0,2018-07-15,2018-10-20,353,3149067,552,30
1223,Отчего дети заслуживают внимания,Lena Kaplan,художник,1,TED2018,2018,Vancouver,1,2018-09-15,2018-10-21,1328,2694214,389,27
1377,Почему выборы обманывают нас,Ravi Ferrari,писатель,1,TED2018,2018,Vancouver,1,2018-09-23,2018-10-21,671,2250686,225,26
1988,Каким образом данные требуют пересмотра,Emma Kaplan,нейробиолог,1,TEDSalon London,2018,London,0,2018-04-25,2018-10-25,974,800062,182,41
691,Зачем космос зависят от нас,Ana Haugen,антрополог,1,TED2018,2018,Vancouver,1,2018-09-02,2018-11-02,330,4704208,860,21
855,Как леса держат нас вместе,Lucia Hassan,экономист,1,TEDSalon London,2018,London,0,2018-08-09,2018-11-02,396,817769,233,37
2308,Почему школы меняют всё,Nora Haugen,антрополог,1,TEDSalon London,2018,London,0,2018-09-24,2018-11-08,878,554283,143,24
239,Что энергия определяют будущее,Maria Nakamura,юрист,1,TEDSalon London,2018,London,0,2018-05-07,2018-11-10,1457,5443399,480,11
2107,Что космос держат нас вместе,Hugo Nakamura,активист,1,TEDSalon London,2018,London,0,2018-05-07,2018-11-10,355,1739164,292,29
939,Отчего границы нуждаются в защите,Daniel Silva,,1,TED2018,2018,Vancouver,1,2018-08-27,2018-11-11,1021,2895055,324,22
1035,"Что архитектура важнее, чем кажется",Sara Petrov,,1,TEDSalon London,2018,London,0,2018-10-17,2018-11-11,420,1556779,661,21
1664,Зачем одиночество заслуживают внимания,Iris Moreau,инженер,1,TED2018,2018,Vancouver,1,2018-07-17,2018-11-11,254,958860,93,34
77,Каким образом океан работают против нас,Hugo Reyes,астроном,1,TEDSalon London,2018,London,0,2018-06-24,2018-11-12,358,85870,12,43
1091,Что вода требуют пересмотра,Daniel Silva,инженер,1,TED2018,2018,Vancouver,1,2018-06-26,2018-11-13,288,1271082,180,29
243,Что города требуют пересмотра,Samir Vargas,дизайнер,1,TEDSalon London,2018,London,0,2018-07-10,2018-11-14,1126,3842327,859,38
2220,Почему леса говорят правду,Elif Novak,психолог,1,TED2018,2018,Vancouver,1,2018-09-11,2018-11-16,795,7037062,1525,15
937,Почему сон заслуживают внимания,Yuki Berger,астроном,1,TED2018,2018,Vancouver,1,2018-07-03,2018-11-17,780,663671,160,27
1993,Отчего одиночество определяют будущее,Ana Almeida,программист,1,TED2018,2018,Vancouver,1,2018-11-03,2018-11-19,1068,480822,172,16
949,Каким образом леса говорят правду,Kira Vargas,астроном,1,TEDSalon London,2018,London,0,2018-07-11,2018-11-20,873,835176,350,6
1243,"Что деньги сложнее, чем выглядят",Zoe Okafor,музыкант,1,TEDSalon London,2018,London,0,2018-07-06,2018-11-22,921,609130,70,23
2157,"Как сон сложнее, чем выглядят",Aisha Vargas,инженер,1,TEDSalon London,2018,London,0,2018-10-28,2018-11-23,733,503184,113,30
361,Каким образом медицина держат нас вместе,Sara Lindqvist,юрист,1,TED2018,2018,Vancouver,1,2018-09-06,2018-11-24,1010,1923117,338,28
1090,Почему реки требуют пересмотра,Noah Nakamura,педагог,1,TED2018,2018,Vancouver,1,2018-11-09,2018-11-27,293,539871,222,23
2354,Каким образом врачи нуждаются в защите,Yuki Castillo,математик,1,TED2018,2018,Vancouver,1,2018-05-14,2018-11-29,444,1965691,450,34
1080,Почему деньги стоят дороже,Peter Adeyemi,нейробиолог,1,TED2018,2018,Vancouver,1,2018-08-01,2018-12-10,875,3357823,299,16
1699,Как океан зависят от нас,Omar Adeyemi,экономист,1,TEDSalon London,2018,London,0,2018-11-24,2018-12-11,579,5413510,460,16
656,"Каким образом доверие важнее, чем кажется",Peter Hassan,врач,1,TEDSalon London,2018,London,0,2018-10-06,2018-12-15,893,881404,106,25
753,Зачем школы определяют будущее,Peter Nakamura,инженер,1,TEDSalon London,2018,London,0,2018-11-06,2018-12-15,779,791693,73,44
460,Как алгоритмы не работают,David Novak,врач,1,TED2018,2018,Vancouver,1,2018-11-07,2018-12-16,392,306547,79,30
276,Что суды зависят от нас,Mira Kaplan,писатель,1,TED2018,2018,Vancouver,1,2018-08-09,2018-12-17,708,641931,216,28
907,Зачем вирусы стали другими,Aisha Okafor,историк,1,TEDSalon London,2018,London,0,2018-09-25,2018-12-17,1391,2541964,250,33
2282,Что старение обманывают нас,Tom Berger,программист,1,TED2018,2018,Vancouver,1,2018-08-26,2018-12-17,462,1797019,187,27
1027,Почему данные определяют будущее,Elif Reyes,писатель,1,TEDSalon London,2018,London,0,2018-10-26,2018-12-20,1119,364201,68,32
416,"Отчего мозг сложнее, чем выглядят",Hugo Moreau,музыкант,1,TED2018,2018,Vancouver,1,2018-06-07,2018-12-21,902,634544,60,19
984,Каким образом мозг работают против нас,Sara Berger,юрист,1,TED2018,2018,Vancouver,1,2018-09-26,2018-12-21,749,1047952,310,43
1881,Отчего бактерии держат нас вместе,Mira Vargas,экономист,1,TED2018,2018,Vancouver,1,2018-11-21,2018-12-22,433,705058,119,24
556,Почему язык требуют пересмотра,Zoe Haugen,астроном,1,TED2018,2018,Vancouver,1,2018-10-24,2018-12-24,407,2811532,376,37
2007,Зачем роботы нуждаются в защите,Elif Lindqvist,врач,1,TED2018,2018,Vancouver,1,2018-07-06,2018-12-24,595,954545,84,32
1821,Почему нейросети обманывают нас,Ines Kowalski,антрополог,1,TEDSalon London,2018,London,0,2018-08-05,2018-12-26,430,167626,41,36
686,Зачем привычки говорят правду,Zoe Kaplan,,1,TED2018,2018,Vancouver,1,2018-11-26,2018-12-28,804,283705,109,44
2656,"Почему память важнее, чем кажется",Omar Vargas,активист,1,TEDSalon London,2018,London,0,2018-10-05,2018-12-29,792,376676,57,23
678,Зачем выборы возвращаются,Lucia Adeyemi,физик,1,TEDSalon London,2018,London,0,2018-12-10,2018-12-30,690,437148,54,22
1131,Почему мозг стоят дороже,Peter Hassan,предприниматель,1,TED2018,2018,Vancouver,1,2018-07-06,2018-12-31,901,1969327,424,52
800,Почему города недооценены,Ines Dubois,музыкант,1,TED2018,2018,Vancouver,1,2018-10-17,2019-01-01,953,991003,82,10
539,"Каким образом архитектура сложнее, чем выглядят",Hugo Adeyemi,журналист,1,TED2018,2018,Vancouver,1,2018-08-12,2019-01-04,811,2656752,409,34
1100,Зачем эмоции держат нас вместе,John Haugen,физик,1,TED2018,2018,Vancouver,1,2018-12-05,2019-01-05,1154,638288,258,43
1539,Каким образом семьи не работают,Peter Novak,художник,1,TED2018,2018,Vancouver,1,2018-11-18,2019-01-05,1526,8167915,1224,21
86,"Как вирусы сложнее, чем выглядят",Maria Vargas,режиссёр,1,TEDSalon London,2018,London,0,2018-11-23,2019-01-07,765,240083,26,42
1048,Каким образом гены обманывают нас,David Moreau,журналист,1,TEDSalon London,2018,London,0,2018-07-05,2019-01-08,482,280457,49,25
1138,Каким образом океан меняют всё,Jonas Meyer,инженер,1,TEDSalon London,2018,London,0,2018-10-18,2019-01-10,183,858267,95,42
2259,Как данные говорят правду,Tom Meyer,психолог,1,TEDSalon London,2018,London,0,2018-06-28,2019-01-10,1222,1183178,256,41
1985,Каким образом работа недооценены,Maria Okafor,психолог,1,TED2019,2019,Vancouver,1,2019-01-01,2019-01-13,1189,2188606,242,27
291,Почему память не работают,Elif Novak,архитектор,3,TED2018,2018,Vancouver,1,2018-08-14,2019-01-15,717,1204662,209,34
43,Зачем сон решают за нас,Zoe Berger,режиссёр,1,TEDSalon London,2018,London,0,2018-09-11,2019-01-16,613,625868,66,5
508,Зачем вирусы заслуживают внимания,Lucia Castillo,журналист,1,TEDSalon London,2018,London,0,2018-12-26,2019-01-18,1274,1721190,187,28
827,Зачем бактерии устроены не так,Omar Novak,,1,TED2018,2018,Vancouver,1,2018-08-12,2019-01-18,978,2354689,264,1
1709,Каким образом дети не работают,Felix Almeida,физик,1,TED2018,2018,Vancouver,1,2018-11-17,2019-01-22,1205,2093497,243,34
2152,Почему почва стали другими,Carlos Lindqvist,дизайнер,1,TED2018,2018,Vancouver,1,2018-08-06,2019-01-27,614,968219,88,35
2564,Каким образом деньги молчат,Iris Moreau,,1,TEDSalon London,2018,London,0,2018-10-08,2019-02-01,701,3047629,670,40
1532,Зачем леса обманывают нас,David Dubois,писатель,1,TED2018,2018,Vancouver,1,2018-08-03,2019-02-03,827,5078844,745,30
516,Каким образом океан решают за нас,Lena Iversen,педагог,2,TEDSalon London,2018,London,0,2018-12-12,2019-02-06,1105,448041,80,21
680,Почему выборы исчезают,Daniel Lindqvist,режиссёр,1,TEDGlobal 2019,2019,Addis Ababa,1,2019-01-04,2019-02-06,168,2014172,175,13
1515,Отчего нейросети недооценены,John Fischer,предприниматель,1,TEDGlobal 2019,2019,Addis Ababa,1,2019-01-08,2019-02-07,944,1993089,460,15
1201,Что эмоции решают за нас,Lena Meyer,эколог,1,TEDGlobal 2019,2019,Addis Ababa,1,2019-01-08,2019-02-08,1027,1245756,248,18
1422,"Зачем роботы важнее, чем кажется",Carlos Haugen,инженер,1,TEDWomen 2019,2019,Palm Springs,1,2019-01-09,2019-02-09,340,1367625,215,48
867,Отчего океан держат нас вместе,Emma Okafor,философ,1,TEDSalon London,2018,London,0,2018-10-11,2019-02-10,452,141699,58,41
67,Почему музыка работают против нас,Mira Meyer,врач,1,TEDSalon London,2018,London,0,2018-11-02,2019-02-15,795,492092,78,38
1174,Что доверие решают за нас,Sara Ferrari,писатель,2,TED2018,2018,Vancouver,1,2018-08-26,2019-02-15,1061,527591,102,6
2106,Зачем сон молчат,Felix Haugen,архитектор,2,TEDSalon London,2018,London,0,2018-10-27,2019-02-15,1149,459004,48,37
300,"Зачем мозг опаснее, чем принято думать",Mira Kaplan,режиссёр,1,TEDSalon London,2018,London,0,2018-11-21,2019-02-16,1148,248424,22,35
2066,Почему вода возвращаются,Alex Castillo,архитектор,1,TEDSalon London,2018,London,0,2018-08-18,2019-02-18,869,3015270,379,25
2081,Каким образом работа работают против нас,Hugo Fischer,дизайнер,1,TEDSalon London,2018,London,0,2018-11-03,2019-02-19,544,450088,51,30
468,Как старение молчат,Jonas Vargas,астроном,1,TEDSalon London,2018,London,0,2018-12-08,2019-02-27,874,156532,22,32
958,Как гены недооценены,Elif Reyes,нейробиолог,1,TED2019,2019,Vancouver,1,2019-02-05,2019-02-27,1157,335146,50,17
1633,Зачем работа держат нас вместе,Ana Moreau,педагог,1,TEDGlobal 2019,2019,Addis Ababa,1,2019-02-11,2019-02-27,965,1998460,398,31
1342,Зачем язык решают за нас,John Reyes,астроном,1,TED2018,2018,Vancouver,1,2018-12-14,2019-02-28,930,2020566,173,31
131,"Отчего деньги сложнее, чем выглядят",Lucia Castillo,биолог,1,TED2019,2019,Vancouver,1,2019-01-14,2019-03-08,345,1541206,264,12
481,Почему океан стоят дороже,Carlos Castillo,,1,TEDSalon London,2018,London,0,2018-10-08,2019-03-08,328,828158,143,41
585,Отчего леса исчезают,John Okafor,историк,1,TEDSalon London,2018,London,0,2018-11-01,2019-03-16,213,463336,70,13
2076,Как время нуждаются в защите,Elif Nakamura,эколог,1,TEDWomen 2019,2019,Palm Springs,1,2019-02-12,2019-03-16,1001,991058,145,18
2487,Почему старение меняют всё,Peter Kaplan,философ,1,TED2019,2019,Vancouver,1,2019-02-28,2019-03-18,471,2311389,792,19
1462,Отчего суды молчат,Daniel Dubois,музыкант,1,TEDGlobal 2019,2019,Addis Ababa,1,2019-02-05,2019-03-26,565,1566242,132,35
2477,Каким образом медицина заслуживают внимания,Noah Hassan,эколог,1,TED2019,2019,Vancouver,1,2019-01-12,2019-03-27,750,2155893,270,34
121,Что города меняют всё,Tom Kaplan,астроном,1,TEDWomen 2019,2019,Palm Springs,1,2019-01-16,2019-04-02,1038,1776017,357,11
1347,"Почему вирусы важнее, чем кажется",Maria Petrov,активист,1,TED2019,2019,Vancouver,1,2019-01-18,2019-04-02,569,3833394,492,46
2452,Каким образом вирусы стали другими,Noah Kowalski,врач,1,TEDSalon London,2018,London,0,2018-10-26,2019-04-04,566,1404748,137,28
1450,Почему гены зависят от нас,Yuki Berger,художник,1,TEDSalon London,2018,London,0,2018-11-15,2019-04-05,1228,443118,42,35
1614,Что страх заслуживают внимания,Emma Castillo,,1,TEDSalon London,2018,London,0,2018-09-20,2019-04-05,798,79622,24,26
334,Каким образом энергия говорят правду,Yuki Moreau,экономист,1,TED2018,2018,Vancouver,1,2018-10-22,2019-04-06,779,4528437,873,35
2341,Что леса требуют пересмотра,Tom Dubois,врач,1,TEDWomen 2019,2019,Palm Springs,1,2019-01-22,2019-04-06,337,1916483,261,18
298,Отчего время недооценены,Ines Meyer,писатель,1,TEDGlobal 2019,2019,Addis Ababa,1,2019-03-17,2019-04-07,1201,690653,218,46
673,"Каким образом время важнее, чем кажется",Felix Novak,дизайнер,1,TEDGlobal 2019,2019,Addis Ababa,1,2019-03-12,2019-04-07,667,465764,79,29
2029,Почему бактерии исчезают,John Silva,психолог,1,TEDSalon London,2018,London,0,2018-12-11,2019-04-10,684,1534721,573,7
877,"Отчего города важнее, чем кажется",David Almeida,математик,1,TED2019,2019,Vancouver,1,2019-03-10,2019-04-11,718,1134171,472,11
2616,Каким образом архитектура определяют будущее,Ravi Reyes,активист,2,TED2018,2018,Vancouver,1,2018-11-28,2019-04-13,284,414958,51,26
161,"Что страх сложнее, чем выглядят",Maria Dubois,философ,1,TEDWomen 2019,2019,Palm Springs,1,2019-01-18,2019-04-14,1156,192549,33,24
682,Зачем вода недооценены,Lena Ferrari,архитектор,1,TEDWomen 2019,2019,Palm Springs,1,2019-03-07,2019-04-16,940,537357,92,39
1725,Зачем страх работают против нас,Liam Adeyemi,музыкант,1,TEDWomen 2019,2019,Palm Springs,1,2019-03-27,2019-04-18,658,993408,127,23
1960,Зачем мы решают за нас,Yuki Adeyemi,антрополог,1,TEDSalon London,2018,London,0,2018-12-11,2019-04-18,1012,3058102,591,40
2103,Почему океан устроены не так,David Nilsen,предприниматель,1,TEDWomen 2019,2019,Palm Springs,1,2019-03-10,2019-04-22,433,711936,260,7
2453,Зачем одиночество требуют пересмотра,Aisha Lindqvist,,1,TEDGlobal 2019,2019,Addis Ababa,1,2019-01-10,2019-04-22,1094,1814725,730,12
2544,Зачем деньги меняют всё,Zoe Hassan,философ,1,TED2019,2019,Vancouver,1,2019-02-01,2019-04-23,978,346887,51,33
2694,Каким образом деньги зависят от нас,Peter Almeida,математик,1,TED2019,2019,Vancouver,1,2019-02-10,2019-04-24,599,861485,186,33
870,Зачем климат исчезают,Elif Novak,врач,1,TEDGlobal 2019,2019,Addis Ababa,1,2019-02-02,2019-04-25,1065,2654207,531,13
1010,Каким образом климат зависят от нас,Samir Nilsen,юрист,1,TEDWomen 2019,2019,Palm Springs,1,2019-03-07,2019-04-26,730,601032,87,12
714,Каким образом время исчезают,Ines Dubois,врач,1,TED2019,2019,Vancouver,1,2019-02-02,2019-04-28,458,604423,242,42
586,Как вода решают за нас,Liam Petrov,экономист,1,TEDSalon London,2018,London,0,2018-11-12,2019-04-29,931,36958,7,40
1071,Зачем климат зависят от нас,Jonas Adeyemi,,1,TEDGlobal 2019,2019,Addis Ababa,1,2019-03-17,2019-04-29,1253,3686741,541,40
2187,Отчего семьи возвращаются,Omar Almeida,педагог,1,TED2019,2019,Vancouver,1,2019-02-18,2019-04-29,418,1169123,289,38
1978,Каким образом одиночество работают против нас,Lucia Petrov,художник,1,TEDGlobal 2019,2019,Addis Ababa,1,2019-02-02,2019-05-02,267,1787085,263,19
1498,Почему суды возвращаются,Carlos Okafor,педагог,1,TED2019,2019,Vancouver,1,2019-01-04,2019-05-03,379,873415,77,24
1612,Как климат возвращаются,Daniel Kaplan,режиссёр,1,TEDWomen 2019,2019,Palm Springs,1,2019-03-26,2019-05-03,686,732867,90,32
2155,Что школы возвращаются,Felix Castillo,режиссёр,1,TEDGlobal 2019,2019,Addis Ababa,1,2019-02-06,2019-05-03,803,2335809,960,18
1958,Зачем почва зависят от нас,Ravi Hassan,экономист,1,TEDSalon London,2018,London,0,2018-10-19,2019-05-05,239,1011207,120,45
2618,"Каким образом океан сложнее, чем выглядят",Ravi Novak,художник,1,TEDGlobal 2019,2019,Addis Ababa,1,2019-02-02,2019-05-12,235,1410703,199,21
2712,Что семьи молчат,Elif Bauer,,1,TEDSalon London,2018,London,0,2018-12-19,2019-05-12,1042,752736,129,23
218,Почему данные обманывают нас,Tom Petrov,экономист,1,TEDGlobal 2019,2019,Addis Ababa,1,2019-02-05,2019-05-13,1100,2259460,350,25
1845,Как время стали другими,Yuki Fischer,врач,1,TEDGlobal 2019,2019,Addis Ababa,1,2019-04-04,2019-05-13,485,437847,146,21
942,Почему алгоритмы заслуживают внимания,Tom Lindqvist,антрополог,1,TEDGlobal 2019,2019,Addis Ababa,1,2019-04-18,2019-05-15,618,193429,38,17
1300,Как суды стоят дороже,Elif Fischer,философ,1,TED2019,2019,Vancouver,1,2019-02-24,2019-05-17,1045,650916,119,51
2497,Каким образом деньги держат нас вместе,Aisha Hassan,эколог,1,TED2019,2019,Vancouver,1,2019-04-15,2019-05-17,510,3273235,906,29
2325,Каким образом данные говорят правду,Ana Reyes,журналист,1,TEDWomen 2019,2019,Palm Springs,1,2019-03-02,2019-05-23,429,785536,102,25
2735,"Почему школы сложнее, чем выглядят",Peter Moreau,экономист,1,TEDWomen 2019,2019,Palm Springs,1,2019-01-19,2019-05-24,609,2478988,293,42
2244,Отчего время стали другими,Aisha Meyer,,1,TEDSalon London,2018,London,0,2018-11-27,2019-05-27,381,431525,125,38
2626,Почему сон нуждаются в защите,Ravi Almeida,экономист,1,TED2018,2018,Vancouver,1,2018-12-08,2019-05-28,644,902980,159,11
1594,"Отчего леса сложнее, чем выглядят",Ines Hassan,музыкант,1,TEDWomen 2019,2019,Palm Springs,1,2019-04-05,2019-05-29,531,635648,55,12
1722,Зачем нейросети молчат,Lucia Reyes,,1,TEDWomen 2019,2019,Palm Springs,1,2019-02-12,2019-06-01,301,5950057,1188,26
625,Что деньги стали другими,Ravi Hassan,астроном,1,TEDWomen 2019,2019,Palm Springs,1,2019-03-01,2019-06-05,271,1184376,206,33
32,Отчего вирусы работают против нас,David Hassan,журналист,1,TEDWomen 2019,2019,Palm Springs,1,2019-01-19,2019-06-07,488,488336,60,26
1494,Почему деньги меняют всё,Maria Fischer,биолог,1,TEDWomen 2019,2019,Palm Springs,1,2019-04-07,2019-06-09,265,2037825,256,42
1109,Зачем музыка молчат,Daniel Reyes,историк,2,TEDGlobal 2019,2019,Addis Ababa,1,2019-03-20,2019-06-10,769,987837,110,33
68,Почему работа требуют пересмотра,Daniel Novak,философ,1,TEDWomen 2019,2019,Palm Springs,1,2019-05-21,2019-06-11,867,3529979,389,57
923,"Каким образом вода важнее, чем кажется",Elif Berger,активист,1,TED2019,2019,Vancouver,1,2019-05-10,2019-06-11,637,1308325,164,36
995,Отчего вирусы заслуживают внимания,Lucia Reyes,физик,1,TED2019,2019,Vancouver,1,2019-05-20,2019-06-11,189,284413,107,23
1841,Отчего работа нуждаются в защите,Aisha Hassan,физик,1,TEDGlobal 2019,2019,Addis Ababa,1,2019-05-10,2019-06-13,397,1037256,103,22
822,Почему страх недооценены,Liam Ferrari,математик,1,TEDGlobal 2019,2019,Addis Ababa,1,2019-03-10,2019-06-15,1176,293634,26,52
1085,Отчего города определяют будущее,Aisha Okafor,программист,1,TED2019,2019,Vancouver,1,2019-06-02,2019-06-15,1218,8540761,1219,14
1780,Как гены требуют пересмотра,Mira Meyer,активист,1,TED2019,2019,Vancouver,1,2019-05-21,2019-06-17,1097,5001728,663,52
2387,Как память требуют пересмотра,Omar Silva,предприниматель,1,TEDGlobal 2019,2019,Addis Ababa,1,2019-03-26,2019-06-18,813,2875091,540,14
2080,Зачем мозг говорят правду,David Bauer,физик,1,TED2019,2019,Vancouver,1,2019-03-24,2019-06-19,920,2079272,892,52
1483,Отчего время зависят от нас,David Silva,,1,TED2019,2019,Vancouver,1,2019-04-04,2019-06-20,660,463411,46,31
2262,Что данные говорят правду,Yuki Reyes,физик,1,TEDGlobal 2019,2019,Addis Ababa,1,2019-06-02,2019-06-20,1061,2355163,298,30
2317,Зачем роботы определяют будущее,Daniel Iversen,педагог,1,TEDWomen 2019,2019,Palm Springs,1,2019-02-18,2019-06-20,392,2543199,633,38
1543,Зачем выборы говорят правду,Elif Nakamura,дизайнер,1,TEDWomen 2019,2019,Palm Springs,1,2019-04-14,2019-06-22,1580,310594,32,32
2054,Зачем медицина говорят правду,Emma Berger,программист,1,TED2019,2019,Vancouver,1,2019-03-20,2019-06-24,1156,3239307,476,36
309,Почему нейросети решают за нас,Sara Almeida,режиссёр,1,TEDGlobal 2019,2019,Addis Ababa,1,2019-05-05,2019-06-25,1226,8686031,1064,20
318,Как выборы работают против нас,Tom Nakamura,физик,1,TEDGlobal 2019,2019,Addis Ababa,1,2019-03-07,2019-06-26,417,6460873,1589,35
425,Отчего роботы молчат,Kira Ferrari,художник,1,TEDWomen 2019,2019,Palm Springs,1,2019-02-14,2019-06-26,1397,8077551,1660,26
1762,Зачем гены возвращаются,Peter Reyes,эколог,1,TEDGlobal 2019,2019,Addis Ababa,1,2019-01-02,2019-06-27,875,1355408,186,44
1878,"Отчего мозг важнее, чем кажется",Lena Lindqvist,программист,1,TEDSalon London,2018,London,0,2018-12-19,2019-06-27,954,7267732,2387,38
1760,Что страх стоят дороже,Zoe Iversen,музыкант,1,TED2019,2019,Vancouver,1,2019-04-11,2019-06-29,718,3011008,334,37
1803,Что врачи говорят правду,Ines Petrov,философ,1,TEDGlobal 2019,2019,Addis Ababa,1,2019-05-19,2019-06-29,438,427493,61,30
1259,Что выборы устроены не так,Aisha Iversen,антрополог,1,TED2019,2019,Vancouver,1,2019-06-07,2019-06-30,625,3687366,692,23
816,Что страх говорят правду,Yuki Nakamura,биолог,1,TEDGlobal 2019,2019,Addis Ababa,1,2019-01-06,2019-07-03,432,17155785,1501,12
30,Каким образом суды устроены не так,Elif Nilsen,активист,2,TED2019,2019,Vancouver,1,2019-02-10,2019-07-05,855,1589499,191,26
2264,Что выборы молчат,Omar Dubois,астроном,1,TEDGlobal 2019,2019,Addis Ababa,1,2019-02-24,2019-07-05,338,1399265,210,7
2261,Каким образом страх говорят правду,Tom Meyer,архитектор,1,TED2019,2019,Vancouver,1,2019-03-21,2019-07-06,353,831880,92,38
287,"Каким образом космос опаснее, чем принято думать",Zoe Silva,антрополог,2,TEDGlobal 2019,2019,Addis Ababa,1,2019-06-26,2019-07-08,431,983928,140,29
1887,Почему данные зависят от нас,Liam Silva,астроном,1,TED2019,2019,Vancouver,1,2019-06-06,2019-07-08,743,2914613,309,34
2248,"Зачем сон опаснее, чем принято думать",Noah Nilsen,математик,1,TED2019,2019,Vancouver,1,2019-06-22,2019-07-09,641,731687,78,17
439,Что роботы решают за нас,Elif Castillo,антрополог,1,TEDGlobal 2019,2019,Addis Ababa,1,2019-05-15,2019-07-10,379,28891759,3692,48
1968,Как доверие держат нас вместе,Iris Silva,философ,1,TEDWomen 2019,2019,Palm Springs,1,2019-04-07,2019-07-11,955,1730173,215,30
136,Как архитектура нуждаются в защите,Ines Iversen,,1,TEDWomen 2019,2019,Palm Springs,1,2019-04-14,2019-07-13,935,503420,54,17
2313,Почему архитектура устроены не так,David Petrov,педагог,1,TEDWomen 2019,2019,Palm Springs,1,2019-03-01,2019-07-14,847,7828125,882,34
39,Отчего музыка работают против нас,Tom Bauer,режиссёр,1,TED2019,2019,Vancouver,1,2019-02-08,2019-07-16,1331,1697075,451,37
1394,Зачем врачи требуют пересмотра,Samir Lindqvist,экономист,1,TEDWomen 2019,2019,Palm Springs,1,2019-05-27,2019-07-16,1099,2403371,445,33
2225,Зачем реки молчат,Maria Ferrari,писатель,1,TEDWomen 2019,2019,Palm Springs,1,2019-03-16,2019-07-17,850,247033,22,36
798,Зачем время обманывают нас,Liam Nilsen,физик,1,TEDGlobal 2019,2019,Addis Ababa,1,2019-05-05,2019-07-18,645,1561064,131,42
1106,Отчего врачи возвращаются,Kira Novak,математик,1,TEDGlobal 2019,2019,Addis Ababa,1,2019-06-13,2019-07-18,576,383477,38,32
371,Отчего леса нуждаются в защите,Felix Novak,писатель,1,TEDWomen 2019,2019,Palm Springs,1,2019-01-03,2019-07-19,1017,3920014,558,32
2257,Отчего деньги не работают,Samir Almeida,активист,3,TEDWomen 2019,2019,Palm Springs,1,2019-01-15,2019-07-19,644,11711616,3288,28
2263,Отчего время возвращаются,Ravi Novak,биолог,1,TEDGlobal 2019,2019,Addis Ababa,1,2019-04-23,2019-07-21,633,4231289,371,25
2750,Отчего вирусы держат нас вместе,Mira Petrov,астроном,1,TEDWomen 2019,2019,Palm Springs,1,2019-05-15,2019-07-23,394,590248,113,22
2085,Что деньги стоят дороже,Aisha Novak,предприниматель,1,TED2019,2019,Vancouver,1,2019-05-10,2019-07-24,282,796352,72,21
2113,Почему деньги стали другими,Nora Nilsen,инженер,1,TEDGlobal 2019,2019,Addis Ababa,1,2019-04-25,2019-07-24,501,620186,218,26
1791,Отчего выборы недооценены,John Kowalski,инженер,1,TEDGlobal 2019,2019,Addis Ababa,1,2019-05-16,2019-07-27,674,10796259,1006,21
149,"Каким образом энергия важнее, чем кажется",Carlos Reyes,астроном,1,TEDWomen 2019,2019,Palm Springs,1,2019-04-03,2019-07-29,710,2567622,254,27
2741,Каким образом дети заслуживают внимания,David Almeida,,1,TEDGlobal 2019,2019,Addis Ababa,1,2019-01-14,2019-07-30,403,2989271,791,15
788,Каким образом память решают за нас,Peter Silva,врач,1,TEDGlobal 2019,2019,Addis Ababa,1,2019-06-16,2019-07-31,467,6961687,605,25
1414,Как алгоритмы зависят от нас,Omar Nakamura,журналист,1,TEDWomen 2019,2019,Palm Springs,1,2019-03-25,2019-07-31,893,1989793,544,32
216,Что реки стоят дороже,Maria Castillo,антрополог,1,TED2019,2019,Vancouver,1,2019-03-17,2019-08-02,310,12030845,1374,39
2337,Что реки возвращаются,Daniel Berger,архитектор,1,TEDWomen 2019,2019,Palm Springs,1,2019-03-22,2019-08-02,973,2067052,817,28
918,Что океан решают за нас,Tom Meyer,художник,1,TED2019,2019,Vancouver,1,2019-02-14,2019-08-04,309,427729,167,16
2014,Каким образом нейросети меняют всё,Tom Vargas,математик,1,TED2019,2019,Vancouver,1,2019-05-08,2019-08-04,1086,1156139,244,23
2677,Отчего алгоритмы решают за нас,Lena Kaplan,физик,3,TED2019,2019,Vancouver,1,2019-04-26,2019-08-04,1143,4267123,443,31
483,Отчего энергия обманывают нас,Emma Haugen,астроном,1,TEDWomen 2019,2019,Palm Springs,1,2019-02-20,2019-08-07,240,888686,138,18
1839,Почему работа не работают,Elif Okafor,,1,TEDWomen 2019,2019,Palm Springs,1,2019-03-22,2019-08-07,255,2029764,267,30
482,Почему язык не работают,Peter Silva,инженер,1,TED2019,2019,Vancouver,1,2019-03-06,2019-08-12,791,867395,73,29
794,Почему энергия стоят дороже,Lena Meyer,педагог,1,TED2019,2019,Vancouver,1,2019-05-23,2019-08-13,207,303281,33,14
756,Почему климат устроены не так,David Novak,художник,1,TEDGlobal 2019,2019,Addis Ababa,1,2019-03-15,2019-08-15,833,4658093,596,29
2492,Каким образом эмоции возвращаются,Sara Nilsen,архитектор,1,TEDGlobal 2019,2019,Addis Ababa,1,2019-02-05,2019-08-16,1168,1140153,102,30
1763,"Отчего школы опаснее, чем принято думать",Felix Meyer,философ,1,TED2019,2019,Vancouver,1,2019-04-08,2019-08-17,285,1587896,433,2
2745,Зачем океан молчат,Felix Adeyemi,философ,1,TEDWomen 2019,2019,Palm Springs,1,2019-05-06,2019-08-17,308,4468541,1187,29
638,Зачем энергия стоят дороже,Lucia Dubois,дизайнер,1,TEDWomen 2019,2019,Palm Springs,1,2019-02-14,2019-08-20,726,2141351,222,26
1134,Каким образом выборы требуют пересмотра,Ana Novak,музыкант,1,TEDGlobal 2019,2019,Addis Ababa,1,2019-07-10,2019-08-21,387,560587,91,27
1683,Зачем границы исчезают,Hugo Kowalski,психолог,1,TEDWomen 2019,2019,Palm Springs,1,2019-05-15,2019-08-21,420,2567048,278,28
2424,Отчего семьи стали другими,Elif Bauer,нейробиолог,1,TED2019,2019,Vancouver,1,2019-07-21,2019-08-22,844,650959,196,30
1292,Что мозг меняют всё,Ravi Ferrari,дизайнер,1,TED2019,2019,Vancouver,1,2019-04-03,2019-08-23,956,163367,22,21
1293,"Почему мы сложнее, чем выглядят",Zoe Meyer,нейробиолог,1,TEDGlobal 2019,2019,Addis Ababa,1,2019-05-25,2019-08-24,856,1157272,273,31
1901,Почему алгоритмы держат нас вместе,Iris Vargas,предприниматель,2,TED2019,2019,Vancouver,1,2019-06-19,2019-08-24,1010,879257,100,9
17,Как доверие возвращаются,Tom Bauer,математик,1,TEDWomen 2019,2019,Palm Springs,1,2019-02-24,2019-08-27,815,5914963,879,27
2480,Что данные держат нас вместе,Hugo Kowalski,астроном,1,TEDGlobal 2019,2019,Addis Ababa,1,2019-08-06,2019-08-30,411,1746163,196,14
2072,"Что семьи важнее, чем кажется",Ines Vargas,нейробиолог,1,TED2019,2019,Vancouver,1,2019-04-08,2019-08-31,884,1130680,163,15
1619,Почему выборы стали другими,Hugo Petrov,психолог,1,TEDWomen 2019,2019,Palm Springs,1,2019-06-21,2019-09-04,984,79093,20,49
1571,Каким образом роботы не работают,Mira Bauer,писатель,1,TEDGlobal 2019,2019,Addis Ababa,1,2019-03-19,2019-09-05,279,1058783,124,29
2415,Как выборы не работают,Ravi Almeida,художник,1,TEDWomen 2019,2019,Palm Springs,1,2019-05-06,2019-09-05,1189,1855034,180,21
2041,Каким образом страх не работают,John Haugen,астроном,1,TED2019,2019,Vancouver,1,2019-06-13,2019-09-06,1435,1084400,129,20
814,Каким образом космос возвращаются,Maria Ferrari,психолог,1,TED2019,2019,Vancouver,1,2019-07-14,2019-09-09,268,1045430,101,28
996,Почему музыка стоят дороже,David Castillo,активист,1,TEDWomen 2019,2019,Palm Springs,1,2019-07-04,2019-09-14,1101,1303282,475,17
1716,Как выборы молчат,Emma Novak,врач,1,TED2019,2019,Vancouver,1,2019-07-13,2019-09-20,253,518552,49,29
397,Зачем архитектура говорят правду,Felix Bauer,астроном,2,TEDWomen 2019,2019,Palm Springs,1,2019-05-14,2019-09-21,348,2550271,814,58
786,Что реки решают за нас,Nora Hassan,инженер,1,TEDWomen 2019,2019,Palm Springs,1,2019-07-08,2019-09-22,477,4709437,602,31
1927,Зачем врачи работают против нас,Yuki Hassan,нейробиолог,1,TEDGlobal 2019,2019,Addis Ababa,1,2019-05-01,2019-09-22,464,4736591,581,37
229,Как память определяют будущее,Sara Silva,врач,1,TEDWomen 2019,2019,Palm Springs,1,2019-08-01,2019-09-24,791,3092638,401,43
1777,Почему алгоритмы обманывают нас,Lucia Petrov,физик,1,TEDGlobal 2019,2019,Addis Ababa,1,2019-03-27,2019-09-26,311,1708618,166,22
104,Зачем космос недооценены,Tom Castillo,художник,1,TEDGlobal 2019,2019,Addis Ababa,1,2019-08-28,2019-09-27,1065,2114542,424,7
2397,Зачем медицина не работают,Ines Okafor,дизайнер,1,TEDGlobal 2019,2019,Addis Ababa,1,2019-09-13,2019-09-27,427,802374,91,12
1050,Отчего океан нуждаются в защите,Peter Adeyemi,музыкант,1,TEDWomen 2019,2019,Palm Springs,1,2019-04-25,2019-09-29,824,5374625,515,42
1111,Зачем медицина работают против нас,Ines Nilsen,архитектор,1,TEDWomen 2019,2019,Palm Springs,1,2019-08-07,2019-09-29,1021,2779742,357,22
1991,Каким образом одиночество решают за нас,Kira Almeida,астроном,1,TEDGlobal 2019,2019,Addis Ababa,1,2019-07-24,2019-10-02,1277,2856560,289,21
1870,Как границы устроены не так,Alex Moreau,режиссёр,1,TEDGlobal 2019,2019,Addis Ababa,1,2019-07-02,2019-10-03,775,1543179,186,38
1144,Как медицина держат нас вместе,Elif Lindqvist,художник,1,TEDWomen 2019,2019,Palm Springs,1,2019-05-11,2019-10-04,725,775485,212,59
2025,Каким образом бактерии определяют будущее,Ravi Kowalski,архитектор,1,TED2019,2019,Vancouver,1,2019-07-21,2019-10-04,489,314480,27,15
2154,Каким образом границы держат нас вместе,Samir Moreau,нейробиолог,1,TED2019,2019,Vancouver,1,2019-04-14,2019-10-06,535,1760986,469,7
203,Почему семьи недооценены,Jonas Fischer,эколог,1,TEDGlobal 2019,2019,Addis Ababa,1,2019-04-07,2019-10-07,609,14162029,1622,36
1617,Как мозг стали другими,Tom Moreau,физик,1,TEDGlobal 2019,2019,Addis Ababa,1,2019-06-23,2019-10-07,423,524834,44,42
2645,Почему мозг говорят правду,Noah Bauer,врач,1,TEDWomen 2019,2019,Palm Springs,1,2019-05-02,2019-10-07,621,660650,83,21
2131,Почему память работают против нас,Samir Silva,философ,1,TEDWomen 2019,2019,Palm Springs,1,2019-07-24,2019-10-08,1062,1401480,138,46
110,Зачем язык стоят дороже,Ines Lindqvist,философ,1,TED2019,2019,Vancouver,1,2019-06-03,2019-10-09,1162,5793977,889,44
1530,Как вода определяют будущее,Iris Bauer,инженер,1,TEDGlobal 2019,2019,Addis Ababa,1,2019-08-09,2019-10-11,1140,987995,142,48
971,Что энергия устроены не так,Nora Meyer,режиссёр,1,TED2019,2019,Vancouver,1,2019-08-02,2019-10-12,1263,5359778,504,37
1164,Каким образом мозг не работают,Sara Almeida,антрополог,1,TEDGlobal 2019,2019,Addis Ababa,1,2019-08-14,2019-10-14,889,410198,35,14
2224,Отчего почва зависят от нас,John Iversen,журналист,1,TEDGlobal 2019,2019,Addis Ababa,1,2019-07-10,2019-10-15,752,1167273,381,29
1564,Что почва меняют всё,Aisha Petrov,архитектор,1,TED2019,2019,Vancouver,1,2019-04-04,2019-10-18,958,2800578,1087,8
2740,Почему бактерии меняют всё,Ines Meyer,антрополог,1,TEDWomen 2019,2019,Palm Springs,1,2019-04-10,2019-10-19,492,786867,269,15
570,Зачем время недооценены,Peter Vargas,писатель,1,TEDGlobal 2019,2019,Addis Ababa,1,2019-10-04,2019-10-22,753,3041549,373,47
411,Что одиночество зависят от нас,Ines Adeyemi,писатель,1,TED2019,2019,Vancouver,1,2019-07-06,2019-10-25,502,558952,121,31
639,Зачем вода требуют пересмотра,Peter Meyer,физик,1,TED2019,2019,Vancouver,1,2019-05-06,2019-10-25,1125,748042,87,24
2179,"Зачем работа сложнее, чем выглядят",Lena Castillo,астроном,1,TEDGlobal 2019,2019,Addis Ababa,1,2019-06-27,2019-10-26,298,457676,40,23
2610,"Что эмоции сложнее, чем выглядят",Noah Nilsen,биолог,1,TEDWomen 2019,2019,Palm Springs,1,2019-04-20,2019-10-27,250,1480251,222,39
187,Зачем деньги исчезают,Maria Kowalski,психолог,1,TED2019,2019,Vancouver,1,2019-08-04,2019-10-28,313,1432772,173,26
896,Почему семьи исчезают,Yuki Ferrari,предприниматель,1,TEDWomen 2019,2019,Palm Springs,1,2019-08-11,2019-10-28,215,544391,145,14
1834,Зачем данные исчезают,Daniel Bauer,,1,TED2019,2019,Vancouver,1,2019-06-07,2019-10-28,403,867389,151,27
1924,Каким образом работа стоят дороже,Ines Castillo,историк,1,TED2019,2019,Vancouver,1,2019-08-09,2019-10-28,987,12545173,1057,16
1345,Почему архитектура меняют всё,Lucia Bauer,художник,1,TED2019,2019,Vancouver,1,2019-06-28,2019-10-30,890,2212709,201,21
1316,Зачем почва работают против нас,Mira Moreau,писатель,1,TED2019,2019,Vancouver,1,2019-06-11,2019-11-01,393,585110,104,14
590,Зачем язык возвращаются,Noah Ferrari,режиссёр,1,TEDGlobal 2019,2019,Addis Ababa,1,2019-10-21,2019-11-05,928,993550,120,43
2169,Что школы стали другими,Hugo Nakamura,нейробиолог,1,TED2019,2019,Vancouver,1,2019-07-10,2019-11-06,338,996996,123,12
1412,Зачем страх недооценены,Daniel Vargas,активист,1,TED2019,2019,Vancouver,1,2019-04-26,2019-11-08,295,4676212,463,34
1807,Что гены говорят правду,John Kowalski,дизайнер,1,TEDWomen 2019,2019,Palm Springs,1,2019-06-03,2019-11-09,827,455407,42,34
87,Что семьи меняют всё,Aisha Silva,нейробиолог,3,TEDGlobal 2019,2019,Addis Ababa,1,2019-10-19,2019-11-10,565,1460943,147,23
1897,Что доверие молчат,Tom Nakamura,врач,2,TED2019,2019,Vancouver,1,2019-09-20,2019-11-13,989,2758627,245,32
1256,"Зачем океан сложнее, чем выглядят",Peter Petrov,предприниматель,1,TEDGlobal 2019,2019,Addis Ababa,1,2019-06-17,2019-11-14,534,2791461,314,39
1378,"Каким образом суды важнее, чем кажется",John Nakamura,предприниматель,1,TEDWomen 2019,2019,Palm Springs,1,2019-08-11,2019-11-15,1265,638553,76,41
795,Каким образом врачи исчезают,Kira Adeyemi,физик,1,TEDWomen 2019,2019,Palm Springs,1,2019-09-10,2019-11-16,383,2154699,305,10
825,Почему леса решают за нас,Lucia Kaplan,историк,1,TEDGlobal 2019,2019,Addis Ababa,1,2019-06-02,2019-11-16,814,6946353,1838,34
1477,Зачем космос возвращаются,Lena Adeyemi,предприниматель,1,TEDWomen 2019,2019,Palm Springs,1,2019-07-19,2019-11-17,736,2013631,710,23
2614,Отчего выборы возвращаются,Zoe Petrov,астроном,1,TEDGlobal 2019,2019,Addis Ababa,1,2019-10-07,2019-11-19,774,958514,79,47
1497,Что реки нуждаются в защите,Samir Petrov,дизайнер,1,TEDWomen 2019,2019,Palm Springs,1,2019-06-14,2019-11-23,526,655864,113,9
1570,Отчего почва держат нас вместе,Felix Novak,режиссёр,1,TED2019,2019,Vancouver,1,2019-06-25,2019-11-25,730,328246,92,15
461,Почему страх молчат,Ines Lindqvist,дизайнер,1,TEDWomen 2019,2019,Palm Springs,1,2019-09-28,2019-11-29,364,627977,54,33
2486,Зачем климат требуют пересмотра,Nora Nilsen,писатель,1,TED2019,2019,Vancouver,1,2019-10-17,2019-11-30,823,2465848,401,34
1146,Зачем бактерии говорят правду,Noah Berger,биолог,1,TEDWomen 2019,2019,Palm Springs,1,2019-05-15,2019-12-01,747,4394277,1224,16
2311,Каким образом время молчат,Carlos Silva,антрополог,1,TEDGlobal 2019,2019,Addis Ababa,1,2019-08-27,2019-12-01,436,706312,246,38
1648,"Каким образом границы опаснее, чем принято думать",Aisha Meyer,врач,1,TEDWomen 2019,2019,Palm Springs,1,2019-06-08,2019-12-03,394,4903693,421,60
2576,Что деньги меняют всё,Felix Nilsen,эколог,1,TEDWomen 2019,2019,Palm Springs,1,2019-10-06,2019-12-04,572,947312,122,41
55,Как энергия недооценены,Kira Silva,педагог,1,TEDGlobal 2019,2019,Addis Ababa,1,2019-09-14,2019-12-05,350,3781087,542,28
1387,Как деньги определяют будущее,Ines Kaplan,предприниматель,1,TEDWomen 2019,2019,Palm Springs,1,2019-07-28,2019-12-05,770,757114,92,27
973,Каким образом работа определяют будущее,Carlos Hassan,историк,1,TEDWomen 2019,2019,Palm Springs,1,2019-08-01,2019-12-06,1393,118300,29,27
611,Каким образом реки решают за нас,Iris Adeyemi,психолог,1,TEDGlobal 2019,2019,Addis Ababa,1,2019-06-15,2019-12-07,635,4572014,626,17
2013,Отчего врачи молчат,David Lindqvist,юрист,1,TEDWomen 2019,2019,Palm Springs,1,2019-08-18,2019-12-07,1190,2083485,435,18
1196,Почему эмоции обманывают нас,Liam Moreau,писатель,1,TEDGlobal 2019,2019,Addis Ababa,1,2019-06-05,2019-12-08,1016,2487388,308,16
369,Отчего выборы не работают,Felix Iversen,музыкант,1,TEDGlobal 2019,2019,Addis Ababa,1,2019-10-15,2019-12-10,442,1017213,153,31
701,Почему океан определяют будущее,Ravi Silva,инженер,2,TED2019,2019,Vancouver,1,2019-09-01,2019-12-13,611,11280200,1675,28
1148,Зачем эмоции стали другими,Mira Fischer,астроном,1,TEDWomen 2019,2019,Palm Springs,1,2019-11-15,2019-12-13,1207,2885844,297,20
2246,Как роботы стоят дороже,David Okafor,художник,1,TED2019,2019,Vancouver,1,2019-07-23,2019-12-13,402,2914715,349,10
1898,Каким образом привычки держат нас вместе,Felix Kaplan,инженер,1,TED2019,2019,Vancouver,1,2019-08-15,2019-12-15,311,2413363,455,39
2082,Что время стоят дороже,David Silva,художник,1,TEDGlobal 2019,2019,Addis Ababa,1,2019-12-05,2019-12-16,760,362328,97,41
1560,Почему энергия держат нас вместе,Alex Fischer,художник,1,TEDWomen 2019,2019,Palm Springs,1,2019-11-23,2019-12-17,1163,2047820,419,27
1677,Каким образом выборы держат нас вместе,Elif Lindqvist,художник,1,TEDWomen 2019,2019,Palm Springs,1,2019-10-19,2019-12-17,356,491547,118,38
972,"Почему дети опаснее, чем принято думать",Ravi Haugen,антрополог,1,TEDGlobal 2019,2019,Addis Ababa,1,2019-08-27,2019-12-20,393,19466845,2132,25
1663,Что медицина меняют всё,Felix Petrov,психолог,1,TEDWomen 2019,2019,Palm Springs,1,2019-06-19,2019-12-20,758,1600844,206,30
607,Отчего океан решают за нас,Sara Kaplan,нейробиолог,1,TEDWomen 2019,2019,Palm Springs,1,2019-07-14,2019-12-21,519,702194,294,19
322,Отчего школы требуют пересмотра,John Hassan,,1,TEDWomen 2019,2019,Palm Springs,1,2019-11-11,2019-12-23,268,610258,161,24
882,Как данные недооценены,Ravi Nilsen,эколог,1,TEDWomen 2019,2019,Palm Springs,1,2019-08-02,2019-12-25,614,409738,123,40
1981,Как реки зависят от нас,Liam Vargas,дизайнер,1,TED2019,2019,Vancouver,1,2019-06-24,2019-12-27,254,6135782,644,15
1309,Как алгоритмы стали другими,Lucia Bauer,философ,1,TEDGlobal 2019,2019,Addis Ababa,1,2019-08-08,2019-12-30,295,571352,175,8
1480,Отчего климат исчезают,Peter Iversen,музыкант,2,TEDGlobal 2019,2019,Addis Ababa,1,2019-11-25,2020-01-02,332,2680208,468,34
2114,Что страх решают за нас,Elif Adeyemi,журналист,1,TED2019,2019,Vancouver,1,2019-07-05,2020-01-02,951,1456789,189,31
2060,Каким образом деньги недооценены,David Okafor,режиссёр,1,TEDWomen 2019,2019,Palm Springs,1,2019-06-27,2020-01-07,425,1280137,192,34
1656,Каким образом деньги работают против нас,Emma Vargas,,1,TEDGlobal 2019,2019,Addis Ababa,1,2019-12-24,2020-01-09,313,1451898,144,45
925,Что память определяют будущее,Carlos Nakamura,,1,TED2019,2019,Vancouver,1,2019-08-08,2020-01-10,815,767506,127,41
2110,Зачем привычки держат нас вместе,Liam Okafor,психолог,1,TEDGlobal 2019,2019,Addis Ababa,1,2019-09-11,2020-01-12,565,1012680,98,45
1605,Зачем музыка не работают,Maria Berger,экономист,1,TEDWomen 2019,2019,Palm Springs,1,2019-07-01,2020-01-17,1188,865352,149,40
1728,Каким образом семьи устроены не так,Ana Iversen,врач,1,TEDWomen 2019,2019,Palm Springs,1,2019-09-13,2020-01-17,331,1002660,249,17
2376,Как семьи меняют всё,Aisha Haugen,педагог,1,TEDWomen 2019,2019,Palm Springs,1,2019-08-18,2020-01-20,306,664544,81,23
106,Как привычки исчезают,Maria Petrov,активист,1,TED2019,2019,Vancouver,1,2019-07-15,2020-01-21,401,24526934,4422,38
1449,Почему семьи определяют будущее,Omar Novak,,3,TED2019,2019,Vancouver,1,2019-10-22,2020-01-21,410,4751734,685,41
1369,"Что алгоритмы опаснее, чем принято думать",Ines Moreau,экономист,1,TEDGlobal 2019,2019,Addis Ababa,1,2019-09-02,2020-01-24,485,1216035,105,26
865,Что архитектура определяют будущее,Mira Nakamura,юрист,1,TEDGlobal 2019,2019,Addis Ababa,1,2019-08-22,2020-01-25,819,5883618,1461,35
893,"Зачем деньги сложнее, чем выглядят",John Fischer,художник,1,TEDGlobal 2019,2019,Addis Ababa,1,2019-07-22,2020-01-28,861,4500230,410,25
1407,Зачем работа меняют всё,Maria Castillo,биолог,1,TEDGlobal 2019,2019,Addis Ababa,1,2019-07-12,2020-01-28,409,676531,115,31
2685,Каким образом леса меняют всё,Tom Meyer,инженер,1,TEDGlobal 2019,2019,Addis Ababa,1,2019-10-19,2020-01-28,245,791078,76,26
1455,Отчего дети меняют всё,Omar Berger,педагог,1,TED2019,2019,Vancouver,1,2019-12-16,2020-02-01,1100,1455164,174,32
2334,Почему океан требуют пересмотра,Kira Adeyemi,историк,1,TEDWomen 2019,2019,Palm Springs,1,2019-07-21,2020-02-02,376,1281915,118,39
2465,Отчего вирусы не работают,Ines Fischer,писатель,1,TEDWomen 2019,2019,Palm Springs,1,2019-11-26,2020-02-04,208,1265680,186,39
864,Почему роботы не работают,Ines Kowalski,,1,TEDGlobal 2019,2019,Addis Ababa,1,2019-11-12,2020-02-05,464,893025,171,44
1922,"Как доверие важнее, чем кажется",Iris Haugen,режиссёр,1,TEDGlobal 2019,2019,Addis Ababa,1,2019-11-25,2020-02-08,1066,1436863,148,28
2067,Отчего мозг требуют пересмотра,Sara Silva,психолог,1,TED2019,2019,Vancouver,1,2019-09-13,2020-02-09,1019,785373,77,27
1133,Зачем вода меняют всё,Omar Dubois,историк,1,TED2019,2019,Vancouver,1,2019-10-20,2020-02-10,637,965903,416,34
1753,Что врачи недооценены,Sara Petrov,экономист,1,TED2019,2019,Vancouver,1,2019-12-12,2020-02-10,692,2878511,1096,46
1696,Что вода меняют всё,Yuki Lindqvist,инженер,1,TEDWomen 2019,2019,Palm Springs,1,2019-10-11,2020-02-13,1069,771939,80,17
2536,Почему страх нуждаются в защите,Peter Moreau,активист,1,TEDWomen 2019,2019,Palm Springs,1,2019-11-22,2020-02-14,1120,367817,39,29
2709,Каким образом дети стали другими,Maria Moreau,музыкант,1,TEDGlobal 2019,2019,Addis Ababa,1,2019-10-11,2020-02-14,1034,996189,151,45
1581,"Отчего архитектура опаснее, чем принято думать",Felix Almeida,астроном,1,TEDGlobal 2019,2019,Addis Ababa,1,2019-08-25,2020-02-15,332,673920,74,37
1528,Что старение нуждаются в защите,Maria Petrov,юрист,1,TEDGlobal 2019,2019,Addis Ababa,1,2019-10-11,2020-02-16,629,356876,59,9
2456,Каким образом роботы устроены не так,Yuki Fischer,,1,TED2019,2019,Vancouver,1,2019-10-20,2020-02-16,939,2221318,215,19
718,"Что привычки опаснее, чем принято думать",Yuki Petrov,художник,1,TED2019,2019,Vancouver,1,2019-10-06,2020-02-17,1436,2747750,321,28
1782,Что суды не работают,Carlos Hassan,биолог,3,TEDWomen 2019,2019,Palm Springs,1,2019-09-01,2020-02-18,830,8248389,703,70
2588,"Зачем города опаснее, чем принято думать",Zoe Novak,юрист,1,TED2019,2019,Vancouver,1,2019-11-04,2020-02-23,1289,1745503,230,29
1411,Почему медицина определяют будущее,Yuki Hassan,предприниматель,1,TED2019,2019,Vancouver,1,2019-11-16,2020-02-26,869,367854,58,11
1623,Почему старение зависят от нас,Kira Nilsen,режиссёр,1,TED2020,2020,Online,1,2020-01-17,2020-02-26,420,1899845,272,23
1045,Как привычки устроены не так,Yuki Iversen,,1,TEDWomen 2019,2019,Palm Springs,1,2019-12-07,2020-02-27,1136,5574096,829,27
1961,Отчего время обманывают нас,David Meyer,экономист,1,TED2019,2019,Vancouver,1,2019-11-21,2020-02-27,754,2666920,821,33
2382,Почему страх меняют всё,Felix Kowalski,экономист,1,TEDWomen 2019,2019,Palm Springs,1,2019-11-25,2020-02-27,1051,11803202,2012,34
1658,Отчего нейросети заслуживают внимания,John Dubois,инженер,2,TEDGlobal 2019,2019,Addis Ababa,1,2019-12-21,2020-03-01,1114,289809,76,30
2580,Как леса обманывают нас,Omar Novak,программист,1,TED2019,2019,Vancouver,1,2019-08-26,2020-03-03,798,3218845,342,45
1708,"Отчего школы сложнее, чем выглядят",Elif Almeida,психолог,3,TEDWomen 2019,2019,Palm Springs,1,2019-12-18,2020-03-04,0,307155,52,18
551,Зачем старение стоят дороже,John Silva,педагог,1,TED2020,2020,Online,1,2020-01-20,2020-03-09,395,1529809,167,33
618,Зачем сон работают против нас,Lucia Fischer,философ,1,TEDWomen 2019,2019,Palm Springs,1,2019-11-28,2020-03-09,1199,10578761,2928,17
1240,Что алгоритмы зависят от нас,Zoe Nilsen,программист,1,TED2019,2019,Vancouver,1,2019-10-08,2020-03-11,731,3314570,330,64
183,"Отчего врачи сложнее, чем выглядят",Lena Berger,физик,1,TEDWomen 2019,2019,Palm Springs,1,2019-12-17,2020-03-12,652,1097087,237,13
22,Зачем сон держат нас вместе,Lena Petrov,дизайнер,1,TEDGlobal 2019,2019,Addis Ababa,1,2019-12-18,2020-03-14,281,2062736,430,18
1908,Зачем энергия недооценены,Ravi Dubois,экономист,1,TEDWomen 2019,2019,Palm Springs,1,2019-11-18,2020-03-14,432,1636225,275,38
410,"Отчего энергия сложнее, чем выглядят",Ana Hassan,музыкант,1,TED2019,2019,Vancouver,1,2019-11-04,2020-03-16,303,1663695,309,25
219,Что границы требуют пересмотра,Iris Kaplan,врач,1,TEDWomen 2019,2019,Palm Springs,1,2019-09-04,2020-03-17,779,1052422,120,23
21,Что привычки говорят правду,Mira Ferrari,врач,1,TEDWomen 2019,2019,Palm Springs,1,2019-09-27,2020-03-18,617,798682,73,22
2413,Как старение работают против нас,Ravi Vargas,биолог,1,TEDWomen 2019,2019,Palm Springs,1,2019-09-19,2020-03-18,364,1232830,317,13
2518,"Что города опаснее, чем принято думать",John Nilsen,предприниматель,1,TEDGlobal 2019,2019,Addis Ababa,1,2019-10-12,2020-03-19,451,2734103,271,18
706,"Почему нейросети важнее, чем кажется",Peter Moreau,философ,1,TEDWomen 2019,2019,Palm Springs,1,2019-12-07,2020-03-21,310,2673155,364,21
2033,Что семьи зависят от нас,Daniel Iversen,педагог,1,TED2020,2020,Online,1,2020-01-02,2020-03-24,329,3967773,362,22
1016,Зачем врачи не работают,Lucia Iversen,художник,1,TED2020,2020,Online,1,2020-01-21,2020-03-25,1309,2832450,421,30
824,Каким образом реки зависят от нас,Maria Meyer,писатель,1,TED2020,2020,Online,1,2020-02-23,2020-03-26,331,5223601,839,60
1074,Отчего врачи устроены не так,Elif Almeida,физик,1,TED2019,2019,Vancouver,1,2019-10-26,2020-03-28,628,2671617,340,20
1126,Отчего энергия возвращаются,Noah Nilsen,режиссёр,1,TED2020,2020,Online,1,2020-02-14,2020-03-28,1140,1587702,546,30
749,Зачем вода говорят правду,Ana Meyer,режиссёр,1,TEDGlobal 2019,2019,Addis Ababa,1,2019-12-14,2020-03-29,409,2576022,264,43
517,Что алгоритмы меняют всё,Jonas Berger,математик,1,TEDGlobal 2019,2019,Addis Ababa,1,2019-10-16,2020-03-30,1222,293201,39,25
496,Что границы молчат,Hugo Novak,,1,TED2019,2019,Vancouver,1,2019-10-21,2020-03-31,989,2164739,436,27
1647,Как вода зависят от нас,Zoe Reyes,философ,1,TEDWomen 2019,2019,Palm Springs,1,2019-11-08,2020-03-31,657,4352774,806,20
206,Почему города устроены не так,Felix Dubois,психолог,1,TEDWomen 2019,2019,Palm Springs,1,2019-09-22,2020-04-01,786,3021743,461,26
328,Каким образом города стоят дороже,Samir Ferrari,,1,TEDGlobal 2019,2019,Addis Ababa,1,2019-10-07,2020-04-07,309,2152029,265,41
159,Зачем школы решают за нас,Emma Moreau,дизайнер,1,TEDWomen 2019,2019,Palm Springs,1,2019-11-06,2020-04-15,247,689374,62,46
735,Как вода исчезают,Nora Nilsen,журналист,1,TED2020,2020,Online,1,2020-03-12,2020-04-17,799,2154373,821,45
1584,Отчего работа требуют пересмотра,John Silva,,1,TED2019,2019,Vancouver,1,2019-10-26,2020-04-19,391,2003823,725,44
1718,Отчего семьи работают против нас,Peter Ferrari,юрист,1,TED2020,2020,Online,1,2020-03-12,2020-04-19,988,6438387,798,12
1219,Каким образом работа зависят от нас,Jonas Haugen,эколог,1,TEDGlobal 2019,2019,Addis Ababa,1,2019-11-13,2020-04-21,219,2582729,513,26
2267,Зачем мозг работают против нас,Mira Almeida,физик,1,TEDGlobal 2019,2019,Addis Ababa,1,2019-12-02,2020-04-27,348,728936,64,39
886,"Зачем выборы важнее, чем кажется",Ravi Iversen,,1,TED2020,2020,Online,1,2020-01-03,2020-05-01,924,5757310,1551,25
2623,Почему мозг обманывают нас,Ana Iversen,эколог,1,TEDWomen 2019,2019,Palm Springs,1,2019-12-03,2020-05-02,411,15713895,1508,29
2561,Каким образом леса определяют будущее,Daniel Haugen,антрополог,1,TED2019,2019,Vancouver,1,2019-12-14,2020-05-08,1223,248073,25,24
455,Отчего гены нуждаются в защите,Lena Nilsen,режиссёр,1,TED2020,2020,Online,1,2020-02-05,2020-05-09,870,10721825,1529,46
2329,Почему данные исчезают,Felix Castillo,психолог,1,TED2019,2019,Vancouver,1,2019-11-03,2020-05-13,525,2985752,320,41
2586,Каким образом доверие меняют всё,Kira Iversen,антрополог,1,TEDWomen 2019,2019,Palm Springs,1,2019-11-01,2020-05-18,318,13644229,2844,31
1236,"Как космос важнее, чем кажется",Elif Adeyemi,программист,1,TED2020,2020,Online,1,2020-03-22,2020-05-20,725,6181480,1160,1
546,Зачем дети решают за нас,Maria Vargas,биолог,1,TED2020,2020,Online,1,2020-03-08,2020-05-23,1208,3307494,399,38
2289,Зачем алгоритмы стоят дороже,Carlos Reyes,экономист,2,TED2020,2020,Online,1,2020-05-17,2020-05-28,361,594162,55,18
45,Что климат не работают,Sara Lindqvist,астроном,1,TED2020,2020,Online,1,2020-02-22,2020-05-31,703,1218408,124,35
458,Каким образом океан говорят правду,Samir Lindqvist,музыкант,1,TEDWomen 2019,2019,Palm Springs,1,2019-12-19,2020-05-31,980,755057,98,31
863,Отчего гены меняют всё,Peter Lindqvist,педагог,1,TED2020,2020,Online,1,2020-05-05,2020-06-04,899,281662,26,22
1273,Каким образом одиночество говорят правду,Yuki Bauer,предприниматель,1,TED2020,2020,Online,1,2020-02-26,2020-06-04,409,894778,145,41
2683,Отчего язык устроены не так,Elif Nakamura,нейробиолог,1,TED2019,2019,Vancouver,1,2019-11-23,2020-06-08,813,847562,97,12
444,Зачем алгоритмы устроены не так,Peter Nakamura,физик,1,TEDGlobal 2019,2019,Addis Ababa,1,2019-11-24,2020-06-10,1262,8713168,1020,40
1194,Отчего мозг решают за нас,Jonas Adeyemi,физик,1,TED2020,2020,Online,1,2020-03-18,2020-06-10,657,38042,4,40
1251,Что почва не работают,Peter Adeyemi,врач,1,TED2020,2020,Online,1,2020-02-10,2020-06-13,1061,1772290,236,17
2027,Зачем архитектура устроены не так,Liam Okafor,астроном,1,TED2020,2020,Online,1,2020-04-10,2020-06-16,778,5709178,482,22
854,Отчего энергия держат нас вместе,Peter Moreau,педагог,1,TED2020,2020,Online,1,2020-03-15,2020-06-20,735,26742308,4074,38
1535,Отчего почва не работают,Felix Okafor,педагог,1,TEDGlobal 2019,2019,Addis Ababa,1,2019-12-15,2020-06-27,249,664959,92,2
264,Как вирусы стоят дороже,David Novak,программист,1,TEDGlobal 2019,2019,Addis Ababa,1,2019-12-19,2020-07-01,625,1160088,139,4
1478,Отчего климат недооценены,Yuki Nakamura,юрист,1,TED2020,2020,Online,1,2020-04-21,2020-07-01,1032,1108608,108,38
2386,Как роботы исчезают,Nora Nakamura,активист,2,TED2020,2020,Online,1,2020-04-14,2020-07-11,818,488207,98,22
1012,Как мы обманывают нас,David Kowalski,музыкант,1,TED2020,2020,Online,1,2020-05-23,2020-07-19,415,550027,86,28
2704,Как энергия стали другими,Kira Dubois,эколог,1,TED2020,2020,Online,1,2020-01-28,2020-07-22,141,847617,90,3
2315,Почему границы работают против нас,Noah Reyes,экономист,1,TED2020,2020,Online,1,2020-02-10,2020-07-27,368,2019785,194,42
2571,Как мозг недооценены,Nora Okafor,психолог,1,TED2020,2020,Online,1,2020-06-06,2020-07-31,1266,1500811,139,34
281,Отчего роботы стали другими,Felix Dubois,музыкант,1,TED2020,2020,Online,1,2020-05-27,2020-08-06,297,212452,34,28
1933,Как архитектура обманывают нас,Iris Meyer,врач,1,TED2020,2020,Online,1,2020-02-20,2020-08-06,403,565900,181,44
1997,"Отчего дети сложнее, чем выглядят",Lena Nilsen,нейробиолог,1,TED2020,2020,Online,1,2020-07-12,2020-08-07,413,1027417,126,31
761,Отчего выборы говорят правду,Elif Vargas,активист,1,TED2020,2020,Online,1,2020-05-27,2020-08-09,1032,479176,47,23
1987,Почему привычки исчезают,Felix Castillo,музыкант,1,TED2020,2020,Online,1,2020-03-11,2020-08-20,1101,888436,82,42
382,"Как привычки сложнее, чем выглядят",Carlos Petrov,архитектор,1,TED2020,2020,Online,1,2020-04-28,2020-08-27,337,4467601,581,19
894,Что бактерии заслуживают внимания,Alex Vargas,нейробиолог,1,TED2020,2020,Online,1,2020-07-01,2020-09-07,474,504152,43,25
2375,Зачем гены молчат,Iris Moreau,музыкант,2,TED2020,2020,Online,1,2020-05-11,2020-09-11,1303,124603,48,16
1606,Как страх держат нас вместе,Jonas Petrov,журналист,2,TED2020,2020,Online,1,2020-03-10,2020-09-13,726,2148680,740,13
661,Отчего города держат нас вместе,David Iversen,журналист,1,TED2020,2020,Online,1,2020-05-11,2020-09-15,1005,1668028,153,31
2019,Что выборы нуждаются в защите,Hugo Berger,физик,1,TED2020,2020,Online,1,2020-09-06,2020-09-19,402,1839252,425,32
1746,Почему эмоции молчат,Emma Hassan,,1,TED2020,2020,Online,1,2020-04-13,2020-09-23,253,787887,131,31
506,Что бактерии обманывают нас,Sara Hassan,биолог,1,TED2020,2020,Online,1,2020-03-10,2020-09-26,740,2693988,304,15
2010,Отчего врачи определяют будущее,Peter Dubois,программист,1,TED2020,2020,Online,1,2020-09-10,2020-10-09,686,745592,103,24
719,Отчего данные стали другими,John Ferrari,писатель,1,TED2020,2020,Online,1,2020-06-25,2020-10-13,724,1621603,457,38
319,"Почему музыка сложнее, чем выглядят",Kira Fischer,биолог,2,TED2020,2020,Online,1,2020-06-25,2020-10-20,821,766175,160,35
2385,Каким образом бактерии обманывают нас,Felix Reyes,инженер,1,TED2020,2020,Online,1,2020-04-03,2020-10-20,1052,2250541,509,29
2505,Как реки работают против нас,Lucia Novak,астроном,3,TED2020,2020,Online,1,2020-08-04,2020-10-20,1180,923232,90,40
272,Каким образом бактерии не работают,Maria Reyes,эколог,1,TED2020,2020,Online,1,2020-06-16,2020-10-21,769,2615823,672,16
2419,Каким образом врачи молчат,Sara Novak,музыкант,1,TED2020,2020,Online,1,2020-04-19,2020-10-23,677,745591,72,18
1554,Зачем одиночество не работают,Peter Novak,,1,TED2020,2020,Online,1,2020-10-06,2020-11-02,931,583940,92,31
1852,Отчего реки говорят правду,Aisha Reyes,физик,1,TED2020,2020,Online,1,2020-10-23,2020-11-09,541,1074175,231,14
386,Отчего леса решают за нас,Elif Almeida,предприниматель,1,TED2020,2020,Online,1,2020-06-10,2020-11-24,431,807418,109,29
1170,Почему эмоции возвращаются,Zoe Vargas,эколог,1,TED2020,2020,Online,1,2020-10-22,2020-11-27,1350,3202774,405,20
2268,Каким образом климат стали другими,Tom Ferrari,инженер,1,TED2020,2020,Online,1,2020-07-15,2020-11-27,679,7349603,2994,47
580,Отчего города требуют пересмотра,Yuki Hassan,писатель,1,TED2020,2020,Online,1,2020-10-09,2020-12-03,1144,796120,106,31
2286,"Отчего климат сложнее, чем выглядят",Ines Okafor,педагог,1,TED2020,2020,Online,1,2020-07-19,2020-12-04,799,611105,61,41
1255,Что архитектура зависят от нас,Liam Nakamura,юрист,1,TED2020,2020,Online,1,2020-08-18,2020-12-08,1154,2364693,235,22
200,"Что вирусы важнее, чем кажется",Felix Fischer,экономист,1,TED2020,2020,Online,1,2020-05-26,2020-12-11,358,3523703,558,27
211,Каким образом алгоритмы говорят правду,Omar Reyes,режиссёр,1,TED2020,2020,Online,1,2020-07-13,2020-12-11,751,1405723,223,25
379,Каким образом мозг зависят от нас,Felix Castillo,экономист,1,TED2020,2020,Online,1,2020-08-16,2020-12-12,885,131638,14,30
181,Отчего музыка возвращаются,Kira Kaplan,экономист,1,TED2020,2020,Online,1,2020-09-27,2020-12-13,861,757741,143,24
2384,Каким образом суды недооценены,John Dubois,активист,1,TED2020,2020,Online,1,2020-10-19,2020-12-16,301,1001576,187,37
1301,Почему океан исчезают,Kira Kowalski,архитектор,1,TED2020,2020,Online,1,2020-10-23,2020-12-20,822,230494,24,35
1706,Почему старение заслуживают внимания,Felix Petrov,антрополог,1,TED2020,2020,Online,1,2020-06-14,2020-12-20,520,296143,38,24
1593,"Зачем климат опаснее, чем принято думать",Ines Fischer,,1,TED2020,2020,Online,1,2020-11-07,2020-12-23,384,5025567,535,33
711,Каким образом память работают против нас,Samir Silva,историк,1,TED2020,2020,Online,1,2020-09-13,2020-12-24,448,2253710,281,27
112,Что реки говорят правду,David Kowalski,врач,1,TED2020,2020,Online,1,2020-08-10,2020-12-27,770,422836,134,5
372,Как выборы решают за нас,Mira Adeyemi,астроном,1,TED2020,2020,Online,1,2020-06-18,2020-12-30,665,1408500,344,48
1910,Что школы держат нас вместе,Peter Nakamura,математик,1,TED2020,2020,Online,1,2020-10-06,2020-12-30,1001,1565272,178,28
1274,Что привычки работают против нас,Felix Bauer,,1,TED2020,2020,Online,1,2020-07-11,2021-01-05,884,2061507,437,44
2624,Отчего океан определяют будущее,Hugo Adeyemi,эколог,1,TED2020,2020,Online,1,2020-10-01,2021-01-06,387,828507,109,11
1692,Отчего реки устроены не так,Nora Novak,архитектор,1,TED2020,2020,Online,1,2020-12-07,2021-01-07,736,167261,14,46
1395,"Зачем страх сложнее, чем выглядят",Nora Reyes,юрист,1,TED2020,2020,Online,1,2020-10-15,2021-01-09,795,212786,38,44
1790,Почему климат работают против нас,David Hassan,историк,1,TED2020,2020,Online,1,2020-10-19,2021-01-09,645,1259191,157,34
156,Как память стоят дороже,Peter Berger,педагог,1,TED2020,2020,Online,1,2020-12-21,2021-01-13,505,378875,98,41
704,Что дети стали другими,Felix Haugen,программист,1,TED2020,2020,Online,1,2020-07-01,2021-01-14,1313,816383,301,34
810,Отчего дети определяют будущее,Kira Reyes,физик,1,TED2021,2021,Online,1,2021-01-01,2021-01-17,789,270226,91,26
1162,Что врачи заслуживают внимания,Mira Hassan,архитектор,1,TED2020,2020,Online,1,2020-12-01,2021-01-17,323,3014768,945,25
217,Как дети держат нас вместе,Zoe Haugen,астроном,1,TED2020,2020,Online,1,2020-12-26,2021-01-26,941,286216,99,25
1059,Почему время молчат,Lucia Kaplan,экономист,1,TED2020,2020,Online,1,2020-11-19,2021-02-01,593,627286,62,19
2448,"Что семьи опаснее, чем принято думать",Felix Kaplan,экономист,1,TED2020,2020,Online,1,2020-10-03,2021-02-01,267,2376681,212,37
1953,Каким образом музыка стоят дороже,Elif Hassan,инженер,1,TED2020,2020,Online,1,2020-12-13,2021-02-02,425,1001828,381,19
6,Почему выборы определяют будущее,Kira Hassan,физик,1,TED2021,2021,Online,1,2021-01-02,2021-02-03,871,789944,160,18
712,Что мы меняют всё,Emma Nakamura,философ,1,TED2020,2020,Online,1,2020-09-15,2021-02-05,955,2886652,253,27
1957,Как суды не работают,Samir Reyes,режиссёр,1,TED2020,2020,Online,1,2020-12-16,2021-02-07,1098,11505686,3505,21
166,Как почва решают за нас,Sara Adeyemi,педагог,1,TED2020,2020,Online,1,2020-10-24,2021-02-09,911,216970,22,16
452,Отчего привычки стоят дороже,Aisha Adeyemi,,1,TED2020,2020,Online,1,2020-12-26,2021-02-11,389,2254145,387,32
1690,Что привычки зависят от нас,Zoe Castillo,,1,TED2020,2020,Online,1,2020-12-17,2021-02-21,656,1331993,387,11
510,Каким образом язык исчезают,Carlos Fischer,инженер,1,TED2021,2021,Online,1,2021-02-14,2021-02-25,889,279495,59,29
1880,Зачем язык определяют будущее,Sara Berger,врач,2,TED2021,2021,Online,1,2021-01-13,2021-03-08,1270,1662393,228,42
778,Почему музыка меняют всё,Liam Hassan,архитектор,1,TED2020,2020,Online,1,2020-12-07,2021-03-18,1016,2680402,233,41
446,Отчего страх заслуживают внимания,Kira Fischer,философ,1,TED2021,2021,Online,1,2021-01-26,2021-03-25,868,2307968,216,30
1919,Отчего привычки меняют всё,Zoe Castillo,художник,1,TED2021,2021,Online,1,2021-01-05,2021-03-26,1140,1311276,189,36
2402,Как океан работают против нас,Yuki Ferrari,астроном,1,TED2020,2020,Online,1,2020-11-06,2021-03-28,1326,2226085,195,27
1225,Зачем деньги говорят правду,David Castillo,,1,TED2020,2020,Online,1,2020-10-15,2021-04-05,325,3403510,537,24
967,Каким образом космос молчат,Elif Bauer,режиссёр,2,TED2021,2021,Online,1,2021-02-15,2021-04-15,908,2757058,399,42
1992,Отчего бактерии требуют пересмотра,Kira Nakamura,историк,1,TED2020,2020,Online,1,2020-11-05,2021-04-18,445,11984431,1277,18
2348,Что климат говорят правду,Samir Fischer,режиссёр,1,TED2021,2021,Online,1,2021-02-23,2021-04-18,614,1279414,217,7
2371,Отчего выборы стали другими,Maria Reyes,инженер,3,TED2020,2020,Online,1,2020-12-03,2021-04-21,223,2144988,263,13
748,Почему архитектура зависят от нас,Yuki Okafor,инженер,3,TED2020,2020,Online,1,2020-11-21,2021-04-24,1024,796094,255,19
614,Отчего данные говорят правду,Mira Kowalski,художник,1,TED2020,2020,Online,1,2020-11-27,2021-04-25,265,916421,184,34
190,Зачем суды держат нас вместе,Yuki Petrov,,1,TED2021,2021,Online,1,2021-04-15,2021-04-30,640,164648,14,22
1586,Зачем доверие не работают,Jonas Vargas,режиссёр,1,TED2021,2021,Online,1,2021-01-04,2021-05-06,1071,449543,43,18
1524,Что климат стоят дороже,Samir Moreau,юрист,1,TED2021,2021,Online,1,2021-01-28,2021-05-11,424,368400,38,32
2138,Почему города требуют пересмотра,Noah Kaplan,журналист,1,TED2021,2021,Online,1,2021-04-23,2021-05-11,297,14075704,1847,35
2636,Каким образом выборы зависят от нас,Ana Ferrari,антрополог,1,TED2021,2021,Online,1,2021-01-04,2021-05-11,1141,1643368,372,15
466,Зачем океан заслуживают внимания,Sara Kaplan,биолог,1,TED2021,2021,Online,1,2021-01-28,2021-05-16,1041,261768,27,37
408,Каким образом мы исчезают,Jonas Fischer,экономист,1,TED2020,2020,Online,1,2020-12-14,2021-05-25,896,1090213,210,46
304,Каким образом семьи зависят от нас,Tom Moreau,музыкант,1,TED2021,2021,Online,1,2021-05-05,2021-05-26,385,804428,77,32
2563,Почему время возвращаются,Ravi Berger,экономист,1,TED2021,2021,Online,1,2021-05-16,2021-05-26,594,557058,49,25
1980,Зачем доверие работают против нас,Zoe Meyer,нейробиолог,1,TED2021,2021,Online,1,2021-04-23,2021-05-27,437,837297,102,16
427,"Зачем семьи опаснее, чем принято думать",Lucia Vargas,архитектор,2,TED2021,2021,Online,1,2021-04-20,2021-05-31,716,555138,55,25
2191,Почему вирусы стоят дороже,Yuki Kowalski,юрист,1,TED2021,2021,Online,1,2021-02-22,2021-06-03,561,452180,105,33
2473,"Отчего суды важнее, чем кажется",Yuki Vargas,активист,1,TED2021,2021,Online,1,2021-04-22,2021-06-14,369,3438460,487,30
2483,Как архитектура недооценены,Daniel Castillo,инженер,1,TED2021,2021,Online,1,2021-04-01,2021-06-15,339,2067360,427,16
2658,Каким образом врачи устроены не так,Ines Kowalski,философ,1,TED2021,2021,Online,1,2021-03-28,2021-06-26,879,593253,49,25
1381,Что дети говорят правду,Felix Iversen,программист,1,TED2020,2020,Online,1,2020-12-26,2021-06-30,624,2374638,447,23
1920,Почему одиночество нуждаются в защите,Daniel Nilsen,инженер,1,TED2021,2021,Online,1,2021-03-22,2021-07-01,826,1582674,310,23
1548,Отчего вода определяют будущее,Iris Hassan,,1,TED2021,2021,Online,1,2021-02-21,2021-07-03,697,2015165,183,45
1171,Почему нейросети стоят дороже,Elif Ferrari,врач,1,TED2021,2021,Online,1,2021-05-22,2021-07-05,551,3425660,529,29
595,Каким образом язык меняют всё,Tom Silva,художник,1,TED2021,2021,Online,1,2021-02-02,2021-07-09,718,336443,32,37
1104,Как гены зависят от нас,David Ferrari,экономист,2,TED2021,2021,Online,1,2021-02-13,2021-07-15,891,1914264,544,27
813,Что эмоции заслуживают внимания,Elif Castillo,писатель,1,TED2021,2021,Online,1,2021-03-20,2021-07-21,1179,641806,67,39
1093,Зачем города устроены не так,Aisha Ferrari,юрист,1,TED2021,2021,Online,1,2021-07-14,2021-08-04,714,992332,173,39
2217,Зачем данные работают против нас,Carlos Vargas,,1,TED2021,2021,Online,1,2021-06-19,2021-08-04,818,6796946,610,40
1401,Каким образом леса обманывают нас,Zoe Nakamura,,1,TED2021,2021,Online,1,2021-05-05,2021-08-05,1145,1571561,421,31
1463,Как климат работают против нас,Ravi Fischer,режиссёр,1,TED2021,2021,Online,1,2021-02-17,2021-08-10,760,20655285,2119,15
1011,"Зачем дети важнее, чем кажется",Elif Moreau,,1,TED2021,2021,Online,1,2021-02-18,2021-08-16,915,3707770,449,45
2539,Зачем данные не работают,Noah Castillo,писатель,1,TED2021,2021,Online,1,2021-02-20,2021-08-16,977,637808,55,24
1864,Отчего энергия заслуживают внимания,Samir Kowalski,писатель,1,TED2021,2021,Online,1,2021-05-08,2021-08-21,1137,845952,75,23
628,Отчего работа меняют всё,Kira Kowalski,педагог,1,TED2021,2021,Online,1,2021-02-19,2021-08-23,821,608445,134,20
980,Каким образом врачи работают против нас,Zoe Hassan,музыкант,1,TED2021,2021,Online,1,2021-02-26,2021-08-29,1104,2839999,272,32
594,Отчего города решают за нас,Sara Meyer,,1,TED2021,2021,Online,1,2021-06-08,2021-08-30,995,4335981,865,36
1003,Отчего медицина говорят правду,Ana Iversen,юрист,1,TED2021,2021,Online,1,2021-02-12,2021-08-30,335,3164174,284,38
564,Что семьи устроены не так,Samir Petrov,художник,1,TED2021,2021,Online,1,2021-02-26,2021-09-09,245,1271327,359,29
2434,Отчего города стали другими,Mira Hassan,эколог,1,TED2021,2021,Online,1,2021-03-10,2021-09-09,752,2852641,317,28
1882,Каким образом доверие решают за нас,Jonas Lindqvist,активист,1,TED2021,2021,Online,1,2021-06-01,2021-09-12,509,1199273,458,35
179,Зачем одиночество возвращаются,Samir Nilsen,журналист,1,TED2021,2021,Online,1,2021-08-06,2021-09-13,383,12841910,3839,25
27,Каким образом роботы стоят дороже,David Ferrari,биолог,3,TED2021,2021,Online,1,2021-05-18,2021-09-14,850,426682,74,39
1608,"Что данные опаснее, чем принято думать",Aisha Kaplan,журналист,1,TED2021,2021,Online,1,2021-08-16,2021-09-18,1115,231738,33,24
2517,Что почва решают за нас,Lena Berger,режиссёр,1,TED2021,2021,Online,1,2021-08-10,2021-09-27,602,5986035,1009,23
2491,Что одиночество не работают,Ravi Kaplan,предприниматель,1,TED2021,2021,Online,1,2021-09-17,2021-10-01,370,1153356,317,20
188,"Что старение важнее, чем кажется",Noah Almeida,журналист,1,TED2021,2021,Online,1,2021-03-18,2021-10-02,920,214374,18,20
222,Как архитектура решают за нас,Liam Iversen,антрополог,1,TED2021,2021,Online,1,2021-09-08,2021-10-07,988,4305005,567,35
1353,Отчего память решают за нас,Maria Nilsen,художник,1,TED2021,2021,Online,1,2021-07-22,2021-10-08,1240,983096,415,27
576,"Что океан сложнее, чем выглядят",Maria Hassan,эколог,1,TED2021,2021,Online,1,2021-08-18,2021-10-11,442,2369915,247,27
690,Как память не работают,Kira Lindqvist,художник,1,TED2021,2021,Online,1,2021-09-25,2021-10-19,578,962215,126,20
2503,Отчего леса стали другими,Sara Nakamura,нейробиолог,1,TED2021,2021,Online,1,2021-05-25,2021-10-21,522,1579683,323,9
1693,Зачем роботы решают за нас,Yuki Meyer,инженер,2,TED2021,2021,Online,1,2021-09-23,2021-10-24,351,11184441,3050,35
2035,Как города требуют пересмотра,Ravi Castillo,юрист,1,TED2021,2021,Online,1,2021-04-14,2021-10-26,944,1752813,402,31
1112,Каким образом энергия не работают,Ana Fischer,писатель,1,TED2021,2021,Online,1,2021-06-20,2021-10-28,826,1400520,223,24
826,Зачем врачи молчат,Omar Petrov,врач,1,TED2021,2021,Online,1,2021-08-26,2021-10-30,822,8282869,1128,46
1929,Зачем привычки возвращаются,Mira Ferrari,биолог,1,TED2021,2021,Online,1,2021-07-22,2021-10-30,1078,537455,76,28
575,Каким образом города исчезают,Daniel Kaplan,,1,TED2021,2021,Online,1,2021-05-22,2021-10-31,327,315405,109,3
491,Что роботы не работают,Maria Silva,антрополог,1,TED2021,2021,Online,1,2021-06-05,2021-11-02,460,8210680,1118,19
1184,Почему нейросети требуют пересмотра,John Reyes,музыкант,1,TED2021,2021,Online,1,2021-07-05,2021-11-02,342,5441417,1678,28
122,Что архитектура требуют пересмотра,Sara Silva,врач,1,TED2021,2021,Online,1,2021-06-15,2021-11-06,357,2396586,251,45
1583,Как дети устроены не так,Samir Iversen,юрист,1,TED2021,2021,Online,1,2021-08-12,2021-11-28,268,7776327,986,50
1,"Что доверие сложнее, чем выглядят",Ravi Okafor,антрополог,1,TED2021,2021,Online,1,2021-08-25,2021-11-29,811,875794,216,45
2444,Что космос стали другими,Liam Nakamura,астроном,1,TED2021,2021,Online,1,2021-08-08,2021-12-04,483,609687,60,19
1814,Как эмоции меняют всё,David Hassan,эколог,1,TED2021,2021,Online,1,2021-08-10,2021-12-05,474,5632711,922,37
787,Как границы нуждаются в защите,Carlos Adeyemi,режиссёр,1,TED2021,2021,Online,1,2021-06-24,2021-12-09,1403,5196869,2051,13
38,Зачем эмоции недооценены,Lucia Petrov,музыкант,1,TED2021,2021,Online,1,2021-07-21,2021-12-11,696,4236579,434,52
500,Почему деньги недооценены,Iris Lindqvist,биолог,1,TED2021,2021,Online,1,2021-08-13,2021-12-12,434,985281,99,50
1928,Почему выборы устроены не так,Alex Adeyemi,музыкант,1,TED2021,2021,Online,1,2021-09-15,2021-12-20,430,9049222,1084,38
837,"Отчего космос важнее, чем кажется",Lena Castillo,активист,1,TED2021,2021,Online,1,2021-07-10,2021-12-22,1283,252385,21,25
1362,Зачем деньги устроены не так,Yuki Reyes,,1,TED2021,2021,Online,1,2021-08-14,2022-01-03,805,589214,77,34
646,Почему вода меняют всё,Daniel Novak,нейробиолог,1,TED2021,2021,Online,1,2021-11-05,2022-01-05,860,1027801,133,19
2462,Отчего леса обманывают нас,Mira Meyer,активист,1,TED2021,2021,Online,1,2021-07-08,2022-01-16,339,1143402,142,29
2207,Почему реки возвращаются,Aisha Castillo,антрополог,1,TED2021,2021,Online,1,2021-11-18,2022-01-20,790,1314042,225,49
1800,Что мы держат нас вместе,Noah Fischer,инженер,3,TED2021,2021,Online,1,2021-10-02,2022-02-01,227,1720907,484,17
1689,Каким образом гены нуждаются в защите,Ravi Berger,предприниматель,1,TED2021,2021,Online,1,2021-10-12,2022-02-07,505,1496877,209,48
1974,Отчего доверие зависят от нас,Samir Hassan,математик,1,TED2021,2021,Online,1,2021-09-01,2022-02-09,755,990258,351,29
114,Что одиночество заслуживают внимания,Iris Hassan,экономист,1,TED2021,2021,Online,1,2021-11-01,2022-02-10,254,11491001,2207,19
1939,Что эмоции говорят правду,Emma Meyer,экономист,3,TED2021,2021,Online,1,2021-11-02,2022-02-10,971,974699,87,27
1596,Что реки исчезают,Ana Kowalski,историк,1,TED2021,2021,Online,1,2021-11-26,2022-02-20,469,7168175,1529,11
836,Отчего космос нуждаются в защите,Felix Kaplan,историк,1,TED2022,2022,Vancouver,1,2022-01-09,2022-03-10,733,1122380,137,13
2208,Почему энергия стали другими,Iris Nilsen,музыкант,1,TED2021,2021,Online,1,2021-10-15,2022-03-10,725,13224487,1174,36
1297,Зачем доверие заслуживают внимания,Lena Kowalski,художник,1,TED2021,2021,Online,1,2021-10-03,2022-03-14,1214,1136072,112,40
1966,"Зачем семьи сложнее, чем выглядят",Mira Okafor,психолог,1,TED2022,2022,Vancouver,1,2022-01-26,2022-03-16,952,436429,80,24
146,Что нейросети держат нас вместе,Elif Nakamura,предприниматель,1,TED2022,2022,Vancouver,1,2022-03-16,2022-03-26,1213,818007,100,30
955,Отчего эмоции молчат,Omar Reyes,программист,1,TED2022,2022,Vancouver,1,2022-02-15,2022-03-26,898,531346,70,48
831,Зачем язык работают против нас,Tom Hassan,психолог,1,TED2022,2022,Vancouver,1,2022-01-01,2022-03-27,1313,2002311,283,49
1546,Отчего мозг устроены не так,Sara Haugen,инженер,1,TED2021,2021,Online,1,2021-11-19,2022-03-27,612,4282180,942,7
1652,Как врачи молчат,Felix Castillo,биолог,1,TED2021,2021,Online,1,2021-10-01,2022-03-27,1334,3726624,456,25
1858,Как музыка стоят дороже,David Haugen,педагог,1,TED2022,2022,Vancouver,1,2022-02-22,2022-03-28,527,1253609,355,36
88,Как одиночество решают за нас,Daniel Fischer,архитектор,1,TED2022,2022,Vancouver,1,2022-01-03,2022-04-03,429,916224,197,17
1577,Что бактерии не работают,Mira Dubois,педагог,1,TED2021,2021,Online,1,2021-10-19,2022-04-04,1063,1440223,167,30
2488,Каким образом музыка недооценены,Peter Haugen,предприниматель,1,TED2022,2022,Vancouver,1,2022-02-26,2022-04-09,1069,2781462,267,18
868,Почему алгоритмы устроены не так,Daniel Lindqvist,художник,1,TED2022,2022,Vancouver,1,2022-01-04,2022-04-10,349,564154,87,45
1125,Зачем города обманывают нас,Carlos Okafor,физик,1,TED2021,2021,Online,1,2021-11-05,2022-04-12,634,4361094,1748,1
998,Почему память определяют будущее,Ines Adeyemi,экономист,2,TED2022,2022,Vancouver,1,2022-03-22,2022-04-29,234,2396347,223,23
2593,Почему океан нуждаются в защите,Hugo Dubois,писатель,1,TED2022,2022,Vancouver,1,2022-02-12,2022-04-29,656,5253748,673,27
1247,Каким образом почва работают против нас,Ines Bauer,активист,1,TED2021,2021,Online,1,2021-10-20,2022-05-07,563,955664,113,32
2558,Почему вирусы не работают,Felix Kowalski,дизайнер,1,TED2022,2022,Vancouver,1,2022-04-03,2022-05-17,732,1573714,172,40
989,Как мозг держат нас вместе,Hugo Haugen,режиссёр,1,TED2022,2022,Vancouver,1,2022-05-02,2022-05-18,1444,1958196,300,11
2278,"Зачем медицина опаснее, чем принято думать",David Silva,режиссёр,2,TED2021,2021,Online,1,2021-11-19,2022-05-21,936,1570797,138,45
2445,Зачем леса возвращаются,Carlos Dubois,журналист,1,TED2022,2022,Vancouver,1,2022-02-19,2022-05-28,389,631733,207,28
2549,Каким образом доверие возвращаются,Tom Fischer,физик,1,TED2021,2021,Online,1,2021-12-02,2022-06-06,1310,2701349,288,35
44,Почему медицина стоят дороже,Samir Iversen,активист,1,TED2022,2022,Vancouver,1,2022-05-05,2022-06-07,551,1882762,252,32
2266,"Отчего старение важнее, чем кажется",Nora Kowalski,астроном,1,TED2022,2022,Vancouver,1,2022-02-15,2022-06-12,759,6703608,730,17
1631,Как музыка исчезают,Carlos Petrov,эколог,1,TED2022,2022,Vancouver,1,2022-03-05,2022-06-17,1221,107548,12,25
1092,Каким образом одиночество исчезают,Samir Dubois,писатель,1,TED2022,2022,Vancouver,1,2022-03-05,2022-06-24,889,4878796,490,35
2273,Почему леса не работают,Omar Iversen,философ,2,TED2022,2022,Vancouver,1,2022-01-06,2022-07-09,1252,633234,57,19
1084,Зачем города стали другими,Kira Ferrari,педагог,1,TED2022,2022,Vancouver,1,2022-01-09,2022-07-10,577,3899618,1378,30
1002,Каким образом мы говорят правду,Peter Nilsen,архитектор,1,TED2022,2022,Vancouver,1,2022-01-16,2022-07-16,323,790534,88,47
1425,Отчего одиночество нуждаются в защите,Aisha Iversen,биолог,1,TED2022,2022,Vancouver,1,2022-06-24,2022-07-19,206,141590,18,45
1802,"Что работа опаснее, чем принято думать",Elif Adeyemi,психолог,1,TED2022,2022,Vancouver,1,2022-06-27,2022-07-24,376,12424709,1224,43
1602,Каким образом гены заслуживают внимания,Liam Silva,писатель,1,TED2022,2022,Vancouver,1,2022-06-22,2022-07-30,353,1161584,186,24
2692,Каким образом бактерии меняют всё,Peter Fischer,юрист,1,TED2022,2022,Vancouver,1,2022-05-19,2022-08-06,288,1676029,182,41
1286,Каким образом эмоции зависят от нас,Nora Novak,юрист,1,TED2022,2022,Vancouver,1,2022-03-13,2022-08-12,798,1017304,175,15
2159,Почему архитектура возвращаются,Yuki Silva,экономист,1,TED2022,2022,Vancouver,1,2022-08-04,2022-08-16,921,1036758,135,32
2360,"Что школы опаснее, чем принято думать",Kira Adeyemi,программист,2,TED2022,2022,Vancouver,1,2022-06-21,2022-08-19,183,3361643,306,43
2406,Отчего мозг не работают,Carlos Lindqvist,психолог,1,TED2022,2022,Vancouver,1,2022-05-06,2022-08-20,355,1252168,217,43
1553,Зачем космос нуждаются в защите,Jonas Castillo,юрист,1,TED2022,2022,Vancouver,1,2022-05-03,2022-08-21,1192,86782,7,27
2037,Как почва стали другими,Omar Adeyemi,журналист,1,TED2022,2022,Vancouver,1,2022-07-12,2022-08-21,297,2336509,683,20
2118,Почему гены заслуживают внимания,Kira Novak,режиссёр,1,TED2022,2022,Vancouver,1,2022-08-03,2022-08-24,654,2202537,330,26
454,Зачем суды стоят дороже,Ana Silva,врач,1,TED2022,2022,Vancouver,1,2022-07-10,2022-08-25,944,430216,50,10
624,Как память решают за нас,Maria Lindqvist,математик,1,TED2022,2022,Vancouver,1,2022-06-28,2022-09-05,224,2888507,264,31
665,Отчего леса заслуживают внимания,Ravi Reyes,антрополог,1,TED2022,2022,Vancouver,1,2022-05-18,2022-09-07,260,470887,63,41
515,Зачем старение не работают,Ana Ferrari,врач,1,TED2022,2022,Vancouver,1,2022-05-09,2022-09-10,471,2232038,242,43
1815,Как врачи работают против нас,Omar Fischer,дизайнер,1,TED2022,2022,Vancouver,1,2022-04-17,2022-09-10,348,1014943,104,31
582,Почему деньги решают за нас,Lucia Petrov,архитектор,1,TED2022,2022,Vancouver,1,2022-08-07,2022-09-11,734,1428057,244,41
70,Каким образом леса зависят от нас,Lena Nakamura,архитектор,1,TED2022,2022,Vancouver,1,2022-07-14,2022-09-14,703,45808,4,19
1427,Что язык решают за нас,Hugo Iversen,активист,1,TED2022,2022,Vancouver,1,2022-04-28,2022-09-27,896,5673303,785,31
1082,Почему память устроены не так,Iris Bauer,режиссёр,1,TED2022,2022,Vancouver,1,2022-03-18,2022-09-30,802,94351,10,24
1228,Что работа меняют всё,Noah Kowalski,педагог,1,TED2022,2022,Vancouver,1,2022-06-07,2022-09-30,917,345271,32,45
307,Почему данные заслуживают внимания,Emma Reyes,физик,1,TED2022,2022,Vancouver,1,2022-08-23,2022-10-02,882,3564873,371,27
2490,Что медицина устроены не так,Liam Kaplan,дизайнер,1,TED2022,2022,Vancouver,1,2022-05-18,2022-10-08,335,1589542,246,27
1479,Почему работа недооценены,Lucia Haugen,программист,2,TED2022,2022,Vancouver,1,2022-09-23,2022-10-14,608,2287229,504,17
36,Отчего океан зависят от нас,Aisha Okafor,писатель,1,TED2022,2022,Vancouver,1,2022-08-21,2022-10-17,951,121509,24,40
1232,Что границы обманывают нас,Jonas Nakamura,физик,1,TED2022,2022,Vancouver,1,2022-04-05,2022-10-19,368,796842,114,40
1738,Отчего страх исчезают,Yuki Petrov,писатель,1,TED2022,2022,Vancouver,1,2022-08-15,2022-10-21,854,2425873,425,31
563,Зачем мозг возвращаются,Aisha Nilsen,биолог,1,TED2022,2022,Vancouver,1,2022-09-01,2022-10-23,918,373194,66,46
295,Что почва стали другими,Kira Dubois,писатель,1,TED2022,2022,Vancouver,1,2022-06-15,2022-10-27,397,341054,29,25
41,Отчего нейросети устроены не так,Sara Nakamura,астроном,2,TED2022,2022,Vancouver,1,2022-05-26,2022-11-05,825,285375,80,43
2281,"Каким образом реки важнее, чем кажется",Jonas Kaplan,программист,1,TED2022,2022,Vancouver,1,2022-05-01,2022-11-05,637,545693,50,31
1984,Зачем климат возвращаются,Zoe Kowalski,математик,1,TED2022,2022,Vancouver,1,2022-07-03,2022-11-06,1067,4347238,1330,28
783,Каким образом почва молчат,Jonas Dubois,астроном,1,TED2022,2022,Vancouver,1,2022-06-09,2022-11-10,367,1263270,267,45
1672,Отчего медицина обманывают нас,Lena Iversen,историк,1,TED2022,2022,Vancouver,1,2022-09-21,2022-11-10,614,1347420,151,25
1263,Почему границы зависят от нас,Tom Berger,режиссёр,1,TED2022,2022,Vancouver,1,2022-06-07,2022-11-12,642,308882,71,48
2215,Как почва работают против нас,Iris Iversen,программист,1,TED2022,2022,Vancouver,1,2022-06-02,2022-11-22,327,683952,72,10
2049,Как врачи не работают,Daniel Silva,программист,1,TED2022,2022,Vancouver,1,2022-08-21,2022-11-25,416,3021634,583,16
415,"Отчего работа важнее, чем кажется",Ana Kaplan,астроном,1,TED2022,2022,Vancouver,1,2022-10-17,2022-12-14,1016,490205,142,32
1967,Зачем данные требуют пересмотра,Sara Fischer,эколог,1,TED2022,2022,Vancouver,1,2022-09-26,2022-12-14,794,1920193,481,21
1319,Как доверие заслуживают внимания,Emma Petrov,предприниматель,1,TED2022,2022,Vancouver,1,2022-06-05,2022-12-20,490,388627,51,30
14,Отчего музыка устроены не так,Nora Moreau,эколог,1,TED2022,2022,Vancouver,1,2022-08-09,2022-12-24,285,1339723,199,39
174,Почему энергия исчезают,Iris Petrov,дизайнер,1,TED2022,2022,Vancouver,1,2022-07-12,2022-12-29,1341,676444,78,18
1161,Зачем музыка нуждаются в защите,Nora Iversen,инженер,1,TED2022,2022,Vancouver,1,2022-07-18,2022-12-29,356,1245253,222,22
305,Зачем привычки меняют всё,Ines Okafor,музыкант,1,TED2022,2022,Vancouver,1,2022-11-20,2022-12-30,756,261178,74,27
1355,Зачем космос определяют будущее,Aisha Petrov,дизайнер,1,TED2022,2022,Vancouver,1,2022-12-20,2023-01-03,663,285309,47,28
2121,Как города молчат,Aisha Reyes,,1,TED2022,2022,Vancouver,1,2022-09-09,2023-01-06,330,1914251,788,24
975,Отчего эмоции устроены не так,Felix Meyer,астроном,1,TED2022,2022,Vancouver,1,2022-07-24,2023-01-11,696,4514243,708,41
1518,"Каким образом время сложнее, чем выглядят",Elif Meyer,писатель,1,TED2022,2022,Vancouver,1,2022-12-06,2023-01-12,840,71052,30,29
1735,Каким образом музыка устроены не так,Kira Okafor,дизайнер,1,TED2022,2022,Vancouver,1,2022-07-11,2023-01-17,1271,2965026,267,1
802,Отчего архитектура зависят от нас,Nora Castillo,,1,TED2022,2022,Vancouver,1,2022-09-24,2023-01-21,1039,852092,159,52
2393,Как архитектура возвращаются,David Haugen,музыкант,1,TED2022,2022,Vancouver,1,2022-09-10,2023-01-21,733,2124088,524,21
643,Почему роботы решают за нас,Nora Meyer,антрополог,1,TED2022,2022,Vancouver,1,2022-10-27,2023-01-24,1177,217293,34,22
1944,Зачем память меняют всё,Iris Almeida,педагог,1,TED2022,2022,Vancouver,1,2022-10-17,2023-01-26,362,215414,48,32
1948,Отчего язык держат нас вместе,Lena Vargas,режиссёр,1,TED2022,2022,Vancouver,1,2022-10-04,2023-01-26,763,1421331,312,42
1603,Что школы нуждаются в защите,Noah Iversen,писатель,1,TED2022,2022,Vancouver,1,2022-11-27,2023-01-27,872,881514,294,44
1209,"Отчего вода сложнее, чем выглядят",Alex Okafor,педагог,1,TED2022,2022,Vancouver,1,2022-09-14,2023-01-28,429,2683399,267,43
224,Что суды решают за нас,Jonas Novak,программист,1,TED2022,2022,Vancouver,1,2022-10-15,2023-01-29,362,510305,97,22
710,Каким образом одиночество требуют пересмотра,Aisha Almeida,музыкант,1,TED2022,2022,Vancouver,1,2022-12-20,2023-01-30,837,571234,80,37
2230,Отчего привычки держат нас вместе,Noah Kowalski,инженер,1,TED2022,2022,Vancouver,1,2022-08-15,2023-02-01,701,486259,54,18
2120,Каким образом музыка требуют пересмотра,Elif Berger,биолог,1,TED2022,2022,Vancouver,1,2022-09-14,2023-02-06,1193,2297789,351,47
2635,Почему почва требуют пересмотра,Zoe Novak,художник,1,TED2022,2022,Vancouver,1,2022-10-04,2023-02-06,1019,2049208,227,25
2418,Как архитектура меняют всё,Ravi Meyer,астроном,1,TED2022,2022,Vancouver,1,2022-11-27,2023-02-07,354,1691872,353,48
1122,Почему одиночество недооценены,Felix Vargas,программист,1,TED2023,2023,Vancouver,1,2023-01-02,2023-02-12,774,1114821,113,18
641,Каким образом время требуют пересмотра,John Lindqvist,педагог,2,TED2022,2022,Vancouver,1,2022-12-08,2023-02-20,959,2015043,229,28
1406,Что школы исчезают,Samir Nakamura,программист,1,TED2022,2022,Vancouver,1,2022-11-26,2023-02-23,720,524854,56,20
1983,"Как выборы сложнее, чем выглядят",Yuki Hassan,режиссёр,1,TED2022,2022,Vancouver,1,2022-09-01,2023-02-23,988,3146842,515,36
726,Каким образом семьи решают за нас,Noah Moreau,художник,1,TED2022,2022,Vancouver,1,2022-10-10,2023-02-25,774,1052473,117,21
2612,Отчего вода зависят от нас,Ines Reyes,музыкант,1,TED2022,2022,Vancouver,1,2022-10-03,2023-03-08,567,500241,173,38
2734,"Каким образом города важнее, чем кажется",Kira Haugen,инженер,1,TED2023,2023,Vancouver,1,2023-01-12,2023-03-13,1266,118586,35,37
1063,Что данные стали другими,Omar Silva,математик,1,TED2022,2022,Vancouver,1,2022-12-14,2023-03-14,928,607354,132,30
1021,Зачем бактерии обманывают нас,Sara Kowalski,предприниматель,1,TED2023,2023,Vancouver,1,2023-02-15,2023-03-23,398,198378,16,22
1039,Каким образом энергия нуждаются в защите,Daniel Novak,юрист,1,TED2022,2022,Vancouver,1,2022-11-07,2023-03-30,647,738879,90,22
1982,"Что одиночество важнее, чем кажется",Nora Castillo,физик,1,TED2023,2023,Vancouver,1,2023-02-28,2023-03-31,1017,18897568,3674,31
992,Зачем привычки не работают,Ravi Fischer,врач,1,TED2022,2022,Vancouver,1,2022-10-14,2023-04-02,803,1422824,508,31
1095,"Как почва опаснее, чем принято думать",Noah Castillo,,1,TED2023,2023,Vancouver,1,2023-01-17,2023-04-02,711,184340,21,19
1778,Отчего города меняют всё,Kira Novak,инженер,2,TED2022,2022,Vancouver,1,2022-10-08,2023-04-02,754,3577498,727,25
290,Отчего страх обманывают нас,Jonas Nakamura,экономист,1,TED2022,2022,Vancouver,1,2022-10-19,2023-04-04,325,297850,47,33
1549,Зачем доверие молчат,Tom Kowalski,философ,1,TED2022,2022,Vancouver,1,2022-09-18,2023-04-06,382,454112,70,38
437,"Почему сон опаснее, чем принято думать",Hugo Reyes,психолог,1,TED2022,2022,Vancouver,1,2022-10-25,2023-04-20,1055,3364615,737,38
167,Почему выборы недооценены,Noah Kaplan,журналист,1,TED2023,2023,Vancouver,1,2023-01-14,2023-04-21,1097,543741,54,55
103,Зачем мы заслуживают внимания,Yuki Reyes,эколог,1,TED2023,2023,Vancouver,1,2023-01-17,2023-04-22,406,519646,62,14
1217,"Каким образом реки опаснее, чем принято думать",Alex Vargas,дизайнер,1,TED2023,2023,Vancouver,1,2023-02-14,2023-04-22,1375,733818,62,40
2594,"Что границы сложнее, чем выглядят",Yuki Reyes,биолог,1,TED2023,2023,Vancouver,1,2023-02-06,2023-04-27,1123,479406,54,33
731,Каким образом одиночество нуждаются в защите,Zoe Petrov,психолог,1,TED2023,2023,Vancouver,1,2023-02-14,2023-04-30,264,1282373,196,12
2405,Почему леса зависят от нас,David Nilsen,психолог,1,TED2023,2023,Vancouver,1,2023-01-18,2023-05-02,264,686769,287,39
2043,Как одиночество заслуживают внимания,Ines Nilsen,журналист,1,TED2022,2022,Vancouver,1,2022-11-05,2023-05-05,1115,4162051,1463,32
2446,Что работа возвращаются,Yuki Hassan,нейробиолог,1,TED2023,2023,Vancouver,1,2023-03-26,2023-05-08,120,1051114,163,42
2024,Почему почва молчат,Aisha Nakamura,психолог,1,TED2023,2023,Vancouver,1,2023-04-17,2023-05-12,702,127113,14,37
2172,Как мозг обманывают нас,Tom Castillo,педагог,1,TED2022,2022,Vancouver,1,2022-12-26,2023-05-13,936,215151,22,33
1117,Зачем энергия нуждаются в защите,David Castillo,экономист,1,TED2023,2023,Vancouver,1,2023-02-07,2023-05-19,934,1353951,215,36
1043,"Каким образом старение сложнее, чем выглядят",Ana Castillo,журналист,1,TED2023,2023,Vancouver,1,2023-01-10,2023-05-22,857,7059534,1738,24
2098,Как время говорят правду,Lucia Novak,художник,1,TED2023,2023,Vancouver,1,2023-03-18,2023-06-08,285,1402657,477,51
1798,Почему границы не работают,Zoe Reyes,музыкант,1,TED2023,2023,Vancouver,1,2023-01-04,2023-06-11,887,2072382,210,37
2204,"Отчего роботы сложнее, чем выглядят",Tom Lindqvist,писатель,1,TED2023,2023,Vancouver,1,2023-04-15,2023-06-15,329,4493945,1318,7
1811,Как города возвращаются,Hugo Nakamura,инженер,1,TED2023,2023,Vancouver,1,2023-04-06,2023-06-17,712,4446818,761,40
331,Каким образом привычки говорят правду,Hugo Meyer,режиссёр,1,TED2023,2023,Vancouver,1,2023-03-04,2023-06-18,744,1045354,130,39
1482,Каким образом нейросети работают против нас,Ana Okafor,юрист,1,TED2023,2023,Vancouver,1,2023-03-21,2023-06-19,0,454966,57,19
540,Отчего нейросети стали другими,Ravi Adeyemi,режиссёр,1,TED2023,2023,Vancouver,1,2023-02-17,2023-06-21,796,846946,127,31
256,Отчего время нуждаются в защите,Samir Meyer,режиссёр,1,TED2023,2023,Vancouver,1,2023-02-15,2023-06-24,1230,347898,106,38
240,"Как роботы важнее, чем кажется",Yuki Nilsen,писатель,1,TED2023,2023,Vancouver,1,2023-02-11,2023-07-03,573,632078,139,34
1346,"Зачем реки опаснее, чем принято думать",Samir Kaplan,психолог,1,TED2023,2023,Vancouver,1,2023-01-03,2023-07-04,805,237961,20,21
2318,Как леса зависят от нас,Noah Berger,архитектор,1,TED2023,2023,Vancouver,1,2023-05-05,2023-07-05,1020,1287022,212,16
829,Что музыка требуют пересмотра,Zoe Kowalski,эколог,1,TED2023,2023,Vancouver,1,2023-03-20,2023-07-07,787,523305,158,22
1825,Зачем семьи меняют всё,Sara Almeida,предприниматель,1,TED2023,2023,Vancouver,1,2023-06-07,2023-07-23,1008,8870376,750,26
1120,Каким образом врачи стали другими,Elif Nilsen,юрист,1,TED2023,2023,Vancouver,1,2023-05-21,2023-07-29,373,1689783,196,42
327,Почему язык устроены не так,Hugo Bauer,юрист,1,TED2023,2023,Vancouver,1,2023-02-13,2023-07-30,771,1972147,646,26
25,Зачем врачи держат нас вместе,Liam Moreau,математик,1,TED2023,2023,Vancouver,1,2023-04-01,2023-08-13,322,5370115,480,7
366,Что энергия решают за нас,John Iversen,нейробиолог,1,TED2023,2023,Vancouver,1,2023-04-01,2023-08-18,1315,273090,42,28
1391,Отчего эмоции меняют всё,Ravi Okafor,педагог,1,TED2023,2023,Vancouver,1,2023-03-14,2023-08-21,308,186658,19,36
323,Что доверие требуют пересмотра,Ana Berger,философ,1,TED2023,2023,Vancouver,1,2023-07-01,2023-08-22,191,1340400,130,39
1775,Зачем память исчезают,Lena Berger,антрополог,2,TED2023,2023,Vancouver,1,2023-06-17,2023-08-26,1163,1482061,327,29
1214,Что роботы нуждаются в защите,Lucia Novak,математик,1,TED2023,2023,Vancouver,1,2023-02-23,2023-08-27,991,191027,29,45
320,Зачем старение молчат,Maria Nilsen,писатель,1,TED2023,2023,Vancouver,1,2023-08-04,2023-09-18,742,743254,150,9
2665,Как суды зависят от нас,Liam Iversen,астроном,1,TED2023,2023,Vancouver,1,2023-07-26,2023-09-24,276,368393,32,25
1166,Каким образом суды требуют пересмотра,Mira Bauer,писатель,1,TED2023,2023,Vancouver,1,2023-08-04,2023-09-25,615,195645,19,21
1069,Каким образом океан молчат,Omar Castillo,экономист,1,TED2023,2023,Vancouver,1,2023-05-13,2023-09-29,806,1263645,172,33
1415,Отчего деньги меняют всё,Alex Hassan,писатель,1,TED2023,2023,Vancouver,1,2023-07-26,2023-10-03,450,56777,5,29
1500,Каким образом школы нуждаются в защите,Tom Moreau,психолог,1,TED2023,2023,Vancouver,1,2023-09-16,2023-10-05,1080,336472,129,35
1943,Что дети зависят от нас,Emma Almeida,дизайнер,1,TED2023,2023,Vancouver,1,2023-05-02,2023-10-09,1064,970218,138,45
1350,Что деньги зависят от нас,John Bauer,математик,1,TED2023,2023,Vancouver,1,2023-04-18,2023-10-13,212,1446123,368,36
720,Отчего медицина решают за нас,Jonas Adeyemi,режиссёр,1,TED2023,2023,Vancouver,1,2023-07-05,2023-10-15,539,341834,46,9
2073,"Зачем бактерии важнее, чем кажется",Aisha Iversen,инженер,1,TED2023,2023,Vancouver,1,2023-05-28,2023-10-20,762,832040,179,14
2180,Что работа не работают,John Vargas,математик,1,TED2023,2023,Vancouver,1,2023-10-07,2023-10-21,1028,2969750,1140,27
2186,Отчего вода держат нас вместе,Nora Moreau,программист,1,TED2023,2023,Vancouver,1,2023-07-27,2023-10-30,1061,160410,52,9
2622,Как страх не работают,Ana Novak,дизайнер,1,TED2023,2023,Vancouver,1,2023-09-23,2023-11-07,440,6679646,1488,32
1222,Что алгоритмы устроены не так,Hugo Hassan,предприниматель,1,TED2023,2023,Vancouver,1,2023-08-18,2023-11-08,628,1437674,169,10
12,Что суды заслуживают внимания,Maria Nakamura,математик,1,TED2023,2023,Vancouver,1,2023-11-01,2023-11-14,939,283551,105,51
1854,Что города исчезают,Lucia Nilsen,физик,1,TED2023,2023,Vancouver,1,2023-10-13,2023-11-15,742,2359867,851,17
1702,Почему музыка не работают,Daniel Hassan,педагог,1,TED2023,2023,Vancouver,1,2023-05-06,2023-11-18,805,1817356,354,22
2540,Отчего дети обманывают нас,Iris Adeyemi,активист,1,TED2023,2023,Vancouver,1,2023-05-26,2023-11-18,471,448150,38,18
2338,Почему сон молчат,Liam Kowalski,музыкант,1,TED2023,2023,Vancouver,1,2023-08-14,2023-11-20,702,86634,39,37
1661,Как данные зависят от нас,Ravi Ferrari,биолог,1,TED2023,2023,Vancouver,1,2023-08-05,2023-11-22,428,1830785,286,32
1246,Почему язык зависят от нас,Nora Fischer,историк,1,TED2023,2023,Vancouver,1,2023-07-09,2023-11-26,408,328946,57,27
2723,Отчего границы держат нас вместе,Ines Bauer,юрист,1,TED2023,2023,Vancouver,1,2023-08-15,2023-11-27,542,3589746,524,12
1903,Почему океан говорят правду,David Okafor,биолог,1,TED2023,2023,Vancouver,1,2023-08-05,2023-12-06,776,1174880,263,44
2520,Что память заслуживают внимания,Ravi Novak,режиссёр,1,TED2023,2023,Vancouver,1,2023-10-26,2023-12-10,685,2216537,622,39
823,Каким образом алгоритмы стали другими,Samir Reyes,предприниматель,1,TED2023,2023,Vancouver,1,2023-06-15,2023-12-21,963,877405,289,36
692,Как космос не работают,John Berger,биолог,1,TED2023,2023,Vancouver,1,2023-08-26,2023-12-26,527,2249626,289,23
2447,Зачем выборы обманывают нас,Tom Nakamura,математик,1,TED2023,2023,Vancouver,1,2023-07-08,2023-12-26,345,239767,27,28
878,"Каким образом почва сложнее, чем выглядят",Samir Silva,,1,TED2023,2023,Vancouver,1,2023-07-05,2024-01-02,967,3419191,324,31
102,Отчего старение нуждаются в защите,Zoe Iversen,философ,1,TED2023,2023,Vancouver,1,2023-07-01,2024-01-04,528,112734,11,17
1990,Что доверие возвращаются,Peter Kowalski,астроном,1,TED2023,2023,Vancouver,1,2023-09-06,2024-01-04,592,1996295,313,27
1361,Что климат исчезают,Felix Iversen,журналист,1,TED2023,2023,Vancouver,1,2023-09-01,2024-01-05,1056,612199,71,40
2331,Почему выборы зависят от нас,Maria Meyer,художник,1,TED2023,2023,Vancouver,1,2023-10-28,2024-01-07,574,569478,98,11
729,Зачем память держат нас вместе,Omar Bauer,писатель,1,TED2023,2023,Vancouver,1,2023-09-20,2024-01-11,1293,693002,104,19
543,Как одиночество определяют будущее,Elif Nakamura,,1,TED2023,2023,Vancouver,1,2023-10-14,2024-01-25,381,2495077,592,21
1046,"Как время опаснее, чем принято думать",Ines Iversen,математик,1,TED2023,2023,Vancouver,1,2023-11-25,2024-02-02,255,6437336,708,13
332,Почему доверие работают против нас,Elif Almeida,математик,1,TED2023,2023,Vancouver,1,2023-10-06,2024-02-05,717,4756083,991,20
1712,Почему деньги исчезают,Zoe Berger,философ,1,TED2023,2023,Vancouver,1,2023-10-23,2024-02-05,530,3014676,342,1
2221,Почему границы стали другими,Lena Fischer,,1,TED2023,2023,Vancouver,1,2023-12-22,2024-02-10,345,881074,376,31
299,Что выборы держат нас вместе,Liam Petrov,программист,1,TED2023,2023,Vancouver,1,2023-09-20,2024-02-15,379,434905,55,43
609,Зачем бактерии работают против нас,Lena Nilsen,режиссёр,1,TED2023,2023,Vancouver,1,2023-09-26,2024-02-16,634,966129,208,37
1118,Зачем память требуют пересмотра,Lucia Silva,педагог,1,TED2023,2023,Vancouver,1,2023-11-07,2024-02-22,1179,8128701,723,14
220,Зачем гены стали другими,Iris Dubois,нейробиолог,1,TED2023,2023,Vancouver,1,2023-11-10,2024-02-28,860,1083807,393,22
2247,Отчего энергия устроены не так,Ravi Vargas,физик,1,TED2023,2023,Vancouver,1,2023-09-09,2024-03-03,463,211174,19,19
537,Что память не работают,Alex Lindqvist,психолог,1,TED2023,2023,Vancouver,1,2023-11-04,2024-03-14,887,1026283,288,48
588,Почему космос говорят правду,Liam Ferrari,нейробиолог,1,TED2023,2023,Vancouver,1,2023-09-10,2024-03-21,301,688984,93,27
1390,Что алгоритмы нуждаются в защите,Noah Adeyemi,эколог,1,TED2023,2023,Vancouver,1,2023-09-23,2024-03-22,236,1720755,166,32
52,Отчего космос стали другими,Noah Silva,программист,1,TED2023,2023,Vancouver,1,2023-09-16,2024-03-30,457,4080421,875,50
818,"Каким образом данные важнее, чем кажется",Noah Vargas,,1,TED2023,2023,Vancouver,1,2023-12-01,2024-03-30,373,365040,45,56
1579,"Зачем сон сложнее, чем выглядят",Zoe Hassan,художник,1,TED2023,2023,Vancouver,1,2023-11-03,2024-04-05,278,4439246,681,36
944,Как океан молчат,Nora Lindqvist,программист,1,TED2023,2023,Vancouver,1,2023-12-26,2024-04-20,1137,206714,32,35
2529,Почему границы требуют пересмотра,Emma Meyer,экономист,1,TED2023,2023,Vancouver,1,2023-11-11,2024-04-20,263,1078586,328,56
1971,Что почва требуют пересмотра,Alex Haugen,режиссёр,1,TED2023,2023,Vancouver,1,2023-10-27,2024-05-01,618,862507,216,45
2602,"Как океан важнее, чем кажется",Omar Kaplan,философ,1,TED2023,2023,Vancouver,1,2023-11-14,2024-05-18,1195,2268015,697,42
1371,Каким образом время определяют будущее,Emma Ferrari,математик,1,TED2023,2023,Vancouver,1,2023-12-18,2024-06-10,762,1271787,355,21
