talk_id,tag,category
1,climate change,Экология
1,communication,Образование
1,creativity,Искусство
1,learning,Образование
2,biology,Наука
2,global issues,Общество
2,innovation,Технологии
2,learning,Образование
3,business,Бизнес
3,climate change,Экология
3,economics,Бизнес
3,history,Общество
3,politics,Общество
4,culture,Общество
4,data,Технологии
4,humanity,Общество
4,innovation,Технологии
4,psychology,Общество
5,culture,Общество
5,technology,Технологии
6,architecture,Дизайн
6,health,Здоровье
6,history,Общество
6,politics,Общество
7,climate change,Экология
7,environment,Экология
7,society,Общество
8,art,Искусство
8,science,Наука
8,war,Общество
9,brain,Наука
9,environment,Экология
9,health,Здоровье
9,physics,Наука
9,politics,Общество
10,economics,Бизнес
10,social change,Общество
11,history,Общество
11,humanity,Общество
11,learning,Образование
11,science,Наука
12,climate change,Экология
12,global issues,Общество
12,global issues,Общество
13,internet,Технологии
13,psychology,Общество
13,space,Наука
14,creativity,Искусство
14,innovation,Технологии
14,science,Наука
14,social change,Общество
15,business,Бизнес
15,medicine,Здоровье
15,space,Наука
15,war,Общество
16,architecture,Дизайн
16,artificial intelligence,Технологии
17,education,Образование
17,women,Общество
18,biology,Наука
18,business,Бизнес
18,innovation,Технологии
19,politics,Общество
19,science,Наука
19,social change,Общество
20,future,Технологии
20,psychology,Общество
21,art,Искусство
21,artificial intelligence,Технологии
21,brain,Наука
21,identity,Общество
22,economics,Бизнес
22,future,Технологии
22,storytelling,Искусство
23,artificial intelligence,Технологии
23,education,Образование
23,global issues,Общество
23,society,Общество
24,humanity,Общество
24,space,Наука
25,communication,Образование
25,technology,Технологии
26,identity,Общество
26,medicine,Здоровье
26,physics,Наука
27,innovation,Технологии
28,physics,Наука
29,biology,Наука
29,history,Общество
29,physics,Наука
30,art,Искусство
30,biology,Наука
30,identity,Общество
30,learning,Образование
30,social change,Общество
31,biology,Наука
31,business,Бизнес
31,creativity,Искусство
32,art,Искусство
32,environment,Экология
32,history,Общество
32,physics,Наука
32,psychology,Общество
33,health,Здоровье
33,identity,Общество
33,science,Наука
34,architecture,Дизайн
34,business,Бизнес
34,sustainability,Экология
35,architecture,Дизайн
35,brain,Наука
35,learning,Образование
35,physics,Наука
36,architecture,Дизайн
36,brain,Наука
36,climate change,Экология
36,global issues,Общество
36,learning,Образование
37,biology,Наука
37,personal growth,Образование
37,psychology,Общество
37,science,Наука
38,architecture,Дизайн
38,health,Здоровье
38,history,Общество
38,medicine,Здоровье
38,music,Искусство
39,humanity,Общество
39,identity,Общество
40,artificial intelligence,Технологии
40,creativity,Искусство
40,economics,Бизнес
41,design,Дизайн
41,economics,Бизнес
41,education,Образование
42,data,Технологии
42,future,Технологии
42,global issues,Общество
42,psychology,Общество
42,space,Наука
43,data,Технологии
43,space,Наука
44,artificial intelligence,Технологии
44,creativity,Искусство
44,data,Технологии
44,storytelling,Искусство
44,war,Общество
45,brain,Наука
45,identity,Общество
45,leadership,Бизнес
45,politics,Общество
46,communication,Образование
46,leadership,Бизнес
46,society,Общество
47,biology,Наука
47,data,Технологии
48,future,Технологии
48,science,Наука
49,technology,Технологии
50,biology,Наука
50,technology,Технологии
51,history,Общество
51,medicine,Здоровье
51,politics,Общество
51,sustainability,Экология
52,environment,Экология
52,future,Технологии
52,sustainability,Экология
53,art,Искусство
53,science,Наука
54,architecture,Дизайн
54,art,Искусство
55,artificial intelligence,Технологии
55,data,Технологии
55,identity,Общество
55,physics,Наука
55,women,Общество
56,art,Искусство
56,personal growth,Образование
57,history,Общество
57,leadership,Бизнес
57,science,Наука
58,data,Технологии
58,education,Образование
58,internet,Технологии
59,economics,Бизнес
59,environment,Экология
60,environment,Экология
60,history,Общество
61,economics,Бизнес
61,education,Образование
61,music,Искусство
62,art,Искусство
62,climate change,Экология
62,creativity,Искусство
63,learning,Образование
63,society,Общество
63,space,Наука
63,women,Общество
64,art,Искусство
64,personal growth,Образование
64,physics,Наука
64,psychology,Общество
65,environment,Экология
65,identity,Общество
66,communication,Образование
66,culture,Общество
66,technology,Технологии
67,architecture,Дизайн
68,artificial intelligence,Технологии
68,health,Здоровье
68,sustainability,Экология
69,data,Технологии
69,history,Общество
69,psychology,Общество
70,biology,Наука
70,global issues,Общество
70,physics,Наука
71,creativity,Искусство
71,education,Образование
71,innovation,Технологии
71,social change,Общество
71,women,Общество
72,creativity,Искусство
72,physics,Наука
73,economics,Бизнес
73,future,Технологии
73,learning,Образование
73,society,Общество
73,war,Общество
74,science,Наука
74,war,Общество
75,architecture,Дизайн
75,climate change,Экология
75,physics,Наука
75,space,Наука
76,art,Искусство
76,brain,Наука
76,history,Общество
76,learning,Образование
77,economics,Бизнес
77,health,Здоровье
77,innovation,Технологии
78,art,Искусство
78,health,Здоровье
78,identity,Общество
78,internet,Технологии
78,war,Общество
79,architecture,Дизайн
79,biology,Наука
79,creativity,Искусство
79,future,Технологии
79,learning,Образование
80,architecture,Дизайн
81,environment,Экология
81,global issues,Общество
81,identity,Общество
81,society,Общество
82,creativity,Искусство
82,health,Здоровье
82,identity,Общество
82,learning,Образование
82,sustainability,Экология
83,culture,Общество
83,education,Образование
83,sustainability,Экология
83,technology,Технологии
84,biology,Наука
84,economics,Бизнес
84,internet,Технологии
84,physics,Наука
85,climate change,Экология
85,personal growth,Образование
85,women,Общество
86,communication,Образование
86,history,Общество
86,leadership,Бизнес
87,social change,Общество
87,space,Наука
88,artificial intelligence,Технологии
88,history,Общество
88,storytelling,Искусство
89,artificial intelligence,Технологии
89,innovation,Технологии
89,technology,Технологии
90,climate change,Экология
91,global issues,Общество
91,internet,Технологии
92,health,Здоровье
92,identity,Общество
92,physics,Наука
93,business,Бизнес
93,economics,Бизнес
94,business,Бизнес
94,communication,Образование
94,data,Технологии
94,design,Дизайн
94,learning,Образование
95,business,Бизнес
95,politics,Общество
95,psychology,Общество
96,sustainability,Экология
96,women,Общество
97,art,Искусство
97,health,Здоровье
97,innovation,Технологии
97,technology,Технологии
98,business,Бизнес
98,creativity,Искусство
98,humanity,Общество
98,sustainability,Экология
99,humanity,Общество
99,learning,Образование
100,art,Искусство
100,data,Технологии
101,personal growth,Образование
101,personal growth,Образование
101,physics,Наука
102,artificial intelligence,Технологии
102,social change,Общество
103,identity,Общество
103,leadership,Бизнес
103,politics,Общество
103,sustainability,Экология
104,health,Здоровье
104,science,Наука
104,society,Общество
105,creativity,Искусство
105,economics,Бизнес
105,future,Технологии
105,identity,Общество
106,art,Искусство
106,learning,Образование
106,storytelling,Искусство
107,learning,Образование
107,space,Наука
108,humanity,Общество
108,music,Искусство
108,sustainability,Экология
108,war,Общество
108,women,Общество
109,innovation,Технологии
109,leadership,Бизнес
109,politics,Общество
110,sustainability,Экология
110,war,Общество
111,physics,Наука
112,artificial intelligence,Технологии
112,environment,Экология
112,personal growth,Образование
112,physics,Наука
113,medicine,Здоровье
113,storytelling,Искусство
113,war,Общество
114,culture,Общество
114,technology,Технологии
115,architecture,Дизайн
115,environment,Экология
115,personal growth,Образование
116,biology,Наука
116,personal growth,Образование
116,technology,Технологии
117,design,Дизайн
117,future,Технологии
117,innovation,Технологии
118,education,Образование
118,health,Здоровье
119,economics,Бизнес
119,internet,Технологии
119,society,Общество
120,creativity,Искусство
120,global issues,Общество
120,psychology,Общество
121,history,Общество
121,learning,Образование
121,medicine,Здоровье
121,space,Наука
122,business,Бизнес
122,communication,Образование
122,physics,Наука
122,psychology,Общество
122,science,Наука
123,climate change,Экология
123,sustainability,Экология
124,business,Бизнес
124,space,Наука
125,art,Искусство
125,learning,Образование
125,music,Искусство
125,storytelling,Искусство
126,education,Образование
126,leadership,Бизнес
126,storytelling,Искусство
126,women,Общество
127,brain,Наука
127,data,Технологии
127,innovation,Технологии
127,social change,Общество
128,internet,Технологии
128,learning,Образование
128,social change,Общество
129,personal growth,Образование
129,women,Общество
130,identity,Общество
130,politics,Общество
131,brain,Наука
131,creativity,Искусство
131,history,Общество
131,identity,Общество
131,identity,Общество
131,social change,Общество
132,architecture,Дизайн
132,brain,Наука
132,history,Общество
132,science,Наука
133,design,Дизайн
133,history,Общество
133,music,Искусство
133,women,Общество
134,artificial intelligence,Технологии
134,physics,Наука
134,psychology,Общество
134,science,Наука
134,social change,Общество
135,climate change,Экология
135,creativity,Искусство
136,architecture,Дизайн
136,communication,Образование
136,environment,Экология
136,psychology,Общество
137,biology,Наука
137,internet,Технологии
137,leadership,Бизнес
137,space,Наука
138,history,Общество
138,personal growth,Образование
138,women,Общество
139,design,Дизайн
139,physics,Наука
139,social change,Общество
140,climate change,Экология
140,identity,Общество
140,society,Общество
141,creativity,Искусство
141,economics,Бизнес
141,environment,Экология
141,medicine,Здоровье
142,communication,Образование
142,design,Дизайн
142,humanity,Общество
143,biology,Наука
144,culture,Общество
144,science,Наука
144,social change,Общество
145,history,Общество
145,technology,Технологии
146,architecture,Дизайн
146,design,Дизайн
146,history,Общество
146,society,Общество
146,sustainability,Экология
147,creativity,Искусство
147,music,Искусство
148,creativity,Искусство
148,history,Общество
148,technology,Технологии
149,education,Образование
149,sustainability,Экология
149,women,Общество
150,artificial intelligence,Технологии
150,culture,Общество
150,music,Искусство
150,politics,Общество
150,space,Наука
151,artificial intelligence,Технологии
151,design,Дизайн
151,history,Общество
151,personal growth,Образование
151,science,Наука
152,architecture,Дизайн
152,biology,Наука
152,creativity,Искусство
152,society,Общество
153,brain,Наука
153,medicine,Здоровье
153,politics,Общество
154,identity,Общество
154,politics,Общество
155,internet,Технологии
155,leadership,Бизнес
155,music,Искусство
155,science,Наука
156,brain,Наука
156,communication,Образование
156,data,Технологии
156,humanity,Общество
157,communication,Образование
157,culture,Общество
157,social change,Общество
157,women,Общество
158,architecture,Дизайн
158,communication,Образование
158,internet,Технологии
158,science,Наука
159,data,Технологии
159,global issues,Общество
159,health,Здоровье
159,internet,Технологии
159,storytelling,Искусство
160,music,Искусство
161,medicine,Здоровье
162,innovation,Технологии
162,music,Искусство
162,physics,Наука
162,politics,Общество
163,data,Технологии
163,education,Образование
163,global issues,Общество
164,biology,Наука
164,brain,Наука
164,culture,Общество
164,design,Дизайн
164,storytelling,Искусство
165,culture,Общество
165,culture,Общество
165,politics,Общество
165,sustainability,Экология
166,artificial intelligence,Технологии
166,society,Общество
166,space,Наука
167,future,Технологии
167,music,Искусство
167,society,Общество
167,technology,Технологии
168,communication,Образование
168,history,Общество
169,education,Образование
169,internet,Технологии
169,medicine,Здоровье
169,personal growth,Образование
169,women,Общество
170,medicine,Здоровье
170,science,Наука
170,space,Наука
171,brain,Наука
171,design,Дизайн
172,space,Наука
173,women,Общество
174,history,Общество
175,communication,Образование
175,identity,Общество
175,social change,Общество
175,society,Общество
176,art,Искусство
176,innovation,Технологии
177,art,Искусство
177,design,Дизайн
177,war,Общество
178,environment,Экология
178,history,Общество
178,innovation,Технологии
178,leadership,Бизнес
179,biology,Наука
179,design,Дизайн
179,history,Общество
179,space,Наука
180,design,Дизайн
180,health,Здоровье
181,communication,Образование
181,society,Общество
182,medicine,Здоровье
183,culture,Общество
183,global issues,Общество
183,psychology,Общество
183,storytelling,Искусство
184,business,Бизнес
184,history,Общество
184,humanity,Общество
184,social change,Общество
184,space,Наука
185,architecture,Дизайн
185,data,Технологии
185,medicine,Здоровье
185,women,Общество
186,creativity,Искусство
186,economics,Бизнес
186,sustainability,Экология
187,physics,Наука
188,artificial intelligence,Технологии
188,culture,Общество
188,data,Технологии
188,education,Образование
189,architecture,Дизайн
189,artificial intelligence,Технологии
189,climate change,Экология
189,data,Технологии
189,personal growth,Образование
190,personal growth,Образование
190,physics,Наука
191,creativity,Искусство
191,future,Технологии
191,health,Здоровье
192,humanity,Общество
192,physics,Наука
192,society,Общество
193,climate change,Экология
193,culture,Общество
193,music,Искусство
193,space,Наука
194,identity,Общество
194,medicine,Здоровье
194,space,Наука
195,architecture,Дизайн
195,education,Образование
195,social change,Общество
196,business,Бизнес
196,economics,Бизнес
196,personal growth,Образование
196,technology,Технологии
197,identity,Общество
197,psychology,Общество
197,storytelling,Искусство
198,environment,Экология
198,storytelling,Искусство
199,climate change,Экология
199,design,Дизайн
199,humanity,Общество
199,physics,Наука
200,education,Образование
200,society,Общество
201,climate change,Экология
201,society,Общество
201,war,Общество
202,storytelling,Искусство
202,technology,Технологии
203,artificial intelligence,Технологии
203,artificial intelligence,Технологии
203,climate change,Экология
204,artificial intelligence,Технологии
204,biology,Наука
204,climate change,Экология
205,future,Технологии
206,architecture,Дизайн
206,medicine,Здоровье
206,storytelling,Искусство
207,design,Дизайн
207,environment,Экология
207,global issues,Общество
207,global issues,Общество
207,personal growth,Образование
208,business,Бизнес
208,storytelling,Искусство
209,business,Бизнес
209,economics,Бизнес
210,learning,Образование
210,physics,Наука
210,social change,Общество
211,artificial intelligence,Технологии
211,culture,Общество
212,environment,Экология
212,internet,Технологии
212,personal growth,Образование
213,space,Наука
214,climate change,Экология
214,leadership,Бизнес
215,brain,Наука
215,data,Технологии
215,women,Общество
216,brain,Наука
216,innovation,Технологии
217,culture,Общество
217,music,Искусство
217,technology,Технологии
218,biology,Наука
218,brain,Наука
218,design,Дизайн
218,future,Технологии
219,global issues,Общество
219,society,Общество
219,war,Общество
220,artificial intelligence,Технологии
220,culture,Общество
220,future,Технологии
220,global issues,Общество
221,personal growth,Образование
222,business,Бизнес
222,economics,Бизнес
222,personal growth,Образование
223,global issues,Общество
224,politics,Общество
224,social change,Общество
225,business,Бизнес
225,education,Образование
225,science,Наука
226,creativity,Искусство
227,education,Образование
227,innovation,Технологии
227,technology,Технологии
228,art,Искусство
228,creativity,Искусство
228,education,Образование
228,environment,Экология
228,women,Общество
229,business,Бизнес
229,climate change,Экология
229,environment,Экология
229,identity,Общество
229,war,Общество
230,art,Искусство
230,storytelling,Искусство
231,environment,Экология
232,climate change,Экология
232,global issues,Общество
233,culture,Общество
233,learning,Образование
234,brain,Наука
234,economics,Бизнес
234,technology,Технологии
235,internet,Технологии
235,space,Наука
235,sustainability,Экология
236,personal growth,Образование
237,data,Технологии
237,health,Здоровье
237,humanity,Общество
237,identity,Общество
238,culture,Общество
238,health,Здоровье
238,personal growth,Образование
239,artificial intelligence,Технологии
239,artificial intelligence,Технологии
239,economics,Бизнес
239,economics,Бизнес
239,storytelling,Искусство
240,business,Бизнес
240,climate change,Экология
240,communication,Образование
240,medicine,Здоровье
241,artificial intelligence,Технологии
241,biology,Наука
242,architecture,Дизайн
243,global issues,Общество
243,innovation,Технологии
243,women,Общество
244,future,Технологии
245,creativity,Искусство
245,environment,Экология
245,personal growth,Образование
246,biology,Наука
246,culture,Общество
246,education,Образование
246,internet,Технологии
247,future,Технологии
248,architecture,Дизайн
248,humanity,Общество
248,women,Общество
249,brain,Наука
249,health,Здоровье
249,history,Общество
249,humanity,Общество
249,storytelling,Искусство
250,communication,Образование
250,global issues,Общество
250,personal growth,Образование
250,storytelling,Искусство
251,health,Здоровье
251,personal growth,Образование
252,architecture,Дизайн
252,future,Технологии
252,internet,Технологии
252,personal growth,Образование
253,physics,Наука
253,science,Наука
254,humanity,Общество
254,leadership,Бизнес
254,medicine,Здоровье
254,music,Искусство
254,space,Наука
255,internet,Технологии
255,politics,Общество
255,storytelling,Искусство
256,future,Технологии
256,identity,Общество
256,women,Общество
257,creativity,Искусство
257,future,Технологии
257,science,Наука
257,technology,Технологии
258,climate change,Экология
258,history,Общество
258,storytelling,Искусство
258,technology,Технологии
259,communication,Образование
259,internet,Технологии
260,humanity,Общество
260,identity,Общество
260,internet,Технологии
260,psychology,Общество
261,data,Технологии
261,science,Наука
261,social change,Общество
262,identity,Общество
262,storytelling,Искусство
263,brain,Наука
263,identity,Общество
263,medicine,Здоровье
263,technology,Технологии
264,education,Образование
264,global issues,Общество
264,history,Общество
264,history,Общество
265,brain,Наука
265,brain,Наука
265,data,Технологии
265,society,Общество
266,creativity,Искусство
266,space,Наука
266,women,Общество
267,architecture,Дизайн
267,creativity,Искусство
267,internet,Технологии
267,physics,Наука
267,technology,Технологии
268,design,Дизайн
268,economics,Бизнес
269,business,Бизнес
269,climate change,Экология
269,identity,Общество
269,innovation,Технологии
269,social change,Общество
270,identity,Общество
270,space,Наука
271,communication,Образование
271,humanity,Общество
271,space,Наука
271,women,Общество
272,creativity,Искусство
272,global issues,Общество
272,innovation,Технологии
272,technology,Технологии
272,women,Общество
273,science,Наука
274,innovation,Технологии
274,sustainability,Экология
275,environment,Экология
275,learning,Образование
275,war,Общество
276,culture,Общество
276,health,Здоровье
276,learning,Образование
277,culture,Общество
277,identity,Общество
277,leadership,Бизнес
278,design,Дизайн
278,design,Дизайн
278,physics,Наука
278,social change,Общество
279,education,Образование
279,leadership,Бизнес
279,storytelling,Искусство
280,brain,Наука
280,creativity,Искусство
280,humanity,Общество
280,music,Искусство
280,psychology,Общество
281,creativity,Искусство
281,economics,Бизнес
281,leadership,Бизнес
282,biology,Наука
282,design,Дизайн
283,brain,Наука
283,culture,Общество
284,environment,Экология
284,learning,Образование
284,space,Наука
284,women,Общество
285,global issues,Общество
285,leadership,Бизнес
286,creativity,Искусство
286,future,Технологии
287,culture,Общество
287,space,Наука
287,technology,Технологии
287,women,Общество
288,artificial intelligence,Технологии
288,music,Искусство
289,global issues,Общество
289,leadership,Бизнес
289,storytelling,Искусство
290,brain,Наука
290,leadership,Бизнес
290,science,Наука
291,internet,Технологии
291,learning,Образование
291,medicine,Здоровье
292,biology,Наука
292,health,Здоровье
292,innovation,Технологии
292,internet,Технологии
292,physics,Наука
293,learning,Образование
293,social change,Общество
294,data,Технологии
294,medicine,Здоровье
294,science,Наука
295,business,Бизнес
295,psychology,Общество
296,business,Бизнес
296,education,Образование
297,biology,Наука
297,economics,Бизнес
297,history,Общество
298,innovation,Технологии
298,politics,Общество
298,social change,Общество
299,biology,Наука
299,education,Образование
299,innovation,Технологии
300,artificial intelligence,Технологии
300,music,Искусство
300,space,Наука
301,music,Искусство
301,science,Наука
301,technology,Технологии
301,war,Общество
302,health,Здоровье
302,history,Общество
302,innovation,Технологии
302,politics,Общество
303,architecture,Дизайн
303,art,Искусство
303,artificial intelligence,Технологии
303,psychology,Общество
304,architecture,Дизайн
304,design,Дизайн
304,economics,Бизнес
305,biology,Наука
305,internet,Технологии
305,society,Общество
305,women,Общество
306,environment,Экология
306,global issues,Общество
306,technology,Технологии
307,brain,Наука
307,business,Бизнес
307,economics,Бизнес
307,medicine,Здоровье
307,society,Общество
308,communication,Образование
308,history,Общество
309,art,Искусство
310,business,Бизнес
310,identity,Общество
310,personal growth,Образование
310,social change,Общество
310,storytelling,Искусство
311,artificial intelligence,Технологии
311,space,Наука
312,learning,Образование
312,storytelling,Искусство
313,business,Бизнес
313,social change,Общество
314,art,Искусство
314,brain,Наука
314,business,Бизнес
314,global issues,Общество
314,women,Общество
315,biology,Наука
315,business,Бизнес
315,environment,Экология
315,learning,Образование
315,medicine,Здоровье
316,health,Здоровье
316,identity,Общество
316,medicine,Здоровье
317,climate change,Экология
317,history,Общество
317,innovation,Технологии
317,learning,Образование
317,psychology,Общество
318,biology,Наука
318,brain,Наука
318,history,Общество
318,learning,Образование
318,psychology,Общество
319,brain,Наука
319,environment,Экология
319,women,Общество
320,education,Образование
320,global issues,Общество
320,women,Общество
321,history,Общество
321,identity,Общество
322,medicine,Здоровье
322,science,Наука
323,environment,Экология
323,leadership,Бизнес
324,science,Наука
325,internet,Технологии
325,leadership,Бизнес
325,social change,Общество
326,biology,Наука
327,music,Искусство
328,politics,Общество
328,war,Общество
329,business,Бизнес
329,culture,Общество
329,innovation,Технологии
330,biology,Наука
330,data,Технологии
330,social change,Общество
330,women,Общество
331,economics,Бизнес
331,future,Технологии
331,history,Общество
331,war,Общество
332,art,Искусство
332,learning,Образование
332,psychology,Общество
332,storytelling,Искусство
332,technology,Технологии
333,internet,Технологии
333,music,Искусство
333,psychology,Общество
333,technology,Технологии
334,psychology,Общество
335,history,Общество
335,war,Общество
336,culture,Общество
336,internet,Технологии
336,music,Искусство
337,education,Образование
337,leadership,Бизнес
338,global issues,Общество
338,humanity,Общество
339,humanity,Общество
339,internet,Технологии
339,social change,Общество
339,storytelling,Искусство
339,war,Общество
340,artificial intelligence,Технологии
340,environment,Экология
341,society,Общество
342,history,Общество
343,social change,Общество
344,social change,Общество
344,society,Общество
344,women,Общество
345,data,Технологии
345,history,Общество
345,social change,Общество
346,design,Дизайн
346,learning,Образование
346,social change,Общество
347,communication,Образование
347,culture,Общество
347,data,Технологии
347,health,Здоровье
347,humanity,Общество
348,climate change,Экология
348,environment,Экология
348,future,Технологии
348,health,Здоровье
348,personal growth,Образование
349,brain,Наука
349,leadership,Бизнес
349,social change,Общество
350,creativity,Искусство
350,technology,Технологии
351,artificial intelligence,Технологии
351,brain,Наука
351,innovation,Технологии
351,politics,Общество
351,science,Наука
352,physics,Наука
353,leadership,Бизнес
353,social change,Общество
354,architecture,Дизайн
354,future,Технологии
354,humanity,Общество
354,medicine,Здоровье
354,storytelling,Искусство
355,art,Искусство
355,environment,Экология
355,music,Искусство
355,personal growth,Образование
356,art,Искусство
356,design,Дизайн
357,biology,Наука
357,future,Технологии
358,business,Бизнес
358,politics,Общество
358,science,Наука
358,society,Общество
359,climate change,Экология
359,design,Дизайн
359,sustainability,Экология
359,technology,Технологии
360,future,Технологии
361,business,Бизнес
361,data,Технологии
361,design,Дизайн
361,identity,Общество
361,innovation,Технологии
362,climate change,Экология
362,internet,Технологии
362,storytelling,Искусство
363,music,Искусство
364,architecture,Дизайн
364,creativity,Искусство
365,economics,Бизнес
365,learning,Образование
365,science,Наука
365,sustainability,Экология
366,design,Дизайн
366,environment,Экология
366,future,Технологии
367,leadership,Бизнес
367,physics,Наука
367,sustainability,Экология
368,artificial intelligence,Технологии
368,culture,Общество
369,artificial intelligence,Технологии
369,economics,Бизнес
369,future,Технологии
369,physics,Наука
369,women,Общество
370,art,Искусство
370,environment,Экология
370,innovation,Технологии
370,science,Наука
371,culture,Общество
371,global issues,Общество
372,architecture,Дизайн
372,medicine,Здоровье
372,personal growth,Образование
373,biology,Наука
374,architecture,Дизайн
374,climate change,Экология
374,communication,Образование
374,data,Технологии
374,personal growth,Образование
375,society,Общество
376,design,Дизайн
376,humanity,Общество
376,politics,Общество
376,war,Общество
377,global issues,Общество
377,war,Общество
378,learning,Образование
378,medicine,Здоровье
379,brain,Наука
379,creativity,Искусство
379,history,Общество
379,innovation,Технологии
380,culture,Общество
380,economics,Бизнес
380,learning,Образование
381,data,Технологии
381,internet,Технологии
382,artificial intelligence,Технологии
382,humanity,Общество
383,creativity,Искусство
383,medicine,Здоровье
384,global issues,Общество
384,leadership,Бизнес
384,personal growth,Образование
385,economics,Бизнес
385,humanity,Общество
385,sustainability,Экология
386,identity,Общество
386,internet,Технологии
386,personal growth,Образование
387,culture,Общество
387,humanity,Общество
388,music,Искусство
389,identity,Общество
389,innovation,Технологии
389,space,Наука
390,architecture,Дизайн
390,artificial intelligence,Технологии
390,biology,Наука
390,culture,Общество
391,artificial intelligence,Технологии
391,artificial intelligence,Технологии
391,environment,Экология
391,storytelling,Искусство
392,art,Искусство
392,science,Наука
392,technology,Технологии
393,art,Искусство
393,education,Образование
393,social change,Общество
394,biology,Наука
394,brain,Наука
394,global issues,Общество
394,technology,Технологии
395,humanity,Общество
395,society,Общество
395,storytelling,Искусство
395,technology,Технологии
396,leadership,Бизнес
396,social change,Общество
397,artificial intelligence,Технологии
397,learning,Образование
397,music,Искусство
397,physics,Наука
397,technology,Технологии
398,artificial intelligence,Технологии
398,medicine,Здоровье
398,science,Наука
398,sustainability,Экология
398,war,Общество
399,architecture,Дизайн
399,environment,Экология
399,personal growth,Образование
399,space,Наука
399,technology,Технологии
400,communication,Образование
400,creativity,Искусство
400,medicine,Здоровье
400,personal growth,Образование
400,sustainability,Экология
401,culture,Общество
401,future,Технологии
402,learning,Образование
402,music,Искусство
402,technology,Технологии
403,brain,Наука
403,climate change,Экология
403,humanity,Общество
403,internet,Технологии
404,brain,Наука
404,climate change,Экология
404,design,Дизайн
404,history,Общество
404,space,Наука
405,education,Образование
405,health,Здоровье
405,space,Наука
405,women,Общество
406,communication,Образование
407,data,Технологии
407,health,Здоровье
407,women,Общество
408,design,Дизайн
408,personal growth,Образование
409,humanity,Общество
409,identity,Общество
409,identity,Общество
409,medicine,Здоровье
409,war,Общество
410,health,Здоровье
410,identity,Общество
410,social change,Общество
410,sustainability,Экология
411,medicine,Здоровье
411,space,Наука
412,architecture,Дизайн
412,history,Общество
412,technology,Технологии
413,design,Дизайн
413,future,Технологии
413,identity,Общество
413,leadership,Бизнес
414,culture,Общество
414,data,Технологии
414,future,Технологии
415,health,Здоровье
415,personal growth,Образование
416,artificial intelligence,Технологии
416,climate change,Экология
416,creativity,Искусство
416,medicine,Здоровье
417,communication,Образование
417,creativity,Искусство
417,physics,Наука
417,politics,Общество
417,storytelling,Искусство
418,innovation,Технологии
418,sustainability,Экология
419,design,Дизайн
419,leadership,Бизнес
419,music,Искусство
419,personal growth,Образование
419,technology,Технологии
420,data,Технологии
420,environment,Экология
420,history,Общество
420,innovation,Технологии
420,physics,Наука
421,social change,Общество
422,climate change,Экология
422,humanity,Общество
422,politics,Общество
423,architecture,Дизайн
423,health,Здоровье
423,internet,Технологии
423,war,Общество
424,design,Дизайн
424,science,Наука
425,climate change,Экология
425,technology,Технологии
426,medicine,Здоровье
426,science,Наука
427,art,Искусство
427,data,Технологии
427,personal growth,Образование
427,war,Общество
428,artificial intelligence,Технологии
428,global issues,Общество
428,politics,Общество
428,science,Наука
429,architecture,Дизайн
429,culture,Общество
429,society,Общество
429,storytelling,Искусство
430,education,Образование
430,leadership,Бизнес
430,storytelling,Искусство
431,history,Общество
431,society,Общество
432,history,Общество
432,innovation,Технологии
432,learning,Образование
432,social change,Общество
433,economics,Бизнес
433,internet,Технологии
433,music,Искусство
434,brain,Наука
434,economics,Бизнес
434,society,Общество
435,brain,Наука
435,politics,Общество
435,space,Наука
435,war,Общество
436,psychology,Общество
437,history,Общество
437,physics,Наука
437,society,Общество
438,economics,Бизнес
438,psychology,Общество
438,technology,Технологии
439,biology,Наука
439,climate change,Экология
439,social change,Общество
439,social change,Общество
439,society,Общество
440,economics,Бизнес
440,global issues,Общество
440,medicine,Здоровье
440,space,Наука
441,data,Технологии
441,health,Здоровье
441,physics,Наука
442,data,Технологии
442,physics,Наука
442,politics,Общество
442,social change,Общество
443,business,Бизнес
443,climate change,Экология
443,environment,Экология
444,data,Технологии
444,health,Здоровье
444,identity,Общество
444,music,Искусство
445,climate change,Экология
445,future,Технологии
445,sustainability,Экология
446,artificial intelligence,Технологии
446,global issues,Общество
446,identity,Общество
446,medicine,Здоровье
447,innovation,Технологии
447,music,Искусство
447,physics,Наука
447,technology,Технологии
448,communication,Образование
448,education,Образование
448,future,Технологии
448,history,Общество
449,economics,Бизнес
449,leadership,Бизнес
449,medicine,Здоровье
449,physics,Наука
450,architecture,Дизайн
450,social change,Общество
450,storytelling,Искусство
451,business,Бизнес
451,design,Дизайн
451,economics,Бизнес
452,brain,Наука
452,health,Здоровье
452,storytelling,Искусство
453,communication,Образование
453,education,Образование
453,psychology,Общество
454,art,Искусство
454,health,Здоровье
454,sustainability,Экология
455,health,Здоровье
455,physics,Наука
455,society,Общество
456,architecture,Дизайн
456,economics,Бизнес
456,leadership,Бизнес
456,medicine,Здоровье
457,brain,Наука
458,data,Технологии
458,leadership,Бизнес
459,society,Общество
459,sustainability,Экология
459,women,Общество
460,brain,Наука
460,learning,Образование
460,medicine,Здоровье
460,social change,Общество
461,future,Технологии
462,business,Бизнес
463,architecture,Дизайн
463,education,Образование
463,learning,Образование
463,politics,Общество
464,creativity,Искусство
464,economics,Бизнес
464,future,Технологии
464,physics,Наука
465,creativity,Искусство
465,global issues,Общество
465,innovation,Технологии
465,learning,Образование
465,social change,Общество
466,economics,Бизнес
466,physics,Наука
467,artificial intelligence,Технологии
467,future,Технологии
467,space,Наука
467,sustainability,Экология
468,art,Искусство
468,communication,Образование
469,health,Здоровье
469,medicine,Здоровье
469,war,Общество
470,biology,Наука
470,science,Наука
471,brain,Наука
471,brain,Наука
471,economics,Бизнес
471,history,Общество
471,space,Наука
472,global issues,Общество
472,science,Наука
472,war,Общество
472,women,Общество
473,artificial intelligence,Технологии
473,leadership,Бизнес
473,space,Наука
474,innovation,Технологии
474,medicine,Здоровье
474,music,Искусство
474,politics,Общество
474,science,Наука
475,innovation,Технологии
475,technology,Технологии
476,biology,Наука
476,innovation,Технологии
476,women,Общество
477,history,Общество
477,politics,Общество
477,women,Общество
478,sustainability,Экология
479,brain,Наука
479,physics,Наука
480,humanity,Общество
481,business,Бизнес
481,identity,Общество
481,innovation,Технологии
481,storytelling,Искусство
481,war,Общество
482,space,Наука
482,sustainability,Экология
483,global issues,Общество
483,humanity,Общество
483,identity,Общество
484,artificial intelligence,Технологии
484,creativity,Искусство
484,culture,Общество
484,personal growth,Образование
484,science,Наука
485,education,Образование
486,design,Дизайн
486,education,Образование
487,humanity,Общество
487,personal growth,Образование
488,artificial intelligence,Технологии
488,politics,Общество
488,technology,Технологии
489,business,Бизнес
489,global issues,Общество
489,sustainability,Экология
490,women,Общество
491,creativity,Искусство
491,economics,Бизнес
491,personal growth,Образование
491,sustainability,Экология
492,communication,Образование
492,data,Технологии
492,women,Общество
493,identity,Общество
493,women,Общество
494,biology,Наука
494,design,Дизайн
494,science,Наука
495,innovation,Технологии
495,leadership,Бизнес
495,learning,Образование
495,music,Искусство
495,storytelling,Искусство
496,biology,Наука
496,innovation,Технологии
496,women,Общество
497,artificial intelligence,Технологии
497,culture,Общество
497,economics,Бизнес
497,global issues,Общество
497,physics,Наука
498,brain,Наука
498,education,Образование
498,future,Технологии
498,war,Общество
499,leadership,Бизнес
500,culture,Общество
500,global issues,Общество
500,history,Общество
500,psychology,Общество
501,artificial intelligence,Технологии
501,politics,Общество
501,storytelling,Искусство
502,architecture,Дизайн
502,social change,Общество
502,social change,Общество
503,communication,Образование
503,future,Технологии
503,global issues,Общество
503,personal growth,Образование
504,architecture,Дизайн
504,humanity,Общество
504,learning,Образование
504,medicine,Здоровье
505,design,Дизайн
505,education,Образование
506,education,Образование
506,learning,Образование
507,design,Дизайн
508,climate change,Экология
508,environment,Экология
508,leadership,Бизнес
508,storytelling,Искусство
508,sustainability,Экология
509,biology,Наука
509,environment,Экология
509,medicine,Здоровье
510,future,Технологии
511,space,Наука
512,architecture,Дизайн
512,data,Технологии
512,psychology,Общество
512,technology,Технологии
513,artificial intelligence,Технологии
513,storytelling,Искусство
514,environment,Экология
514,history,Общество
514,internet,Технологии
514,women,Общество
515,business,Бизнес
515,climate change,Экология
515,history,Общество
515,humanity,Общество
516,data,Технологии
517,artificial intelligence,Технологии
517,innovation,Технологии
517,medicine,Здоровье
518,creativity,Искусство
518,music,Искусство
519,biology,Наука
519,brain,Наука
519,identity,Общество
519,innovation,Технологии
519,technology,Технологии
520,environment,Экология
520,leadership,Бизнес
520,psychology,Общество
520,war,Общество
521,future,Технологии
521,medicine,Здоровье
522,architecture,Дизайн
522,brain,Наука
522,learning,Образование
522,war,Общество
523,brain,Наука
523,internet,Технологии
523,social change,Общество
523,storytelling,Искусство
523,war,Общество
524,education,Образование
525,environment,Экология
525,women,Общество
526,art,Искусство
526,creativity,Искусство
526,psychology,Общество
526,technology,Технологии
527,leadership,Бизнес
527,technology,Технологии
528,architecture,Дизайн
528,biology,Наука
528,history,Общество
529,politics,Общество
529,social change,Общество
530,architecture,Дизайн
530,politics,Общество
531,biology,Наука
531,economics,Бизнес
531,education,Образование
531,leadership,Бизнес
532,biology,Наука
532,learning,Образование
532,politics,Общество
532,social change,Общество
533,architecture,Дизайн
533,business,Бизнес
533,history,Общество
533,technology,Технологии
534,environment,Экология
534,humanity,Общество
534,music,Искусство
534,storytelling,Искусство
535,artificial intelligence,Технологии
536,culture,Общество
536,design,Дизайн
536,humanity,Общество
536,medicine,Здоровье
537,internet,Технологии
538,communication,Образование
538,health,Здоровье
539,social change,Общество
539,women,Общество
540,art,Искусство
540,social change,Общество
540,war,Общество
541,economics,Бизнес
541,global issues,Общество
541,leadership,Бизнес
542,politics,Общество
543,artificial intelligence,Технологии
543,data,Технологии
543,education,Образование
543,humanity,Общество
543,storytelling,Искусство
544,society,Общество
544,technology,Технологии
544,women,Общество
545,architecture,Дизайн
545,climate change,Экология
545,design,Дизайн
545,education,Образование
545,identity,Общество
546,politics,Общество
546,society,Общество
547,art,Искусство
547,identity,Общество
547,women,Общество
548,politics,Общество
548,society,Общество
548,technology,Технологии
549,communication,Образование
549,psychology,Общество
549,science,Наука
550,business,Бизнес
550,innovation,Технологии
550,science,Наука
551,artificial intelligence,Технологии
551,design,Дизайн
551,space,Наука
552,artificial intelligence,Технологии
552,data,Технологии
552,environment,Экология
552,identity,Общество
552,psychology,Общество
553,economics,Бизнес
553,environment,Экология
554,data,Технологии
555,identity,Общество
555,innovation,Технологии
555,personal growth,Образование
555,politics,Общество
556,humanity,Общество
556,technology,Технологии
557,data,Технологии
557,music,Искусство
557,psychology,Общество
558,art,Искусство
558,business,Бизнес
559,physics,Наука
559,storytelling,Искусство
560,brain,Наука
560,design,Дизайн
560,psychology,Общество
561,education,Образование
561,identity,Общество
561,science,Наука
561,women,Общество
562,climate change,Экология
562,future,Технологии
562,humanity,Общество
562,women,Общество
563,architecture,Дизайн
563,brain,Наука
563,internet,Технологии
563,women,Общество
564,medicine,Здоровье
565,creativity,Искусство
565,identity,Общество
565,leadership,Бизнес
565,learning,Образование
565,personal growth,Образование
566,space,Наука
566,storytelling,Искусство
566,sustainability,Экология
567,sustainability,Экология
568,artificial intelligence,Технологии
568,data,Технологии
568,identity,Общество
568,leadership,Бизнес
568,women,Общество
569,architecture,Дизайн
569,learning,Образование
569,medicine,Здоровье
570,biology,Наука
570,future,Технологии
570,global issues,Общество
570,music,Искусство
571,business,Бизнес
571,music,Искусство
571,personal growth,Образование
572,communication,Образование
572,culture,Общество
572,data,Технологии
572,health,Здоровье
572,politics,Общество
573,business,Бизнес
573,environment,Экология
573,innovation,Технологии
574,architecture,Дизайн
575,global issues,Общество
575,science,Наука
575,technology,Технологии
576,creativity,Искусство
576,music,Искусство
576,war,Общество
577,artificial intelligence,Технологии
577,leadership,Бизнес
577,learning,Образование
577,medicine,Здоровье
578,architecture,Дизайн
578,creativity,Искусство
578,economics,Бизнес
578,humanity,Общество
578,leadership,Бизнес
579,environment,Экология
579,health,Здоровье
580,environment,Экология
580,leadership,Бизнес
580,women,Общество
581,biology,Наука
581,economics,Бизнес
581,future,Технологии
582,space,Наука
582,technology,Технологии
582,women,Общество
583,global issues,Общество
583,social change,Общество
583,sustainability,Экология
583,women,Общество
584,humanity,Общество
584,war,Общество
585,business,Бизнес
585,space,Наука
586,data,Технологии
586,physics,Наука
587,leadership,Бизнес
587,social change,Общество
587,technology,Технологии
588,creativity,Искусство
588,politics,Общество
588,women,Общество
589,brain,Наука
589,leadership,Бизнес
589,psychology,Общество
590,history,Общество
590,science,Наука
591,education,Образование
591,space,Наука
592,art,Искусство
593,culture,Общество
593,internet,Технологии
593,medicine,Здоровье
594,artificial intelligence,Технологии
594,business,Бизнес
594,leadership,Бизнес
594,politics,Общество
594,storytelling,Искусство
595,brain,Наука
595,global issues,Общество
596,architecture,Дизайн
596,future,Технологии
596,psychology,Общество
596,women,Общество
597,history,Общество
597,psychology,Общество
597,war,Общество
598,business,Бизнес
598,communication,Образование
598,communication,Образование
598,identity,Общество
598,women,Общество
599,environment,Экология
600,health,Здоровье
601,learning,Образование
601,sustainability,Экология
602,culture,Общество
602,music,Искусство
602,politics,Общество
603,economics,Бизнес
603,music,Искусство
603,personal growth,Образование
603,war,Общество
604,economics,Бизнес
604,physics,Наука
605,creativity,Искусство
605,design,Дизайн
605,history,Общество
605,war,Общество
606,business,Бизнес
606,economics,Бизнес
606,environment,Экология
606,humanity,Общество
607,medicine,Здоровье
607,politics,Общество
607,sustainability,Экология
608,business,Бизнес
608,data,Технологии
608,economics,Бизнес
608,identity,Общество
609,architecture,Дизайн
609,economics,Бизнес
609,social change,Общество
610,environment,Экология
610,global issues,Общество
610,learning,Образование
611,climate change,Экология
611,learning,Образование
612,data,Технологии
612,leadership,Бизнес
613,architecture,Дизайн
614,culture,Общество
614,personal growth,Образование
614,space,Наука
614,technology,Технологии
615,education,Образование
615,physics,Наука
615,storytelling,Искусство
616,society,Общество
616,technology,Технологии
617,internet,Технологии
617,learning,Образование
618,artificial intelligence,Технологии
618,future,Технологии
619,global issues,Общество
619,innovation,Технологии
620,art,Искусство
620,storytelling,Искусство
621,global issues,Общество
621,social change,Общество
622,communication,Образование
622,psychology,Общество
622,sustainability,Экология
622,technology,Технологии
623,technology,Технологии
624,brain,Наука
624,environment,Экология
624,environment,Экология
624,innovation,Технологии
624,society,Общество
625,data,Технологии
625,leadership,Бизнес
625,social change,Общество
625,war,Общество
626,biology,Наука
626,education,Образование
626,psychology,Общество
626,society,Общество
627,business,Бизнес
627,storytelling,Искусство
627,women,Общество
628,artificial intelligence,Технологии
628,science,Наука
629,biology,Наука
629,society,Общество
629,women,Общество
630,education,Образование
630,leadership,Бизнес
630,science,Наука
630,society,Общество
631,art,Искусство
631,business,Бизнес
631,culture,Общество
631,environment,Экология
631,technology,Технологии
632,biology,Наука
632,design,Дизайн
632,environment,Экология
632,history,Общество
632,space,Наука
633,health,Здоровье
633,society,Общество
634,creativity,Искусство
634,environment,Экология
634,science,Наука
635,climate change,Экология
635,design,Дизайн
635,education,Образование
635,music,Искусство
635,storytelling,Искусство
636,science,Наука
636,technology,Технологии
637,art,Искусство
637,business,Бизнес
637,climate change,Экология
637,data,Технологии
638,creativity,Искусство
638,future,Технологии
638,personal growth,Образование
638,space,Наука
639,climate change,Экология
639,design,Дизайн
639,politics,Общество
640,design,Дизайн
640,economics,Бизнес
640,psychology,Общество
640,society,Общество
641,design,Дизайн
641,economics,Бизнес
641,personal growth,Образование
641,women,Общество
642,biology,Наука
642,innovation,Технологии
642,internet,Технологии
642,science,Наука
642,social change,Общество
643,economics,Бизнес
643,technology,Технологии
643,war,Общество
644,learning,Образование
645,biology,Наука
645,climate change,Экология
645,culture,Общество
645,leadership,Бизнес
645,society,Общество
646,architecture,Дизайн
646,art,Искусство
646,culture,Общество
646,data,Технологии
646,science,Наука
647,economics,Бизнес
647,humanity,Общество
648,health,Здоровье
648,history,Общество
648,psychology,Общество
649,design,Дизайн
649,medicine,Здоровье
649,social change,Общество
649,space,Наука
649,technology,Технологии
650,environment,Экология
650,internet,Технологии
650,physics,Наука
651,communication,Образование
651,internet,Технологии
651,music,Искусство
651,social change,Общество
651,sustainability,Экология
652,artificial intelligence,Технологии
652,identity,Общество
652,leadership,Бизнес
652,science,Наука
653,future,Технологии
654,humanity,Общество
654,politics,Общество
654,psychology,Общество
654,science,Наука
654,sustainability,Экология
655,architecture,Дизайн
655,innovation,Технологии
655,personal growth,Образование
655,science,Наука
655,social change,Общество
656,future,Технологии
656,society,Общество
657,creativity,Искусство
657,data,Технологии
657,identity,Общество
657,personal growth,Образование
657,women,Общество
658,business,Бизнес
658,internet,Технологии
658,leadership,Бизнес
659,brain,Наука
659,culture,Общество
659,health,Здоровье
660,storytelling,Искусство
660,technology,Технологии
661,communication,Образование
661,humanity,Общество
661,innovation,Технологии
662,sustainability,Экология
663,art,Искусство
663,space,Наука
664,artificial intelligence,Технологии
664,business,Бизнес
664,creativity,Искусство
664,global issues,Общество
664,women,Общество
665,design,Дизайн
665,humanity,Общество
665,medicine,Здоровье
665,physics,Наука
666,climate change,Экология
666,identity,Общество
666,learning,Образование
666,technology,Технологии
666,women,Общество
667,environment,Экология
668,future,Технологии
668,innovation,Технологии
668,politics,Общество
668,war,Общество
669,data,Технологии
669,medicine,Здоровье
669,politics,Общество
669,war,Общество
670,climate change,Экология
670,environment,Экология
670,sustainability,Экология
671,data,Технологии
671,politics,Общество
672,data,Технологии
672,identity,Общество
672,science,Наука
673,brain,Наука
673,medicine,Здоровье
674,environment,Экология
674,sustainability,Экология
675,climate change,Экология
675,society,Общество
676,biology,Наука
676,innovation,Технологии
676,storytelling,Искусство
677,climate change,Экология
677,personal growth,Образование
677,politics,Общество
677,science,Наука
677,space,Наука
678,climate change,Экология
678,innovation,Технологии
679,art,Искусство
679,history,Общество
679,identity,Общество
679,leadership,Бизнес
679,psychology,Общество
680,artificial intelligence,Технологии
680,climate change,Экология
680,creativity,Искусство
680,environment,Экология
680,innovation,Технологии
681,biology,Наука
681,global issues,Общество
681,leadership,Бизнес
682,creativity,Искусство
683,music,Искусство
684,culture,Общество
684,environment,Экология
684,environment,Экология
684,innovation,Технологии
684,politics,Общество
684,society,Общество
685,humanity,Общество
685,innovation,Технологии
685,storytelling,Искусство
685,storytelling,Искусство
686,data,Технологии
686,environment,Экология
687,biology,Наука
687,internet,Технологии
687,personal growth,Образование
688,data,Технологии
688,social change,Общество
688,society,Общество
688,technology,Технологии
688,war,Общество
689,future,Технологии
689,identity,Общество
689,psychology,Общество
689,social change,Общество
690,business,Бизнес
690,social change,Общество
691,architecture,Дизайн
691,design,Дизайн
691,politics,Общество
691,social change,Общество
692,history,Общество
693,global issues,Общество
693,health,Здоровье
693,humanity,Общество
694,biology,Наука
694,humanity,Общество
694,identity,Общество
694,music,Искусство
694,personal growth,Образование
695,science,Наука
695,women,Общество
696,data,Технологии
696,global issues,Общество
696,politics,Общество
697,artificial intelligence,Технологии
697,biology,Наука
697,design,Дизайн
697,sustainability,Экология
698,biology,Наука
698,identity,Общество
698,psychology,Общество
699,art,Искусство
699,identity,Общество
699,society,Общество
699,war,Общество
700,psychology,Общество
701,artificial intelligence,Технологии
702,culture,Общество
702,design,Дизайн
702,science,Наука
702,women,Общество
703,global issues,Общество
703,humanity,Общество
703,internet,Технологии
703,music,Искусство
703,space,Наука
704,biology,Наука
704,health,Здоровье
704,humanity,Общество
704,learning,Образование
704,storytelling,Искусство
705,education,Образование
705,music,Искусство
705,science,Наука
705,sustainability,Экология
706,health,Здоровье
706,learning,Образование
707,art,Искусство
707,society,Общество
708,data,Технологии
708,physics,Наука
709,artificial intelligence,Технологии
709,politics,Общество
709,psychology,Общество
709,science,Наука
710,creativity,Искусство
710,education,Образование
710,music,Искусство
711,leadership,Бизнес
711,learning,Образование
711,psychology,Общество
712,architecture,Дизайн
712,business,Бизнес
712,economics,Бизнес
712,education,Образование
712,music,Искусство
713,identity,Общество
713,technology,Технологии
714,artificial intelligence,Технологии
714,communication,Образование
714,education,Образование
714,sustainability,Экология
714,war,Общество
715,creativity,Искусство
715,health,Здоровье
715,personal growth,Образование
715,psychology,Общество
716,climate change,Экология
716,culture,Общество
716,environment,Экология
716,storytelling,Искусство
716,war,Общество
717,learning,Образование
718,social change,Общество
718,society,Общество
719,environment,Экология
719,humanity,Общество
719,social change,Общество
719,space,Наука
720,environment,Экология
721,architecture,Дизайн
721,business,Бизнес
722,music,Искусство
722,technology,Технологии
723,economics,Бизнес
723,war,Общество
724,data,Технологии
724,humanity,Общество
724,medicine,Здоровье
724,sustainability,Экология
725,history,Общество
725,science,Наука
725,women,Общество
726,art,Искусство
726,innovation,Технологии
726,internet,Технологии
727,politics,Общество
727,science,Наука
727,sustainability,Экология
728,music,Искусство
728,psychology,Общество
728,war,Общество
729,creativity,Искусство
729,health,Здоровье
729,identity,Общество
729,leadership,Бизнес
729,war,Общество
730,biology,Наука
730,identity,Общество
730,leadership,Бизнес
731,biology,Наука
731,culture,Общество
732,economics,Бизнес
732,leadership,Бизнес
732,medicine,Здоровье
732,science,Наука
733,psychology,Общество
733,war,Общество
734,artificial intelligence,Технологии
734,physics,Наука
735,environment,Экология
735,social change,Общество
736,economics,Бизнес
737,architecture,Дизайн
737,creativity,Искусство
737,economics,Бизнес
737,future,Технологии
737,identity,Общество
738,communication,Образование
738,politics,Общество
738,women,Общество
739,architecture,Дизайн
739,global issues,Общество
739,society,Общество
739,technology,Технологии
740,artificial intelligence,Технологии
740,biology,Наука
740,health,Здоровье
740,medicine,Здоровье
741,economics,Бизнес
741,psychology,Общество
742,data,Технологии
742,design,Дизайн
742,history,Общество
742,music,Искусство
742,technology,Технологии
743,biology,Наука
743,brain,Наука
743,internet,Технологии
744,medicine,Здоровье
744,politics,Общество
744,social change,Общество
744,women,Общество
745,business,Бизнес
745,data,Технологии
746,creativity,Искусство
747,medicine,Здоровье
747,physics,Наука
747,storytelling,Искусство
748,biology,Наука
748,women,Общество
749,design,Дизайн
749,history,Общество
749,science,Наука
750,future,Технологии
750,health,Здоровье
751,politics,Общество
751,social change,Общество
752,art,Искусство
752,leadership,Бизнес
753,design,Дизайн
753,future,Технологии
753,music,Искусство
753,physics,Наука
753,politics,Общество
753,politics,Общество
754,psychology,Общество
754,storytelling,Искусство
755,culture,Общество
755,data,Технологии
755,storytelling,Искусство
756,brain,Наука
756,business,Бизнес
756,business,Бизнес
756,data,Технологии
756,personal growth,Образование
756,society,Общество
757,business,Бизнес
757,culture,Общество
757,history,Общество
757,music,Искусство
758,economics,Бизнес
758,politics,Общество
758,sustainability,Экология
759,music,Искусство
760,art,Искусство
760,artificial intelligence,Технологии
760,design,Дизайн
760,physics,Наука
760,social change,Общество
761,sustainability,Экология
762,health,Здоровье
762,science,Наука
762,space,Наука
763,architecture,Дизайн
763,identity,Общество
763,personal growth,Образование
764,health,Здоровье
764,leadership,Бизнес
764,storytelling,Искусство
765,artificial intelligence,Технологии
765,environment,Экология
765,global issues,Общество
765,medicine,Здоровье
765,politics,Общество
766,architecture,Дизайн
766,data,Технологии
766,storytelling,Искусство
767,brain,Наука
767,psychology,Общество
768,art,Искусство
768,psychology,Общество
769,art,Искусство
769,climate change,Экология
769,education,Образование
769,environment,Экология
770,culture,Общество
770,design,Дизайн
770,medicine,Здоровье
770,social change,Общество
771,physics,Наука
771,sustainability,Экология
772,artificial intelligence,Технологии
772,war,Общество
772,women,Общество
773,climate change,Экология
773,future,Технологии
773,innovation,Технологии
773,personal growth,Образование
773,space,Наука
774,economics,Бизнес
774,history,Общество
774,medicine,Здоровье
775,biology,Наука
775,environment,Экология
775,innovation,Технологии
775,internet,Технологии
776,design,Дизайн
776,learning,Образование
776,politics,Общество
776,society,Общество
776,space,Наука
777,music,Искусство
778,space,Наука
778,technology,Технологии
779,biology,Наука
779,social change,Общество
780,art,Искусство
780,climate change,Экология
780,politics,Общество
781,brain,Наука
781,health,Здоровье
781,science,Наука
782,medicine,Здоровье
782,personal growth,Образование
782,women,Общество
783,space,Наука
783,sustainability,Экология
783,women,Общество
784,communication,Образование
784,history,Общество
785,global issues,Общество
786,business,Бизнес
786,education,Образование
786,music,Искусство
786,politics,Общество
787,history,Общество
788,brain,Наука
788,space,Наука
788,war,Общество
789,internet,Технологии
789,leadership,Бизнес
789,medicine,Здоровье
789,politics,Общество
790,communication,Образование
790,environment,Экология
790,politics,Общество
791,biology,Наука
791,sustainability,Экология
792,humanity,Общество
792,sustainability,Экология
793,politics,Общество
793,society,Общество
794,artificial intelligence,Технологии
794,creativity,Искусство
794,education,Образование
794,history,Общество
795,climate change,Экология
795,personal growth,Образование
796,communication,Образование
796,innovation,Технологии
796,learning,Образование
796,space,Наука
797,communication,Образование
797,education,Образование
797,history,Общество
798,brain,Наука
798,climate change,Экология
798,communication,Образование
798,politics,Общество
799,business,Бизнес
799,history,Общество
799,music,Искусство
799,society,Общество
800,internet,Технологии
800,medicine,Здоровье
800,war,Общество
801,business,Бизнес
801,science,Наука
802,biology,Наука
802,identity,Общество
803,environment,Экология
803,history,Общество
803,learning,Образование
803,medicine,Здоровье
804,culture,Общество
804,politics,Общество
804,war,Общество
805,creativity,Искусство
805,internet,Технологии
805,war,Общество
806,education,Образование
806,humanity,Общество
806,medicine,Здоровье
806,music,Искусство
807,physics,Наука
807,space,Наука
807,storytelling,Искусство
808,business,Бизнес
808,psychology,Общество
808,storytelling,Искусство
809,architecture,Дизайн
809,economics,Бизнес
809,education,Образование
809,physics,Наука
810,data,Технологии
810,personal growth,Образование
810,politics,Общество
811,medicine,Здоровье
811,music,Искусство
812,health,Здоровье
812,internet,Технологии
812,music,Искусство
812,war,Общество
813,architecture,Дизайн
813,brain,Наука
813,leadership,Бизнес
813,learning,Образование
813,space,Наука
814,brain,Наука
814,communication,Образование
814,innovation,Технологии
814,politics,Общество
815,communication,Образование
815,humanity,Общество
815,leadership,Бизнес
815,science,Наука
815,war,Общество
816,brain,Наука
816,climate change,Экология
816,future,Технологии
816,health,Здоровье
816,society,Общество
817,environment,Экология
817,health,Здоровье
817,sustainability,Экология
817,war,Общество
818,brain,Наука
818,leadership,Бизнес
818,medicine,Здоровье
818,sustainability,Экология
819,humanity,Общество
819,innovation,Технологии
819,women,Общество
820,health,Здоровье
820,social change,Общество
821,music,Искусство
821,social change,Общество
821,society,Общество
822,design,Дизайн
822,storytelling,Искусство
822,war,Общество
823,culture,Общество
823,humanity,Общество
823,learning,Образование
823,music,Искусство
824,communication,Образование
824,economics,Бизнес
825,education,Образование
825,sustainability,Экология
825,technology,Технологии
825,women,Общество
826,communication,Образование
826,history,Общество
826,politics,Общество
827,biology,Наука
827,climate change,Экология
827,internet,Технологии
827,war,Общество
828,climate change,Экология
828,medicine,Здоровье
828,social change,Общество
829,art,Искусство
829,creativity,Искусство
829,internet,Технологии
830,humanity,Общество
830,sustainability,Экология
830,women,Общество
831,identity,Общество
831,society,Общество
831,war,Общество
832,business,Бизнес
832,economics,Бизнес
832,health,Здоровье
833,health,Здоровье
833,personal growth,Образование
834,data,Технологии
834,economics,Бизнес
834,personal growth,Образование
834,physics,Наука
835,climate change,Экология
835,innovation,Технологии
835,physics,Наука
836,business,Бизнес
837,health,Здоровье
837,society,Общество
837,sustainability,Экология
838,architecture,Дизайн
838,brain,Наука
838,culture,Общество
838,medicine,Здоровье
838,space,Наука
839,climate change,Экология
839,communication,Образование
839,environment,Экология
839,psychology,Общество
839,social change,Общество
840,culture,Общество
840,war,Общество
841,environment,Экология
841,physics,Наука
842,data,Технологии
842,society,Общество
843,climate change,Экология
843,economics,Бизнес
843,music,Искусство
843,space,Наука
844,culture,Общество
844,design,Дизайн
844,personal growth,Образование
845,artificial intelligence,Технологии
845,communication,Образование
845,future,Технологии
845,personal growth,Образование
845,women,Общество
846,brain,Наука
846,creativity,Искусство
847,architecture,Дизайн
847,data,Технологии
847,education,Образование
847,women,Общество
848,communication,Образование
848,history,Общество
849,design,Дизайн
849,medicine,Здоровье
849,science,Наука
850,artificial intelligence,Технологии
850,culture,Общество
850,design,Дизайн
850,future,Технологии
850,learning,Образование
851,economics,Бизнес
851,innovation,Технологии
851,social change,Общество
851,sustainability,Экология
852,business,Бизнес
852,climate change,Экология
852,leadership,Бизнес
853,health,Здоровье
853,humanity,Общество
853,leadership,Бизнес
853,music,Искусство
853,war,Общество
854,business,Бизнес
854,creativity,Искусство
854,culture,Общество
854,science,Наука
854,technology,Технологии
855,women,Общество
856,culture,Общество
856,leadership,Бизнес
857,brain,Наука
857,music,Искусство
858,environment,Экология
858,science,Наука
858,women,Общество
859,culture,Общество
859,data,Технологии
859,health,Здоровье
860,architecture,Дизайн
860,learning,Образование
861,innovation,Технологии
861,internet,Технологии
862,art,Искусство
862,identity,Общество
862,psychology,Общество
863,art,Искусство
863,education,Образование
863,medicine,Здоровье
863,war,Общество
864,climate change,Экология
864,environment,Экология
864,science,Наука
865,innovation,Технологии
865,women,Общество
866,economics,Бизнес
866,global issues,Общество
866,physics,Наука
867,brain,Наука
867,climate change,Экология
867,medicine,Здоровье
868,design,Дизайн
868,global issues,Общество
868,internet,Технологии
868,learning,Образование
868,space,Наука
869,politics,Общество
869,society,Общество
870,business,Бизнес
870,design,Дизайн
870,learning,Образование
871,history,Общество
871,innovation,Технологии
872,storytelling,Искусство
873,future,Технологии
873,science,Наука
873,society,Общество
874,climate change,Экология
874,global issues,Общество
874,internet,Технологии
874,psychology,Общество
874,science,Наука
875,environment,Экология
876,creativity,Искусство
876,music,Искусство
876,politics,Общество
877,brain,Наука
877,culture,Общество
877,data,Технологии
877,medicine,Здоровье
878,architecture,Дизайн
878,artificial intelligence,Технологии
878,brain,Наука
878,economics,Бизнес
878,innovation,Технологии
879,environment,Экология
879,future,Технологии
880,learning,Образование
880,physics,Наука
881,health,Здоровье
881,personal growth,Образование
882,biology,Наука
882,innovation,Технологии
883,design,Дизайн
883,future,Технологии
883,leadership,Бизнес
883,physics,Наука
883,space,Наука
884,data,Технологии
884,design,Дизайн
885,personal growth,Образование
885,storytelling,Искусство
886,climate change,Экология
886,science,Наука
886,social change,Общество
886,storytelling,Искусство
887,storytelling,Искусство
887,sustainability,Экология
887,technology,Технологии
888,brain,Наука
888,education,Образование
888,health,Здоровье
888,internet,Технологии
888,physics,Наука
889,artificial intelligence,Технологии
889,communication,Образование
889,future,Технологии
889,humanity,Общество
889,women,Общество
890,politics,Общество
890,storytelling,Искусство
890,sustainability,Экология
890,war,Общество
891,sustainability,Экология
892,communication,Образование
892,culture,Общество
892,humanity,Общество
892,learning,Образование
892,politics,Общество
893,learning,Образование
893,medicine,Здоровье
894,architecture,Дизайн
894,global issues,Общество
895,culture,Общество
895,humanity,Общество
895,innovation,Технологии
895,personal growth,Образование
896,creativity,Искусство
896,sustainability,Экология
897,art,Искусство
897,psychology,Общество
897,science,Наука
898,climate change,Экология
898,internet,Технологии
898,women,Общество
899,history,Общество
899,internet,Технологии
899,personal growth,Образование
899,physics,Наука
900,communication,Образование
900,identity,Общество
900,society,Общество
901,education,Образование
901,physics,Наука
902,business,Бизнес
902,education,Образование
902,history,Общество
902,storytelling,Искусство
903,creativity,Искусство
903,economics,Бизнес
904,art,Искусство
904,society,Общество
904,space,Наука
904,sustainability,Экология
905,economics,Бизнес
905,medicine,Здоровье
905,science,Наука
906,economics,Бизнес
906,innovation,Технологии
906,society,Общество
907,environment,Экология
907,leadership,Бизнес
907,learning,Образование
908,physics,Наука
908,war,Общество
909,architecture,Дизайн
909,global issues,Общество
909,society,Общество
910,artificial intelligence,Технологии
910,brain,Наука
910,creativity,Искусство
910,global issues,Общество
910,politics,Общество
911,biology,Наука
911,data,Технологии
911,future,Технологии
911,personal growth,Образование
911,sustainability,Экология
912,biology,Наука
912,environment,Экология
912,future,Технологии
912,science,Наука
913,business,Бизнес
913,communication,Образование
913,learning,Образование
914,global issues,Общество
914,identity,Общество
914,internet,Технологии
914,leadership,Бизнес
915,medicine,Здоровье
915,psychology,Общество
916,future,Технологии
916,learning,Образование
916,space,Наука
917,environment,Экология
917,global issues,Общество
917,history,Общество
917,society,Общество
918,climate change,Экология
918,environment,Экология
918,history,Общество
918,storytelling,Искусство
918,women,Общество
919,climate change,Экология
919,environment,Экология
919,global issues,Общество
919,humanity,Общество
920,climate change,Экология
920,future,Технологии
920,learning,Образование
921,business,Бизнес
921,design,Дизайн
921,history,Общество
921,personal growth,Образование
922,history,Общество
922,society,Общество
922,war,Общество
922,women,Общество
923,climate change,Экология
923,education,Образование
924,storytelling,Искусство
925,creativity,Искусство
925,humanity,Общество
925,psychology,Общество
926,design,Дизайн
926,social change,Общество
927,artificial intelligence,Технологии
927,data,Технологии
928,climate change,Экология
928,creativity,Искусство
929,climate change,Экология
929,data,Технологии
929,science,Наука
930,communication,Образование
930,design,Дизайн
930,future,Технологии
930,psychology,Общество
930,war,Общество
931,architecture,Дизайн
931,internet,Технологии
931,leadership,Бизнес
931,war,Общество
932,history,Общество
933,health,Здоровье
933,health,Здоровье
933,science,Наука
933,technology,Технологии
934,future,Технологии
934,internet,Технологии
934,space,Наука
934,technology,Технологии
935,data,Технологии
935,environment,Экология
935,sustainability,Экология
936,culture,Общество
936,health,Здоровье
936,music,Искусство
937,identity,Общество
937,personal growth,Образование
937,sustainability,Экология
938,climate change,Экология
939,personal growth,Образование
939,society,Общество
939,war,Общество
940,biology,Наука
940,education,Образование
940,identity,Общество
941,art,Искусство
941,medicine,Здоровье
942,architecture,Дизайн
942,brain,Наука
942,history,Общество
942,physics,Наука
943,architecture,Дизайн
943,internet,Технологии
943,women,Общество
944,economics,Бизнес
944,psychology,Общество
945,brain,Наука
945,environment,Экология
945,innovation,Технологии
945,learning,Образование
945,psychology,Общество
946,climate change,Экология
947,learning,Образование
947,science,Наука
948,data,Технологии
948,health,Здоровье
948,internet,Технологии
948,sustainability,Экология
948,technology,Технологии
949,communication,Образование
949,design,Дизайн
949,education,Образование
950,internet,Технологии
950,society,Общество
950,space,Наука
951,biology,Наука
951,leadership,Бизнес
951,physics,Наука
952,economics,Бизнес
952,education,Образование
952,music,Искусство
953,artificial intelligence,Технологии
953,economics,Бизнес
953,physics,Наука
953,psychology,Общество
954,economics,Бизнес
954,humanity,Общество
954,society,Общество
954,space,Наука
955,economics,Бизнес
955,environment,Экология
955,learning,Образование
956,leadership,Бизнес
956,learning,Образование
956,personal growth,Образование
956,psychology,Общество
956,war,Общество
957,art,Искусство
957,artificial intelligence,Технологии
957,innovation,Технологии
958,art,Искусство
958,economics,Бизнес
958,future,Технологии
959,climate change,Экология
959,culture,Общество
959,future,Технологии
959,politics,Общество
960,economics,Бизнес
960,history,Общество
960,space,Наука
960,sustainability,Экология
961,learning,Образование
961,social change,Общество
961,space,Наука
962,politics,Общество
962,psychology,Общество
962,society,Общество
963,internet,Технологии
963,medicine,Здоровье
963,psychology,Общество
963,society,Общество
963,war,Общество
964,climate change,Экология
964,leadership,Бизнес
964,medicine,Здоровье
964,society,Общество
965,biology,Наука
965,communication,Образование
965,science,Наука
965,sustainability,Экология
966,health,Здоровье
966,women,Общество
967,education,Образование
967,environment,Экология
967,social change,Общество
967,society,Общество
968,politics,Общество
968,war,Общество
969,climate change,Экология
969,future,Технологии
969,physics,Наука
970,storytelling,Искусство
971,innovation,Технологии
971,psychology,Общество
972,brain,Наука
972,innovation,Технологии
972,music,Искусство
972,science,Наука
972,society,Общество
973,brain,Наука
973,social change,Общество
973,war,Общество
974,architecture,Дизайн
974,climate change,Экология
974,education,Образование
974,future,Технологии
975,brain,Наука
975,design,Дизайн
975,environment,Экология
975,humanity,Общество
976,artificial intelligence,Технологии
976,culture,Общество
976,history,Общество
977,health,Здоровье
977,war,Общество
978,climate change,Экология
978,creativity,Искусство
978,space,Наука
979,environment,Экология
979,global issues,Общество
979,medicine,Здоровье
979,science,Наука
979,space,Наука
980,architecture,Дизайн
980,climate change,Экология
980,space,Наука
981,innovation,Технологии
981,internet,Технологии
981,science,Наука
981,space,Наука
982,art,Искусство
982,culture,Общество
982,psychology,Общество
983,architecture,Дизайн
983,brain,Наука
984,artificial intelligence,Технологии
985,art,Искусство
985,politics,Общество
986,data,Технологии
987,business,Бизнес
987,creativity,Искусство
987,technology,Технологии
987,war,Общество
988,business,Бизнес
988,climate change,Экология
988,science,Наука
989,data,Технологии
989,music,Искусство
989,space,Наука
990,future,Технологии
990,personal growth,Образование
990,storytelling,Искусство
991,art,Искусство
991,future,Технологии
991,learning,Образование
992,climate change,Экология
992,social change,Общество
992,sustainability,Экология
993,biology,Наука
993,global issues,Общество
993,social change,Общество
994,creativity,Искусство
995,design,Дизайн
996,climate change,Экология
996,education,Образование
996,society,Общество
997,artificial intelligence,Технологии
997,communication,Образование
997,innovation,Технологии
998,architecture,Дизайн
998,medicine,Здоровье
998,personal growth,Образование
998,storytelling,Искусство
999,internet,Технологии
999,music,Искусство
1000,health,Здоровье
1000,history,Общество
1000,psychology,Общество
1000,space,Наука
1000,technology,Технологии
1001,economics,Бизнес
1001,environment,Экология
1001,personal growth,Образование
1002,architecture,Дизайн
1002,design,Дизайн
1002,future,Технологии
1002,space,Наука
1003,humanity,Общество
1003,society,Общество
1004,brain,Наука
1004,design,Дизайн
1004,society,Общество
1005,leadership,Бизнес
1006,personal growth,Образование
1007,biology,Наука
1007,global issues,Общество
1007,humanity,Общество
1007,storytelling,Искусство
1008,identity,Общество
1008,storytelling,Искусство
1008,storytelling,Искусство
1009,identity,Общество
1009,physics,Наука
1010,architecture,Дизайн
1010,sustainability,Экология
1011,education,Образование
1011,health,Здоровье
1012,artificial intelligence,Технологии
1012,communication,Образование
1012,economics,Бизнес
1012,sustainability,Экология
1012,technology,Технологии
1013,architecture,Дизайн
1013,global issues,Общество
1013,science,Наука
1013,storytelling,Искусство
1013,war,Общество
1014,artificial intelligence,Технологии
1014,business,Бизнес
1014,internet,Технологии
1014,music,Искусство
1014,sustainability,Экология
1015,architecture,Дизайн
1015,artificial intelligence,Технологии
1016,design,Дизайн
1016,humanity,Общество
1016,identity,Общество
1016,leadership,Бизнес
1016,personal growth,Образование
1017,environment,Экология
1017,space,Наука
1018,internet,Технологии
1018,learning,Образование
1019,art,Искусство
1019,global issues,Общество
1020,art,Искусство
1020,social change,Общество
1021,leadership,Бизнес
1022,art,Искусство
1022,biology,Наука
1022,culture,Общество
1022,learning,Образование
1023,artificial intelligence,Технологии
1023,social change,Общество
1024,humanity,Общество
1024,physics,Наука
1024,technology,Технологии
1025,creativity,Искусство
1025,environment,Экология
1025,health,Здоровье
1025,innovation,Технологии
1026,future,Технологии
1026,humanity,Общество
1027,business,Бизнес
1027,culture,Общество
1027,data,Технологии
1027,society,Общество
1027,space,Наука
1028,biology,Наука
1028,creativity,Искусство
1028,war,Общество
1029,art,Искусство
1029,artificial intelligence,Технологии
1029,future,Технологии
1029,politics,Общество
1029,social change,Общество
1030,business,Бизнес
1030,music,Искусство
1030,war,Общество
1031,culture,Общество
1031,design,Дизайн
1031,education,Образование
1032,personal growth,Образование
1032,politics,Общество
1032,space,Наука
1033,business,Бизнес
1033,climate change,Экология
1033,medicine,Здоровье
1033,music,Искусство
1033,sustainability,Экология
1034,art,Искусство
1034,data,Технологии
1034,leadership,Бизнес
1035,art,Искусство
1035,communication,Образование
1035,medicine,Здоровье
1035,personal growth,Образование
1035,women,Общество
1036,future,Технологии
1036,sustainability,Экология
1037,biology,Наука
1037,business,Бизнес
1037,leadership,Бизнес
1038,communication,Образование
1038,data,Технологии
1038,identity,Общество
1039,learning,Образование
1040,culture,Общество
1041,creativity,Искусство
1041,education,Образование
1042,data,Технологии
1042,learning,Образование
1043,biology,Наука
1043,business,Бизнес
1043,creativity,Искусство
1044,brain,Наука
1044,climate change,Экология
1044,war,Общество
1045,art,Искусство
1045,health,Здоровье
1046,economics,Бизнес
1046,innovation,Технологии
1047,climate change,Экология
1047,politics,Общество
1048,global issues,Общество
1049,biology,Наука
1049,identity,Общество
1049,war,Общество
1050,war,Общество
1051,future,Технологии
1051,humanity,Общество
1052,education,Образование
1052,storytelling,Искусство
1053,history,Общество
1054,global issues,Общество
1054,humanity,Общество
1054,storytelling,Искусство
1055,brain,Наука
1056,environment,Экология
1056,space,Наука
1057,creativity,Искусство
1057,storytelling,Искусство
1058,biology,Наука
1058,brain,Наука
1058,psychology,Общество
1058,war,Общество
1059,biology,Наука
1059,personal growth,Образование
1060,climate change,Экология
1060,health,Здоровье
1060,social change,Общество
1061,climate change,Экология
1061,identity,Общество
1061,society,Общество
1062,space,Наука
1063,medicine,Здоровье
1063,physics,Наука
1064,communication,Образование
1064,culture,Общество
1064,learning,Образование
1065,artificial intelligence,Технологии
1065,identity,Общество
1065,society,Общество
1066,communication,Образование
1066,environment,Экология
1066,politics,Общество
1067,learning,Образование
1067,physics,Наука
1068,global issues,Общество
1069,artificial intelligence,Технологии
1069,data,Технологии
1069,health,Здоровье
1070,business,Бизнес
1070,climate change,Экология
1070,environment,Экология
1071,brain,Наука
1071,environment,Экология
1072,environment,Экология
1072,history,Общество
1072,psychology,Общество
1072,sustainability,Экология
1073,brain,Наука
1073,learning,Образование
1073,women,Общество
1074,economics,Бизнес
1074,innovation,Технологии
1074,music,Искусство
1074,personal growth,Образование
1075,economics,Бизнес
1075,space,Наука
1075,war,Общество
1076,economics,Бизнес
1076,medicine,Здоровье
1077,business,Бизнес
1077,identity,Общество
1077,internet,Технологии
1077,medicine,Здоровье
1078,business,Бизнес
1078,humanity,Общество
1079,social change,Общество
1080,creativity,Искусство
1080,data,Технологии
1081,art,Искусство
1081,culture,Общество
1081,future,Технологии
1081,global issues,Общество
1081,health,Здоровье
1082,art,Искусство
1082,education,Образование
1082,education,Образование
1082,women,Общество
1083,creativity,Искусство
1083,culture,Общество
1083,physics,Наука
1084,artificial intelligence,Технологии
1084,communication,Образование
1084,medicine,Здоровье
1085,art,Искусство
1085,identity,Общество
1085,music,Искусство
1086,brain,Наука
1086,politics,Общество
1086,space,Наука
1087,architecture,Дизайн
1087,health,Здоровье
1087,medicine,Здоровье
1088,climate change,Экология
1088,humanity,Общество
1088,psychology,Общество
1088,space,Наука
1089,architecture,Дизайн
1089,creativity,Искусство
1089,physics,Наука
1089,space,Наука
1090,brain,Наука
1090,business,Бизнес
1090,personal growth,Образование
1091,culture,Общество
1091,humanity,Общество
1091,learning,Образование
1092,design,Дизайн
1092,history,Общество
1092,humanity,Общество
1093,data,Технологии
1093,leadership,Бизнес
1093,politics,Общество
1094,business,Бизнес
1094,education,Образование
1094,storytelling,Искусство
1095,creativity,Искусство
1095,data,Технологии
1095,science,Наука
1095,society,Общество
1096,biology,Наука
1096,design,Дизайн
1096,leadership,Бизнес
1097,brain,Наука
1097,business,Бизнес
1097,design,Дизайн
1097,science,Наука
1097,space,Наука
1098,creativity,Искусство
1098,culture,Общество
1098,environment,Экология
1098,psychology,Общество
1098,war,Общество
1099,internet,Технологии
1099,psychology,Общество
1100,artificial intelligence,Технологии
1100,health,Здоровье
1100,history,Общество
1100,leadership,Бизнес
1100,physics,Наука
1101,brain,Наука
1101,design,Дизайн
1101,education,Образование
1101,identity,Общество
1102,global issues,Общество
1102,war,Общество
1103,identity,Общество
1103,storytelling,Искусство
1104,design,Дизайн
1104,history,Общество
1104,learning,Образование
1104,society,Общество
1104,space,Наука
1105,brain,Наука
1105,innovation,Технологии
1105,society,Общество
1106,creativity,Искусство
1106,design,Дизайн
1106,medicine,Здоровье
1107,climate change,Экология
1107,communication,Образование
1108,physics,Наука
1109,business,Бизнес
1109,culture,Общество
1109,design,Дизайн
1109,health,Здоровье
1109,society,Общество
1110,artificial intelligence,Технологии
1110,brain,Наука
1110,sustainability,Экология
1110,war,Общество
1111,education,Образование
1111,health,Здоровье
1111,innovation,Технологии
1111,women,Общество
1112,biology,Наука
1112,business,Бизнес
1112,technology,Технологии
1113,artificial intelligence,Технологии
1113,identity,Общество
1114,future,Технологии
1114,global issues,Общество
1114,music,Искусство
1115,art,Искусство
1115,design,Дизайн
1115,music,Искусство
1116,business,Бизнес
1116,music,Искусство
1116,psychology,Общество
1117,health,Здоровье
1117,history,Общество
1118,history,Общество
1118,identity,Общество
1118,psychology,Общество
1118,space,Наука
1119,communication,Образование
1119,future,Технологии
1119,music,Искусство
1120,architecture,Дизайн
1120,data,Технологии
1120,psychology,Общество
1121,communication,Образование
1122,biology,Наука
1122,creativity,Искусство
1122,economics,Бизнес
1122,environment,Экология
1122,learning,Образование
1123,artificial intelligence,Технологии
1123,learning,Образование
1123,society,Общество
1124,education,Образование
1124,health,Здоровье
1124,leadership,Бизнес
1125,psychology,Общество
1125,technology,Технологии
1126,internet,Технологии
1126,technology,Технологии
1127,culture,Общество
1127,women,Общество
1128,biology,Наука
1128,education,Образование
1128,technology,Технологии
1129,biology,Наука
1130,artificial intelligence,Технологии
1130,climate change,Экология
1130,society,Общество
1131,environment,Экология
1132,biology,Наука
1132,culture,Общество
1132,culture,Общество
1132,economics,Бизнес
1132,personal growth,Образование
1133,architecture,Дизайн
1133,identity,Общество
1134,business,Бизнес
1134,design,Дизайн
1134,politics,Общество
1134,science,Наука
1135,history,Общество
1135,humanity,Общество
1135,women,Общество
1136,architecture,Дизайн
1136,art,Искусство
1136,climate change,Экология
1136,society,Общество
1136,storytelling,Искусство
1137,leadership,Бизнес
1138,psychology,Общество
1138,society,Общество
1139,artificial intelligence,Технологии
1139,environment,Экология
1139,internet,Технологии
1139,society,Общество
1139,sustainability,Экология
1140,war,Общество
1141,health,Здоровье
1141,identity,Общество
1141,leadership,Бизнес
1141,personal growth,Образование
1141,technology,Технологии
1142,business,Бизнес
1142,design,Дизайн
1142,health,Здоровье
1142,science,Наука
1143,architecture,Дизайн
1143,education,Образование
1143,identity,Общество
1143,physics,Наука
1144,art,Искусство
1144,physics,Наука
1144,space,Наука
1145,data,Технологии
1145,global issues,Общество
1145,identity,Общество
1145,politics,Общество
1146,humanity,Общество
1146,innovation,Технологии
1147,humanity,Общество
1147,science,Наука
1147,storytelling,Искусство
1148,history,Общество
1148,innovation,Технологии
1148,social change,Общество
1149,physics,Наука
1150,learning,Образование
1150,sustainability,Экология
1151,identity,Общество
1151,politics,Общество
1151,social change,Общество
1152,environment,Экология
1152,society,Общество
1153,data,Технологии
1153,history,Общество
1153,leadership,Бизнес
1154,biology,Наука
1154,culture,Общество
1154,education,Образование
1154,future,Технологии
1154,global issues,Общество
1155,creativity,Искусство
1155,future,Технологии
1155,history,Общество
1155,technology,Технологии
1156,art,Искусство
1156,music,Искусство
1157,climate change,Экология
1157,social change,Общество
1157,storytelling,Искусство
1157,sustainability,Экология
1157,technology,Технологии
1158,brain,Наука
1158,future,Технологии
1158,psychology,Общество
1159,artificial intelligence,Технологии
1159,humanity,Общество
1159,psychology,Общество
1159,science,Наука
1160,architecture,Дизайн
1160,innovation,Технологии
1160,storytelling,Искусство
1161,education,Образование
1161,innovation,Технологии
1161,space,Наука
1162,art,Искусство
1162,business,Бизнес
1162,economics,Бизнес
1162,internet,Технологии
1162,medicine,Здоровье
1163,architecture,Дизайн
1163,creativity,Искусство
1163,culture,Общество
1163,war,Общество
1164,business,Бизнес
1165,architecture,Дизайн
1165,data,Технологии
1165,environment,Экология
1166,health,Здоровье
1166,identity,Общество
1166,society,Общество
1167,social change,Общество
1167,space,Наука
1168,society,Общество
1168,space,Наука
1169,architecture,Дизайн
1169,future,Технологии
1169,identity,Общество
1170,art,Искусство
1170,design,Дизайн
1170,future,Технологии
1170,innovation,Технологии
1171,education,Образование
1171,humanity,Общество
1171,storytelling,Искусство
1171,technology,Технологии
1172,future,Технологии
1172,social change,Общество
1173,women,Общество
1174,artificial intelligence,Технологии
1174,politics,Общество
1175,data,Технологии
1175,education,Образование
1175,technology,Технологии
1176,health,Здоровье
1176,internet,Технологии
1177,art,Искусство
1177,music,Искусство
1177,technology,Технологии
1177,war,Общество
1178,design,Дизайн
1178,history,Общество
1178,personal growth,Образование
1178,social change,Общество
1178,society,Общество
1179,biology,Наука
1179,music,Искусство
1179,storytelling,Искусство
1180,global issues,Общество
1180,identity,Общество
1181,communication,Образование
1181,education,Образование
1181,global issues,Общество
1181,space,Наука
1182,art,Искусство
1182,culture,Общество
1182,education,Образование
1182,environment,Экология
1182,health,Здоровье
1183,architecture,Дизайн
1184,architecture,Дизайн
1185,culture,Общество
1185,health,Здоровье
1185,space,Наука
1185,war,Общество
1186,biology,Наука
1186,communication,Образование
1186,education,Образование
1186,society,Общество
1186,sustainability,Экология
1187,design,Дизайн
1188,artificial intelligence,Технологии
1188,communication,Образование
1188,education,Образование
1188,personal growth,Образование
1188,social change,Общество
1189,future,Технологии
1189,science,Наука
1189,women,Общество
1190,culture,Общество
1190,humanity,Общество
1191,psychology,Общество
1191,science,Наука
1192,identity,Общество
1192,social change,Общество
1192,storytelling,Искусство
1193,design,Дизайн
1193,history,Общество
1193,personal growth,Образование
1193,space,Наука
1194,climate change,Экология
1194,economics,Бизнес
1194,psychology,Общество
1194,social change,Общество
1195,medicine,Здоровье
1195,social change,Общество
1196,biology,Наука
1196,data,Технологии
1196,education,Образование
1196,personal growth,Образование
1197,physics,Наука
1198,data,Технологии
1198,economics,Бизнес
1198,history,Общество
1198,innovation,Технологии
1199,climate change,Экология
1199,internet,Технологии
1199,physics,Наука
1199,society,Общество
1200,business,Бизнес
1200,music,Искусство
1200,space,Наука
1200,technology,Технологии
1201,design,Дизайн
1201,society,Общество
1201,technology,Технологии
1202,economics,Бизнес
1202,education,Образование
1202,environment,Экология
1202,leadership,Бизнес
1202,technology,Технологии
1203,data,Технологии
1203,society,Общество
1204,internet,Технологии
1204,women,Общество
1205,future,Технологии
1205,psychology,Общество
1206,climate change,Экология
1206,economics,Бизнес
1206,global issues,Общество
1206,innovation,Технологии
1206,medicine,Здоровье
1207,innovation,Технологии
1207,psychology,Общество
1208,biology,Наука
1208,creativity,Искусство
1208,environment,Экология
1208,physics,Наука
1209,education,Образование
1209,music,Искусство
1210,data,Технологии
1210,environment,Экология
1210,environment,Экология
1210,space,Наука
1211,design,Дизайн
1211,learning,Образование
1211,women,Общество
1212,history,Общество
1212,humanity,Общество
1212,learning,Образование
1213,education,Образование
1213,innovation,Технологии
1213,space,Наука
1214,economics,Бизнес
1214,storytelling,Искусство
1215,culture,Общество
1215,economics,Бизнес
1215,leadership,Бизнес
1216,internet,Технологии
1216,sustainability,Экология
1217,education,Образование
1217,identity,Общество
1217,music,Искусство
1218,creativity,Искусство
1218,environment,Экология
1218,identity,Общество
1218,science,Наука
1218,women,Общество
1219,society,Общество
1219,sustainability,Экология
1220,global issues,Общество
1220,medicine,Здоровье
1220,politics,Общество
1221,architecture,Дизайн
1221,biology,Наука
1221,science,Наука
1222,communication,Образование
1222,humanity,Общество
1222,sustainability,Экология
1223,biology,Наука
1223,humanity,Общество
1224,biology,Наука
1224,business,Бизнес
1224,communication,Образование
1224,medicine,Здоровье
1225,creativity,Искусство
1225,leadership,Бизнес
1225,psychology,Общество
1225,science,Наука
1225,war,Общество
1226,business,Бизнес
1226,space,Наука
1226,sustainability,Экология
1226,technology,Технологии
1227,data,Технологии
1227,economics,Бизнес
1227,storytelling,Искусство
1228,brain,Наука
1228,internet,Технологии
1229,climate change,Экология
1229,technology,Технологии
1230,business,Бизнес
1230,social change,Общество
1230,society,Общество
1230,women,Общество
1231,physics,Наука
1231,politics,Общество
1232,biology,Наука
1232,learning,Образование
1232,personal growth,Образование
1233,art,Искусство
1233,economics,Бизнес
1233,humanity,Общество
1234,environment,Экология
1234,personal growth,Образование
1235,communication,Образование
1235,data,Технологии
1235,war,Общество
1236,biology,Наука
1236,design,Дизайн
1236,music,Искусство
1237,design,Дизайн
1237,politics,Общество
1238,artificial intelligence,Технологии
1238,communication,Образование
1238,future,Технологии
1239,architecture,Дизайн
1239,innovation,Технологии
1240,education,Образование
1240,music,Искусство
1241,artificial intelligence,Технологии
1241,learning,Образование
1241,politics,Общество
1242,communication,Образование
1242,economics,Бизнес
1242,environment,Экология
1242,society,Общество
1243,artificial intelligence,Технологии
1243,society,Общество
1244,artificial intelligence,Технологии
1245,education,Образование
1246,artificial intelligence,Технологии
1247,brain,Наука
1247,economics,Бизнес
1247,medicine,Здоровье
1247,social change,Общество
1247,society,Общество
1248,climate change,Экология
1248,music,Искусство
1248,war,Общество
1249,biology,Наука
1249,climate change,Экология
1249,future,Технологии
1249,innovation,Технологии
1249,society,Общество
1250,architecture,Дизайн
1250,history,Общество
1250,space,Наука
1251,culture,Общество
1251,history,Общество
1251,politics,Общество
1251,technology,Технологии
1252,creativity,Искусство
1252,health,Здоровье
1252,war,Общество
1253,art,Искусство
1253,humanity,Общество
1253,psychology,Общество
1253,society,Общество
1254,business,Бизнес
1254,humanity,Общество
1254,women,Общество
1255,artificial intelligence,Технологии
1255,physics,Наука
1255,science,Наука
1256,art,Искусство
1256,business,Бизнес
1256,environment,Экология
1256,identity,Общество
1257,biology,Наука
1257,brain,Наука
1257,storytelling,Искусство
1258,art,Искусство
1258,climate change,Экология
1258,learning,Образование
1259,art,Искусство
1259,health,Здоровье
1259,history,Общество
1259,humanity,Общество
1259,women,Общество
1260,design,Дизайн
1260,history,Общество
1261,climate change,Экология
1261,communication,Образование
1261,environment,Экология
1261,music,Искусство
1261,war,Общество
1262,business,Бизнес
1262,climate change,Экология
1262,environment,Экология
1262,politics,Общество
1262,science,Наука
1263,climate change,Экология
1263,personal growth,Образование
1264,communication,Образование
1264,environment,Экология
1264,leadership,Бизнес
1264,music,Искусство
1264,social change,Общество
1265,internet,Технологии
1266,communication,Образование
1266,design,Дизайн
1266,social change,Общество
1267,business,Бизнес
1267,global issues,Общество
1267,history,Общество
1267,sustainability,Экология
1268,culture,Общество
1268,future,Технологии
1268,identity,Общество
1268,learning,Образование
1269,design,Дизайн
1269,environment,Экология
1270,education,Образование
1270,learning,Образование
1270,personal growth,Образование
1270,storytelling,Искусство
1270,sustainability,Экология
1271,artificial intelligence,Технологии
1271,brain,Наука
1271,economics,Бизнес
1271,environment,Экология
1271,leadership,Бизнес
1272,architecture,Дизайн
1272,culture,Общество
1272,design,Дизайн
1272,science,Наука
1272,society,Общество
1273,women,Общество
1274,communication,Образование
1274,education,Образование
1275,art,Искусство
1275,artificial intelligence,Технологии
1275,internet,Технологии
1275,physics,Наука
1275,society,Общество
1276,brain,Наука
1276,design,Дизайн
1276,sustainability,Экология
1277,history,Общество
1277,society,Общество
1278,learning,Образование
1278,psychology,Общество
1279,architecture,Дизайн
1279,global issues,Общество
1279,science,Наука
1280,music,Искусство
1280,war,Общество
1280,women,Общество
1281,design,Дизайн
1281,economics,Бизнес
1281,innovation,Технологии
1281,personal growth,Образование
1281,politics,Общество
1282,communication,Образование
1282,culture,Общество
1282,health,Здоровье
1283,communication,Образование
1283,personal growth,Образование
1283,sustainability,Экология
1283,women,Общество
1284,education,Образование
1284,learning,Образование
1284,physics,Наука
1284,psychology,Общество
1284,sustainability,Экология
1285,climate change,Экология
1285,culture,Общество
1285,music,Искусство
1285,space,Наука
1286,global issues,Общество
1286,personal growth,Образование
1286,society,Общество
1287,storytelling,Искусство
1287,sustainability,Экология
1287,war,Общество
1288,art,Искусство
1288,education,Образование
1288,innovation,Технологии
1288,personal growth,Образование
1289,climate change,Экология
1289,future,Технологии
1290,history,Общество
1290,space,Наука
1290,sustainability,Экология
1291,economics,Бизнес
1291,environment,Экология
1291,learning,Образование
1291,society,Общество
1292,technology,Технологии
1293,brain,Наука
1293,communication,Образование
1293,environment,Экология
1293,politics,Общество
1293,war,Общество
1294,business,Бизнес
1294,learning,Образование
1294,social change,Общество
1294,women,Общество
1295,innovation,Технологии
1296,internet,Технологии
1296,psychology,Общество
1297,art,Искусство
1297,climate change,Экология
1297,innovation,Технологии
1297,leadership,Бизнес
1298,climate change,Экология
1298,data,Технологии
1298,economics,Бизнес
1299,architecture,Дизайн
1299,data,Технологии
1299,leadership,Бизнес
1300,climate change,Экология
1300,health,Здоровье
1300,space,Наука
1301,global issues,Общество
1301,health,Здоровье
1301,history,Общество
1301,physics,Наука
1301,technology,Технологии
1302,biology,Наука
1302,design,Дизайн
1302,education,Образование
1302,health,Здоровье
1302,space,Наука
1303,music,Искусство
1303,politics,Общество
1303,sustainability,Экология
1304,leadership,Бизнес
1304,psychology,Общество
1304,storytelling,Искусство
1305,storytelling,Искусство
1306,personal growth,Образование
1306,politics,Общество
1306,society,Общество
1307,economics,Бизнес
1307,humanity,Общество
1307,learning,Образование
1307,psychology,Общество
1308,climate change,Экология
1308,economics,Бизнес
1308,science,Наука
1308,social change,Общество
1309,biology,Наука
1309,science,Наука
1310,art,Искусство
1310,brain,Наука
1310,communication,Образование
1310,creativity,Искусство
1310,environment,Экология
1311,architecture,Дизайн
1311,space,Наука
1312,health,Здоровье
1312,leadership,Бизнес
1312,psychology,Общество
1313,brain,Наука
1313,education,Образование
1313,learning,Образование
1313,war,Общество
1314,creativity,Искусство
1314,design,Дизайн
1314,psychology,Общество
1315,psychology,Общество
1315,war,Общество
1316,art,Искусство
1316,creativity,Искусство
1316,economics,Бизнес
1316,history,Общество
1317,art,Искусство
1318,art,Искусство
1318,brain,Наука
1318,education,Образование
1319,economics,Бизнес
1319,storytelling,Искусство
1319,women,Общество
1320,future,Технологии
1320,medicine,Здоровье
1320,politics,Общество
1320,storytelling,Искусство
1321,leadership,Бизнес
1321,psychology,Общество
1321,science,Наука
1322,art,Искусство
1322,artificial intelligence,Технологии
1322,communication,Образование
1323,brain,Наука
1323,climate change,Экология
1323,identity,Общество
1323,science,Наука
1323,sustainability,Экология
1324,biology,Наука
1325,architecture,Дизайн
1325,environment,Экология
1326,environment,Экология
1326,internet,Технологии
1326,music,Искусство
1327,humanity,Общество
1327,politics,Общество
1328,climate change,Экология
1328,education,Образование
1328,innovation,Технологии
1328,psychology,Общество
1328,technology,Технологии
1329,artificial intelligence,Технологии
1329,identity,Общество
1329,society,Общество
1330,brain,Наука
1330,culture,Общество
1330,data,Технологии
1330,design,Дизайн
1330,war,Общество
1331,architecture,Дизайн
1331,biology,Наука
1331,business,Бизнес
1331,leadership,Бизнес
1332,architecture,Дизайн
1332,health,Здоровье
1332,physics,Наука
1332,psychology,Общество
1333,creativity,Искусство
1333,women,Общество
1334,global issues,Общество
1334,learning,Образование
1335,data,Технологии
1335,future,Технологии
1335,social change,Общество
1336,climate change,Экология
1336,environment,Экология
1336,future,Технологии
1336,internet,Технологии
1336,women,Общество
1337,data,Технологии
1337,economics,Бизнес
1337,internet,Технологии
1337,medicine,Здоровье
1337,psychology,Общество
1338,artificial intelligence,Технологии
1338,psychology,Общество
1339,design,Дизайн
1339,medicine,Здоровье
1339,personal growth,Образование
1340,data,Технологии
1340,war,Общество
1341,brain,Наука
1341,creativity,Искусство
1341,innovation,Технологии
1341,politics,Общество
1342,biology,Наука
1342,business,Бизнес
1342,politics,Общество
1343,art,Искусство
1343,business,Бизнес
1343,creativity,Искусство
1343,humanity,Общество
1344,personal growth,Образование
1345,design,Дизайн
1345,music,Искусство
1345,sustainability,Экология
1346,art,Искусство
1346,medicine,Здоровье
1347,art,Искусство
1347,biology,Наука
1347,politics,Общество
1347,storytelling,Искусство
1348,data,Технологии
1348,global issues,Общество
1348,society,Общество
1349,environment,Экология
1349,science,Наука
1349,technology,Технологии
1350,humanity,Общество
1350,social change,Общество
1351,future,Технологии
1351,internet,Технологии
1351,psychology,Общество
1352,design,Дизайн
1352,education,Образование
1352,women,Общество
1353,data,Технологии
1353,global issues,Общество
1353,humanity,Общество
1353,psychology,Общество
1354,art,Искусство
1354,art,Искусство
1354,biology,Наука
1354,humanity,Общество
1354,music,Искусство
1355,design,Дизайн
1355,environment,Экология
1355,psychology,Общество
1356,artificial intelligence,Технологии
1356,data,Технологии
1356,humanity,Общество
1356,science,Наука
1357,architecture,Дизайн
1357,environment,Экология
1357,social change,Общество
1358,economics,Бизнес
1358,global issues,Общество
1359,architecture,Дизайн
1359,future,Технологии
1359,psychology,Общество
1359,storytelling,Искусство
1360,creativity,Искусство
1360,global issues,Общество
1360,social change,Общество
1361,humanity,Общество
1362,communication,Образование
1362,future,Технологии
1362,humanity,Общество
1363,art,Искусство
1364,architecture,Дизайн
1364,brain,Наука
1364,design,Дизайн
1364,leadership,Бизнес
1364,psychology,Общество
1365,data,Технологии
1366,social change,Общество
1366,space,Наука
1367,artificial intelligence,Технологии
1367,medicine,Здоровье
1368,artificial intelligence,Технологии
1368,innovation,Технологии
1369,future,Технологии
1370,design,Дизайн
1370,society,Общество
1371,global issues,Общество
1371,innovation,Технологии
1371,science,Наука
1372,health,Здоровье
1372,social change,Общество
1372,sustainability,Экология
1373,internet,Технологии
1373,technology,Технологии
1373,war,Общество
1374,business,Бизнес
1374,communication,Образование
1374,education,Образование
1374,technology,Технологии
1375,architecture,Дизайн
1375,health,Здоровье
1375,society,Общество
1375,technology,Технологии
1376,culture,Общество
1376,internet,Технологии
1376,sustainability,Экология
1376,war,Общество
1377,architecture,Дизайн
1377,biology,Наука
1377,learning,Образование
1377,technology,Технологии
1378,creativity,Искусство
1378,environment,Экология
1378,innovation,Технологии
1379,health,Здоровье
1379,space,Наука
1379,women,Общество
1380,architecture,Дизайн
1380,learning,Образование
1381,space,Наука
1382,medicine,Здоровье
1382,politics,Общество
1382,sustainability,Экология
1383,architecture,Дизайн
1383,medicine,Здоровье
1383,science,Наука
1383,society,Общество
1384,education,Образование
1384,future,Технологии
1384,history,Общество
1385,business,Бизнес
1385,music,Искусство
1385,war,Общество
1386,data,Технологии
1386,humanity,Общество
1386,technology,Технологии
1387,identity,Общество
1387,storytelling,Искусство
1388,culture,Общество
1388,medicine,Здоровье
1388,science,Наука
1388,space,Наука
1389,physics,Наука
1389,technology,Технологии
1390,biology,Наука
1390,technology,Технологии
1390,women,Общество
1391,humanity,Общество
1392,health,Здоровье
1392,politics,Общество
1392,storytelling,Искусство
1393,environment,Экология
1393,identity,Общество
1393,storytelling,Искусство
1394,creativity,Искусство
1394,identity,Общество
1394,society,Общество
1395,biology,Наука
1395,history,Общество
1396,architecture,Дизайн
1396,architecture,Дизайн
1396,climate change,Экология
1396,internet,Технологии
1396,politics,Общество
1397,economics,Бизнес
1398,business,Бизнес
1398,humanity,Общество
1398,innovation,Технологии
1398,science,Наука
1398,social change,Общество
1399,learning,Образование
1399,society,Общество
1399,war,Общество
1399,women,Общество
1400,identity,Общество
1400,society,Общество
1400,women,Общество
1401,communication,Образование
1401,innovation,Технологии
1401,science,Наука
1401,storytelling,Искусство
1402,creativity,Искусство
1402,humanity,Общество
1403,architecture,Дизайн
1403,health,Здоровье
1403,identity,Общество
1403,music,Искусство
1404,climate change,Экология
1404,environment,Экология
1404,storytelling,Искусство
1405,internet,Технологии
1405,music,Искусство
1405,sustainability,Экология
1405,technology,Технологии
1406,artificial intelligence,Технологии
1406,communication,Образование
1406,global issues,Общество
1406,humanity,Общество
1406,social change,Общество
1407,creativity,Искусство
1407,culture,Общество
1407,learning,Образование
1408,data,Технологии
1408,physics,Наука
1408,storytelling,Искусство
1408,war,Общество
1409,artificial intelligence,Технологии
1409,business,Бизнес
1409,personal growth,Образование
1409,psychology,Общество
1409,women,Общество
1410,science,Наука
1411,brain,Наука
1411,climate change,Экология
1411,creativity,Искусство
1411,science,Наука
1411,sustainability,Экология
1412,learning,Образование
1412,war,Общество
1413,design,Дизайн
1413,education,Образование
1413,society,Общество
1414,culture,Общество
1414,environment,Экология
1414,space,Наука
1415,architecture,Дизайн
1415,humanity,Общество
1415,medicine,Здоровье
1415,social change,Общество
1416,data,Технологии
1416,politics,Общество
1417,architecture,Дизайн
1418,brain,Наука
1418,society,Общество
1418,sustainability,Экология
1419,innovation,Технологии
1420,creativity,Искусство
1420,economics,Бизнес
1420,medicine,Здоровье
1421,environment,Экология
1421,learning,Образование
1421,physics,Наука
1422,future,Технологии
1422,history,Общество
1422,learning,Образование
1422,personal growth,Образование
1423,artificial intelligence,Технологии
1423,creativity,Искусство
1423,humanity,Общество
1424,climate change,Экология
1424,culture,Общество
1424,physics,Наука
1425,humanity,Общество
1425,society,Общество
1426,brain,Наука
1426,leadership,Бизнес
1426,politics,Общество
1426,social change,Общество
1426,space,Наука
1427,architecture,Дизайн
1427,education,Образование
1427,technology,Технологии
1428,design,Дизайн
1429,art,Искусство
1429,data,Технологии
1429,economics,Бизнес
1429,personal growth,Образование
1429,storytelling,Искусство
1430,climate change,Экология
1430,health,Здоровье
1430,innovation,Технологии
1430,storytelling,Искусство
1431,artificial intelligence,Технологии
1431,music,Искусство
1431,physics,Наука
1431,politics,Общество
1432,art,Искусство
1432,leadership,Бизнес
1432,learning,Образование
1432,politics,Общество
1432,storytelling,Искусство
1433,artificial intelligence,Технологии
1433,culture,Общество
1433,identity,Общество
1434,architecture,Дизайн
1434,art,Искусство
1434,biology,Наука
1434,brain,Наука
1434,data,Технологии
1435,space,Наука
1435,storytelling,Искусство
1435,women,Общество
1436,biology,Наука
1436,internet,Технологии
1436,sustainability,Экология
1437,data,Технологии
1437,history,Общество
1438,artificial intelligence,Технологии
1438,health,Здоровье
1438,leadership,Бизнес
1439,data,Технологии
1439,internet,Технологии
1440,communication,Образование
1441,brain,Наука
1441,business,Бизнес
1441,culture,Общество
1441,medicine,Здоровье
1441,storytelling,Искусство
1442,artificial intelligence,Технологии
1442,business,Бизнес
1442,economics,Бизнес
1442,internet,Технологии
1442,storytelling,Искусство
1443,health,Здоровье
1443,physics,Наука
1443,psychology,Общество
1443,storytelling,Искусство
1444,climate change,Экология
1444,history,Общество
1444,personal growth,Образование
1445,global issues,Общество
1445,internet,Технологии
1445,society,Общество
1445,women,Общество
1446,brain,Наука
1446,identity,Общество
1447,culture,Общество
1447,future,Технологии
1447,personal growth,Образование
1447,storytelling,Искусство
1447,storytelling,Искусство
1448,education,Образование
1448,health,Здоровье
1448,humanity,Общество
1449,artificial intelligence,Технологии
1449,brain,Наука
1449,society,Общество
1450,space,Наука
1451,architecture,Дизайн
1451,environment,Экология
1452,education,Образование
1452,history,Общество
1452,women,Общество
1453,climate change,Экология
1453,education,Образование
1453,education,Образование
1453,women,Общество
1454,architecture,Дизайн
1454,biology,Наука
1454,data,Технологии
1455,communication,Образование
1455,history,Общество
1455,science,Наука
1455,space,Наука
1456,science,Наука
1456,space,Наука
1457,communication,Образование
1457,psychology,Общество
1457,society,Общество
1458,space,Наука
1458,sustainability,Экология
1459,brain,Наука
1459,identity,Общество
1459,sustainability,Экология
1459,war,Общество
1460,global issues,Общество
1460,science,Наука
1460,women,Общество
1461,identity,Общество
1461,learning,Образование
1461,politics,Общество
1462,biology,Наука
1462,innovation,Технологии
1462,internet,Технологии
1462,psychology,Общество
1462,space,Наука
1463,design,Дизайн
1463,health,Здоровье
1463,science,Наука
1463,space,Наука
1464,leadership,Бизнес
1464,medicine,Здоровье
1465,design,Дизайн
1465,humanity,Общество
1466,communication,Образование
1466,design,Дизайн
1466,innovation,Технологии
1467,future,Технологии
1467,women,Общество
1468,economics,Бизнес
1468,education,Образование
1468,physics,Наука
1469,climate change,Экология
1469,design,Дизайн
1469,technology,Технологии
1470,education,Образование
1470,psychology,Общество
1471,artificial intelligence,Технологии
1471,biology,Наука
1471,data,Технологии
1472,biology,Наука
1472,innovation,Технологии
1472,leadership,Бизнес
1472,politics,Общество
1473,climate change,Экология
1473,creativity,Искусство
1473,design,Дизайн
1473,leadership,Бизнес
1473,psychology,Общество
1474,health,Здоровье
1474,science,Наука
1474,space,Наука
1474,storytelling,Искусство
1475,internet,Технологии
1475,society,Общество
1476,learning,Образование
1477,innovation,Технологии
1477,internet,Технологии
1477,storytelling,Искусство
1477,technology,Технологии
1478,climate change,Экология
1478,society,Общество
1478,technology,Технологии
1479,architecture,Дизайн
1479,business,Бизнес
1479,communication,Образование
1480,brain,Наука
1480,environment,Экология
1480,politics,Общество
1480,sustainability,Экология
1481,design,Дизайн
1481,health,Здоровье
1481,music,Искусство
1481,technology,Технологии
1482,science,Наука
1482,sustainability,Экология
1482,technology,Технологии
1483,history,Общество
1484,biology,Наука
1484,health,Здоровье
1484,innovation,Технологии
1484,war,Общество
1485,economics,Бизнес
1485,personal growth,Образование
1486,storytelling,Искусство
1487,education,Образование
1488,climate change,Экология
1488,leadership,Бизнес
1488,physics,Наука
1489,future,Технологии
1489,internet,Технологии
1489,internet,Технологии
1489,leadership,Бизнес
1490,biology,Наука
1490,education,Образование
1490,history,Общество
1491,identity,Общество
1491,space,Наука
1492,climate change,Экология
1492,design,Дизайн
1492,technology,Технологии
1492,women,Общество
1493,biology,Наука
1493,future,Технологии
1493,medicine,Здоровье
1494,climate change,Экология
1494,education,Образование
1494,health,Здоровье
1494,history,Общество
1494,innovation,Технологии
1495,design,Дизайн
1495,education,Образование
1495,personal growth,Образование
1495,physics,Наука
1495,technology,Технологии
1496,art,Искусство
1496,health,Здоровье
1496,identity,Общество
1496,physics,Наука
1497,culture,Общество
1497,medicine,Здоровье
1498,women,Общество
1499,brain,Наука
1499,culture,Общество
1499,medicine,Здоровье
1500,culture,Общество
1500,women,Общество
1501,future,Технологии
1501,leadership,Бизнес
1501,personal growth,Образование
1501,women,Общество
1502,space,Наука
1503,artificial intelligence,Технологии
1503,future,Технологии
1503,global issues,Общество
1503,health,Здоровье
1503,society,Общество
1504,education,Образование
1504,health,Здоровье
1504,psychology,Общество
1504,space,Наука
1505,culture,Общество
1505,environment,Экология
1505,history,Общество
1505,politics,Общество
1505,storytelling,Искусство
1506,communication,Образование
1506,communication,Образование
1506,creativity,Искусство
1506,medicine,Здоровье
1506,society,Общество
1507,future,Технологии
1507,politics,Общество
1507,storytelling,Искусство
1508,artificial intelligence,Технологии
1508,future,Технологии
1508,history,Общество
1508,psychology,Общество
1509,climate change,Экология
1509,design,Дизайн
1509,internet,Технологии
1509,psychology,Общество
1510,music,Искусство
1510,social change,Общество
1510,social change,Общество
1511,future,Технологии
1511,leadership,Бизнес
1511,science,Наука
1512,art,Искусство
1512,artificial intelligence,Технологии
1512,design,Дизайн
1512,design,Дизайн
1512,society,Общество
1513,space,Наука
1514,biology,Наука
1514,psychology,Общество
1514,space,Наука
1515,creativity,Искусство
1516,creativity,Искусство
1516,data,Технологии
1516,design,Дизайн
1516,humanity,Общество
1516,society,Общество
1517,politics,Общество
1517,science,Наука
1518,artificial intelligence,Технологии
1518,future,Технологии
1518,medicine,Здоровье
1518,psychology,Общество
1518,science,Наука
1519,design,Дизайн
1519,global issues,Общество
1519,women,Общество
1520,science,Наука
1520,social change,Общество
1521,design,Дизайн
1521,environment,Экология
1521,social change,Общество
1522,architecture,Дизайн
1522,culture,Общество
1522,technology,Технологии
1523,economics,Бизнес
1523,innovation,Технологии
1523,leadership,Бизнес
1523,storytelling,Искусство
1524,artificial intelligence,Технологии
1524,brain,Наука
1524,sustainability,Экология
1525,design,Дизайн
1525,environment,Экология
1525,women,Общество
1526,leadership,Бизнес
1527,data,Технологии
1527,politics,Общество
1527,space,Наука
1528,communication,Образование
1528,culture,Общество
1528,economics,Бизнес
1528,future,Технологии
1528,war,Общество
1529,culture,Общество
1529,environment,Экология
1529,innovation,Технологии
1529,music,Искусство
1530,economics,Бизнес
1531,artificial intelligence,Технологии
1531,data,Технологии
1532,creativity,Искусство
1532,internet,Технологии
1533,leadership,Бизнес
1533,physics,Наука
1533,storytelling,Искусство
1534,architecture,Дизайн
1534,communication,Образование
1535,creativity,Искусство
1535,learning,Образование
1535,space,Наука
1536,culture,Общество
1536,politics,Общество
1537,creativity,Искусство
1537,psychology,Общество
1538,climate change,Экология
1538,history,Общество
1538,sustainability,Экология
1539,future,Технологии
1539,leadership,Бизнес
1540,education,Образование
1540,environment,Экология
1540,leadership,Бизнес
1541,biology,Наука
1541,health,Здоровье
1541,politics,Общество
1542,biology,Наука
1542,education,Образование
1542,future,Технологии
1542,humanity,Общество
1543,medicine,Здоровье
1544,communication,Образование
1544,storytelling,Искусство
1544,sustainability,Экология
1545,art,Искусство
1545,climate change,Экология
1545,medicine,Здоровье
1545,social change,Общество
1545,space,Наука
1546,history,Общество
1546,social change,Общество
1547,architecture,Дизайн
1547,art,Искусство
1547,design,Дизайн
1547,leadership,Бизнес
1548,artificial intelligence,Технологии
1548,economics,Бизнес
1548,environment,Экология
1548,medicine,Здоровье
1548,science,Наука
1549,humanity,Общество
1550,identity,Общество
1550,psychology,Общество
1550,science,Наука
1551,artificial intelligence,Технологии
1551,culture,Общество
1551,health,Здоровье
1552,architecture,Дизайн
1552,innovation,Технологии
1553,culture,Общество
1553,design,Дизайн
1553,psychology,Общество
1553,war,Общество
1554,design,Дизайн
1554,leadership,Бизнес
1554,physics,Наука
1554,social change,Общество
1554,technology,Технологии
1555,politics,Общество
1555,women,Общество
1556,culture,Общество
1556,data,Технологии
1556,education,Образование
1557,business,Бизнес
1557,culture,Общество
1557,science,Наука
1558,creativity,Искусство
1558,personal growth,Образование
1559,art,Искусство
1559,creativity,Искусство
1559,health,Здоровье
1559,science,Наука
1560,communication,Образование
1560,global issues,Общество
1560,history,Общество
1560,learning,Образование
1560,women,Общество
1561,design,Дизайн
1562,art,Искусство
1562,environment,Экология
1562,learning,Образование
1563,global issues,Общество
1563,identity,Общество
1563,technology,Технологии
1563,women,Общество
1564,climate change,Экология
1564,design,Дизайн
1564,economics,Бизнес
1564,education,Образование
1565,art,Искусство
1565,design,Дизайн
1565,science,Наука
1566,environment,Экология
1566,identity,Общество
1566,learning,Образование
1566,social change,Общество
1566,society,Общество
1567,creativity,Искусство
1567,music,Искусство
1567,women,Общество
1568,education,Образование
1568,social change,Общество
1568,war,Общество
1569,architecture,Дизайн
1569,art,Искусство
1569,communication,Образование
1570,design,Дизайн
1570,global issues,Общество
1570,society,Общество
1571,future,Технологии
1572,economics,Бизнес
1572,humanity,Общество
1573,art,Искусство
1573,biology,Наука
1573,leadership,Бизнес
1573,learning,Образование
1573,storytelling,Искусство
1574,creativity,Искусство
1574,leadership,Бизнес
1574,social change,Общество
1575,medicine,Здоровье
1575,social change,Общество
1576,communication,Образование
1576,future,Технологии
1576,storytelling,Искусство
1577,brain,Наука
1577,learning,Образование
1578,sustainability,Экология
1579,communication,Образование
1579,environment,Экология
1579,music,Искусство
1579,space,Наука
1580,future,Технологии
1580,humanity,Общество
1580,physics,Наука
1580,society,Общество
1581,music,Искусство
1581,psychology,Общество
1581,science,Наука
1581,storytelling,Искусство
1582,creativity,Искусство
1582,women,Общество
1583,design,Дизайн
1583,medicine,Здоровье
1584,artificial intelligence,Технологии
1584,culture,Общество
1584,identity,Общество
1584,society,Общество
1585,economics,Бизнес
1585,society,Общество
1585,women,Общество
1586,culture,Общество
1586,personal growth,Образование
1586,psychology,Общество
1586,war,Общество
1587,social change,Общество
1588,business,Бизнес
1588,leadership,Бизнес
1588,medicine,Здоровье
1589,artificial intelligence,Технологии
1589,economics,Бизнес
1589,music,Искусство
1589,society,Общество
1589,sustainability,Экология
1590,technology,Технологии
1591,art,Искусство
1591,creativity,Искусство
1591,war,Общество
1592,art,Искусство
1592,identity,Общество
1592,society,Общество
1592,storytelling,Искусство
1593,humanity,Общество
1593,innovation,Технологии
1593,psychology,Общество
1593,science,Наука
1594,architecture,Дизайн
1594,culture,Общество
1594,economics,Бизнес
1594,future,Технологии
1594,technology,Технологии
1595,design,Дизайн
1595,science,Наука
1595,social change,Общество
1595,women,Общество
1596,brain,Наука
1596,identity,Общество
1596,storytelling,Искусство
1597,environment,Экология
1597,personal growth,Образование
1598,society,Общество
1598,storytelling,Искусство
1599,environment,Экология
1599,health,Здоровье
1599,space,Наука
1599,war,Общество
1600,economics,Бизнес
1600,humanity,Общество
1600,learning,Образование
1601,artificial intelligence,Технологии
1601,leadership,Бизнес
1602,health,Здоровье
1603,internet,Технологии
1603,personal growth,Образование
1603,politics,Общество
1603,women,Общество
1604,brain,Наука
1604,design,Дизайн
1604,learning,Образование
1604,politics,Общество
1605,art,Искусство
1605,internet,Технологии
1605,personal growth,Образование
1605,physics,Наука
1605,technology,Технологии
1606,politics,Общество
1607,brain,Наука
1607,creativity,Искусство
1607,future,Технологии
1607,leadership,Бизнес
1607,sustainability,Экология
1608,economics,Бизнес
1608,leadership,Бизнес
1608,war,Общество
1609,culture,Общество
1609,history,Общество
1610,art,Искусство
1610,business,Бизнес
1610,politics,Общество
1611,biology,Наука
1611,health,Здоровье
1611,storytelling,Искусство
1612,data,Технологии
1612,medicine,Здоровье
1612,politics,Общество
1613,design,Дизайн
1614,brain,Наука
1614,global issues,Общество
1614,science,Наука
1615,biology,Наука
1615,business,Бизнес
1615,culture,Общество
1615,innovation,Технологии
1615,society,Общество
1616,art,Искусство
1616,business,Бизнес
1616,technology,Технологии
1617,education,Образование
1617,humanity,Общество
1617,psychology,Общество
1617,society,Общество
1617,technology,Технологии
1618,communication,Образование
1618,learning,Образование
1618,learning,Образование
1618,medicine,Здоровье
1619,architecture,Дизайн
1619,creativity,Искусство
1619,innovation,Технологии
1620,history,Общество
1620,learning,Образование
1620,politics,Общество
1620,psychology,Общество
1620,women,Общество
1621,environment,Экология
1621,history,Общество
1622,data,Технологии
1622,humanity,Общество
1623,learning,Образование
1623,physics,Наука
1624,art,Искусство
1624,culture,Общество
1624,technology,Технологии
1625,climate change,Экология
1625,communication,Образование
1625,health,Здоровье
1625,humanity,Общество
1625,technology,Технологии
1626,creativity,Искусство
1626,social change,Общество
1627,women,Общество
1628,design,Дизайн
1628,women,Общество
1629,health,Здоровье
1629,personal growth,Образование
1630,culture,Общество
1631,business,Бизнес
1631,global issues,Общество
1631,war,Общество
1632,identity,Общество
1632,psychology,Общество
1632,social change,Общество
1633,future,Технологии
1633,global issues,Общество
1633,space,Наука
1634,biology,Наука
1634,design,Дизайн
1634,innovation,Технологии
1634,sustainability,Экология
1634,war,Общество
1635,environment,Экология
1635,internet,Технологии
1635,storytelling,Искусство
1636,brain,Наука
1636,humanity,Общество
1636,internet,Технологии
1636,society,Общество
1636,sustainability,Экология
1637,culture,Общество
1638,architecture,Дизайн
1638,medicine,Здоровье
1638,society,Общество
1639,business,Бизнес
1639,learning,Образование
1639,music,Искусство
1639,society,Общество
1640,history,Общество
1640,science,Наука
1640,sustainability,Экология
1641,creativity,Искусство
1641,education,Образование
1641,society,Общество
1642,artificial intelligence,Технологии
1642,environment,Экология
1643,environment,Экология
1643,sustainability,Экология
1644,biology,Наука
1644,identity,Общество
1644,society,Общество
1645,architecture,Дизайн
1645,artificial intelligence,Технологии
1645,health,Здоровье
1646,biology,Наука
1646,design,Дизайн
1646,society,Общество
1647,technology,Технологии
1647,women,Общество
1648,biology,Наука
1648,humanity,Общество
1648,music,Искусство
1649,business,Бизнес
1649,creativity,Искусство
1649,education,Образование
1650,climate change,Экология
1650,economics,Бизнес
1651,brain,Наука
1651,future,Технологии
1651,social change,Общество
1651,war,Общество
1652,design,Дизайн
1652,education,Образование
1652,storytelling,Искусство
1653,technology,Технологии
1654,communication,Образование
1654,music,Искусство
1654,science,Наука
1655,history,Общество
1655,politics,Общество
1655,sustainability,Экология
1656,business,Бизнес
1656,culture,Общество
1656,humanity,Общество
1656,war,Общество
1657,brain,Наука
1657,history,Общество
1657,innovation,Технологии
1657,women,Общество
1658,humanity,Общество
1658,women,Общество
1659,health,Здоровье
1659,social change,Общество
1660,artificial intelligence,Технологии
1660,creativity,Искусство
1660,education,Образование
1660,politics,Общество
1660,space,Наука
1661,data,Технологии
1661,global issues,Общество
1662,society,Общество
1663,data,Технологии
1663,physics,Наука
1663,science,Наука
1663,sustainability,Экология
1664,business,Бизнес
1664,climate change,Экология
1664,education,Образование
1664,storytelling,Искусство
1665,future,Технологии
1666,biology,Наука
1666,humanity,Общество
1666,internet,Технологии
1666,storytelling,Искусство
1667,data,Технологии
1667,music,Искусство
1667,technology,Технологии
1668,history,Общество
1668,internet,Технологии
1669,climate change,Экология
1669,economics,Бизнес
1669,health,Здоровье
1669,leadership,Бизнес
1669,medicine,Здоровье
1670,biology,Наука
1670,culture,Общество
1670,history,Общество
1670,personal growth,Образование
1670,war,Общество
1671,biology,Наука
1671,brain,Наука
1671,climate change,Экология
1671,climate change,Экология
1671,space,Наука
1671,storytelling,Искусство
1672,economics,Бизнес
1672,education,Образование
1672,global issues,Общество
1672,politics,Общество
1672,science,Наука
1673,artificial intelligence,Технологии
1673,music,Искусство
1674,art,Искусство
1674,future,Технологии
1674,politics,Общество
1675,artificial intelligence,Технологии
1675,communication,Образование
1675,economics,Бизнес
1675,medicine,Здоровье
1675,space,Наука
1676,architecture,Дизайн
1676,communication,Образование
1676,identity,Общество
1676,leadership,Бизнес
1677,global issues,Общество
1677,social change,Общество
1677,women,Общество
1678,art,Искусство
1678,artificial intelligence,Технологии
1678,business,Бизнес
1678,humanity,Общество
1678,war,Общество
1679,data,Технологии
1679,design,Дизайн
1680,creativity,Искусство
1680,identity,Общество
1680,technology,Технологии
1681,creativity,Искусство
1681,environment,Экология
1681,health,Здоровье
1682,global issues,Общество
1682,innovation,Технологии
1682,war,Общество
1683,architecture,Дизайн
1683,history,Общество
1683,identity,Общество
1683,music,Искусство
1683,sustainability,Экология
1684,economics,Бизнес
1684,physics,Наука
1684,science,Наука
1685,architecture,Дизайн
1685,artificial intelligence,Технологии
1686,global issues,Общество
1686,history,Общество
1687,education,Образование
1687,identity,Общество
1687,personal growth,Образование
1688,artificial intelligence,Технологии
1688,creativity,Искусство
1688,medicine,Здоровье
1688,women,Общество
1689,women,Общество
1690,brain,Наука
1690,communication,Образование
1690,innovation,Технологии
1690,technology,Технологии
1691,brain,Наука
1691,business,Бизнес
1691,design,Дизайн
1691,global issues,Общество
1692,global issues,Общество
1692,humanity,Общество
1692,politics,Общество
1692,storytelling,Искусство
1693,identity,Общество
1693,learning,Образование
1693,war,Общество
1694,artificial intelligence,Технологии
1694,humanity,Общество
1694,identity,Общество
1694,physics,Наука
1694,technology,Технологии
1695,business,Бизнес
1695,physics,Наука
1695,technology,Технологии
1695,war,Общество
1696,global issues,Общество
1697,history,Общество
1697,personal growth,Образование
1697,politics,Общество
1698,art,Искусство
1698,climate change,Экология
1698,economics,Бизнес
1698,internet,Технологии
1699,biology,Наука
1699,economics,Бизнес
1699,environment,Экология
1699,physics,Наука
1699,sustainability,Экология
1700,environment,Экология
1700,war,Общество
1701,business,Бизнес
1701,science,Наука
1701,sustainability,Экология
1702,artificial intelligence,Технологии
1702,identity,Общество
1702,politics,Общество
1702,sustainability,Экология
1702,technology,Технологии
1703,leadership,Бизнес
1703,women,Общество
1704,biology,Наука
1704,creativity,Искусство
1704,data,Технологии
1704,society,Общество
1705,biology,Наука
1705,medicine,Здоровье
1706,environment,Экология
1706,history,Общество
1706,space,Наука
1707,art,Искусство
1707,economics,Бизнес
1707,science,Наука
1708,brain,Наука
1709,environment,Экология
1709,identity,Общество
1709,internet,Технологии
1709,politics,Общество
1710,business,Бизнес
1710,learning,Образование
1710,physics,Наука
1710,technology,Технологии
1711,creativity,Искусство
1711,social change,Общество
1712,personal growth,Образование
1712,war,Общество
1713,architecture,Дизайн
1713,brain,Наука
1713,future,Технологии
1713,politics,Общество
1714,artificial intelligence,Технологии
1714,internet,Технологии
1714,leadership,Бизнес
1714,psychology,Общество
1715,global issues,Общество
1715,music,Искусство
1716,brain,Наука
1716,culture,Общество
1716,technology,Технологии
1717,biology,Наука
1717,business,Бизнес
1717,humanity,Общество
1717,internet,Технологии
1717,society,Общество
1718,culture,Общество
1718,innovation,Технологии
1718,internet,Технологии
1718,social change,Общество
1718,sustainability,Экология
1719,brain,Наука
1719,creativity,Искусство
1719,war,Общество
1720,physics,Наука
1721,architecture,Дизайн
1721,biology,Наука
1721,global issues,Общество
1721,internet,Технологии
1721,science,Наука
1722,biology,Наука
1722,science,Наука
1723,business,Бизнес
1723,design,Дизайн
1723,identity,Общество
1723,leadership,Бизнес
1724,design,Дизайн
1724,global issues,Общество
1724,learning,Образование
1724,personal growth,Образование
1725,communication,Образование
1725,music,Искусство
1726,space,Наука
1726,war,Общество
1727,innovation,Технологии
1727,science,Наука
1727,society,Общество
1728,internet,Технологии
1728,leadership,Бизнес
1728,medicine,Здоровье
1729,culture,Общество
1729,environment,Экология
1729,storytelling,Искусство
1730,biology,Наука
1730,future,Технологии
1730,global issues,Общество
1730,social change,Общество
1731,internet,Технологии
1731,science,Наука
1732,communication,Образование
1732,culture,Общество
1732,leadership,Бизнес
1733,communication,Образование
1733,data,Технологии
1733,economics,Бизнес
1734,global issues,Общество
1734,health,Здоровье
1734,psychology,Общество
1735,climate change,Экология
1735,future,Технологии
1735,sustainability,Экология
1736,artificial intelligence,Технологии
1736,climate change,Экология
1737,architecture,Дизайн
1737,data,Технологии
1737,humanity,Общество
1737,medicine,Здоровье
1738,future,Технологии
1738,humanity,Общество
1738,learning,Образование
1739,identity,Общество
1739,physics,Наука
1739,social change,Общество
1739,technology,Технологии
1740,society,Общество
1740,technology,Технологии
1740,women,Общество
1741,creativity,Искусство
1741,physics,Наука
1741,social change,Общество
1742,business,Бизнес
1742,design,Дизайн
1742,future,Технологии
1742,identity,Общество
1743,architecture,Дизайн
1743,biology,Наука
1743,science,Наука
1744,architecture,Дизайн
1744,economics,Бизнес
1744,education,Образование
1745,business,Бизнес
1745,climate change,Экология
1745,communication,Образование
1745,identity,Общество
1746,environment,Экология
1746,leadership,Бизнес
1747,history,Общество
1747,politics,Общество
1747,war,Общество
1747,women,Общество
1748,future,Технологии
1748,personal growth,Образование
1748,space,Наука
1749,biology,Наука
1749,design,Дизайн
1749,internet,Технологии
1749,sustainability,Экология
1750,internet,Технологии
1750,physics,Наука
1750,politics,Общество
1751,health,Здоровье
1751,personal growth,Образование
1751,social change,Общество
1752,innovation,Технологии
1753,climate change,Экология
1754,creativity,Искусство
1755,architecture,Дизайн
1755,global issues,Общество
1755,physics,Наука
1755,women,Общество
1756,business,Бизнес
1756,society,Общество
1757,climate change,Экология
1757,leadership,Бизнес
1757,technology,Технологии
1758,climate change,Экология
1759,communication,Образование
1759,medicine,Здоровье
1760,artificial intelligence,Технологии
1760,brain,Наука
1760,economics,Бизнес
1760,education,Образование
1760,society,Общество
1761,business,Бизнес
1761,culture,Общество
1761,leadership,Бизнес
1762,architecture,Дизайн
1762,medicine,Здоровье
1763,artificial intelligence,Технологии
1763,climate change,Экология
1763,education,Образование
1763,society,Общество
1764,artificial intelligence,Технологии
1764,design,Дизайн
1764,science,Наука
1764,space,Наука
1764,war,Общество
1765,innovation,Технологии
1765,physics,Наука
1765,war,Общество
1766,architecture,Дизайн
1766,artificial intelligence,Технологии
1767,physics,Наука
1768,biology,Наука
1768,environment,Экология
1768,leadership,Бизнес
1768,personal growth,Образование
1768,social change,Общество
1769,climate change,Экология
1769,history,Общество
1770,culture,Общество
1770,data,Технологии
1770,economics,Бизнес
1770,global issues,Общество
1770,health,Здоровье
1771,education,Образование
1772,art,Искусство
1772,humanity,Общество
1773,health,Здоровье
1773,internet,Технологии
1774,brain,Наука
1774,climate change,Экология
1775,art,Искусство
1775,biology,Наука
1775,space,Наука
1776,music,Искусство
1776,war,Общество
1777,future,Технологии
1777,innovation,Технологии
1777,storytelling,Искусство
1778,environment,Экология
1778,health,Здоровье
1779,sustainability,Экология
1779,women,Общество
1780,personal growth,Образование
1781,artificial intelligence,Технологии
1781,future,Технологии
1781,social change,Общество
1782,brain,Наука
1783,biology,Наука
1783,business,Бизнес
1783,global issues,Общество
1783,history,Общество
1784,politics,Общество
1784,sustainability,Экология
1785,communication,Образование
1785,science,Наука
1785,war,Общество
1786,artificial intelligence,Технологии
1786,creativity,Искусство
1786,learning,Образование
1787,architecture,Дизайн
1787,internet,Технологии
1787,music,Искусство
1787,society,Общество
1788,identity,Общество
1788,learning,Образование
1788,science,Наука
1788,sustainability,Экология
1789,politics,Общество
1790,humanity,Общество
1791,architecture,Дизайн
1791,creativity,Искусство
1791,health,Здоровье
1791,physics,Наука
1791,technology,Технологии
1792,history,Общество
1792,politics,Общество
1792,psychology,Общество
1793,artificial intelligence,Технологии
1793,music,Искусство
1793,psychology,Общество
1793,technology,Технологии
1793,women,Общество
1794,architecture,Дизайн
1794,internet,Технологии
1794,learning,Образование
1794,technology,Технологии
1795,space,Наука
1795,technology,Технологии
1795,war,Общество
1796,design,Дизайн
1796,education,Образование
1796,humanity,Общество
1796,war,Общество
1797,art,Искусство
1797,education,Образование
1797,innovation,Технологии
1798,business,Бизнес
1798,leadership,Бизнес
1798,medicine,Здоровье
1799,business,Бизнес
1799,health,Здоровье
1799,identity,Общество
1799,internet,Технологии
1799,technology,Технологии
1800,architecture,Дизайн
1800,identity,Общество
1800,leadership,Бизнес
1801,design,Дизайн
1801,history,Общество
1801,space,Наука
1802,learning,Образование
1803,artificial intelligence,Технологии
1804,environment,Экология
1804,future,Технологии
1804,society,Общество
1805,art,Искусство
1805,environment,Экология
1805,sustainability,Экология
1806,education,Образование
1806,internet,Технологии
1807,innovation,Технологии
1807,space,Наука
1807,sustainability,Экология
1807,war,Общество
1808,biology,Наука
1808,design,Дизайн
1808,learning,Образование
1808,psychology,Общество
1808,women,Общество
1809,innovation,Технологии
1809,medicine,Здоровье
1809,storytelling,Искусство
1810,art,Искусство
1810,physics,Наука
1811,architecture,Дизайн
1811,artificial intelligence,Технологии
1811,brain,Наука
1811,business,Бизнес
1811,psychology,Общество
1812,architecture,Дизайн
1812,artificial intelligence,Технологии
1812,environment,Экология
1813,global issues,Общество
1813,health,Здоровье
1813,music,Искусство
1813,psychology,Общество
1814,biology,Наука
1814,global issues,Общество
1814,technology,Технологии
1815,architecture,Дизайн
1815,innovation,Технологии
1815,social change,Общество
1816,artificial intelligence,Технологии
1816,identity,Общество
1816,innovation,Технологии
1816,internet,Технологии
1816,space,Наука
1817,biology,Наука
1817,internet,Технологии
1818,business,Бизнес
1818,data,Технологии
1818,health,Здоровье
1818,internet,Технологии
1818,war,Общество
1819,climate change,Экология
1819,medicine,Здоровье
1819,science,Наука
1820,environment,Экология
1820,learning,Образование
1821,architecture,Дизайн
1821,personal growth,Образование
1822,education,Образование
1822,politics,Общество
1822,science,Наука
1823,culture,Общество
1823,internet,Технологии
1823,storytelling,Искусство
1824,brain,Наука
1824,communication,Образование
1824,learning,Образование
1825,environment,Экология
1825,learning,Образование
1825,space,Наука
1825,sustainability,Экология
1826,climate change,Экология
1826,culture,Общество
1826,environment,Экология
1826,future,Технологии
1826,social change,Общество
1827,climate change,Экология
1827,music,Искусство
1828,art,Искусство
1828,brain,Наука
1828,culture,Общество
1828,design,Дизайн
1828,sustainability,Экология
1829,creativity,Искусство
1829,medicine,Здоровье
1829,society,Общество
1829,women,Общество
1830,education,Образование
1830,medicine,Здоровье
1830,music,Искусство
1831,architecture,Дизайн
1831,design,Дизайн
1831,future,Технологии
1831,humanity,Общество
1831,psychology,Общество
1832,climate change,Экология
1832,creativity,Искусство
1832,economics,Бизнес
1833,architecture,Дизайн
1833,climate change,Экология
1834,brain,Наука
1834,economics,Бизнес
1834,global issues,Общество
1834,humanity,Общество
1834,society,Общество
1835,sustainability,Экология
1835,war,Общество
1835,women,Общество
1836,communication,Образование
1836,future,Технологии
1836,society,Общество
1837,brain,Наука
1837,innovation,Технологии
1838,business,Бизнес
1838,education,Образование
1838,war,Общество
1839,data,Технологии
1839,internet,Технологии
1839,personal growth,Образование
1839,politics,Общество
1840,learning,Образование
1840,music,Искусство
1840,space,Наука
1840,technology,Технологии
1841,medicine,Здоровье
1842,sustainability,Экология
1842,sustainability,Экология
1843,brain,Наука
1843,design,Дизайн
1843,education,Образование
1843,storytelling,Искусство
1844,society,Общество
1844,technology,Технологии
1845,art,Искусство
1845,communication,Образование
1845,environment,Экология
1846,society,Общество
1847,culture,Общество
1847,data,Технологии
1847,identity,Общество
1847,society,Общество
1848,artificial intelligence,Технологии
1848,politics,Общество
1848,science,Наука
1849,artificial intelligence,Технологии
1849,medicine,Здоровье
1850,brain,Наука
1850,climate change,Экология
1850,economics,Бизнес
1850,humanity,Общество
1851,environment,Экология
1851,history,Общество
1852,culture,Общество
1853,business,Бизнес
1853,music,Искусство
1853,physics,Наука
1854,psychology,Общество
1854,social change,Общество
1855,data,Технологии
1855,economics,Бизнес
1855,learning,Образование
1855,women,Общество
1856,brain,Наука
1856,internet,Технологии
1856,physics,Наука
1856,politics,Общество
1857,design,Дизайн
1857,economics,Бизнес
1857,psychology,Общество
1858,economics,Бизнес
1858,global issues,Общество
1859,architecture,Дизайн
1859,culture,Общество
1860,business,Бизнес
1860,communication,Образование
1861,art,Искусство
1861,brain,Наука
1861,environment,Экология
1861,war,Общество
1862,humanity,Общество
1862,leadership,Бизнес
1863,future,Технологии
1863,social change,Общество
1864,economics,Бизнес
1864,health,Здоровье
1865,identity,Общество
1865,learning,Образование
1865,science,Наука
1866,culture,Общество
1866,women,Общество
1867,biology,Наука
1867,creativity,Искусство
1867,health,Здоровье
1867,leadership,Бизнес
1867,society,Общество
1868,climate change,Экология
1868,communication,Образование
1868,environment,Экология
1868,physics,Наука
1869,global issues,Общество
1869,identity,Общество
1869,technology,Технологии
1870,artificial intelligence,Технологии
1870,data,Технологии
1871,business,Бизнес
1871,climate change,Экология
1871,communication,Образование
1872,economics,Бизнес
1872,education,Образование
1873,innovation,Технологии
1873,learning,Образование
1874,politics,Общество
1875,biology,Наука
1875,business,Бизнес
1875,economics,Бизнес
1876,art,Искусство
1876,science,Наука
1876,storytelling,Искусство
1877,data,Технологии
1877,education,Образование
1877,history,Общество
1878,climate change,Экология
1878,innovation,Технологии
1878,physics,Наука
1878,technology,Технологии
1878,women,Общество
1879,climate change,Экология
1879,education,Образование
1879,environment,Экология
1880,brain,Наука
1880,climate change,Экология
1880,innovation,Технологии
1881,architecture,Дизайн
1881,economics,Бизнес
1882,health,Здоровье
1883,future,Технологии
1883,health,Здоровье
1883,history,Общество
1883,physics,Наука
1883,social change,Общество
1884,artificial intelligence,Технологии
1885,future,Технологии
1885,science,Наука
1885,social change,Общество
1885,technology,Технологии
1886,global issues,Общество
1886,sustainability,Экология
1887,artificial intelligence,Технологии
1887,communication,Образование
1887,environment,Экология
1887,society,Общество
1888,biology,Наука
1888,climate change,Экология
1889,storytelling,Искусство
1890,data,Технологии
1890,physics,Наука
1890,social change,Общество
1891,politics,Общество
1891,war,Общество
1892,business,Бизнес
1892,science,Наука
1893,economics,Бизнес
1893,psychology,Общество
1893,war,Общество
1894,biology,Наука
1894,global issues,Общество
1894,leadership,Бизнес
1895,creativity,Искусство
1895,design,Дизайн
1895,physics,Наука
1895,science,Наука
1895,sustainability,Экология
1896,design,Дизайн
1896,internet,Технологии
1897,education,Образование
1898,space,Наука
1899,creativity,Искусство
1899,global issues,Общество
1899,humanity,Общество
1900,architecture,Дизайн
1900,data,Технологии
1901,art,Искусство
1901,business,Бизнес
1901,communication,Образование
1901,science,Наука
1902,brain,Наука
1902,personal growth,Образование
1903,art,Искусство
1903,art,Искусство
1903,business,Бизнес
1903,climate change,Экология
1903,personal growth,Образование
1904,business,Бизнес
1904,economics,Бизнес
1904,personal growth,Образование
1904,storytelling,Искусство
1905,global issues,Общество
1905,health,Здоровье
1905,politics,Общество
1905,women,Общество
1906,creativity,Искусство
1906,design,Дизайн
1906,history,Общество
1906,medicine,Здоровье
1906,women,Общество
1907,global issues,Общество
1907,psychology,Общество
1907,social change,Общество
1907,war,Общество
1908,artificial intelligence,Технологии
1908,data,Технологии
1908,innovation,Технологии
1908,storytelling,Искусство
1909,artificial intelligence,Технологии
1909,economics,Бизнес
1909,environment,Экология
1909,social change,Общество
1910,art,Искусство
1910,business,Бизнес
1910,design,Дизайн
1910,environment,Экология
1910,space,Наука
1911,economics,Бизнес
1911,music,Искусство
1911,storytelling,Искусство
1911,women,Общество
1912,culture,Общество
1912,future,Технологии
1913,architecture,Дизайн
1913,future,Технологии
1913,politics,Общество
1913,society,Общество
1913,sustainability,Экология
1914,global issues,Общество
1914,history,Общество
1914,sustainability,Экология
1915,architecture,Дизайн
1915,culture,Общество
1915,education,Образование
1915,global issues,Общество
1916,artificial intelligence,Технологии
1916,global issues,Общество
1917,business,Бизнес
1917,women,Общество
1918,brain,Наука
1918,future,Технологии
1918,personal growth,Образование
1918,science,Наука
1918,technology,Технологии
1919,climate change,Экология
1919,science,Наука
1919,space,Наука
1919,war,Общество
1920,climate change,Экология
1920,design,Дизайн
1920,learning,Образование
1921,creativity,Искусство
1921,global issues,Общество
1921,sustainability,Экология
1922,creativity,Искусство
1922,global issues,Общество
1922,history,Общество
1922,learning,Образование
1923,design,Дизайн
1923,internet,Технологии
1923,science,Наука
1924,data,Технологии
1924,psychology,Общество
1924,sustainability,Экология
1925,artificial intelligence,Технологии
1925,future,Технологии
1925,women,Общество
1926,brain,Наука
1926,storytelling,Искусство
1927,internet,Технологии
1928,business,Бизнес
1928,environment,Экология
1928,physics,Наука
1929,climate change,Экология
1929,economics,Бизнес
1929,sustainability,Экология
1930,education,Образование
1930,future,Технологии
1930,social change,Общество
1931,communication,Образование
1931,creativity,Искусство
1931,innovation,Технологии
1931,personal growth,Образование
1932,art,Искусство
1932,design,Дизайн
1932,health,Здоровье
1932,learning,Образование
1933,future,Технологии
1933,history,Общество
1933,society,Общество
1933,storytelling,Искусство
1934,art,Искусство
1934,sustainability,Экология
1935,brain,Наука
1935,health,Здоровье
1935,innovation,Технологии
1935,leadership,Бизнес
1936,biology,Наука
1936,leadership,Бизнес
1936,learning,Образование
1936,sustainability,Экология
1937,communication,Образование
1937,creativity,Искусство
1937,history,Общество
1937,internet,Технологии
1937,technology,Технологии
1938,architecture,Дизайн
1938,business,Бизнес
1938,identity,Общество
1939,biology,Наука
1939,climate change,Экология
1939,culture,Общество
1939,technology,Технологии
1940,education,Образование
1940,internet,Технологии
1940,technology,Технологии
1941,economics,Бизнес
1941,environment,Экология
1941,social change,Общество
1941,storytelling,Искусство
1942,economics,Бизнес
1942,history,Общество
1942,storytelling,Искусство
1943,environment,Экология
1943,humanity,Общество
1943,leadership,Бизнес
1943,space,Наука
1944,future,Технологии
1944,social change,Общество
1945,communication,Образование
1945,music,Искусство
1946,health,Здоровье
1946,physics,Наука
1946,storytelling,Искусство
1947,biology,Наука
1947,data,Технологии
1947,medicine,Здоровье
1947,storytelling,Искусство
1947,storytelling,Искусство
1947,sustainability,Экология
1948,architecture,Дизайн
1948,education,Образование
1948,environment,Экология
1948,learning,Образование
1949,climate change,Экология
1949,society,Общество
1949,sustainability,Экология
1950,health,Здоровье
1951,communication,Образование
1951,economics,Бизнес
1951,music,Искусство
1952,architecture,Дизайн
1952,music,Искусство
1952,science,Наука
1953,education,Образование
1953,storytelling,Искусство
1954,environment,Экология
1954,learning,Образование
1954,medicine,Здоровье
1955,data,Технологии
1955,environment,Экология
1956,climate change,Экология
1956,creativity,Искусство
1956,health,Здоровье
1956,humanity,Общество
1956,technology,Технологии
1957,communication,Образование
1957,future,Технологии
1957,internet,Технологии
1957,medicine,Здоровье
1957,science,Наука
1958,culture,Общество
1958,design,Дизайн
1958,innovation,Технологии
1958,space,Наука
1958,sustainability,Экология
1959,education,Образование
1959,health,Здоровье
1959,space,Наука
1960,communication,Образование
1960,humanity,Общество
1961,art,Искусство
1961,space,Наука
1961,storytelling,Искусство
1962,art,Искусство
1962,society,Общество
1963,artificial intelligence,Технологии
1963,data,Технологии
1963,health,Здоровье
1963,humanity,Общество
1964,music,Искусство
1964,storytelling,Искусство
1965,physics,Наука
1965,society,Общество
1965,space,Наука
1966,music,Искусство
1966,personal growth,Образование
1966,science,Наука
1966,war,Общество
1967,culture,Общество
1967,history,Общество
1968,architecture,Дизайн
1968,identity,Общество
1968,innovation,Технологии
1968,music,Искусство
1968,society,Общество
1969,art,Искусство
1969,artificial intelligence,Технологии
1969,environment,Экология
1970,environment,Экология
1970,identity,Общество
1970,women,Общество
1971,architecture,Дизайн
1971,art,Искусство
1971,physics,Наука
1971,space,Наука
1972,learning,Образование
1972,psychology,Общество
1972,science,Наука
1972,war,Общество
1973,brain,Наука
1973,climate change,Экология
1974,communication,Образование
1974,economics,Бизнес
1974,music,Искусство
1974,social change,Общество
1975,brain,Наука
1975,communication,Образование
1975,women,Общество
1976,communication,Образование
1976,innovation,Технологии
1976,leadership,Бизнес
1977,internet,Технологии
1978,artificial intelligence,Технологии
1978,society,Общество
1978,war,Общество
1979,health,Здоровье
1979,learning,Образование
1980,architecture,Дизайн
1980,creativity,Искусство
1980,environment,Экология
1981,biology,Наука
1981,data,Технологии
1982,business,Бизнес
1982,creativity,Искусство
1982,culture,Общество
1982,health,Здоровье
1983,architecture,Дизайн
1983,biology,Наука
1983,innovation,Технологии
1984,economics,Бизнес
1984,social change,Общество
1985,architecture,Дизайн
1985,social change,Общество
1985,space,Наука
1986,biology,Наука
1986,economics,Бизнес
1986,humanity,Общество
1987,art,Искусство
1987,culture,Общество
1987,design,Дизайн
1988,future,Технологии
1988,personal growth,Образование
1989,brain,Наука
1989,creativity,Искусство
1989,future,Технологии
1989,music,Искусство
1990,education,Образование
1991,artificial intelligence,Технологии
1991,brain,Наука
1991,culture,Общество
1991,data,Технологии
1991,health,Здоровье
1992,physics,Наука
1993,identity,Общество
1993,personal growth,Образование
1993,politics,Общество
1994,leadership,Бизнес
1994,war,Общество
1995,science,Наука
1995,social change,Общество
1995,sustainability,Экология
1996,brain,Наука
1996,storytelling,Искусство
1997,business,Бизнес
1997,design,Дизайн
1997,storytelling,Искусство
1998,economics,Бизнес
1998,humanity,Общество
1998,war,Общество
1999,art,Искусство
1999,art,Искусство
1999,culture,Общество
1999,internet,Технологии
1999,physics,Наука
2000,creativity,Искусство
2000,learning,Образование
2000,society,Общество
2000,women,Общество
2000,women,Общество
2001,climate change,Экология
2001,innovation,Технологии
2001,internet,Технологии
2002,climate change,Экология
2002,culture,Общество
2002,education,Образование
2002,learning,Образование
2003,history,Общество
2003,politics,Общество
2004,internet,Технологии
2004,medicine,Здоровье
2004,storytelling,Искусство
2005,history,Общество
2005,leadership,Бизнес
2005,social change,Общество
2005,technology,Технологии
2006,art,Искусство
2006,environment,Экология
2006,history,Общество
2006,leadership,Бизнес
2006,learning,Образование
2007,biology,Наука
2007,communication,Образование
2007,creativity,Искусство
2007,global issues,Общество
2008,business,Бизнес
2008,data,Технологии
2008,economics,Бизнес
2008,history,Общество
2009,politics,Общество
2009,psychology,Общество
2009,science,Наука
2010,physics,Наука
2010,psychology,Общество
2011,climate change,Экология
2011,leadership,Бизнес
2011,women,Общество
2012,culture,Общество
2012,global issues,Общество
2012,personal growth,Образование
2012,storytelling,Искусство
2013,communication,Образование
2013,identity,Общество
2013,society,Общество
2014,architecture,Дизайн
2014,climate change,Экология
2014,health,Здоровье
2014,war,Общество
2015,climate change,Экология
2015,communication,Образование
2015,humanity,Общество
2015,medicine,Здоровье
2015,sustainability,Экология
2016,brain,Наука
2016,communication,Образование
2016,social change,Общество
2017,brain,Наука
2017,learning,Образование
2017,space,Наука
2018,climate change,Экология
2018,data,Технологии
2018,history,Общество
2019,climate change,Экология
2019,internet,Технологии
2019,psychology,Общество
2020,economics,Бизнес
2020,environment,Экология
2021,architecture,Дизайн
2021,business,Бизнес
2021,climate change,Экология
2021,future,Технологии
2021,innovation,Технологии
2022,brain,Наука
2022,climate change,Экология
2022,climate change,Экология
2022,health,Здоровье
2022,music,Искусство
2023,architecture,Дизайн
2023,artificial intelligence,Технологии
2023,economics,Бизнес
2023,war,Общество
2024,physics,Наука
2024,social change,Общество
2024,space,Наука
2025,communication,Образование
2025,internet,Технологии
2025,music,Искусство
2026,art,Искусство
2026,design,Дизайн
2026,future,Технологии
2027,health,Здоровье
2028,design,Дизайн
2028,economics,Бизнес
2028,space,Наука
2028,war,Общество
2029,brain,Наука
2029,creativity,Искусство
2029,leadership,Бизнес
2030,architecture,Дизайн
2030,design,Дизайн
2030,technology,Технологии
2031,art,Искусство
2032,climate change,Экология
2032,global issues,Общество
2032,identity,Общество
2032,women,Общество
2033,communication,Образование
2033,leadership,Бизнес
2033,music,Искусство
2034,climate change,Экология
2034,women,Общество
2035,art,Искусство
2035,medicine,Здоровье
2035,music,Искусство
2035,social change,Общество
2036,biology,Наука
2036,leadership,Бизнес
2036,learning,Образование
2036,physics,Наука
2036,society,Общество
2037,psychology,Общество
2038,art,Искусство
2038,business,Бизнес
2038,health,Здоровье
2038,identity,Общество
2038,psychology,Общество
2039,brain,Наука
2039,medicine,Здоровье
2040,economics,Бизнес
2040,politics,Общество
2040,psychology,Общество
2040,technology,Технологии
2041,brain,Наука
2041,economics,Бизнес
2041,future,Технологии
2041,global issues,Общество
2041,war,Общество
2042,data,Технологии
2042,politics,Общество
2042,society,Общество
2043,culture,Общество
2043,physics,Наука
2044,business,Бизнес
2044,education,Образование
2044,leadership,Бизнес
2044,physics,Наука
2045,climate change,Экология
2045,learning,Образование
2045,technology,Технологии
2046,art,Искусство
2047,biology,Наука
2047,humanity,Общество
2047,identity,Общество
2047,science,Наука
2047,society,Общество
2048,communication,Образование
2049,biology,Наука
2049,war,Общество
2050,health,Здоровье
2050,history,Общество
2050,war,Общество
2051,biology,Наука
2051,climate change,Экология
2051,internet,Технологии
2051,medicine,Здоровье
2052,creativity,Искусство
2052,education,Образование
2052,technology,Технологии
2053,art,Искусство
2053,creativity,Искусство
2053,physics,Наука
2054,future,Технологии
2054,internet,Технологии
2054,space,Наука
2055,communication,Образование
2055,data,Технологии
2055,design,Дизайн
2055,storytelling,Искусство
2056,design,Дизайн
2056,education,Образование
2056,global issues,Общество
2056,music,Искусство
2057,artificial intelligence,Технологии
2057,creativity,Искусство
2058,music,Искусство
2058,science,Наука
2059,music,Искусство
2059,science,Наука
2059,storytelling,Искусство
2059,sustainability,Экология
2060,architecture,Дизайн
2060,artificial intelligence,Технологии
2060,future,Технологии
2060,war,Общество
2061,artificial intelligence,Технологии
2061,global issues,Общество
2061,identity,Общество
2062,climate change,Экология
2062,learning,Образование
2062,medicine,Здоровье
2062,science,Наука
2063,culture,Общество
2063,women,Общество
2064,sustainability,Экология
2065,leadership,Бизнес
2065,learning,Образование
2065,medicine,Здоровье
2065,psychology,Общество
2066,biology,Наука
2066,creativity,Искусство
2067,artificial intelligence,Технологии
2067,data,Технологии
2067,politics,Общество
2067,society,Общество
2068,artificial intelligence,Технологии
2068,climate change,Экология
2068,future,Технологии
2068,society,Общество
2068,space,Наука
2069,artificial intelligence,Технологии
2069,global issues,Общество
2069,science,Наука
2070,personal growth,Образование
2070,war,Общество
2071,innovation,Технологии
2071,society,Общество
2071,storytelling,Искусство
2072,culture,Общество
2072,music,Искусство
2072,society,Общество
2072,war,Общество
2073,climate change,Экология
2073,medicine,Здоровье
2073,social change,Общество
2073,space,Наука
2074,future,Технологии
2075,data,Технологии
2075,economics,Бизнес
2075,education,Образование
2075,music,Искусство
2076,business,Бизнес
2076,creativity,Искусство
2076,culture,Общество
2076,psychology,Общество
2077,politics,Общество
2078,sustainability,Экология
2078,sustainability,Экология
2079,climate change,Экология
2079,economics,Бизнес
2079,medicine,Здоровье
2079,society,Общество
2080,health,Здоровье
2080,psychology,Общество
2081,brain,Наука
2081,war,Общество
2082,artificial intelligence,Технологии
2082,identity,Общество
2082,physics,Наука
2082,politics,Общество
2082,science,Наука
2083,brain,Наука
2083,humanity,Общество
2083,women,Общество
2084,art,Искусство
2084,artificial intelligence,Технологии
2084,health,Здоровье
2084,leadership,Бизнес
2085,global issues,Общество
2085,personal growth,Образование
2085,physics,Наука
2085,politics,Общество
2085,space,Наука
2086,creativity,Искусство
2086,design,Дизайн
2086,health,Здоровье
2086,humanity,Общество
2087,architecture,Дизайн
2087,communication,Образование
2087,future,Технологии
2087,society,Общество
2087,storytelling,Искусство
2088,art,Искусство
2088,data,Технологии
2088,innovation,Технологии
2088,social change,Общество
2089,communication,Образование
2089,creativity,Искусство
2089,global issues,Общество
2089,leadership,Бизнес
2089,personal growth,Образование
2090,medicine,Здоровье
2090,storytelling,Искусство
2091,innovation,Технологии
2091,psychology,Общество
2091,women,Общество
2092,data,Технологии
2092,personal growth,Образование
2093,business,Бизнес
2093,data,Технологии
2093,global issues,Общество
2093,society,Общество
2093,women,Общество
2094,biology,Наука
2094,business,Бизнес
2094,creativity,Искусство
2094,culture,Общество
2095,creativity,Искусство
2095,future,Технологии
2095,internet,Технологии
2096,learning,Образование
2096,social change,Общество
2096,technology,Технологии
2097,art,Искусство
2097,artificial intelligence,Технологии
2097,biology,Наука
2097,personal growth,Образование
2098,architecture,Дизайн
2098,artificial intelligence,Технологии
2098,internet,Технологии
2098,social change,Общество
2099,identity,Общество
2099,women,Общество
2100,climate change,Экология
2100,climate change,Экология
2100,creativity,Искусство
2100,politics,Общество
2101,business,Бизнес
2101,data,Технологии
2101,personal growth,Образование
2102,business,Бизнес
2102,creativity,Искусство
2102,culture,Общество
2103,social change,Общество
2104,war,Общество
2105,education,Образование
2105,environment,Экология
2105,politics,Общество
2106,global issues,Общество
2106,humanity,Общество
2106,social change,Общество
2106,technology,Технологии
2107,global issues,Общество
2108,art,Искусство
2108,learning,Образование
2108,storytelling,Искусство
2109,personal growth,Образование
2109,politics,Общество
2110,music,Искусство
2110,psychology,Общество
2111,biology,Наука
2111,future,Технологии
2111,humanity,Общество
2111,physics,Наука
2111,technology,Технологии
2112,communication,Образование
2112,global issues,Общество
2112,internet,Технологии
2112,leadership,Бизнес
2113,science,Наука
2114,health,Здоровье
2114,sustainability,Экология
2115,biology,Наука
2115,brain,Наука
2115,design,Дизайн
2115,politics,Общество
2115,women,Общество
2116,biology,Наука
2117,art,Искусство
2117,culture,Общество
2117,social change,Общество
2117,sustainability,Экология
2118,history,Общество
2118,medicine,Здоровье
2118,society,Общество
2119,architecture,Дизайн
2119,creativity,Искусство
2119,identity,Общество
2119,technology,Технологии
2120,data,Технологии
2120,global issues,Общество
2120,health,Здоровье
2121,society,Общество
2121,space,Наука
2122,art,Искусство
2122,environment,Экология
2122,innovation,Технологии
2123,business,Бизнес
2123,environment,Экология
2123,medicine,Здоровье
2124,education,Образование
2124,politics,Общество
2124,war,Общество
2125,climate change,Экология
2125,environment,Экология
2125,learning,Образование
2125,social change,Общество
2126,culture,Общество
2126,humanity,Общество
2126,music,Искусство
2126,society,Общество
2126,war,Общество
2127,medicine,Здоровье
2128,climate change,Экология
2128,economics,Бизнес
2129,space,Наука
2129,technology,Технологии
2130,brain,Наука
2130,politics,Общество
2130,women,Общество
2131,humanity,Общество
2131,psychology,Общество
2132,communication,Образование
2132,learning,Образование
2133,humanity,Общество
2133,leadership,Бизнес
2133,personal growth,Образование
2133,psychology,Общество
2133,psychology,Общество
2134,biology,Наука
2134,design,Дизайн
2134,leadership,Бизнес
2134,medicine,Здоровье
2134,physics,Наука
2135,identity,Общество
2135,leadership,Бизнес
2135,technology,Технологии
2136,space,Наука
2137,brain,Наука
2137,science,Наука
2137,space,Наука
2138,society,Общество
2139,biology,Наука
2139,leadership,Бизнес
2139,space,Наука
2139,storytelling,Искусство
2139,women,Общество
2140,biology,Наука
2141,business,Бизнес
2141,data,Технологии
2141,future,Технологии
2141,physics,Наука
2141,technology,Технологии
2142,brain,Наука
2142,health,Здоровье
2142,humanity,Общество
2142,learning,Образование
2142,music,Искусство
2143,global issues,Общество
2143,health,Здоровье
2143,learning,Образование
2144,education,Образование
2144,humanity,Общество
2145,physics,Наука
2146,design,Дизайн
2146,personal growth,Образование
2147,internet,Технологии
2147,science,Наука
2148,communication,Образование
2148,creativity,Искусство
2148,sustainability,Экология
2148,technology,Технологии
2149,architecture,Дизайн
2149,learning,Образование
2149,music,Искусство
2150,data,Технологии
2150,design,Дизайн
2150,future,Технологии
2150,sustainability,Экология
2151,identity,Общество
2152,future,Технологии
2152,innovation,Технологии
2153,climate change,Экология
2154,education,Образование
2154,sustainability,Экология
2155,business,Бизнес
2155,innovation,Технологии
2155,politics,Общество
2156,biology,Наука
2156,brain,Наука
2156,economics,Бизнес
2156,global issues,Общество
2157,architecture,Дизайн
2157,architecture,Дизайн
2157,business,Бизнес
2157,health,Здоровье
2157,music,Искусство
2158,artificial intelligence,Технологии
2158,communication,Образование
2158,global issues,Общество
2159,personal growth,Образование
2159,society,Общество
2159,technology,Технологии
2160,brain,Наука
2160,business,Бизнес
2160,health,Здоровье
2160,psychology,Общество
2161,medicine,Здоровье
2162,creativity,Искусство
2162,psychology,Общество
2162,sustainability,Экология
2163,creativity,Искусство
2163,personal growth,Образование
2164,creativity,Искусство
2164,storytelling,Искусство
2164,women,Общество
2165,history,Общество
2166,learning,Образование
2166,war,Общество
2167,personal growth,Образование
2167,psychology,Общество
2167,social change,Общество
2167,sustainability,Экология
2168,biology,Наука
2168,future,Технологии
2169,history,Общество
2169,space,Наука
2170,storytelling,Искусство
2171,history,Общество
2171,identity,Общество
2171,physics,Наука
2171,science,Наука
2171,war,Общество
2172,space,Наука
2173,business,Бизнес
2173,data,Технологии
2173,medicine,Здоровье
2173,physics,Наука
2174,education,Образование
2174,space,Наука
2175,innovation,Технологии
2175,social change,Общество
2176,climate change,Экология
2176,economics,Бизнес
2176,innovation,Технологии
2176,medicine,Здоровье
2176,science,Наука
2177,culture,Общество
2177,identity,Общество
2178,physics,Наука
2178,society,Общество
2179,medicine,Здоровье
2179,science,Наука
2179,storytelling,Искусство
2180,brain,Наука
2181,culture,Общество
2181,physics,Наука
2181,women,Общество
2182,environment,Экология
2182,innovation,Технологии
2182,innovation,Технологии
2182,leadership,Бизнес
2183,biology,Наука
2183,history,Общество
2183,storytelling,Искусство
2184,history,Общество
2184,music,Искусство
2184,personal growth,Образование
2185,brain,Наука
2185,culture,Общество
2185,identity,Общество
2185,sustainability,Экология
2186,design,Дизайн
2186,physics,Наука
2187,personal growth,Образование
2187,physics,Наука
2187,politics,Общество
2188,business,Бизнес
2188,economics,Бизнес
2188,history,Общество
2188,learning,Образование
2189,communication,Образование
2189,culture,Общество
2189,internet,Технологии
2190,culture,Общество
2190,data,Технологии
2190,education,Образование
2190,identity,Общество
2190,storytelling,Искусство
2191,art,Искусство
2191,physics,Наука
2191,social change,Общество
2192,art,Искусство
2192,physics,Наука
2193,climate change,Экология
2193,design,Дизайн
2193,medicine,Здоровье
2194,artificial intelligence,Технологии
2194,society,Общество
2194,storytelling,Искусство
2195,future,Технологии
2195,humanity,Общество
2195,psychology,Общество
2196,leadership,Бизнес
2196,physics,Наука
2196,politics,Общество
2196,space,Наука
2197,health,Здоровье
2197,humanity,Общество
2198,social change,Общество
2199,culture,Общество
2199,health,Здоровье
2199,politics,Общество
2200,politics,Общество
2200,war,Общество
2201,architecture,Дизайн
2201,brain,Наука
2202,global issues,Общество
2202,health,Здоровье
2202,innovation,Технологии
2202,leadership,Бизнес
2203,global issues,Общество
2203,medicine,Здоровье
2204,artificial intelligence,Технологии
2204,data,Технологии
2204,future,Технологии
2204,learning,Образование
2204,personal growth,Образование
2205,history,Общество
2205,science,Наука
2205,space,Наука
2206,culture,Общество
2206,psychology,Общество
2207,history,Общество
2207,learning,Образование
2207,medicine,Здоровье
2208,economics,Бизнес
2208,personal growth,Образование
2208,women,Общество
2209,creativity,Искусство
2209,internet,Технологии
2209,medicine,Здоровье
2209,women,Общество
2210,artificial intelligence,Технологии
2210,politics,Общество
2211,communication,Образование
2211,communication,Образование
2211,future,Технологии
2211,science,Наука
2212,architecture,Дизайн
2212,future,Технологии
2212,politics,Общество
2212,war,Общество
2213,education,Образование
2213,identity,Общество
2213,physics,Наука
2213,science,Наука
2214,art,Искусство
2214,identity,Общество
2214,social change,Общество
2215,climate change,Экология
2215,data,Технологии
2215,identity,Общество
2216,art,Искусство
2216,brain,Наука
2216,culture,Общество
2216,data,Технологии
2216,learning,Образование
2217,economics,Бизнес
2217,personal growth,Образование
2217,science,Наука
2218,culture,Общество
2218,education,Образование
2218,global issues,Общество
2219,economics,Бизнес
2219,science,Наука
2220,humanity,Общество
2220,personal growth,Образование
2220,storytelling,Искусство
2221,design,Дизайн
2221,internet,Технологии
2221,psychology,Общество
2221,science,Наука
2222,brain,Наука
2222,creativity,Искусство
2222,war,Общество
2223,humanity,Общество
2223,leadership,Бизнес
2224,psychology,Общество
2225,design,Дизайн
2225,history,Общество
2225,leadership,Бизнес
2225,sustainability,Экология
2226,sustainability,Экология
2227,art,Искусство
2227,education,Образование
2227,future,Технологии
2228,art,Искусство
2228,leadership,Бизнес
2228,politics,Общество
2229,education,Образование
2229,innovation,Технологии
2230,architecture,Дизайн
2230,climate change,Экология
2230,creativity,Искусство
2231,climate change,Экология
2231,music,Искусство
2231,space,Наука
2231,storytelling,Искусство
2232,culture,Общество
2232,health,Здоровье
2232,leadership,Бизнес
2233,innovation,Технологии
2233,leadership,Бизнес
2233,politics,Общество
2234,global issues,Общество
2234,innovation,Технологии
2235,communication,Образование
2235,creativity,Искусство
2235,global issues,Общество
2236,business,Бизнес
2236,internet,Технологии
2236,leadership,Бизнес
2236,space,Наука
2237,humanity,Общество
2237,storytelling,Искусство
2237,technology,Технологии
2238,culture,Общество
2238,storytelling,Искусство
2239,creativity,Искусство
2239,culture,Общество
2239,global issues,Общество
2239,technology,Технологии
2240,brain,Наука
2240,data,Технологии
2240,humanity,Общество
2241,art,Искусство
2241,politics,Общество
2242,data,Технологии
2242,education,Образование
2242,music,Искусство
2242,politics,Общество
2243,environment,Экология
2243,leadership,Бизнес
2244,innovation,Технологии
2244,innovation,Технологии
2244,personal growth,Образование
2245,design,Дизайн
2245,environment,Экология
2245,science,Наука
2246,climate change,Экология
2247,communication,Образование
2248,artificial intelligence,Технологии
2248,personal growth,Образование
2249,artificial intelligence,Технологии
2249,internet,Технологии
2249,space,Наука
2250,business,Бизнес
2250,culture,Общество
2251,art,Искусство
2251,artificial intelligence,Технологии
2251,communication,Образование
2252,future,Технологии
2252,social change,Общество
2252,society,Общество
2253,science,Наука
2254,innovation,Технологии
2254,music,Искусство
2254,psychology,Общество
2255,culture,Общество
2255,design,Дизайн
2255,environment,Экология
2255,internet,Технологии
2255,space,Наука
2256,education,Образование
2256,innovation,Технологии
2256,learning,Образование
2256,space,Наука
2257,brain,Наука
2257,design,Дизайн
2257,space,Наука
2258,communication,Образование
2258,global issues,Общество
2258,history,Общество
2258,psychology,Общество
2258,sustainability,Экология
2259,art,Искусство
2259,design,Дизайн
2259,leadership,Бизнес
2260,climate change,Экология
2260,culture,Общество
2260,politics,Общество
2260,social change,Общество
2260,war,Общество
2261,identity,Общество
2261,innovation,Технологии
2262,brain,Наука
2262,climate change,Экология
2262,internet,Технологии
2262,science,Наука
2263,business,Бизнес
2263,future,Технологии
2263,learning,Образование
2264,personal growth,Образование
2264,social change,Общество
2265,innovation,Технологии
2265,space,Наука
2266,economics,Бизнес
2266,innovation,Технологии
2266,leadership,Бизнес
2266,politics,Общество
2266,psychology,Общество
2267,architecture,Дизайн
2267,innovation,Технологии
2267,science,Наука
2267,technology,Технологии
2268,climate change,Экология
2268,data,Технологии
2269,art,Искусство
2269,design,Дизайн
2269,education,Образование
2269,society,Общество
2269,space,Наука
2270,business,Бизнес
2271,environment,Экология
2272,art,Искусство
2273,art,Искусство
2273,brain,Наука
2273,leadership,Бизнес
2273,sustainability,Экология
2274,global issues,Общество
2274,music,Искусство
2274,storytelling,Искусство
2275,biology,Наука
2275,leadership,Бизнес
2276,personal growth,Образование
2276,society,Общество
2277,data,Технологии
2277,history,Общество
2277,learning,Образование
2277,psychology,Общество
2277,women,Общество
2278,humanity,Общество
2278,internet,Технологии
2279,art,Искусство
2279,communication,Образование
2279,humanity,Общество
2280,brain,Наука
2280,social change,Общество
2280,technology,Технологии
2281,art,Искусство
2281,leadership,Бизнес
2281,music,Искусство
2281,psychology,Общество
2282,biology,Наука
2282,internet,Технологии
2283,communication,Образование
2283,health,Здоровье
2283,space,Наука
2284,music,Искусство
2284,psychology,Общество
2284,science,Наука
2284,women,Общество
2285,internet,Технологии
2285,women,Общество
2286,future,Технологии
2286,global issues,Общество
2286,history,Общество
2286,society,Общество
2287,biology,Наука
2287,communication,Образование
2288,climate change,Экология
2288,leadership,Бизнес
2288,technology,Технологии
2289,education,Образование
2289,innovation,Технологии
2289,personal growth,Образование
2290,climate change,Экология
2290,physics,Наука
2291,education,Образование
2291,social change,Общество
2292,history,Общество
2293,future,Технологии
2293,leadership,Бизнес
2293,learning,Образование
2293,space,Наука
2294,architecture,Дизайн
2294,humanity,Общество
2294,society,Общество
2295,artificial intelligence,Технологии
2295,culture,Общество
2295,leadership,Бизнес
2296,environment,Экология
2296,leadership,Бизнес
2296,music,Искусство
2296,war,Общество
2297,culture,Общество
2297,society,Общество
2298,artificial intelligence,Технологии
2298,education,Образование
2298,physics,Наука
2298,technology,Технологии
2299,business,Бизнес
2299,data,Технологии
2299,technology,Технологии
2300,creativity,Искусство
2300,future,Технологии
2301,art,Искусство
2301,design,Дизайн
2301,education,Образование
2301,social change,Общество
2302,biology,Наука
2302,communication,Образование
2302,technology,Технологии
2302,war,Общество
2303,architecture,Дизайн
2303,storytelling,Искусство
2303,technology,Технологии
2304,personal growth,Образование
2305,history,Общество
2306,biology,Наука
2306,environment,Экология
2307,architecture,Дизайн
2307,culture,Общество
2307,health,Здоровье
2307,women,Общество
2308,humanity,Общество
2308,politics,Общество
2308,technology,Технологии
2308,war,Общество
2309,architecture,Дизайн
2309,design,Дизайн
2309,internet,Технологии
2309,medicine,Здоровье
2309,personal growth,Образование
2310,communication,Образование
2310,future,Технологии
2310,history,Общество
2310,physics,Наука
2310,psychology,Общество
2311,brain,Наука
2311,history,Общество
2311,personal growth,Образование
2312,biology,Наука
2312,climate change,Экология
2312,data,Технологии
2312,environment,Экология
2312,music,Искусство
2313,leadership,Бизнес
2313,science,Наука
2314,creativity,Искусство
2314,identity,Общество
2314,personal growth,Образование
2315,brain,Наука
2315,economics,Бизнес
2315,personal growth,Образование
2316,physics,Наука
2317,identity,Общество
2317,internet,Технологии
2317,leadership,Бизнес
2317,medicine,Здоровье
2318,history,Общество
2318,women,Общество
2319,economics,Бизнес
2319,future,Технологии
2319,humanity,Общество
2319,internet,Технологии
2319,sustainability,Экология
2320,climate change,Экология
2320,social change,Общество
2321,architecture,Дизайн
2321,women,Общество
2322,communication,Образование
2322,economics,Бизнес
2322,future,Технологии
2322,medicine,Здоровье
2322,social change,Общество
2323,economics,Бизнес
2323,innovation,Технологии
2324,future,Технологии
2325,artificial intelligence,Технологии
2325,health,Здоровье
2325,psychology,Общество
2325,sustainability,Экология
2326,artificial intelligence,Технологии
2326,innovation,Технологии
2326,medicine,Здоровье
2326,psychology,Общество
2327,artificial intelligence,Технологии
2327,design,Дизайн
2327,history,Общество
2327,sustainability,Экология
2328,architecture,Дизайн
2328,identity,Общество
2328,society,Общество
2329,global issues,Общество
2329,space,Наука
2330,global issues,Общество
2330,health,Здоровье
2330,technology,Технологии
2331,history,Общество
2331,learning,Образование
2331,war,Общество
2332,leadership,Бизнес
2332,learning,Образование
2332,psychology,Общество
2333,leadership,Бизнес
2333,learning,Образование
2334,internet,Технологии
2334,technology,Технологии
2335,economics,Бизнес
2335,psychology,Общество
2335,technology,Технологии
2336,data,Технологии
2336,humanity,Общество
2336,personal growth,Образование
2337,data,Технологии
2337,war,Общество
2338,artificial intelligence,Технологии
2338,future,Технологии
2338,psychology,Общество
2339,architecture,Дизайн
2339,economics,Бизнес
2339,sustainability,Экология
2340,technology,Технологии
2341,identity,Общество
2341,science,Наука
2341,war,Общество
2342,data,Технологии
2342,economics,Бизнес
2342,future,Технологии
2343,internet,Технологии
2343,space,Наука
2344,climate change,Экология
2344,technology,Технологии
2345,society,Общество
2346,communication,Образование
2346,education,Образование
2346,humanity,Общество
2346,leadership,Бизнес
2347,artificial intelligence,Технологии
2347,design,Дизайн
2347,internet,Технологии
2347,sustainability,Экология
2348,business,Бизнес
2348,music,Искусство
2348,personal growth,Образование
2348,technology,Технологии
2349,architecture,Дизайн
2349,identity,Общество
2349,space,Наука
2349,sustainability,Экология
2350,art,Искусство
2350,design,Дизайн
2350,history,Общество
2350,politics,Общество
2351,creativity,Искусство
2351,innovation,Технологии
2351,leadership,Бизнес
2351,personal growth,Образование
2351,personal growth,Образование
2352,art,Искусство
2352,medicine,Здоровье
2352,science,Наука
2352,technology,Технологии
2353,music,Искусство
2353,space,Наука
2354,artificial intelligence,Технологии
2354,education,Образование
2354,women,Общество
2355,biology,Наука
2355,economics,Бизнес
2356,health,Здоровье
2356,medicine,Здоровье
2356,women,Общество
2357,creativity,Искусство
2357,environment,Экология
2357,humanity,Общество
2357,science,Наука
2358,psychology,Общество
2358,sustainability,Экология
2359,architecture,Дизайн
2359,biology,Наука
2359,politics,Общество
2359,technology,Технологии
2360,society,Общество
2361,music,Искусство
2361,physics,Наука
2362,education,Образование
2362,environment,Экология
2362,personal growth,Образование
2362,science,Наука
2363,brain,Наука
2364,humanity,Общество
2364,politics,Общество
2365,brain,Наука
2365,data,Технологии
2365,future,Технологии
2365,music,Искусство
2365,science,Наука
2366,art,Искусство
2366,artificial intelligence,Технологии
2366,climate change,Экология
2366,environment,Экология
2366,history,Общество
2367,climate change,Экология
2367,history,Общество
2368,artificial intelligence,Технологии
2368,physics,Наука
2368,social change,Общество
2368,women,Общество
2369,architecture,Дизайн
2369,history,Общество
2369,personal growth,Образование
2369,politics,Общество
2369,technology,Технологии
2370,history,Общество
2370,medicine,Здоровье
2370,society,Общество
2370,technology,Технологии
2371,storytelling,Искусство
2372,business,Бизнес
2372,future,Технологии
2372,personal growth,Образование
2372,social change,Общество
2372,space,Наука
2373,business,Бизнес
2373,leadership,Бизнес
2373,society,Общество
2374,creativity,Искусство
2374,sustainability,Экология
2374,technology,Технологии
2375,education,Образование
2375,leadership,Бизнес
2375,politics,Общество
2376,leadership,Бизнес
2376,personal growth,Образование
2377,culture,Общество
2377,environment,Экология
2377,health,Здоровье
2377,sustainability,Экология
2378,artificial intelligence,Технологии
2378,business,Бизнес
2379,communication,Образование
2379,identity,Общество
2379,leadership,Бизнес
2380,architecture,Дизайн
2380,internet,Технологии
2381,architecture,Дизайн
2381,biology,Наука
2381,history,Общество
2382,biology,Наука
2382,economics,Бизнес
2383,communication,Образование
2383,data,Технологии
2383,environment,Экология
2383,identity,Общество
2383,psychology,Общество
2384,culture,Общество
2384,design,Дизайн
2384,economics,Бизнес
2384,global issues,Общество
2384,science,Наука
2385,medicine,Здоровье
2386,internet,Технологии
2386,technology,Технологии
2386,technology,Технологии
2387,communication,Образование
2388,science,Наука
2388,society,Общество
2388,space,Наука
2389,environment,Экология
2389,learning,Образование
2389,politics,Общество
2389,space,Наука
2390,brain,Наука
2390,economics,Бизнес
2390,internet,Технологии
2390,learning,Образование
2390,women,Общество
2391,innovation,Технологии
2391,medicine,Здоровье
2392,storytelling,Искусство
2393,economics,Бизнес
2393,health,Здоровье
2394,climate change,Экология
2394,environment,Экология
2394,music,Искусство
2394,politics,Общество
2395,economics,Бизнес
2395,society,Общество
2395,space,Наука
2396,brain,Наука
2396,design,Дизайн
2396,music,Искусство
2397,communication,Образование
2397,health,Здоровье
2397,medicine,Здоровье
2397,music,Искусство
2398,data,Технологии
2398,economics,Бизнес
2398,leadership,Бизнес
2398,women,Общество
2399,culture,Общество
2399,economics,Бизнес
2399,medicine,Здоровье
2399,storytelling,Искусство
2400,art,Искусство
2400,economics,Бизнес
2400,science,Наука
2400,social change,Общество
2401,biology,Наука
2401,psychology,Общество
2401,women,Общество
2402,art,Искусство
2402,brain,Наука
2402,global issues,Общество
2402,science,Наука
2403,creativity,Искусство
2403,culture,Общество
2403,war,Общество
2404,medicine,Здоровье
2405,biology,Наука
2405,creativity,Искусство
2405,culture,Общество
2405,war,Общество
2406,communication,Образование
2406,culture,Общество
2406,economics,Бизнес
2407,communication,Образование
2407,music,Искусство
2407,psychology,Общество
2408,data,Технологии
2408,future,Технологии
2408,history,Общество
2409,global issues,Общество
2409,leadership,Бизнес
2410,global issues,Общество
2410,women,Общество
2411,personal growth,Образование
2411,physics,Наука
2411,women,Общество
2412,politics,Общество
2413,communication,Образование
2413,learning,Образование
2413,science,Наука
2413,society,Общество
2414,artificial intelligence,Технологии
2414,medicine,Здоровье
2414,personal growth,Образование
2414,social change,Общество
2414,technology,Технологии
2415,culture,Общество
2415,technology,Технологии
2415,women,Общество
2416,design,Дизайн
2416,science,Наука
2417,architecture,Дизайн
2417,climate change,Экология
2417,culture,Общество
2417,science,Наука
2417,storytelling,Искусство
2418,economics,Бизнес
2418,politics,Общество
2419,climate change,Экология
2419,creativity,Искусство
2419,design,Дизайн
2419,global issues,Общество
2419,leadership,Бизнес
2420,creativity,Искусство
2421,art,Искусство
2421,personal growth,Образование
2421,war,Общество
2422,architecture,Дизайн
2422,creativity,Искусство
2422,psychology,Общество
2422,war,Общество
2423,artificial intelligence,Технологии
2423,identity,Общество
2423,identity,Общество
2424,climate change,Экология
2424,communication,Образование
2424,history,Общество
2424,psychology,Общество
2424,sustainability,Экология
2425,environment,Экология
2425,global issues,Общество
2425,sustainability,Экология
2426,data,Технологии
2426,humanity,Общество
2426,medicine,Здоровье
2426,music,Искусство
2426,space,Наука
2427,creativity,Искусство
2427,environment,Экология
2427,internet,Технологии
2427,sustainability,Экология
2428,social change,Общество
2428,space,Наука
2429,politics,Общество
2429,society,Общество
2429,storytelling,Искусство
2430,brain,Наука
2430,future,Технологии
2430,global issues,Общество
2430,storytelling,Искусство
2431,economics,Бизнес
2432,economics,Бизнес
2432,music,Искусство
2433,communication,Образование
2433,global issues,Общество
2433,identity,Общество
2433,society,Общество
2433,space,Наука
2434,creativity,Искусство
2434,history,Общество
2434,medicine,Здоровье
2434,personal growth,Образование
2435,brain,Наука
2435,global issues,Общество
2435,learning,Образование
2436,climate change,Экология
2436,science,Наука
2437,business,Бизнес
2437,business,Бизнес
2437,future,Технологии
2438,learning,Образование
2438,women,Общество
2439,politics,Общество
2439,politics,Общество
2439,psychology,Общество
2440,business,Бизнес
2440,education,Образование
2440,psychology,Общество
2441,environment,Экология
2441,global issues,Общество
2441,humanity,Общество
2442,biology,Наука
2442,data,Технологии
2442,health,Здоровье
2442,leadership,Бизнес
2442,music,Искусство
2443,brain,Наука
2443,environment,Экология
2443,medicine,Здоровье
2444,environment,Экология
2444,global issues,Общество
2444,innovation,Технологии
2444,music,Искусство
2444,women,Общество
2445,design,Дизайн
2445,personal growth,Образование
2446,personal growth,Образование
2447,innovation,Технологии
2448,artificial intelligence,Технологии
2448,future,Технологии
2448,medicine,Здоровье
2448,politics,Общество
2448,psychology,Общество
2449,brain,Наука
2449,climate change,Экология
2449,history,Общество
2449,innovation,Технологии
2450,environment,Экология
2450,history,Общество
2450,leadership,Бизнес
2451,communication,Образование
2451,music,Искусство
2451,social change,Общество
2451,war,Общество
2452,data,Технологии
2453,storytelling,Искусство
2454,architecture,Дизайн
2454,science,Наука
2455,global issues,Общество
2455,psychology,Общество
2456,storytelling,Искусство
2457,brain,Наука
2457,physics,Наука
2457,politics,Общество
2458,art,Искусство
2458,culture,Общество
2458,global issues,Общество
2458,space,Наука
2459,health,Здоровье
2459,health,Здоровье
2459,identity,Общество
2459,space,Наука
2460,artificial intelligence,Технологии
2460,biology,Наука
2460,global issues,Общество
2460,humanity,Общество
2461,creativity,Искусство
2461,humanity,Общество
2461,society,Общество
2462,communication,Образование
2462,society,Общество
2462,space,Наука
2463,creativity,Искусство
2463,history,Общество
2463,psychology,Общество
2463,storytelling,Искусство
2464,music,Искусство
2464,society,Общество
2464,storytelling,Искусство
2464,sustainability,Экология
2465,data,Технологии
2465,global issues,Общество
2466,space,Наука
2467,education,Образование
2467,environment,Экология
2467,leadership,Бизнес
2468,business,Бизнес
2468,personal growth,Образование
2468,technology,Технологии
2469,architecture,Дизайн
2469,culture,Общество
2469,data,Технологии
2469,storytelling,Искусство
2470,data,Технологии
2470,education,Образование
2471,artificial intelligence,Технологии
2471,medicine,Здоровье
2471,war,Общество
2472,history,Общество
2472,humanity,Общество
2472,leadership,Бизнес
2472,social change,Общество
2472,society,Общество
2473,art,Искусство
2473,biology,Наука
2473,data,Технологии
2473,humanity,Общество
2474,creativity,Искусство
2474,economics,Бизнес
2474,innovation,Технологии
2475,art,Искусство
2475,music,Искусство
2475,sustainability,Экология
2476,artificial intelligence,Технологии
2476,health,Здоровье
2476,politics,Общество
2477,social change,Общество
2478,education,Образование
2478,innovation,Технологии
2478,politics,Общество
2479,architecture,Дизайн
2479,brain,Наука
2479,data,Технологии
2479,storytelling,Искусство
2480,architecture,Дизайн
2480,data,Технологии
2480,future,Технологии
2480,innovation,Технологии
2480,science,Наука
2481,leadership,Бизнес
2481,social change,Общество
2482,biology,Наука
2482,environment,Экология
2482,leadership,Бизнес
2482,science,Наука
2483,identity,Общество
2483,storytelling,Искусство
2484,communication,Образование
2484,culture,Общество
2484,women,Общество
2485,climate change,Экология
2485,communication,Образование
2485,education,Образование
2486,architecture,Дизайн
2486,design,Дизайн
2486,education,Образование
2486,future,Технологии
2487,brain,Наука
2487,learning,Образование
2487,society,Общество
2488,artificial intelligence,Технологии
2488,education,Образование
2488,space,Наука
2488,women,Общество
2489,biology,Наука
2489,biology,Наука
2489,history,Общество
2489,innovation,Технологии
2489,politics,Общество
2490,space,Наука
2490,sustainability,Экология
2490,women,Общество
2491,design,Дизайн
2491,space,Наука
2492,art,Искусство
2492,politics,Общество
2492,storytelling,Искусство
2493,art,Искусство
2493,economics,Бизнес
2493,environment,Экология
2493,humanity,Общество
2494,culture,Общество
2494,education,Образование
2494,learning,Образование
2495,culture,Общество
2495,innovation,Технологии
2496,health,Здоровье
2496,identity,Общество
2497,climate change,Экология
2497,culture,Общество
2498,business,Бизнес
2498,global issues,Общество
2498,storytelling,Искусство
2499,architecture,Дизайн
2499,storytelling,Искусство
2499,war,Общество
2500,design,Дизайн
2500,health,Здоровье
2500,science,Наука
2500,society,Общество
2501,data,Технологии
2501,history,Общество
2501,learning,Образование
2501,music,Искусство
2502,data,Технологии
2503,design,Дизайн
2504,architecture,Дизайн
2504,future,Технологии
2504,science,Наука
2505,brain,Наука
2505,history,Общество
2505,identity,Общество
2505,science,Наука
2506,brain,Наука
2506,health,Здоровье
2506,history,Общество
2507,artificial intelligence,Технологии
2507,history,Общество
2507,humanity,Общество
2507,personal growth,Образование
2508,business,Бизнес
2508,data,Технологии
2508,environment,Экология
2508,physics,Наука
2508,psychology,Общество
2509,internet,Технологии
2510,climate change,Экология
2510,climate change,Экология
2510,education,Образование
2510,leadership,Бизнес
2510,space,Наука
2511,brain,Наука
2511,design,Дизайн
2511,history,Общество
2512,innovation,Технологии
2512,learning,Образование
2512,personal growth,Образование
2512,social change,Общество
2513,architecture,Дизайн
2513,creativity,Искусство
2513,design,Дизайн
2513,health,Здоровье
2514,future,Технологии
2514,innovation,Технологии
2515,art,Искусство
2515,storytelling,Искусство
2515,technology,Технологии
2516,art,Искусство
2516,brain,Наука
2517,climate change,Экология
2517,education,Образование
2517,environment,Экология
2517,history,Общество
2518,physics,Наука
2519,artificial intelligence,Технологии
2519,education,Образование
2519,innovation,Технологии
2519,storytelling,Искусство
2520,learning,Образование
2520,war,Общество
2521,economics,Бизнес
2521,humanity,Общество
2521,society,Общество
2522,education,Образование
2522,identity,Общество
2522,leadership,Бизнес
2522,personal growth,Образование
2522,sustainability,Экология
2523,creativity,Искусство
2523,space,Наука
2524,biology,Наука
2524,economics,Бизнес
2524,learning,Образование
2525,artificial intelligence,Технологии
2525,design,Дизайн
2525,innovation,Технологии
2525,storytelling,Искусство
2526,data,Технологии
2526,health,Здоровье
2526,storytelling,Искусство
2527,learning,Образование
2527,personal growth,Образование
2527,society,Общество
2528,economics,Бизнес
2528,environment,Экология
2528,global issues,Общество
2528,war,Общество
2528,women,Общество
2529,climate change,Экология
2529,physics,Наука
2529,women,Общество
2530,communication,Образование
2530,creativity,Искусство
2530,identity,Общество
2531,personal growth,Образование
2532,communication,Образование
2533,humanity,Общество
2533,society,Общество
2534,culture,Общество
2534,health,Здоровье
2534,storytelling,Искусство
2535,art,Искусство
2535,humanity,Общество
2536,architecture,Дизайн
2536,global issues,Общество
2536,women,Общество
2537,creativity,Искусство
2537,social change,Общество
2538,brain,Наука
2538,history,Общество
2538,humanity,Общество
2539,war,Общество
2540,artificial intelligence,Технологии
2540,global issues,Общество
2540,medicine,Здоровье
2540,psychology,Общество
2541,design,Дизайн
2541,physics,Наука
2542,environment,Экология
2542,global issues,Общество
2542,innovation,Технологии
2542,psychology,Общество
2543,innovation,Технологии
2543,space,Наука
2544,artificial intelligence,Технологии
2544,brain,Наука
2544,creativity,Искусство
2544,technology,Технологии
2545,business,Бизнес
2545,economics,Бизнес
2545,music,Искусство
2545,psychology,Общество
2546,communication,Образование
2546,creativity,Искусство
2546,global issues,Общество
2546,science,Наука
2546,women,Общество
2547,economics,Бизнес
2548,communication,Образование
2548,global issues,Общество
2548,technology,Технологии
2549,architecture,Дизайн
2549,personal growth,Образование
2549,women,Общество
2550,architecture,Дизайн
2550,environment,Экология
2550,leadership,Бизнес
2550,psychology,Общество
2550,sustainability,Экология
2551,society,Общество
2551,society,Общество
2552,humanity,Общество
2552,music,Искусство
2552,sustainability,Экология
2552,women,Общество
2553,environment,Экология
2553,humanity,Общество
2553,internet,Технологии
2553,science,Наука
2554,culture,Общество
2555,communication,Образование
2555,education,Образование
2555,humanity,Общество
2556,education,Образование
2556,identity,Общество
2556,innovation,Технологии
2556,social change,Общество
2557,biology,Наука
2557,brain,Наука
2557,culture,Общество
2557,internet,Технологии
2557,women,Общество
2558,art,Искусство
2558,business,Бизнес
2558,economics,Бизнес
2558,education,Образование
2559,climate change,Экология
2559,medicine,Здоровье
2559,science,Наука
2559,war,Общество
2560,innovation,Технологии
2560,learning,Образование
2560,physics,Наука
2561,health,Здоровье
2561,innovation,Технологии
2561,social change,Общество
2562,data,Технологии
2562,design,Дизайн
2562,technology,Технологии
2563,brain,Наука
2564,data,Технологии
2564,environment,Экология
2564,innovation,Технологии
2564,sustainability,Экология
2564,technology,Технологии
2565,art,Искусство
2565,communication,Образование
2565,education,Образование
2565,medicine,Здоровье
2565,technology,Технологии
2566,health,Здоровье
2567,design,Дизайн
2567,design,Дизайн
2567,humanity,Общество
2567,science,Наука
2567,space,Наука
2568,future,Технологии
2568,learning,Образование
2569,brain,Наука
2569,design,Дизайн
2569,health,Здоровье
2569,identity,Общество
2570,architecture,Дизайн
2570,culture,Общество
2570,health,Здоровье
2570,society,Общество
2571,business,Бизнес
2571,personal growth,Образование
2571,psychology,Общество
2571,society,Общество
2572,culture,Общество
2572,health,Здоровье
2572,humanity,Общество
2573,artificial intelligence,Технологии
2573,biology,Наука
2573,science,Наука
2574,climate change,Экология
2574,society,Общество
2574,sustainability,Экология
2574,war,Общество
2575,biology,Наука
2575,health,Здоровье
2575,leadership,Бизнес
2576,history,Общество
2576,history,Общество
2576,humanity,Общество
2577,history,Общество
2577,history,Общество
2577,internet,Технологии
2578,creativity,Искусство
2578,education,Образование
2578,technology,Технологии
2579,biology,Наука
2579,global issues,Общество
2579,medicine,Здоровье
2579,personal growth,Образование
2580,design,Дизайн
2580,health,Здоровье
2580,humanity,Общество
2580,space,Наука
2581,artificial intelligence,Технологии
2581,environment,Экология
2582,art,Искусство
2582,biology,Наука
2582,culture,Общество
2582,culture,Общество
2582,design,Дизайн
2582,humanity,Общество
2583,architecture,Дизайн
2583,artificial intelligence,Технологии
2583,innovation,Технологии
2583,sustainability,Экология
2584,business,Бизнес
2584,design,Дизайн
2584,medicine,Здоровье
2585,data,Технологии
2585,identity,Общество
2585,internet,Технологии
2585,war,Общество
2586,global issues,Общество
2586,leadership,Бизнес
2587,economics,Бизнес
2587,science,Наука
2587,war,Общество
2587,women,Общество
2588,climate change,Экология
2588,data,Технологии
2589,data,Технологии
2589,learning,Образование
2589,personal growth,Образование
2589,physics,Наука
2589,space,Наука
2590,design,Дизайн
2590,innovation,Технологии
2591,design,Дизайн
2591,design,Дизайн
2591,leadership,Бизнес
2592,physics,Наука
2593,artificial intelligence,Технологии
2593,global issues,Общество
2593,identity,Общество
2593,war,Общество
2594,education,Образование
2594,humanity,Общество
2595,brain,Наука
2595,education,Образование
2595,humanity,Общество
2595,society,Общество
2596,art,Искусство
2596,climate change,Экология
2597,politics,Общество
2597,science,Наука
2598,environment,Экология
2598,sustainability,Экология
2599,brain,Наука
2599,history,Общество
2599,humanity,Общество
2600,culture,Общество
2600,physics,Наука
2600,storytelling,Искусство
2600,women,Общество
2601,artificial intelligence,Технологии
2601,brain,Наука
2601,culture,Общество
2601,humanity,Общество
2601,music,Искусство
2602,design,Дизайн
2602,future,Технологии
2602,politics,Общество
2603,future,Технологии
2603,social change,Общество
2603,women,Общество
2604,brain,Наука
2604,economics,Бизнес
2604,education,Образование
2604,science,Наука
2604,society,Общество
2605,history,Общество
2605,technology,Технологии
2606,climate change,Экология
2606,history,Общество
2606,medicine,Здоровье
2606,physics,Наука
2607,design,Дизайн
2607,global issues,Общество
2608,identity,Общество
2608,psychology,Общество
2608,social change,Общество
2608,sustainability,Экология
2609,future,Технологии
2609,innovation,Технологии
2609,leadership,Бизнес
2609,space,Наука
2609,sustainability,Экология
2610,medicine,Здоровье
2610,personal growth,Образование
2610,war,Общество
2611,identity,Общество
2611,physics,Наука
2612,design,Дизайн
2612,education,Образование
2612,future,Технологии
2612,humanity,Общество
2612,psychology,Общество
2613,artificial intelligence,Технологии
2613,data,Технологии
2613,science,Наука
2614,leadership,Бизнес
2615,social change,Общество
2615,space,Наука
2616,data,Технологии
2616,science,Наука
2616,sustainability,Экология
2617,artificial intelligence,Технологии
2617,science,Наука
2617,society,Общество
2618,humanity,Общество
2618,identity,Общество
2619,business,Бизнес
2619,creativity,Искусство
2620,history,Общество
2620,medicine,Здоровье
2620,physics,Наука
2621,business,Бизнес
2621,history,Общество
2621,music,Искусство
2622,artificial intelligence,Технологии
2622,biology,Наука
2622,medicine,Здоровье
2623,architecture,Дизайн
2623,learning,Образование
2623,medicine,Здоровье
2624,data,Технологии
2624,environment,Экология
2624,humanity,Общество
2624,social change,Общество
2624,storytelling,Искусство
2625,culture,Общество
2625,politics,Общество
2626,art,Искусство
2626,future,Технологии
2626,science,Наука
2626,storytelling,Искусство
2627,architecture,Дизайн
2627,business,Бизнес
2627,science,Наука
2628,history,Общество
2628,technology,Технологии
2629,physics,Наука
2629,war,Общество
2629,women,Общество
2630,biology,Наука
2630,climate change,Экология
2630,war,Общество
2631,business,Бизнес
2631,learning,Образование
2631,war,Общество
2632,medicine,Здоровье
2632,physics,Наука
2633,education,Образование
2633,global issues,Общество
2633,psychology,Общество
2633,women,Общество
2634,biology,Наука
2634,future,Технологии
2634,psychology,Общество
2635,economics,Бизнес
2635,health,Здоровье
2635,psychology,Общество
2635,society,Общество
2635,space,Наука
2636,climate change,Экология
2636,global issues,Общество
2636,politics,Общество
2636,women,Общество
2637,biology,Наука
2637,climate change,Экология
2637,health,Здоровье
2638,identity,Общество
2638,learning,Образование
2638,personal growth,Образование
2639,architecture,Дизайн
2639,economics,Бизнес
2640,artificial intelligence,Технологии
2640,future,Технологии
2640,society,Общество
2641,society,Общество
2642,future,Технологии
2643,humanity,Общество
2643,science,Наука
2643,space,Наука
2644,brain,Наука
2644,education,Образование
2644,history,Общество
2644,music,Искусство
2645,business,Бизнес
2645,physics,Наука
2645,science,Наука
2645,technology,Технологии
2646,economics,Бизнес
2646,identity,Общество
2646,innovation,Технологии
2646,women,Общество
2647,art,Искусство
2647,internet,Технологии
2647,learning,Образование
2647,society,Общество
2647,war,Общество
2648,brain,Наука
2648,education,Образование
2648,learning,Образование
2649,climate change,Экология
2649,internet,Технологии
2649,leadership,Бизнес
2649,sustainability,Экология
2650,brain,Наука
2650,climate change,Экология
2650,humanity,Общество
2650,personal growth,Образование
2651,art,Искусство
2651,women,Общество
2652,future,Технологии
2652,health,Здоровье
2652,technology,Технологии
2652,women,Общество
2653,global issues,Общество
2653,leadership,Бизнес
2653,politics,Общество
2654,health,Здоровье
2654,identity,Общество
2654,innovation,Технологии
2654,medicine,Здоровье
2654,personal growth,Образование
2655,artificial intelligence,Технологии
2655,brain,Наука
2655,data,Технологии
2655,environment,Экология
2655,psychology,Общество
2656,design,Дизайн
2656,future,Технологии
2656,medicine,Здоровье
2657,education,Образование
2657,health,Здоровье
2657,music,Искусство
2658,biology,Наука
2658,politics,Общество
2659,architecture,Дизайн
2659,social change,Общество
2659,technology,Технологии
2660,artificial intelligence,Технологии
2660,creativity,Искусство
2660,space,Наука
2661,business,Бизнес
2661,creativity,Искусство
2661,physics,Наука
2661,war,Общество
2662,art,Искусство
2662,business,Бизнес
2662,medicine,Здоровье
2662,science,Наука
2663,communication,Образование
2663,economics,Бизнес
2663,physics,Наука
2664,leadership,Бизнес
2664,learning,Образование
2664,personal growth,Образование
2665,art,Искусство
2665,music,Искусство
2665,technology,Технологии
2666,humanity,Общество
2666,internet,Технологии
2666,music,Искусство
2666,space,Наука
2667,business,Бизнес
2667,history,Общество
2667,physics,Наука
2667,politics,Общество
2667,space,Наука
2668,climate change,Экология
2668,leadership,Бизнес
2668,politics,Общество
2669,data,Технологии
2669,environment,Экология
2669,psychology,Общество
2670,music,Искусство
2670,music,Искусство
2670,politics,Общество
2671,history,Общество
2671,medicine,Здоровье
2671,sustainability,Экология
2671,war,Общество
2672,creativity,Искусство
2672,learning,Образование
2672,music,Искусство
2673,biology,Наука
2674,global issues,Общество
2674,identity,Общество
2674,physics,Наука
2675,identity,Общество
2675,politics,Общество
2675,psychology,Общество
2675,women,Общество
2676,art,Искусство
2676,internet,Технологии
2676,science,Наука
2677,architecture,Дизайн
2677,education,Образование
2677,leadership,Бизнес
2677,sustainability,Экология
2678,biology,Наука
2678,creativity,Искусство
2678,future,Технологии
2678,history,Общество
2678,social change,Общество
2679,data,Технологии
2679,history,Общество
2679,women,Общество
2680,art,Искусство
2680,personal growth,Образование
2681,politics,Общество
2682,business,Бизнес
2682,culture,Общество
2682,design,Дизайн
2682,psychology,Общество
2683,politics,Общество
2683,space,Наука
2683,women,Общество
2684,artificial intelligence,Технологии
2684,science,Наука
2684,war,Общество
2684,women,Общество
2685,brain,Наука
2685,communication,Образование
2685,environment,Экология
2686,communication,Образование
2686,design,Дизайн
2686,personal growth,Образование
2686,psychology,Общество
2686,war,Общество
2687,medicine,Здоровье
2687,personal growth,Образование
2688,culture,Общество
2688,history,Общество
2688,humanity,Общество
2688,internet,Технологии
2688,medicine,Здоровье
2689,architecture,Дизайн
2689,artificial intelligence,Технологии
2689,brain,Наука
2689,education,Образование
2689,music,Искусство
2690,education,Образование
2690,personal growth,Образование
2691,art,Искусство
2691,humanity,Общество
2691,politics,Общество
2691,social change,Общество
2692,brain,Наука
2692,psychology,Общество
2693,architecture,Дизайн
2693,identity,Общество
2694,data,Технологии
2694,leadership,Бизнес
2694,physics,Наука
2695,art,Искусство
2695,design,Дизайн
2695,history,Общество
2695,science,Наука
2696,data,Технологии
2696,identity,Общество
2696,science,Наука
2697,history,Общество
2697,medicine,Здоровье
2697,music,Искусство
2698,biology,Наука
2698,history,Общество
2698,personal growth,Образование
2698,storytelling,Искусство
2699,biology,Наука
2699,business,Бизнес
2699,business,Бизнес
2699,communication,Образование
2699,future,Технологии
2700,global issues,Общество
2700,society,Общество
2700,technology,Технологии
2701,data,Технологии
2701,music,Искусство
2702,education,Образование
2702,sustainability,Экология
2703,art,Искусство
2704,creativity,Искусство
2704,science,Наука
2705,biology,Наука
2705,climate change,Экология
2705,sustainability,Экология
2706,brain,Наука
2706,health,Здоровье
2706,learning,Образование
2706,sustainability,Экология
2707,artificial intelligence,Технологии
2707,history,Общество
2707,personal growth,Образование
2707,psychology,Общество
2708,biology,Наука
2708,brain,Наука
2708,health,Здоровье
2708,innovation,Технологии
2709,data,Технологии
2709,economics,Бизнес
2709,leadership,Бизнес
2710,art,Искусство
2710,climate change,Экология
2710,history,Общество
2711,brain,Наука
2711,data,Технологии
2711,internet,Технологии
2711,war,Общество
2712,biology,Наука
2713,architecture,Дизайн
2713,culture,Общество
2713,women,Общество
2714,brain,Наука
2714,medicine,Здоровье
2714,politics,Общество
2714,psychology,Общество
2715,medicine,Здоровье
2715,science,Наука
2716,brain,Наука
2716,climate change,Экология
2716,politics,Общество
2717,data,Технологии
2717,science,Наука
2717,space,Наука
2718,innovation,Технологии
2718,medicine,Здоровье
2718,space,Наука
2719,economics,Бизнес
2719,innovation,Технологии
2720,future,Технологии
2720,society,Общество
2721,environment,Экология
2721,humanity,Общество
2721,learning,Образование
2721,politics,Общество
2722,climate change,Экология
2722,creativity,Искусство
2722,data,Технологии
2723,brain,Наука
2723,identity,Общество
2723,internet,Технологии
2724,health,Здоровье
2724,sustainability,Экология
2725,communication,Образование
2725,environment,Экология
2725,medicine,Здоровье
2725,storytelling,Искусство
2726,art,Искусство
2726,internet,Технологии
2726,society,Общество
2727,society,Общество
2728,business,Бизнес
2728,sustainability,Экология
2729,brain,Наука
2729,climate change,Экология
2729,leadership,Бизнес
2729,politics,Общество
2729,war,Общество
2730,climate change,Экология
2730,data,Технологии
2731,social change,Общество
2732,architecture,Дизайн
2732,space,Наука
2732,war,Общество
2733,culture,Общество
2734,business,Бизнес
2735,culture,Общество
2735,data,Технологии
2735,health,Здоровье
2735,medicine,Здоровье
2736,biology,Наука
2736,learning,Образование
2736,medicine,Здоровье
2736,storytelling,Искусство
2737,personal growth,Образование
2737,social change,Общество
2737,war,Общество
2738,history,Общество
2738,personal growth,Образование
2739,humanity,Общество
2739,identity,Общество
2739,music,Искусство
2739,technology,Технологии
2740,artificial intelligence,Технологии
2740,climate change,Экология
2740,education,Образование
2741,biology,Наука
2741,economics,Бизнес
2741,health,Здоровье
2742,sustainability,Экология
2743,innovation,Технологии
2743,psychology,Общество
2743,storytelling,Искусство
2744,culture,Общество
2744,personal growth,Образование
2744,society,Общество
2745,climate change,Экология
2745,internet,Технологии
2745,physics,Наука
2746,biology,Наука
2746,brain,Наука
2746,learning,Образование
2747,biology,Наука
2747,future,Технологии
2747,politics,Общество
2747,sustainability,Экология
2748,history,Общество
2748,identity,Общество
2748,social change,Общество
2748,space,Наука
2748,storytelling,Искусство
2749,music,Искусство
2749,physics,Наука
2750,leadership,Бизнес
2750,storytelling,Искусство
