player_id,reg_date,country,platform,channel,sessions,total_minutes,max_level
1,2026-04-14,PL,ios,ua_google,13,227.6,7
2,21.12.2025,PL,android,ua_google,3,70.0,3
3,2026-02-12,BR,ios,organic,2,,2
4,2025-09-14,RU,android,ua_google,53,909.0,24
5,2025-09-26,IN,pc,cross_promo,1,9.7,2
6,18.04.2026,MX,ios,organic,2,11.5,2
7,19.09.2025,RU,ANDROID,ua_google,1,16.5,3
8,2026-01-13,PL,android,ua_tiktok,28,506.5,16
9,2026-06-13,MX,PC,influencer,1,27.0,1
10,2026-01-03,ES,pc,ua_facebook,62,1584.7,38
11,2026-04-07,MX,pc,ua_google,14,256.0,4
12,2026-05-23,BR,ANDROID,ua_google,30,703.5,14
13,2026-01-17,BR,ios,ua_tiktok,57,1288.0,41
14,2025-09-17,RU,Windows,ua_facebook,1,16.9,1
15,2025-12-27,PL,android,ua_tiktok,2,36.1,1
16,2025-11-27,FR,android,influencer,17,259.0,8
17,2026-02-05,BR,ios,ua_google,13,237.6,11
18,2025-09-14,ES,ios,ua_facebook,62,,26
19,04.12.2025,ES,ios,organic,11,230.1,4
20,2025-10-30,FR,android,ua_google,1,22.4,1
21,30.04.2026,PL,ios,organic,13,"145,3",8
22,2026-02-12,MX,ios,ua_tiktok,16,295.7,8
23,2026-03-08,BR,Android,ua_facebook,87,1385.5,54
24,2025-09-23,US,ios,ua_facebook,10,"192,5",8
25,2026-04-14,null,ios,ua_tiktok,2,58.4,2
26,2025-12-29,BR,android,ua_google,2,29.9,3
27,2026-04-27,MX,android,ua_facebook,1,11.0,1
28,2025-11-11,PL,android,ua_google,1,24.5,2
29,16.01.2026,TR,android,ua_google,59,1078.4,26
30,2025-10-30,GER,ios,organic,2,46.9,2
31,15.05.2026,PL,iOS,organic,34,,14
32,2026-05-05,PL,iOS,ua_tiktok,1,21.1,1
33,2026-02-20,DE,ios,ua_google,47,941.2,32
34,2025-10-04,FR,android,organic,8,140.9,5
35,2026-05-05,RU,ios,influencer,4,49.3,5
36,2025-11-24,PL,ios,organic,9,182.4,2
37,2026-03-05,BR,android,ua_google,1,3.2,1
38,2025-10-03,US,ANDROID,ua_facebook,241,5017.8,122
39,19.04.2026,TR,android,organic,46,801.8,25
40,09.05.2026,BR,Android,ua_google,3,44.5,2
41,2026-01-06,ES,ANDROID,ua_google,7,"108,8",3
42,2026-03-07,de,ios,ua_tiktok,1,7.9,1
43,2025-11-11,FR,android,ua_google,3,30.0,3
44,2026-03-16,BR,android,organic,103,2362.9,42
45,05.11.2025,ru,ios,ua_facebook,2,14.8,3
46,30.12.2025,RU,ios,ua_google,9,207.7,8
47,2026-05-01,MX,ios,ua_google,57,1319.1,35
48,2025-11-19,US,pc,ua_tiktok,1,18.7,2
49,2025-11-17,BR,ios,influencer,1,34.5,1
50,2026-05-25,н/д,android,ua_facebook,6,null,2
51,07.05.2026,us,android,influencer,6,172.4,6
52,2025-10-05,PL,ios,influencer,2,26.0,4
53,2026-06-24,Russia,ANDROID,ua_tiktok,4,53.3,7
54,2025-10-04,ES,pc,influencer,2,25.4,2
55,2025-09-06,IN,ios,influencer,1,10.2,1
56,2025-12-28,Brazil,android,ua_facebook,8,97.8,2
57,18.12.2025,RU,IOS,ua_facebook,169,3373.1,102
58,28.04.2026,RU,android,ua_facebook,53,1324.6,28
59,2025-09-21,ES,android,organic,293,6294.4,136
60,24.11.2025,IN,ios,ua_google,91,1436.8,47
61,18.03.2026,,ios,ua_tiktok,35,563.0,23
62,2025-09-07,PL,ios,influencer,4,78.6,3
63,2025-12-05,BR,ios,organic,81,1632.9,43
64,2025-11-06,RU,Android,ua_google,97,2002.5,59
65,14.03.2026,DE,Android,influencer,3,54.6,1
66,2025-09-30,TR,android,ua_facebook,3,59.7,2
67,2026-01-20,,android,ua_google,4,67.7,2
68,2025-09-19,BR,android,ua_google,2,22.6,2
69,23.03.2026,DE,android,ua_facebook,1,20.0,1
70,2025-09-20,PL,pc,cross_promo,2,11.8,2
71,2026-03-25,н/д,pc,influencer,76,1536.7,35
72,2026-01-13,,Android,organic,25,NaN,11
73,15.09.2025,BR,android,ua_google,2,55.7,2
74,2026-02-23,FR,ios,ua_google,97,2079.5,49
75,2026-03-02,US,pc,influencer,6,163.1,5
76,2025-10-17,DE,pc,ua_facebook,1,32.3,2
77,07.01.2026,DE,android,ua_google,3,35.9,3
78,21.04.2026,DE,pc,ua_google,60,1197.7,28
79,2025-09-05,IN,iOS,ua_google,1,19.0,1
80,2026-01-20,н/д,pc,organic,9,"204,0",5
81,2025-12-23,PL,IOS,ua_facebook,34,601.1,21
82,11.01.2026,DE,ios,organic,2,51.5,2
83,2025-11-19,BR,ios,ua_facebook,3,86.2,2
84,2025-10-15,Turkey,ios,ua_facebook,16,434.0,9
85,09.11.2025,TR,pc,ua_facebook,134,2449.1,62
86,2026-01-31,MX,pc,influencer,1,16.4,1
87,19.09.2025,RU,pc,organic,35,683.5,14
88,2026-02-05,GER,Android,ua_tiktok,2,10.1,2
89,2026-05-20,PL,android,ua_tiktok,1,22.7,1
90,2025-10-24,TR,pc,ua_facebook,28,509.6,15
91,2025-11-01,н/д,android,organic,27,515.0,18
92,15.04.2026,br,ios,influencer,57,,38
93,14.03.2026,RU,android,ua_facebook,10,"162,4",5
94,22.06.2026,-,android,influencer,2,88.6,2
95,2025-09-11,MX,ios,ua_tiktok,8,209.4,4
96,2026-05-23,DE,android,organic,1,28.0,1
97,04.11.2025,FR,iOS,ua_tiktok,2,10.1,1
98,2025-09-06,DE,pc,organic,8,132.6,8
99,2025-12-10,TR,android,ua_google,1,4.5,1
100,03.09.2025,GER,pc,influencer,4,61.8,4
101,01.05.2026,MX,ANDROID,ua_facebook,2,17.3,1
102,2025-10-23,DE,ios,organic,4,76.1,5
103,2026-05-25,ES,ios,organic,2,63.8,1
104,2025-11-13,US,ios,ua_google,3,40.0,4
105,12.05.2026,Brazil,ios,ua_tiktok,27,577.9,10
106,2026-02-03,ES,android,ua_tiktok,3,,4
107,2025-09-13,DE,ios,organic,4,51.8,4
108,04.11.2025,DE,IOS,influencer,8,137.9,1
109,01.10.2025,PL,pc,organic,67,1353.4,30
110,2026-03-09,MX,Windows,organic,16,299.5,4
111,2025-09-22,MX,android,ua_google,82,1492.7,54
112,2025-09-02,BR,android,organic,1,5.7,2
113,23.10.2025,BR,android,influencer,81,1719.9,45
114,2026-01-18,USA,pc,ua_google,19,556.6,10
115,2026-06-25,NaN,android,ua_google,1,6.8,3
116,22.03.2026,DE,ios,cross_promo,7,113.0,2
117,2026-05-26,FR,android,ua_google,4,69.6,1
118,2026-02-03,US,android,ua_facebook,1,11.9,2
119,2026-01-10,-,android,organic,2,28.0,4
120,2025-09-02,null,pc,cross_promo,67,1181.2,35
121,2025-11-20,US,ios,organic,109,"2537,8",64
122,2026-01-27,BR,Android,influencer,87,2066.1,43
123,2026-03-23,RU,ios,ua_google,33,956.9,24
124,2025-10-24,RU,pc,ua_facebook,41,789.0,22
125,13.05.2026,DE,pc,ua_tiktok,18,273.9,11
126,2026-06-01,FR,pc,influencer,3,102.5,2
127,2025-11-24,FR,pc,ua_facebook,15,"266,5",8
128,2026-03-25,IN,ios,influencer,58,1251.2,29
129,2026-05-01,BR,android,ua_google,47,902.7,27
130,2026-03-21,USA,android,ua_google,66,1239.9,33
131,17.03.2026,ES,android,ua_tiktok,56,1507.3,27
132,2025-09-23,TR,PC,organic,1,,1
133,2026-05-05,TR,PC,ua_facebook,1,69.7,2
134,2026-02-26,TR,pc,ua_facebook,3,41.2,2
135,2025-09-04,PL,pc,ua_facebook,12,"288,0",3
136,04.11.2025,PL,pc,influencer,3,53.6,2
137,2025-09-26,IN,android,ua_tiktok,6,"49,1",3
138,2025-09-03,TR,pc,ua_tiktok,21,423.8,11
139,2025-11-03,TR,android,ua_facebook,3,56.2,2
140,25.03.2026,PL,ios,cross_promo,4,153.8,4
141,2026-06-16,RU,IOS,cross_promo,1,8.1,1
142,2025-10-08,FR,android,organic,32,"542,6",13
143,2025-09-03,US,pc,ua_google,6,195.6,6
144,2026-04-09,US,pc,organic,1,63.3,2
145,05.09.2025,BR,android,organic,1,3.8,1
146,2026-06-19,TR,android,ua_google,4,59.2,5
147,2026-04-14,ES,Android,ua_google,2,-,2
148,2025-09-18,ru,ios,organic,3,64.7,2
149,2025-09-19,TR,pc,ua_facebook,5,187.5,2
150,2026-02-12,IN,IOS,cross_promo,9,186.8,4
151,20.10.2025,DE,ios,ua_google,6,77.4,4
152,2026-04-28,DE,iOS,organic,3,37.6,1
153,12.03.2026,RU,pc,ua_facebook,2,33.5,2
154,2026-03-19,NaN,android,ua_facebook,1,7.1,1
155,2026-06-14,RU,android,ua_facebook,14,348.0,11
156,2026-05-28,DE,android,organic,1,null,1
157,15.05.2026,ru,ios,ua_google,14,336.5,8
158,2026-04-30,null,Android,ua_tiktok,10,294.2,9
159,2025-11-21,ES,ios,ua_facebook,110,1873.3,67
160,2025-12-09,RU,pc,ua_facebook,80,1494.5,46
161,17.04.2026,FR,android,ua_google,49,968.8,27
162,2026-05-29,Brazil,android,influencer,1,22.7,1
163,26.02.2026,DE,android,ua_google,2,45.0,2
164,30.09.2025,RU,Android,ua_google,8,144.0,7
165,08.10.2025,null,pc,ua_tiktok,31,656.1,14
166,26.11.2025,DE,ios,ua_google,3,44.3,2
167,21.11.2025,TR,android,ua_tiktok,7,173.4,3
168,16.09.2025,BR,PC,organic,1,null,1
169,2025-11-06,TR,PC,organic,295,5999.1,154
170,2026-01-20,,android,cross_promo,1,68.0,1
171,2026-04-16,USA,pc,influencer,28,654.8,10
172,20.10.2025,TR,pc,ua_tiktok,8,119.0,4
173,2026-01-03,IN,android,ua_google,2,75.9,2
174,2025-09-25,DE,ios,ua_facebook,182,3746.4,94
175,21.10.2025,MX,pc,cross_promo,2,47.7,1
176,2026-01-10,RU,android,ua_google,2,28.6,1
177,2026-02-08,PL,ios,cross_promo,1,8.4,1
178,16.09.2025,ES,ios,ua_google,24,"368,7",16
179,2025-12-04,TR,pc,influencer,12,207.8,3
180,2025-12-10,US,Windows,ua_tiktok,3,28.9,3
181,2025-10-12,,pc,ua_facebook,3,49.1,2
182,2026-04-17,DE,ios,ua_facebook,15,428.4,11
183,10.01.2026,RU,IOS,ua_tiktok,20,319.7,7
184,2026-05-26,PL,ANDROID,ua_google,28,595.7,14
185,2026-01-10,DE,ios,organic,7,178.0,4
186,2026-05-26,DE,ios,ua_facebook,1,4.6,2
187,30.12.2025,DE,ios,ua_facebook,3,-,2
188,2026-02-26,PL,android,ua_tiktok,1,13.3,1
189,2026-04-21,FR,ios,ua_facebook,73,1491.5,39
190,2025-09-07,BR,pc,ua_facebook,1,23.4,1
191,2026-03-30,,android,cross_promo,78,"1749,6",38
192,2025-11-27,-,ANDROID,organic,139,2845.8,66
193,2026-05-05,DE,pc,ua_tiktok,1,28.8,1
194,2025-12-10,RU,android,organic,3,45.2,1
195,2025-09-02,BR,ios,cross_promo,9,184.6,5
196,2026-05-03,BR,pc,organic,3,58.3,2
197,2025-09-06,RU,android,ua_tiktok,3,н/д,2
198,2026-01-17,ES,android,ua_google,31,607.8,11
199,2025-11-05,BR,android,influencer,16,213.1,5
200,2025-09-19,FR,IOS,ua_google,84,1739.3,60
201,2026-01-02,BR,pc,ua_google,18,244.2,12
202,2026-01-27,NaN,iOS,ua_tiktok,116,2405.0,54
203,15.10.2025,,ios,ua_tiktok,80,,36
204,2025-09-25,DE,ios,organic,1,12.9,1
205,2025-09-05,US,android,cross_promo,75,1594.9,39
206,2026-01-03,RU,android,ua_google,1,25.5,1
207,2026-02-07,Brazil,pc,ua_google,15,296.4,7
208,2026-03-23,RU,ios,ua_facebook,1,н/д,1
209,14.11.2025,US,android,organic,3,99.2,3
210,2025-12-17,RU,PC,ua_google,2,52.2,2
211,2025-10-02,MX,android,ua_google,3,42.9,1
212,2026-03-11,PL,pc,ua_google,4,49.8,2
213,2026-04-05,br,ios,organic,3,126.5,2
214,2026-03-31,DE,android,ua_tiktok,71,1885.1,43
215,2025-12-03,US,ios,ua_google,2,63.8,1
216,2026-06-22,RU,ios,organic,8,102.5,2
217,28.09.2025,ES,ios,ua_tiktok,14,288.1,10
218,01.04.2026,Brazil,android,ua_facebook,1,41.8,2
219,2026-05-08,BR,pc,cross_promo,8,96.8,5
220,2025-11-11,PL,pc,organic,1,6.5,1
221,2026-04-06,PL,android,influencer,11,191.1,2
222,2025-09-15,ru,ANDROID,organic,3,57.3,3
223,2026-04-18,Russia,android,ua_google,92,1691.5,58
224,20.01.2026,US,pc,ua_google,29,746.8,12
225,2026-06-08,PL,pc,ua_google,3,39.9,1
226,2025-11-11,DE,ios,organic,2,39.7,2
227,2025-12-13,PL,pc,ua_facebook,4,62.3,2
228,10.09.2025,PL,android,ua_tiktok,1,13.2,1
229,2026-04-21,br,iOS,influencer,17,425.5,7
230,2026-01-10,US,PC,organic,1,13.7,1
231,17.06.2026,TR,android,organic,8,181.1,3
232,2025-10-11,DE,android,ua_tiktok,3,36.9,2
233,2026-02-26,PL,ios,ua_google,84,1668.9,29
234,2026-02-02,TR,ios,ua_tiktok,1,68.5,1
235,2025-11-26,DE,pc,ua_google,6,81.6,4
236,29.09.2025,Turkey,ios,ua_google,13,201.6,8
237,21.02.2026,FR,ios,ua_google,71,1280.0,30
238,2025-11-27,ru,android,ua_facebook,8,356.0,8
239,03.12.2025,IN,iOS,ua_facebook,1,3.0,1
240,24.02.2026,-,pc,ua_facebook,2,104.0,2
241,2025-09-12,TR,android,ua_facebook,1,6.2,3
242,2026-03-31,DE,IOS,ua_facebook,1,156.1,2
243,2025-09-13,TR,Windows,influencer,101,2552.8,51
244,2026-02-15,TR,pc,ua_google,6,70.1,4
245,2026-03-26,US,ios,ua_facebook,8,,5
246,2025-11-07,BR,pc,organic,2,106.8,3
247,2026-06-17,BR,ios,influencer,9,153.1,5
248,2025-12-14,RU,Android,cross_promo,2,32.5,3
249,2025-10-11,Germany,ios,ua_facebook,1,11.8,1
250,2026-01-07,IN,android,organic,2,19.9,2
251,2025-12-11,Russia,ios,organic,74,1289.7,37
252,2025-09-13,BR,ios,ua_tiktok,168,4285.4,61
253,04.10.2025,USA,Android,ua_tiktok,1,"15,0",1
254,2026-05-18,RU,iOS,ua_google,32,679.4,18
255,2026-04-12,US,ios,ua_facebook,2,65.7,3
256,2026-01-12,ES,pc,ua_google,75,1618.2,36
257,2026-06-16,NaN,ios,organic,9,,4
258,11.11.2025,US,android,organic,4,106.0,3
259,2026-05-20,IN,ANDROID,cross_promo,15,291.7,6
260,2025-12-23,PL,pc,ua_google,5,75.6,3
261,11.04.2026,DE,android,ua_tiktok,3,51.3,4
262,2026-04-16,BR,Windows,organic,95,2065.0,41
263,2025-10-02,DE,IOS,ua_google,6,249.5,3
264,14.11.2025,н/д,pc,ua_facebook,140,2886.0,75
265,2026-04-07,ES,ANDROID,ua_facebook,1,21.4,1
266,2025-09-05,PL,iOS,ua_tiktok,1,11.2,1
267,2026-04-27,FR,android,ua_facebook,11,"159,5",5
268,2026-04-13,TR,android,ua_facebook,119,2117.0,54
269,16.06.2026,FR,android,ua_tiktok,12,"272,3",7
270,2025-09-22,-,pc,ua_tiktok,10,299.9,6
271,2026-03-27,FR,ANDROID,ua_tiktok,111,2253.1,46
272,2026-02-18,ES,pc,ua_tiktok,49,1064.0,28
273,2025-09-09,IN,ios,ua_facebook,4,87.2,2
274,2025-09-20,US,pc,organic,173,3462.5,64
275,2025-09-17,IN,android,ua_google,4,66.8,3
276,12.09.2025,NaN,pc,ua_tiktok,2,114.9,2
277,21.01.2026,,android,organic,5,95.3,3
278,2026-03-05,,ios,ua_google,12,310.0,6
279,2026-03-02,MX,pc,organic,97,1939.6,50
280,2026-04-15,DE,pc,influencer,13,283.8,6
281,2025-12-28,DE,android,ua_tiktok,25,,14
282,2026-03-20,BR,android,ua_tiktok,7,"134,9",1
283,2026-05-15,br,ios,ua_tiktok,4,145.3,6
284,11.11.2025,RU,iOS,ua_facebook,5,49.9,4
285,2026-03-19,IN,ios,ua_facebook,5,79.2,3
286,2026-04-03,PL,ANDROID,ua_facebook,1,9.7,1
287,04.12.2025,,android,organic,2,24.7,2
288,27.10.2025,IN,android,influencer,5,107.7,3
289,04.05.2026,PL,ios,ua_google,50,639.3,20
290,22.12.2025,FR,android,organic,69,1395.5,30
291,2025-10-26,IN,android,ua_tiktok,2,32.5,2
292,09.01.2026,TR,ANDROID,ua_google,2,36.0,2
293,17.02.2026,IN,android,organic,92,1817.9,39
294,2026-01-03,BR,android,ua_facebook,13,397.5,4
295,2025-09-09,US,Windows,ua_tiktok,3,109.0,2
296,2026-01-24,USA,android,organic,3,"109,1",4
297,2025-09-03,MX,android,ua_tiktok,5,null,2
298,2025-10-29,BR,pc,influencer,21,372.3,10
299,2025-10-05,MX,android,organic,75,1824.7,23
300,2025-09-26,MX,android,organic,159,2991.5,80
301,2025-11-15,DE,ios,organic,23,571.8,13
302,28.05.2026,PL,android,cross_promo,3,83.7,2
303,13.12.2025,IN,pc,organic,2,64.3,2
304,2025-11-14,ES,android,cross_promo,2,8.5,1
305,2026-01-03,US,pc,ua_google,11,335.9,1
306,2026-01-25,MX,android,ua_facebook,4,117.9,5
307,2026-03-08,TR,PC,influencer,114,2403.8,57
308,2026-03-03,us,pc,ua_facebook,3,81.2,2
309,2026-04-21,MX,android,influencer,78,1211.4,27
310,2026-03-14,PL,ios,ua_google,5,80.5,3
311,2025-10-09,BR,ANDROID,cross_promo,20,"488,2",10
312,2025-11-16,DE,android,organic,12,172.0,6
313,27.11.2025,PL,pc,influencer,1,12.6,1
314,04.09.2025,TR,android,ua_facebook,1,33.0,1
315,2026-06-25,PL,ios,ua_facebook,5,-,6
316,2026-01-29,DE,pc,organic,11,193.2,7
317,2025-09-03,Germany,ios,organic,10,97.3,7
318,2025-11-19,BR,Android,ua_facebook,51,895.3,25
319,2026-05-02,tr,ios,ua_google,3,25.0,4
320,2025-09-01,ES,pc,organic,1,55.4,1
321,23.05.2026,ES,ios,cross_promo,25,471.1,16
322,2026-06-23,IN,Android,influencer,4,-,1
323,2026-05-07,Russia,android,organic,47,1086.5,26
324,2026-04-18,US,ios,ua_facebook,8,123.0,4
325,15.04.2026,US,ANDROID,organic,1,102.1,2
326,2026-01-19,TR,android,ua_google,17,283.6,8
327,2025-10-26,Germany,pc,ua_google,1,23.8,1
328,2026-03-12,DE,Android,ua_facebook,76,1624.0,34
329,2026-05-16,PL,android,ua_facebook,34,1154.6,16
330,2026-06-07,PL,Android,ua_facebook,19,350.9,10
331,11.10.2025,FR,iOS,ua_facebook,1,32.1,1
332,17.10.2025,RU,ios,organic,51,1346.5,23
333,2025-12-10,RU,ios,ua_google,3,,4
334,11.03.2026,,ios,cross_promo,1,18.4,1
335,2026-06-18,PL,android,ua_google,9,261.0,4
336,2026-04-20,DE,ios,ua_google,1,39.9,1
337,2026-02-20,-,ios,ua_google,77,2006.2,47
338,2025-10-14,,ios,organic,15,344.1,7
339,2026-05-04,,ios,ua_facebook,1,15.6,2
340,2026-01-29,MX,IOS,ua_google,146,2699.4,70
341,11.06.2026,BR,pc,ua_google,19,515.1,14
342,2026-05-24,DE,pc,ua_tiktok,37,838.0,21
343,2025-10-09,ES,ios,ua_google,25,"535,9",9
344,2025-09-22,FR,pc,ua_facebook,2,58.6,1
345,2025-11-26,TR,PC,ua_google,1,3.9,2
346,2026-03-26,,android,organic,99,1710.4,47
347,23.02.2026,PL,ios,cross_promo,67,1449.7,31
348,15.10.2025,us,iOS,ua_tiktok,2,7.5,1
349,2025-10-13,ru,ios,influencer,5,192.0,5
350,04.04.2026,PL,pc,cross_promo,37,"829,2",29
351,2026-04-19,DE,ios,ua_facebook,7,158.8,3
352,2025-09-22,PL,ANDROID,ua_facebook,3,31.0,3
353,2026-03-28,TR,android,organic,1,10.7,2
354,2026-01-24,PL,Windows,ua_google,7,102.9,3
355,2025-11-15,,ios,ua_google,2,"36,8",3
356,2026-01-18,USA,ios,ua_google,2,15.7,3
357,2025-09-12,IN,ios,ua_google,1,16.0,2
358,2025-11-08,PL,ANDROID,ua_tiktok,10,185.6,6
359,18.09.2025,DE,android,ua_facebook,1,22.8,2
360,2025-12-06,FR,android,ua_facebook,1,10.4,1
361,2025-10-03,DE,pc,influencer,15,238.4,8
362,19.10.2025,NaN,pc,organic,10,173.9,2
363,2026-02-14,PL,android,ua_tiktok,3,109.8,2
364,2026-01-27,IN,ANDROID,ua_google,1,7.0,1
365,03.10.2025,TR,android,ua_google,1,10.7,1
366,2026-01-09,BR,android,cross_promo,67,1664.4,28
367,01.12.2025,TR,pc,ua_google,2,116.3,2
368,08.12.2025,Turkey,pc,influencer,1,19.9,1
369,2026-06-26,Germany,Android,ua_facebook,0,0,1
370,03.05.2026,TR,android,cross_promo,1,,1
371,2025-09-26,DE,ios,ua_tiktok,1,20.8,2
372,2025-09-17,de,Android,influencer,1,12.1,1
373,2026-02-07,FR,android,ua_google,2,NaN,2
374,2025-10-07,MX,ios,organic,6,121.6,3
375,2025-09-03,TR,IOS,ua_google,188,NaN,85
376,27.04.2026,FR,PC,ua_facebook,15,273.3,13
377,2025-11-22,IN,ANDROID,cross_promo,2,17.5,3
378,2025-09-10,ES,ios,ua_facebook,68,1474.8,32
379,2026-06-13,MX,iOS,ua_facebook,1,7.5,1
380,2025-11-15,PL,pc,ua_facebook,4,68.6,4
381,2025-10-17,ru,iOS,ua_facebook,2,12.4,1
382,2026-04-28,DE,ios,ua_facebook,1,7.1,2
383,2026-03-22,IN,pc,ua_facebook,2,29.2,3
384,2025-12-23,DE,ios,organic,16,289.7,5
385,2025-09-18,BR,ios,organic,34,705.1,24
386,12.09.2025,FR,android,organic,1,10.0,2
387,2025-09-17,FR,pc,ua_facebook,1,9.2,2
388,2025-10-09,ES,pc,cross_promo,162,3410.1,63
389,15.05.2026,BR,android,ua_facebook,1,19.7,2
390,12.09.2025,US,android,ua_tiktok,8,144.8,8
391,2026-04-27,IN,iOS,influencer,6,181.5,4
392,2025-11-21,DE,android,organic,3,н/д,4
393,2026-05-03,MX,android,ua_google,15,231.6,8
394,2025-10-27,FR,ios,organic,1,"6,6",1
395,22.06.2026,ES,ios,ua_facebook,4,81.8,5
396,2025-10-21,ES,android,influencer,12,208.2,10
397,2025-09-16,Germany,android,ua_facebook,63,1244.7,33
398,2025-09-12,US,ios,ua_tiktok,16,319.3,8
399,2025-10-02,GER,android,organic,2,11.1,1
400,06.09.2025,TR,android,organic,126,2373.5,65
401,2025-09-24,IN,android,organic,244,4499.7,107
402,2026-03-28,MX,Windows,ua_facebook,12,164.2,8
403,2026-02-17,BR,pc,influencer,1,6.1,1
404,2026-04-11,BR,ios,cross_promo,1,121.7,1
405,2026-02-14,TR,pc,ua_tiktok,1,10.1,1
406,2026-04-27,FR,android,cross_promo,44,803.8,17
407,2026-02-27,ES,iOS,ua_facebook,15,436.6,6
408,2026-01-27,IN,PC,ua_google,17,366.4,12
409,2025-10-05,PL,Android,ua_facebook,1,22.2,3
410,18.11.2025,DE,Windows,ua_facebook,10,129.5,5
411,2025-12-07,US,Android,organic,3,89.4,2
412,2026-01-17,IN,android,ua_tiktok,3,54.8,4
413,19.09.2025,ES,android,organic,2,51.3,2
414,2026-06-16,MX,ANDROID,ua_tiktok,14,236.8,7
415,2026-03-20,ru,android,ua_google,2,"30,1",2
416,2026-01-02,DE,pc,cross_promo,3,99.4,4
417,2025-11-10,PL,ios,ua_google,36,727.4,19
418,2025-12-17,FR,android,cross_promo,4,50.3,3
419,2026-02-21,BR,android,cross_promo,10,132.1,6
420,2026-06-27,IN,pc,influencer,2,"44,7",3
421,2026-02-01,US,PC,organic,1,19.4,1
422,2025-11-28,TR,ios,influencer,1,5.5,1
423,10.11.2025,DE,Android,ua_tiktok,5,106.0,7
424,2026-03-25,,pc,ua_tiktok,89,1708.3,43
425,12.01.2026,ES,android,ua_tiktok,8,"96,0",7
426,16.12.2025,NaN,android,ua_google,5,92.6,5
427,14.01.2026,RU,android,ua_tiktok,2,72.9,2
428,12.05.2026,TR,pc,organic,3,94.9,3
429,2026-04-03,ES,android,ua_facebook,2,64.9,3
430,01.09.2025,Brazil,pc,cross_promo,17,260.8,7
431,2025-09-07,TR,pc,organic,26,"497,4",12
432,2025-10-15,-,ios,ua_facebook,76,н/д,40
433,2026-06-21,TR,ios,cross_promo,11,188.2,10
434,06.01.2026,US,ios,organic,58,1106.3,42
435,2025-09-13,RU,IOS,organic,16,435.1,13
436,2025-10-14,-,pc,organic,220,5434.2,114
437,2025-09-04,Turkey,android,influencer,39,560.6,16
438,2025-11-21,RU,ios,ua_google,1,30.8,3
439,15.12.2025,BR,ios,ua_facebook,41,747.2,12
440,08.06.2026,BR,ios,ua_facebook,13,238.8,7
441,2025-09-05,DE,android,ua_tiktok,3,39.8,2
442,2026-01-15,MX,pc,ua_facebook,8,193.0,5
443,2026-02-12,us,ios,ua_google,2,"43,9",1
444,10.09.2025,US,PC,ua_google,4,97.2,3
445,2025-09-02,RU,pc,organic,47,1118.9,24
446,25.12.2025,IN,ios,organic,4,80.9,4
447,26.12.2025,IN,iOS,ua_google,10,,4
448,19.03.2026,DE,pc,ua_google,2,30.8,1
449,25.03.2026,IN,ios,ua_google,2,35.7,2
450,19.05.2026,PL,pc,ua_tiktok,25,693.2,18
451,01.04.2026,PL,android,influencer,17,344.2,10
452,19.05.2026,TR,ANDROID,organic,6,205.2,3
453,2025-12-21,Brazil,pc,ua_facebook,2,,2
454,03.09.2025,PL,android,cross_promo,10,213.3,5
455,2025-12-09,IN,ios,ua_tiktok,9,"196,0",7
456,11.12.2025,MX,pc,ua_facebook,1,43.0,1
457,2026-03-24,DE,android,ua_google,20,"395,3",8
458,2026-02-01,MX,ios,ua_facebook,10,166.0,4
459,12.12.2025,DE,pc,ua_tiktok,63,1505.8,32
460,15.11.2025,DE,ANDROID,ua_tiktok,89,1776.2,41
461,22.06.2026,USA,android,ua_google,9,152.6,4
462,2025-09-07,DE,android,organic,1,9.5,1
463,2026-02-28,TR,android,cross_promo,1,9.1,1
464,03.05.2026,IN,android,ua_google,37,643.1,19
465,2026-04-12,ES,android,ua_facebook,1,-,2
466,2025-10-28,BR,ios,ua_facebook,2,24.8,1
467,2026-01-26,DE,android,ua_tiktok,83,-1681.9,47
468,2026-01-12,PL,android,influencer,4,60.2,1
469,08.12.2025,PL,PC,ua_google,2,н/д,2
470,2025-11-13,BR,pc,ua_facebook,7,174.6,2
471,2025-10-12,MX,pc,ua_tiktok,4,70.6,3
472,2025-09-26,IN,android,ua_tiktok,5,93.4,3
473,2025-11-28,TR,iOS,organic,1,10.4,1
474,2025-09-17,IN,ios,ua_facebook,3,55.3,3
475,2025-09-24,TR,ios,ua_facebook,4,55.0,1
476,2026-06-24,US,android,ua_facebook,1,22.7,2
477,2026-02-25,DE,Android,ua_facebook,122,2607.3,52
478,03.06.2026,MX,Windows,ua_facebook,1,31.3,1
479,2026-04-26,ES,android,ua_tiktok,1,107.6,2
480,2025-10-17,PL,android,ua_google,1,4.6,2
481,2025-12-09,NaN,android,ua_tiktok,1,15.9,2
482,2025-12-19,ES,pc,influencer,131,2382.4,71
483,13.11.2025,TR,Windows,organic,2,90.6,2
484,2026-01-12,TR,android,ua_facebook,1,10.0,1
485,2026-01-24,US,android,ua_google,1,40.7,1
486,24.09.2025,IN,ios,influencer,3,69.1,2
487,02.04.2026,MX,ios,ua_tiktok,3,61.4,2
488,2026-03-11,DE,ANDROID,organic,2,23.9,1
489,2025-12-25,ES,pc,influencer,1,8.0,1
490,2025-09-25,GER,android,cross_promo,67,1409.0,40
491,2026-05-04,DE,ANDROID,ua_google,3,"117,7",5
492,2025-11-07,ES,ANDROID,ua_facebook,1,76.2,2
493,2026-03-11,DE,ANDROID,ua_facebook,2,33.8,3
494,2025-11-19,FR,ios,ua_google,3,38.4,4
495,2025-10-16,DE,ios,organic,1,12.5,1
496,2026-06-23,FR,ios,cross_promo,3,54.2,1
497,2026-06-06,PL,iOS,cross_promo,2,64.1,1
498,2025-09-03,BR,ANDROID,organic,12,"330,8",8
499,2026-03-14,PL,android,ua_tiktok,4,78.0,7
500,2025-10-28,BR,pc,ua_facebook,1,38.6,3
501,27.12.2025,US,Android,ua_facebook,29,608.7,14
502,08.03.2026,TR,ios,influencer,1,4.1,1
503,21.11.2025,DE,android,ua_tiktok,1,23.2,1
504,2025-10-22,BR,android,influencer,29,"692,9",17
505,2025-12-03,BR,ios,influencer,2,11.7,2
506,2026-04-28,US,ANDROID,influencer,56,"931,4",31
507,2025-12-18,PL,ios,organic,19,285.5,12
508,2026-05-02,TR,android,ua_facebook,38,710.2,16
509,2025-09-17,MX,iOS,ua_facebook,49,894.1,24
510,2025-10-16,ru,android,cross_promo,1,17.9,1
511,2026-01-03,BR,ios,organic,68,1357.3,39
512,2025-09-01,US,android,ua_facebook,1,17.5,1
513,30.01.2026,DE,ANDROID,influencer,146,2652.2,69
514,2025-11-02,DE,ios,cross_promo,2,39.5,1
515,28.01.2026,,android,ua_facebook,4,100.7,2
516,2026-02-09,US,android,organic,1,70.9,2
517,2026-06-13,PL,ios,organic,3,55.1,4
518,2025-09-18,DE,android,organic,3,84.2,1
519,2025-09-18,PL,ios,ua_google,9,162.8,2
520,2025-10-23,IN,android,ua_facebook,52,1020.9,33
521,2026-04-09,DE,iOS,influencer,9,170.8,4
522,2026-03-23,DE,ANDROID,ua_facebook,46,749.8,28
523,2026-03-23,IN,ios,ua_tiktok,4,н/д,4
524,2026-03-30,US,ios,ua_facebook,61,1354.5,32
525,2025-10-17,MX,android,organic,1,15.8,1
526,2025-11-20,FR,android,ua_google,2,24.6,2
527,05.09.2025,US,pc,ua_facebook,4,47.2,5
528,18.04.2026,BR,android,ua_facebook,1,,2
529,2025-10-02,DE,Android,ua_facebook,1,20.4,1
530,2026-06-09,DE,android,ua_facebook,2,22.9,1
531,06.09.2025,RU,ios,organic,8,147.1,4
532,2025-09-13,н/д,android,ua_google,31,550.4,17
533,2025-09-05,PL,android,influencer,18,315.9,12
534,16.04.2026,US,android,ua_google,8,113.1,4
535,12.02.2026,MX,android,ua_tiktok,5,71.4,7
536,2025-12-06,BR,pc,ua_google,16,609.2,8
537,2025-10-15,DE,android,influencer,74,1483.0,38
538,2026-03-04,ES,ios,ua_facebook,53,1224.5,21
539,2025-11-30,ES,pc,influencer,4,69.1,4
540,2026-02-26,Brazil,android,ua_google,3,36.6,1
541,2026-01-07,PL,Android,influencer,2,24.5,4
542,2025-09-03,FR,ios,ua_facebook,97,1887.8,48
543,2025-09-13,BR,android,cross_promo,6,109.7,2
544,17.04.2026,USA,pc,organic,11,115.1,3
545,2026-05-21,BR,android,cross_promo,34,705.6,24
546,04.01.2026,IN,android,ua_google,2,17.4,2
547,2026-02-03,PL,android,organic,2,53.5,1
548,26.03.2026,IN,pc,ua_facebook,1,78.4,1
549,31.12.2025,null,ios,ua_facebook,1,5.6,2
550,22.06.2026,н/д,android,organic,4,44.7,3
551,2025-09-14,RU,ios,cross_promo,3,81.3,3
552,2025-09-11,PL,android,ua_tiktok,4,119.8,3
553,21.05.2026,PL,ios,organic,1,35.6,1
554,2026-04-08,PL,iOS,ua_tiktok,70,NaN,43
555,2025-09-02,PL,IOS,ua_tiktok,41,NaN,16
556,04.02.2026,FR,PC,ua_google,1,14.8,1
557,2026-05-13,RU,android,cross_promo,11,216.5,5
558,2025-12-15,BR,pc,ua_google,5,49.0,3
559,2026-04-11,IN,ios,ua_facebook,1,,1
560,2025-09-18,PL,pc,organic,3,141.2,2
561,14.03.2026,de,pc,ua_facebook,1,4.5,1
562,28.03.2026,BR,ANDROID,influencer,2,104.7,3
563,2026-03-12,US,Android,ua_google,11,260.5,3
564,2026-02-07,DE,IOS,organic,5,196.4,4
565,2026-06-09,ES,ios,organic,15,null,12
566,2025-12-17,BR,ANDROID,influencer,9,217.6,4
567,2026-04-17,DE,android,ua_tiktok,3,40.8,2
568,23.10.2025,US,ios,ua_facebook,6,83.7,6
569,2026-06-05,BR,android,ua_facebook,8,122.0,4
570,04.01.2026,DE,ANDROID,ua_facebook,49,1040.9,19
571,2026-04-19,US,android,organic,2,65.3,1
572,19.11.2025,US,pc,influencer,1,33.2,3
573,2026-05-26,DE,pc,ua_google,33,600.8,11
574,2025-10-18,MX,ios,ua_tiktok,1,12.8,1
575,2025-12-03,FR,ios,ua_facebook,3,,2
576,09.11.2025,BR,ios,ua_tiktok,4,81.5,3
577,13.02.2026,BR,pc,ua_facebook,4,34.6,2
578,27.09.2025,TR,ios,influencer,4,117.4,2
579,2025-09-28,MX,android,ua_tiktok,14,268.4,7
580,2025-10-22,BR,Windows,ua_google,1,23.4,1
581,2026-01-15,-,pc,ua_google,107,1854.8,49
582,2026-06-13,FR,android,ua_google,1,10.3,1
583,2025-12-16,Turkey,pc,ua_google,3,н/д,3
584,29.11.2025,ES,android,ua_facebook,27,529.0,13
585,06.10.2025,ES,IOS,ua_google,31,629.1,11
586,28.04.2026,RU,ios,ua_tiktok,2,28.2,1
587,2025-10-17,US,PC,ua_facebook,1,1.9,2
588,2026-03-02,н/д,android,influencer,1,6.7,1
589,2026-02-28,IN,android,ua_google,145,2826.0,70
590,23.10.2025,MX,android,ua_google,13,175.5,3
591,17.12.2025,RU,pc,ua_facebook,8,152.3,7
592,2025-10-20,ES,IOS,ua_facebook,11,343.9,7
593,2025-10-13,ES,android,ua_google,64,1222.4,23
594,28.01.2026,TR,pc,organic,2,46.6,3
595,26.02.2026,-,android,ua_facebook,18,366.9,10
596,19.03.2026,IN,android,ua_tiktok,3,46.4,1
597,2026-02-21,FR,ios,ua_google,1,27.5,1
598,2026-04-13,US,android,ua_google,7,131.6,3
599,2025-09-02,PL,ios,ua_tiktok,1,5.4,1
600,2025-09-09,PL,ios,cross_promo,2,43.1,2
601,2025-09-10,PL,ios,influencer,8,229.3,3
602,2026-03-06,tr,pc,influencer,84,1328.4,49
603,06.03.2026,ES,pc,organic,20,900.5,8
604,02.01.2026,DE,android,ua_facebook,69,1246.3,32
605,2026-03-20,US,ios,influencer,3,"38,2",3
606,2026-06-24,null,android,organic,4,62.4,2
607,2025-11-28,ES,iOS,ua_facebook,183,3511.7,80
608,2025-12-11,US,android,ua_tiktok,42,830.8,22
609,18.10.2025,FR,android,ua_facebook,52,1049.6,18
610,19.04.2026,US,android,ua_facebook,17,378.2,8
611,05.09.2025,,pc,ua_facebook,62,н/д,29
612,2025-09-05,PL,ios,organic,2,41.1,2
613,2025-09-15,br,ANDROID,ua_google,32,459.8,22
614,2025-11-01,US,android,ua_facebook,4,108.1,2
615,2025-12-12,MX,pc,organic,11,180.5,7
616,2026-03-25,RU,Windows,ua_google,1,16.0,1
617,17.11.2025,FR,ios,ua_google,2,27.5,4
618,2025-09-01,DE,android,organic,3,129.0,2
619,2026-01-14,BR,pc,ua_facebook,9,446.6,5
620,2026-06-25,ES,pc,organic,9,181.0,4
621,2025-10-19,BR,pc,ua_facebook,40,775.1,23
622,2025-11-11,TR,pc,ua_google,3,15.0,3
623,2025-12-13,PL,ios,ua_tiktok,209,4600.6,105
624,2026-06-05,BR,android,influencer,1,9.5,1
625,02.05.2026,DE,pc,organic,1,31.2,1
626,24.11.2025,PL,pc,influencer,118,2349.5,56
627,22.02.2026,RU,ios,organic,2,24.2,1
628,16.01.2026,NaN,pc,organic,24,482.9,16
629,2025-11-04,DE,android,organic,1,3.4,1
630,2025-12-18,IN,ios,ua_facebook,175,2958.8,74
631,2026-05-20,IN,android,ua_facebook,3,59.5,1
632,2026-02-17,br,iOS,organic,2,27.0,1
633,2026-03-22,US,pc,influencer,11,198.5,9
634,2026-01-11,DE,android,ua_facebook,55,1018.0,36
635,2026-01-29,MX,IOS,ua_google,2,"35,8",1
636,2025-10-23,ES,ios,ua_facebook,21,343.6,11
637,17.02.2026,MX,ios,influencer,48,1009.1,29
638,2025-09-28,US,android,ua_tiktok,6,88.1,4
639,2025-09-22,BR,pc,organic,1,10.3,2
640,31.12.2025,US,android,ua_google,65,1161.5,44
641,2026-06-02,FR,android,ua_google,1,51.8,2
642,2026-05-03,DE,iOS,influencer,33,579.0,12
643,2026-06-24,DE,android,organic,1,8.0,1
644,2025-09-21,FR,iOS,ua_facebook,3,59.3,4
645,2026-01-22,FR,android,ua_facebook,1,21.8,1
646,2025-12-23,tr,Android,ua_facebook,4,207.9,5
647,2026-04-13,DE,ios,ua_google,2,42.5,1
648,2025-09-20,FR,ios,influencer,2,22.5,2
649,30.09.2025,DE,pc,ua_google,3,30.9,2
650,2026-05-27,PL,ios,cross_promo,21,483.8,8
651,2025-09-12,BR,android,ua_tiktok,31,547.8,13
652,25.04.2026,FR,android,ua_tiktok,2,-,2
653,25.12.2025,TR,ANDROID,organic,4,126.0,3
654,2026-01-03,RU,pc,cross_promo,10,NaN,7
655,2026-04-29,FR,android,influencer,12,207.7,10
656,02.10.2025,PL,pc,organic,2,49.6,1
657,2025-10-31,DE,android,organic,1,29.9,2
658,2026-03-08,PL,Windows,ua_tiktok,17,262.7,11
659,2026-03-01,PL,Android,organic,4,201.9,4
660,23.10.2025,MX,Windows,ua_google,14,158.4,12
661,2026-03-24,PL,PC,organic,1,6.8,3
662,2026-01-07,FR,ios,cross_promo,1,3.8,1
663,05.03.2026,IN,android,influencer,2,30.7,2
664,2026-04-26,RU,ANDROID,ua_google,35,710.6,13
665,19.02.2026,US,pc,ua_google,11,205.2,12
666,05.01.2026,DE,android,organic,76,1559.6,37
667,2026-01-20,TR,ios,ua_tiktok,1,12.8,1
668,2026-01-14,FR,pc,ua_facebook,2,29.8,3
669,2025-10-13,FR,iOS,ua_facebook,1,5.5,3
670,2026-01-17,ES,android,ua_google,5,32.9,3
671,2026-01-24,US,ios,ua_google,4,86.7,3
672,2025-10-04,PL,ios,ua_facebook,48,780.3,23
673,29.05.2026,BR,pc,ua_facebook,1,4.0,1
674,05.09.2025,FR,ios,ua_tiktok,1,6.8,1
675,2026-06-12,null,pc,ua_facebook,2,10.0,2
676,2026-03-15,IN,pc,ua_google,53,1225.1,33
677,20.02.2026,US,iOS,ua_tiktok,4,80.1,3
678,2025-09-03,BR,android,ua_google,24,597.6,15
679,2025-12-28,ES,Android,ua_google,1,104.4,1
680,2026-04-01,ES,pc,organic,18,641.2,12
681,2026-05-25,ES,android,ua_facebook,1,21.1,2
682,2025-12-11,IN,android,organic,17,323.8,7
683,2025-09-29,DE,android,ua_tiktok,69,1685.3,37
684,2025-09-03,BR,pc,cross_promo,27,369.7,19
685,2025-11-18,DE,android,ua_facebook,1,17.3,1
686,2026-04-27,ES,IOS,organic,11,115.8,7
687,2026-02-26,DE,ios,ua_tiktok,20,610.9,12
688,2025-11-21,MX,android,ua_google,1,42.2,1
689,2025-11-08,,Android,ua_facebook,11,165.7,10
690,2025-11-24,DE,Android,ua_facebook,8,"141,3",3
691,2025-12-22,RU,android,ua_google,3,"50,0",3
692,20.03.2026,TR,android,ua_facebook,3,44.6,2
693,2026-04-08,FR,ios,organic,3,106.1,4
694,19.04.2026,PL,android,ua_google,88,2053.7,43
695,2025-12-18,DE,android,ua_google,1,22.3,2
696,2026-04-11,ES,android,ua_google,18,256.1,11
697,2026-02-15,Germany,IOS,ua_facebook,3,26.8,1
698,2026-04-06,,android,influencer,79,1778.2,37
699,2026-03-14,MX,iOS,ua_facebook,54,938.8,23
700,2025-10-04,BR,Android,ua_google,64,1067.6,42
701,2025-10-11,MX,Android,organic,10,96.5,3
702,2026-04-20,FR,ios,ua_facebook,2,29.2,1
703,2026-04-16,DE,android,influencer,2,16.5,3
704,2025-09-13,DE,ios,ua_facebook,1,"18,6",1
705,2026-02-14,MX,ios,influencer,3,54.3,5
706,2026-02-21,US,android,influencer,2,28.8,2
707,2025-12-28,PL,pc,organic,80,1736.9,39
708,2025-12-10,DE,pc,ua_google,150,3162.0,67
709,28.03.2026,TR,android,cross_promo,5,96.5,4
710,2025-12-28,BR,Android,influencer,1,13.7,1
711,2026-04-08,ES,android,ua_facebook,11,"169,3",3
712,2026-05-09,IN,IOS,ua_facebook,56,1113.1,29
713,2025-09-10,,ANDROID,organic,53,"1057,4",18
714,2025-09-20,DE,android,organic,1,10.3,1
715,20.05.2026,GER,iOS,organic,1,4.3,1
716,04.09.2025,BR,android,ua_facebook,2,23.7,1
717,2025-09-12,US,ios,ua_facebook,106,2241.6,56
718,16.02.2026,US,pc,ua_facebook,2,NaN,2
719,08.04.2026,de,android,ua_tiktok,37,674.1,17
720,20.01.2026,IN,ios,ua_google,104,2261.9,46
721,04.05.2026,IN,android,ua_facebook,3,48.8,2
722,2026-06-30,DE,android,ua_facebook,0,0,1
723,2025-09-26,US,android,ua_facebook,2,н/д,1
724,2026-04-30,PL,ios,ua_tiktok,1,5.2,1
725,11.11.2025,PL,android,ua_facebook,40,1067.2,17
726,08.09.2025,IN,ios,ua_google,30,593.7,15
727,2025-11-06,BR,android,ua_facebook,11,382.5,12
728,2026-03-29,FR,ios,ua_google,4,87.8,2
729,18.03.2026,DE,ios,influencer,1,31.4,2
730,06.05.2026,DE,android,ua_facebook,1,20.5,2
731,2025-09-18,DE,android,ua_tiktok,7,190.7,3
732,2026-05-10,FR,Android,ua_tiktok,3,-,2
733,2025-10-06,DE,pc,ua_facebook,176,4105.0,93
734,2025-12-07,RU,ios,ua_google,136,2546.1,70
735,2025-09-12,DE,ios,influencer,9,"225,4",8
736,2025-12-31,null,Windows,ua_google,38,723.7,10
737,2026-05-09,IN,android,influencer,2,40.5,1
738,2026-05-17,USA,android,organic,1,"22,0",4
739,2026-03-28,FR,IOS,ua_facebook,3,159.8,2
740,2026-01-12,BR,Android,ua_google,70,1765.7,28
741,2026-04-17,br,IOS,influencer,8,216.8,6
742,03.09.2025,ES,ios,ua_facebook,19,344.0,12
743,2025-09-13,FR,ios,ua_google,8,149.4,3
744,06.06.2026,ES,android,influencer,26,430.4,16
745,16.06.2026,IN,PC,ua_facebook,7,"211,5",2
746,2026-05-30,DE,IOS,ua_facebook,14,268.9,9
747,2025-11-08,DE,android,ua_tiktok,1,36.2,2
748,23.03.2026,BR,pc,influencer,2,14.1,4
749,2026-05-22,null,ios,ua_facebook,3,84.7,1
750,12.01.2026,RU,android,ua_google,3,46.6,2
751,2025-12-26,PL,pc,ua_facebook,4,75.4,3
752,23.10.2025,TR,android,ua_google,1,51.8,2
753,12.12.2025,PL,ios,ua_tiktok,18,401.3,9
754,2026-04-17,FR,android,ua_tiktok,1,10.5,1
755,2025-11-12,FR,ios,ua_google,7,232.5,3
756,13.03.2026,TR,pc,ua_tiktok,8,106.0,3
757,2026-05-06,RU,iOS,ua_facebook,30,"617,0",15
758,2025-09-30,US,android,ua_google,162,3671.0,83
759,06.09.2025,BR,android,ua_facebook,1,11.3,2
760,07.01.2026,FR,pc,organic,2,30.3,2
761,01.01.2026,US,android,ua_facebook,2,46.2,3
762,2026-01-25,US,ios,ua_tiktok,17,469.6,8
763,2025-11-17,,ios,ua_google,2,24.0,2
764,29.10.2025,DE,iOS,organic,1,"33,3",1
765,2026-01-04,DE,android,organic,1,13.0,1
766,2026-01-14,DE,ios,organic,28,981.4,16
767,03.12.2025,,pc,organic,9,156.7,3
768,2026-03-21,IN,Android,ua_facebook,2,71.6,3
769,2025-10-03,MX,pc,ua_tiktok,2,22.0,4
770,19.06.2026,BR,PC,ua_tiktok,8,246.1,6
771,2026-01-03,BR,android,ua_facebook,1,17.5,1
772,2025-12-01,BR,ANDROID,organic,57,1286.6,19
773,11.06.2026,TR,android,ua_google,4,78.3,3
774,16.10.2025,RU,pc,organic,1,45.6,1
775,2026-06-14,DE,ios,organic,2,23.5,1
776,2025-11-21,PL,android,cross_promo,22,405.1,8
777,16.02.2026,TR,android,organic,8,151.2,2
778,22.03.2026,MX,android,ua_tiktok,1,"8,8",1
779,2026-03-27,US,ios,ua_google,4,-,1
780,2026-04-16,н/д,ios,cross_promo,4,69.6,2
781,2026-02-14,RU,android,ua_facebook,10,141.5,5
782,2026-04-04,US,iOS,ua_tiktok,2,28.2,1
783,19.11.2025,Germany,pc,ua_facebook,2,76.2,2
784,2025-12-30,IN,android,ua_google,2,64.9,1
785,2026-02-26,BR,pc,ua_tiktok,31,944.6,11
786,30.09.2025,PL,android,influencer,19,395.7,8
787,21.10.2025,BR,pc,ua_facebook,32,638.4,19
788,2026-02-22,BR,android,ua_google,21,636.7,7
789,2026-02-18,US,android,ua_tiktok,2,45.7,2
790,2025-10-15,FR,Windows,ua_google,1,16.0,1
791,14.02.2026,null,ios,ua_tiktok,2,7.9,3
792,2025-12-13,IN,ios,ua_facebook,1,38.1,2
793,19.10.2025,DE,Android,influencer,12,391.5,8
794,01.04.2026,PL,android,ua_tiktok,2,55.6,1
795,25.10.2025,BR,pc,influencer,5,171.7,2
796,2026-03-09,USA,Android,ua_facebook,72,-1832.0,31
797,2026-02-16,TR,ios,ua_google,35,727.5,16
798,2026-02-23,RU,Windows,ua_tiktok,3,25.4,3
799,2026-03-29,BR,android,influencer,66,1165.2,38
800,2026-01-14,RU,pc,cross_promo,96,1802.4,37
801,20.03.2026,BR,android,organic,55,900.3,29
802,2025-09-01,RU,pc,ua_google,14,-,10
803,20.12.2025,BR,Android,ua_google,5,125.1,2
804,2026-02-06,de,android,ua_tiktok,2,30.2,2
805,2026-01-30,-,pc,ua_facebook,1,18.9,2
806,2026-05-17,FR,ios,influencer,5,235.4,4
807,06.09.2025,BR,android,ua_tiktok,1,8.8,2
808,2025-10-23,ES,IOS,cross_promo,1,32.2,1
809,04.09.2025,DE,ios,ua_tiktok,1,12.8,3
810,02.06.2026,PL,android,influencer,3,110.4,4
811,13.10.2025,MX,pc,ua_facebook,110,2338.5,50
812,2025-11-30,ES,android,ua_tiktok,2,29.9,1
813,24.01.2026,RU,ios,ua_google,6,88.0,3
814,19.12.2025,MX,android,ua_google,20,612.7,9
815,05.06.2026,DE,pc,organic,36,619.3,19
816,2025-09-25,US,Windows,organic,4,,3
817,2025-10-21,BR,ios,ua_facebook,8,119.9,4
818,2026-03-22,IN,android,ua_facebook,4,47.6,1
819,2026-02-21,MX,android,ua_google,3,131.5,1
820,2026-03-21,Germany,android,cross_promo,12,136.9,10
821,2025-09-11,FR,android,ua_facebook,55,907.5,21
822,2025-12-21,DE,pc,ua_google,1,8.8,1
823,30.03.2026,BR,ios,cross_promo,41,1063.6,26
824,2026-04-05,null,android,ua_tiktok,4,201.7,4
825,2025-09-15,IN,ios,influencer,2,,4
826,2026-02-07,TR,pc,influencer,1,19.8,2
827,26.01.2026,FR,ANDROID,ua_google,2,36.4,1
828,2025-11-05,FR,ios,ua_facebook,2,"29,6",2
829,2025-09-27,ES,android,ua_facebook,1,3.9,1
830,14.06.2026,IN,android,ua_facebook,2,22.0,1
831,2026-02-15,Turkey,ios,cross_promo,2,,2
832,2025-09-17,IN,ios,organic,1,4.3,1
833,31.12.2025,IN,ios,ua_facebook,176,3382.6,95
834,2026-01-09,FR,pc,ua_tiktok,1,8.9,1
835,2025-09-04,BR,ios,cross_promo,4,46.3,2
836,14.12.2025,US,android,organic,2,null,4
837,2026-02-06,US,PC,influencer,3,80.5,2
838,2026-03-14,de,ios,ua_facebook,82,1355.3,47
839,2026-05-22,,iOS,ua_google,4,78.2,5
840,04.05.2026,US,pc,ua_facebook,1,18.2,1
841,12.09.2025,DE,IOS,ua_facebook,1,102.8,1
842,2025-09-10,,android,ua_google,76,1206.6,33
843,2025-11-10,FR,pc,ua_facebook,10,"206,7",8
844,16.03.2026,FR,android,ua_facebook,4,80.4,3
845,2026-04-12,PL,pc,ua_google,1,65.6,2
846,2025-12-26,DE,android,ua_facebook,42,"929,0",17
847,2025-09-28,USA,pc,ua_google,4,89.9,3
848,2025-10-26,PL,android,ua_google,16,218.2,9
849,2026-06-17,PL,ios,organic,3,112.6,3
850,2025-12-25,DE,pc,organic,4,224.1,2
851,2025-10-25,DE,iOS,influencer,2,"26,9",1
852,2026-04-17,BR,ANDROID,cross_promo,63,1355.7,29
853,02.04.2026,BR,PC,organic,96,1946.7,44
854,03.10.2025,ES,android,organic,3,50.5,4
855,2026-03-24,RU,pc,cross_promo,6,211.8,5
856,2025-11-23,BR,android,ua_google,17,342.8,14
857,2026-04-10,FR,ios,ua_facebook,2,43.4,1
858,2026-06-24,PL,IOS,ua_google,1,7.4,1
859,2026-02-21,US,pc,cross_promo,33,"633,1",18
860,2025-09-27,US,ios,ua_facebook,1,9.3,1
861,2026-04-20,DE,android,ua_facebook,6,92.5,2
862,2025-09-06,Brazil,android,ua_google,14,187.4,12
863,2025-11-06,TR,iOS,ua_google,16,402.9,10
864,22.03.2026,ES,pc,organic,3,74.9,2
865,31.01.2026,MX,ANDROID,ua_facebook,4,36.2,3
866,2026-03-14,DE,ios,ua_facebook,1,null,2
867,2025-09-02,US,android,influencer,3,71.5,1
868,15.09.2025,RU,android,ua_google,1,,1
869,2026-01-10,BR,android,organic,10,124.9,4
870,2025-09-05,BR,android,organic,1,7.8,1
871,2025-11-17,DE,android,influencer,2,-,2
872,2026-03-08,IN,Windows,ua_facebook,15,"403,7",13
873,01.03.2026,DE,android,ua_google,21,484.3,15
874,2025-09-04,RU,android,ua_facebook,2,29.2,2
875,2026-05-15,ES,android,ua_tiktok,33,504.0,14
876,2025-09-02,US,ANDROID,ua_google,4,83.8,2
877,17.11.2025,IN,Windows,organic,1,31.2,3
878,13.03.2026,FR,android,ua_google,11,175.8,3
879,16.05.2026,FR,ios,organic,1,5.2,2
880,2025-11-02,Turkey,ANDROID,ua_google,72,2073.8,30
881,2025-09-07,FR,android,ua_google,41,727.9,24
882,2025-11-17,ES,android,ua_facebook,5,61.1,5
883,2025-09-10,TR,android,ua_tiktok,2,21.9,1
884,2026-06-11,PL,pc,organic,7,85.1,4
885,22.09.2025,TR,Android,influencer,5,"49,9",3
886,2025-09-08,IN,PC,influencer,14,"273,8",11
887,2026-03-11,ES,android,influencer,3,50.6,3
888,2025-11-29,FR,android,organic,1,,2
889,25.12.2025,ES,ios,ua_facebook,27,646.4,14
890,2026-05-28,TR,android,influencer,24,479.8,14
891,2026-01-13,Turkey,iOS,ua_google,1,3.5,3
892,12.01.2026,PL,pc,organic,11,213.0,6
893,2026-02-22,RU,android,organic,15,"297,3",12
894,2025-12-30,ES,ANDROID,ua_facebook,5,64.1,2
895,2025-12-19,TR,iOS,influencer,54,1132.1,17
896,04.09.2025,TR,ios,ua_facebook,4,45.2,4
897,29.03.2026,FR,ios,ua_tiktok,13,258.8,8
898,09.05.2026,br,android,ua_tiktok,43,888.7,15
899,2025-11-14,MX,ios,influencer,5,129.3,3
900,14.01.2026,DE,android,ua_google,44,922.8,28
901,2025-11-02,PL,android,ua_tiktok,3,-43.3,2
902,2026-04-17,ES,pc,influencer,7,305.4,6
903,28.02.2026,MX,ios,ua_facebook,16,283.5,7
904,14.11.2025,ES,pc,influencer,1,"1,8",1
905,2026-05-19,MX,pc,ua_facebook,1,434.7,2
906,2026-06-27,TR,ANDROID,cross_promo,6,"119,5",6
907,26.09.2025,IN,ios,ua_facebook,1,10.8,2
908,2026-06-23,PL,android,ua_google,4,159.6,2
909,2026-01-04,TR,ios,ua_facebook,1,14.3,3
910,07.06.2026,PL,android,organic,2,35.0,4
911,2026-05-27,FR,pc,ua_google,28,552.9,14
912,2025-10-15,de,IOS,influencer,1,17.2,1
913,2026-03-03,TR,android,cross_promo,2,50.2,3
914,2025-10-02,IN,IOS,ua_facebook,1,12.3,3
915,2025-11-25,ES,ios,ua_facebook,1,11.3,1
916,2026-03-29,DE,PC,ua_facebook,63,1211.9,35
917,07.03.2026,ru,pc,organic,1,22.3,2
918,2026-03-23,PL,Android,ua_google,24,493.5,12
919,2025-09-07,FR,ios,organic,2,24.1,2
920,2026-03-09,DE,pc,ua_google,3,106.4,1
921,2025-09-08,IN,iOS,ua_google,1,22.0,1
922,2026-02-02,BR,android,ua_google,123,2318.2,54
923,2025-11-12,US,ios,ua_facebook,38,673.2,24
924,15.09.2025,ES,ios,cross_promo,7,160.4,1
925,09.06.2026,ES,ios,organic,2,21.3,3
926,14.06.2026,BR,ios,influencer,21,"445,2",10
927,29.03.2026,US,android,organic,56,1391.4,22
928,2025-10-02,RU,pc,ua_facebook,16,546.7,11
929,24.06.2026,DE,ANDROID,influencer,0,0,1
930,06.09.2025,FR,android,ua_tiktok,1,21.5,1
931,13.11.2025,FR,android,ua_facebook,1,31.1,1
932,2025-10-04,DE,android,ua_google,102,2028.9,48
933,2026-02-19,US,android,ua_google,18,333.2,8
934,24.02.2026,PL,ios,ua_google,1,2.9,1
935,2025-09-12,MX,Windows,ua_tiktok,54,963.6,24
936,2025-09-30,DE,android,influencer,14,"228,4",7
937,2025-09-06,TR,PC,ua_facebook,6,"99,7",2
938,2026-02-10,PL,PC,ua_facebook,53,1146.6,23
939,2025-10-23,DE,pc,cross_promo,32,604.5,20
940,2026-03-05,FR,android,ua_google,60,1052.5,31
941,2026-04-18,DE,android,cross_promo,1,19.0,1
942,09.09.2025,BR,pc,ua_facebook,4,96.4,4
943,2026-03-07,US,pc,ua_google,4,42.9,3
944,2026-02-07,RU,iOS,ua_facebook,4,31.1,4
945,09.10.2025,ES,android,ua_google,1,5.8,1
946,2025-11-13,RU,ios,cross_promo,14,212.8,12
947,2025-11-29,IN,android,ua_tiktok,45,"962,3",25
948,2025-11-04,DE,ios,ua_facebook,4,69.9,2
949,2026-02-08,US,ios,ua_google,20,317.2,11
950,2026-05-12,DE,android,ua_facebook,1,27.0,1
951,2026-01-05,IN,android,ua_tiktok,3,48.6,3
952,2025-12-17,IN,android,ua_tiktok,3,30.9,3
953,2026-01-25,RU,PC,organic,33,793.5,20
954,2025-11-27,PL,ANDROID,ua_tiktok,45,847.6,22
955,2025-10-17,US,pc,ua_google,1,9.8,3
956,2026-03-02,IN,PC,organic,8,NaN,6
957,2026-03-30,MX,IOS,ua_facebook,11,361.6,3
958,2025-11-17,PL,android,influencer,1,64.4,2
959,2025-10-21,MX,pc,cross_promo,7,118.0,3
960,2025-09-05,DE,android,ua_facebook,2,null,4
961,03.03.2026,US,pc,ua_facebook,77,1629.4,49
962,2026-05-13,PL,android,ua_google,60,1865.0,32
963,09.02.2026,DE,ios,ua_tiktok,2,,3
964,2025-11-01,IN,android,influencer,3,73.9,1
965,2025-11-27,de,pc,influencer,2,-31.5,1
966,2026-05-08,ES,pc,ua_google,41,855.5,19
967,2025-10-19,DE,iOS,ua_google,10,"222,9",4
968,2025-09-15,MX,ios,ua_google,67,1202.7,39
969,2026-03-25,Brazil,ANDROID,ua_tiktok,9,140.8,8
970,30.01.2026,BR,iOS,ua_facebook,5,null,3
971,11.05.2026,н/д,PC,ua_facebook,3,41.4,1
972,2025-10-18,US,android,organic,18,333.7,9
973,2025-12-03,DE,Android,influencer,175,"3048,8",87
974,02.01.2026,DE,pc,organic,1,5.3,3
975,2026-06-17,null,pc,cross_promo,8,126.5,7
976,18.01.2026,DE,android,influencer,3,50.5,3
977,2026-02-14,US,android,ua_google,1,10.3,1
978,2025-09-13,Russia,android,ua_facebook,1,5.5,2
979,14.02.2026,FR,pc,ua_tiktok,1,7.3,2
980,2026-04-14,RU,ios,ua_google,3,26.1,1
981,2026-02-12,RU,android,ua_google,9,230.7,5
982,2026-03-30,RU,pc,influencer,2,49.2,3
983,2025-11-21,FR,android,ua_google,1,46.1,1
984,2026-02-02,ES,ANDROID,ua_tiktok,108,2139.1,60
985,2025-09-09,Brazil,ios,ua_google,1,15.4,2
986,06.11.2025,BR,Android,cross_promo,3,40.9,4
987,2026-01-24,DE,android,ua_facebook,2,9.9,2
988,2026-04-26,US,PC,influencer,5,71.9,3
989,01.09.2025,DE,android,ua_facebook,141,2901.2,62
990,2025-09-04,н/д,android,organic,2,32.3,1
991,18.09.2025,BR,android,cross_promo,4,61.9,2
992,26.04.2026,RU,android,ua_google,3,59.3,2
993,2026-03-18,US,android,organic,2,57.7,4
994,2025-12-15,MX,pc,influencer,119,2443.5,54
995,2026-04-03,DE,ios,ua_facebook,3,71.0,1
996,2025-11-23,ES,ANDROID,cross_promo,4,65.6,3
997,09.09.2025,MX,android,ua_google,1,,1
998,2025-11-06,BR,Android,organic,11,243.0,3
999,2026-05-17,FR,pc,organic,17,349.7,8
1000,2026-01-11,FR,android,ua_facebook,2,130.2,2
1001,19.04.2026,US,ios,ua_facebook,1,19.6,1
1002,2026-04-22,RU,android,ua_google,8,"167,2",3
1003,2026-01-06,DE,Android,ua_tiktok,54,1048.1,27
1004,2025-09-19,TR,ios,organic,194,3486.9,87
1005,10.12.2025,ES,android,cross_promo,1,14.5,1
1006,2025-12-01,DE,ios,organic,46,1151.2,14
1007,2026-05-29,FR,pc,ua_google,1,28.2,2
1008,19.12.2025,us,ios,ua_google,1,15.1,1
1009,2026-01-23,TR,IOS,organic,14,221.3,8
1010,2026-04-23,PL,pc,ua_google,6,100.4,3
1011,2026-04-15,PL,ios,organic,5,null,3
1012,20.01.2026,USA,PC,organic,2,33.0,1
1013,2025-10-26,TR,iOS,influencer,52,1245.6,22
1014,2025-12-21,IN,android,influencer,1,6.9,1
1015,2026-02-15,ES,Windows,ua_facebook,5,119.1,4
1016,2026-03-24,DE,ios,ua_facebook,64,-,38
1017,2025-09-29,BR,ios,ua_tiktok,125,2504.7,65
1018,2026-05-14,MX,android,ua_facebook,3,42.2,3
1019,2026-04-21,RU,pc,influencer,1,11.3,1
1020,2025-10-24,ES,Android,organic,8,105.7,4
1021,10.11.2025,RU,ios,ua_facebook,2,31.2,4
1022,2025-09-30,PL,android,ua_facebook,5,78.7,2
1023,2025-10-13,IN,pc,ua_facebook,69,1748.7,30
1024,2026-02-28,RU,PC,ua_facebook,13,215.0,5
1025,24.09.2025,US,android,influencer,3,70.8,2
1026,2025-09-11,MX,android,ua_facebook,9,146.0,6
1027,2025-09-12,PL,iOS,ua_facebook,12,211.4,4
1028,2026-04-02,,android,cross_promo,2,19.0,3
1029,2026-04-26,MX,android,ua_facebook,9,150.6,6
1030,26.04.2026,PL,ANDROID,cross_promo,5,114.0,3
1031,2026-01-06,Brazil,pc,influencer,3,-,1
1032,20.01.2026,BR,ios,organic,16,389.0,6
1033,2026-05-12,us,ios,ua_tiktok,13,390.8,10
1034,26.05.2026,DE,android,influencer,1,2.8,2
1035,2026-02-05,BR,android,influencer,29,"445,7",11
1036,2025-09-20,TR,android,ua_facebook,1,"42,7",1
1037,10.03.2026,MX,pc,ua_facebook,9,"167,0",2
1038,2026-06-29,TR,ios,ua_facebook,5,132.9,1
1039,28.09.2025,ES,android,ua_facebook,6,н/д,1
1040,2025-11-27,PL,Windows,organic,10,null,6
1041,2026-06-25,BR,pc,cross_promo,4,142.4,4
1042,2026-06-24,DE,pc,organic,6,117.9,4
1043,2026-03-06,TR,android,organic,3,"41,7",4
1044,2026-06-03,PL,android,ua_facebook,2,16.5,2
1045,18.01.2026,PL,android,influencer,5,43.6,5
1046,2026-03-17,FR,pc,ua_facebook,84,1779.2,39
1047,2025-09-27,BR,android,ua_tiktok,10,201.5,7
1048,2025-11-25,us,iOS,ua_tiktok,13,339.4,6
1049,2026-04-26,BR,pc,ua_facebook,7,134.5,8
1050,15.04.2026,US,ANDROID,organic,61,1212.2,26
1051,2025-12-11,US,iOS,ua_google,3,14.3,1
1052,08.04.2026,PL,pc,influencer,5,259.0,4
1053,2025-10-09,DE,ios,ua_facebook,10,174.6,11
1054,2026-03-11,TR,pc,ua_facebook,2,86.8,1
1055,2025-10-18,DE,android,ua_facebook,15,268.0,8
1056,2026-04-29,US,ios,ua_facebook,2,19.3,2
1057,2026-06-22,BR,android,influencer,6,54.4,5
1058,2025-11-18,MX,IOS,ua_google,1,21.2,2
1059,2025-09-06,IN,ios,ua_google,60,,33
1060,2025-12-07,RU,android,ua_facebook,154,3544.7,59
1061,2025-12-16,TR,ios,ua_google,6,94.5,4
1062,2026-03-20,US,pc,ua_tiktok,138,2699.3,69
1063,2026-03-01,DE,android,influencer,3,31.8,2
1064,2026-01-16,US,android,organic,62,1042.2,24
1065,2026-03-29,RU,android,ua_google,1,79.6,2
1066,20.11.2025,ES,Android,ua_tiktok,3,59.0,2
1067,2026-06-18,BR,IOS,cross_promo,7,105.9,4
1068,28.12.2025,US,ios,influencer,79,1335.4,42
1069,10.06.2026,DE,pc,influencer,16,376.4,5
1070,2025-09-30,TR,ios,ua_google,89,1821.9,53
1071,2025-11-13,DE,pc,cross_promo,100,1737.5,53
1072,2025-11-19,IN,pc,ua_tiktok,37,893.1,14
1073,2025-10-15,BR,android,ua_facebook,35,454.7,21
1074,2026-05-17,MX,ios,organic,2,30.8,2
1075,2026-05-05,IN,pc,influencer,2,19.3,2
1076,2025-09-08,US,ios,organic,8,236.2,6
1077,2026-02-15,FR,Windows,organic,4,48.8,3
1078,04.05.2026,PL,ios,ua_google,4,103.4,3
1079,2025-10-28,US,android,ua_facebook,2,29.5,1
1080,2025-10-04,MX,android,organic,31,650.2,19
1081,2026-04-12,PL,pc,ua_facebook,13,-,3
1082,2026-03-15,FR,android,ua_google,2,42.3,1
1083,2025-12-30,MX,pc,ua_facebook,7,106.2,6
1084,17.11.2025,RU,android,influencer,1,14.0,3
1085,2026-01-05,MX,Windows,ua_tiktok,87,1558.5,49
1086,02.02.2026,PL,android,cross_promo,4,54.2,4
1087,21.02.2026,PL,pc,organic,1,13.3,2
1088,07.01.2026,NaN,pc,organic,1,9.0,1
1089,2026-01-17,US,android,ua_google,5,104.6,3
1090,13.09.2025,IN,ios,influencer,10,197.9,5
1091,2026-04-08,FR,ios,ua_facebook,31,693.2,17
1092,2026-03-06,us,android,ua_google,1,2.7,1
1093,2025-11-26,BR,android,ua_google,3,63.7,2
1094,2026-01-05,TR,PC,organic,2,22.2,1
1095,2026-06-19,BR,android,ua_facebook,10,NaN,8
1096,2025-10-20,DE,Android,ua_google,3,97.8,1
1097,2025-12-06,FR,ios,organic,7,73.7,4
1098,2025-10-29,PL,android,ua_tiktok,24,720.3,9
1099,2025-12-20,BR,pc,ua_google,7,131.5,3
1100,2026-03-31,US,android,ua_facebook,63,1067.2,27
1101,2026-01-08,FR,ios,ua_facebook,1,18.3,1
1102,05.10.2025,TR,Android,ua_google,2,41.4,4
1103,2025-09-08,DE,android,organic,1,4.9,1
1104,2026-01-18,BR,android,ua_google,5,87.3,4
1105,2025-12-12,TR,ANDROID,influencer,3,null,3
1106,05.10.2025,DE,android,influencer,15,508.2,6
1107,2025-11-23,RU,pc,influencer,43,751.9,22
1108,2025-09-08,DE,android,ua_google,19,323.7,13
1109,2026-03-09,ES,android,ua_facebook,54,н/д,18
1110,09.11.2025,ES,ios,ua_facebook,1,6.1,2
1111,2026-05-09,BR,pc,ua_facebook,1,18.3,1
1112,2025-10-24,MX,android,ua_facebook,9,229.9,3
1113,2026-03-27,IN,ios,ua_tiktok,26,445.5,19
1114,02.05.2026,PL,ios,cross_promo,6,177.2,8
1115,2025-09-17,ES,ios,cross_promo,9,118.8,7
1116,05.10.2025,DE,iOS,organic,2,37.7,2
1117,24.05.2026,DE,IOS,ua_facebook,3,6.9,2
1118,2026-04-03,MX,pc,ua_facebook,11,160.2,6
1119,15.04.2026,BR,pc,ua_facebook,1,26.8,1
1120,2026-05-06,,ios,ua_google,7,118.0,5
1121,2025-12-23,ES,ios,ua_facebook,2,27.4,1
1122,2026-02-08,TR,PC,ua_facebook,12,161.7,6
1123,06.03.2026,IN,pc,ua_tiktok,1,10.6,1
1124,2025-09-24,US,pc,cross_promo,1,8.7,1
1125,2025-09-22,RU,android,ua_facebook,14,285.1,7
1126,04.04.2026,US,ANDROID,cross_promo,2,18.3,2
1127,2026-03-16,DE,android,cross_promo,3,147.9,3
1128,24.03.2026,MX,android,ua_facebook,3,42.0,3
1129,2025-09-09,PL,android,organic,1,12.9,1
1130,01.11.2025,US,ios,ua_facebook,243,5128.0,115
1131,2025-10-03,BR,ios,ua_facebook,18,432.3,10
1132,2025-11-25,ES,android,ua_facebook,18,445.8,12
1133,2025-12-23,IN,ios,ua_tiktok,53,1040.8,30
1134,2026-04-01,ES,android,ua_facebook,3,null,3
1135,2026-05-16,Brazil,PC,ua_facebook,19,355.1,14
1136,2026-01-01,FR,pc,ua_facebook,53,1174.0,29
1137,06.10.2025,RU,pc,ua_facebook,66,1152.4,25
1138,17.06.2026,IN,android,ua_google,1,,2
1139,27.10.2025,US,pc,ua_google,1,9.3,1
1140,2026-03-17,ES,pc,ua_facebook,14,298.7,6
1141,06.04.2026,Russia,android,ua_facebook,1,4.5,1
1142,2026-01-26,US,pc,ua_google,3,80.7,1
1143,2026-01-29,TR,android,organic,1,9.5,1
1144,2025-10-08,TR,android,ua_facebook,11,250.0,3
1145,07.05.2026,MX,ios,organic,1,18.9,3
1146,2026-04-24,BR,android,influencer,5,78.5,4
1147,2026-02-13,DE,android,ua_facebook,10,361.9,9
1148,10.06.2026,ES,pc,ua_facebook,1,14.3,1
1149,2025-12-22,Russia,android,ua_facebook,3,22.3,4
1150,2025-09-01,ES,ios,cross_promo,66,1176.6,32
1151,16.04.2026,PL,android,organic,11,"171,8",6
1152,2026-05-09,DE,IOS,ua_facebook,21,475.8,9
1153,24.04.2026,BR,android,cross_promo,33,714.5,18
1154,25.10.2025,PL,android,ua_facebook,1,3.9,1
1155,2025-11-30,DE,ANDROID,ua_tiktok,1,27.5,1
1156,15.03.2026,RU,ANDROID,ua_facebook,1,18.6,1
1157,2025-12-20,BR,PC,organic,19,465.1,12
1158,2026-06-21,ES,pc,organic,5,102.5,2
1159,2026-01-31,US,Windows,ua_facebook,21,315.9,9
1160,2026-01-02,RU,android,ua_google,24,474.4,14
1161,2025-11-21,TR,android,cross_promo,17,264.8,7
1162,2026-01-06,FR,IOS,ua_google,6,128.1,5
1163,2026-06-28,TR,android,ua_tiktok,2,22.7,2
1164,2025-10-27,TR,pc,ua_google,1,7.0,1
1165,14.05.2026,US,android,ua_facebook,12,225.5,9
1166,2026-06-15,TR,pc,ua_facebook,13,400.4,10
1167,2025-11-01,DE,android,ua_facebook,2,15.4,1
1168,2026-04-25,US,pc,organic,3,-21.4,4
1169,2025-11-21,US,Windows,organic,183,-3682.9,92
1170,08.03.2026,US,Android,ua_facebook,13,333.9,9
1171,09.02.2026,ru,pc,ua_google,2,44.7,3
1172,2025-11-16,TR,android,ua_facebook,52,1023.1,26
1173,2025-09-13,tr,android,ua_google,9,269.3,4
1174,02.05.2026,IN,pc,ua_google,1,7.1,2
1175,2025-09-06,TR,ios,ua_facebook,1,15.0,1
1176,2025-10-23,US,ios,ua_tiktok,12,383.3,4
1177,2025-09-05,DE,pc,cross_promo,30,824.9,9
1178,2026-04-14,BR,ios,organic,23,502.0,9
1179,02.12.2025,BR,ios,ua_tiktok,38,654.7,18
1180,2025-12-17,NaN,PC,cross_promo,127,2468.8,55
1181,18.11.2025,BR,iOS,ua_google,2,н/д,2
1182,2025-12-13,BR,ios,ua_facebook,46,847.7,29
1183,2026-06-23,DE,pc,ua_google,6,46.2,2
1184,2025-11-17,FR,ios,organic,4,92.5,1
1185,2025-10-12,RU,android,ua_google,1,38.8,1
1186,2025-09-05,ES,android,cross_promo,2,-,4
1187,2025-11-29,Turkey,pc,ua_google,89,1907.2,47
1188,16.04.2026,IN,pc,ua_facebook,27,393.1,14
1189,2026-01-12,RU,pc,ua_tiktok,1,4.4,1
1190,2026-03-28,RU,android,ua_facebook,4,48.9,2
1191,2025-11-28,BR,android,influencer,10,229.0,5
1192,2026-05-24,BR,Android,cross_promo,2,35.1,2
1193,26.10.2025,ru,ios,ua_tiktok,11,197.6,9
1194,2026-02-09,DE,ios,ua_tiktok,2,31.7,1
1195,2026-05-16,RU,ios,ua_facebook,1,12.6,1
1196,2026-04-05,FR,pc,influencer,6,82.9,4
1197,2026-04-24,PL,android,ua_facebook,56,1295.0,29
1198,28.10.2025,PL,iOS,cross_promo,6,81.1,4
1199,29.01.2026,TR,android,ua_facebook,4,116.1,1
1200,2026-03-17,IN,pc,organic,31,689.9,17
1201,15.11.2025,RU,Android,organic,2,25.9,1
1202,08.05.2026,RU,ios,ua_facebook,2,"65,4",1
1203,2026-02-21,ES,Android,ua_tiktok,5,61.5,5
1204,2026-04-06,FR,pc,ua_tiktok,1,"9,1",3
1205,2025-11-05,ES,iOS,organic,2,68.5,3
1206,24.12.2025,USA,IOS,influencer,27,564.1,17
1207,2026-05-06,ES,android,ua_facebook,1,114.7,1
1208,2025-09-06,PL,PC,organic,20,358.0,8
1209,2025-09-06,BR,ios,ua_facebook,40,773.3,7
1210,14.04.2026,-,ios,organic,1,"19,6",3
1211,09.10.2025,US,android,cross_promo,58,1124.5,36
1212,2025-09-05,ES,pc,ua_tiktok,49,null,27
1213,2026-06-10,DE,android,ua_facebook,8,256.5,5
1214,2026-02-11,ES,ios,ua_facebook,137,2521.5,83
1215,08.02.2026,US,android,ua_facebook,4,50.4,4
1216,29.09.2025,US,pc,ua_facebook,118,2335.0,56
1217,24.04.2026,TR,Android,ua_google,8,113.1,4
1218,2025-09-08,US,android,ua_google,14,189.8,6
1219,2025-11-07,IN,ios,ua_facebook,32,734.9,16
1220,2025-09-24,FR,android,ua_google,3,84.9,4
1221,08.12.2025,PL,android,ua_tiktok,74,1282.6,42
1222,2026-06-10,US,ios,influencer,2,27.5,1
1223,21.02.2026,PL,ios,influencer,13,218.6,8
1224,22.11.2025,BR,android,ua_google,28,792.4,12
1225,2026-01-12,FR,android,cross_promo,99,-,54
1226,2026-01-16,PL,ios,ua_tiktok,27,,16
1227,2026-05-04,ru,ios,cross_promo,5,110.0,4
1228,2026-06-18,PL,pc,ua_tiktok,1,65.2,3
1229,2026-01-03,US,android,ua_facebook,56,984.5,26
1230,2025-12-20,FR,pc,organic,31,383.1,17
1231,14.04.2026,US,android,ua_google,2,17.7,1
1232,2025-12-14,IN,ios,ua_facebook,3,60.9,3
1233,2026-03-06,USA,ios,ua_facebook,2,19.6,2
1234,2026-01-22,FR,android,organic,36,742.4,15
1235,2025-12-29,US,Windows,ua_google,11,216.3,6
1236,22.01.2026,null,pc,ua_google,75,1451.5,44
1237,2025-11-03,PL,ios,influencer,2,23.4,2
1238,02.02.2026,MX,ios,ua_google,18,338.5,10
1239,2026-01-27,,pc,influencer,3,null,2
1240,2026-03-26,-,ANDROID,ua_google,1,4.5,1
1241,04.04.2026,BR,pc,influencer,20,484.0,7
1242,2025-12-10,DE,android,ua_tiktok,67,1457.8,33
1243,2025-10-28,RU,ios,influencer,4,85.0,2
1244,2025-12-09,BR,pc,ua_facebook,143,2511.4,69
1245,2025-09-13,DE,pc,organic,3,64.8,1
1246,04.02.2026,FR,Windows,influencer,6,169.3,5
1247,2025-09-05,RU,android,organic,4,89.9,5
1248,2026-05-14,ru,ios,ua_google,48,"815,4",20
1249,2026-04-26,PL,pc,ua_facebook,1,7.2,2
1250,2025-10-06,DE,android,ua_facebook,47,888.3,18
1251,28.04.2026,us,android,ua_facebook,1,4.2,1
1252,2025-12-17,DE,pc,ua_facebook,8,180.3,7
1253,2025-11-10,FR,pc,ua_facebook,49,1015.6,21
1254,14.02.2026,MX,ios,ua_facebook,12,456.6,4
1255,11.02.2026,US,android,organic,10,109.7,4
1256,01.06.2026,DE,android,cross_promo,1,26.9,1
1257,2026-04-04,DE,pc,organic,84,1786.0,43
1258,10.02.2026,US,ios,organic,23,333.1,14
1259,2026-05-14,TR,pc,ua_google,13,245.6,2
1260,2026-02-24,BR,ios,ua_facebook,1,12.7,1
1261,2026-06-30,DE,android,ua_google,2,33.5,3
1262,2025-09-27,GER,ios,organic,131,2791.8,84
1263,2026-02-16,FR,pc,ua_facebook,21,336.5,14
1264,2025-09-21,US,pc,organic,3,54.4,3
1265,2025-11-10,TR,android,ua_google,15,244.8,6
1266,2025-11-25,PL,pc,cross_promo,4,36.5,1
1267,2025-10-11,Turkey,android,ua_tiktok,36,599.6,20
1268,2025-09-03,BR,ios,ua_google,2,20.7,1
1269,2026-06-26,TR,ios,influencer,3,34.0,1
1270,2026-01-25,MX,pc,ua_google,3,24.4,3
1271,2025-09-03,ES,iOS,cross_promo,17,483.1,6
1272,2025-09-30,IN,android,ua_facebook,24,439.1,10
1273,2026-05-29,PL,pc,ua_google,24,460.5,15
1274,11.01.2026,PL,iOS,ua_tiktok,2,45.3,4
1275,30.03.2026,RU,pc,ua_facebook,6,103.9,4
1276,2025-10-12,PL,iOS,influencer,2,29.6,1
1277,26.04.2026,BR,ios,ua_facebook,19,380.3,6
1278,12.06.2026,IN,android,ua_google,15,483.6,5
1279,2025-12-17,TR,pc,organic,2,34.6,1
1280,2025-11-18,,android,ua_facebook,9,189.2,3
1281,05.10.2025,TR,Windows,cross_promo,1,21.1,2
1282,09.10.2025,RU,ios,ua_google,1,10.2,1
1283,21.06.2026,TR,IOS,ua_google,9,159.6,9
1284,2025-09-02,н/д,android,ua_tiktok,59,1134.9,23
1285,2026-03-05,US,PC,cross_promo,4,165.9,5
1286,2025-12-19,MX,Android,ua_facebook,1,19.1,1
1287,2025-10-14,TR,android,organic,3,38.6,6
1288,2025-09-18,FR,android,ua_facebook,3,"45,6",4
1289,2026-03-09,FR,pc,ua_google,8,320.5,6
1290,2025-11-24,,ANDROID,ua_google,12,264.5,8
1291,09.02.2026,ES,pc,ua_facebook,3,19.2,1
1292,2025-10-25,BR,android,ua_facebook,16,190.2,14
1293,2026-01-31,DE,android,organic,6,64.2,4
1294,2025-10-23,PL,android,organic,6,66.7,4
1295,2026-01-21,IN,pc,ua_facebook,12,,9
1296,22.12.2025,PL,android,ua_tiktok,17,363.8,10
1297,21.01.2026,DE,pc,ua_google,3,80.0,4
1298,2026-01-21,US,pc,ua_google,5,153.9,3
1299,2026-04-28,NaN,android,ua_google,1,59.3,2
1300,2026-04-28,FR,android,ua_tiktok,2,30.6,3
1301,2026-05-04,ES,android,influencer,30,649.8,13
1302,2026-05-18,DE,android,organic,1,15.7,1
1303,2025-10-14,PL,android,organic,3,95.2,2
1304,19.10.2025,,android,ua_google,3,38.9,3
1305,2026-06-16,DE,android,cross_promo,2,17.2,2
1306,10.09.2025,RU,pc,ua_facebook,3,-,2
1307,2026-03-18,MX,pc,ua_facebook,35,815.2,11
1308,2026-02-23,MX,iOS,ua_google,4,81.9,3
1309,2025-11-29,PL,pc,cross_promo,68,1220.0,26
1310,2026-03-01,DE,pc,organic,2,78.7,2
1311,2025-12-16,DE,ANDROID,organic,4,50.7,3
1312,2026-04-14,US,android,influencer,81,1680.0,33
1313,2026-03-11,DE,ios,influencer,3,"53,9",3
1314,03.09.2025,RU,ANDROID,influencer,29,null,17
1315,2026-06-17,TR,pc,ua_tiktok,3,56.7,1
1316,2026-06-05,DE,pc,organic,8,113.0,6
1317,2025-09-11,DE,ANDROID,ua_tiktok,188,3570.7,89
1318,07.10.2025,FR,android,influencer,1,53.9,1
1319,2026-06-09,US,ios,ua_tiktok,2,26.0,5
1320,2026-06-19,PL,pc,organic,2,13.4,2
1321,2025-10-12,,iOS,ua_google,8,181.2,2
1322,2025-12-09,ES,android,influencer,2,27.3,2
1323,05.02.2026,FR,android,ua_facebook,2,63.7,2
1324,2026-04-28,DE,ios,ua_facebook,5,112.0,2
1325,2026-04-11,de,PC,ua_tiktok,32,553.5,13
1326,2026-06-29,PL,pc,ua_google,0,0,1
1327,2026-06-14,TR,android,ua_tiktok,5,55.9,1
1328,22.10.2025,DE,android,ua_google,3,64.1,3
1329,28.04.2026,IN,ios,ua_facebook,3,"84,6",2
1330,2025-09-03,RU,ANDROID,cross_promo,29,647.2,12
1331,03.09.2025,PL,android,ua_facebook,18,280.5,9
1332,2025-10-10,ES,Windows,ua_facebook,73,1592.6,32
1333,10.10.2025,PL,android,organic,9,166.4,2
1334,30.05.2026,US,android,ua_facebook,3,118.7,4
1335,2026-02-01,FR,Android,ua_facebook,34,795.5,16
1336,2026-06-01,RU,pc,ua_facebook,22,410.3,13
1337,2026-01-15,RU,ANDROID,organic,16,268.7,9
1338,2025-11-12,TR,ios,ua_facebook,1,25.9,1
1339,2026-01-27,tr,Android,ua_google,1,4.5,3
1340,2025-09-02,IN,ANDROID,ua_facebook,2,90.6,2
1341,17.09.2025,Germany,pc,ua_google,3,57.5,2
1342,2026-04-11,RU,ios,ua_facebook,5,79.0,3
1343,2025-09-11,BR,pc,organic,89,1693.9,51
1344,16.04.2026,BR,android,ua_google,20,289.1,8
1345,2025-10-15,PL,android,ua_facebook,198,4169.1,109
1346,17.02.2026,US,android,ua_tiktok,6,101.3,2
1347,2025-11-29,MX,pc,cross_promo,1,13.5,2
1348,2025-10-31,MX,ios,organic,2,32.4,5
1349,2025-12-02,ES,android,ua_google,8,-,6
1350,2025-09-12,br,ios,ua_facebook,3,34.8,2
1351,2026-02-15,-,ios,influencer,3,48.7,1
1352,2026-02-28,DE,pc,cross_promo,3,148.8,2
1353,2026-05-09,US,ANDROID,ua_tiktok,29,351.5,16
1354,2025-09-25,FR,pc,organic,23,"504,0",13
1355,2026-01-10,BR,android,organic,3,46.6,2
1356,21.09.2025,ES,android,organic,26,523.1,10
1357,2025-12-19,DE,iOS,influencer,73,1455.6,43
1358,2025-12-01,null,android,ua_facebook,4,85.9,1
1359,28.12.2025,US,ios,organic,49,861.6,27
1360,08.02.2026,NaN,pc,influencer,38,712.2,18
1361,2026-04-28,MX,pc,ua_tiktok,19,303.4,7
1362,2025-11-06,Turkey,ANDROID,ua_google,13,211.3,11
1363,2025-11-24,BR,ios,ua_google,1,2.7,1
1364,2026-05-12,BR,ios,influencer,4,115.2,4
1365,2025-09-20,PL,android,ua_tiktok,4,,5
1366,2026-06-22,US,ios,organic,2,15.3,1
1367,09.09.2025,null,ios,ua_facebook,71,1791.8,35
1368,2025-09-11,BR,ios,cross_promo,6,112.5,3
1369,15.03.2026,BR,android,organic,13,406.8,3
1370,15.03.2026,BR,android,ua_tiktok,1,26.9,2
1371,18.10.2025,US,ios,influencer,23,"513,7",10
1372,2026-06-01,DE,ios,ua_google,10,220.4,8
1373,2026-05-15,BR,pc,ua_tiktok,1,6.8,2
1374,14.03.2026,BR,android,ua_facebook,1,15.2,1
1375,2026-04-16,NaN,IOS,ua_facebook,11,255.8,7
1376,2026-02-23,BR,ios,ua_google,7,74.6,5
1377,2025-09-16,US,ios,influencer,22,502.1,10
1378,2026-02-17,BR,ios,organic,78,1428.8,34
1379,2025-11-19,IN,pc,ua_google,16,,6
1380,2025-12-11,US,IOS,ua_facebook,271,,150
1381,2025-11-26,DE,pc,ua_facebook,2,37.6,2
1382,2026-02-11,PL,Android,organic,6,"57,1",4
1383,02.01.2026,BR,Android,organic,4,40.9,7
1384,2025-10-13,FR,android,ua_google,2,88.9,2
1385,2026-02-08,br,android,ua_facebook,13,185.3,8
1386,2026-02-11,ES,ios,ua_tiktok,37,537.4,12
1387,2025-10-01,US,ios,ua_google,24,491.0,10
1388,2026-04-29,TR,pc,ua_google,42,1086.1,16
1389,2025-12-06,,ios,organic,32,623.8,15
1390,2026-05-19,Brazil,android,ua_google,41,930.3,18
1391,09.01.2026,ES,ANDROID,influencer,46,694.6,23
1392,2026-04-06,ES,PC,ua_google,2,45.4,3
1393,2026-05-02,PL,IOS,ua_facebook,1,23.9,1
1394,2026-03-02,ES,pc,cross_promo,3,22.1,1
1395,2025-09-01,US,ios,ua_google,11,227.2,3
1396,2026-03-17,ES,android,cross_promo,5,81.8,3
1397,2026-04-01,BR,android,organic,3,61.3,1
1398,2025-10-28,BR,pc,ua_google,1,8.0,2
1399,2025-12-27,MX,ANDROID,organic,17,,9
1400,2026-06-15,FR,pc,ua_facebook,2,15.8,2
1401,2026-05-16,TR,android,organic,5,86.8,1
1402,03.10.2025,DE,Windows,ua_google,3,96.0,4
1403,2026-04-04,RU,ANDROID,ua_google,20,346.4,7
1404,2026-04-19,DE,android,cross_promo,43,"866,5",29
1405,09.10.2025,FR,ANDROID,ua_google,2,51.8,1
1406,2026-05-28,BR,android,ua_facebook,2,11.5,2
1407,15.10.2025,ES,pc,ua_facebook,150,2816.9,68
1408,2026-03-29,TR,iOS,ua_tiktok,10,127.5,6
1409,2026-01-25,ES,pc,ua_facebook,1,43.2,1
1410,2025-12-01,DE,android,ua_facebook,2,22.1,3
1411,2026-02-07,DE,Windows,ua_google,202,4596.6,89
1412,2026-01-28,IN,android,influencer,1,"3,4",1
1413,2025-09-07,BR,pc,ua_tiktok,2,58.5,4
1414,2025-11-02,Germany,android,ua_google,1,"219,2",1
1415,2025-11-23,FR,pc,ua_google,6,202.9,7
1416,2025-11-24,US,ios,cross_promo,91,1901.4,40
1417,2025-10-31,MX,ios,cross_promo,17,247.3,10
1418,2025-09-11,RU,Android,ua_tiktok,4,43.3,3
1419,2025-11-15,MX,pc,organic,175,3220.9,87
1420,2026-06-18,FR,ios,ua_tiktok,3,76.3,2
1421,06.12.2025,BR,iOS,organic,1,4.8,2
1422,13.03.2026,TR,android,ua_google,1,11.5,1
1423,2026-03-26,DE,android,ua_facebook,1,"27,1",2
1424,11.06.2026,RU,ios,organic,17,418.4,10
1425,2025-12-12,DE,IOS,ua_tiktok,85,1656.4,39
1426,11.06.2026,FR,Windows,ua_facebook,12,180.5,5
1427,2025-09-14,PL,android,ua_google,1,23.9,1
1428,24.01.2026,MX,android,ua_facebook,3,72.7,2
1429,2026-01-05,BR,IOS,ua_facebook,15,389.3,11
1430,2026-02-05,DE,ANDROID,cross_promo,49,1001.9,20
1431,2025-11-09,PL,Windows,ua_tiktok,1,,1
1432,2026-02-19,PL,pc,organic,1,21.1,2
1433,18.09.2025,TR,Windows,ua_google,6,93.1,6
1434,2025-10-31,MX,pc,influencer,110,2053.3,68
1435,2026-06-01,MX,pc,ua_google,19,324.7,9
1436,2025-10-16,MX,ios,cross_promo,21,259.1,10
1437,2026-03-29,GER,android,ua_google,1,5.9,2
1438,2026-05-07,br,pc,ua_facebook,4,-,3
1439,2026-04-01,ES,pc,cross_promo,78,1446.4,30
1440,2025-11-14,FR,ios,ua_tiktok,8,133.4,3
1441,06.09.2025,DE,android,ua_facebook,3,97.1,4
1442,2026-04-04,FR,ios,ua_google,3,31.1,3
1443,21.12.2025,US,android,ua_google,47,917.4,19
1444,2025-10-25,US,android,ua_facebook,89,1679.4,44
1445,03.09.2025,PL,ios,ua_facebook,1,20.7,1
1446,2025-09-17,us,ANDROID,ua_google,3,31.8,1
1447,2025-11-23,DE,android,ua_google,25,535.1,18
1448,09.10.2025,Russia,android,ua_facebook,2,44.7,2
1449,28.06.2026,MX,android,ua_tiktok,2,44.8,1
1450,21.09.2025,US,ios,ua_google,12,-,5
1451,2026-02-28,US,android,ua_facebook,1,8.4,1
1452,2026-05-13,PL,ios,organic,6,197.5,3
1453,16.10.2025,BR,android,ua_google,4,121.6,5
1454,12.12.2025,BR,android,ua_google,41,891.6,19
1455,09.09.2025,Turkey,ios,ua_facebook,16,"480,4",11
1456,2025-10-26,DE,ios,organic,155,3078.7,88
1457,2026-06-14,PL,android,ua_facebook,20,439.2,16
1458,2026-03-16,FR,ios,ua_facebook,54,1189.8,22
1459,2025-10-12,BR,android,organic,86,1905.7,37
1460,2026-05-20,BR,android,organic,45,760.4,26
1461,07.09.2025,DE,Android,ua_google,99,1999.6,42
1462,2026-03-21,TR,pc,ua_facebook,14,"174,4",3
1463,24.11.2025,DE,pc,ua_tiktok,2,118.8,3
1464,25.09.2025,PL,ios,ua_facebook,1,6.8,1
1465,2026-04-28,DE,android,influencer,1,"33,2",1
1466,2026-06-08,tr,android,ua_tiktok,1,6.5,1
1467,2025-10-09,MX,pc,organic,3,"53,0",1
1468,2026-02-16,MX,ios,organic,8,242.4,4
1469,2026-01-23,us,Android,organic,1,6.8,1
1470,2025-09-19,MX,Windows,cross_promo,88,2038.1,39
1471,2026-03-10,RU,pc,ua_facebook,1,31.7,1
1472,27.05.2026,IN,pc,organic,8,163.0,5
1473,2026-05-05,br,Windows,ua_facebook,3,102.2,1
1474,2025-11-20,DE,android,influencer,10,322.4,5
1475,06.09.2025,US,ios,ua_google,4,66.3,2
1476,03.10.2025,US,ios,ua_google,2,64.5,3
1477,13.03.2026,BR,android,organic,1,12.2,1
1478,2026-03-22,ru,android,ua_google,2,,3
1479,2026-06-06,US,ios,organic,1,4.5,2
1480,2026-04-28,RU,android,ua_facebook,47,940.0,25
1481,2025-09-28,TR,android,ua_google,1,17.8,1
1482,02.09.2025,IN,ios,ua_facebook,2,13.6,2
1483,29.03.2026,US,android,influencer,2,15.9,2
1484,2025-10-04,TR,android,organic,1,17.0,2
1485,2025-10-21,DE,android,ua_facebook,47,н/д,24
1486,2026-06-06,RU,pc,ua_google,9,106.0,2
1487,2025-09-09,ES,ios,cross_promo,16,243.6,12
1488,2025-12-10,tr,ios,ua_facebook,2,33.7,2
1489,2025-10-03,US,ios,ua_facebook,3,47.5,2
1490,18.11.2025,FR,PC,organic,1,3.8,2
1491,2025-12-02,MX,iOS,ua_google,5,53.6,1
1492,2025-09-23,US,ios,cross_promo,2,24.5,1
1493,2025-11-26,de,pc,ua_google,3,"85,7",3
1494,2025-10-23,DE,android,organic,8,162.4,6
1495,2026-02-18,FR,android,ua_facebook,2,н/д,1
1496,31.12.2025,MX,android,organic,1,2.7,2
1497,2026-04-12,TR,ios,ua_google,108,2075.0,53
1498,2026-02-21,PL,pc,ua_google,64,1215.6,37
1499,2026-02-20,US,android,influencer,2,32.5,1
1500,2026-05-21,DE,android,cross_promo,2,40.6,1
1501,2026-06-03,TR,android,ua_google,2,40.2,2
1502,2026-06-11,BR,PC,ua_tiktok,12,NaN,5
1503,2025-11-03,MX,ios,organic,15,197.6,8
1504,15.09.2025,IN,IOS,organic,3,173.3,5
1505,2025-10-15,US,iOS,ua_tiktok,3,93.9,1
1506,2026-04-08,RU,android,ua_tiktok,16,411.4,10
1507,2026-03-02,MX,android,ua_google,3,58.2,2
1508,2025-10-11,FR,android,cross_promo,30,801.4,18
1509,2026-03-21,US,pc,organic,1,null,3
1510,2026-03-21,FR,ios,ua_facebook,3,37.4,2
1511,2026-04-21,BR,ios,ua_google,69,1228.0,39
1512,2026-01-26,TR,ios,ua_facebook,40,801.3,25
1513,18.05.2026,BR,ios,influencer,14,193.2,8
1514,30.03.2026,MX,ios,cross_promo,45,-,30
1515,2026-02-09,ES,ios,ua_google,1,23.6,1
1516,2026-01-24,IN,ANDROID,ua_facebook,1,20.0,1
1517,2026-06-26,Germany,android,organic,6,-,5
1518,2026-01-12,br,ios,ua_facebook,43,760.6,30
1519,2026-06-30,de,android,ua_facebook,0,0,1
1520,2025-12-18,ES,android,ua_tiktok,3,57.2,3
1521,2026-01-03,BR,IOS,ua_google,1,40.4,2
1522,2025-10-09,US,ios,ua_tiktok,47,945.5,27
1523,2025-10-10,-,ios,ua_tiktok,5,83.0,3
1524,2026-06-11,RU,ios,ua_facebook,11,231.1,4
1525,2026-06-07,PL,ios,influencer,1,4.4,1
1526,2026-03-05,,pc,ua_tiktok,2,45.2,3
1527,03.11.2025,br,pc,ua_tiktok,3,"37,7",3
1528,2026-01-06,PL,Windows,ua_facebook,2,20.9,2
1529,08.03.2026,TR,ANDROID,organic,33,638.8,19
1530,23.03.2026,FR,android,influencer,7,84.4,5
1531,2025-12-13,BR,PC,ua_facebook,1,14.9,2
1532,28.12.2025,ES,android,ua_facebook,81,1563.8,42
1533,24.05.2026,RU,ios,ua_tiktok,2,37.3,3
1534,12.11.2025,GER,ANDROID,ua_tiktok,18,464.5,8
1535,2025-10-18,DE,ios,ua_facebook,1,,1
1536,01.09.2025,US,Windows,ua_google,2,27.1,2
1537,2026-06-10,BR,android,organic,37,836.1,17
1538,2025-10-20,ES,android,ua_google,178,3668.1,98
1539,2025-10-23,TR,ios,ua_google,5,61.5,5
1540,2026-01-30,PL,android,ua_tiktok,17,"302,9",8
1541,2025-09-16,BR,ios,cross_promo,1,5.3,1
1542,2026-01-03,PL,android,ua_facebook,19,252.7,8
1543,2025-12-12,FR,ios,ua_google,1,64.5,1
1544,2026-06-12,PL,pc,ua_tiktok,1,"10,8",2
1545,2025-11-03,IN,android,organic,4,58.3,3
1546,2026-04-13,US,ios,ua_facebook,30,685.7,18
1547,2026-04-16,FR,android,ua_facebook,70,1249.2,41
1548,2026-04-17,FR,android,cross_promo,1,10.6,2
1549,2025-09-30,DE,pc,ua_tiktok,94,1813.9,41
1550,2025-09-28,tr,ios,organic,8,335.9,7
1551,2025-11-09,н/д,android,organic,36,740.5,18
1552,2025-10-07,PL,ANDROID,ua_google,2,61.8,2
1553,2025-10-14,MX,android,ua_facebook,31,780.7,14
1554,2026-01-25,RU,ios,ua_facebook,40,810.8,11
1555,2026-05-15,IN,pc,influencer,1,,1
1556,2026-03-04,BR,android,ua_facebook,146,2702.5,77
1557,2025-11-13,TR,android,ua_tiktok,7,127.3,4
1558,2025-09-03,FR,android,organic,1,6.8,2
1559,2025-09-22,PL,iOS,cross_promo,3,78.8,2
1560,06.02.2026,US,ios,ua_tiktok,23,317.1,12
1561,2026-01-16,PL,pc,organic,17,329.4,11
1562,2025-10-23,FR,android,influencer,18,418.6,13
1563,2026-01-09,US,ios,ua_tiktok,1,15.9,2
1564,2026-06-17,US,iOS,cross_promo,2,28.1,4
1565,2026-02-26,TR,android,cross_promo,4,138.0,4
1566,2025-10-10,DE,pc,organic,1,31.6,1
1567,2026-03-26,IN,android,ua_tiktok,1,7.0,1
1568,20.10.2025,RU,pc,ua_tiktok,16,352.9,7
1569,2026-03-10,TR,pc,ua_google,2,40.4,2
1570,2026-01-09,PL,pc,organic,15,369.2,8
1571,2025-09-06,TR,ios,ua_google,41,798.7,17
1572,2025-09-10,PL,ios,ua_facebook,5,-,3
1573,2026-06-29,Turkey,android,ua_google,2,26.7,1
1574,2026-06-10,BR,android,organic,1,25.3,1
1575,2025-09-24,IN,pc,organic,63,1347.0,38
1576,2026-02-28,IN,android,ua_google,24,541.6,11
1577,2025-09-05,DE,ANDROID,influencer,2,12.4,1
1578,2025-09-24,,Android,ua_facebook,1,26.5,2
1579,06.10.2025,TR,ANDROID,ua_google,58,1223.0,21
1580,18.11.2025,ES,android,ua_facebook,14,294.3,6
1581,2026-01-30,ES,ios,ua_facebook,2,27.4,1
1582,2025-09-04,BR,PC,ua_google,1,11.8,1
1583,2026-04-02,IN,pc,ua_google,5,86.9,4
1584,2025-10-14,PL,PC,ua_facebook,2,45.1,3
1585,2025-10-24,BR,PC,organic,3,113.9,2
1586,2026-06-22,US,ios,ua_facebook,9,,10
1587,2026-03-11,br,iOS,cross_promo,2,46.3,1
1588,2025-10-01,MX,ios,organic,110,2107.4,52
1589,2026-04-03,MX,android,ua_google,3,252.3,4
1590,2026-05-21,BR,IOS,ua_google,1,,1
1591,02.09.2025,US,android,cross_promo,18,413.2,5
1592,2026-04-07,PL,pc,cross_promo,1,45.8,1
1593,2025-11-02,ES,android,organic,35,872.3,17
1594,12.09.2025,MX,android,ua_facebook,2,53.7,1
1595,2025-10-15,DE,Android,ua_tiktok,1,13.4,1
1596,2025-10-01,DE,iOS,organic,1,,1
1597,2025-09-26,US,android,ua_facebook,159,3144.7,85
1598,2025-09-19,Russia,iOS,ua_google,92,1816.6,43
1599,2025-10-06,RU,android,ua_facebook,6,null,5
1600,2025-11-29,de,PC,ua_facebook,1,7.8,1
1601,20.10.2025,RU,android,ua_facebook,2,26.6,4
1602,2026-03-27,US,ios,ua_google,1,-6.5,3
1603,2025-10-30,FR,pc,organic,2,,1
1604,2025-10-24,PL,ios,ua_google,121,2372.6,49
1605,17.01.2026,IN,android,ua_facebook,3,38.6,4
1606,2026-01-24,DE,android,ua_tiktok,1,71.1,2
1607,2025-10-28,TR,android,ua_tiktok,39,675.6,19
1608,2025-11-27,US,ios,organic,3,53.4,2
1609,2025-11-22,TR,ios,influencer,4,"60,7",2
1610,2026-06-02,PL,Windows,ua_facebook,1,7.3,2
1611,22.06.2026,DE,PC,ua_google,2,8.8,3
1612,2025-10-02,,ios,ua_facebook,22,"284,0",7
1613,2025-11-25,US,pc,ua_google,8,,5
1614,2026-04-19,-,iOS,cross_promo,1,23.6,1
1615,2025-11-16,ES,pc,organic,1,18.2,1
1616,26.04.2026,MX,ios,influencer,11,173.3,7
1617,21.09.2025,PL,ios,ua_google,3,26.0,2
1618,2026-01-26,US,android,organic,5,48.1,4
1619,2026-05-17,-,pc,organic,17,386.0,15
1620,2026-03-07,TR,ios,ua_google,1,23.5,1
1621,05.06.2026,MX,pc,ua_tiktok,27,652.8,13
1622,2025-09-15,BR,Windows,ua_facebook,2,21.8,2
1623,2025-12-27,BR,pc,ua_tiktok,2,44.5,2
1624,11.01.2026,MX,android,ua_tiktok,14,287.7,10
1625,2025-09-19,BR,PC,ua_facebook,18,444.9,10
1626,12.02.2026,br,ANDROID,organic,7,146.2,7
1627,2026-01-17,USA,pc,ua_google,5,65.1,3
1628,26.04.2026,US,android,organic,20,-,13
1629,2025-11-23,RU,ANDROID,cross_promo,3,84.8,2
1630,2025-12-22,FR,android,ua_facebook,7,92.0,2
1631,2025-12-09,FR,pc,ua_google,1,20.8,1
1632,2025-09-18,IN,iOS,ua_google,10,239.4,7
1633,2026-04-21,IN,iOS,influencer,2,34.8,2
1634,16.02.2026,DE,IOS,influencer,20,288.6,11
1635,2025-10-02,IN,android,ua_tiktok,37,805.5,21
1636,2025-09-03,BR,android,ua_google,1,5.3,1
1637,2026-03-10,TR,ios,ua_facebook,1,13.1,3
1638,2026-01-17,US,ios,cross_promo,1,36.5,1
1639,2025-10-24,RU,android,influencer,7,200.8,8
1640,2025-12-02,TR,Android,ua_google,1,2.3,1
1641,2025-09-10,US,android,organic,79,1714.1,41
1642,2026-01-25,Germany,android,ua_facebook,22,457.3,13
1643,2025-10-29,BR,android,ua_facebook,64,1017.0,35
1644,28.02.2026,BR,pc,ua_google,18,332.4,11
1645,2026-03-04,US,ios,ua_google,6,85.2,2
1646,20.01.2026,US,pc,organic,2,48.9,2
1647,2025-10-08,null,android,ua_facebook,1,6.2,2
1648,2026-03-12,FR,IOS,ua_tiktok,4,46.9,2
1649,20.10.2025,US,pc,ua_facebook,1,41.6,2
1650,2026-01-01,MX,pc,ua_google,3,78.3,1
1651,21.01.2026,RU,ios,ua_google,1,36.3,1
1652,12.06.2026,DE,ios,ua_facebook,12,375.2,5
1653,2025-11-16,IN,IOS,cross_promo,68,NaN,32
1654,2025-12-22,IN,ios,organic,11,"348,1",5
1655,2026-04-02,MX,ios,ua_facebook,114,"2190,1",57
1656,19.10.2025,BR,pc,ua_facebook,122,2396.1,55
1657,2026-05-09,ES,android,influencer,15,362.7,6
1658,2026-05-07,de,ios,ua_google,61,1264.3,20
1659,2026-03-10,RU,ios,ua_tiktok,10,165.4,4
1660,2025-11-06,-,pc,ua_tiktok,56,1146.0,28
1661,2025-10-19,DE,ios,ua_tiktok,18,219.7,11
1662,25.09.2025,USA,Android,ua_facebook,3,48.5,2
1663,2026-06-07,DE,android,organic,14,"256,8",9
1664,2025-10-22,USA,pc,ua_google,3,122.0,3
1665,2026-04-21,MX,ios,ua_facebook,36,642.5,20
1666,2025-10-20,RU,Android,organic,16,232.4,10
1667,10.03.2026,br,android,ua_google,11,258.8,3
1668,2026-02-09,RU,pc,ua_tiktok,79,1464.5,36
1669,12.10.2025,US,android,organic,45,898.0,17
1670,28.09.2025,US,pc,ua_tiktok,2,105.5,2
1671,2025-11-10,US,pc,influencer,4,67.1,3
1672,2025-11-15,DE,pc,ua_google,9,171.3,4
1673,2026-01-12,TR,Windows,ua_facebook,140,2879.5,67
1674,2026-03-25,Brazil,ios,organic,15,309.0,8
1675,2025-09-20,FR,IOS,ua_google,3,166.5,1
1676,2026-03-13,TR,ios,ua_tiktok,19,331.4,12
1677,2026-01-30,PL,android,ua_google,12,202.6,7
1678,01.03.2026,-,android,organic,97,1693.8,36
1679,2026-06-25,BR,pc,ua_tiktok,1,"8,8",1
1680,14.09.2025,TR,pc,cross_promo,2,21.6,1
1681,2026-01-05,Brazil,pc,ua_google,9,167.0,4
1682,2026-01-29,BR,ANDROID,influencer,1,7.0,1
1683,2025-10-17,BR,ios,cross_promo,54,1094.5,29
1684,06.09.2025,IN,iOS,organic,4,35.1,2
1685,2026-02-19,BR,pc,ua_google,1,9.4,1
1686,2026-01-04,н/д,android,influencer,4,63.2,5
1687,2026-05-24,IN,ios,influencer,26,654.6,15
1688,2026-01-31,DE,pc,organic,1,69.0,3
1689,24.01.2026,DE,android,ua_google,13,"248,0",5
1690,2025-12-03,NaN,pc,cross_promo,9,160.5,7
1691,2025-11-08,FR,android,ua_tiktok,1,15.7,1
1692,2026-03-28,us,ios,organic,37,887.3,17
1693,2025-10-15,RU,ios,ua_tiktok,5,,3
1694,2025-10-06,BR,android,organic,4,33.4,3
1695,22.04.2026,DE,ANDROID,organic,17,413.2,7
1696,2026-01-25,DE,android,ua_google,18,337.3,6
1697,2025-09-14,US,ios,influencer,4,63.7,6
1698,2026-04-04,RU,pc,ua_google,2,114.3,1
1699,23.12.2025,BR,android,ua_google,2,47.1,1
1700,2025-11-17,,android,ua_google,1,24.2,2
1701,2026-04-15,IN,pc,ua_google,3,55.2,2
1702,16.01.2026,TR,pc,cross_promo,8,119.5,5
1703,2025-09-23,TR,android,ua_google,4,59.4,4
1704,16.05.2026,RU,android,ua_google,3,80.7,1
1705,2026-06-12,-,android,ua_google,19,NaN,11
1706,2026-03-03,DE,android,organic,4,74.6,3
1707,2025-11-24,BR,IOS,ua_google,4,59.3,3
1708,2026-03-28,US,Android,ua_tiktok,1,16.6,1
1709,14.03.2026,US,pc,ua_google,45,,28
1710,2025-11-17,DE,ios,organic,24,307.4,7
1711,2025-12-05,DE,pc,ua_google,1,10.2,1
1712,2026-06-12,TR,Android,ua_facebook,28,519.3,9
1713,2026-02-27,TR,pc,ua_google,23,325.7,11
1714,2025-09-10,ES,IOS,ua_facebook,76,1884.6,26
1715,2026-04-08,GER,pc,organic,21,451.8,10
1716,2026-06-11,RU,android,ua_facebook,3,44.3,1
1717,08.12.2025,PL,android,ua_tiktok,72,1110.1,39
1718,2025-09-25,IN,ios,ua_google,2,73.8,2
1719,24.03.2026,BR,Windows,ua_facebook,12,194.7,8
1720,2026-05-30,PL,pc,ua_facebook,2,28.1,3
1721,27.04.2026,DE,iOS,ua_facebook,2,31.0,3
1722,2025-10-11,FR,android,ua_google,125,2839.6,66
1723,2025-09-21,TR,ios,ua_facebook,4,86.5,4
1724,17.12.2025,US,iOS,ua_google,115,2417.5,62
1725,30.04.2026,MX,android,ua_google,2,10.9,1
1726,30.12.2025,DE,ANDROID,influencer,1,12.2,1
1727,2025-11-12,MX,iOS,ua_google,31,535.0,11
1728,2025-09-07,RU,ios,ua_tiktok,2,15.5,3
1729,2026-03-23,Brazil,PC,ua_google,1,12.8,2
1730,2026-02-21,TR,android,ua_facebook,90,1633.4,49
1731,2025-12-26,BR,android,ua_google,210,,107
1732,14.06.2026,MX,IOS,ua_google,1,5.1,1
1733,27.03.2026,US,iOS,ua_tiktok,4,53.0,1
1734,23.03.2026,BR,android,ua_google,5,107.3,4
1735,2025-09-19,ES,android,ua_tiktok,1,"21,7",2
1736,2025-09-12,н/д,pc,influencer,3,NaN,4
1737,2026-01-04,MX,android,ua_tiktok,23,540.3,16
1738,12.06.2026,GER,ios,ua_google,17,486.5,10
1739,2025-12-15,USA,ios,ua_tiktok,1,6.6,1
1740,01.09.2025,DE,ios,ua_facebook,22,"441,2",7
1741,2026-04-08,-,android,influencer,1,9.0,1
1742,26.09.2025,PL,pc,ua_tiktok,24,397.6,11
1743,2025-10-19,BR,android,ua_google,1,,1
1744,09.11.2025,IN,android,organic,11,268.1,5
1745,2026-03-04,PL,Windows,organic,1,18.2,1
1746,23.09.2025,MX,ios,organic,1,4.8,1
1747,15.09.2025,US,ios,ua_google,13,"288,3",9
1748,2025-11-27,PL,ANDROID,ua_tiktok,1,13.9,2
1749,20.11.2025,BR,android,cross_promo,204,4348.6,109
1750,2025-11-12,MX,ios,ua_facebook,15,255.9,10
1751,2026-04-22,н/д,pc,ua_google,9,130.9,5
1752,2025-10-22,FR,Android,ua_facebook,6,105.5,2
1753,2026-02-23,FR,pc,organic,1,12.7,1
1754,2026-02-11,MX,android,ua_tiktok,110,2228.2,50
1755,2026-05-26,TR,ios,ua_facebook,1,5.9,2
1756,2026-04-30,Russia,android,ua_tiktok,1,35.9,1
1757,2025-09-27,RU,Windows,ua_tiktok,28,"778,8",17
1758,2026-03-31,PL,ios,ua_google,41,904.4,16
1759,2026-05-09,US,android,ua_facebook,76,1471.1,41
1760,13.04.2026,FR,ios,ua_google,7,61.0,3
1761,2026-04-26,MX,pc,cross_promo,1,12.3,3
1762,2025-09-08,PL,ios,influencer,1,20.0,1
1763,2026-01-25,ru,Android,organic,9,144.8,7
1764,2025-10-15,IN,pc,ua_facebook,2,47.6,1
1765,2026-04-11,BR,android,organic,2,"-122,6",5
1766,2025-10-13,TR,Android,organic,7,183.8,2
1767,2026-02-12,FR,android,influencer,63,NaN,24
1768,2025-10-19,US,android,ua_facebook,2,47.2,3
1769,2025-11-29,US,ios,organic,9,н/д,4
1770,2026-02-09,BR,ios,ua_facebook,17,318.7,16
1771,07.11.2025,BR,android,ua_facebook,4,81.1,3
1772,2025-09-26,BR,android,ua_google,21,420.8,7
1773,2026-01-14,TR,android,influencer,12,121.8,4
1774,2025-10-11,DE,pc,organic,14,,4
1775,18.06.2026,FR,Android,ua_facebook,1,10.7,3
1776,10.10.2025,IN,pc,ua_google,1,14.6,2
1777,2025-12-21,Germany,android,ua_tiktok,2,17.7,1
1778,2025-09-17,BR,ios,ua_google,7,192.9,5
1779,2026-03-17,BR,pc,cross_promo,1,8.2,1
1780,2026-05-04,MX,ios,ua_facebook,18,399.7,8
1781,2025-12-15,BR,ios,ua_facebook,2,9.3,5
1782,26.12.2025,MX,ios,organic,4,77.9,3
1783,10.03.2026,MX,IOS,influencer,69,1354.8,23
1784,11.05.2026,н/д,Android,influencer,1,9.8,1
1785,2026-05-03,ES,android,ua_facebook,32,549.3,14
1786,2025-09-01,н/д,android,influencer,13,234.8,7
1787,11.03.2026,null,android,ua_facebook,35,785.3,21
1788,2026-01-25,DE,android,influencer,57,,35
1789,2025-09-05,Russia,iOS,organic,1,12.8,2
1790,2025-09-29,,android,ua_tiktok,1,21.2,1
1791,2026-05-29,US,Windows,ua_tiktok,1,"3,7",1
1792,2026-06-10,RU,android,ua_facebook,2,"11,4",2
1793,10.10.2025,BR,ios,ua_facebook,3,70.8,1
1794,2025-12-26,IN,iOS,ua_facebook,1,7.2,1
1795,13.10.2025,,android,organic,1,2.1,3
1796,2025-12-27,RU,android,ua_google,16,300.6,9
1797,2026-04-06,MX,android,ua_facebook,12,223.4,5
1798,2026-03-15,DE,ios,ua_tiktok,1,6.7,1
1799,28.09.2025,TR,android,ua_google,3,60.7,4
1800,2025-11-22,BR,android,influencer,2,22.2,1
1801,12.02.2026,PL,android,ua_facebook,165,3495.7,71
1802,16.04.2026,Brazil,pc,ua_facebook,46,795.8,21
1803,2025-11-22,FR,ios,ua_facebook,2,32.3,1
1804,30.01.2026,MX,ios,organic,1,20.0,1
1805,2026-03-15,FR,android,cross_promo,64,1083.8,37
1806,2025-11-24,RU,pc,ua_facebook,74,1689.2,37
1807,2025-09-21,FR,ios,ua_google,18,,6
1808,2025-10-20,RU,android,ua_facebook,3,46.5,5
1809,2025-12-16,ES,pc,organic,89,1838.7,37
1810,2025-10-24,PL,pc,ua_tiktok,72,1794.9,24
1811,2026-04-13,IN,iOS,influencer,32,505.6,19
1812,2025-09-01,BR,ANDROID,organic,1,13.5,1
1813,2025-10-12,Turkey,pc,ua_facebook,36,830.2,17
1814,13.01.2026,GER,pc,ua_tiktok,7,175.7,3
1815,2026-03-12,ru,android,cross_promo,53,н/д,27
1816,2025-12-29,RU,pc,influencer,191,4340.6,81
1817,10.09.2025,ES,Android,ua_facebook,40,847.6,17
1818,2025-10-13,US,pc,ua_facebook,44,911.7,23
1819,2025-11-22,DE,iOS,organic,2,38.2,2
1820,2026-01-18,ES,android,ua_facebook,1,5.1,1
1821,10.11.2025,BR,android,ua_facebook,2,26.7,3
1822,24.11.2025,US,android,influencer,8,82.1,8
1823,2026-05-16,н/д,Android,ua_google,1,35.4,1
1824,2026-03-08,MX,ANDROID,ua_facebook,2,39.5,2
1825,14.10.2025,PL,android,ua_facebook,4,49.1,5
1826,2025-12-09,н/д,PC,ua_google,67,1337.2,37
1827,2026-01-19,tr,pc,influencer,5,60.4,8
1828,2025-11-22,RU,android,ua_facebook,3,55.8,3
1829,2025-10-01,DE,android,ua_facebook,31,505.0,12
1830,2026-03-09,PL,android,ua_google,1,18.8,2
1831,2025-11-19,ES,pc,cross_promo,2,35.3,2
1832,2025-09-22,DE,android,ua_google,13,null,7
1833,2026-04-30,US,pc,ua_tiktok,1,19.9,2
1834,2025-09-07,US,ios,organic,5,69.6,5
1835,2026-03-13,DE,pc,ua_facebook,5,128.9,1
1836,07.09.2025,MX,android,cross_promo,99,2141.7,43
1837,2025-10-08,BR,iOS,ua_google,4,55.3,1
1838,2026-05-27,RU,Windows,influencer,18,399.9,11
1839,2026-04-15,US,android,ua_facebook,22,550.6,13
1840,2026-05-21,tr,android,ua_tiktok,3,13.8,2
1841,08.02.2026,US,pc,ua_google,6,97.2,3
1842,07.11.2025,Brazil,pc,ua_facebook,5,83.4,3
1843,27.02.2026,US,PC,ua_tiktok,4,58.1,4
1844,2026-03-30,RU,PC,organic,63,1066.2,22
1845,2026-06-29,BR,pc,ua_google,3,118.2,5
1846,2025-11-23,ES,pc,ua_facebook,4,93.7,2
1847,06.05.2026,RU,ios,ua_facebook,9,187.0,6
1848,2026-01-09,PL,android,organic,3,58.6,3
1849,2025-09-04,RU,ios,ua_google,2,"14,5",2
1850,2025-09-21,FR,IOS,ua_google,1,59.7,1
1851,2025-09-25,RU,IOS,influencer,1,8.8,3
1852,2026-01-16,FR,pc,ua_tiktok,5,77.2,4
1853,2026-02-23,PL,iOS,ua_google,51,1109.9,38
1854,2025-11-24,null,android,organic,2,63.6,1
1855,09.09.2025,BR,pc,cross_promo,3,47.3,5
1856,2025-11-18,BR,ANDROID,ua_facebook,1,9.1,1
1857,2026-03-04,,IOS,influencer,4,20.7,1
1858,2026-06-16,-,android,ua_tiktok,5,165.9,5
1859,2025-10-04,PL,ANDROID,ua_tiktok,1,2.5,1
1860,2026-01-17,Turkey,ios,cross_promo,1,12.4,3
1861,2026-05-07,DE,iOS,ua_facebook,40,823.1,22
1862,2026-04-20,BR,pc,ua_google,4,73.4,3
1863,2026-01-19,,ios,ua_tiktok,14,165.3,7
1864,2025-09-17,BR,android,ua_google,94,1833.0,52
1865,2025-12-29,US,ANDROID,ua_facebook,1,3.1,1
1866,2025-09-26,US,android,organic,71,1127.9,29
1867,2025-09-08,PL,ios,organic,1,6.0,2
1868,2026-04-26,TR,pc,ua_google,15,286.0,5
1869,07.09.2025,,IOS,cross_promo,1,9.0,2
1870,2026-01-04,,android,organic,2,20.9,3
1871,2025-10-25,TR,PC,ua_facebook,60,1429.0,25
1872,01.10.2025,PL,ios,organic,1,10.8,2
1873,2025-11-01,TR,ios,ua_google,1,47.0,1
1874,20.10.2025,GER,ANDROID,ua_tiktok,1,23.4,2
1875,2026-04-01,TR,pc,organic,143,2626.3,69
1876,03.09.2025,FR,android,ua_google,1,7.8,1
1877,2026-05-11,PL,ios,ua_facebook,29,748.5,14
1878,04.12.2025,DE,android,cross_promo,1,"16,1",1
1879,2026-06-12,RU,pc,influencer,19,288.6,8
1880,2026-01-09,Brazil,ios,organic,4,54.8,3
1881,2025-10-19,DE,pc,ua_tiktok,4,63.0,3
1882,2025-09-22,PL,pc,cross_promo,1,74.8,1
1883,2026-02-06,PL,android,organic,2,20.1,2
1884,2025-12-28,PL,pc,organic,5,100.0,2
1885,2026-04-04,RU,android,ua_tiktok,4,48.6,2
1886,2025-09-03,ES,android,organic,66,1355.3,27
1887,2026-01-28,BR,pc,ua_google,3,50.7,2
1888,2025-11-05,IN,android,organic,1,24.4,1
1889,2026-03-02,US,android,ua_google,2,NaN,2
1890,2025-10-31,PL,ios,organic,18,240.7,9
1891,2025-11-02,BR,pc,organic,52,959.2,24
1892,2025-12-21,BR,ios,ua_tiktok,64,983.9,36
1893,12.09.2025,FR,pc,ua_facebook,18,-,10
1894,2026-02-24,ES,iOS,ua_google,6,59.1,4
1895,2026-01-08,TR,ios,organic,1,24.3,1
1896,2025-10-01,US,ios,ua_tiktok,3,93.9,2
1897,05.06.2026,ES,pc,ua_google,1,"19,7",1
1898,2026-04-11,DE,android,ua_google,11,183.1,10
1899,2025-09-30,DE,ios,influencer,9,144.1,2
1900,09.11.2025,TR,iOS,ua_facebook,2,-,1
1901,2025-10-06,BR,android,ua_google,16,296.6,5
1902,21.11.2025,BR,android,ua_google,56,1232.2,27
1903,2025-10-06,BR,pc,organic,1,6.7,4
1904,2026-04-15,US,android,ua_facebook,49,791.0,27
1905,26.06.2026,RU,android,ua_facebook,6,113.4,2
1906,06.12.2025,PL,pc,ua_tiktok,85,"2130,9",28
1907,15.01.2026,DE,pc,organic,3,130.2,5
1908,2025-11-17,TR,android,ua_tiktok,61,1078.0,26
1909,2026-05-19,,android,ua_facebook,1,8.8,2
1910,2025-11-23,ES,android,ua_facebook,52,973.3,19
1911,2025-10-21,DE,pc,organic,1,"11,5",1
1912,2026-02-11,GER,ios,organic,1,6.2,1
1913,2026-05-13,IN,ANDROID,organic,1,"15,7",1
1914,2025-10-10,TR,android,ua_facebook,8,163.2,5
1915,2025-09-01,ES,iOS,influencer,3,63.4,5
1916,2026-02-02,PL,Android,ua_facebook,2,57.0,4
1917,2026-04-05,US,Windows,ua_google,1,45.7,1
1918,2026-05-31,MX,ios,ua_tiktok,3,111.8,1
1919,2025-11-30,RU,android,organic,43,964.0,26
1920,14.01.2026,ES,pc,influencer,41,1219.8,22
1921,2026-03-11,RU,pc,organic,61,1290.3,36
1922,2026-01-17,DE,ios,ua_facebook,6,91.7,4
1923,22.02.2026,н/д,android,ua_facebook,2,34.1,1
1924,2025-09-15,IN,pc,ua_google,2,16.9,2
1925,2025-12-17,Brazil,ios,ua_tiktok,9,109.6,6
1926,2025-11-20,null,android,ua_google,11,-,7
1927,2026-06-16,US,android,cross_promo,8,314.5,5
1928,2025-09-13,BR,ANDROID,ua_google,4,46.4,6
1929,2026-01-16,IN,ios,organic,2,36.5,2
1930,2026-03-26,MX,ios,ua_facebook,1,12.3,2
1931,25.12.2025,FR,ios,organic,13,181.2,5
1932,16.04.2026,MX,android,ua_facebook,1,"11,0",1
1933,2025-10-07,US,ios,ua_facebook,3,158.2,2
1934,2025-12-21,ES,ios,ua_tiktok,23,343.3,19
1935,2026-03-25,DE,pc,ua_facebook,2,14.3,1
1936,2026-03-14,DE,ios,ua_facebook,3,61.2,3
1937,2026-02-23,PL,android,ua_facebook,91,1824.2,47
1938,2026-06-13,US,IOS,ua_tiktok,10,208.8,4
1939,2025-10-01,FR,android,ua_tiktok,1,10.3,2
1940,2025-11-05,RU,ios,cross_promo,2,12.6,2
1941,2025-10-30,MX,ANDROID,ua_tiktok,71,1505.6,32
1942,2025-10-22,ES,android,organic,191,н/д,102
1943,2025-12-07,BR,pc,ua_facebook,1,5.2,1
1944,09.02.2026,IN,Android,ua_facebook,54,1011.1,30
1945,2026-01-16,IN,ios,influencer,1,21.8,2
1946,11.02.2026,ES,android,organic,2,72.5,2
1947,2026-04-12,TR,android,ua_facebook,9,158.5,5
1948,2026-03-04,US,PC,ua_facebook,58,1036.5,27
1949,2025-10-06,PL,android,influencer,6,100.9,5
1950,28.02.2026,FR,pc,ua_facebook,4,68.7,4
1951,19.01.2026,br,android,organic,9,148.4,7
1952,2026-02-13,TR,android,influencer,2,21.5,1
1953,2025-10-23,IN,android,ua_facebook,1,31.0,1
1954,2026-06-26,US,ios,ua_tiktok,1,5.2,2
1955,02.01.2026,BR,ios,ua_google,1,25.4,1
1956,2025-10-02,US,pc,ua_google,18,305.9,8
1957,2025-09-03,US,android,ua_google,3,null,4
1958,05.10.2025,ES,android,ua_facebook,1,8.4,3
1959,2025-09-08,GER,android,ua_facebook,3,23.6,2
1960,2026-06-18,TR,pc,ua_google,1,6.6,2
1961,2026-01-07,IN,Windows,ua_facebook,53,1293.3,30
1962,2026-06-05,US,IOS,ua_facebook,9,257.9,6
1963,2025-12-05,DE,android,ua_facebook,2,37.2,2
1964,2025-09-08,US,pc,organic,80,1502.4,35
1965,2026-05-06,TR,android,influencer,3,22.9,1
1966,2025-12-19,IN,android,influencer,11,237.6,6
1967,2026-03-26,RU,ios,ua_facebook,2,н/д,4
1968,2025-11-07,IN,android,influencer,3,197.0,2
1969,29.01.2026,RU,ios,ua_google,1,"10,0",1
1970,2025-12-17,TR,android,ua_facebook,9,344.1,5
1971,24.03.2026,ES,android,ua_tiktok,25,675.0,12
1972,2026-02-26,DE,pc,ua_facebook,10,172.9,5
1973,2025-09-28,US,ANDROID,ua_google,3,88.2,4
1974,15.04.2026,TR,ios,organic,1,20.0,1
1975,2025-09-21,-,ios,ua_facebook,14,326.3,5
1976,2025-09-02,BR,pc,influencer,84,1508.3,39
1977,2025-11-17,US,android,organic,1,40.9,4
1978,2026-02-04,DE,android,ua_tiktok,3,108.9,5
1979,25.01.2026,DE,android,ua_facebook,5,"35,2",4
1980,2026-01-24,TR,ANDROID,ua_google,41,1023.4,25
1981,27.02.2026,de,pc,ua_facebook,23,451.4,12
1982,2026-02-03,TR,ios,organic,5,37.4,1
1983,24.10.2025,FR,android,ua_facebook,8,179.4,8
1984,2026-04-19,DE,ios,ua_facebook,37,821.9,17
1985,2026-06-20,PL,pc,ua_facebook,14,271.0,15
1986,2025-10-15,DE,ios,ua_google,1,11.6,2
1987,2026-03-21,BR,iOS,ua_google,1,3.2,1
1988,2025-09-06,TR,ios,organic,30,"662,2",14
1989,2026-04-15,US,android,ua_facebook,20,314.8,8
1990,2026-04-09,ES,android,ua_facebook,9,287.2,5
1991,2025-10-11,RU,ios,organic,10,324.8,5
1992,2026-03-12,US,android,ua_facebook,1,"38,8",1
1993,2025-09-14,PL,android,ua_google,1,36.4,2
1994,2025-09-03,US,pc,influencer,1,12.8,1
1995,2026-01-31,TR,Windows,ua_google,1,31.2,1
1996,27.11.2025,US,Android,ua_facebook,3,67.8,4
1997,14.01.2026,TR,pc,ua_facebook,1,16.6,2
1998,2025-09-01,US,android,cross_promo,26,599.0,9
1999,2025-11-14,TR,ANDROID,ua_tiktok,19,528.0,6
2000,2026-05-26,RU,pc,organic,34,462.8,13
2001,19.11.2025,RU,android,ua_google,1,"25,5",2
2002,2026-05-23,TR,Android,ua_facebook,8,230.1,7
2003,2026-03-02,Russia,iOS,ua_google,8,97.1,7
2004,02.05.2026,ru,Windows,influencer,1,17.7,1
2005,2025-12-25,н/д,android,ua_google,2,32.3,1
2006,14.06.2026,,pc,ua_facebook,3,"36,9",1
2007,2025-12-05,BR,pc,influencer,96,1932.4,35
2008,2026-05-27,ES,ANDROID,ua_facebook,11,279.7,9
2009,2026-02-05,ES,ios,organic,3,64.7,1
2010,2026-03-18,DE,android,ua_google,1,25.5,3
2011,2025-09-09,BR,android,ua_tiktok,1,"15,2",1
2012,16.02.2026,IN,pc,organic,2,27.5,2
2013,2025-11-01,PL,android,ua_tiktok,1,47.8,1
2014,2025-09-27,BR,pc,ua_facebook,1,20.9,1
2015,2026-04-18,,android,ua_google,1,42.7,1
2016,28.03.2026,MX,android,cross_promo,7,null,3
2017,30.03.2026,RU,Android,influencer,5,59.6,3
2018,2025-09-25,PL,ios,organic,31,488.6,18
2019,09.09.2025,PL,ios,ua_tiktok,2,46.6,1
2020,2025-09-27,US,ios,ua_facebook,3,"55,6",2
2021,2026-04-23,BR,android,ua_facebook,1,7.6,2
2022,2025-09-15,MX,android,ua_facebook,1,8.3,1
2023,22.09.2025,BR,pc,organic,47,929.5,21
2024,2026-06-18,FR,android,ua_facebook,1,6.3,3
2025,2026-03-11,IN,ANDROID,ua_google,1,36.0,1
2026,2025-09-30,DE,pc,ua_facebook,1,11.7,2
2027,2026-01-19,MX,android,ua_facebook,78,1376.9,31
2028,2025-12-12,RU,android,ua_facebook,19,331.9,8
2029,05.10.2025,US,android,ua_facebook,11,260.8,9
2030,2025-10-16,TR,ios,ua_google,2,null,2
2031,2025-11-24,ES,PC,ua_facebook,3,64.3,1
2032,2025-09-01,DE,ios,ua_tiktok,76,1766.8,43
2033,26.04.2026,ES,ios,influencer,1,50.7,2
2034,2025-11-24,BR,Windows,ua_google,2,20.5,4
2035,2025-09-27,TR,android,ua_google,1,53.8,1
2036,2025-12-30,US,pc,ua_facebook,12,305.2,4
2037,27.01.2026,PL,PC,ua_tiktok,2,38.9,1
2038,11.09.2025,TR,ios,ua_facebook,3,138.6,2
2039,2026-04-06,TR,ios,ua_google,10,207.2,4
2040,2025-12-30,ES,ANDROID,ua_google,9,185.3,4
2041,2026-01-16,DE,ios,ua_tiktok,3,"77,7",1
2042,2026-01-14,DE,android,ua_tiktok,126,2430.3,70
2043,04.12.2025,IN,android,organic,72,1392.4,34
2044,2025-10-03,ES,ios,organic,22,370.3,12
2045,2025-10-21,US,ios,organic,1,27.6,1
2046,2026-05-08,н/д,pc,ua_facebook,9,158.1,5
2047,2026-02-05,TR,ios,influencer,2,41.9,2
2048,15.05.2026,tr,ANDROID,ua_google,21,375.2,15
2049,2026-01-09,US,android,ua_facebook,1,4.3,1
2050,27.04.2026,USA,pc,organic,2,43.2,2
2051,2025-09-17,NaN,android,ua_facebook,131,2777.7,53
2052,2026-03-31,RU,ANDROID,ua_google,1,20.2,1
2053,2025-12-18,PL,ios,organic,1,10.2,3
2054,2025-10-22,PL,ios,ua_tiktok,5,49.5,4
2055,2025-10-06,ru,android,cross_promo,2,10.7,3
2056,24.09.2025,DE,ios,ua_facebook,51,964.4,31
2057,2025-10-01,IN,android,ua_google,3,"113,4",5
2058,10.02.2026,DE,android,ua_tiktok,13,214.6,7
2059,08.12.2025,FR,android,ua_tiktok,9,"119,9",3
2060,2026-05-14,US,ios,ua_google,32,595.7,13
2061,2025-09-17,DE,android,ua_tiktok,2,19.1,1
2062,2025-11-19,US,android,ua_facebook,1,7.9,1
2063,2026-04-04,TR,ios,ua_google,1,21.2,2
2064,23.12.2025,null,ios,ua_facebook,103,"2200,1",50
2065,2026-05-13,US,android,ua_google,1,1.0,1
2066,14.09.2025,MX,android,ua_facebook,2,11.3,1
2067,18.09.2025,US,pc,ua_facebook,13,257.2,10
2068,2026-01-18,TR,ios,influencer,2,47.4,1
2069,2025-12-30,BR,ios,ua_facebook,4,80.0,4
2070,2026-02-20,DE,pc,ua_google,10,110.8,5
2071,2026-03-05,br,pc,ua_tiktok,1,21.4,1
2072,26.02.2026,ES,android,ua_tiktok,95,1950.0,40
2073,2026-02-14,TR,ios,ua_tiktok,3,48.5,1
2074,2025-09-03,BR,android,cross_promo,1,10.9,2
2075,2026-02-11,-,IOS,ua_google,9,186.2,5
2076,2025-10-23,US,android,organic,2,28.2,2
2077,03.11.2025,PL,pc,organic,2,147.1,2
2078,02.06.2026,ES,pc,influencer,7,159.5,4
2079,2025-09-21,TR,android,ua_tiktok,1,5.8,1
2080,19.04.2026,ES,android,ua_tiktok,8,"200,3",4
2081,2026-02-03,TR,PC,organic,19,357.9,11
2082,03.09.2025,BR,android,ua_facebook,25,412.6,12
2083,2025-12-30,US,ios,ua_google,1,28.3,2
2084,31.12.2025,ES,ios,ua_facebook,3,,2
2085,2025-09-30,н/д,android,ua_google,165,3309.5,68
2086,2025-12-14,DE,pc,ua_facebook,2,31.7,2
2087,2026-02-02,ES,android,ua_facebook,1,9.8,1
2088,2026-06-17,FR,IOS,ua_facebook,1,32.0,1
2089,2025-09-20,PL,ios,ua_google,3,70.6,2
2090,2026-04-27,IN,ios,ua_facebook,3,36.4,1
2091,2026-03-29,TR,ios,organic,3,48.4,3
2092,02.02.2026,BR,ios,organic,5,61.6,2
2093,2026-06-04,PL,android,ua_facebook,16,438.8,6
2094,2025-12-20,FR,PC,cross_promo,1,null,1
2095,2026-03-19,RU,pc,organic,2,32.4,3
2096,2026-06-03,MX,pc,ua_tiktok,20,469.6,11
2097,24.09.2025,GER,ios,ua_facebook,1,23.9,2
2098,2025-09-10,DE,ios,ua_google,3,70.5,1
2099,2025-10-10,Turkey,android,influencer,14,342.6,6
2100,2026-03-23,GER,ios,ua_tiktok,1,4.1,3
2101,2026-02-26,GER,android,influencer,1,18.6,1
2102,2025-12-15,MX,android,ua_facebook,11,307.0,4
2103,2025-12-24,ES,ios,ua_facebook,2,45.5,2
2104,07.06.2026,TR,ios,ua_tiktok,7,320.7,3
2105,2026-03-12,Germany,IOS,organic,2,28.4,1
2106,2026-04-27,IN,pc,cross_promo,2,12.0,3
2107,2026-01-07,TR,android,organic,7,151.9,4
2108,2025-09-16,ru,iOS,organic,69,1303.7,47
2109,2026-03-01,BR,android,influencer,4,78.3,3
2110,2025-09-03,BR,Android,ua_google,1,3.8,1
2111,2026-03-24,TR,IOS,cross_promo,2,12.9,3
2112,20.12.2025,NaN,ANDROID,ua_google,16,262.3,6
2113,2026-06-13,BR,android,ua_tiktok,8,223.0,4
2114,03.11.2025,US,android,influencer,6,129.0,7
2115,06.04.2026,TR,android,ua_google,15,322.1,6
2116,2025-10-21,US,android,organic,1,30.3,1
2117,2026-04-11,USA,ANDROID,cross_promo,11,166.1,5
2118,2026-04-24,IN,android,ua_facebook,2,19.8,2
2119,05.12.2025,null,ios,ua_google,5,69.5,5
2120,2026-03-09,ES,android,organic,11,222.1,6
2121,2026-06-04,RU,IOS,ua_tiktok,2,,2
2122,2025-09-05,IN,pc,ua_google,203,4013.9,112
2123,28.09.2025,USA,android,cross_promo,2,24.4,3
2124,2025-12-25,Turkey,ios,ua_facebook,2,22.1,3
2125,11.06.2026,BR,android,ua_google,9,247.7,5
2126,2026-02-10,ES,android,ua_tiktok,63,"1176,6",28
2127,2025-12-26,MX,Android,organic,4,82.0,3
2128,25.03.2026,Russia,pc,ua_facebook,17,285.4,6
2129,24.05.2026,PL,ios,cross_promo,3,59.9,2
2130,2026-05-27,PL,ANDROID,organic,2,14.8,1
2131,2025-12-03,TR,ios,ua_facebook,12,398.4,5
2132,31.10.2025,br,ios,organic,133,2563.2,58
2133,2025-11-19,BR,android,ua_google,1,71.0,2
2134,28.05.2026,ru,ios,organic,2,23.8,2
2135,2026-04-15,FR,pc,organic,2,11.0,2
2136,04.12.2025,MX,ios,cross_promo,112,1978.3,44
2137,2026-04-12,TR,pc,ua_tiktok,47,1229.8,31
2138,2026-04-07,ES,android,ua_google,11,125.1,3
2139,2025-10-30,DE,pc,ua_tiktok,2,32.9,1
2140,2025-09-07,PL,iOS,ua_google,50,908.5,23
2141,2025-12-25,ES,iOS,ua_tiktok,1,13.5,2
2142,2025-10-24,PL,android,ua_facebook,3,33.1,4
2143,2026-04-15,BR,android,ua_google,18,227.3,7
2144,2025-10-23,US,ios,influencer,2,75.1,3
2145,2025-10-29,FR,Android,influencer,1,5.6,1
2146,2026-04-28,US,ios,organic,1,8.3,1
2147,2025-09-14,MX,pc,ua_google,20,383.9,10
2148,2025-09-18,BR,android,ua_facebook,9,163.2,9
2149,2025-09-17,US,android,ua_tiktok,2,11.3,1
2150,03.06.2026,ES,android,ua_google,15,275.4,14
2151,19.11.2025,ES,pc,cross_promo,57,1026.6,37
2152,23.06.2026,DE,ANDROID,ua_facebook,2,28.5,1
2153,20.01.2026,RU,iOS,ua_facebook,4,198.3,3
2154,2026-03-27,US,pc,ua_google,7,97.0,2
2155,2025-11-24,PL,ios,ua_tiktok,2,66.8,2
2156,2025-09-29,PL,android,cross_promo,14,232.8,4
2157,2025-09-06,ES,pc,organic,13,432.7,9
2158,06.04.2026,н/д,pc,ua_google,89,2042.6,43
2159,23.02.2026,US,android,cross_promo,10,209.1,7
2160,22.11.2025,MX,ios,ua_google,61,1338.8,34
2161,11.06.2026,US,PC,ua_tiktok,15,453.5,7
2162,24.10.2025,BR,ios,organic,1,39.4,1
2163,2025-09-01,RU,android,ua_google,2,62.4,1
2164,2025-11-19,PL,IOS,ua_google,1,22.6,1
2165,2025-12-16,PL,pc,ua_tiktok,3,26.8,4
2166,2026-04-26,US,ios,ua_facebook,47,1124.6,21
2167,2026-01-20,TR,ios,ua_google,2,91.8,1
2168,2025-09-06,ru,ANDROID,influencer,6,106.4,4
2169,2026-05-20,IN,pc,organic,14,313.6,3
2170,2026-03-25,US,iOS,ua_tiktok,2,29.7,3
2171,2025-09-19,ES,Android,ua_facebook,12,188.2,7
2172,01.09.2025,DE,ios,ua_google,5,94.5,2
2173,16.04.2026,MX,android,influencer,71,1654.0,29
2174,2026-05-13,BR,Android,ua_google,5,128.0,3
2175,2025-12-21,de,pc,ua_facebook,21,447.9,11
2176,2026-05-24,tr,pc,influencer,33,744.0,15
2177,2025-09-27,DE,android,cross_promo,2,21.2,4
2178,2026-01-15,BR,ios,organic,2,19.5,1
2179,2025-09-11,PL,pc,organic,30,543.2,18
2180,2026-05-12,IN,android,influencer,12,208.2,7
2181,2026-05-26,TR,android,organic,3,18.1,1
2182,2025-10-18,NaN,android,organic,170,3154.1,77
2183,2026-02-05,TR,android,ua_facebook,76,NaN,36
2184,11.06.2026,US,android,organic,16,273.6,9
2185,2026-02-20,US,pc,influencer,13,457.2,5
2186,2026-06-23,TR,android,influencer,1,18.8,2
2187,2026-06-25,de,PC,ua_facebook,7,129.1,3
2188,15.05.2026,US,android,influencer,11,270.6,3
2189,23.10.2025,PL,ANDROID,organic,3,-,3
2190,2025-12-26,US,IOS,ua_tiktok,178,3701.5,68
2191,29.03.2026,DE,android,influencer,12,190.4,6
2192,2026-05-30,NaN,pc,organic,4,90.4,2
2193,2025-12-19,IN,pc,ua_facebook,17,310.2,6
2194,2025-10-22,PL,IOS,organic,2,47.0,2
2195,2026-04-24,ES,ios,organic,14,321.6,9
2196,2025-10-29,FR,android,ua_facebook,15,238.6,6
2197,2026-05-09,DE,pc,ua_google,15,224.0,11
2198,2025-10-08,RU,android,ua_google,1,72.8,1
2199,2026-04-21,ES,android,ua_google,5,133.5,7
2200,2025-10-21,MX,pc,ua_tiktok,13,250.9,8
2201,28.03.2026,FR,android,influencer,5,108.3,5
2202,2025-10-28,BR,Android,ua_facebook,159,3349.0,88
2203,2025-11-24,TR,android,ua_facebook,65,1411.3,32
2204,2026-02-27,IN,android,ua_facebook,3,65.9,3
2205,2026-06-02,IN,ios,ua_facebook,17,240.1,11
2206,11.01.2026,NaN,pc,ua_facebook,1,48.1,2
2207,2025-12-18,FR,android,ua_tiktok,2,204.8,2
2208,2025-09-09,PL,pc,cross_promo,33,"722,7",16
2209,2026-06-08,US,pc,influencer,13,292.5,6
2210,2025-10-08,,pc,ua_facebook,142,2814.6,67
2211,17.03.2026,DE,pc,ua_google,2,15.7,2
2212,2025-10-28,IN,ios,ua_facebook,14,283.8,12
2213,27.11.2025,US,ios,ua_google,49,1066.6,30
2214,2026-01-25,BR,ios,cross_promo,10,145.6,6
2215,2026-04-27,IN,android,organic,2,19.5,2
2216,2025-10-28,ru,android,ua_google,3,87.1,2
2217,2025-09-26,RU,ios,ua_google,72,1504.2,44
2218,2025-09-22,RU,ios,influencer,1,15.0,3
2219,2025-11-01,DE,android,influencer,2,18.2,1
2220,2025-12-28,PL,ios,ua_facebook,1,36.8,1
2221,2025-10-17,FR,ios,ua_google,212,4742.2,95
2222,01.09.2025,US,android,ua_google,4,101.3,2
2223,2026-02-19,Russia,android,ua_google,4,54.7,4
2224,2025-10-07,PL,ios,cross_promo,74,1300.8,33
2225,2025-09-22,DE,pc,ua_facebook,5,384.9,5
2226,2026-01-03,RU,pc,ua_tiktok,3,87.6,4
2227,2025-09-15,TR,ios,ua_google,3,53.9,1
2228,2026-05-08,FR,PC,organic,38,839.9,16
2229,2026-01-21,Brazil,ios,cross_promo,8,166.6,3
2230,2025-10-20,PL,android,ua_tiktok,3,76.0,2
2231,2026-05-20,RU,ios,ua_google,25,426.1,17
2232,08.04.2026,MX,pc,influencer,5,108.3,5
2233,22.11.2025,de,ios,ua_google,5,125.8,3
2234,2026-02-14,RU,android,ua_tiktok,53,,41
2235,04.03.2026,US,ios,ua_google,1,11.8,2
2236,2025-10-26,BR,ios,ua_facebook,4,"34,5",3
2237,05.09.2025,BR,android,ua_tiktok,1,23.7,1
2238,2025-12-07,BR,ios,ua_facebook,3,76.9,2
2239,2026-06-30,DE,ios,ua_tiktok,2,14.0,2
2240,2025-10-02,MX,PC,ua_google,4,31.4,3
2241,2025-09-01,RU,ios,cross_promo,8,229.4,5
2242,2025-10-14,FR,Android,organic,39,727.3,18
2243,2026-04-23,DE,ios,ua_tiktok,5,78.1,3
2244,2025-12-22,ES,ios,influencer,52,"787,0",26
2245,2026-04-01,US,ios,ua_google,1,32.2,1
2246,2025-10-02,FR,android,cross_promo,1,17.0,1
2247,2025-09-11,н/д,android,cross_promo,2,-,1
2248,04.02.2026,DE,android,ua_tiktok,26,576.9,11
2249,2025-12-01,TR,android,ua_facebook,69,1176.8,37
2250,2026-04-03,BR,pc,ua_facebook,1,3.4,1
2251,2026-05-03,US,pc,influencer,29,505.3,20
2252,2025-12-28,BR,Android,ua_google,13,183.8,10
2253,2025-09-25,PL,pc,ua_tiktok,4,85.1,1
2254,2025-09-27,IN,android,ua_google,1,11.0,1
2255,2026-06-17,Turkey,android,ua_google,9,160.3,4
2256,2025-11-12,ru,android,ua_tiktok,6,72.7,4
2257,2025-12-10,MX,Android,organic,3,78.2,3
2258,2025-09-01,IN,pc,ua_facebook,10,145.9,8
2259,2026-04-12,Brazil,ios,organic,4,55.1,2
2260,2026-05-24,de,ios,ua_google,3,65.5,2
2261,19.05.2026,BR,IOS,ua_google,1,27.5,1
2262,2026-02-05,н/д,Android,ua_google,16,303.2,9
2263,25.02.2026,н/д,ios,organic,6,58.5,3
2264,2026-06-01,US,ios,organic,8,76.3,11
2265,2026-02-17,PL,IOS,ua_facebook,51,1107.8,20
2266,2026-05-19,RU,pc,ua_facebook,28,513.8,12
2267,2025-11-10,US,android,ua_facebook,4,77.4,4
2268,01.05.2026,US,pc,influencer,46,1301.1,20
2269,2025-10-29,PL,pc,ua_google,2,"13,4",1
2270,13.09.2025,RU,ios,ua_facebook,1,1.0,1
2271,11.10.2025,MX,pc,ua_google,1,8.2,2
2272,2025-11-07,BR,PC,cross_promo,1,9.2,3
2273,2026-02-13,PL,pc,ua_tiktok,1,22.2,1
2274,2025-11-15,PL,ios,ua_facebook,11,162.4,4
2275,14.09.2025,Brazil,Android,ua_facebook,28,732.7,19
2276,22.02.2026,BR,android,ua_facebook,1,-,2
2277,23.11.2025,,android,ua_facebook,2,80.8,2
2278,2026-01-29,DE,android,organic,2,52.1,3
2279,2026-04-02,RU,IOS,organic,5,85.4,2
2280,2026-05-27,PL,ios,ua_facebook,17,446.2,11
2281,2025-12-08,IN,android,organic,15,319.2,8
2282,2026-02-03,PL,pc,organic,15,260.6,9
2283,23.04.2026,BR,pc,cross_promo,21,427.0,16
2284,2026-03-22,FR,android,ua_facebook,17,,11
2285,2025-10-15,us,android,influencer,3,69.1,3
2286,26.10.2025,FR,ios,ua_google,202,3581.3,102
2287,2025-10-11,BR,ios,cross_promo,1,10.6,1
2288,25.09.2025,RU,android,ua_google,6,145.8,4
2289,09.01.2026,DE,android,ua_facebook,2,34.3,1
2290,2026-03-12,PL,ANDROID,ua_google,2,18.5,3
2291,2025-09-09,US,pc,ua_google,56,1105.5,24
2292,01.03.2026,US,iOS,ua_facebook,9,164.0,4
2293,2025-11-20,FR,android,influencer,2,14.5,1
2294,2025-11-07,Germany,pc,ua_google,23,484.1,18
2295,2025-12-31,US,ios,organic,26,569.1,18
2296,09.10.2025,FR,android,ua_google,1,24.5,2
2297,2025-10-06,TR,pc,ua_google,3,,3
2298,2025-09-15,FR,pc,influencer,1,13.8,1
2299,27.01.2026,MX,ios,ua_google,3,47.0,1
2300,2025-12-28,MX,ios,ua_facebook,1,6.7,1
2301,15.10.2025,ES,android,organic,1,7.8,2
2302,2025-12-31,BR,PC,ua_tiktok,3,104.8,3
2303,2026-04-02,RU,android,ua_tiktok,3,37.7,1
2304,2025-12-06,PL,pc,ua_facebook,2,41.6,2
2305,2026-03-30,MX,pc,ua_facebook,65,1211.3,31
2306,2026-06-16,ES,pc,ua_facebook,11,197.1,7
2307,2025-09-30,PL,android,ua_tiktok,3,35.3,3
2308,2025-10-12,DE,pc,ua_facebook,1,35.3,2
2309,08.02.2026,BR,Windows,ua_facebook,1,8.5,2
2310,2026-06-06,RU,ios,organic,23,423.1,12
2311,2026-03-02,MX,pc,ua_tiktok,3,58.9,1
2312,2025-11-23,DE,android,ua_tiktok,2,,1
2313,2025-10-22,BR,android,ua_facebook,1,61.9,3
2314,2025-12-20,GER,android,ua_tiktok,35,711.5,19
2315,2026-03-30,tr,pc,influencer,4,76.1,2
2316,2026-04-26,FR,pc,ua_google,3,22.8,3
2317,2026-05-02,de,android,ua_tiktok,58,1347.6,26
2318,2026-03-28,ru,PC,ua_tiktok,2,22.2,1
2319,08.09.2025,BR,ios,influencer,10,286.0,9
2320,2026-01-28,PL,android,influencer,2,25.6,2
2321,2026-05-28,br,pc,ua_google,3,82.0,2
2322,2026-03-16,MX,ios,ua_facebook,43,890.7,19
2323,17.05.2026,ES,android,ua_tiktok,14,,9
2324,21.03.2026,US,android,ua_facebook,47,713.9,22
2325,2025-11-15,IN,android,ua_facebook,3,73.4,2
2326,2025-09-13,DE,android,ua_google,3,NaN,2
2327,03.05.2026,BR,android,organic,1,4.6,2
2328,18.02.2026,ES,pc,influencer,55,1071.9,27
2329,2025-12-07,DE,pc,organic,1,11.4,1
2330,2025-12-11,Germany,iOS,ua_google,11,217.0,9
2331,2026-03-14,DE,iOS,ua_facebook,3,67.0,3
2332,2026-02-05,US,android,ua_google,2,30.2,3
2333,2025-12-23,RU,android,organic,1,27.2,1
2334,2025-09-02,RU,pc,ua_tiktok,6,137.9,4
2335,04.01.2026,us,ios,ua_facebook,1,8.1,1
2336,2026-01-06,BR,pc,ua_tiktok,2,28.9,3
2337,2025-10-21,de,android,ua_google,2,38.6,1
2338,2026-05-15,de,pc,ua_google,1,12.0,2
2339,2026-02-15,Brazil,android,cross_promo,17,493.0,10
2340,2025-12-28,IN,android,ua_tiktok,7,80.1,3
2341,2026-04-18,US,Android,influencer,3,49.0,2
2342,2025-12-06,PL,pc,ua_facebook,2,55.3,5
2343,08.09.2025,FR,android,organic,2,9.7,2
2344,25.01.2026,DE,ios,cross_promo,4,75.3,5
2345,2025-10-02,BR,ios,influencer,15,380.4,8
2346,2026-04-25,BR,Android,organic,3,57.3,1
2347,2026-01-03,ES,android,influencer,19,323.7,13
2348,2025-09-01,MX,pc,ua_tiktok,8,86.2,5
2349,2025-09-29,DE,Android,ua_facebook,21,353.1,6
2350,2025-10-16,PL,pc,organic,8,166.4,4
2351,2025-11-16,ES,Android,ua_facebook,2,6.5,2
2352,25.01.2026,PL,Android,ua_facebook,5,98.2,1
2353,11.06.2026,US,Android,ua_google,20,650.5,9
2354,2026-04-11,TR,android,ua_facebook,4,52.3,1
2355,2025-11-10,PL,pc,ua_facebook,56,1111.7,27
2356,2026-04-21,MX,ANDROID,ua_google,50,1175.3,28
2357,2025-10-04,US,PC,organic,4,129.0,2
2358,2026-06-10,BR,android,organic,5,82.0,5
2359,2025-10-17,IN,pc,ua_facebook,2,28.8,1
2360,2025-09-11,Brazil,android,ua_google,17,395.9,9
2361,2025-10-03,-,pc,influencer,1,н/д,1
2362,2026-01-19,TR,ios,ua_tiktok,1,10.1,1
2363,2026-05-30,DE,pc,ua_facebook,2,11.8,1
2364,06.03.2026,PL,android,organic,3,NaN,1
2365,20.02.2026,ES,pc,cross_promo,3,63.3,3
2366,2026-05-12,DE,ios,organic,2,23.4,2
2367,2026-06-13,RU,pc,ua_google,17,299.1,9
2368,2026-06-14,RU,android,organic,20,н/д,11
2369,2026-06-24,FR,android,influencer,2,31.7,2
2370,2026-06-24,IN,ios,ua_facebook,3,23.9,2
2371,2025-09-14,FR,Android,ua_tiktok,11,"138,9",9
2372,2025-09-13,NaN,ios,ua_facebook,9,222.1,4
2373,2025-09-29,,ios,cross_promo,2,-32.5,1
2374,2026-01-24,ES,ANDROID,ua_facebook,1,8.8,1
2375,2025-10-24,US,android,ua_facebook,5,101.4,3
2376,2026-04-22,IN,ios,ua_tiktok,20,314.6,4
2377,2025-10-06,PL,android,ua_google,5,86.1,1
2378,2025-09-26,BR,iOS,ua_tiktok,48,1230.6,32
2379,10.03.2026,BR,ios,organic,91,1960.0,45
2380,2026-01-08,MX,ios,ua_google,1,15.7,2
2381,05.11.2025,FR,pc,organic,3,25.8,2
2382,2026-06-02,DE,android,ua_google,21,394.7,13
2383,15.12.2025,US,ios,organic,22,592.3,12
2384,2025-10-05,,pc,organic,2,35.5,2
2385,2025-12-21,IN,android,ua_facebook,3,96.6,5
2386,2026-01-25,Brazil,android,cross_promo,1,13.1,1
2387,2025-10-06,DE,android,ua_facebook,4,105.0,4
2388,20.05.2026,IN,android,organic,2,21.7,3
2389,15.01.2026,DE,ios,ua_google,95,1782.1,53
2390,2025-11-25,,ios,ua_google,3,46.1,1
2391,2026-01-21,ES,ios,ua_google,22,443.9,15
2392,2026-02-05,ES,android,organic,71,1415.3,39
2393,2025-09-19,RU,Android,ua_facebook,63,1514.1,32
2394,2025-10-08,FR,Windows,organic,5,112.8,1
2395,2025-12-20,,ios,organic,2,143.0,2
2396,2026-01-27,RU,Windows,ua_tiktok,1,8.1,1
2397,2026-05-29,PL,ios,organic,21,-,11
2398,2026-06-01,BR,ANDROID,ua_facebook,15,249.4,7
2399,14.09.2025,ru,android,ua_google,9,211.5,6
2400,13.09.2025,IN,ios,organic,1,19.7,1
2401,2025-12-09,US,ANDROID,organic,2,38.5,2
2402,2026-06-19,null,pc,ua_tiktok,8,182.9,7
2403,2026-01-03,RU,android,ua_facebook,17,353.4,14
2404,01.05.2026,IN,android,ua_facebook,2,34.6,1
2405,01.06.2026,PL,ios,ua_tiktok,5,70.4,4
2406,2025-09-04,PL,ios,ua_facebook,81,1782.7,39
2407,2026-01-08,DE,android,ua_tiktok,3,"57,3",3
2408,2025-11-14,RU,ios,organic,6,112.3,5
2409,17.11.2025,Turkey,ios,ua_facebook,10,164.7,7
2410,2025-09-18,BR,android,ua_google,2,47.0,2
2411,2026-02-28,RU,android,ua_facebook,1,9.7,1
2412,09.10.2025,US,android,cross_promo,1,3.4,1
2413,2025-10-31,TR,pc,organic,11,192.6,10
2414,2026-01-21,BR,ios,ua_facebook,64,1070.7,34
2415,2025-11-10,TR,ios,cross_promo,55,1269.3,28
2416,2026-04-21,TR,Android,ua_facebook,2,10.8,1
2417,2026-05-06,DE,pc,ua_google,9,199.2,2
2418,2026-04-06,FR,ios,ua_google,9,155.6,5
2419,18.05.2026,US,android,ua_facebook,39,787.3,19
2420,2025-11-02,TR,iOS,ua_facebook,1,9.1,1
2421,13.04.2026,BR,pc,ua_facebook,80,1757.1,39
2422,11.02.2026,PL,pc,ua_google,8,154.8,2
2423,2025-12-07,BR,IOS,ua_facebook,1,23.1,1
2424,2025-10-05,ES,android,organic,2,36.6,1
2425,2025-12-27,FR,android,organic,192,4277.7,91
2426,2026-04-05,DE,pc,ua_facebook,1,"4,7",1
2427,2026-01-29,FR,android,influencer,4,42.9,1
2428,2025-09-03,FR,iOS,cross_promo,2,22.4,2
2429,2025-11-19,MX,ios,ua_google,1,-,2
2430,09.03.2026,BR,pc,ua_google,1,16.1,1
2431,2025-09-16,BR,android,ua_facebook,2,31.6,2
2432,01.10.2025,US,android,ua_facebook,1,24.9,1
2433,2025-12-25,DE,Android,cross_promo,2,19.9,3
2434,2026-04-27,BR,pc,ua_tiktok,1,"34,5",3
2435,2025-09-06,BR,ios,ua_google,1,12.5,1
2436,2025-12-25,DE,android,ua_tiktok,17,378.3,7
2437,2025-11-25,US,ios,ua_facebook,4,38.4,2
2438,2025-09-17,DE,android,organic,43,1047.4,23
2439,2026-03-30,US,pc,ua_google,43,834.9,20
2440,2025-09-04,US,android,ua_google,3,,1
2441,2026-03-29,US,android,ua_google,14,259.6,11
2442,2026-01-16,us,ios,ua_tiktok,6,226.1,5
2443,2026-02-28,ES,android,cross_promo,2,71.2,1
2444,2026-02-18,de,pc,organic,16,281.8,8
2445,10.04.2026,US,android,organic,4,"131,3",2
2446,2025-11-03,TR,ANDROID,ua_google,21,343.1,10
2447,23.01.2026,TR,ios,ua_tiktok,98,1763.9,55
2448,20.10.2025,TR,pc,ua_facebook,3,119.6,2
2449,2025-11-14,NaN,ios,ua_google,32,420.0,19
2450,08.05.2026,DE,pc,ua_facebook,15,248.3,8
2451,12.12.2025,DE,android,ua_facebook,1,59.8,1
2452,2026-05-12,br,iOS,ua_facebook,2,16.1,5
2453,2025-10-06,DE,android,ua_facebook,89,1620.5,41
2454,2025-10-18,PL,pc,ua_facebook,25,396.6,11
2455,2026-04-15,DE,pc,ua_google,89,н/д,39
2456,2025-09-17,PL,ios,influencer,2,,3
2457,2026-04-11,DE,pc,ua_google,24,630.8,11
2458,01.09.2025,US,android,cross_promo,1,48.2,1
2459,2026-02-18,BR,ios,cross_promo,6,133.1,1
2460,2025-10-01,IN,pc,ua_google,2,8.9,2
2461,2026-05-10,us,ios,cross_promo,5,99.9,2
2462,2025-10-09,PL,ios,influencer,1,19.9,1
2463,2026-06-17,US,ios,cross_promo,20,373.3,12
2464,2026-02-19,BR,ANDROID,ua_facebook,2,41.4,2
2465,2025-09-30,PL,ios,cross_promo,20,402.1,11
2466,07.09.2025,RU,android,ua_google,89,1672.2,38
2467,2026-01-08,TR,pc,ua_tiktok,16,174.4,8
2468,2025-10-30,RU,android,ua_facebook,129,2603.5,64
2469,2026-05-22,ru,pc,ua_tiktok,3,37.1,1
2470,2025-09-29,IN,PC,ua_google,2,29.0,2
2471,2026-05-16,TR,ios,ua_google,1,16.5,1
2472,2026-05-10,MX,android,cross_promo,1,49.5,2
2473,12.02.2026,US,IOS,ua_google,10,153.5,6
2474,2026-01-21,US,android,cross_promo,15,447.8,8
2475,2025-10-05,US,android,ua_facebook,4,62.8,3
2476,28.01.2026,ES,PC,ua_facebook,2,29.9,1
2477,2026-02-18,ES,Android,ua_tiktok,24,472.2,9
2478,2026-04-11,TR,pc,ua_google,1,46.2,2
2479,2025-09-30,ES,IOS,ua_facebook,3,30.8,3
2480,2025-11-11,tr,android,ua_google,16,227.1,11
2481,2025-11-09,MX,android,organic,56,1037.0,27
2482,2025-11-07,PL,ios,organic,17,373.2,10
2483,2026-06-22,BR,pc,influencer,11,253.9,8
2484,2025-11-04,FR,ios,organic,202,4045.0,89
2485,2025-09-18,BR,pc,cross_promo,72,1304.2,35
2486,10.09.2025,FR,android,ua_facebook,1,2.7,2
2487,07.11.2025,FR,ANDROID,ua_google,22,"366,2",16
2488,2025-10-18,FR,pc,ua_google,49,938.2,19
2489,2025-09-02,DE,pc,ua_tiktok,1,41.7,1
2490,2025-10-16,BR,ios,ua_facebook,3,100.2,4
2491,2026-01-07,RU,android,ua_google,17,221.0,7
2492,2026-02-02,BR,android,organic,1,11.5,1
2493,2025-09-18,RU,Windows,organic,1,6.8,1
2494,2025-09-24,DE,ios,ua_tiktok,13,225.0,8
2495,2026-01-08,US,Windows,ua_tiktok,3,56.4,1
2496,01.11.2025,BR,ANDROID,influencer,148,"3616,0",77
2497,2026-01-02,de,android,organic,1,15.7,2
2498,2026-02-15,PL,android,influencer,1,69.5,1
2499,01.04.2026,ES,ios,ua_google,2,41.7,3
2500,2026-01-09,FR,ios,ua_facebook,16,306.2,8
2501,2025-12-10,PL,android,influencer,14,229.0,9
2502,13.03.2026,TR,android,ua_tiktok,122,2715.0,61
2503,13.03.2026,ru,android,organic,37,734.5,20
2504,2026-02-11,MX,android,ua_facebook,23,471.0,10
2505,2025-10-20,PL,android,organic,28,644.6,13
2506,2025-10-19,RU,Windows,ua_facebook,2,82.4,1
2507,2025-09-14,PL,android,influencer,2,"75,2",1
2508,2026-02-13,PL,android,organic,2,77.0,1
2509,09.12.2025,MX,pc,ua_google,12,135.3,6
2510,02.05.2026,DE,android,organic,2,22.7,5
2511,2025-12-03,FR,android,ua_facebook,12,437.9,7
2512,24.03.2026,FR,android,ua_facebook,57,1172.2,23
2513,2026-02-24,US,Android,ua_google,4,,5
2514,01.04.2026,MX,android,ua_facebook,94,2029.5,49
2515,2026-02-05,RU,pc,ua_facebook,7,87.7,4
2516,2026-06-02,IN,Android,ua_facebook,3,42.9,2
2517,03.10.2025,PL,ios,cross_promo,2,20.8,2
2518,01.09.2025,TR,iOS,influencer,32,744.5,22
2519,2025-10-11,RU,android,ua_facebook,2,22.2,2
2520,2025-09-07,ES,pc,ua_google,2,35.9,3
2521,01.09.2025,н/д,Android,cross_promo,1,112.8,1
2522,2026-05-03,PL,android,organic,39,826.1,19
2523,2025-12-09,US,ios,ua_google,1,20.3,3
2524,2025-11-14,US,pc,ua_tiktok,61,1237.4,35
2525,01.09.2025,DE,ios,organic,4,75.0,2
2526,2026-05-31,BR,android,ua_facebook,7,241.5,4
2527,2026-03-10,IN,iOS,organic,4,46.5,2
2528,2025-10-20,IN,PC,ua_facebook,154,3067.3,67
2529,2025-10-08,DE,ios,organic,26,505.7,15
2530,01.11.2025,ES,ANDROID,ua_facebook,55,1022.4,21
2531,2025-12-15,US,Windows,ua_facebook,12,207.2,6
2532,06.04.2026,us,pc,ua_tiktok,1,6.0,1
2533,2025-10-25,TR,ios,influencer,5,102.7,6
2534,2026-06-24,ES,android,ua_facebook,3,57.6,5
2535,2025-12-15,US,pc,ua_google,25,341.2,11
2536,2026-05-10,ES,pc,influencer,72,1677.4,49
2537,14.09.2025,RU,android,organic,57,1258.0,37
2538,2025-12-25,MX,Windows,ua_tiktok,29,550.6,13
2539,2025-09-02,BR,pc,organic,83,1759.7,42
2540,2026-01-02,null,PC,ua_facebook,15,296.5,7
2541,2026-04-25,ES,android,ua_tiktok,11,223.6,4
2542,2026-03-13,PL,ios,ua_tiktok,13,359.8,10
2543,2025-11-13,DE,Android,ua_facebook,4,79.3,3
2544,2026-04-08,BR,android,ua_google,1,4.7,3
2545,2026-01-09,NaN,ANDROID,ua_google,3,21.6,2
2546,2026-01-29,IN,android,organic,23,347.1,6
2547,2026-04-22,PL,PC,influencer,13,309.6,6
2548,2026-06-23,null,ios,ua_facebook,12,176.7,6
2549,2025-11-06,US,android,ua_tiktok,2,83.8,2
2550,2025-10-29,TR,pc,ua_facebook,11,null,5
2551,24.02.2026,US,ios,ua_facebook,1,"24,9",3
2552,2026-03-05,PL,ANDROID,ua_google,1,19.4,2
2553,2026-01-11,DE,Windows,influencer,4,55.1,2
2554,2025-11-17,DE,android,organic,2,65.6,2
2555,13.11.2025,PL,ios,ua_tiktok,79,1519.2,40
2556,2025-09-08,DE,Android,cross_promo,5,"95,3",3
2557,2025-12-28,DE,ios,organic,21,541.6,7
2558,08.06.2026,,android,organic,9,125.1,6
2559,21.01.2026,US,pc,ua_google,6,157.0,4
2560,19.10.2025,US,ios,ua_google,2,28.6,1
2561,01.11.2025,IN,pc,ua_facebook,13,386.4,4
2562,2026-01-27,RU,android,influencer,3,32.7,4
2563,2025-10-04,,Android,influencer,2,28.9,1
2564,2025-11-11,FR,android,organic,1,15.8,1
2565,2026-01-26,GER,pc,ua_google,93,1715.0,54
2566,21.04.2026,DE,android,ua_facebook,81,1623.2,34
2567,2025-12-04,US,android,organic,1,10.0,1
2568,2025-12-01,IN,android,cross_promo,8,139.2,5
2569,2026-05-04,DE,ios,ua_tiktok,2,,2
2570,2025-10-11,null,pc,ua_facebook,16,245.1,6
2571,2026-05-07,NaN,PC,ua_tiktok,3,51.0,2
2572,2026-05-23,ES,pc,ua_tiktok,1,14.7,2
2573,2026-04-17,US,android,ua_google,7,150.5,8
2574,2025-10-08,MX,android,cross_promo,2,32.3,2
2575,2025-09-07,PL,pc,organic,108,2317.2,44
2576,09.09.2025,Turkey,android,ua_facebook,1,10.1,1
2577,2026-01-18,RU,ANDROID,ua_facebook,1,13.1,1
2578,2026-04-25,IN,ios,cross_promo,1,5.7,3
2579,07.02.2026,BR,ANDROID,ua_google,41,989.6,23
2580,2025-12-03,GER,iOS,cross_promo,2,20.8,1
2581,2025-11-29,MX,Windows,ua_google,4,125.8,5
2582,2025-09-23,FR,android,ua_google,291,6037.9,148
2583,13.11.2025,ES,ios,ua_google,5,96.2,2
2584,2025-12-08,IN,Android,ua_tiktok,2,"38,4",2
2585,2025-11-21,TR,ios,cross_promo,118,2337.0,63
2586,2026-02-16,MX,ios,ua_google,89,1903.5,29
2587,2025-12-11,PL,Android,cross_promo,1,21.0,1
2588,15.09.2025,FR,Android,influencer,1,17.0,1
2589,2026-06-06,DE,android,ua_facebook,9,281.2,7
2590,2026-04-12,DE,pc,organic,1,22.0,1
2591,2025-10-02,RU,android,ua_facebook,3,51.3,3
2592,2026-02-10,DE,android,ua_google,1,11.7,3
2593,29.03.2026,Brazil,Android,ua_google,1,38.1,1
2594,2025-10-31,PL,PC,ua_google,137,2864.8,64
2595,02.02.2026,PL,pc,ua_tiktok,18,314.0,9
2596,2026-03-22,US,ios,ua_tiktok,6,69.8,2
2597,2026-02-05,BR,pc,ua_google,27,677.2,13
2598,09.02.2026,de,iOS,ua_facebook,3,38.9,2
2599,2026-06-22,BR,android,ua_facebook,12,271.9,6
2600,2026-03-18,TR,pc,influencer,132,2587.7,56
2601,2025-09-05,,pc,ua_facebook,3,106.2,1
2602,2026-03-20,RU,android,ua_google,69,1289.7,34
2603,2026-06-29,DE,pc,organic,1,13.4,1
2604,2026-05-16,ES,pc,cross_promo,12,205.4,4
2605,2026-01-27,US,ios,ua_google,1,8.6,1
2606,24.09.2025,US,ios,ua_facebook,49,1066.6,29
2607,09.01.2026,BR,android,ua_google,16,309.1,7
2608,15.09.2025,TR,android,ua_facebook,7,180.0,3
2609,2026-03-27,US,pc,ua_facebook,3,21.0,2
2610,2026-03-25,TR,android,cross_promo,5,226.8,4
2611,28.06.2026,US,pc,ua_google,1,77.0,2
2612,2025-09-04,IN,PC,ua_facebook,14,262.3,5
2613,2026-01-25,DE,IOS,influencer,20,578.8,11
2614,2026-04-25,TR,android,organic,2,14.1,1
2615,2026-03-19,IN,pc,ua_facebook,80,1448.4,42
2616,2025-11-03,PL,android,organic,25,,8
2617,2026-05-04,RU,ios,ua_tiktok,13,169.1,7
2618,07.01.2026,Germany,android,cross_promo,33,645.8,21
2619,2026-03-25,TR,android,ua_facebook,1,8.7,2
2620,2025-10-06,FR,ios,ua_facebook,1,4.8,1
2621,10.01.2026,ES,Android,influencer,2,70.6,2
2622,2026-01-13,ES,Android,influencer,6,91.2,4
2623,2025-12-07,MX,Android,ua_facebook,1,"19,0",2
2624,2025-11-10,PL,android,ua_facebook,3,,1
2625,2026-03-28,RU,ios,ua_google,4,null,2
2626,2025-12-06,,android,ua_google,80,1743.4,43
2627,2025-12-17,,ios,ua_facebook,1,79.5,1
2628,2025-09-14,н/д,pc,ua_tiktok,8,251.5,3
2629,12.04.2026,ES,pc,ua_google,4,66.2,2
2630,2026-06-05,Brazil,pc,ua_facebook,1,48.9,2
2631,2025-09-28,MX,PC,ua_facebook,4,52.3,3
2632,2026-05-27,TR,android,organic,1,42.9,1
2633,2025-09-01,RU,android,ua_facebook,4,61.1,2
2634,30.12.2025,US,pc,organic,1,8.7,2
2635,2025-12-03,ES,ios,ua_google,5,104.5,1
2636,29.09.2025,TR,android,cross_promo,3,31.5,4
2637,08.05.2026,TR,Android,influencer,3,-,3
2638,2025-10-24,TR,android,ua_google,1,83.1,1
2639,2025-12-07,IN,android,ua_google,1,19.3,1
2640,2026-02-28,BR,iOS,ua_google,129,2725.9,68
2641,2026-01-07,tr,ios,organic,18,350.5,11
2642,2026-02-19,PL,android,ua_google,60,1348.9,31
2643,06.10.2025,PL,pc,cross_promo,6,85.3,4
2644,19.09.2025,ES,pc,ua_google,2,8.1,4
2645,2026-03-21,BR,android,ua_tiktok,62,-1064.7,20
2646,2026-05-31,FR,ios,ua_facebook,1,9.4,3
2647,2025-10-04,BR,ios,ua_facebook,1,3.7,2
2648,2026-03-25,US,ios,ua_facebook,8,113.9,6
2649,2025-09-18,ES,pc,influencer,1,16.9,1
2650,2026-01-06,GER,ios,influencer,2,37.3,2
2651,2025-10-27,GER,android,ua_tiktok,2,-,1
2652,2025-09-06,FR,android,ua_tiktok,2,18.3,2
2653,2026-03-12,GER,android,organic,1,10.5,2
2654,2026-05-31,PL,pc,cross_promo,1,9.4,2
2655,2025-09-20,DE,Windows,ua_tiktok,28,343.4,7
2656,2026-04-03,FR,ios,ua_facebook,3,33.2,1
2657,2025-09-10,USA,android,influencer,10,116.6,6
2658,2025-10-06,RU,pc,influencer,2,13.2,2
2659,03.12.2025,de,android,ua_tiktok,2,15.6,1
2660,08.10.2025,IN,android,organic,4,88.8,3
2661,2025-09-17,DE,pc,ua_google,19,253.8,7
2662,2025-09-02,TR,pc,ua_tiktok,37,1007.3,14
2663,2025-09-30,FR,android,ua_tiktok,80,1734.2,33
2664,25.10.2025,IN,ios,organic,41,822.1,21
2665,04.10.2025,TR,android,cross_promo,4,195.0,2
2666,24.03.2026,US,android,ua_google,3,35.2,5
2667,12.02.2026,BR,PC,ua_tiktok,83,1368.3,33
2668,20.12.2025,DE,android,ua_google,2,53.6,2
2669,30.12.2025,PL,android,cross_promo,150,3059.9,59
2670,08.02.2026,FR,ios,ua_facebook,1,10.0,2
2671,2026-01-07,IN,ios,ua_facebook,157,н/д,81
2672,2025-10-22,Russia,PC,ua_google,13,139.8,6
2673,2025-09-13,BR,IOS,ua_tiktok,111,1937.8,55
2674,2026-06-05,US,PC,ua_tiktok,3,24.1,2
2675,16.02.2026,Brazil,IOS,ua_facebook,1,,2
2676,2026-04-29,TR,pc,organic,52,1296.6,33
2677,2026-01-09,DE,IOS,ua_facebook,7,83.1,3
2678,2025-12-12,US,ios,ua_tiktok,3,48.5,1
2679,2026-01-11,de,ios,ua_tiktok,2,19.6,1
2680,2025-12-03,FR,pc,ua_facebook,12,271.5,8
2681,15.06.2026,DE,iOS,ua_tiktok,1,21.6,1
2682,2025-10-10,US,pc,cross_promo,221,4258.2,97
2683,16.12.2025,PL,android,ua_facebook,1,11.1,1
2684,19.06.2026,FR,pc,ua_google,7,65.1,5
2685,18.11.2025,MX,android,ua_facebook,4,,1
2686,2026-03-11,GER,android,ua_facebook,22,573.0,10
2687,13.11.2025,FR,android,organic,1,11.9,1
2688,22.10.2025,Turkey,pc,influencer,24,,17
2689,2025-12-28,DE,pc,organic,2,25.1,1
2690,2025-11-30,TR,pc,ua_facebook,28,626.5,12
2691,2025-12-21,PL,ios,ua_tiktok,19,276.6,12
2692,2026-06-21,н/д,Android,influencer,2,17.9,1
2693,2026-04-01,MX,android,influencer,2,38.7,2
2694,2026-01-05,PL,android,cross_promo,21,410.9,3
2695,09.10.2025,US,IOS,ua_facebook,1,15.4,1
2696,11.10.2025,PL,Android,ua_facebook,3,30.8,1
2697,2026-02-10,ES,android,ua_facebook,8,88.7,6
2698,2026-03-27,FR,pc,organic,23,394.7,11
2699,24.04.2026,,android,influencer,4,110.9,3
2700,2026-05-22,US,pc,influencer,9,336.4,7
2701,2025-12-11,IN,android,influencer,1,16.9,2
2702,28.05.2026,RU,IOS,ua_tiktok,1,9.6,2
2703,2026-02-27,PL,android,influencer,4,82.3,3
2704,2026-04-17,IN,android,ua_google,1,26.4,1
2705,2026-03-23,PL,android,ua_facebook,3,38.4,3
2706,03.12.2025,IN,ios,ua_facebook,55,1019.1,26
2707,2025-11-05,FR,android,organic,2,63.5,2
2708,2025-11-12,FR,pc,ua_google,1,18.1,1
2709,2025-10-04,USA,pc,organic,8,172.6,7
2710,29.10.2025,FR,android,ua_facebook,13,170.0,12
2711,17.11.2025,RU,android,organic,3,59.1,2
2712,2025-10-01,TR,android,influencer,28,632.8,18
2713,2026-01-06,MX,ios,organic,2,39.0,2
2714,04.09.2025,BR,Android,ua_facebook,22,505.3,10
2715,21.11.2025,US,android,ua_google,4,"208,6",4
2716,2025-09-25,US,IOS,organic,1,-2.9,1
2717,2026-06-01,US,Android,organic,23,594.8,16
2718,2025-10-18,BR,pc,organic,33,668.3,14
2719,03.12.2025,US,ios,ua_tiktok,60,1206.9,31
2720,13.11.2025,ES,pc,ua_tiktok,2,24.8,2
2721,2026-05-30,US,pc,ua_facebook,3,64.6,3
2722,2026-04-25,DE,android,ua_facebook,47,938.8,18
2723,2026-03-03,FR,ios,ua_google,4,84.8,4
2724,2026-03-13,ES,Android,ua_tiktok,3,"44,8",2
2725,2026-01-06,-,iOS,ua_facebook,2,58.7,1
2726,2025-11-29,,iOS,ua_tiktok,171,4098.2,100
2727,2026-03-06,PL,pc,ua_google,1,18.7,1
2728,2025-09-01,DE,ANDROID,organic,13,325.6,6
2729,23.02.2026,FR,pc,cross_promo,10,152.0,2
2730,2025-12-29,DE,ios,ua_google,3,null,3
2731,31.01.2026,US,android,influencer,21,"454,5",8
2732,2025-10-24,PL,android,ua_tiktok,248,4844.8,101
2733,2025-10-24,RU,android,organic,12,214.9,6
2734,2025-09-13,TR,Windows,ua_facebook,3,51.1,3
2735,2025-11-17,BR,pc,ua_facebook,3,57.9,3
2736,2026-04-17,DE,ANDROID,ua_google,43,991.6,24
2737,2025-12-18,PL,android,ua_facebook,7,269.5,2
2738,2025-12-11,TR,android,ua_google,285,5863.9,125
2739,25.12.2025,RU,ios,organic,8,162.1,4
2740,2026-06-22,PL,android,organic,3,,2
2741,2026-06-04,DE,ios,ua_tiktok,3,47.0,2
2742,2026-06-26,RU,android,ua_tiktok,4,97.5,2
2743,2026-06-24,BR,iOS,ua_google,14,250.2,2
2744,2026-03-21,br,android,organic,88,1706.5,38
2745,2026-01-06,PL,ios,influencer,8,201.4,5
2746,27.10.2025,US,pc,ua_facebook,1,,1
2747,25.02.2026,ES,ios,organic,10,210.5,6
2748,2025-12-10,DE,android,cross_promo,113,2426.6,57
2749,14.02.2026,BR,ANDROID,organic,2,66.9,2
2750,2026-01-13,BR,ios,ua_facebook,2,н/д,2
2751,2026-02-04,FR,android,ua_google,18,403.0,14
2752,12.11.2025,FR,pc,ua_google,2,22.0,2
2753,2026-06-18,US,ANDROID,organic,16,200.9,7
2754,2025-09-08,PL,IOS,ua_facebook,57,1256.3,31
2755,2026-01-23,TR,ANDROID,ua_google,4,242.3,4
2756,2025-09-08,DE,android,organic,1,19.1,1
2757,2026-04-25,IN,ANDROID,cross_promo,26,645.6,12
2758,2025-09-25,USA,android,organic,101,NaN,47
2759,2025-10-14,GER,pc,ua_google,1,19.0,1
2760,2026-03-11,,ios,ua_google,18,253.0,15
2761,2025-10-16,PL,pc,influencer,45,997.4,20
2762,2026-02-23,ES,ANDROID,organic,6,120.9,8
2763,2025-09-11,ES,ios,ua_google,199,4198.5,95
2764,2026-03-12,DE,ANDROID,ua_google,106,1861.0,38
2765,2026-02-17,US,ios,ua_google,3,35.0,2
2766,28.09.2025,US,android,ua_google,73,1536.5,26
2767,2025-11-17,FR,ios,organic,91,1681.8,39
2768,12.09.2025,DE,android,ua_facebook,1,6.5,2
2769,2025-09-26,TR,pc,ua_facebook,54,1207.1,30
2770,2026-02-04,RU,android,cross_promo,1,5.8,1
2771,16.04.2026,FR,android,ua_facebook,3,47.5,1
2772,2025-10-06,ES,android,cross_promo,1,32.8,1
2773,12.11.2025,RU,android,ua_tiktok,3,34.5,3
2774,2026-06-19,US,pc,ua_google,14,290.5,8
2775,2025-12-12,DE,IOS,ua_tiktok,2,17.7,4
2776,2026-05-16,DE,android,ua_google,49,924.6,22
2777,05.10.2025,US,android,influencer,22,415.7,10
2778,2025-09-28,MX,pc,ua_facebook,2,"46,4",1
2779,2026-03-12,DE,pc,organic,3,43.4,3
2780,2025-10-15,BR,pc,ua_facebook,1,7.2,1
2781,16.10.2025,US,Android,organic,5,74.3,5
2782,2026-01-16,MX,android,organic,8,199.5,4
2783,2025-10-29,PL,android,organic,1,38.4,1
2784,2026-05-26,IN,ios,ua_google,3,null,3
2785,2025-11-29,PL,ios,organic,11,173.3,6
2786,2025-12-24,DE,ANDROID,ua_facebook,12,null,4
2787,2026-02-06,US,ios,ua_tiktok,5,143.4,3
2788,2026-05-13,TR,android,ua_google,11,199.3,7
2789,2026-06-04,н/д,ios,cross_promo,1,7.1,1
2790,20.09.2025,US,android,influencer,11,212.6,7
2791,2026-05-07,DE,PC,organic,4,125.8,3
2792,2026-05-21,ES,IOS,ua_google,6,125.2,4
2793,2026-02-13,PL,pc,cross_promo,4,37.3,1
2794,2025-11-03,ES,pc,ua_tiktok,1,21.0,1
2795,08.12.2025,BR,PC,organic,1,16.7,1
2796,19.03.2026,US,Android,influencer,4,60.6,3
2797,27.02.2026,RU,pc,ua_facebook,4,75.0,3
2798,2026-04-08,RU,ios,ua_google,11,336.8,2
2799,2026-02-14,TR,ios,ua_facebook,43,962.3,22
2800,14.10.2025,DE,android,ua_facebook,45,989.4,19
2801,2026-03-16,DE,pc,cross_promo,6,89.9,4
2802,2026-05-21,Germany,android,influencer,8,178.7,6
2803,2026-03-06,ES,android,ua_facebook,3,64.6,2
2804,2026-03-27,RU,ios,ua_facebook,19,346.3,8
2805,2025-12-15,Germany,pc,ua_facebook,66,1111.9,31
2806,2025-10-02,DE,android,ua_tiktok,14,221.7,9
2807,2026-06-20,RU,Windows,ua_google,5,66.1,3
2808,2026-05-17,RU,android,ua_facebook,14,261.9,9
2809,27.01.2026,PL,android,influencer,1,7.4,1
2810,2025-12-31,FR,ios,ua_facebook,13,234.4,10
2811,2026-04-25,DE,android,organic,9,167.7,2
2812,18.06.2026,TR,PC,ua_facebook,10,278.0,8
2813,2025-12-26,PL,android,ua_facebook,2,18.9,2
2814,2025-11-23,PL,iOS,ua_tiktok,3,95.5,4
2815,2026-04-30,US,android,ua_google,5,53.7,3
2816,2025-12-03,MX,pc,organic,18,439.2,10
2817,2025-12-08,US,android,influencer,12,178.4,7
2818,2026-01-18,GER,ios,ua_google,14,208.3,6
2819,2025-09-01,BR,pc,ua_facebook,1,9.8,2
2820,2025-12-15,tr,ios,organic,8,217.0,6
2821,2026-05-28,US,pc,ua_tiktok,12,238.8,7
2822,04.03.2026,US,Windows,cross_promo,4,,4
2823,12.11.2025,PL,pc,ua_google,1,11.0,2
2824,2026-02-09,BR,android,ua_google,25,576.0,12
2825,2025-12-08,US,pc,organic,20,605.0,10
2826,2025-10-25,BR,android,ua_tiktok,202,3942.9,106
2827,2026-05-01,TR,android,ua_facebook,1,10.8,1
2828,20.04.2026,IN,ios,ua_facebook,1,77.4,1
2829,2025-10-22,US,ios,ua_facebook,1,29.1,2
2830,2026-01-28,ES,ios,ua_tiktok,1,2.8,1
2831,2026-03-05,IN,android,organic,9,240.1,4
2832,2025-10-11,PL,android,ua_facebook,1,5.1,1
2833,2026-01-17,TR,android,cross_promo,4,77.4,1
2834,2025-10-31,ES,android,influencer,2,24.8,2
2835,2025-11-10,USA,pc,influencer,11,287.1,10
2836,2025-12-16,PL,iOS,ua_google,6,110.8,2
2837,2026-05-29,TR,pc,influencer,8,337.0,9
2838,16.11.2025,DE,android,ua_facebook,1,46.9,1
2839,2026-03-13,DE,PC,ua_facebook,2,19.3,3
2840,14.05.2026,US,ios,ua_facebook,11,193.7,4
2841,2026-01-25,BR,ios,ua_tiktok,4,78.2,5
2842,2026-04-26,ES,pc,cross_promo,1,"15,7",1
2843,2026-02-12,MX,ios,influencer,90,,40
2844,2026-05-24,Turkey,ios,ua_facebook,2,30.0,3
2845,2025-11-12,USA,android,organic,1,22.9,2
2846,2026-06-06,BR,android,organic,4,51.5,6
2847,2025-10-09,ES,ANDROID,ua_google,37,621.1,16
2848,2025-09-06,FR,android,ua_facebook,73,1498.1,37
2849,19.12.2025,TR,Windows,organic,1,8.1,1
2850,2025-09-05,BR,ios,organic,1,9.0,2
2851,2026-01-17,ES,ios,ua_tiktok,4,91.4,2
2852,2025-09-27,Turkey,Android,influencer,1,3.5,1
2853,2026-05-16,IN,Android,ua_facebook,3,"66,6",4
2854,2025-12-01,ES,ios,ua_facebook,11,189.0,8
2855,05.03.2026,br,android,ua_google,6,74.4,3
2856,2025-10-28,TR,android,organic,4,61.1,3
2857,2025-11-16,BR,ios,ua_google,102,2081.3,47
2858,2025-10-04,DE,ios,ua_google,12,218.8,10
2859,2025-11-01,IN,ANDROID,ua_google,5,186.0,2
2860,2025-10-16,PL,android,organic,152,3196.4,71
2861,12.10.2025,BR,android,organic,2,73.9,2
2862,16.03.2026,ES,Android,organic,1,38.6,2
2863,2026-06-07,US,pc,cross_promo,4,70.2,3
2864,16.10.2025,US,ios,influencer,194,4085.8,103
2865,2026-01-07,IN,ios,ua_tiktok,1,14.3,1
2866,2026-02-22,DE,android,organic,3,38.5,3
2867,25.03.2026,,android,ua_facebook,2,7.3,1
2868,2025-10-22,,android,ua_facebook,2,29.9,3
2869,02.02.2026,Germany,Android,ua_facebook,6,86.1,7
2870,2026-05-12,DE,pc,ua_google,21,305.4,12
2871,2026-01-24,PL,pc,ua_google,2,24.4,3
2872,2026-02-07,DE,android,organic,1,4.4,1
2873,2026-06-05,PL,android,ua_google,1,18.9,1
2874,2025-09-09,RU,ios,organic,3,н/д,1
2875,2025-12-12,us,ANDROID,organic,4,null,4
2876,2025-10-30,FR,ios,organic,80,1790.1,35
2877,2025-10-18,-,PC,ua_facebook,11,258.6,7
2878,2025-12-13,ru,pc,ua_tiktok,7,174.8,2
2879,2026-01-05,DE,ios,ua_facebook,3,17.3,2
2880,2026-04-28,MX,android,ua_google,5,116.4,1
2881,2025-10-04,BR,Windows,ua_google,1,9.8,1
2882,2026-06-17,DE,ios,ua_facebook,1,7.5,2
2883,2025-09-28,DE,ios,influencer,2,10.5,2
2884,2025-10-13,-,ios,ua_google,46,781.8,18
2885,2025-12-02,de,Windows,organic,13,300.1,6
2886,2026-04-26,br,ios,ua_facebook,2,23.5,2
2887,18.05.2026,RU,ios,ua_google,3,70.9,2
2888,2025-10-07,RU,android,cross_promo,4,43.6,4
2889,2026-03-15,BR,iOS,ua_facebook,73,1366.6,36
2890,2025-11-05,NaN,android,ua_tiktok,64,1364.0,42
2891,2025-11-13,Brazil,ios,ua_facebook,91,1764.5,41
2892,21.05.2026,PL,android,ua_facebook,4,69.3,3
2893,2025-09-17,IN,android,ua_google,1,62.0,1
2894,2026-04-03,DE,ios,ua_google,5,61.4,4
2895,2025-12-22,IN,android,ua_google,21,428.0,11
2896,14.12.2025,TR,ios,ua_facebook,1,10.3,1
2897,2025-09-18,RU,IOS,ua_google,1,20.7,1
2898,05.09.2025,DE,ANDROID,ua_facebook,72,1110.8,19
2899,2026-01-25,TR,iOS,ua_google,14,251.0,8
2900,2025-09-19,TR,pc,ua_google,16,275.7,11
2901,2026-05-19,Turkey,IOS,ua_facebook,3,40.4,3
2902,2025-12-12,RU,android,ua_google,1,12.4,1
2903,05.05.2026,,android,organic,3,45.2,3
2904,2025-11-17,ES,ios,organic,43,804.2,22
2905,2026-06-01,ES,iOS,ua_tiktok,2,15.1,2
2906,22.11.2025,TR,ios,cross_promo,1,7.4,2
2907,2026-03-06,DE,ios,ua_google,2,26.7,2
2908,2025-10-23,PL,pc,organic,5,167.3,2
2909,2026-03-04,FR,android,ua_facebook,1,31.9,1
2910,2025-11-24,BR,android,ua_google,5,82.2,3
2911,28.02.2026,ES,Android,ua_facebook,68,1497.2,35
2912,2026-04-12,DE,pc,influencer,6,201.6,4
2913,2026-02-14,ES,pc,ua_facebook,3,43.1,5
2914,2025-10-02,TR,ios,organic,3,43.5,1
2915,2025-09-30,BR,pc,ua_google,2,47.3,2
2916,2026-05-21,DE,ios,ua_tiktok,1,12.9,1
2917,14.09.2025,MX,android,organic,7,"158,7",7
2918,2026-01-18,DE,ios,ua_google,1,"24,4",1
2919,26.01.2026,de,pc,ua_facebook,2,21.1,4
2920,2025-11-03,TR,ANDROID,ua_google,3,35.2,3
2921,2025-11-25,FR,Windows,ua_tiktok,4,107.0,3
2922,2026-02-03,,pc,ua_google,20,NaN,8
2923,2026-03-05,Turkey,ios,ua_facebook,92,,60
2924,2026-06-12,Turkey,android,ua_facebook,2,31.2,2
2925,2025-09-16,RU,pc,ua_tiktok,1,3.3,1
2926,24.04.2026,Russia,android,ua_google,38,931.2,22
2927,2025-12-09,FR,android,ua_google,31,637.8,13
2928,2025-09-23,Brazil,pc,influencer,2,20.1,2
2929,17.12.2025,DE,pc,organic,5,66.8,2
2930,12.06.2026,BR,android,organic,28,498.4,10
2931,10.02.2026,IN,Windows,ua_facebook,2,18.2,2
2932,2026-03-30,DE,pc,cross_promo,14,460.2,6
2933,2025-10-19,TR,pc,organic,20,"248,9",11
2934,2025-09-19,BR,android,ua_google,1,17.6,1
2935,2025-09-11,DE,android,ua_facebook,6,123.5,2
2936,31.01.2026,Brazil,pc,ua_facebook,12,263.3,6
2937,2026-04-05,IN,android,influencer,13,383.6,5
2938,2026-04-04,BR,android,organic,4,80.9,2
2939,10.11.2025,Turkey,IOS,cross_promo,4,72.2,3
2940,2026-05-29,-,ios,ua_facebook,32,666.7,10
2941,2025-10-15,DE,PC,ua_google,5,19.1,5
2942,30.12.2025,DE,pc,ua_tiktok,13,262.6,6
2943,07.04.2026,PL,android,organic,3,35.6,1
2944,2026-06-15,DE,pc,influencer,2,16.8,2
2945,2025-10-22,TR,pc,ua_google,54,NaN,34
2946,2026-05-18,PL,ios,ua_google,11,294.6,10
2947,2026-03-12,TR,android,ua_facebook,18,273.8,9
2948,2025-10-24,MX,android,organic,1,8.9,1
2949,28.11.2025,GER,pc,organic,3,45.9,2
2950,2025-11-02,BR,android,cross_promo,42,799.0,19
2951,2025-10-23,US,iOS,ua_tiktok,4,76.9,1
2952,2026-04-27,DE,android,ua_tiktok,4,,2
2953,11.03.2026,IN,android,cross_promo,38,739.3,16
2954,2026-03-04,TR,ios,ua_facebook,1,22.5,1
2955,2025-11-14,DE,android,ua_facebook,8,112.0,4
2956,29.09.2025,US,android,ua_tiktok,3,91.1,3
2957,2026-02-23,MX,pc,ua_google,4,86.6,4
2958,20.02.2026,US,ios,influencer,93,1894.1,54
2959,2026-01-10,RU,ios,ua_facebook,1,23.8,1
2960,17.12.2025,BR,android,ua_google,8,345.5,5
2961,2026-03-26,IN,android,ua_facebook,3,56.4,1
2962,22.01.2026,br,android,ua_tiktok,1,2.9,3
2963,2026-04-19,FR,Windows,ua_tiktok,2,46.0,1
2964,2026-04-21,DE,android,organic,1,3.8,1
2965,2026-02-17,IN,android,ua_facebook,2,42.3,2
2966,2025-10-10,PL,ios,ua_facebook,10,250.2,3
2967,2025-10-16,PL,pc,organic,40,874.8,24
2968,2026-04-22,FR,android,ua_tiktok,3,41.9,2
2969,2025-09-29,US,android,ua_google,77,,39
2970,2025-09-14,RU,ANDROID,organic,13,,2
2971,2026-01-15,GER,Windows,influencer,2,93.7,3
2972,2026-05-12,DE,IOS,ua_google,24,,14
2973,2025-10-03,MX,android,organic,2,14.0,3
2974,2026-04-18,PL,android,ua_facebook,2,30.1,1
2975,2025-12-16,DE,android,influencer,1,3.6,2
2976,2025-11-23,ES,Android,influencer,26,550.8,19
2977,07.11.2025,DE,android,cross_promo,1,6.6,2
2978,2025-10-11,de,pc,ua_tiktok,3,51.3,2
2979,23.06.2026,ES,android,ua_google,1,42.1,1
2980,02.10.2025,US,android,ua_google,7,182.0,4
2981,18.06.2026,US,android,cross_promo,2,17.1,1
2982,2025-09-05,TR,android,ua_facebook,2,111.1,1
2983,21.01.2026,us,android,influencer,41,974.2,15
2984,2026-04-06,IN,pc,ua_facebook,15,313.7,7
2985,2026-05-12,BR,ios,ua_facebook,34,н/д,21
2986,2026-04-14,TR,ios,ua_facebook,8,108.3,2
2987,30.03.2026,TR,android,ua_tiktok,2,27.9,2
2988,12.01.2026,ru,android,cross_promo,1,18.7,2
2989,2026-03-02,DE,pc,organic,5,126.5,7
2990,20.04.2026,BR,android,influencer,12,,5
2991,05.09.2025,TR,ios,ua_facebook,60,1562.0,27
2992,2026-02-10,TR,android,ua_tiktok,96,1583.0,48
2993,2026-06-14,US,ios,ua_facebook,2,58.6,2
2994,02.09.2025,IN,Windows,ua_facebook,4,56.3,5
2995,2025-09-19,RU,android,organic,11,262.8,15
2996,2026-03-19,DE,android,ua_facebook,75,1559.2,34
2997,28.09.2025,MX,ios,cross_promo,3,71.8,4
2998,19.02.2026,DE,ios,cross_promo,13,234.3,3
2999,29.05.2026,ru,android,ua_facebook,4,78.6,2
3000,2026-05-16,TR,ANDROID,ua_tiktok,3,54.3,2
3001,2026-03-08,BR,Windows,ua_facebook,1,3.8,2
3002,2025-09-28,DE,pc,ua_facebook,1,8.8,3
3003,2025-12-09,FR,pc,influencer,2,22.8,1
3004,2026-03-02,PL,android,ua_google,4,80.1,4
3005,2026-06-02,ES,ANDROID,ua_google,16,367.6,8
3006,2026-01-25,PL,android,cross_promo,25,348.7,8
3007,28.01.2026,DE,ios,ua_facebook,3,н/д,1
3008,15.03.2026,FR,ios,ua_google,3,109.5,5
3009,2026-05-21,TR,pc,ua_facebook,29,677.3,17
3010,11.03.2026,,ANDROID,ua_google,2,41.4,1
3011,2025-10-03,Brazil,android,influencer,12,"128,1",6
3012,2025-09-25,us,android,ua_facebook,2,66.0,3
3013,2025-11-16,Russia,ios,ua_facebook,184,3751.9,87
3014,2026-06-23,DE,Windows,ua_google,4,68.5,4
3015,2025-09-06,USA,iOS,organic,1,10.2,2
3016,2026-03-10,TR,pc,organic,3,-,3
3017,2025-09-01,BR,android,ua_google,1,6.7,1
3018,2025-10-18,PL,ios,ua_google,36,501.2,17
3019,15.09.2025,PL,android,organic,2,29.0,1
3020,2025-11-25,RU,android,influencer,31,605.5,16
3021,2026-03-10,DE,ios,ua_facebook,2,182.2,1
3022,2026-01-25,BR,IOS,organic,24,353.9,13
3023,2025-10-27,us,android,organic,1,NaN,2
3024,2026-06-05,DE,android,ua_google,1,2.8,3
3025,2025-10-13,MX,android,organic,14,385.3,6
3026,2026-06-29,PL,android,organic,1,14.9,2
3027,2025-09-02,MX,ios,ua_google,1,NaN,2
3028,2025-09-02,DE,android,ua_facebook,25,751.2,11
3029,2025-11-10,us,pc,ua_tiktok,2,42.3,2
3030,2025-10-26,FR,android,influencer,1,10.7,1
3031,2025-09-06,US,Android,organic,4,68.9,3
3032,21.10.2025,PL,android,organic,5,66.9,2
3033,2025-09-04,MX,android,ua_facebook,25,532.9,8
3034,2025-09-01,TR,pc,ua_tiktok,4,71.1,5
3035,2025-10-16,NaN,ios,influencer,3,130.4,2
3036,2026-02-19,RU,android,ua_tiktok,5,279.5,6
3037,25.12.2025,GER,Android,ua_google,2,16.6,1
3038,2026-05-30,-,ios,ua_facebook,3,99.0,4
3039,2025-09-03,US,ios,influencer,4,50.1,3
3040,2025-11-23,BR,ios,organic,49,-760.1,19
3041,23.06.2026,PL,pc,ua_tiktok,6,117.5,3
3042,12.02.2026,tr,pc,ua_facebook,1,10.2,3
3043,12.12.2025,RU,IOS,ua_google,1,11.2,1
3044,06.01.2026,TR,android,ua_facebook,171,3413.8,86
3045,19.05.2026,US,android,organic,14,233.5,14
3046,2026-03-12,TR,android,organic,3,14.9,1
3047,27.06.2026,US,ios,influencer,0,0,1
3048,2026-03-03,PL,ios,ua_facebook,3,41.7,2
3049,09.01.2026,US,Android,ua_facebook,4,136.1,5
3050,2026-05-30,BR,ios,ua_facebook,1,3.2,1
3051,2026-03-30,,ANDROID,ua_google,2,26.5,3
3052,2026-02-10,BR,pc,influencer,1,10.0,3
3053,2025-10-02,PL,ios,organic,3,81.4,3
3054,2026-05-18,DE,ios,ua_tiktok,2,-,2
3055,06.01.2026,ES,android,ua_facebook,18,320.2,8
3056,14.01.2026,DE,Android,ua_facebook,1,23.1,2
3057,2026-04-15,USA,ios,ua_facebook,1,23.7,3
3058,2025-10-02,IN,android,ua_tiktok,1,8.6,1
3059,2026-05-08,US,android,organic,1,33.9,2
3060,2026-01-09,BR,ios,ua_facebook,4,74.1,2
3061,04.02.2026,TR,pc,ua_facebook,2,24.1,3
3062,09.05.2026,BR,ANDROID,ua_facebook,24,423.3,9
3063,2025-12-24,NaN,pc,cross_promo,93,"1516,6",43
3064,2026-03-17,MX,pc,organic,12,297.9,7
3065,2025-12-06,tr,Android,cross_promo,1,15.4,1
3066,05.01.2026,MX,android,ua_tiktok,4,81.4,1
3067,2025-09-03,US,android,organic,50,906.7,23
3068,2025-09-16,BR,pc,ua_tiktok,2,43.7,3
3069,2026-06-12,ES,Android,ua_google,1,19.9,2
3070,15.09.2025,,Windows,ua_facebook,1,11.1,1
3071,24.01.2026,US,android,ua_google,2,57.0,1
3072,08.05.2026,IN,Android,ua_facebook,7,188.5,4
3073,13.10.2025,PL,android,ua_facebook,28,422.9,15
3074,2025-11-30,RU,android,ua_facebook,2,102.3,2
3075,28.03.2026,null,pc,influencer,99,1899.1,46
3076,2026-05-22,DE,ios,influencer,47,810.2,27
3077,2025-09-07,ES,IOS,ua_tiktok,11,225.3,7
3078,01.09.2025,DE,android,ua_facebook,79,1434.2,36
3079,2026-04-11,FR,ios,ua_google,62,1345.6,30
3080,2026-05-18,DE,ANDROID,ua_facebook,19,446.2,7
3081,08.06.2026,FR,android,influencer,2,18.7,2
3082,18.01.2026,NaN,android,ua_facebook,1,1.8,1
3083,15.09.2025,RU,ios,ua_google,4,63.0,4
3084,03.09.2025,ES,IOS,ua_tiktok,8,192.8,8
3085,02.09.2025,RU,iOS,ua_tiktok,125,,67
3086,14.01.2026,ES,IOS,influencer,3,21.7,1
3087,2026-03-27,ES,PC,ua_tiktok,5,72.5,2
3088,2026-06-30,TR,android,ua_facebook,2,,3
3089,23.03.2026,DE,pc,ua_facebook,1,48.9,3
3090,10.11.2025,DE,ios,ua_google,1,13.6,1
3091,2026-05-11,DE,pc,cross_promo,1,21.5,1
3092,26.11.2025,TR,android,ua_google,154,3069.8,83
3093,2025-12-31,IN,ios,ua_facebook,8,280.0,5
3094,2025-11-30,DE,pc,ua_google,2,31.4,1
3095,2026-03-28,US,android,ua_facebook,1,24.7,2
3096,21.09.2025,TR,pc,ua_google,4,262.1,4
3097,2026-02-03,US,android,ua_tiktok,1,25.2,2
3098,2026-06-18,IN,pc,ua_google,3,20.6,2
3099,11.10.2025,DE,PC,ua_facebook,1,16.6,3
3100,04.05.2026,US,android,ua_facebook,45,"818,6",17
3101,2026-05-15,US,android,ua_facebook,8,164.7,5
3102,06.05.2026,PL,android,ua_tiktok,1,-,1
3103,2026-01-09,ES,pc,ua_facebook,34,790.2,13
3104,2026-02-04,Turkey,Android,cross_promo,5,74.8,5
3105,2026-04-29,BR,android,ua_tiktok,3,15.4,1
3106,2025-09-10,PL,android,ua_facebook,88,1711.5,49
3107,2025-11-14,DE,ANDROID,influencer,48,814.2,35
3108,2026-01-05,PL,android,influencer,21,,7
3109,2025-09-07,tr,android,influencer,2,22.2,2
3110,2025-12-06,BR,android,organic,6,236.8,8
3111,16.09.2025,US,android,ua_facebook,71,1718.9,27
3112,19.03.2026,FR,ios,organic,1,6.3,1
3113,26.09.2025,PL,ios,organic,22,428.4,12
3114,2025-09-16,US,android,ua_tiktok,7,60.8,4
3115,2025-11-14,Brazil,Android,ua_tiktok,3,27.1,4
3116,12.04.2026,IN,ios,ua_facebook,74,1514.6,37
3117,2026-06-11,PL,android,influencer,6,"105,7",6
3118,22.06.2026,MX,ios,ua_google,13,"381,4",10
3119,2026-03-06,ES,android,ua_facebook,1,14.9,2
3120,2026-05-16,US,ios,ua_google,2,101.0,1
3121,2026-05-23,BR,android,cross_promo,17,433.8,5
3122,2026-05-30,PL,android,ua_facebook,3,21.2,3
3123,2025-09-30,PL,IOS,ua_facebook,1,50.8,1
3124,2026-02-11,DE,android,organic,2,44.0,1
3125,2026-02-16,BR,ANDROID,ua_facebook,44,799.9,16
3126,2025-10-03,TR,PC,organic,3,123.1,2
3127,2026-06-25,IN,ios,organic,8,69.1,2
3128,01.06.2026,BR,android,cross_promo,4,43.7,4
3129,2026-06-30,Russia,iOS,ua_google,1,67.0,1
3130,2026-05-15,PL,IOS,ua_tiktok,8,169.5,7
3131,2025-12-09,TR,Android,ua_tiktok,48,982.3,20
3132,2026-01-29,DE,ANDROID,ua_facebook,1,36.9,1
3133,2025-11-17,US,ANDROID,ua_google,6,101.8,5
3134,11.04.2026,RU,Windows,cross_promo,44,956.4,17
3135,15.10.2025,Turkey,android,influencer,1,14.0,2
3136,2026-03-23,TR,android,ua_google,38,549.4,27
3137,2026-03-30,US,ios,ua_google,43,715.1,24
3138,2026-06-21,TR,pc,ua_facebook,1,3.0,1
3139,2026-01-17,US,android,ua_facebook,5,81.7,4
3140,2026-06-07,PL,android,ua_tiktok,1,22.2,1
3141,01.05.2026,null,android,cross_promo,1,27.5,1
3142,2025-10-03,US,ios,ua_google,2,22.5,4
3143,24.10.2025,IN,Android,ua_google,46,868.5,18
3144,17.11.2025,Germany,ios,ua_facebook,71,1452.3,32
3145,12.02.2026,ES,IOS,ua_tiktok,22,409.6,16
3146,2026-02-09,DE,android,ua_tiktok,1,12.3,1
3147,2026-01-21,TR,ios,organic,4,115.8,6
3148,2025-09-10,IN,ios,ua_google,74,1433.2,30
3149,2025-10-01,us,ios,organic,1,9.5,2
3150,2026-06-05,FR,ios,ua_google,19,387.5,10
3151,2025-09-20,ES,android,ua_google,154,2827.1,73
3152,2026-02-23,RU,ANDROID,influencer,19,552.0,8
3153,11.10.2025,PL,pc,ua_tiktok,225,4782.2,104
3154,2026-02-01,null,ios,influencer,8,212.7,3
3155,07.09.2025,US,android,ua_tiktok,4,79.8,2
3156,11.01.2026,FR,pc,organic,2,18.6,2
3157,17.06.2026,TR,Windows,ua_tiktok,3,33.5,1
3158,2025-11-22,RU,Android,influencer,66,1069.1,33
3159,2026-06-21,FR,ios,ua_google,1,7.0,2
3160,2026-05-13,Germany,Windows,ua_tiktok,2,23.2,1
3161,12.10.2025,ES,Android,organic,3,20.2,1
3162,2026-01-11,US,ios,organic,5,-,3
3163,2026-01-27,-,Android,ua_tiktok,12,160.5,5
3164,2025-11-28,DE,Windows,organic,4,115.3,3
3165,13.04.2026,RU,ios,organic,41,719.3,20
3166,2025-09-26,PL,android,influencer,2,"27,2",1
3167,2025-11-26,BR,ANDROID,ua_facebook,11,190.2,12
3168,2025-12-31,FR,ios,organic,105,"2096,2",53
3169,13.01.2026,BR,android,ua_facebook,2,36.4,1
3170,06.03.2026,us,ios,organic,2,35.0,2
3171,2025-12-24,TR,ios,ua_tiktok,56,1132.6,30
3172,2025-11-19,TR,iOS,organic,110,2018.5,59
3173,2026-02-02,IN,android,ua_google,3,34.7,3
3174,06.11.2025,RU,ios,cross_promo,56,1251.0,21
3175,2025-11-26,BR,android,influencer,45,1072.1,21
3176,2026-03-12,BR,pc,influencer,19,274.1,10
3177,2025-12-21,ES,pc,ua_tiktok,3,85.4,1
3178,2026-06-24,ES,IOS,ua_google,1,90.3,1
3179,30.09.2025,TR,iOS,influencer,10,"172,4",8
3180,29.01.2026,,ios,cross_promo,3,62.3,2
3181,2025-10-16,BR,ios,cross_promo,29,609.5,15
3182,10.01.2026,,ios,influencer,10,192.6,8
3183,2025-10-15,DE,ios,ua_google,4,93.8,3
3184,2025-10-26,DE,pc,ua_tiktok,8,192.1,5
3185,2025-12-09,PL,iOS,ua_facebook,7,216.0,5
3186,07.01.2026,TR,ios,ua_tiktok,3,70.5,4
3187,2026-04-06,RU,android,organic,1,"2,1",1
3188,2025-10-29,DE,pc,cross_promo,168,3207.2,96
3189,2025-12-13,BR,pc,organic,17,294.4,7
3190,24.03.2026,DE,ios,influencer,14,489.9,10
3191,04.01.2026,US,pc,ua_facebook,2,27.3,3
3192,2026-02-02,Turkey,android,ua_facebook,33,846.2,13
3193,2025-09-16,US,ANDROID,ua_google,9,113.1,7
3194,28.11.2025,,ios,ua_facebook,42,738.8,17
3195,03.09.2025,DE,pc,organic,2,37.6,1
3196,2025-11-14,BR,iOS,ua_facebook,6,86.8,5
3197,2025-10-13,DE,ANDROID,organic,108,1976.1,67
3198,2025-10-10,TR,ios,ua_facebook,4,140.6,2
3199,2026-01-23,TR,ios,influencer,23,"445,3",8
3200,14.12.2025,de,android,ua_facebook,45,777.7,16
3201,2025-10-15,US,ios,ua_tiktok,17,302.6,3
3202,23.01.2026,PL,iOS,ua_google,12,212.9,14
3203,2026-05-26,DE,Windows,ua_facebook,5,52.9,3
3204,04.09.2025,ES,android,influencer,1,10.3,1
3205,2026-06-23,DE,android,cross_promo,1,11.3,2
3206,2026-04-29,TR,ios,influencer,59,981.4,26
3207,2025-09-27,USA,ios,ua_google,7,70.4,6
3208,2025-12-11,MX,ios,ua_tiktok,2,61.6,1
3209,04.12.2025,DE,Android,organic,93,1827.2,49
3210,2026-04-13,US,Windows,ua_facebook,47,871.3,25
3211,2026-03-28,DE,iOS,cross_promo,10,224.8,5
3212,2026-01-25,,iOS,cross_promo,19,500.5,12
3213,29.11.2025,FR,pc,influencer,12,304.2,5
3214,2025-12-24,DE,android,ua_tiktok,3,38.9,2
3215,2025-09-01,PL,ANDROID,ua_facebook,1,9.1,2
3216,13.06.2026,PL,pc,ua_google,5,98.9,3
3217,2026-02-01,RU,pc,ua_tiktok,27,493.2,19
3218,2026-02-04,IN,android,influencer,2,62.1,2
3219,2026-04-08,PL,ios,ua_tiktok,2,65.3,1
3220,2026-05-25,ES,ios,ua_tiktok,4,36.7,3
3221,2025-11-17,DE,ios,ua_facebook,2,"29,6",2
3222,04.09.2025,DE,android,organic,9,184.1,4
3223,2026-01-03,BR,android,influencer,3,28.2,1
3224,2025-10-29,н/д,ios,ua_google,1,10.5,1
3225,2026-03-26,US,android,ua_google,8,102.5,4
3226,2026-02-05,TR,android,ua_google,1,107.8,2
3227,2026-04-12,DE,android,ua_google,2,"76,2",3
3228,05.01.2026,PL,Android,ua_google,16,443.7,5
3229,2025-12-29,US,android,ua_google,13,397.9,9
3230,2026-05-11,MX,pc,organic,14,250.7,6
3231,2026-06-04,DE,android,ua_facebook,1,5.3,2
3232,2026-04-28,DE,IOS,ua_facebook,64,1578.9,28
3233,2026-02-19,DE,ios,influencer,99,1936.0,51
3234,16.09.2025,BR,android,organic,2,25.4,2
3235,2025-11-15,FR,pc,organic,29,"491,0",11
3236,2026-04-04,FR,ios,organic,11,138.7,4
3237,2025-11-07,ES,ios,ua_facebook,1,10.4,1
3238,2025-12-10,RU,ios,ua_tiktok,8,136.9,6
3239,2025-09-21,IN,android,ua_google,1,2.8,1
3240,2026-06-20,FR,pc,organic,1,NaN,3
3241,05.10.2025,BR,android,ua_google,17,373.3,6
3242,28.11.2025,IN,ios,ua_facebook,2,19.5,1
3243,2026-06-15,IN,android,organic,2,54.9,2
3244,2025-09-13,TR,ios,ua_google,11,261.2,3
3245,2026-01-30,RU,ios,ua_tiktok,1,4.1,2
3246,2026-01-09,DE,android,ua_facebook,3,75.2,2
3247,2025-09-10,MX,ios,influencer,148,2989.7,62
3248,2026-03-05,Russia,android,ua_tiktok,1,13.1,1
3249,2025-10-18,RU,android,ua_facebook,1,5.6,3
3250,2025-10-04,DE,ANDROID,ua_google,1,6.4,1
3251,2025-09-14,IN,pc,ua_facebook,1,14.5,1
3252,02.01.2026,FR,android,ua_facebook,4,-,2
3253,2026-02-13,FR,pc,organic,3,62.8,4
3254,2026-04-18,BR,ios,ua_google,28,431.2,8
3255,2025-12-10,PL,android,ua_google,250,5521.8,124
3256,01.05.2026,FR,pc,organic,4,97.4,5
3257,2026-04-09,BR,android,ua_google,4,64.1,4
3258,2026-01-16,MX,android,organic,3,44.3,2
3259,2025-09-14,BR,pc,organic,56,1422.3,27
3260,2026-06-24,BR,ios,ua_facebook,2,17.5,1
3261,30.03.2026,PL,pc,organic,53,1058.4,33
3262,2025-10-10,н/д,android,organic,2,18.8,3
3263,2026-06-24,FR,android,ua_google,4,107.3,1
3264,2026-06-09,tr,android,organic,9,142.2,6
3265,2025-11-25,MX,pc,influencer,12,156.0,5
3266,2026-02-14,USA,ios,ua_tiktok,5,135.7,3
3267,2026-04-02,MX,android,ua_google,26,385.5,13
3268,2026-01-13,Brazil,ios,ua_tiktok,1,35.2,1
3269,2026-01-21,US,android,organic,165,3154.1,72
3270,2026-05-10,DE,ios,cross_promo,25,634.2,12
3271,2025-09-04,US,android,organic,4,80.0,1
3272,14.02.2026,PL,Android,organic,10,"188,8",4
3273,2026-06-26,DE,PC,ua_tiktok,5,62.8,3
3274,2025-10-31,NaN,android,ua_google,4,28.3,5
3275,2026-03-11,IN,PC,influencer,34,669.4,15
3276,2026-01-16,DE,android,influencer,3,57.3,2
3277,2025-10-15,US,ios,cross_promo,25,492.7,21
3278,01.12.2025,US,Android,influencer,1,1.0,1
3279,2025-10-26,DE,ios,ua_google,1,7.2,1
3280,29.09.2025,ES,android,ua_google,1,"12,8",1
3281,2026-03-02,IN,ios,ua_tiktok,2,19.1,2
3282,2026-03-15,PL,android,organic,2,н/д,2
3283,24.11.2025,US,iOS,ua_google,3,71.0,2
3284,2026-03-05,PL,iOS,cross_promo,7,159.8,5
3285,2026-03-09,FR,pc,cross_promo,1,6.4,1
3286,2025-12-05,DE,android,ua_facebook,6,117.3,3
3287,17.03.2026,TR,android,ua_tiktok,4,-,4
3288,2025-12-23,BR,ios,organic,2,38.6,2
3289,11.10.2025,FR,android,cross_promo,1,6.6,1
3290,2025-10-07,DE,PC,ua_google,4,62.3,2
3291,2025-11-21,BR,ANDROID,ua_google,143,2666.3,80
3292,2026-01-19,PL,android,ua_facebook,2,43.3,2
3293,2025-09-27,TR,android,ua_facebook,80,1292.6,35
3294,2026-04-20,US,ios,organic,7,NaN,6
3295,2025-09-03,br,android,ua_tiktok,4,36.9,4
3296,2025-10-30,DE,ios,ua_facebook,3,38.5,2
3297,2025-11-24,BR,ios,ua_tiktok,1,62.5,2
3298,12.01.2026,TR,android,ua_tiktok,19,308.4,10
3299,29.10.2025,us,android,cross_promo,11,263.3,5
3300,2026-05-08,MX,android,ua_facebook,3,157.7,2
3301,2026-03-21,DE,Android,cross_promo,2,99.4,2
3302,2026-04-16,USA,android,ua_facebook,3,20.7,1
3303,28.05.2026,FR,Windows,organic,3,37.4,1
3304,19.10.2025,,pc,ua_facebook,71,1605.0,32
3305,2026-06-30,Brazil,ANDROID,ua_google,0,0,1
3306,2025-11-05,ES,pc,ua_facebook,21,"429,5",10
3307,20.06.2026,US,android,ua_facebook,11,230.2,10
3308,2025-10-30,BR,android,organic,12,224.8,5
3309,2026-01-09,PL,android,ua_google,31,796.4,19
3310,2026-02-08,BR,ANDROID,ua_google,11,133.0,3
3311,28.01.2026,PL,Android,ua_facebook,2,62.8,1
3312,2025-11-28,BR,android,ua_tiktok,3,34.5,3
3313,28.09.2025,PL,ios,organic,1,50.9,2
3314,2026-06-14,US,pc,ua_google,2,"21,9",1
3315,2025-10-08,Brazil,ios,ua_tiktok,2,58.9,1
3316,24.10.2025,US,PC,ua_google,5,146.3,4
3317,2025-12-14,TR,android,organic,3,46.8,2
3318,15.12.2025,BR,android,organic,15,344.9,10
3319,01.03.2026,FR,Android,ua_google,14,377.0,7
3320,2026-04-19,FR,ios,organic,2,48.2,2
3321,2026-02-15,DE,android,organic,1,7.4,1
3322,2025-10-22,RU,pc,cross_promo,27,464.0,12
3323,2026-01-18,BR,ios,ua_google,122,2318.6,69
3324,2026-06-08,IN,ios,organic,5,100.1,3
3325,2026-04-26,MX,ios,ua_facebook,115,,55
3326,2025-10-01,ES,android,ua_google,1,7.3,1
3327,2025-11-22,,IOS,organic,1,4.3,1
3328,2026-05-30,ES,android,ua_google,1,10.5,2
3329,06.09.2025,DE,android,ua_google,44,938.6,24
3330,08.06.2026,US,Windows,ua_facebook,4,65.5,2
3331,2025-10-09,IN,android,ua_facebook,6,150.0,5
3332,2026-04-23,н/д,android,influencer,11,248.3,5
3333,2026-01-20,DE,IOS,ua_facebook,15,282.9,4
3334,2026-01-22,IN,ios,ua_google,1,24.2,2
3335,2026-01-16,,ios,ua_tiktok,1,6.4,2
3336,2025-12-06,PL,ios,organic,1,7.3,1
3337,2026-04-14,US,ios,organic,87,1974.3,45
3338,09.11.2025,US,ios,ua_google,2,86.0,3
3339,15.02.2026,FR,android,influencer,8,129.7,2
3340,2025-10-18,RU,ios,organic,26,784.6,10
3341,2026-03-22,US,pc,ua_google,48,925.4,20
3342,2025-10-13,н/д,pc,ua_facebook,1,11.6,1
3343,2026-03-09,DE,IOS,organic,26,471.7,20
3344,2025-09-05,TR,android,ua_tiktok,93,1753.9,40
3345,2025-09-25,DE,ios,influencer,22,391.9,9
3346,2025-11-05,BR,ANDROID,influencer,1,"28,9",1
3347,03.11.2025,RU,android,ua_tiktok,1,25.6,1
3348,02.06.2026,RU,android,ua_tiktok,2,48.3,2
3349,05.09.2025,PL,ios,organic,34,522.1,17
3350,2026-02-19,FR,android,ua_google,1,22.2,2
3351,02.09.2025,US,android,ua_facebook,6,131.4,7
3352,2026-02-25,NaN,android,ua_facebook,1,63.6,2
3353,2025-09-07,BR,ios,ua_facebook,1,8.7,1
3354,2025-09-17,ES,pc,influencer,8,143.3,5
3355,2025-12-12,ES,ios,ua_google,24,562.9,18
3356,21.01.2026,US,android,cross_promo,1,11.3,2
3357,06.11.2025,FR,pc,influencer,18,"287,7",9
3358,2025-11-08,IN,android,ua_tiktok,121,2036.4,43
3359,2026-06-06,FR,pc,organic,25,449.3,13
3360,2025-09-29,DE,IOS,ua_facebook,2,44.9,1
3361,2026-05-08,US,android,organic,2,43.5,3
3362,02.10.2025,TR,android,ua_google,1,5.9,1
3363,2025-09-06,US,ios,ua_facebook,32,815.7,11
3364,02.01.2026,tr,pc,organic,2,37.8,2
3365,2026-06-08,BR,android,ua_google,6,199.3,5
3366,2025-11-23,,android,ua_facebook,62,1049.8,28
3367,2025-10-18,PL,ios,influencer,3,19.4,2
3368,2025-11-05,ES,Windows,influencer,96,2046.5,47
3369,21.04.2026,ES,android,ua_tiktok,2,22.2,2
3370,12.05.2026,FR,Android,ua_google,1,12.5,1
3371,2025-11-23,MX,android,ua_facebook,87,1690.1,49
3372,2025-10-07,DE,Android,organic,1,"62,5",2
3373,2025-09-27,TR,iOS,organic,1,10.2,3
3374,2026-03-06,PL,android,ua_google,10,164.7,5
3375,2026-03-07,MX,PC,ua_google,4,84.7,2
3376,04.02.2026,PL,android,ua_google,8,127.9,3
3377,2025-12-15,FR,Android,ua_google,1,"26,3",1
3378,2025-10-08,PL,Android,ua_google,152,3505.7,101
3379,2026-01-01,US,pc,ua_facebook,2,22.1,2
3380,2026-02-23,US,pc,influencer,22,395.7,10
3381,2026-06-06,RU,pc,influencer,2,78.0,1
3382,29.04.2026,US,android,ua_facebook,4,75.2,1
3383,28.02.2026,US,Windows,influencer,98,1813.8,62
3384,2025-11-11,US,ios,organic,11,216.2,4
3385,01.12.2025,PL,ios,ua_facebook,1,27.8,1
3386,26.12.2025,US,android,organic,106,1660.8,45
3387,2025-10-15,DE,ANDROID,ua_facebook,2,14.7,4
3388,28.03.2026,PL,iOS,ua_facebook,1,3.9,1
3389,2026-06-25,PL,android,ua_google,2,20.9,1
3390,02.12.2025,ES,IOS,influencer,105,2197.6,42
3391,25.06.2026,BR,pc,ua_google,3,63.1,4
3392,2025-12-03,RU,ios,ua_tiktok,6,130.7,3
3393,2025-09-04,ru,android,cross_promo,4,133.0,1
3394,2025-12-12,TR,android,influencer,10,215.3,6
3395,01.09.2025,MX,android,ua_facebook,24,523.8,13
3396,2026-01-04,MX,ANDROID,organic,39,717.1,18
3397,10.06.2026,US,android,ua_tiktok,1,NaN,1
3398,11.09.2025,IN,pc,cross_promo,1,18.8,1
3399,19.09.2025,ES,PC,ua_tiktok,1,46.7,1
3400,2025-09-28,US,Android,ua_google,18,453.1,8
3401,10.11.2025,IN,android,ua_tiktok,1,,1
3402,2026-01-16,RU,IOS,organic,1,41.2,2
3403,2025-09-10,IN,pc,ua_facebook,49,1060.7,23
3404,22.09.2025,PL,android,ua_facebook,1,25.8,1
3405,06.04.2026,MX,iOS,ua_tiktok,4,123.8,2
3406,2026-05-03,PL,PC,ua_facebook,3,132.8,3
3407,2025-09-10,ES,ios,organic,41,781.2,15
3408,2026-01-14,Germany,android,influencer,1,27.9,2
3409,2025-12-15,MX,android,ua_tiktok,2,64.1,1
3410,2026-04-20,ES,android,influencer,15,379.5,10
3411,2025-12-03,Germany,ios,cross_promo,16,300.8,9
3412,2026-03-31,BR,ANDROID,influencer,1,"13,6",1
3413,25.12.2025,US,Android,ua_google,68,1268.9,32
3414,05.12.2025,ES,Windows,ua_tiktok,2,77.8,4
3415,28.11.2025,TR,iOS,ua_tiktok,1,3.9,1
3416,2025-10-20,US,PC,ua_tiktok,4,"76,0",2
3417,2026-06-18,BR,ios,influencer,6,105.6,4
3418,04.03.2026,FR,android,ua_google,5,73.4,2
3419,2026-05-15,DE,android,organic,11,163.6,8
3420,2025-09-01,RU,pc,influencer,1,13.8,1
3421,22.05.2026,MX,Windows,cross_promo,2,73.7,1
3422,25.10.2025,IN,IOS,organic,10,206.9,8
3423,08.09.2025,US,pc,ua_google,1,8.8,1
3424,21.09.2025,,PC,ua_tiktok,2,28.6,2
3425,2025-09-08,RU,Android,ua_google,5,165.3,2
3426,2025-10-04,н/д,ios,ua_facebook,70,1572.0,32
3427,2025-10-11,RU,pc,ua_google,6,70.7,4
3428,2026-06-15,DE,pc,ua_facebook,10,291.5,4
3429,2025-11-20,US,android,ua_google,1,14.1,1
3430,10.09.2025,PL,ios,organic,44,821.4,20
3431,2026-05-18,PL,ios,influencer,32,518.6,24
3432,2026-04-19,null,ios,ua_facebook,1,16.1,1
3433,2025-10-30,GER,ios,influencer,3,69.8,2
3434,18.06.2026,PL,android,ua_facebook,8,112.9,4
3435,2026-03-30,DE,ios,influencer,1,12.4,1
3436,08.10.2025,BR,ios,ua_tiktok,145,2727.1,60
3437,2025-10-30,IN,IOS,organic,5,194.6,4
3438,2025-11-05,TR,pc,influencer,2,39.1,5
3439,2025-10-07,MX,android,cross_promo,219,4638.5,93
3440,2025-09-04,MX,iOS,ua_google,44,902.7,21
3441,2025-09-25,FR,android,cross_promo,5,86.4,4
3442,2026-01-28,DE,pc,ua_facebook,29,627.1,14
3443,2025-09-24,BR,Windows,organic,84,1777.5,48
3444,2025-09-03,DE,android,influencer,79,1779.5,35
3445,2026-06-28,ES,Android,influencer,0,0,1
3446,2026-06-05,BR,pc,ua_facebook,1,36.2,1
3447,05.11.2025,US,android,organic,3,17.3,4
3448,2025-11-09,PL,ios,organic,1,9.7,3
3449,01.05.2026,TR,pc,ua_google,4,41.2,5
3450,02.01.2026,BR,ios,cross_promo,17,419.4,11
3451,2025-09-13,TR,android,ua_facebook,112,2514.1,66
3452,2026-03-28,US,pc,ua_google,25,503.0,13
3453,14.09.2025,FR,android,ua_google,56,1638.1,20
3454,20.04.2026,DE,pc,influencer,8,194.8,7
3455,30.01.2026,IN,ios,ua_facebook,85,,48
3456,2025-12-16,TR,android,cross_promo,37,811.9,18
3457,2026-03-29,GER,android,organic,112,1988.3,45
3458,2026-02-26,PL,pc,influencer,2,59.2,2
3459,04.09.2025,BR,pc,organic,1,8.0,1
3460,2026-06-26,DE,ios,ua_tiktok,9,199.4,7
3461,2025-09-03,FR,ios,ua_tiktok,111,,55
3462,2026-02-26,PL,pc,organic,36,798.7,16
3463,24.11.2025,ES,pc,ua_google,108,1975.5,60
3464,2026-03-22,MX,ios,ua_facebook,12,151.4,10
3465,27.01.2026,DE,IOS,organic,2,24.0,2
3466,27.09.2025,US,iOS,ua_facebook,2,32.1,1
3467,05.12.2025,DE,pc,ua_tiktok,286,6225.7,135
3468,29.06.2026,RU,android,ua_tiktok,1,26.8,1
3469,24.10.2025,RU,ios,cross_promo,2,65.9,1
3470,2026-01-30,MX,android,organic,3,86.8,2
3471,2026-04-23,IN,ios,ua_tiktok,1,15.5,1
3472,2025-11-28,US,android,organic,2,19.0,3
3473,18.12.2025,DE,iOS,ua_google,9,105.8,5
3474,2025-10-02,ES,ios,cross_promo,1,18.0,1
3475,2025-12-05,DE,android,ua_facebook,2,56.2,2
3476,2026-04-02,Germany,ios,organic,1,7.4,2
3477,2026-04-17,BR,android,organic,9,197.5,4
3478,2025-11-18,FR,pc,ua_facebook,5,,4
3479,2025-11-10,BR,ios,influencer,1,-,1
3480,2026-01-22,Germany,android,influencer,2,39.3,1
3481,2025-12-17,MX,android,ua_tiktok,1,14.1,1
3482,2025-12-12,DE,android,organic,6,72.9,2
3483,2026-01-02,US,android,ua_google,10,250.0,4
3484,2025-10-05,ES,pc,ua_tiktok,1,32.6,2
3485,2025-09-18,DE,pc,ua_tiktok,4,37.8,4
3486,2026-01-23,BR,IOS,ua_google,2,57.4,1
3487,2026-01-14,TR,android,ua_google,1,5.1,1
3488,2025-09-02,US,pc,ua_tiktok,3,73.5,1
3489,2026-06-03,TR,ios,ua_tiktok,18,292.5,9
3490,19.11.2025,DE,ios,influencer,2,55.5,1
3491,2026-03-06,BR,android,influencer,3,63.7,1
3492,2025-09-03,PL,pc,influencer,1,9.3,1
3493,2026-04-30,DE,android,ua_facebook,1,"4,9",2
3494,2025-10-24,BR,android,ua_google,6,138.3,4
3495,2025-10-27,FR,pc,influencer,1,12.7,2
3496,08.04.2026,US,android,organic,2,13.1,2
3497,2025-12-19,br,android,ua_facebook,156,2869.9,92
3498,2026-04-03,ES,pc,influencer,24,716.5,16
3499,01.12.2025,RU,ios,ua_facebook,7,280.6,3
3500,2025-12-10,DE,android,organic,3,44.3,2
3501,08.04.2026,RU,ios,influencer,13,377.5,7
3502,08.12.2025,PL,ios,ua_google,3,60.8,2
3503,2026-01-22,RU,PC,ua_facebook,1,8.6,1
3504,15.10.2025,MX,PC,organic,13,,8
3505,2025-09-01,IN,android,ua_google,28,449.8,15
3506,10.10.2025,PL,android,ua_facebook,1,н/д,1
3507,2025-11-07,US,android,ua_google,90,1682.0,40
3508,2025-11-08,US,pc,ua_facebook,2,64.1,1
3509,2026-06-23,DE,ios,organic,10,178.0,6
3510,2025-11-25,DE,android,ua_google,1,13.0,1
3511,25.12.2025,IN,ios,ua_facebook,1,20.4,1
3512,11.04.2026,TR,PC,ua_facebook,69,1682.8,28
3513,2025-11-28,br,IOS,organic,16,316.9,5
3514,2026-06-24,PL,ios,ua_google,2,40.2,2
3515,2025-11-26,DE,pc,ua_facebook,3,н/д,3
3516,11.03.2026,ES,ios,organic,2,11.8,3
3517,2026-01-28,RU,Windows,organic,116,-,56
3518,2026-03-24,Brazil,pc,cross_promo,50,1078.6,35
3519,13.06.2026,MX,ios,cross_promo,13,110.2,7
3520,19.03.2026,RU,ios,organic,10,331.8,6
3521,2026-04-01,ES,ios,organic,8,176.5,6
3522,22.10.2025,Germany,ANDROID,ua_tiktok,25,463.0,17
3523,2025-10-17,US,android,ua_tiktok,146,2620.8,70
3524,2026-05-13,MX,pc,cross_promo,11,245.0,5
3525,2026-03-11,IN,ios,organic,34,657.6,19
3526,2026-06-16,US,android,ua_google,3,,4
3527,08.11.2025,MX,android,ua_facebook,2,36.6,1
3528,23.09.2025,US,android,ua_tiktok,31,604.9,15
3529,06.09.2025,US,Windows,influencer,19,300.8,6
3530,2025-10-30,BR,android,cross_promo,136,2988.3,62
3531,2025-10-29,BR,ios,ua_tiktok,2,,2
3532,11.01.2026,FR,pc,organic,1,1.0,1
3533,27.05.2026,DE,ios,organic,3,21.6,1
3534,04.12.2025,US,ios,ua_google,1,31.6,1
3535,2025-09-09,RU,android,organic,5,79.8,7
3536,2025-09-28,IN,iOS,ua_google,1,18.0,2
3537,2026-06-16,-,PC,ua_tiktok,19,359.3,8
3538,22.01.2026,ES,IOS,ua_google,1,7.4,1
3539,2026-05-13,DE,android,ua_facebook,4,97.0,1
3540,2025-10-11,IN,android,ua_google,107,2209.6,65
3541,2025-10-19,DE,pc,organic,4,158.1,5
3542,2026-02-15,FR,ios,influencer,5,121.9,4
3543,03.02.2026,TR,Windows,influencer,5,56.1,6
3544,2025-11-27,MX,ANDROID,ua_google,2,96.6,2
3545,2025-11-05,BR,android,ua_tiktok,9,249.9,4
3546,2025-10-31,US,android,organic,2,78.8,1
3547,2025-10-25,н/д,ios,ua_tiktok,23,376.6,12
3548,13.03.2026,TR,pc,organic,3,107.1,2
3549,2026-05-28,MX,pc,ua_google,25,391.3,17
3550,23.11.2025,FR,pc,cross_promo,11,224.1,7
3551,2026-04-14,MX,android,ua_facebook,59,1117.0,31
3552,10.01.2026,FR,pc,ua_google,28,447.6,8
3553,2026-02-15,US,android,ua_google,89,1670.3,47
3554,2026-06-21,US,PC,ua_tiktok,8,"139,8",7
3555,24.12.2025,US,iOS,ua_facebook,2,,1
3556,2025-10-08,US,ANDROID,organic,9,"189,4",3
3557,2025-09-19,ES,ANDROID,organic,89,,46
3558,2026-03-27,-,android,organic,7,139.4,2
3559,2026-05-14,US,PC,ua_google,9,143.5,7
3560,2025-09-24,US,ios,organic,4,59.8,3
3561,2026-06-12,RU,android,organic,3,47.0,2
3562,2025-11-15,DE,pc,influencer,68,1407.1,31
3563,2025-09-13,PL,ios,ua_facebook,65,-1232.0,28
3564,2026-01-20,GER,android,ua_tiktok,140,3065.5,71
3565,21.11.2025,US,iOS,ua_facebook,20,530.1,14
3566,2025-12-16,TR,ios,influencer,1,11.2,1
3567,11.09.2025,IN,android,ua_google,17,299.9,11
3568,2025-09-07,MX,android,organic,27,535.6,18
3569,2025-12-13,IN,pc,ua_tiktok,84,1666.1,34
3570,09.11.2025,us,ios,organic,9,215.3,7
3571,2025-11-22,NaN,android,organic,3,27.6,2
3572,2026-04-15,PL,pc,ua_google,23,,15
3573,2026-06-16,NaN,android,ua_tiktok,4,83.1,1
3574,2026-04-06,US,pc,ua_facebook,28,645.6,8
3575,2026-05-10,MX,android,ua_facebook,2,90.7,2
3576,14.02.2026,DE,iOS,ua_facebook,13,213.2,8
3577,2026-06-26,ES,IOS,ua_google,2,16.8,3
3578,04.02.2026,FR,pc,ua_tiktok,21,411.6,11
3579,15.03.2026,,IOS,organic,1,"7,0",1
3580,2026-05-06,BR,pc,ua_facebook,52,1048.8,25
3581,2026-03-20,null,pc,ua_facebook,4,,2
3582,2026-01-09,RU,pc,organic,2,40.7,1
3583,2025-12-08,RU,PC,ua_tiktok,1,26.3,1
3584,28.06.2026,DE,ios,organic,3,25.3,2
3585,31.12.2025,ES,Windows,ua_google,7,114.5,5
3586,2025-09-07,PL,pc,ua_tiktok,14,238.7,9
3587,2026-05-14,IN,pc,ua_facebook,1,19.4,2
3588,2026-06-28,TR,ios,organic,1,5.3,1
3589,29.09.2025,FR,ios,ua_facebook,1,7.0,1
3590,2025-12-26,IN,ios,ua_tiktok,2,19.5,1
3591,2026-02-21,RU,pc,ua_google,1,19.9,2
3592,2026-03-21,US,pc,cross_promo,3,49.3,2
3593,2025-10-24,IN,ios,ua_tiktok,4,45.9,1
3594,2025-10-12,IN,pc,ua_tiktok,3,83.2,1
3595,2026-06-13,TR,android,ua_google,2,12.7,1
3596,2026-03-25,PL,android,organic,70,1358.0,42
3597,2025-12-04,FR,pc,ua_facebook,13,420.3,4
3598,2026-06-27,PL,ios,ua_facebook,1,51.8,2
3599,27.05.2026,BR,PC,cross_promo,12,159.5,8
3600,21.05.2026,BR,Android,ua_google,11,221.1,14
3601,05.01.2026,de,android,ua_tiktok,44,759.4,25
3602,2026-02-25,us,pc,cross_promo,3,135.3,4
3603,26.03.2026,ES,android,organic,4,48.5,2
3604,2026-04-28,-,ANDROID,ua_facebook,52,1138.1,31
3605,2026-06-25,RU,android,ua_google,3,88.4,1
3606,31.03.2026,US,android,influencer,4,98.8,5
3607,13.09.2025,DE,android,organic,16,"430,0",11
3608,2026-05-15,PL,ios,ua_google,10,197.5,5
3609,21.10.2025,FR,Android,ua_tiktok,19,312.1,18
3610,2025-11-16,FR,PC,ua_facebook,1,46.1,1
3611,16.01.2026,US,android,ua_facebook,20,351.4,8
3612,2026-06-16,ES,ios,ua_facebook,5,62.1,1
3613,2026-01-01,PL,pc,cross_promo,14,196.2,8
3614,2025-10-05,US,Android,ua_google,4,59.3,3
3615,23.02.2026,US,pc,ua_google,1,9.3,2
3616,2026-04-08,IN,android,organic,35,637.8,22
3617,2026-05-13,RU,android,ua_facebook,8,151.5,2
3618,10.10.2025,TR,android,ua_google,2,23.6,1
3619,2026-01-17,,pc,ua_tiktok,4,56.8,5
3620,25.09.2025,ES,PC,ua_google,3,"72,1",1
3621,02.09.2025,,ios,organic,40,756.3,15
3622,09.12.2025,BR,ANDROID,organic,11,203.7,9
3623,26.10.2025,RU,ANDROID,influencer,5,98.6,4
3624,2026-03-16,RU,ios,ua_google,34,602.2,19
3625,2026-04-16,TR,ios,cross_promo,2,16.1,4
3626,28.01.2026,ES,ios,ua_google,1,5.6,1
3627,2025-11-01,FR,Windows,organic,1,10.3,2
3628,2026-01-14,,iOS,organic,78,1433.4,38
3629,2025-12-17,US,android,organic,4,64.3,2
3630,2025-10-06,TR,ANDROID,influencer,2,н/д,4
3631,2026-01-06,IN,pc,organic,9,-217.4,4
3632,2025-10-23,MX,ios,ua_facebook,3,95.8,1
3633,08.12.2025,FR,android,influencer,1,33.1,2
3634,2025-12-25,TR,IOS,ua_facebook,34,668.0,14
3635,2025-12-12,BR,android,ua_facebook,3,75.3,3
3636,2025-11-06,PL,ios,ua_facebook,1,"131,4",1
3637,02.02.2026,FR,android,ua_google,94,2041.8,47
3638,2026-06-23,BR,Android,ua_google,1,28.2,2
3639,2026-02-04,MX,pc,ua_google,14,324.1,15
3640,2026-05-19,ES,ios,ua_tiktok,18,306.9,9
3641,24.10.2025,DE,ios,ua_google,4,76.9,1
3642,2026-03-17,DE,android,cross_promo,122,2449.6,56
3643,18.03.2026,NaN,pc,cross_promo,1,37.9,3
3644,2026-05-04,RU,pc,ua_facebook,3,79.9,3
3645,2025-12-16,us,ios,ua_facebook,1,19.9,2
3646,17.06.2026,US,android,influencer,3,29.2,3
3647,2025-09-02,US,Windows,ua_tiktok,8,210.1,8
3648,2025-11-26,IN,Windows,ua_tiktok,1,6.1,1
3649,2026-02-19,RU,ios,organic,33,668.3,14
3650,2026-05-10,IN,android,ua_google,1,22.4,1
3651,2025-12-22,US,android,ua_google,35,825.5,16
3652,2026-03-17,DE,ios,ua_facebook,1,-5.5,1
3653,2026-01-19,FR,pc,organic,61,,25
3654,2026-05-15,MX,IOS,ua_facebook,3,22.8,1
3655,2026-01-26,PL,IOS,ua_tiktok,56,NaN,22
3656,26.09.2025,RU,android,cross_promo,1,3.7,2
3657,2026-06-19,RU,android,influencer,12,271.4,8
3658,21.02.2026,NaN,Android,ua_google,44,908.4,26
3659,2025-09-01,FR,ios,ua_facebook,115,2633.2,55
3660,2026-01-26,ES,pc,ua_google,20,"413,6",7
3661,2025-12-17,RU,iOS,ua_tiktok,100,,61
3662,14.11.2025,BR,iOS,ua_facebook,2,38.6,2
3663,2026-03-16,н/д,ios,influencer,2,16.8,1
3664,17.12.2025,DE,ios,influencer,3,46.2,1
3665,23.02.2026,USA,pc,ua_google,4,,3
3666,2025-10-05,BR,ios,cross_promo,5,115.8,1
3667,2026-02-07,DE,pc,influencer,64,1389.1,30
3668,2026-04-17,BR,ANDROID,ua_facebook,11,164.9,4
3669,2026-01-27,PL,pc,ua_google,1,14.4,1
3670,04.05.2026,TR,android,ua_facebook,7,129.9,6
3671,2026-04-22,ES,ANDROID,cross_promo,23,809.9,12
3672,2026-03-22,TR,ios,ua_google,18,285.0,11
3673,2025-10-19,RU,pc,organic,3,null,5
3674,02.05.2026,ES,Windows,organic,7,161.8,3
3675,27.03.2026,DE,android,organic,1,8.3,1
3676,2025-09-09,ES,ANDROID,organic,3,67.2,4
3677,2025-10-22,DE,PC,ua_tiktok,402,,189
3678,2026-02-28,ES,IOS,ua_facebook,43,920.3,22
3679,2026-02-03,US,android,ua_tiktok,4,79.8,3
3680,2026-01-12,PL,ios,ua_google,74,1435.2,38
3681,2025-12-11,MX,ios,ua_facebook,16,233.8,9
3682,2025-10-04,PL,android,ua_facebook,71,1578.5,28
3683,2026-03-28,DE,pc,ua_facebook,1,18.5,1
3684,19.09.2025,Germany,android,influencer,24,,9
3685,2025-11-13,Brazil,android,ua_google,7,261.9,6
3686,09.11.2025,ES,pc,ua_facebook,10,259.3,5
3687,2026-01-10,IN,pc,cross_promo,5,88.2,4
3688,2026-03-20,FR,ios,organic,1,2.6,1
3689,2026-04-25,PL,pc,cross_promo,0,0,1
3690,29.11.2025,DE,android,ua_facebook,3,80.7,2
3691,2026-05-11,FR,android,ua_google,81,1639.9,48
3692,28.12.2025,DE,ios,ua_facebook,1,9.9,1
3693,2025-10-19,BR,ios,ua_tiktok,2,34.0,2
3694,2025-09-04,RU,ios,ua_google,2,27.5,1
3695,2025-10-20,ES,ios,ua_facebook,1,33.5,1
3696,2026-04-23,BR,android,influencer,3,89.9,2
3697,2025-11-21,FR,android,ua_facebook,1,12.5,2
3698,2026-06-26,Turkey,pc,ua_google,1,93.2,1
3699,2026-04-22,de,pc,organic,9,175.8,6
3700,15.10.2025,BR,android,influencer,1,32.8,1
3701,2025-12-01,Turkey,PC,ua_tiktok,17,362.8,9
3702,2025-11-25,PL,android,cross_promo,36,958.7,17
3703,2025-11-24,DE,ANDROID,ua_facebook,160,3411.4,77
3704,2025-09-04,RU,android,influencer,6,98.9,3
3705,31.03.2026,DE,ios,ua_facebook,8,165.8,8
3706,2025-12-27,null,ios,organic,10,200.1,6
3707,2025-12-01,DE,ANDROID,ua_tiktok,11,142.2,7
3708,2025-10-02,tr,android,ua_google,88,1878.0,35
3709,2026-04-17,PL,ios,ua_google,1,35.4,1
3710,2025-12-31,US,pc,organic,4,72.7,2
3711,2025-09-19,Brazil,ios,ua_facebook,1,31.9,2
3712,2026-01-18,MX,iOS,ua_google,62,1272.1,31
3713,2025-09-06,TR,Windows,ua_facebook,3,42.2,4
3714,2025-11-05,BR,ANDROID,ua_tiktok,1,12.4,2
3715,2025-11-21,RU,pc,organic,141,2837.2,81
3716,2026-03-16,TR,ANDROID,ua_google,6,126.1,4
3717,2026-01-21,DE,ios,organic,1,11.4,1
3718,2026-02-07,DE,ios,ua_google,1,18.3,2
3719,2026-01-10,BR,ANDROID,ua_facebook,3,126.3,5
3720,2025-11-24,FR,iOS,ua_facebook,27,523.4,12
3721,04.01.2026,PL,android,ua_facebook,160,3292.6,90
3722,2026-03-23,US,pc,organic,9,135.9,6
3723,2025-10-28,IN,pc,influencer,4,83.9,3
3724,2026-04-08,US,android,ua_google,1,45.5,1
3725,2025-10-25,MX,android,influencer,2,32.8,1
3726,2026-06-12,IN,android,organic,15,303.7,6
3727,2026-05-08,PL,Windows,cross_promo,8,174.8,5
3728,2026-01-16,н/д,ios,ua_google,2,26.1,5
3729,16.09.2025,PL,ios,ua_tiktok,20,498.7,14
3730,29.10.2025,US,android,ua_facebook,1,3.1,1
3731,02.09.2025,TR,pc,ua_google,4,82.3,6
3732,10.01.2026,TR,android,organic,13,180.2,3
3733,2025-10-14,IN,iOS,ua_tiktok,3,26.2,2
3734,2025-12-20,FR,android,influencer,12,243.5,5
3735,2025-11-02,FR,ios,ua_facebook,2,26.5,4
3736,2025-10-20,null,ios,ua_google,108,2376.2,54
3737,2026-03-29,USA,ANDROID,ua_tiktok,112,2587.7,53
3738,2025-11-30,PL,Windows,organic,1,9.0,2
3739,2026-03-06,US,ios,ua_google,3,49.7,2
3740,08.03.2026,PL,ios,influencer,96,2226.9,38
3741,2025-12-29,FR,ios,ua_google,2,24.8,3
3742,26.03.2026,Germany,ios,organic,1,9.5,1
3743,15.04.2026,IN,android,organic,6,,2
3744,14.01.2026,TR,android,ua_google,102,1974.2,55
3745,2026-01-20,US,pc,ua_tiktok,2,12.1,1
3746,2025-12-13,TR,ios,ua_tiktok,12,301.2,7
3747,2026-05-07,RU,ios,ua_google,23,491.9,15
3748,2025-10-29,DE,ios,ua_google,5,44.3,4
3749,2026-05-19,BR,android,ua_facebook,1,22.4,2
3750,2026-03-13,RU,ios,influencer,1,16.6,1
3751,2025-12-04,US,pc,organic,2,46.2,1
3752,30.09.2025,FR,pc,cross_promo,5,62.4,4
3753,2026-01-22,BR,android,ua_google,46,858.8,14
3754,2026-06-12,ES,ios,ua_google,6,141.4,3
3755,2026-02-16,US,iOS,cross_promo,3,NaN,4
3756,2026-05-10,US,ANDROID,ua_tiktok,1,15.3,1
3757,2026-02-20,DE,android,ua_google,11,326.2,6
3758,20.01.2026,DE,android,ua_google,2,19.8,2
3759,2026-02-10,FR,android,influencer,22,352.9,16
3760,2026-06-30,MX,android,ua_facebook,0,0,1
3761,2026-06-17,DE,Windows,ua_facebook,2,23.5,2
3762,2026-06-22,DE,android,ua_tiktok,1,22.0,1
3763,2025-09-04,BR,android,ua_facebook,1,30.7,1
3764,2025-10-12,de,android,ua_google,51,1059.3,32
3765,2026-02-18,BR,pc,ua_facebook,4,116.2,1
3766,15.05.2026,RU,ios,ua_google,1,25.9,2
3767,2025-12-10,DE,pc,organic,1,7.0,1
3768,2026-04-24,TR,ios,ua_google,3,56.4,3
3769,2026-01-01,US,android,ua_facebook,1,22.5,1
3770,2026-01-15,br,android,organic,4,96.9,1
3771,2025-11-30,ES,iOS,cross_promo,2,38.3,3
3772,2025-11-23,PL,ios,ua_facebook,2,19.2,1
3773,2025-10-30,US,android,ua_google,107,-,57
3774,04.05.2026,FR,android,ua_tiktok,1,6.1,1
3775,20.02.2026,TR,ios,ua_facebook,2,17.3,2
3776,2026-06-25,MX,ANDROID,ua_tiktok,3,null,4
3777,2025-12-21,US,android,ua_tiktok,1,3.2,1
3778,2025-12-14,BR,android,ua_facebook,1,5.2,1
3779,2025-09-25,US,pc,cross_promo,1,12.9,2
3780,2026-03-25,DE,iOS,ua_google,97,1832.9,57
3781,2025-12-05,br,ios,ua_tiktok,2,37.0,2
3782,16.02.2026,BR,pc,ua_tiktok,3,87.4,3
3783,02.06.2026,FR,android,ua_google,3,107.9,1
3784,10.11.2025,PL,Android,cross_promo,4,43.3,2
3785,2025-12-12,DE,android,ua_facebook,1,10.7,3
3786,2025-12-11,US,android,organic,8,138.1,3
3787,2026-06-12,IN,android,ua_tiktok,3,66.8,2
3788,2025-09-15,Brazil,android,ua_tiktok,30,643.2,17
3789,2026-04-21,ES,android,cross_promo,2,32.2,1
3790,2026-01-25,MX,ios,ua_facebook,3,,3
3791,2025-09-03,DE,android,ua_google,5,38.9,2
3792,31.10.2025,,ios,ua_google,15,294.6,15
3793,13.10.2025,FR,pc,organic,1,13.6,1
3794,16.11.2025,RU,android,organic,43,700.8,20
3795,2026-03-27,DE,ios,ua_facebook,4,124.1,3
3796,01.01.2026,DE,pc,organic,3,112.1,2
3797,2026-01-12,IN,ios,ua_facebook,1,5.0,1
3798,09.12.2025,RU,android,ua_google,63,1182.9,36
3799,2026-01-03,GER,pc,ua_google,110,2155.0,46
3800,2026-05-27,us,ios,ua_google,23,546.3,13
3801,2026-03-27,MX,ANDROID,ua_google,4,83.4,2
3802,2026-03-21,,pc,ua_tiktok,20,325.5,10
3803,09.04.2026,TR,ios,organic,3,"82,4",3
3804,2025-09-06,US,ios,influencer,1,5.2,1
3805,05.11.2025,BR,android,ua_facebook,1,,1
3806,05.06.2026,DE,pc,ua_facebook,28,453.6,12
3807,2026-02-22,MX,pc,cross_promo,1,37.1,1
3808,2026-04-01,TR,pc,ua_facebook,68,1511.7,23
3809,18.10.2025,IN,IOS,ua_facebook,4,64.1,4
3810,2025-09-09,PL,IOS,organic,1,21.6,2
3811,2026-01-14,US,iOS,cross_promo,3,30.2,1
3812,11.02.2026,DE,PC,influencer,127,2689.8,70
3813,2025-12-02,DE,ios,influencer,2,65.8,2
3814,2026-02-09,TR,pc,ua_tiktok,1,14.0,1
3815,2025-09-02,MX,android,ua_facebook,45,793.2,18
3816,2026-03-31,US,ios,influencer,1,72.1,1
3817,2026-03-11,MX,ios,influencer,3,49.5,2
3818,2026-02-23,ES,android,ua_facebook,2,30.8,2
3819,2026-04-20,TR,PC,ua_facebook,7,115.7,3
3820,2025-10-20,DE,pc,ua_facebook,95,"1640,8",51
3821,2026-05-04,IN,PC,ua_facebook,6,87.5,5
3822,2026-05-15,DE,pc,ua_tiktok,28,,13
3823,2025-10-26,ES,pc,ua_facebook,1,13.9,2
3824,05.01.2026,RU,ios,influencer,1,5.3,3
3825,2026-04-02,US,ios,organic,2,57.6,3
3826,2026-03-21,,android,ua_facebook,3,28.7,2
3827,2025-12-10,IN,android,ua_facebook,31,548.2,16
3828,2025-10-22,MX,Windows,organic,4,90.2,2
3829,2026-02-07,IN,android,ua_tiktok,7,127.1,9
3830,2025-12-18,IN,android,ua_tiktok,10,247.3,10
3831,2025-10-26,MX,android,organic,13,320.6,5
3832,2026-04-30,BR,android,ua_google,57,1042.2,30
3833,2026-04-17,BR,PC,ua_tiktok,79,1999.0,37
3834,26.03.2026,,Windows,cross_promo,20,364.8,14
3835,2026-02-18,MX,pc,ua_facebook,38,921.7,20
3836,2025-09-12,PL,android,cross_promo,6,178.4,2
3837,19.09.2025,DE,pc,ua_facebook,18,354.4,8
3838,06.12.2025,BR,Windows,organic,15,335.7,15
3839,2025-11-02,BR,pc,influencer,2,19.9,2
3840,01.11.2025,FR,ios,ua_google,2,25.6,4
3841,16.05.2026,MX,android,cross_promo,20,,12
3842,03.01.2026,FR,android,ua_google,22,499.2,16
3843,2026-02-13,BR,Android,ua_facebook,48,851.0,26
3844,26.03.2026,Germany,ANDROID,influencer,2,15.7,1
3845,2025-10-30,PL,ios,ua_google,17,441.7,6
3846,2026-01-11,US,ANDROID,cross_promo,9,246.8,7
3847,2025-10-13,,android,cross_promo,1,-,1
3848,2025-12-09,US,ANDROID,ua_facebook,4,92.0,3
3849,2025-11-21,RU,android,influencer,1,22.6,1
3850,13.01.2026,PL,android,ua_google,1,6.5,2
3851,05.12.2025,us,android,influencer,14,301.1,9
3852,2026-06-18,DE,PC,ua_tiktok,2,57.6,3
3853,2026-03-30,RU,IOS,ua_facebook,3,42.7,1
3854,2025-09-08,FR,Android,cross_promo,1,8.8,4
3855,2025-11-29,Germany,ios,ua_google,1,11.2,2
3856,2026-01-26,PL,android,ua_google,1,28.3,1
3857,2026-03-13,TR,pc,ua_tiktok,2,33.4,1
3858,2025-09-11,US,iOS,ua_tiktok,3,19.5,1
3859,2026-01-07,BR,ios,influencer,1,57.1,1
3860,2026-01-17,BR,android,organic,1,,1
3861,09.05.2026,MX,pc,ua_google,8,103.9,4
3862,2026-04-20,TR,pc,ua_tiktok,1,11.7,2
3863,2026-02-14,Brazil,ANDROID,organic,5,163.9,4
3864,2026-03-12,,pc,ua_google,87,1621.6,48
3865,2026-01-19,IN,android,cross_promo,77,1517.1,37
3866,2026-05-20,BR,android,ua_google,3,73.5,2
3867,2026-03-30,TR,android,ua_facebook,2,"41,0",2
3868,2026-01-15,PL,android,ua_facebook,65,-,20
3869,2025-10-12,ES,Android,cross_promo,125,2588.8,77
3870,2025-10-24,ES,Windows,ua_google,12,304.1,10
3871,2026-03-15,us,pc,cross_promo,23,"456,0",13
3872,16.06.2026,TR,android,ua_facebook,2,51.9,2
3873,05.09.2025,IN,android,ua_google,104,1954.2,58
3874,06.10.2025,US,android,organic,1,12.6,1
3875,2026-01-16,DE,IOS,organic,1,15.3,2
3876,2026-03-25,TR,ios,ua_tiktok,86,1632.4,32
3877,17.06.2026,ES,ANDROID,organic,3,79.5,2
3878,2026-02-24,TR,ios,organic,1,15.9,2
3879,2026-01-27,DE,android,ua_google,1,13.9,1
3880,2026-02-03,DE,android,ua_tiktok,43,-,21
3881,04.10.2025,RU,ios,ua_facebook,2,34.2,2
3882,2026-03-30,IN,pc,ua_facebook,14,"339,5",5
3883,2026-01-27,PL,android,ua_google,1,9.6,3
3884,2025-10-27,-,android,ua_google,5,55.9,3
3885,2025-09-04,TR,android,ua_facebook,1,13.3,1
3886,09.03.2026,BR,android,ua_tiktok,22,400.2,11
3887,27.09.2025,FR,android,ua_facebook,73,1548.7,33
3888,2025-12-16,US,ios,ua_facebook,6,75.3,4
3889,2026-03-15,TR,Android,organic,3,122.7,1
3890,04.03.2026,IN,pc,organic,132,null,77
3891,14.09.2025,IN,ios,organic,17,404.4,11
3892,2025-12-16,US,iOS,ua_google,1,26.6,2
3893,2026-05-14,MX,pc,ua_facebook,15,314.4,7
3894,2026-05-01,BR,ios,ua_google,3,48.4,1
3895,2025-09-08,FR,IOS,ua_facebook,2,65.4,1
3896,17.06.2026,br,ios,ua_tiktok,4,130.8,5
3897,27.04.2026,,android,ua_facebook,30,728.7,15
3898,2026-03-02,de,pc,organic,4,113.1,3
3899,2025-10-02,US,pc,ua_tiktok,66,1335.2,34
3900,2026-01-26,IN,android,organic,44,"914,4",18
3901,13.06.2026,PL,ios,ua_facebook,19,251.3,10
3902,2026-01-21,DE,android,influencer,1,8.1,1
3903,06.12.2025,PL,Windows,ua_tiktok,83,1752.3,33
3904,2026-04-26,DE,ios,cross_promo,18,442.0,9
3905,09.04.2026,DE,android,cross_promo,3,51.8,4
3906,2026-04-05,US,Android,ua_google,1,19.5,2
3907,2025-11-20,US,android,influencer,5,68.4,3
3908,2026-01-18,RU,IOS,organic,4,35.8,1
3909,2026-03-31,ES,android,ua_google,68,1426.7,38
3910,2025-12-11,ES,pc,ua_facebook,1,29.3,2
3911,2025-10-20,RU,android,ua_facebook,7,146.6,3
3912,24.10.2025,ES,pc,ua_tiktok,8,129.1,7
3913,2026-01-12,ru,android,ua_google,3,114.3,1
3914,2026-03-05,FR,ios,ua_google,52,912.0,18
3915,13.01.2026,DE,android,organic,8,92.5,3
3916,2025-12-29,Germany,android,organic,1,26.4,1
3917,2026-01-31,US,ios,ua_google,11,173.8,7
3918,07.10.2025,US,android,influencer,2,51.3,2
3919,01.11.2025,RU,ios,cross_promo,2,56.9,2
3920,2025-09-18,RU,android,ua_google,12,281.1,8
3921,2025-09-21,MX,android,ua_facebook,1,13.1,1
3922,2025-09-02,DE,Android,ua_google,2,51.7,4
3923,21.10.2025,RU,pc,influencer,23,387.9,17
3924,2026-04-11,IN,android,ua_facebook,1,87.1,1
3925,2026-05-08,IN,android,ua_facebook,6,83.5,3
3926,20.01.2026,IN,ios,influencer,5,118.4,3
3927,2026-03-21,US,pc,organic,1,16.2,1
3928,2026-04-08,DE,pc,organic,39,658.7,20
3929,2025-11-19,TR,ios,ua_google,4,39.7,4
3930,2026-06-29,null,android,influencer,1,3.6,2
3931,2025-09-21,PL,android,influencer,117,2333.5,60
3932,03.04.2026,,android,ua_google,3,15.9,2
3933,2025-12-25,ES,android,ua_facebook,1,11.3,1
3934,21.12.2025,IN,ios,ua_tiktok,16,,14
3935,29.09.2025,MX,ios,ua_facebook,1,16.5,2
3936,24.12.2025,US,android,cross_promo,4,107.3,3
3937,17.09.2025,NaN,ios,organic,1,34.1,3
3938,2026-03-13,GER,android,ua_google,4,33.0,1
3939,2026-02-14,IN,Windows,ua_google,39,840.5,23
3940,2026-05-10,ES,ANDROID,cross_promo,9,304.7,6
3941,18.01.2026,Germany,IOS,cross_promo,3,97.7,2
3942,2026-05-10,TR,pc,cross_promo,2,54.3,1
3943,11.01.2026,MX,ios,ua_facebook,1,8.4,1
3944,2025-10-21,DE,ios,cross_promo,3,87.4,1
3945,2025-10-17,DE,android,organic,3,31.9,1
3946,23.05.2026,Russia,android,ua_tiktok,9,182.9,7
3947,2026-05-29,FR,android,ua_facebook,9,298.6,5
3948,13.11.2025,MX,pc,ua_facebook,37,1024.6,22
3949,2026-06-23,Germany,ANDROID,ua_facebook,3,н/д,2
3950,2025-10-19,US,android,ua_facebook,1,32.3,1
3951,2025-10-25,PL,pc,ua_facebook,2,23.3,1
3952,21.09.2025,FR,android,ua_facebook,110,2416.9,51
3953,2026-02-17,DE,Android,cross_promo,2,10.2,2
3954,30.09.2025,BR,Windows,ua_facebook,1,2.7,2
3955,2026-05-08,Russia,Android,ua_google,8,111.9,9
3956,2026-06-04,BR,pc,cross_promo,14,252.2,7
3957,2026-02-08,TR,PC,ua_facebook,2,,1
3958,09.11.2025,us,pc,organic,11,161.5,10
3959,2026-04-27,ES,pc,cross_promo,79,1789.4,41
3960,2026-05-19,US,ios,ua_facebook,2,56.2,3
3961,14.04.2026,FR,ios,ua_facebook,10,197.8,5
3962,2025-09-27,FR,pc,ua_tiktok,247,5345.5,129
3963,18.06.2026,TR,android,ua_facebook,1,4.1,1
3964,2026-01-07,ES,PC,organic,7,245.7,4
3965,06.11.2025,us,pc,ua_facebook,2,16.3,1
3966,2025-12-22,ES,android,ua_facebook,1,23.4,1
3967,07.02.2026,BR,ios,ua_facebook,16,268.3,8
3968,2025-09-05,TR,ios,ua_facebook,13,248.5,5
3969,2025-09-06,ru,android,ua_facebook,3,12.8,2
3970,2025-11-21,DE,ANDROID,ua_facebook,1,25.9,2
3971,2026-01-08,br,pc,ua_facebook,2,65.9,1
3972,10.12.2025,US,android,organic,1,NaN,1
3973,2026-05-13,US,ios,organic,2,63.4,1
3974,2025-09-23,US,android,ua_facebook,30,621.9,15
3975,28.05.2026,TR,ios,influencer,2,72.4,2
3976,2026-05-06,PL,IOS,ua_google,1,42.8,1
3977,2026-05-26,PL,pc,influencer,27,"747,4",14
3978,02.04.2026,RU,ios,cross_promo,17,187.0,15
3979,2026-03-02,PL,android,ua_facebook,24,549.6,11
3980,2025-11-10,PL,android,ua_facebook,62,1086.0,32
3981,07.09.2025,IN,Android,ua_tiktok,167,"3214,3",83
3982,2025-11-28,DE,android,influencer,9,"163,0",5
3983,2026-06-03,TR,Android,ua_facebook,8,182.0,7
3984,2026-04-17,USA,pc,organic,2,17.6,1
3985,2026-03-06,BR,pc,cross_promo,4,NaN,4
3986,27.09.2025,BR,android,ua_google,3,25.2,3
3987,2025-11-08,USA,pc,ua_google,1,47.0,1
3988,21.10.2025,RU,android,ua_google,13,402.2,11
3989,2026-04-16,IN,ANDROID,ua_facebook,64,1320.6,36
3990,2026-03-25,RU,android,ua_tiktok,4,150.1,4
3991,23.03.2026,DE,pc,influencer,1,13.5,1
3992,2026-05-17,BR,ios,ua_facebook,49,1014.4,20
3993,2026-03-13,PL,android,influencer,1,31.0,3
3994,01.06.2026,ES,android,ua_google,1,6.7,1
3995,2026-01-11,RU,android,organic,4,н/д,3
3996,2026-05-31,ES,android,influencer,1,30.4,1
3997,2025-11-18,PL,ios,influencer,207,3783.4,105
3998,2026-03-11,null,IOS,ua_google,50,1068.6,30
3999,2026-06-08,DE,ios,ua_facebook,1,3.1,3
4000,2025-12-22,US,android,ua_facebook,2,21.3,4
4001,28.03.2026,BR,ios,organic,47,1070.0,19
4002,22.10.2025,BR,android,ua_tiktok,2,,1
4003,2026-05-24,,android,ua_facebook,4,94.3,4
4004,2026-02-10,US,ios,ua_google,5,78.7,4
4005,2026-03-06,BR,ios,influencer,140,2246.6,61
4006,2026-03-30,US,pc,ua_tiktok,12,247.1,4
4007,2025-09-09,BR,ios,ua_facebook,153,3390.9,81
4008,2026-02-07,IN,pc,organic,4,33.6,3
4009,2026-02-12,TR,android,ua_google,15,319.6,7
4010,2025-10-05,ES,pc,ua_facebook,71,1067.5,39
4011,11.09.2025,ES,ANDROID,ua_facebook,4,99.2,4
4012,2025-11-15,US,iOS,ua_google,1,-,2
4013,2026-04-24,TR,Android,ua_google,8,254.8,4
4014,2025-11-15,BR,android,cross_promo,1,43.2,1
4015,2025-10-23,FR,pc,ua_facebook,1,2.8,1
4016,2025-11-14,,android,ua_google,29,707.7,14
4017,2026-03-31,US,android,ua_tiktok,3,42.9,3
4018,2025-11-20,IN,android,ua_google,53,1222.1,27
4019,2025-10-26,DE,Android,ua_facebook,2,52.8,1
4020,2026-02-15,IN,android,ua_facebook,23,501.0,4
4021,2026-04-23,DE,PC,ua_facebook,4,55.7,4
4022,2026-04-13,us,Windows,ua_facebook,7,210.9,3
4023,2026-05-19,PL,Windows,ua_tiktok,2,26.8,1
4024,2025-09-19,IN,android,organic,111,2138.4,37
4025,2025-09-21,DE,ios,ua_facebook,161,3369.6,88
4026,2025-11-29,FR,android,organic,93,1914.1,32
4027,2025-11-30,MX,iOS,organic,10,"194,6",2
4028,02.11.2025,DE,pc,ua_facebook,14,246.9,9
4029,2025-10-30,TR,IOS,ua_tiktok,9,112.4,5
4030,2025-11-30,Russia,pc,ua_facebook,66,1682.4,33
4031,2026-02-10,ES,android,cross_promo,1,19.1,1
4032,13.09.2025,RU,PC,cross_promo,1,5.7,1
4033,11.09.2025,TR,PC,ua_facebook,250,5110.0,112
4034,27.10.2025,PL,Android,ua_facebook,73,1551.8,28
4035,2025-09-26,DE,android,ua_tiktok,15,283.0,3
4036,2026-02-10,PL,ios,cross_promo,5,80.6,2
4037,2025-11-20,DE,android,ua_facebook,4,35.6,3
4038,2026-05-24,PL,android,ua_facebook,6,98.1,5
4039,2026-05-21,DE,android,organic,5,121.4,5
4040,17.09.2025,US,android,cross_promo,33,576.2,15
4041,01.09.2025,RU,ANDROID,ua_facebook,12,187.9,10
4042,2025-09-16,FR,ios,ua_facebook,1,4.1,3
4043,2025-11-18,DE,Android,ua_facebook,10,159.5,8
4044,15.02.2026,FR,pc,ua_google,2,80.3,1
4045,2025-09-21,BR,android,organic,1,12.5,2
4046,2025-10-14,US,android,organic,21,NaN,11
4047,2026-02-16,IN,pc,ua_tiktok,6,89.2,4
4048,05.02.2026,TR,android,ua_google,8,140.8,8
4049,2025-11-21,GER,android,organic,36,-,22
4050,2026-06-23,RU,android,ua_google,3,51.5,3
4051,2025-10-30,DE,pc,ua_tiktok,2,12.6,2
4052,2025-12-19,US,android,ua_google,60,1407.1,26
4053,2026-03-06,Brazil,android,ua_tiktok,5,63.7,5
4054,2025-10-19,ES,ios,ua_google,8,"137,3",6
4055,2025-10-08,TR,android,influencer,25,551.1,13
4056,2025-11-15,MX,android,cross_promo,203,4538.9,101
4057,2026-03-30,US,ANDROID,influencer,4,124.3,5
4058,25.02.2026,DE,iOS,cross_promo,56,1292.8,30
4059,2025-11-23,RU,android,ua_tiktok,65,1822.6,31
4060,2025-09-10,US,android,ua_facebook,15,215.7,5
4061,2026-01-25,DE,pc,ua_tiktok,1,1.9,1
4062,2025-12-09,RU,android,influencer,3,80.2,2
4063,17.10.2025,IN,pc,influencer,101,2001.5,52
4064,2025-10-23,US,android,cross_promo,1,20.8,1
4065,2025-12-01,MX,ios,ua_google,6,76.5,6
4066,03.10.2025,US,pc,influencer,1,32.0,3
4067,2025-10-20,,ANDROID,ua_google,4,162.9,1
4068,2025-12-09,ru,ios,organic,92,,54
4069,10.12.2025,BR,pc,ua_facebook,1,15.2,1
4070,2026-01-27,ES,android,ua_facebook,22,383.5,11
4071,2025-09-04,FR,android,ua_google,43,699.5,23
4072,10.10.2025,TR,pc,ua_facebook,1,1.8,2
4073,2026-04-13,IN,pc,organic,4,70.0,3
4074,15.02.2026,MX,android,ua_google,3,109.8,3
4075,2026-05-14,DE,ios,ua_tiktok,1,NaN,2
4076,2025-11-14,IN,pc,ua_tiktok,60,1280.6,30
4077,11.01.2026,PL,ios,ua_google,2,12.0,1
4078,17.06.2026,TR,android,ua_tiktok,18,389.9,9
4079,2025-10-04,BR,ios,ua_tiktok,6,105.1,3
4080,2025-09-11,US,android,influencer,3,83.2,2
4081,12.04.2026,null,pc,cross_promo,2,13.5,2
4082,03.04.2026,BR,android,influencer,4,79.2,2
4083,2025-12-31,US,android,influencer,5,98.4,5
4084,2026-04-07,DE,pc,influencer,101,-,52
4085,2026-05-22,Brazil,android,ua_google,8,100.4,5
4086,2025-10-18,US,Windows,influencer,117,2082.1,56
4087,2026-01-14,TR,pc,ua_google,133,2294.4,57
4088,15.11.2025,RU,android,influencer,1,7.1,2
4089,2026-02-24,NaN,android,organic,63,1156.5,29
4090,2026-03-19,RU,ios,organic,1,41.5,3
4091,21.06.2026,MX,pc,ua_facebook,3,68.4,2
4092,06.10.2025,DE,pc,organic,107,null,47
4093,2025-09-04,-,ios,ua_facebook,2,19.9,4
4094,2025-09-03,DE,pc,influencer,16,319.5,7
4095,28.06.2026,DE,android,ua_facebook,6,80.7,2
4096,2025-12-12,PL,ios,ua_facebook,1,,1
4097,2026-06-10,PL,ios,ua_facebook,1,10.8,1
4098,2026-01-30,DE,android,ua_facebook,1,6.1,1
4099,2026-03-27,BR,pc,ua_facebook,111,2350.0,48
4100,2026-04-10,US,ios,cross_promo,10,171.7,4
4101,2026-03-20,IN,android,ua_google,8,,4
4102,2025-10-28,DE,android,ua_facebook,6,87.7,6
4103,27.03.2026,FR,pc,organic,1,10.0,2
4104,2026-06-14,BR,android,cross_promo,1,"50,7",3
4105,2025-11-21,IN,ios,ua_facebook,2,98.4,1
4106,2026-05-14,IN,android,organic,1,9.9,2
4107,31.10.2025,TR,ios,organic,55,1044.3,21
4108,2026-02-03,PL,android,ua_facebook,1,10.5,1
4109,2025-11-01,IN,ios,organic,3,61.9,1
4110,06.10.2025,ES,pc,ua_facebook,2,44.4,1
4111,2025-10-31,BR,ios,organic,2,67.9,1
4112,2025-11-22,US,android,ua_facebook,8,131.4,8
4113,31.01.2026,FR,Windows,ua_google,12,144.1,7
4114,25.10.2025,BR,android,ua_google,7,187.2,4
4115,2026-01-19,US,ios,ua_tiktok,81,"1457,1",46
4116,2025-09-16,TR,ios,ua_google,2,43.3,3
4117,2025-09-23,MX,android,ua_google,2,-,2
4118,2025-09-21,DE,android,ua_google,1,"5,3",1
4119,14.10.2025,-,android,ua_facebook,2,42.9,2
4120,2025-09-22,TR,Android,organic,5,,2
4121,2025-09-13,н/д,ANDROID,organic,21,381.1,8
4122,2026-05-05,US,android,ua_google,58,1362.2,34
4123,2025-12-16,RU,android,ua_google,1,27.0,2
4124,2026-03-10,н/д,Windows,organic,50,819.6,34
4125,2025-10-07,MX,iOS,ua_facebook,10,184.5,5
4126,2026-02-17,PL,pc,influencer,1,16.4,1
4127,23.01.2026,BR,android,ua_facebook,181,4028.5,87
4128,07.04.2026,TR,iOS,ua_facebook,4,117.2,2
4129,28.06.2026,DE,android,organic,1,3.0,3
4130,2026-03-25,IN,android,ua_tiktok,61,1522.5,31
4131,2026-05-29,TR,ios,ua_facebook,21,451.6,9
4132,18.06.2026,tr,ios,ua_facebook,5,73.5,2
4133,08.11.2025,TR,Windows,ua_google,2,40.9,1
4134,2026-05-18,BR,ios,influencer,6,169.4,2
4135,2026-04-13,PL,android,organic,4,62.7,5
4136,2026-05-09,NaN,PC,organic,3,47.7,4
4137,2026-03-08,DE,android,cross_promo,59,1309.4,27
4138,2025-12-26,DE,ios,ua_facebook,18,276.8,10
4139,12.05.2026,BR,pc,ua_tiktok,19,478.6,11
4140,2025-12-13,MX,android,ua_tiktok,2,42.6,2
4141,2025-11-28,DE,android,ua_tiktok,1,28.4,2
4142,2025-11-06,ES,pc,ua_facebook,31,622.5,19
4143,04.11.2025,PL,ios,influencer,104,1956.4,56
4144,2025-10-06,PL,android,influencer,88,1841.0,41
4145,2025-09-13,RU,android,ua_facebook,23,421.6,11
4146,2025-10-25,DE,android,ua_tiktok,10,113.8,9
4147,2026-02-26,RU,ANDROID,influencer,8,221.0,5
4148,08.12.2025,,pc,ua_google,2,44.5,1
4149,2026-03-01,US,ios,ua_facebook,23,544.8,11
4150,2026-02-28,Brazil,ANDROID,organic,1,20.6,1
4151,2026-03-19,DE,ios,ua_facebook,99,2148.1,39
4152,07.09.2025,ES,ios,organic,17,287.4,8
4153,26.09.2025,ES,android,organic,18,325.8,8
4154,2026-03-20,MX,android,ua_tiktok,3,"36,4",1
4155,2025-12-19,ES,android,influencer,70,1650.5,36
4156,2025-10-09,null,ios,ua_tiktok,3,15.3,4
4157,2026-06-08,DE,android,ua_google,2,15.9,2
4158,2025-12-17,IN,iOS,ua_facebook,3,38.9,2
4159,2026-03-07,PL,android,cross_promo,3,49.7,3
4160,2025-12-14,DE,pc,cross_promo,5,82.6,3
4161,14.05.2026,MX,Android,influencer,3,61.8,4
4162,2025-11-08,PL,pc,organic,25,518.0,13
4163,2026-04-19,RU,android,organic,2,50.5,1
4164,2026-04-08,TR,android,organic,1,,3
4165,2025-10-29,DE,Android,ua_google,7,88.0,2
4166,29.11.2025,TR,IOS,organic,14,256.0,9
4167,2025-11-19,FR,android,ua_facebook,1,2.8,1
4168,11.06.2026,br,android,organic,10,103.8,5
4169,2026-01-01,TR,ios,organic,31,666.3,12
4170,05.01.2026,FR,android,ua_tiktok,1,15.9,1
4171,06.02.2026,MX,android,ua_google,6,193.2,5
4172,2025-11-16,PL,pc,ua_tiktok,78,1613.9,45
4173,2025-10-17,IN,android,organic,2,40.5,3
4174,01.02.2026,IN,ios,ua_google,2,15.1,4
4175,2025-10-28,TR,iOS,ua_facebook,1,12.5,3
4176,30.11.2025,TR,android,ua_facebook,12,216.2,6
4177,04.09.2025,ES,android,ua_facebook,2,57.4,3
4178,2026-01-17,TR,ios,ua_google,2,16.3,4
4179,2025-12-01,US,ios,influencer,2,15.5,3
4180,27.10.2025,ES,android,ua_google,10,164.0,4
4181,2026-03-29,BR,ios,ua_tiktok,7,93.5,5
4182,2025-12-04,MX,android,influencer,2,37.5,1
4183,21.05.2026,PL,iOS,ua_google,37,620.9,22
4184,08.11.2025,TR,android,organic,17,366.2,12
4185,2026-03-20,PL,ios,ua_google,2,172.2,2
4186,18.06.2026,MX,ios,ua_facebook,1,9.3,1
4187,2026-03-14,PL,pc,ua_tiktok,130,"2693,0",63
4188,2026-04-15,US,ANDROID,organic,75,1394.6,40
4189,2025-11-17,RU,ios,ua_facebook,1,9.1,2
4190,2025-09-06,DE,android,organic,1,24.2,3
4191,2025-09-03,MX,pc,influencer,1,30.1,1
4192,2026-03-05,PL,pc,influencer,1,22.5,1
4193,2025-10-11,DE,pc,ua_tiktok,1,18.4,1
4194,2026-05-02,RU,PC,cross_promo,2,"78,5",3
4195,2026-06-02,FR,IOS,organic,31,738.1,17
4196,02.03.2026,DE,android,ua_facebook,52,1122.7,29
4197,2026-06-29,DE,android,ua_facebook,2,36.5,1
4198,01.09.2025,br,ios,influencer,67,н/д,34
4199,2026-04-07,Russia,android,influencer,6,120.6,2
4200,08.11.2025,TR,Android,ua_facebook,19,"383,1",10
4201,09.11.2025,IN,Windows,ua_facebook,1,10.2,1
4202,2026-02-07,US,ios,influencer,8,162.5,4
4203,2026-05-21,US,android,ua_tiktok,26,455.5,12
4204,2025-10-23,IN,pc,ua_google,93,2080.3,41
4205,2026-05-07,IN,ios,ua_tiktok,35,702.2,16
4206,22.10.2025,DE,android,organic,59,1342.8,40
4207,2025-12-09,RU,pc,organic,4,146.4,3
4208,19.03.2026,ES,android,ua_google,8,284.8,4
4209,2026-05-16,DE,ios,ua_google,1,28.1,1
4210,2025-11-16,BR,ios,influencer,16,484.8,10
4211,2025-10-02,н/д,ios,organic,11,305.4,4
4212,19.02.2026,IN,pc,ua_google,1,13.7,1
4213,2025-11-08,US,IOS,ua_google,39,715.7,24
4214,2026-04-19,BR,pc,ua_facebook,1,11.8,1
4215,2026-02-13,RU,ios,ua_google,12,239.1,3
4216,2026-05-20,US,android,ua_tiktok,2,"75,5",4
4217,2025-09-20,BR,ios,influencer,5,161.3,4
4218,2026-01-30,BR,ios,ua_tiktok,13,351.1,10
4219,08.05.2026,USA,Android,influencer,83,1613.9,39
4220,2026-03-18,DE,android,ua_tiktok,25,433.1,12
4221,2026-04-04,DE,android,ua_tiktok,2,26.9,2
4222,2026-02-19,BR,pc,influencer,24,352.3,3
4223,03.09.2025,de,android,organic,18,443.7,8
4224,2025-09-08,TR,android,organic,87,1955.6,51
4225,2026-06-09,PL,android,influencer,19,,15
4226,13.05.2026,IN,ios,organic,1,18.1,2
4227,16.11.2025,DE,ios,cross_promo,10,193.9,5
4228,12.10.2025,DE,pc,ua_facebook,57,1164.7,32
4229,2026-04-17,BR,android,ua_google,3,99.3,3
4230,2025-11-13,PL,android,organic,8,136.5,5
4231,2026-03-26,,PC,ua_facebook,7,135.9,3
4232,09.05.2026,US,ios,ua_google,8,151.6,4
4233,2025-09-05,PL,ios,cross_promo,1,4.8,2
4234,2026-02-06,н/д,android,ua_google,23,621.8,9
4235,2025-12-02,DE,iOS,ua_tiktok,22,389.8,4
4236,2026-01-27,ES,Android,organic,37,726.2,18
4237,2025-10-11,DE,pc,influencer,107,2345.0,60
4238,2025-09-11,TR,android,ua_facebook,1,32.4,1
4239,2026-05-19,MX,android,influencer,5,101.6,3
4240,12.10.2025,IN,Windows,cross_promo,46,881.0,24
4241,2025-12-03,PL,android,cross_promo,1,44.2,1
4242,2026-06-18,US,ANDROID,ua_facebook,13,null,3
4243,2025-09-26,BR,ios,influencer,1,8.7,1
4244,2025-09-06,PL,ios,cross_promo,46,915.2,18
4245,2026-04-29,RU,iOS,cross_promo,10,166.3,9
4246,11.12.2025,US,PC,ua_facebook,89,1761.7,49
4247,2026-05-29,BR,pc,ua_facebook,24,438.8,14
4248,2026-03-03,FR,ios,ua_facebook,9,210.0,4
4249,2025-09-24,TR,android,ua_google,65,1347.7,44
4250,2026-06-05,BR,pc,ua_tiktok,1,3.2,1
4251,09.11.2025,US,pc,ua_facebook,47,858.5,20
4252,2026-03-05,BR,IOS,organic,72,1323.1,23
4253,2026-01-13,PL,Windows,ua_facebook,4,86.9,2
4254,2026-06-05,US,iOS,ua_tiktok,1,5.7,1
4255,19.10.2025,US,android,ua_tiktok,9,"233,2",4
4256,03.10.2025,PL,android,ua_google,1,23.2,1
4257,2025-11-11,TR,pc,organic,101,1963.7,42
4258,2026-06-01,DE,ios,ua_facebook,4,137.6,4
4259,2026-06-10,FR,Windows,ua_google,19,,11
4260,2026-05-14,DE,iOS,organic,7,207.4,3
4261,2026-02-28,DE,android,ua_google,3,71.8,3
4262,12.10.2025,,android,ua_google,2,66.5,2
4263,26.06.2026,PL,ios,influencer,3,,2
4264,16.09.2025,US,ANDROID,ua_tiktok,2,46.7,3
4265,2025-10-12,TR,ios,ua_facebook,1,8.2,1
4266,29.12.2025,,ios,organic,6,"225,9",7
4267,2025-09-13,IN,pc,ua_google,2,32.6,2
4268,2026-06-30,BR,ios,ua_google,2,22.5,1
4269,2025-12-04,FR,android,ua_google,1,42.1,1
4270,2025-09-04,BR,ios,ua_facebook,1,15.3,1
4271,25.06.2026,BR,ios,cross_promo,3,57.3,2
4272,06.09.2025,BR,android,ua_google,14,381.6,7
4273,2026-04-05,RU,Windows,ua_facebook,10,186.9,4
4274,2026-03-16,MX,ANDROID,ua_google,1,3.4,1
4275,12.06.2026,RU,android,cross_promo,8,94.9,7
4276,2025-11-10,BR,android,ua_facebook,1,31.0,2
4277,2026-02-07,DE,ios,influencer,1,18.5,2
4278,2025-09-25,ru,pc,ua_tiktok,202,3938.2,100
4279,2025-09-03,FR,PC,organic,2,85.0,2
4280,27.04.2026,BR,ios,ua_tiktok,7,149.6,5
4281,22.12.2025,FR,ios,ua_facebook,61,1049.2,28
4282,2025-12-25,BR,ios,organic,1,7.7,1
4283,12.11.2025,IN,pc,cross_promo,5,170.1,3
4284,2026-05-05,US,android,ua_tiktok,20,573.8,13
4285,2026-06-02,DE,PC,influencer,10,"260,5",2
4286,2025-10-06,IN,ios,ua_facebook,108,2168.2,54
4287,13.01.2026,RU,android,ua_facebook,1,6.1,2
4288,2025-09-01,PL,android,ua_facebook,10,"200,0",7
4289,2025-09-16,US,android,ua_google,2,35.5,3
4290,2025-09-04,DE,pc,ua_facebook,1,5.0,2
4291,29.04.2026,MX,pc,organic,52,807.6,28
4292,31.10.2025,FR,android,ua_facebook,1,"2,7",3
4293,27.03.2026,MX,Android,cross_promo,1,20.3,1
4294,02.02.2026,DE,android,ua_tiktok,28,533.9,17
4295,2026-06-25,PL,android,ua_tiktok,1,18.9,1
4296,2026-05-21,BR,Windows,ua_tiktok,14,210.9,7
4297,2026-02-23,IN,Android,ua_facebook,1,2.4,2
4298,2026-01-21,DE,PC,ua_tiktok,1,5.3,1
4299,2026-02-01,TR,android,ua_google,1,5.6,1
4300,2025-11-21,PL,pc,cross_promo,4,53.9,1
4301,05.03.2026,DE,iOS,organic,3,,3
4302,2026-03-31,RU,Android,ua_google,15,178.1,12
4303,14.09.2025,PL,ios,ua_facebook,2,,3
4304,2026-01-04,ES,pc,ua_tiktok,15,307.9,13
4305,24.01.2026,BR,pc,ua_tiktok,8,163.6,3
4306,31.10.2025,MX,PC,ua_google,6,null,3
4307,09.06.2026,PL,android,ua_facebook,17,312.9,7
4308,2025-11-12,US,ios,ua_google,79,1921.9,39
4309,2025-10-03,PL,ANDROID,ua_google,2,13.7,2
4310,2025-09-29,RU,android,ua_google,3,93.4,1
4311,04.02.2026,PL,ios,ua_tiktok,29,502.1,16
4312,2025-10-13,BR,iOS,ua_google,224,4228.2,105
4313,2026-05-27,PL,pc,influencer,3,71.9,1
4314,2026-06-02,US,ios,ua_google,1,"29,2",3
4315,2025-09-05,FR,android,organic,1,2.0,1
4316,2026-03-26,DE,ANDROID,ua_google,19,469.9,12
4317,2025-10-23,BR,android,ua_tiktok,1,103.5,1
4318,2025-12-20,US,android,organic,4,84.9,2
4319,04.11.2025,Turkey,android,organic,26,599.2,11
4320,2025-09-21,TR,ios,ua_google,87,1902.3,49
4321,2025-09-06,DE,ios,organic,1,10.7,2
4322,2025-09-23,RU,pc,organic,4,54.3,4
4323,17.02.2026,TR,Android,organic,69,-,24
4324,2026-01-21,IN,pc,influencer,14,156.4,9
4325,24.04.2026,ru,ios,organic,2,13.7,3
4326,2025-09-24,US,android,organic,81,1814.9,49
4327,2026-02-04,BR,android,cross_promo,3,17.4,4
4328,2025-11-01,DE,pc,ua_google,17,304.2,9
4329,2025-09-09,BR,ios,ua_google,2,"33,7",1
4330,02.10.2025,RU,ios,ua_facebook,46,837.0,24
4331,2025-10-21,DE,android,ua_google,87,1784.5,41
4332,2026-02-26,br,ios,ua_facebook,11,226.6,5
4333,2025-10-18,US,android,ua_tiktok,68,1472.4,32
4334,2026-05-10,TR,android,influencer,1,19.2,3
4335,2025-10-09,BR,pc,organic,4,67.5,1
4336,2026-03-15,PL,android,ua_facebook,1,8.5,2
4337,2026-06-03,BR,android,ua_facebook,1,7.6,1
4338,2026-04-18,DE,iOS,organic,32,552.8,16
4339,23.02.2026,DE,IOS,cross_promo,18,454.3,8
4340,30.10.2025,IN,pc,ua_google,3,39.7,1
4341,2026-03-18,DE,pc,ua_facebook,21,299.5,13
4342,11.12.2025,PL,ios,ua_facebook,1,27.2,2
4343,17.01.2026,TR,ios,ua_google,1,16.1,1
4344,2025-09-01,PL,pc,organic,3,null,2
4345,17.02.2026,BR,ios,influencer,4,63.4,1
4346,2025-11-10,н/д,iOS,organic,6,103.3,4
4347,2025-09-22,PL,Android,ua_tiktok,1,10.7,3
4348,2026-03-11,USA,ios,influencer,84,2053.7,50
4349,2026-02-10,tr,android,organic,1,22.0,2
4350,24.04.2026,FR,ios,ua_google,32,639.8,13
4351,2025-09-13,BR,PC,ua_tiktok,11,169.8,6
4352,2025-10-21,MX,android,ua_facebook,133,2777.7,79
4353,05.10.2025,IN,android,ua_google,1,"6,0",1
4354,2025-09-04,PL,pc,ua_tiktok,25,,11
4355,2025-12-16,ES,pc,organic,7,173.3,3
4356,2026-03-06,ES,pc,ua_google,1,36.2,2
4357,2025-09-04,TR,android,cross_promo,1,5.3,2
4358,20.01.2026,RU,android,organic,3,31.6,1
4359,25.06.2026,Germany,ios,ua_facebook,1,28.8,2
4360,2026-05-20,US,ios,cross_promo,18,292.0,9
4361,15.11.2025,PL,android,cross_promo,43,1275.3,17
4362,25.10.2025,BR,ANDROID,ua_tiktok,9,156.9,6
4363,2025-10-19,IN,android,ua_tiktok,5,"139,0",7
4364,2025-11-09,FR,pc,ua_google,2,16.0,4
4365,2026-02-26,US,android,cross_promo,17,355.2,9
4366,2026-01-25,PL,ios,ua_facebook,4,40.2,6
4367,2025-12-27,RU,ios,ua_google,3,"66,8",3
4368,2026-01-03,FR,iOS,ua_facebook,58,1008.5,19
4369,2026-04-22,BR,ios,ua_facebook,54,1083.0,23
4370,2026-06-13,DE,ios,ua_tiktok,9,174.4,4
4371,15.06.2026,DE,android,ua_tiktok,14,379.9,9
4372,2026-02-07,IN,pc,ua_google,45,971.1,24
4373,2025-11-10,PL,ios,organic,3,81.8,2
4374,17.05.2026,TR,ANDROID,ua_facebook,39,"745,6",17
4375,24.04.2026,US,Android,influencer,2,28.3,3
4376,2025-09-12,US,ios,ua_google,4,52.6,3
4377,2025-12-28,Russia,android,ua_google,13,234.0,4
4378,2026-06-23,US,android,ua_google,6,117.0,2
4379,2025-12-24,US,IOS,ua_tiktok,7,154.7,7
4380,2026-02-13,IN,android,ua_tiktok,10,"151,2",9
4381,2026-03-10,BR,pc,ua_google,1,15.1,2
4382,2025-12-16,RU,android,ua_facebook,4,74.4,3
4383,2025-09-09,DE,IOS,ua_facebook,15,412.6,13
4384,03.06.2026,PL,ios,ua_facebook,1,null,1
4385,14.12.2025,FR,android,ua_facebook,32,593.6,14
4386,2025-12-04,TR,ios,ua_facebook,29,569.0,20
4387,2026-04-26,BR,pc,ua_facebook,4,н/д,3
4388,2025-11-12,RU,ios,ua_facebook,21,339.0,8
4389,2026-04-15,,ios,ua_facebook,18,301.9,9
4390,2026-05-26,BR,Windows,ua_tiktok,2,32.4,3
4391,15.10.2025,RU,android,ua_facebook,1,5.8,2
4392,2025-10-03,MX,ios,organic,20,452.6,11
4393,2026-03-13,US,ios,influencer,1,40.2,1
4394,13.02.2026,DE,pc,ua_google,1,5.9,2
4395,2026-06-25,FR,android,organic,2,,2
4396,2025-10-26,,ios,influencer,11,161.5,12
4397,2025-10-10,US,PC,cross_promo,1,15.7,3
4398,2026-01-22,MX,ios,ua_tiktok,4,101.2,1
4399,2026-03-08,US,ios,ua_facebook,105,2321.8,45
4400,2025-12-27,FR,android,ua_tiktok,10,181.4,8
4401,29.11.2025,DE,pc,ua_facebook,1,11.4,1
4402,2025-09-06,BR,ios,influencer,63,1331.4,34
4403,2026-01-04,ru,ios,ua_google,11,217.0,6
4404,2026-01-23,MX,pc,ua_facebook,4,104.8,4
4405,02.09.2025,US,ios,influencer,112,2030.4,41
4406,2026-06-19,PL,ios,ua_tiktok,2,,3
4407,2026-03-03,DE,ios,ua_google,5,81.6,3
4408,2026-04-30,FR,IOS,ua_facebook,3,110.2,3
4409,2026-03-14,FR,android,influencer,2,32.5,1
4410,2025-10-22,RU,android,ua_google,2,19.5,1
4411,2026-02-16,,android,ua_google,7,218.5,5
4412,2025-11-21,US,ios,ua_google,11,177.9,7
4413,2025-10-13,DE,android,organic,1,8.9,2
4414,2026-02-17,TR,android,ua_facebook,1,,1
4415,2026-02-27,FR,pc,ua_google,11,314.7,8
4416,2026-05-08,DE,ANDROID,ua_facebook,1,32.8,1
4417,2025-11-30,RU,pc,ua_facebook,1,12.9,2
4418,2026-05-21,de,Windows,ua_google,5,48.8,1
4419,09.06.2026,IN,android,ua_facebook,12,210.9,10
4420,2025-10-14,Russia,ios,ua_tiktok,55,1218.5,38
4421,09.02.2026,US,IOS,organic,1,"25,4",2
4422,2025-09-19,TR,PC,ua_tiktok,2,26.3,3
4423,2025-09-28,PL,IOS,ua_google,34,"669,4",16
4424,12.02.2026,MX,Windows,ua_tiktok,2,16.8,1
4425,2026-01-31,FR,pc,influencer,1,9.0,2
4426,2026-02-07,RU,pc,ua_facebook,74,1837.2,36
4427,2026-01-26,NaN,ios,ua_google,112,2174.2,51
4428,06.11.2025,US,ios,organic,1,2.9,1
4429,19.03.2026,BR,ios,ua_facebook,1,2.6,1
4430,2025-09-28,ES,pc,organic,6,77.9,6
4431,2026-06-11,MX,android,ua_tiktok,15,206.0,4
4432,2025-12-14,MX,android,influencer,5,29.1,4
4433,01.09.2025,US,android,ua_google,1,5.6,1
4434,2025-12-26,DE,ios,ua_tiktok,11,205.7,6
4435,22.09.2025,,ios,organic,9,"136,3",5
4436,2026-02-09,DE,android,cross_promo,56,994.6,34
4437,23.04.2026,FR,android,ua_facebook,3,53.6,1
4438,2025-11-25,IN,android,ua_facebook,32,"807,0",17
4439,2026-03-11,RU,pc,ua_tiktok,11,272.3,2
4440,2025-09-01,DE,Android,cross_promo,1,5.8,1
4441,03.10.2025,BR,pc,ua_facebook,17,435.0,13
4442,2026-04-02,TR,ios,organic,84,1333.5,33
4443,2025-09-04,ru,pc,ua_tiktok,7,80.3,9
4444,19.02.2026,BR,android,ua_tiktok,14,255.3,11
4445,2025-10-27,DE,ios,ua_facebook,1,4.2,1
4446,15.12.2025,US,android,influencer,2,,1
4447,2026-03-14,PL,android,ua_google,4,81.9,1
4448,07.09.2025,IN,Windows,organic,2,15.0,2
4449,2025-12-08,US,pc,organic,2,47.7,2
4450,29.01.2026,FR,Windows,ua_google,1,8.0,1
4451,04.11.2025,BR,ANDROID,ua_facebook,1,5.6,2
4452,19.09.2025,PL,android,influencer,24,367.8,9
4453,24.05.2026,FR,android,influencer,8,176.8,2
4454,2026-04-30,IN,ios,ua_tiktok,10,310.8,6
4455,2026-04-30,PL,android,ua_tiktok,30,605.2,16
4456,01.03.2026,US,android,ua_facebook,5,82.0,1
4457,2025-10-06,br,ios,ua_facebook,27,534.2,9
4458,2025-12-13,DE,ios,ua_tiktok,12,222.1,5
4459,2025-09-22,RU,ios,ua_google,1,32.4,2
4460,2025-11-28,ES,Windows,ua_facebook,3,"89,5",6
4461,2025-09-01,FR,ios,organic,56,1048.3,25
4462,2026-05-19,MX,iOS,ua_facebook,2,22.1,2
4463,2026-05-10,PL,IOS,ua_tiktok,5,61.2,6
4464,12.02.2026,ES,ios,ua_facebook,75,1822.3,37
4465,2025-09-18,NaN,ios,ua_facebook,7,102.3,4
4466,10.09.2025,BR,ios,ua_facebook,3,41.0,1
4467,02.09.2025,PL,iOS,cross_promo,3,50.3,1
4468,2026-04-12,PL,pc,influencer,31,449.0,13
4469,2026-03-18,FR,Android,ua_tiktok,1,25.5,2
4470,2026-01-08,IN,android,ua_google,3,40.0,6
4471,2026-05-30,US,android,ua_facebook,1,"10,9",2
4472,2025-10-06,MX,android,ua_tiktok,3,101.6,2
4473,2025-10-15,TR,android,influencer,3,37.4,4
4474,2026-06-27,GER,pc,ua_google,6,207.9,6
4475,2026-03-18,PL,IOS,ua_tiktok,2,54.1,1
4476,2025-11-24,IN,android,cross_promo,12,249.7,5
4477,2025-09-24,ES,pc,organic,2,13.3,3
4478,2025-11-12,FR,pc,ua_facebook,144,3193.5,63
4479,2025-09-18,BR,Windows,organic,13,,9
4480,30.11.2025,US,android,influencer,2,23.3,4
4481,21.10.2025,BR,ios,ua_facebook,18,274.7,9
4482,2025-10-09,IN,IOS,organic,7,99.6,7
4483,2026-05-25,DE,android,organic,1,24.0,2
4484,2026-03-07,RU,pc,ua_facebook,32,542.2,18
4485,2025-09-24,MX,android,organic,11,282.0,5
4486,2025-11-23,US,pc,ua_tiktok,5,54.4,3
4487,28.05.2026,PL,android,ua_tiktok,2,31.0,2
4488,2025-12-04,MX,android,ua_google,3,н/д,1
4489,2025-09-27,DE,Android,ua_facebook,202,4377.5,104
4490,2026-01-31,GER,android,ua_tiktok,20,388.9,13
4491,2025-10-08,PL,android,organic,1,14.6,2
4492,2026-01-09,US,android,influencer,3,42.6,1
4493,2025-11-01,Brazil,android,organic,4,86.8,2
4494,02.09.2025,MX,android,organic,341,6896.2,187
4495,14.03.2026,BR,pc,ua_facebook,2,23.3,2
4496,2026-05-16,PL,pc,ua_tiktok,10,172.7,3
4497,2026-02-26,ES,pc,ua_google,4,65.5,1
4498,2025-10-14,US,android,ua_google,1,5.6,1
4499,2025-11-11,PL,Windows,ua_tiktok,2,22.0,2
4500,2026-01-17,US,ios,ua_facebook,3,38.5,1
4501,2026-04-06,FR,ios,organic,2,NaN,3
4502,2025-12-25,US,Windows,organic,6,63.9,5
4503,2025-10-13,IN,android,ua_facebook,8,251.8,5
4504,2025-09-28,,pc,organic,12,210.3,8
4505,2025-09-20,US,ios,organic,1,12.7,2
4506,2025-10-03,,pc,influencer,3,64.9,2
4507,2026-06-03,FR,android,ua_google,5,,1
4508,11.03.2026,RU,PC,influencer,4,"62,0",1
4509,2025-10-25,MX,android,ua_google,1,92.4,1
4510,15.05.2026,FR,android,ua_facebook,1,11.9,1
4511,2025-11-22,BR,ios,organic,24,311.1,13
4512,2026-02-20,US,pc,ua_facebook,1,85.4,1
4513,2026-03-07,DE,ios,ua_facebook,2,43.7,1
4514,2025-09-07,TR,iOS,ua_google,7,222.1,3
4515,2026-04-06,US,pc,organic,6,101.5,5
4516,2026-06-13,br,ios,ua_google,7,62.2,3
4517,21.12.2025,ES,ios,ua_facebook,5,105.3,5
4518,2025-09-20,ES,ios,organic,13,259.8,6
4519,2025-09-12,RU,ios,ua_google,7,129.6,5
4520,2025-09-13,RU,ios,ua_facebook,269,5540.1,141
4521,2025-10-08,FR,Windows,ua_facebook,1,6.2,1
4522,12.09.2025,IN,android,ua_tiktok,11,166.5,7
4523,07.02.2026,US,ios,ua_google,1,,2
4524,23.11.2025,MX,android,ua_facebook,1,25.1,1
4525,2026-05-12,TR,IOS,ua_tiktok,22,584.0,14
4526,06.12.2025,US,ios,ua_google,3,39.8,2
4527,2025-11-17,BR,pc,ua_tiktok,34,667.6,20
4528,2026-01-08,Brazil,android,ua_tiktok,6,161.4,2
4529,2026-03-20,DE,ios,cross_promo,2,18.3,3
4530,2025-10-30,IN,pc,cross_promo,12,,5
4531,2026-01-27,BR,Windows,cross_promo,144,2674.9,63
4532,27.12.2025,FR,ios,ua_tiktok,3,56.1,3
4533,12.11.2025,DE,IOS,ua_google,13,176.8,7
4534,05.04.2026,ES,pc,influencer,73,1402.7,27
4535,2026-06-19,PL,pc,organic,15,271.6,10
4536,10.01.2026,PL,ios,ua_facebook,125,2443.1,53
4537,2025-09-04,ru,android,influencer,199,-,97
4538,09.06.2026,US,android,ua_google,22,557.9,17
4539,2025-09-02,TR,pc,ua_facebook,21,527.6,12
4540,2026-05-13,PL,android,influencer,1,20.3,2
4541,2026-02-12,PL,ios,ua_facebook,2,39.3,3
4542,07.10.2025,ES,ios,organic,3,20.0,4
4543,06.06.2026,US,ios,ua_google,2,"27,6",2
4544,2026-05-24,TR,pc,ua_google,8,183.2,8
4545,15.05.2026,br,android,ua_facebook,12,195.9,4
4546,28.06.2026,PL,Windows,organic,1,19.6,1
4547,2026-02-12,RU,ios,ua_google,95,1892.9,44
4548,2026-02-21,DE,ios,ua_facebook,3,51.9,3
4549,03.10.2025,BR,Android,ua_google,10,117.8,8
4550,2026-05-15,DE,pc,ua_facebook,19,312.6,13
4551,2025-09-04,GER,android,ua_google,1,43.3,1
4552,2026-06-21,TR,android,ua_google,3,88.6,2
4553,2025-10-23,FR,android,organic,34,524.8,15
4554,2025-12-29,FR,iOS,ua_facebook,2,99.0,1
4555,2025-11-20,BR,ios,influencer,41,796.4,25
4556,2026-03-20,FR,android,ua_facebook,26,473.4,9
4557,2026-02-15,RU,iOS,ua_google,15,463.4,7
4558,01.05.2026,DE,android,ua_google,2,30.9,2
4559,2026-06-28,TR,pc,influencer,2,10.9,3
4560,14.12.2025,DE,Windows,ua_tiktok,4,120.7,4
4561,2026-03-30,US,android,organic,36,886.7,13
4562,2026-05-04,RU,android,ua_google,3,47.8,5
4563,2025-09-03,TR,ios,ua_facebook,2,19.3,2
4564,2026-03-01,PL,android,organic,14,237.8,8
4565,2025-12-19,MX,ios,ua_tiktok,6,118.0,3
4566,2025-09-16,US,ios,ua_tiktok,2,16.6,2
4567,2026-02-05,US,IOS,ua_facebook,4,113.3,2
4568,2026-06-17,PL,ios,ua_facebook,5,48.1,4
4569,2026-01-05,IN,Android,ua_tiktok,1,20.9,1
4570,2025-09-13,FR,IOS,influencer,2,"33,5",2
4571,18.12.2025,DE,android,ua_tiktok,13,308.5,5
4572,13.05.2026,PL,PC,ua_google,4,,1
4573,2026-04-23,de,android,ua_tiktok,12,227.6,7
4574,01.03.2026,BR,pc,ua_facebook,92,1873.8,48
4575,24.01.2026,GER,ios,ua_facebook,33,585.7,16
4576,2025-10-18,MX,android,ua_facebook,1,32.2,3
4577,07.09.2025,IN,Android,influencer,1,10.9,1
4578,30.10.2025,US,ios,ua_google,27,487.3,19
4579,2026-02-28,DE,Windows,ua_google,1,9.8,1
4580,07.09.2025,TR,android,ua_google,16,288.4,6
4581,2026-01-05,RU,android,ua_tiktok,13,283.8,8
4582,2025-11-11,IN,ios,cross_promo,8,180.6,3
4583,2025-11-26,RU,Android,organic,154,2962.8,60
4584,2026-04-16,RU,Android,organic,77,1271.4,36
4585,03.01.2026,ES,android,influencer,3,21.0,1
4586,09.12.2025,US,pc,ua_facebook,10,229.9,6
4587,2026-03-23,BR,android,cross_promo,7,106.8,6
4588,2025-09-15,BR,ios,influencer,51,1123.0,26
4589,2025-09-16,,ANDROID,organic,78,1543.7,50
4590,2026-03-08,PL,ios,ua_google,1,3.8,1
4591,01.03.2026,null,ios,ua_tiktok,2,38.0,2
4592,19.10.2025,н/д,pc,ua_google,177,3960.7,90
4593,19.04.2026,ES,pc,organic,17,414.2,15
4594,2025-10-17,Brazil,android,ua_tiktok,7,116.4,6
4595,2025-09-01,PL,pc,influencer,96,1925.5,50
4596,2026-03-30,DE,android,organic,68,1460.5,31
4597,2026-03-09,IN,ios,cross_promo,72,1333.4,47
4598,2025-09-19,TR,android,cross_promo,83,1681.4,37
4599,2025-11-05,PL,android,influencer,223,4198.9,104
4600,2026-02-04,TR,android,ua_tiktok,1,6.8,1
4601,2025-09-26,BR,pc,ua_tiktok,8,н/д,3
4602,2025-10-22,PL,android,ua_facebook,20,NaN,11
4603,2025-12-25,USA,pc,cross_promo,12,,2
4604,2026-01-20,US,android,ua_tiktok,1,22.8,1
4605,24.11.2025,,ios,organic,1,17.6,2
4606,31.10.2025,PL,pc,ua_facebook,17,257.9,12
4607,02.05.2026,PL,ios,organic,1,45.9,2
4608,2026-02-09,RU,pc,influencer,14,254.0,5
4609,31.10.2025,BR,ios,ua_google,8,244.2,4
4610,12.03.2026,US,ios,influencer,10,210.7,4
4611,2025-11-10,DE,pc,organic,8,102.6,6
4612,06.09.2025,DE,pc,organic,4,115.2,3
4613,2025-12-02,BR,android,cross_promo,11,173.9,9
4614,2026-03-09,MX,ios,ua_tiktok,1,10.1,2
4615,2025-10-04,null,pc,organic,18,240.2,12
4616,2025-12-24,PL,iOS,ua_google,47,884.0,29
4617,2025-09-27,PL,iOS,ua_facebook,2,14.4,2
4618,20.10.2025,TR,android,cross_promo,55,1150.4,24
4619,2026-05-14,Russia,pc,ua_facebook,2,44.2,1
4620,2026-03-20,US,ios,organic,5,н/д,1
4621,2026-04-02,FR,ios,ua_google,6,82.5,1
4622,2025-10-17,FR,android,ua_tiktok,9,218.7,8
4623,2025-09-02,IN,iOS,ua_facebook,142,2814.7,73
4624,2025-09-19,MX,ios,organic,30,655.5,16
4625,2026-01-06,IN,pc,ua_tiktok,6,276.4,2
4626,2026-05-27,RU,android,ua_tiktok,8,,5
4627,2026-02-19,BR,android,ua_google,1,12.8,2
4628,2025-12-24,MX,pc,ua_google,28,718.2,16
4629,2026-05-25,BR,pc,ua_facebook,15,364.9,4
4630,2026-05-22,PL,pc,ua_tiktok,2,32.7,3
4631,2026-03-19,TR,Windows,organic,3,31.4,2
4632,22.01.2026,null,ios,ua_facebook,2,19.0,1
4633,2026-02-09,RU,android,cross_promo,5,137.5,5
4634,26.12.2025,USA,ios,ua_google,17,346.8,12
4635,2026-05-19,DE,android,cross_promo,15,236.3,9
4636,2025-12-12,US,ios,organic,107,2209.5,64
4637,2026-03-02,DE,Windows,ua_facebook,70,-1309.4,33
4638,23.09.2025,TR,ANDROID,cross_promo,11,201.0,6
4639,2025-09-11,BR,android,cross_promo,55,1110.8,28
4640,2026-04-15,NaN,android,ua_google,4,71.2,3
4641,26.09.2025,IN,pc,ua_facebook,2,23.3,3
4642,08.11.2025,TR,ios,ua_facebook,33,482.3,13
4643,23.09.2025,RU,android,ua_facebook,6,200.3,3
4644,05.12.2025,PL,ios,ua_google,11,169.9,9
4645,2025-09-26,IN,ios,ua_google,22,479.4,13
4646,2025-09-02,DE,Android,organic,8,128.8,3
4647,07.04.2026,NaN,pc,organic,5,172.1,3
4648,2026-04-19,RU,android,organic,13,-,8
4649,2026-03-12,PL,android,ua_google,2,29.5,2
4650,2026-06-24,IN,android,ua_facebook,5,52.6,4
4651,2026-01-19,Russia,PC,ua_tiktok,16,256.8,8
4652,30.10.2025,ES,pc,organic,1,4.7,3
4653,2025-09-23,,ios,ua_google,2,н/д,2
4654,2026-01-05,DE,PC,organic,2,25.6,3
4655,2025-10-09,MX,android,ua_facebook,1,5.2,1
4656,2026-06-24,GER,IOS,ua_facebook,2,197.2,1
4657,13.03.2026,US,android,ua_tiktok,1,21.5,1
4658,2025-10-02,RU,android,organic,9,-277.1,6
4659,2026-03-25,RU,ios,organic,5,63.0,4
4660,2026-02-15,BR,ios,ua_google,36,696.0,20
4661,08.05.2026,BR,ios,ua_google,66,-,28
4662,2026-06-14,BR,android,ua_google,1,99.2,1
4663,2026-05-12,BR,android,ua_facebook,25,405.9,13
4664,2026-03-08,de,IOS,ua_facebook,42,985.8,24
4665,2025-10-27,USA,ANDROID,organic,6,207.5,2
4666,2026-02-12,PL,pc,ua_google,53,1170.5,20
4667,2026-01-20,н/д,ios,ua_google,1,16.8,2
4668,2026-01-23,FR,ios,influencer,24,497.6,13
4669,2025-11-30,TR,android,influencer,1,"12,3",1
4670,14.10.2025,FR,pc,ua_google,70,н/д,36
4671,07.04.2026,RU,pc,influencer,53,959.7,23
4672,03.04.2026,PL,ANDROID,ua_tiktok,17,"324,0",2
4673,01.05.2026,FR,iOS,ua_google,2,12.4,2
4674,2025-11-27,PL,Android,organic,6,64.7,6
4675,02.09.2025,BR,android,ua_facebook,8,185.2,5
4676,2025-09-18,PL,android,ua_facebook,1,3.6,1
4677,2026-05-12,DE,android,ua_google,3,27.0,1
4678,06.09.2025,DE,android,ua_google,2,265.5,2
4679,2025-10-26,US,android,ua_tiktok,83,2017.6,39
4680,2026-01-18,ES,android,influencer,4,null,5
4681,2026-01-20,ES,android,ua_tiktok,1,"14,0",2
4682,2025-11-22,RU,pc,ua_tiktok,93,1724.4,54
4683,2025-10-04,DE,Android,ua_facebook,13,323.3,10
4684,2025-09-02,ru,android,organic,13,360.4,11
4685,2025-10-15,US,ios,organic,35,623.3,26
4686,2026-05-20,DE,android,cross_promo,13,182.5,5
4687,2026-05-23,BR,android,ua_google,1,29.4,1
4688,2025-12-23,FR,ios,ua_facebook,29,590.3,11
4689,2026-05-07,BR,ios,ua_facebook,1,25.3,2
4690,2025-11-05,BR,ios,organic,1,56.1,3
4691,2026-04-06,US,android,ua_google,3,null,1
4692,2025-11-20,PL,pc,ua_facebook,15,261.9,7
4693,2025-09-24,ES,ios,cross_promo,96,1847.7,46
4694,2026-02-27,FR,ios,ua_google,1,50.0,1
4695,22.12.2025,MX,ANDROID,cross_promo,1,7.2,2
4696,2025-09-28,NaN,android,ua_google,6,64.1,6
4697,2026-06-02,FR,ios,ua_google,2,21.0,1
4698,2026-06-05,Russia,ios,ua_google,1,3.3,1
4699,2026-05-23,BR,android,ua_facebook,9,194.4,6
4700,24.04.2026,,pc,ua_facebook,42,,26
4701,24.03.2026,US,pc,influencer,2,15.5,2
4702,2026-01-21,BR,ios,influencer,44,645.1,16
4703,2026-04-01,ES,ANDROID,cross_promo,5,н/д,3
4704,2026-06-07,MX,Windows,ua_google,2,23.2,2
4705,12.06.2026,USA,ios,organic,1,н/д,2
4706,2025-12-17,RU,pc,influencer,1,"24,8",4
4707,09.11.2025,br,ios,ua_facebook,4,189.9,5
4708,2025-10-10,FR,Android,ua_google,56,1339.8,21
4709,25.09.2025,MX,android,ua_google,3,24.5,4
4710,17.02.2026,TR,android,ua_google,11,198.7,7
4711,2025-09-17,US,ios,cross_promo,8,129.1,2
4712,2026-04-05,IN,ios,ua_facebook,8,154.2,5
4713,01.09.2025,FR,ios,ua_google,3,null,5
4714,2025-10-30,ES,pc,ua_google,1,19.8,1
4715,24.02.2026,BR,android,cross_promo,1,39.1,1
4716,2026-03-23,DE,pc,ua_google,66,"1193,4",33
4717,2025-11-18,PL,android,cross_promo,3,50.7,3
4718,2025-09-07,DE,pc,ua_facebook,1,19.8,2
4719,2025-10-20,BR,android,cross_promo,48,760.4,28
4720,2025-12-21,IN,android,ua_google,1,19.5,1
4721,2025-10-25,RU,pc,organic,3,115.8,4
4722,07.01.2026,DE,pc,organic,80,1556.4,36
4723,2025-10-31,US,android,organic,2,68.2,3
4724,2026-05-01,PL,ios,organic,7,173.8,3
4725,2026-01-31,DE,ANDROID,ua_tiktok,6,129.7,4
4726,2026-06-18,DE,pc,ua_facebook,3,74.3,2
4727,2026-06-25,NaN,android,organic,3,,1
4728,07.03.2026,TR,pc,influencer,2,,2
4729,07.05.2026,RU,ios,cross_promo,1,29.0,3
4730,2025-09-25,PL,ios,ua_tiktok,6,104.9,1
4731,2025-09-22,,ios,organic,17,"296,1",10
4732,2026-02-22,BR,android,ua_facebook,4,37.2,1
4733,25.09.2025,RU,ios,cross_promo,2,25.7,2
4734,2025-09-23,IN,android,ua_facebook,168,3558.5,74
4735,2025-11-30,FR,ios,ua_google,5,null,2
4736,2026-05-30,TR,ios,organic,1,18.1,1
4737,16.02.2026,IN,ios,ua_google,5,85.3,3
4738,07.12.2025,RU,IOS,cross_promo,1,4.8,2
4739,2026-05-09,RU,android,ua_google,15,282.6,11
4740,2026-03-25,FR,android,cross_promo,72,1475.8,35
4741,2026-03-08,NaN,android,ua_facebook,33,805.2,21
4742,2025-12-04,DE,android,ua_google,4,65.4,6
4743,07.11.2025,US,android,organic,16,368.8,11
4744,2026-03-26,DE,Windows,organic,91,1928.8,47
4745,2025-10-16,US,pc,ua_tiktok,24,514.3,14
4746,2025-10-29,PL,ios,ua_google,2,43.0,2
4747,20.09.2025,RU,pc,influencer,70,1515.6,27
4748,18.12.2025,US,android,ua_google,1,23.0,1
4749,2025-10-30,MX,android,organic,14,361.9,6
4750,2025-12-01,US,pc,ua_google,89,"1725,1",40
4751,26.01.2026,ru,android,ua_facebook,73,1640.3,32
4752,2025-10-16,ES,android,ua_google,9,82.7,7
4753,2026-06-25,US,android,ua_facebook,4,132.1,2
4754,2026-05-17,ES,pc,ua_tiktok,7,107.5,4
4755,2026-06-24,US,ios,ua_google,2,17.9,3
4756,2025-11-01,US,android,ua_tiktok,2,35.4,2
4757,28.03.2026,ES,IOS,influencer,1,"189,4",1
4758,18.06.2026,PL,pc,influencer,15,367.9,14
4759,2025-10-24,PL,android,cross_promo,1,22.6,1
4760,2026-04-09,RU,Windows,ua_facebook,3,73.4,1
4761,2025-09-29,PL,android,ua_tiktok,3,"60,5",3
4762,14.06.2026,TR,ios,organic,7,139.1,2
4763,2026-04-09,BR,Windows,organic,11,177.4,7
4764,2025-09-05,IN,android,ua_tiktok,14,282.8,4
4765,11.12.2025,ES,iOS,influencer,3,29.0,3
4766,2026-06-27,FR,android,ua_tiktok,4,137.2,3
4767,2025-10-28,PL,android,ua_facebook,54,1150.0,36
4768,11.09.2025,DE,android,ua_tiktok,79,1689.7,44
4769,08.09.2025,TR,iOS,organic,2,61.6,3
4770,21.11.2025,Germany,ios,ua_facebook,11,156.2,7
4771,2025-11-30,TR,ios,ua_google,188,4264.1,88
4772,2026-04-10,RU,android,organic,45,927.0,21
4773,2026-01-09,DE,pc,ua_google,110,2378.7,54
4774,2026-06-12,USA,android,organic,4,74.2,1
4775,22.10.2025,DE,ios,ua_google,7,144.5,1
4776,2025-09-01,DE,android,ua_google,39,599.7,25
4777,2026-03-26,IN,ios,cross_promo,2,,2
4778,2026-01-01,RU,ios,influencer,121,2580.4,54
4779,16.11.2025,ES,Windows,cross_promo,1,26.1,2
4780,13.01.2026,US,Windows,ua_google,1,30.5,2
4781,2026-01-12,MX,ANDROID,ua_tiktok,8,105.2,3
4782,2025-09-02,FR,iOS,ua_tiktok,1,18.3,1
4783,2025-11-12,DE,ios,ua_facebook,23,470.9,11
4784,2025-10-11,FR,android,ua_google,1,16.9,1
4785,2026-02-27,BR,pc,ua_facebook,8,NaN,9
4786,2025-10-23,IN,android,cross_promo,4,68.7,5
4787,2025-11-27,DE,android,ua_facebook,3,33.9,2
4788,06.05.2026,IN,iOS,ua_google,29,556.4,13
4789,2026-05-26,IN,ios,organic,12,266.7,7
4790,03.05.2026,FR,ios,organic,5,85.6,3
4791,2026-02-01,NaN,pc,influencer,8,319.1,7
4792,2026-01-30,RU,PC,ua_tiktok,6,53.9,3
4793,2025-09-17,Turkey,android,cross_promo,64,1482.7,31
4794,2026-02-18,ru,ios,ua_facebook,1,18.7,2
4795,2025-09-01,US,android,ua_google,40,802.0,16
4796,05.09.2025,US,android,ua_facebook,51,1019.3,25
4797,2026-05-04,DE,PC,ua_tiktok,4,138.4,2
4798,2025-09-05,US,ANDROID,ua_google,2,,1
4799,2026-03-27,ES,iOS,ua_facebook,22,479.3,12
4800,13.12.2025,IN,ios,influencer,2,123.9,2
4801,13.11.2025,US,android,influencer,42,1081.8,22
4802,28.12.2025,BR,Android,ua_facebook,31,486.5,20
4803,05.10.2025,RU,ANDROID,influencer,74,1715.4,34
4804,2025-10-27,PL,android,ua_tiktok,153,2950.9,66
4805,2026-03-27,ES,android,ua_facebook,1,20.9,1
4806,2026-01-04,,PC,ua_tiktok,2,142.5,1
4807,04.11.2025,PL,ANDROID,ua_tiktok,141,2927.1,56
4808,2026-05-23,ES,android,ua_facebook,3,"33,2",3
4809,2026-04-09,RU,ios,ua_facebook,43,684.7,24
4810,14.04.2026,BR,ios,ua_facebook,1,16.9,2
4811,2026-02-23,BR,Android,ua_facebook,123,-,67
4812,08.05.2026,US,ios,organic,1,8.0,2
4813,2026-05-02,US,iOS,influencer,1,9.3,3
4814,2025-09-18,RU,ios,ua_tiktok,42,808.9,20
4815,2025-12-03,TR,ios,ua_facebook,2,74.1,1
4816,23.10.2025,US,pc,ua_google,2,36.6,3
4817,2025-10-06,MX,ios,ua_google,15,234.4,7
4818,29.11.2025,RU,android,ua_google,33,847.3,20
4819,2026-04-20,FR,ios,organic,1,25.7,2
4820,23.11.2025,ES,ios,ua_facebook,1,9.6,2
4821,2025-12-05,BR,ios,ua_facebook,10,149.6,7
4822,2025-11-20,PL,PC,ua_google,36,592.9,18
4823,2026-03-05,ES,Windows,ua_google,89,1924.0,38
4824,18.02.2026,BR,pc,influencer,1,9.8,1
4825,2026-06-04,н/д,android,influencer,4,83.7,4
4826,2025-11-23,MX,android,organic,135,2255.5,71
4827,2026-03-18,IN,ios,influencer,42,784.0,27
4828,2025-12-03,US,pc,organic,5,72.9,2
4829,2026-01-09,FR,android,ua_tiktok,3,38.2,1
4830,27.03.2026,ES,pc,ua_tiktok,2,"82,6",1
4831,2026-04-12,Brazil,android,organic,1,38.5,2
4832,2026-01-29,US,Android,ua_facebook,18,NaN,8
4833,2026-06-27,MX,android,ua_facebook,4,47.8,2
4834,11.03.2026,RU,ios,ua_google,2,36.2,2
4835,2025-09-06,RU,PC,ua_tiktok,27,681.6,17
4836,2026-05-28,RU,iOS,ua_tiktok,3,161.3,2
4837,2026-06-28,IN,IOS,organic,3,50.2,3
4838,2026-03-01,ru,iOS,ua_tiktok,1,13.4,1
4839,2026-05-23,MX,android,ua_google,2,24.6,3
4840,2026-02-23,DE,android,organic,28,557.5,10
4841,03.11.2025,PL,iOS,ua_tiktok,298,"5958,8",138
4842,2026-01-19,RU,android,ua_facebook,18,498.4,11
4843,15.01.2026,TR,ios,ua_facebook,4,68.5,6
4844,18.12.2025,US,iOS,cross_promo,11,176.8,7
4845,2026-01-12,DE,android,ua_facebook,3,68.5,4
4846,2026-06-12,PL,ANDROID,ua_tiktok,1,,1
4847,2026-02-06,Brazil,ios,ua_google,7,219.5,6
4848,20.03.2026,BR,pc,ua_tiktok,7,149.1,5
4849,2025-09-29,RU,ANDROID,organic,87,2034.6,48
4850,2025-12-06,MX,ANDROID,ua_google,1,"14,4",2
4851,2026-05-13,BR,android,ua_google,22,505.3,17
4852,2026-01-26,BR,ios,ua_google,1,12.1,2
4853,2025-09-29,US,ANDROID,ua_google,5,53.5,7
4854,2025-10-15,RU,Android,cross_promo,4,63.4,3
4855,2025-12-30,ES,iOS,ua_facebook,5,null,3
4856,2025-11-30,br,pc,ua_tiktok,1,11.9,2
4857,06.12.2025,PL,android,ua_google,43,747.2,23
4858,2026-04-28,MX,ios,ua_facebook,3,31.9,1
4859,05.12.2025,-,pc,ua_facebook,1,3.1,1
4860,01.04.2026,IN,android,ua_tiktok,2,28.1,1
4861,2026-01-01,TR,pc,ua_tiktok,12,233.5,7
4862,2025-10-10,BR,pc,ua_facebook,3,30.7,2
4863,2026-02-08,ES,ios,ua_tiktok,1,9.8,2
4864,2026-05-17,TR,ios,organic,7,230.6,8
4865,2026-01-25,br,android,ua_facebook,110,2110.6,58
4866,2025-09-05,FR,ios,ua_facebook,97,2027.2,41
4867,2025-09-11,BR,pc,ua_google,4,90.3,2
4868,2026-03-19,DE,ios,ua_facebook,96,1760.2,41
4869,08.09.2025,ES,ios,ua_google,3,62.1,2
4870,2026-05-16,FR,android,organic,47,798.1,32
4871,2026-02-19,US,ios,ua_google,1,54.3,1
4872,2025-11-22,DE,ios,ua_google,1,39.4,2
4873,2025-09-01,IN,android,cross_promo,5,98.5,4
4874,2026-01-14,IN,iOS,ua_facebook,1,2.3,2
4875,2025-10-03,TR,android,ua_google,10,321.5,6
4876,04.05.2026,FR,android,ua_tiktok,3,"38,4",3
4877,2025-12-01,de,pc,ua_facebook,1,10.7,1
4878,2025-10-04,IN,android,organic,11,203.3,6
4879,29.05.2026,DE,iOS,ua_tiktok,2,23.5,3
4880,21.03.2026,MX,android,ua_google,1,24.8,1
4881,12.10.2025,US,Android,ua_tiktok,103,1895.3,46
4882,2026-04-02,DE,pc,ua_facebook,2,378.3,3
4883,2026-03-07,TR,ios,ua_facebook,3,108.1,1
4884,2026-02-26,DE,pc,ua_facebook,28,475.9,21
4885,2026-06-13,TR,pc,ua_google,3,229.8,1
4886,2025-10-26,MX,Windows,ua_facebook,2,37.7,2
4887,2026-06-18,ES,ios,ua_facebook,4,56.7,3
4888,2025-09-04,PL,ios,ua_facebook,14,204.0,6
4889,2025-09-09,ES,ios,ua_tiktok,65,1360.0,28
4890,22.03.2026,USA,IOS,ua_facebook,36,791.4,20
4891,2025-12-18,DE,ios,ua_facebook,3,43.0,4
4892,07.09.2025,us,ios,ua_google,5,89.2,6
4893,2026-05-18,IN,android,ua_facebook,44,776.0,30
4894,19.11.2025,MX,ios,organic,8,94.9,7
4895,2026-05-27,DE,android,influencer,33,738.8,16
4896,2026-04-29,USA,ios,influencer,9,137.4,7
4897,2025-12-04,US,android,cross_promo,2,10.6,1
4898,2025-09-27,US,android,ua_facebook,57,-1270.9,27
4899,2025-12-22,US,PC,organic,13,189.4,7
4900,2026-05-21,MX,android,ua_tiktok,22,299.7,10
4901,2025-09-03,PL,android,ua_tiktok,68,1681.7,28
4902,2025-10-28,TR,ios,ua_facebook,111,2169.5,45
4903,2026-01-13,RU,ios,ua_facebook,4,66.7,4
4904,2026-05-02,PL,Windows,ua_facebook,28,504.8,10
4905,04.09.2025,TR,pc,ua_tiktok,94,2030.4,33
4906,18.02.2026,Russia,pc,cross_promo,154,3069.1,64
4907,2025-11-22,BR,android,ua_google,9,195.2,5
4908,2026-02-15,ES,android,influencer,1,11.2,1
4909,14.09.2025,PL,ios,ua_google,3,31.3,1
4910,2025-10-17,DE,PC,ua_facebook,47,1136.8,17
4911,16.04.2026,PL,android,ua_google,2,20.8,3
4912,07.09.2025,PL,ios,ua_google,238,4336.9,105
4913,2026-01-01,FR,pc,ua_google,1,8.3,1
4914,2026-03-06,MX,android,ua_facebook,2,33.4,2
4915,2026-03-03,PL,android,ua_google,4,128.8,3
4916,2025-11-07,DE,android,organic,45,618.9,32
4917,2026-01-02,BR,android,ua_tiktok,3,94.7,2
4918,06.05.2026,US,pc,influencer,13,178.5,11
4919,2026-01-29,ES,Android,organic,13,,6
4920,2026-03-29,DE,android,ua_google,3,66.2,1
4921,2025-09-01,Brazil,android,ua_google,2,20.0,1
4922,2026-02-12,RU,ios,ua_facebook,1,3.4,1
4923,2026-06-09,US,android,ua_facebook,8,223.0,5
4924,11.02.2026,DE,ANDROID,organic,4,45.2,4
4925,2025-10-27,PL,pc,organic,1,10.1,1
4926,2025-10-20,TR,pc,cross_promo,9,223.7,6
4927,2026-06-21,IN,pc,ua_google,1,6.5,1
4928,14.06.2026,MX,pc,cross_promo,12,238.9,4
4929,2026-05-07,BR,Android,ua_google,2,19.9,3
4930,2026-05-10,BR,android,ua_facebook,15,424.6,10
4931,09.11.2025,us,IOS,ua_facebook,27,628.4,11
4932,2025-11-12,RU,IOS,cross_promo,50,775.0,28
4933,2025-10-11,PL,android,influencer,3,43.2,2
4934,2026-03-22,RU,iOS,ua_google,4,46.1,3
4935,2025-09-18,TR,Android,ua_google,6,65.9,5
4936,29.03.2026,US,android,organic,1,"15,6",1
4937,01.12.2025,н/д,android,ua_tiktok,12,214.6,5
4938,28.03.2026,IN,pc,ua_tiktok,2,71.5,3
4939,08.03.2026,,ios,cross_promo,2,14.5,2
4940,2025-09-10,DE,android,ua_google,1,15.8,1
4941,2025-10-04,RU,IOS,ua_google,23,430.6,16
4942,2025-09-03,DE,android,organic,37,767.6,17
4943,21.03.2026,US,ios,ua_google,4,48.0,2
4944,2026-04-28,DE,ANDROID,influencer,1,5.5,2
4945,2026-01-28,DE,pc,influencer,82,1441.3,41
4946,2025-11-15,BR,android,ua_google,32,769.6,18
4947,2025-09-01,MX,android,ua_facebook,8,233.3,3
4948,2026-02-19,USA,ios,ua_facebook,3,75.8,3
4949,2026-01-27,BR,android,cross_promo,5,113.1,2
4950,21.01.2026,BR,pc,ua_facebook,16,391.2,6
4951,30.09.2025,DE,android,ua_tiktok,4,57.4,3
4952,2026-06-29,BR,android,ua_google,2,20.6,1
4953,27.10.2025,FR,pc,cross_promo,13,322.6,5
4954,2026-04-12,TR,android,influencer,1,17.7,1
4955,12.09.2025,DE,pc,organic,6,157.5,3
4956,16.04.2026,ES,ios,influencer,2,"24,7",1
4957,2025-09-22,н/д,android,organic,2,65.4,2
4958,2026-04-26,BR,ios,ua_google,3,22.1,1
4959,2026-01-17,PL,ios,ua_google,18,592.5,13
4960,2026-01-27,US,android,ua_google,22,576.3,12
4961,01.01.2026,IN,android,organic,53,1098.0,18
4962,27.09.2025,TR,ios,influencer,316,6043.6,167
4963,2025-11-03,MX,android,ua_google,4,69.5,3
4964,2025-10-28,DE,android,ua_facebook,27,621.3,12
4965,2025-09-10,BR,ios,ua_facebook,1,29.5,1
4966,2025-09-25,BR,android,ua_facebook,2,68.6,3
4967,2025-12-12,null,android,ua_facebook,95,NaN,51
4968,2025-09-18,ES,android,cross_promo,1,6.8,2
4969,2026-05-23,RU,android,ua_tiktok,3,35.5,1
4970,2025-10-02,FR,ANDROID,influencer,12,187.6,8
4971,2025-09-07,ES,pc,ua_google,58,"1535,2",24
4972,2025-09-12,Brazil,pc,ua_facebook,15,246.8,9
4973,2026-01-05,Germany,pc,ua_facebook,21,302.7,12
4974,2026-05-05,DE,pc,ua_tiktok,56,1144.7,32
4975,2025-10-07,US,Android,ua_facebook,121,2482.8,60
4976,30.04.2026,-,ios,organic,89,-,37
4977,2026-01-11,TR,pc,ua_facebook,1,25.1,2
4978,08.01.2026,FR,android,organic,31,567.9,19
4979,2026-05-21,DE,ios,ua_google,20,343.1,9
4980,2026-02-05,RU,android,organic,36,667.2,17
4981,2026-05-19,RU,PC,ua_facebook,3,39.3,2
4982,2026-05-23,FR,ios,ua_tiktok,17,438.7,6
4983,2025-10-03,IN,Windows,influencer,5,69.4,3
4984,2026-02-06,IN,android,organic,3,94.3,2
4985,2025-12-09,DE,android,ua_facebook,1,10.5,1
4986,2026-04-12,PL,android,ua_google,11,233.0,6
4987,27.02.2026,BR,ios,ua_google,1,78.6,1
4988,2026-03-22,US,android,influencer,8,111.4,4
4989,26.01.2026,DE,android,ua_tiktok,49,"1030,3",21
4990,2026-01-20,ES,pc,ua_facebook,27,546.1,18
4991,2025-09-27,PL,ios,ua_google,11,137.9,5
4992,03.03.2026,RU,ios,influencer,11,267.8,10
4993,2026-06-04,US,android,ua_google,9,126.4,2
4994,2025-10-07,TR,iOS,organic,3,171.4,1
4995,2026-02-23,RU,pc,ua_google,2,25.1,2
4996,2026-03-24,tr,IOS,organic,100,1953.3,51
4997,29.05.2026,DE,IOS,ua_google,10,161.7,3
4998,2025-12-23,NaN,android,ua_google,1,8.5,2
4999,2026-04-16,BR,Android,organic,2,48.5,1
5000,03.10.2025,BR,Android,ua_google,10,170.4,5
5001,08.04.2026,DE,ios,ua_facebook,41,770.3,16
5002,2025-11-02,TR,ios,ua_facebook,41,н/д,17
5003,09.12.2025,us,android,organic,2,10.7,1
5004,2026-03-23,PL,android,ua_google,10,181.9,7
5005,2025-10-25,RU,android,ua_facebook,5,56.9,4
5006,2026-03-01,PL,iOS,ua_google,2,31.1,1
5007,2025-10-21,BR,ios,influencer,204,4395.2,108
5008,17.10.2025,US,PC,ua_google,10,155.8,7
5009,2026-05-16,MX,ios,cross_promo,1,4.7,1
5010,18.05.2026,ES,ios,cross_promo,10,191.3,7
5011,2025-09-07,TR,pc,ua_google,3,90.6,6
5012,2026-05-11,FR,android,ua_tiktok,3,NaN,1
5013,21.12.2025,RU,pc,organic,1,52.3,1
5014,2025-09-04,GER,android,ua_facebook,3,104.6,1
5015,2025-11-17,PL,pc,ua_tiktok,1,9.6,1
5016,2025-11-12,PL,ios,organic,12,237.9,6
5017,2026-06-26,MX,ios,organic,2,49.2,3
5018,27.05.2026,RU,ios,influencer,19,341.6,13
5019,24.12.2025,FR,ANDROID,organic,3,25.6,3
5020,2026-01-08,GER,ANDROID,organic,79,1719.2,41
5021,2025-11-18,Russia,pc,ua_google,72,1585.5,33
5022,04.11.2025,,android,ua_tiktok,156,2997.1,73
5023,2026-01-31,DE,pc,ua_google,62,1180.8,29
5024,2025-11-04,RU,pc,ua_tiktok,2,54.8,1
5025,2025-10-20,IN,android,ua_google,137,2876.1,58
5026,2025-11-30,ES,ios,influencer,26,625.3,20
5027,2026-02-21,RU,pc,ua_tiktok,16,346.4,8
5028,2026-06-04,FR,android,influencer,9,154.1,1
5029,2026-01-23,US,pc,ua_facebook,50,1003.6,35
5030,2026-03-03,FR,ios,influencer,4,90.5,6
5031,2025-11-07,ES,pc,ua_facebook,9,149.6,2
5032,2026-02-10,BR,ios,organic,10,283.4,5
5033,2025-12-14,TR,Windows,ua_facebook,10,,3
5034,2026-03-28,FR,android,influencer,1,54.4,2
5035,2025-12-13,Turkey,android,ua_facebook,56,1074.7,36
5036,2026-04-06,DE,pc,ua_facebook,1,1.3,1
5037,2025-09-06,ES,IOS,ua_facebook,2,34.8,1
5038,2026-03-20,US,PC,influencer,3,36.8,5
5039,05.09.2025,DE,android,ua_google,14,226.3,9
5040,2025-12-16,PL,pc,ua_tiktok,1,26.7,2
5041,2026-04-24,PL,android,ua_google,3,44.6,2
5042,01.09.2025,ES,pc,ua_google,51,1280.4,26
5043,15.03.2026,ES,iOS,cross_promo,3,83.6,3
5044,25.11.2025,DE,Android,influencer,2,17.9,3
5045,2026-04-18,BR,android,ua_facebook,18,354.1,10
5046,2026-01-10,ES,pc,influencer,7,137.9,7
5047,12.01.2026,ES,android,cross_promo,7,109.9,7
5048,2025-10-31,FR,Windows,ua_google,9,225.5,3
5049,2025-10-12,MX,pc,organic,64,1374.6,30
5050,23.09.2025,FR,pc,ua_google,13,331.5,9
5051,2026-04-26,US,ANDROID,ua_google,1,5.7,2
5052,2026-05-30,de,android,ua_google,2,17.2,2
5053,2026-02-25,US,ios,organic,92,1725.7,36
5054,2025-12-16,,Windows,influencer,9,80.0,8
5055,2025-10-22,ES,android,ua_google,19,378.6,10
5056,03.10.2025,PL,ios,ua_google,3,99.6,1
5057,2025-11-22,,ios,influencer,1,11.3,1
5058,2026-05-31,TR,ios,ua_facebook,30,"444,6",22
5059,2025-10-12,FR,android,organic,2,86.1,3
5060,2026-05-31,PL,ios,ua_google,11,190.3,8
5061,12.11.2025,USA,ios,ua_tiktok,10,"209,3",4
5062,2026-06-28,MX,android,influencer,2,14.8,2
5063,2025-09-13,PL,android,organic,3,96.1,2
5064,2026-01-21,Brazil,ANDROID,organic,3,11.1,1
5065,2025-09-01,DE,ios,ua_facebook,1,NaN,1
5066,2026-03-25,MX,android,ua_facebook,1,14.8,1
5067,2026-06-23,IN,ios,ua_facebook,4,null,3
5068,2026-01-09,IN,pc,ua_facebook,4,71.2,2
5069,2026-06-27,IN,ANDROID,ua_facebook,3,NaN,2
5070,2026-06-20,BR,ios,ua_google,5,166.6,3
5071,2026-02-04,TR,ios,ua_google,3,38.2,1
5072,2025-09-10,PL,android,ua_google,1,44.9,1
5073,2025-09-05,IN,pc,cross_promo,1,19.5,2
5074,2025-11-11,DE,android,organic,1,31.3,2
5075,2026-02-02,US,Android,influencer,24,458.6,8
5076,2026-03-10,,IOS,organic,1,13.0,2
5077,2025-11-12,TR,pc,organic,2,22.6,3
5078,2026-04-25,ES,pc,influencer,34,592.6,25
5079,2026-01-28,US,pc,ua_google,2,21.8,2
5080,2026-05-21,,ios,ua_google,10,252.4,4
5081,29.06.2026,ES,pc,organic,1,55.1,1
5082,2026-06-03,ES,android,ua_google,5,128.4,4
5083,2025-12-07,US,android,ua_facebook,2,"90,1",2
5084,2025-09-29,BR,pc,ua_google,18,467.8,12
5085,2025-11-26,FR,android,organic,101,2351.0,54
5086,2025-11-03,br,ios,organic,145,"3361,7",67
5087,2025-12-22,GER,Android,ua_tiktok,1,,1
5088,2026-06-04,FR,ios,ua_google,5,79.8,3
5089,2025-10-01,ES,ios,ua_facebook,1,20.3,1
5090,2025-09-01,IN,iOS,ua_facebook,6,132.7,5
5091,2025-09-12,RU,pc,organic,88,1956.9,37
5092,2025-11-04,DE,pc,ua_google,1,13.4,1
5093,13.01.2026,US,pc,organic,59,1334.5,31
5094,17.12.2025,PL,android,ua_facebook,112,1955.7,59
5095,2025-10-11,TR,android,ua_tiktok,5,89.4,2
5096,2026-02-13,BR,ios,ua_facebook,7,145.7,3
5097,2025-12-14,USA,pc,ua_facebook,13,453.4,5
5098,2026-01-27,IN,pc,ua_google,16,271.7,10
5099,2025-10-27,н/д,ANDROID,cross_promo,45,776.2,19
5100,2026-02-20,ES,android,influencer,8,,4
5101,2026-03-21,US,android,ua_facebook,3,67.1,1
5102,2026-02-18,-,android,organic,1,9.2,1
5103,2025-12-17,RU,Android,influencer,2,15.0,2
5104,2025-09-18,TR,pc,organic,188,3754.6,95
5105,2025-09-09,PL,android,ua_facebook,84,2084.2,43
5106,2026-03-20,TR,Windows,ua_google,1,8.6,1
5107,2026-06-23,IN,Android,ua_facebook,5,71.2,5
5108,2026-06-02,PL,Windows,ua_facebook,2,15.0,1
5109,2025-09-22,DE,ios,organic,1,"19,6",1
5110,2025-11-09,DE,android,ua_google,3,60.7,1
5111,2026-01-21,US,ANDROID,ua_tiktok,12,217.1,3
5112,22.09.2025,ES,android,ua_google,101,1835.4,59
5113,08.12.2025,BR,ios,ua_facebook,1,21.8,1
5114,13.11.2025,PL,pc,ua_tiktok,3,200.2,2
5115,2026-05-19,TR,IOS,ua_facebook,2,"106,9",2
5116,2026-05-19,IN,android,ua_tiktok,1,8.6,3
5117,11.09.2025,GER,android,organic,4,"59,2",3
5118,21.11.2025,US,Android,organic,17,261.1,10
5119,2026-03-31,IN,ios,ua_google,2,55.3,4
5120,2026-03-21,TR,ios,influencer,1,31.1,1
5121,14.11.2025,DE,PC,ua_google,10,135.0,10
5122,2026-01-19,ES,pc,ua_facebook,190,3802.6,103
5123,2026-02-17,PL,ios,ua_facebook,15,342.2,7
5124,12.04.2026,tr,ios,organic,2,,3
5125,21.09.2025,DE,android,organic,274,5455.9,129
5126,2025-12-26,,android,influencer,1,14.8,2
5127,09.09.2025,RU,iOS,ua_google,39,"719,3",22
5128,12.11.2025,MX,IOS,ua_google,44,1007.9,23
5129,2025-09-18,DE,ios,organic,132,2494.4,81
5130,2026-03-27,DE,pc,organic,91,1927.0,39
5131,28.12.2025,RU,ios,ua_facebook,2,,1
5132,2025-09-01,ru,ios,ua_facebook,11,,3
5133,20.12.2025,DE,pc,influencer,21,636.6,9
5134,26.01.2026,tr,ios,cross_promo,1,54.0,2
5135,10.11.2025,FR,ios,ua_google,1,4.8,3
5136,2026-05-14,Turkey,pc,cross_promo,68,1396.2,38
5137,2026-02-10,DE,ANDROID,organic,1,21.8,1
5138,2025-09-07,MX,pc,ua_google,20,352.7,10
5139,23.10.2025,TR,iOS,influencer,8,189.0,5
5140,12.11.2025,TR,android,ua_google,2,16.9,2
5141,26.11.2025,PL,android,ua_facebook,1,29.1,2
5142,2025-09-24,PL,pc,ua_facebook,7,112.6,5
5143,2025-10-05,FR,android,ua_facebook,12,275.6,7
5144,04.12.2025,IN,android,organic,2,null,2
5145,2025-10-18,FR,android,influencer,4,75.1,2
5146,01.12.2025,IN,android,organic,2,21.5,2
5147,2026-02-27,ES,ANDROID,ua_facebook,96,2104.5,48
5148,2026-03-02,,android,organic,3,20.8,1
5149,2025-10-04,US,Windows,ua_tiktok,9,75.0,6
5150,09.05.2026,ES,android,organic,2,28.1,1
5151,2025-10-06,US,pc,ua_google,13,373.5,5
5152,17.09.2025,FR,ios,cross_promo,74,,41
5153,2026-05-19,FR,android,organic,3,24.5,2
5154,2026-03-02,DE,pc,influencer,45,835.3,18
5155,2025-10-22,ES,ios,ua_google,2,53.7,2
5156,2026-04-11,MX,pc,organic,14,206.2,12
5157,2026-04-28,RU,pc,organic,12,216.4,6
5158,2025-12-29,DE,pc,organic,104,1963.5,40
5159,2026-06-20,US,ios,ua_google,8,305.4,4
5160,2025-11-14,US,android,ua_tiktok,1,10.2,2
5161,2025-11-09,us,pc,influencer,1,14.2,1
5162,14.06.2026,PL,ios,organic,6,127.8,5
5163,04.01.2026,DE,android,cross_promo,3,29.2,3
5164,2026-01-17,TR,android,ua_facebook,4,"92,1",2
5165,2025-10-12,de,android,cross_promo,1,11.9,1
5166,21.04.2026,BR,android,influencer,8,137.2,7
5167,2025-09-07,TR,PC,organic,50,1159.7,29
5168,2026-03-06,US,ios,ua_google,42,1032.6,24
5169,2026-02-01,ES,pc,ua_facebook,79,1714.1,34
5170,2026-04-10,RU,ios,influencer,2,56.2,3
5171,2026-06-27,PL,ios,ua_google,1,,2
5172,2026-05-16,br,pc,influencer,1,11.9,1
5173,2026-04-10,us,ios,ua_facebook,4,NaN,2
5174,17.02.2026,PL,pc,ua_facebook,120,2457.3,70
5175,2025-12-30,PL,android,ua_facebook,3,38.7,2
5176,2026-05-25,ES,pc,ua_tiktok,12,192.4,5
5177,2026-06-09,DE,pc,ua_facebook,1,6.7,2
5178,07.04.2026,ES,Windows,cross_promo,45,861.4,22
5179,2026-02-28,DE,Windows,ua_tiktok,26,402.2,19
5180,2025-10-10,RU,pc,organic,3,120.3,3
5181,2025-12-22,FR,android,cross_promo,11,185.7,7
5182,2026-03-11,BR,ios,cross_promo,4,"68,5",3
5183,2025-11-18,RU,pc,cross_promo,1,14.6,1
5184,2025-11-04,ES,pc,organic,3,26.7,2
5185,07.10.2025,BR,pc,ua_facebook,6,103.9,2
5186,2025-09-30,FR,ios,ua_tiktok,1,7.3,2
5187,2025-09-30,MX,ios,ua_google,213,3816.0,98
5188,2025-09-30,US,pc,ua_google,1,16.6,1
5189,2025-09-19,MX,ios,organic,52,1082.2,27
5190,27.01.2026,BR,ios,ua_google,13,526.4,10
5191,20.10.2025,IN,ios,ua_google,1,15.9,2
5192,25.02.2026,MX,android,ua_google,1,9.1,1
5193,2026-05-26,IN,IOS,ua_google,6,142.5,4
5194,2026-03-29,DE,ios,cross_promo,1,47.3,1
5195,2025-10-12,br,ANDROID,ua_tiktok,1,6.9,1
5196,2025-09-04,TR,android,organic,42,,25
5197,2025-11-25,NaN,pc,organic,104,2317.5,46
5198,2025-10-11,BR,IOS,ua_tiktok,2,49.0,1
5199,2026-06-18,US,android,influencer,7,155.1,6
5200,2026-02-25,PL,ANDROID,influencer,1,9.4,2
5201,2026-03-25,NaN,ANDROID,ua_facebook,103,1945.0,43
5202,06.10.2025,DE,android,ua_google,4,54.4,4
5203,26.10.2025,FR,IOS,organic,17,332.6,12
5204,2025-10-30,IN,Android,ua_tiktok,17,"264,8",11
5205,2026-06-18,DE,pc,influencer,1,6.3,1
5206,19.05.2026,FR,ios,ua_tiktok,1,7.6,1
5207,2026-02-23,MX,android,ua_facebook,5,89.4,2
5208,07.04.2026,BR,pc,ua_tiktok,38,"808,9",9
5209,02.09.2025,GER,Android,cross_promo,2,34.8,2
5210,08.02.2026,TR,pc,ua_facebook,3,"26,3",3
5211,25.04.2026,TR,iOS,organic,17,384.1,11
5212,2025-10-22,IN,ios,ua_facebook,1,7.2,1
5213,2026-03-04,TR,ANDROID,ua_google,69,1458.9,38
5214,2025-09-30,IN,ANDROID,organic,1,2.3,2
5215,17.01.2026,BR,android,ua_facebook,169,3509.7,76
5216,2026-05-19,NaN,android,influencer,14,261.7,10
5217,2026-06-09,н/д,android,ua_tiktok,7,115.5,7
5218,09.05.2026,FR,android,ua_google,5,53.3,5
5219,2026-06-14,IN,android,organic,26,343.0,16
5220,2026-01-04,PL,pc,ua_tiktok,6,45.7,3
5221,2025-11-01,BR,android,influencer,75,1682.5,46
5222,2026-01-15,-,ios,ua_google,4,27.1,2
5223,2025-09-30,PL,android,cross_promo,81,1388.7,40
5224,15.12.2025,US,android,ua_tiktok,1,15.7,3
5225,2025-09-07,IN,ios,cross_promo,8,180.0,3
5226,2026-06-20,ES,pc,ua_google,1,13.1,1
5227,2025-11-14,PL,pc,influencer,1,"30,5",2
5228,2026-01-27,DE,pc,influencer,9,152.5,5
5229,2025-09-29,RU,ANDROID,organic,221,,118
5230,2025-10-29,BR,android,ua_facebook,79,1943.1,26
5231,2025-12-13,TR,pc,ua_tiktok,1,7.6,1
5232,08.02.2026,US,android,organic,1,10.1,1
5233,2026-03-09,TR,ios,ua_facebook,12,141.7,11
5234,15.03.2026,MX,IOS,ua_facebook,2,25.0,2
5235,24.04.2026,US,pc,ua_facebook,2,141.8,2
5236,2026-03-19,PL,android,ua_tiktok,3,60.6,2
5237,2026-05-02,TR,ios,ua_tiktok,68,1217.2,35
5238,04.01.2026,DE,pc,ua_tiktok,88,2061.3,54
5239,01.04.2026,DE,android,ua_google,5,62.6,3
5240,2026-05-29,ES,ios,influencer,19,380.6,9
5241,2026-01-22,ES,android,organic,1,40.3,2
5242,01.11.2025,BR,pc,ua_google,93,2162.0,40
5243,2026-01-30,DE,android,ua_google,89,1884.0,43
5244,2025-09-06,,android,ua_facebook,139,2708.8,65
5245,2025-10-23,,android,organic,167,3426.4,89
5246,2025-12-24,RU,android,ua_facebook,2,39.0,2
5247,2025-11-01,DE,pc,organic,4,72.0,3
5248,07.02.2026,US,pc,ua_facebook,2,147.9,3
5249,2026-03-16,DE,ios,cross_promo,11,-,8
5250,2026-03-06,FR,pc,influencer,74,1525.2,41
5251,2026-05-10,BR,android,ua_google,28,494.8,17
5252,08.06.2026,DE,ios,ua_facebook,4,53.1,5
5253,2026-01-28,US,pc,cross_promo,2,null,3
5254,2026-06-10,PL,android,organic,1,10.1,1
5255,2025-10-14,PL,pc,ua_facebook,2,28.9,1
5256,2025-10-03,us,ANDROID,ua_facebook,3,"39,6",1
5257,07.01.2026,US,ios,ua_google,3,35.1,3
5258,2025-09-01,TR,pc,organic,1,-,1
5259,2026-03-14,br,android,organic,21,546.7,10
5260,2025-10-24,Germany,android,ua_google,3,109.9,6
5261,2026-05-07,FR,android,ua_google,21,301.1,9
5262,2025-10-15,DE,android,ua_facebook,1,5.2,1
5263,2025-11-17,BR,pc,cross_promo,1,5.7,2
5264,08.10.2025,PL,IOS,ua_google,34,783.9,13
5265,20.03.2026,RU,ios,organic,4,41.5,3
5266,2026-04-19,US,pc,organic,5,323.4,2
5267,2026-06-07,TR,ios,ua_facebook,17,400.6,14
5268,2026-02-27,MX,android,organic,5,133.8,4
5269,2026-05-01,RU,Android,ua_facebook,2,39.8,2
5270,2026-04-07,ES,ios,ua_facebook,3,66.8,1
5271,15.01.2026,DE,pc,ua_facebook,10,215.4,5
5272,2025-10-17,ES,ios,ua_facebook,68,1482.9,34
5273,21.02.2026,TR,pc,ua_facebook,5,81.5,2
5274,2026-06-11,MX,ios,organic,2,23.5,3
5275,2025-09-17,DE,android,cross_promo,1,35.6,2
5276,26.01.2026,IN,android,organic,2,35.7,3
5277,2025-12-25,us,ios,organic,116,2425.9,57
5278,2025-09-16,tr,android,influencer,2,104.1,1
5279,24.03.2026,MX,iOS,ua_google,88,"1913,9",41
5280,2025-11-03,null,pc,organic,24,626.1,11
5281,2025-09-09,ES,Windows,ua_facebook,147,3377.5,70
5282,27.03.2026,ES,android,influencer,4,83.8,2
5283,12.11.2025,FR,iOS,ua_google,101,1984.4,40
5284,2025-12-18,DE,android,ua_facebook,101,1837.0,46
5285,2025-09-27,Germany,pc,ua_google,2,52.0,2
5286,2026-04-17,BR,pc,ua_facebook,62,1210.1,34
5287,2025-11-02,PL,pc,ua_tiktok,11,175.5,3
5288,21.04.2026,RU,pc,cross_promo,9,"182,3",6
5289,2025-10-18,US,android,organic,170,4124.2,88
5290,2026-04-23,FR,android,organic,3,132.4,3
5291,23.01.2026,DE,android,ua_facebook,139,-,80
5292,2026-05-31,IN,ios,ua_facebook,1,34.6,2
5293,2025-09-16,TR,iOS,ua_facebook,172,,93
5294,2026-04-07,ES,pc,influencer,111,2254.8,54
5295,2025-10-07,PL,IOS,ua_facebook,57,"1063,7",23
5296,2026-01-10,DE,PC,cross_promo,10,н/д,6
5297,2025-11-28,TR,android,organic,84,1632.2,45
5298,2025-09-05,BR,ios,organic,1,14.8,2
5299,2026-03-03,US,ios,ua_tiktok,1,5.8,2
5300,13.05.2026,US,android,organic,53,1023.2,32
5301,2026-05-16,MX,Android,influencer,5,129.7,2
5302,2026-06-18,MX,PC,organic,3,50.5,2
5303,06.10.2025,MX,ios,influencer,1,11.7,1
5304,09.06.2026,PL,android,cross_promo,1,11.2,1
5305,2025-12-18,DE,ios,ua_google,3,29.6,3
5306,2026-03-24,MX,ANDROID,ua_google,70,1450.9,39
5307,2026-06-23,RU,android,influencer,3,20.9,1
5308,2026-05-01,DE,ios,organic,7,136.2,4
5309,2025-09-13,FR,iOS,organic,2,28.0,1
5310,2025-09-14,PL,iOS,ua_facebook,1,6.3,1
5311,16.01.2026,DE,Windows,ua_google,8,152.3,5
5312,2026-01-03,MX,android,organic,1,12.2,3
5313,17.12.2025,ES,PC,ua_tiktok,117,"1995,0",64
5314,2025-09-24,MX,android,ua_google,19,314.9,11
5315,2026-06-02,FR,Android,organic,2,9.5,3
5316,05.10.2025,MX,Windows,cross_promo,11,242.8,5
5317,2026-03-07,TR,pc,ua_tiktok,2,49.9,3
5318,2026-03-06,RU,ios,ua_google,2,28.4,2
5319,29.05.2026,IN,android,organic,2,81.5,3
5320,04.03.2026,BR,ios,cross_promo,3,72.5,2
5321,01.05.2026,PL,android,influencer,1,19.6,1
5322,2025-09-04,PL,ios,organic,9,156.1,8
5323,05.11.2025,US,ANDROID,cross_promo,81,1541.1,46
5324,2026-02-20,FR,pc,ua_google,1,7.6,1
5325,2025-09-11,PL,pc,ua_facebook,144,3020.5,72
5326,2025-11-13,PL,PC,ua_facebook,1,41.8,1
5327,2026-05-13,н/д,pc,ua_facebook,8,131.3,6
5328,2026-04-02,BR,ios,ua_google,1,6.6,1
5329,2026-05-09,BR,Android,ua_facebook,15,357.8,6
5330,2026-01-13,TR,android,ua_google,36,702.6,19
5331,10.11.2025,BR,pc,cross_promo,3,54.6,5
5332,2026-06-19,FR,Windows,ua_facebook,3,38.9,5
5333,2026-05-06,FR,iOS,ua_google,1,6.1,1
5334,2025-09-08,RU,pc,influencer,14,210.3,10
5335,2025-10-29,DE,android,ua_tiktok,1,12.5,1
5336,2026-01-09,DE,Android,organic,1,12.5,2
5337,2026-03-27,-,android,ua_facebook,1,36.0,1
5338,2026-03-14,US,ANDROID,organic,1,14.8,1
5339,2026-03-20,IN,pc,ua_google,2,55.1,1
5340,10.03.2026,DE,ios,cross_promo,1,36.7,2
5341,13.06.2026,TR,Android,cross_promo,4,79.8,4
5342,2025-10-21,TR,ios,ua_tiktok,55,959.6,33
5343,2026-01-22,TR,android,influencer,1,15.5,2
5344,2026-01-09,,android,ua_tiktok,16,,9
5345,18.12.2025,Germany,android,ua_tiktok,56,1057.3,29
5346,2025-12-30,MX,android,ua_google,3,63.5,1
5347,2025-09-05,PL,iOS,ua_google,2,25.1,2
5348,09.11.2025,RU,IOS,ua_facebook,5,134.7,2
5349,02.06.2026,DE,android,ua_facebook,2,,1
5350,2026-04-28,BR,ios,ua_google,3,52.5,2
5351,2026-02-27,MX,ios,ua_facebook,12,193.0,3
5352,2026-02-15,MX,android,ua_facebook,1,26.0,2
5353,20.05.2026,FR,android,ua_google,36,754.8,22
5354,2026-04-28,BR,ANDROID,influencer,89,1944.0,39
5355,2026-06-20,US,ios,ua_facebook,6,84.2,3
5356,2025-11-14,BR,ios,ua_google,18,302.4,10
5357,2025-10-08,DE,ios,influencer,3,56.6,6
5358,2025-10-21,RU,ANDROID,organic,151,3180.9,65
5359,2025-09-20,TR,ANDROID,ua_facebook,36,907.8,24
5360,23.09.2025,FR,android,organic,56,1059.6,28
5361,09.09.2025,DE,android,organic,1,35.7,1
5362,2026-05-29,MX,ios,cross_promo,2,14.5,3
5363,30.11.2025,US,pc,influencer,3,"57,9",2
5364,2025-09-20,BR,Android,ua_facebook,3,,3
5365,2026-01-29,MX,android,ua_google,5,132.3,6
5366,2025-10-02,RU,android,ua_google,236,"5002,8",102
5367,2025-12-31,PL,android,organic,1,5.4,2
5368,2025-10-15,IN,ios,organic,103,1913.2,50
5369,2025-11-05,FR,ios,ua_facebook,1,30.4,4
5370,09.11.2025,DE,android,organic,1,15.8,2
5371,2025-10-24,-,ios,ua_facebook,133,"2464,3",63
5372,30.01.2026,IN,android,ua_google,1,8.5,3
5373,2026-02-17,ES,iOS,ua_tiktok,1,7.9,2
5374,2025-11-19,NaN,android,ua_tiktok,2,24.2,1
5375,2025-11-30,BR,ios,ua_google,2,69.1,3
5376,28.12.2025,US,Windows,organic,14,340.6,7
5377,2025-10-15,MX,pc,ua_facebook,26,467.1,12
5378,2025-09-12,PL,iOS,ua_facebook,27,641.6,17
5379,2025-12-27,RU,ios,influencer,5,147.6,3
5380,2025-11-05,BR,Android,ua_facebook,2,8.5,1
5381,2025-09-22,IN,ios,ua_google,174,4276.0,72
5382,2025-12-23,MX,android,organic,10,167.2,3
5383,2026-03-11,-,ios,organic,49,784.8,28
5384,2026-03-25,MX,pc,ua_facebook,41,712.8,15
5385,2026-02-16,DE,Android,cross_promo,31,584.9,14
5386,2025-09-02,null,ios,ua_tiktok,89,1880.2,51
5387,2025-12-03,US,ios,ua_tiktok,2,NaN,3
5388,2025-11-15,IN,ANDROID,ua_google,2,73.1,1
5389,2025-09-11,US,ios,cross_promo,1,9.5,2
5390,2026-01-05,BR,pc,ua_facebook,1,11.5,1
5391,2025-09-07,Brazil,ANDROID,ua_tiktok,59,1393.9,34
5392,2025-12-09,IN,android,ua_google,78,1679.4,22
5393,2026-02-04,BR,pc,organic,1,8.8,2
5394,2026-03-16,IN,android,ua_facebook,107,2049.6,53
5395,2026-04-04,PL,ios,ua_facebook,1,10.5,1
5396,22.04.2026,US,ios,ua_facebook,1,10.4,1
5397,2025-11-18,,android,ua_google,36,1110.0,13
5398,2026-02-08,DE,pc,ua_facebook,3,37.4,2
5399,2026-05-22,PL,pc,influencer,5,77.4,4
5400,2025-09-16,RU,pc,organic,1,18.0,2
5401,2026-05-28,BR,Windows,ua_facebook,2,26.2,3
5402,07.03.2026,RU,iOS,influencer,27,831.9,18
5403,2026-06-12,MX,ios,ua_facebook,5,103.1,2
5404,2025-09-03,Turkey,Android,ua_facebook,75,1596.0,39
5405,02.03.2026,TR,android,ua_facebook,109,2744.7,45
5406,2026-04-16,US,android,ua_google,17,311.1,10
5407,2025-12-15,ES,android,ua_facebook,4,"21,7",1
5408,2025-09-17,US,ios,organic,6,55.4,2
5409,2025-10-10,ru,pc,organic,1,13.8,1
5410,2025-11-29,BR,android,influencer,134,2947.1,59
5411,2025-09-14,FR,ios,ua_facebook,14,252.7,2
5412,27.06.2026,tr,android,ua_google,3,-,4
5413,2026-01-23,PL,android,ua_tiktok,1,51.3,2
5414,16.09.2025,FR,ANDROID,organic,2,,1
5415,26.01.2026,PL,ios,organic,1,10.3,1
5416,2025-10-24,PL,android,organic,13,174.7,6
5417,20.09.2025,BR,android,organic,4,49.3,3
5418,2026-05-17,,pc,organic,7,189.6,4
5419,2026-01-09,null,PC,ua_facebook,173,3643.4,80
5420,31.10.2025,GER,pc,ua_facebook,13,248.7,5
5421,2026-03-28,GER,ios,ua_facebook,1,18.5,1
5422,30.10.2025,TR,pc,ua_tiktok,95,2056.3,42
5423,2026-04-04,MX,pc,ua_tiktok,1,24.1,1
5424,08.03.2026,tr,android,cross_promo,1,24.9,1
5425,04.10.2025,BR,ios,ua_tiktok,7,123.0,3
5426,2026-06-26,BR,Windows,organic,4,24.9,2
5427,2025-10-07,PL,Android,ua_google,3,68.6,1
5428,10.06.2026,TR,Android,ua_tiktok,1,8.1,3
5429,2026-03-21,BR,android,ua_tiktok,6,111.9,2
5430,2025-09-20,PL,ios,ua_tiktok,2,58.1,2
5431,2025-11-20,PL,ios,ua_google,1,17.3,1
5432,2025-10-26,,Android,cross_promo,52,1254.3,31
5433,02.01.2026,TR,ios,ua_tiktok,10,171.4,3
5434,2026-04-14,us,android,ua_tiktok,9,274.1,5
5435,2026-02-16,Brazil,android,cross_promo,3,61.6,2
5436,23.10.2025,RU,ios,ua_google,162,3769.3,76
5437,15.05.2026,PL,ios,influencer,37,812.0,21
5438,23.01.2026,US,android,ua_tiktok,3,62.9,3
5439,2025-09-21,US,android,influencer,77,1746.0,37
5440,2025-10-24,BR,pc,organic,1,"7,4",3
5441,2025-11-26,FR,ios,ua_facebook,62,1554.5,33
5442,14.11.2025,de,android,ua_facebook,2,34.0,1
5443,14.02.2026,US,ios,cross_promo,1,18.7,1
5444,2026-04-27,RU,android,organic,3,46.8,4
5445,22.02.2026,MX,pc,ua_facebook,4,58.8,2
5446,2026-04-04,ES,android,influencer,1,4.2,1
5447,2026-02-17,BR,pc,ua_facebook,18,395.1,6
5448,2026-06-02,BR,PC,ua_google,4,88.9,2
5449,07.12.2025,ES,pc,ua_facebook,1,18.5,2
5450,2026-02-07,DE,android,organic,3,13.6,2
5451,2025-09-25,DE,ios,ua_google,157,2998.5,75
5452,04.09.2025,FR,android,influencer,1,29.9,2
5453,2025-10-05,US,android,ua_google,2,19.6,2
5454,2026-06-20,US,ios,ua_google,8,167.8,4
5455,27.12.2025,TR,iOS,ua_tiktok,2,30.3,1
5456,2026-03-09,MX,pc,ua_facebook,1,,1
5457,2025-09-29,PL,android,influencer,1,"14,5",2
5458,2025-10-22,MX,pc,organic,4,52.1,1
5459,11.05.2026,DE,ios,ua_tiktok,2,17.0,3
5460,26.04.2026,BR,android,ua_google,1,77.1,1
5461,2026-04-23,us,IOS,organic,1,3.6,2
5462,2026-06-22,PL,Windows,organic,2,24.2,2
5463,2025-09-16,BR,Android,cross_promo,1,44.1,1
5464,2026-06-23,RU,pc,organic,6,66.0,2
5465,2026-06-24,-,android,cross_promo,2,45.5,1
5466,2025-11-07,,android,organic,12,178.4,6
5467,2025-12-01,RU,android,influencer,3,"30,0",3
5468,2026-06-26,RU,android,influencer,2,"14,2",1
5469,2025-11-25,US,android,organic,56,1369.8,32
5470,2025-10-05,TR,pc,ua_google,3,81.6,1
5471,09.05.2026,IN,android,ua_facebook,3,н/д,3
5472,27.09.2025,US,android,ua_tiktok,26,328.9,15
5473,2025-09-23,US,pc,influencer,1,8.6,2
5474,10.10.2025,US,android,organic,1,23.7,2
5475,08.03.2026,PL,ios,ua_google,1,12.3,1
5476,02.02.2026,US,ios,ua_facebook,21,508.9,12
5477,2026-05-05,RU,pc,organic,7,128.0,2
5478,2026-06-17,PL,android,ua_facebook,5,153.8,4
5479,30.09.2025,RU,pc,influencer,1,69.2,1
5480,2026-01-30,ES,pc,ua_google,153,3060.2,75
5481,2026-01-18,PL,Windows,ua_google,6,85.3,5
5482,2025-09-26,,Android,ua_facebook,6,85.4,2
5483,2025-09-24,MX,android,organic,5,140.2,4
5484,24.02.2026,RU,Windows,ua_facebook,3,99.8,2
5485,2026-03-01,DE,pc,ua_tiktok,9,133.4,4
5486,27.09.2025,PL,ios,ua_google,3,38.9,2
5487,28.01.2026,BR,IOS,ua_google,2,23.3,2
5488,2025-11-21,US,ios,ua_google,1,6.0,3
5489,2025-12-18,MX,IOS,ua_tiktok,17,308.3,6
5490,2025-12-31,DE,ios,ua_facebook,80,1487.4,36
5491,2026-03-03,DE,ios,organic,6,,5
5492,2025-09-17,BR,pc,cross_promo,33,674.6,15
5493,2026-05-22,TR,Android,influencer,41,null,25
5494,2025-10-16,PL,Android,ua_tiktok,40,"923,7",25
5495,2025-09-11,,android,cross_promo,7,156.7,1
5496,2025-09-05,PL,Android,ua_google,13,214.1,7
5497,05.12.2025,us,android,ua_google,15,199.2,11
5498,2026-03-29,TR,android,ua_tiktok,3,60.1,3
5499,11.12.2025,BR,android,ua_tiktok,1,5.4,2
5500,2026-04-27,FR,ios,ua_google,1,20.1,3
5501,2025-09-08,MX,android,organic,1,19.6,1
5502,2026-06-07,DE,ios,influencer,13,271.6,7
5503,07.06.2026,FR,android,cross_promo,34,"940,7",21
5504,2025-09-15,ES,pc,cross_promo,5,204.4,3
5505,2026-06-03,IN,ANDROID,cross_promo,17,356.1,8
5506,2025-10-03,ES,ios,organic,2,"15,1",4
5507,09.01.2026,US,pc,organic,12,253.0,8
5508,11.05.2026,TR,ANDROID,ua_google,3,66.3,3
5509,27.09.2025,RU,ios,organic,94,1640.5,54
5510,2026-03-14,PL,android,influencer,1,16.4,3
5511,2026-01-27,US,android,ua_facebook,24,566.2,11
5512,03.02.2026,RU,Windows,ua_facebook,92,1864.3,56
5513,10.11.2025,RU,android,ua_facebook,1,59.6,1
5514,23.10.2025,Germany,ios,ua_facebook,13,145.1,13
5515,2026-01-12,PL,pc,organic,16,304.1,4
5516,2026-04-17,US,PC,ua_google,18,457.6,16
5517,2026-05-23,us,PC,ua_google,6,158.5,3
5518,2026-03-22,BR,android,organic,7,,6
5519,24.12.2025,BR,pc,ua_google,8,172.8,4
5520,26.01.2026,IN,android,ua_facebook,7,148.0,5
5521,2026-05-31,RU,pc,cross_promo,17,333.1,6
5522,2026-01-19,BR,ios,ua_tiktok,1,7.9,2
5523,20.05.2026,MX,ANDROID,ua_google,2,22.3,1
5524,19.09.2025,de,android,ua_facebook,6,"150,6",3
5525,18.12.2025,FR,pc,ua_google,9,206.8,5
5526,03.10.2025,Turkey,android,organic,7,147.9,5
5527,09.09.2025,ES,pc,ua_facebook,1,15.5,2
5528,2025-11-01,BR,android,organic,2,64.9,1
5529,2026-02-13,BR,android,ua_google,3,124.6,3
5530,2025-11-17,BR,android,organic,7,265.1,4
5531,2025-09-05,br,android,ua_facebook,4,48.6,2
5532,2026-06-12,FR,ios,ua_google,7,98.2,8
5533,2025-09-02,PL,ANDROID,ua_facebook,7,106.3,2
5534,2026-06-12,MX,android,ua_facebook,1,-,1
5535,22.04.2026,TR,android,organic,58,1001.2,28
5536,06.12.2025,US,ios,cross_promo,1,11.0,1
5537,2026-05-16,DE,ios,organic,34,661.1,16
5538,06.10.2025,IN,android,ua_google,7,-,3
5539,2026-02-17,US,android,ua_tiktok,2,42.1,3
5540,2026-05-17,DE,ANDROID,ua_tiktok,8,101.4,4
5541,2026-01-25,RU,ios,ua_facebook,3,21.9,2
5542,2026-01-23,DE,android,ua_facebook,68,1383.2,28
5543,17.10.2025,DE,ios,influencer,40,1106.1,20
5544,2025-10-26,tr,android,ua_tiktok,1,29.3,1
5545,2025-11-21,ES,pc,organic,1,2.3,2
5546,2025-12-07,DE,android,ua_google,19,389.6,9
5547,11.12.2025,IN,android,ua_facebook,10,177.6,4
5548,31.03.2026,US,ios,ua_facebook,2,42.2,1
5549,20.10.2025,US,Android,organic,26,625.3,20
5550,24.10.2025,BR,android,cross_promo,51,871.7,27
5551,2025-09-26,,android,organic,2,23.0,1
5552,29.09.2025,RU,android,ua_tiktok,2,61.3,1
5553,2026-02-20,BR,pc,ua_facebook,1,9.7,3
5554,2026-01-29,BR,pc,influencer,4,25.2,4
5555,2026-04-10,US,android,organic,1,10.4,1
5556,2025-11-01,DE,ANDROID,ua_google,7,85.1,3
5557,13.01.2026,ES,Windows,organic,61,"961,5",36
5558,17.11.2025,us,ANDROID,ua_google,2,,2
5559,2025-09-20,GER,android,ua_facebook,4,112.5,1
5560,2025-12-12,PL,android,ua_tiktok,1,47.0,1
5561,2026-01-30,DE,IOS,ua_google,14,258.2,4
5562,2025-12-22,ES,IOS,organic,3,49.2,2
5563,2026-01-13,PL,android,ua_facebook,4,54.3,3
5564,2025-10-05,RU,android,ua_facebook,1,7.3,2
5565,14.04.2026,DE,PC,organic,12,320.2,5
5566,2025-12-09,н/д,pc,ua_tiktok,2,11.4,2
5567,24.09.2025,US,pc,cross_promo,14,289.6,5
5568,2025-09-26,ES,pc,ua_facebook,68,1428.4,36
5569,2025-12-08,,Android,cross_promo,1,9.6,1
5570,2026-01-11,MX,ios,ua_google,73,,43
5571,2025-10-07,Germany,pc,organic,9,248.4,6
5572,2026-06-15,FR,android,organic,1,11.6,2
5573,2025-11-02,RU,Windows,organic,5,91.4,2
5574,15.04.2026,PL,android,cross_promo,67,1488.2,37
5575,2025-12-07,ES,pc,ua_tiktok,1,,1
5576,01.10.2025,BR,iOS,ua_google,2,52.3,2
5577,29.09.2025,FR,android,cross_promo,2,36.5,2
5578,2025-10-06,RU,ios,ua_google,2,62.1,3
5579,2025-12-05,MX,pc,ua_google,2,83.6,4
5580,2026-06-14,DE,pc,ua_facebook,1,5.0,2
5581,22.01.2026,IN,android,ua_google,20,355.8,5
5582,2026-06-18,br,ios,ua_tiktok,9,290.5,3
5583,2025-10-20,TR,pc,ua_facebook,5,135.7,2
5584,19.05.2026,н/д,iOS,ua_google,2,25.8,1
5585,2025-09-12,MX,android,ua_tiktok,1,9.1,2
5586,2026-04-02,DE,ios,influencer,3,17.6,2
5587,28.09.2025,н/д,PC,ua_facebook,1,17.3,2
5588,2026-02-21,RU,ios,cross_promo,18,762.1,6
5589,2025-09-19,PL,ios,ua_tiktok,91,1675.3,44
5590,2025-12-12,RU,android,ua_google,42,685.6,22
5591,2026-05-13,RU,ios,organic,1,2.2,1
5592,20.02.2026,US,IOS,ua_tiktok,7,182.7,5
5593,03.12.2025,,ios,ua_google,9,174.5,3
5594,2025-12-16,н/д,ANDROID,ua_facebook,1,37.1,1
5595,2025-10-05,US,ANDROID,cross_promo,5,98.2,2
5596,19.12.2025,BR,pc,cross_promo,1,11.7,1
5597,2025-12-15,PL,pc,ua_facebook,20,404.2,4
5598,2025-11-25,ru,ios,organic,3,47.7,2
5599,2026-03-18,us,PC,ua_google,6,"36,7",4
5600,2025-10-09,RU,pc,ua_facebook,62,1209.0,36
5601,2026-01-04,tr,iOS,ua_facebook,1,3.2,2
5602,2026-01-31,DE,IOS,ua_facebook,8,106.8,5
5603,2026-03-09,DE,Android,organic,2,146.1,1
5604,2025-11-20,DE,android,ua_google,1,21.0,1
5605,19.10.2025,TR,android,organic,5,н/д,4
5606,20.10.2025,RU,pc,ua_facebook,1,7.2,2
5607,17.03.2026,IN,android,organic,3,69.8,2
5608,2026-06-01,DE,IOS,ua_tiktok,1,28.8,1
5609,18.11.2025,IN,ANDROID,ua_google,60,1175.7,24
5610,2025-12-06,PL,android,ua_google,14,,10
5611,16.09.2025,BR,pc,organic,109,2306.5,54
5612,13.10.2025,BR,android,cross_promo,3,33.3,2
5613,2026-01-02,DE,ios,ua_tiktok,20,568.8,8
5614,2026-04-10,PL,android,ua_facebook,9,228.1,7
5615,03.10.2025,IN,pc,influencer,13,167.6,6
5616,2025-10-22,FR,android,ua_facebook,12,208.2,6
5617,2026-04-29,BR,pc,organic,1,7.1,1
5618,2026-05-05,DE,ANDROID,ua_google,57,1169.1,23
5619,2026-04-18,TR,ios,organic,4,98.7,2
5620,2025-12-12,US,android,ua_google,61,1253.5,35
5621,2025-10-21,DE,ios,ua_google,1,26.7,1
5622,2026-03-18,RU,pc,organic,3,63.7,2
5623,2025-09-20,DE,android,ua_facebook,43,708.1,19
5624,2026-01-02,DE,ios,influencer,1,46.5,2
5625,05.09.2025,BR,android,organic,287,5457.4,143
5626,2025-09-06,TR,pc,organic,2,41.2,1
5627,2025-09-14,TR,android,ua_facebook,1,6.2,2
5628,11.04.2026,IN,pc,ua_tiktok,4,70.8,1
5629,2025-09-10,TR,iOS,organic,8,220.7,6
5630,2026-05-19,NaN,iOS,ua_google,28,722.8,13
5631,2025-11-09,US,android,ua_facebook,187,3327.6,83
5632,2025-10-08,US,pc,ua_facebook,2,39.6,1
5633,2025-11-06,IN,iOS,ua_facebook,112,2366.1,53
5634,2026-01-24,ES,pc,ua_facebook,161,3141.5,63
5635,25.06.2026,MX,ios,ua_facebook,8,139.5,4
5636,06.01.2026,DE,pc,ua_facebook,89,2195.6,55
5637,2026-05-01,TR,pc,ua_facebook,41,912.4,25
5638,17.04.2026,TR,android,ua_facebook,1,12.0,1
5639,2026-06-15,RU,pc,influencer,5,56.6,3
5640,2026-01-22,PL,pc,ua_facebook,1,9.8,4
5641,2025-10-07,RU,ios,ua_facebook,2,23.0,3
5642,13.09.2025,null,IOS,organic,1,5.5,1
5643,2026-03-28,MX,ios,ua_tiktok,87,1266.5,40
5644,05.04.2026,PL,pc,ua_facebook,29,510.6,22
5645,2025-11-11,DE,ANDROID,ua_facebook,6,113.4,3
5646,2026-01-31,FR,android,ua_google,1,-,1
5647,14.06.2026,PL,android,ua_google,9,160.4,9
5648,2025-09-03,US,Windows,ua_facebook,1,22.3,1
5649,2025-09-09,GER,IOS,ua_facebook,22,463.7,12
5650,2026-03-12,US,android,organic,103,2031.6,46
5651,29.04.2026,TR,ios,ua_facebook,8,н/д,6
5652,2025-09-19,-,ios,cross_promo,59,1193.2,28
5653,2025-09-19,DE,android,ua_facebook,9,165.5,6
5654,2026-01-12,BR,ios,organic,1,7.5,2
5655,2025-10-11,ES,ios,cross_promo,68,н/д,29
5656,2026-03-02,PL,ios,organic,52,null,25
5657,2025-09-28,BR,pc,ua_google,8,116.4,2
5658,04.04.2026,PL,Android,ua_facebook,125,2567.6,67
5659,2025-11-21,TR,pc,ua_facebook,225,4648.9,110
5660,2026-03-01,MX,ios,influencer,3,90.6,3
5661,06.11.2025,US,android,ua_google,5,192.6,3
5662,2026-03-21,DE,android,ua_google,3,219.4,2
5663,2026-02-12,us,pc,ua_facebook,1,4.4,1
5664,2025-10-30,MX,ios,ua_facebook,2,20.1,1
5665,2025-11-02,DE,ios,ua_facebook,1,22.7,2
5666,2026-05-10,ES,ANDROID,ua_tiktok,4,-,6
5667,2025-09-26,ES,android,organic,3,76.9,4
5668,2025-12-07,FR,android,cross_promo,20,296.1,10
5669,2026-05-11,Turkey,pc,ua_google,16,352.4,10
5670,01.11.2025,,iOS,influencer,10,157.5,3
5671,2026-01-08,-,iOS,ua_facebook,2,-28.6,2
5672,02.09.2025,MX,android,ua_google,18,466.1,6
5673,2026-01-19,Brazil,ios,ua_facebook,5,133.7,2
5674,2026-02-06,USA,IOS,ua_facebook,5,"69,5",5
5675,2025-09-22,US,ios,ua_facebook,47,915.8,15
5676,11.12.2025,RU,Android,ua_facebook,20,432.1,18
5677,2025-11-05,us,Windows,ua_tiktok,2,20.9,4
5678,2025-11-18,RU,ANDROID,organic,1,20.6,2
5679,23.04.2026,RU,pc,ua_facebook,1,10.9,1
5680,2025-09-30,MX,ios,ua_tiktok,1,2.5,2
5681,23.01.2026,RU,android,influencer,4,77.2,3
5682,2025-12-19,ru,android,organic,1,19.8,3
5683,2025-09-22,PL,ios,cross_promo,10,123.6,6
5684,2026-04-14,IN,pc,ua_facebook,8,137.2,7
5685,2025-12-19,,ios,ua_facebook,2,34.7,2
5686,2026-04-07,de,android,ua_facebook,82,-,39
5687,02.04.2026,MX,pc,organic,1,21.3,2
5688,2026-06-05,PL,android,cross_promo,1,27.8,1
5689,2026-01-09,US,android,influencer,32,521.0,19
5690,2025-09-02,PL,iOS,ua_google,1,,3
5691,2025-10-03,DE,iOS,influencer,28,974.0,15
5692,2026-03-04,PL,ANDROID,ua_google,1,8.7,2
5693,2025-09-01,IN,IOS,ua_google,9,262.7,5
5694,2025-12-11,RU,Android,organic,87,1896.2,36
5695,2026-03-15,BR,ANDROID,ua_google,1,3.5,1
5696,2026-01-28,US,pc,organic,3,34.2,2
5697,10.06.2026,ES,pc,influencer,6,137.8,5
5698,2026-01-12,US,ios,ua_google,1,40.4,2
5699,2025-09-30,br,Android,ua_facebook,1,11.1,1
5700,2025-12-15,ru,android,ua_facebook,15,197.9,3
5701,2026-06-29,ES,IOS,ua_facebook,1,5.6,1
5702,2025-11-21,PL,android,influencer,77,1516.4,41
5703,12.03.2026,IN,ios,ua_facebook,2,35.1,3
5704,2026-02-01,,android,influencer,5,74.1,5
5705,2026-03-16,TR,android,organic,6,119.7,3
5706,2026-04-14,de,pc,ua_tiktok,57,"1223,1",23
5707,26.12.2025,ES,ios,cross_promo,3,163.8,3
5708,2026-03-10,PL,ANDROID,influencer,14,365.7,6
5709,2025-09-24,RU,android,organic,7,null,5
5710,22.01.2026,tr,android,ua_tiktok,1,"5,0",1
5711,2026-03-17,DE,ios,ua_google,33,644.1,23
5712,2025-09-19,FR,android,ua_tiktok,4,49.7,3
5713,2026-03-20,BR,ios,ua_facebook,2,77.6,3
5714,30.09.2025,DE,android,organic,3,71.7,2
5715,2025-11-15,PL,ios,ua_google,8,230.2,5
5716,2025-11-01,RU,IOS,cross_promo,3,87.8,1
5717,2026-05-06,BR,ios,ua_facebook,59,1023.6,29
5718,2026-04-02,us,android,ua_google,1,4.0,1
5719,16.04.2026,IN,ios,ua_google,2,17.3,4
5720,2025-11-12,IN,pc,influencer,7,90.3,4
5721,2026-04-19,br,ios,ua_facebook,18,325.0,13
5722,2025-09-27,DE,Android,ua_facebook,3,42.1,1
5723,2026-01-25,Russia,ios,ua_tiktok,1,28.4,1
5724,2025-10-02,MX,android,ua_facebook,50,854.1,29
5725,2025-12-18,FR,Android,influencer,3,47.9,4
5726,2025-10-27,ES,ios,ua_google,145,2673.9,73
5727,12.02.2026,IN,Android,ua_google,1,н/д,1
5728,10.05.2026,TR,ANDROID,organic,3,52.2,2
5729,2025-10-13,TR,android,ua_facebook,1,9.2,1
5730,2026-04-08,BR,PC,ua_google,1,2.9,2
5731,2025-12-30,IN,IOS,influencer,84,1765.4,39
5732,2026-04-21,us,pc,organic,12,236.9,6
5733,24.05.2026,IN,ios,ua_facebook,11,350.4,12
5734,2025-12-03,ES,pc,cross_promo,3,NaN,2
5735,2026-04-27,PL,pc,ua_tiktok,2,25.7,1
5736,14.10.2025,US,Android,ua_google,136,2580.4,54
5737,2025-10-08,FR,android,ua_tiktok,10,155.5,7
5738,2025-11-11,RU,android,ua_facebook,1,23.6,1
5739,01.03.2026,US,pc,ua_facebook,1,5.0,1
5740,2026-06-29,BR,pc,organic,0,0,1
5741,2026-03-26,TR,android,cross_promo,20,591.3,13
5742,2025-12-16,US,pc,organic,3,39.7,3
5743,28.03.2026,TR,ios,organic,23,"586,8",14
5744,2026-01-18,DE,iOS,organic,13,321.3,7
5745,2025-11-13,DE,pc,ua_tiktok,2,66.0,1
5746,27.02.2026,,android,ua_google,1,17.0,1
5747,2026-04-17,USA,ios,ua_google,3,24.6,4
5748,2025-12-15,DE,android,ua_facebook,3,104.9,4
5749,2025-10-08,DE,ios,influencer,2,33.7,3
5750,2026-06-01,IN,ios,ua_facebook,3,54.9,4
5751,2025-11-01,TR,pc,ua_google,4,63.7,5
5752,09.06.2026,ES,pc,ua_facebook,6,211.8,4
5753,12.09.2025,DE,pc,influencer,1,3.5,2
5754,29.12.2025,PL,Android,cross_promo,1,26.8,2
5755,2026-01-08,IN,ios,ua_facebook,1,6.5,1
5756,2026-03-07,BR,pc,ua_google,3,58.3,5
5757,12.02.2026,ES,android,influencer,23,378.6,15
5758,2025-09-10,US,ios,ua_tiktok,119,2162.0,65
5759,2025-09-06,MX,ios,ua_facebook,1,5.0,1
5760,2025-12-10,RU,android,ua_facebook,4,64.2,5
5761,2026-03-02,TR,android,influencer,8,125.9,6
5762,2025-10-01,TR,pc,ua_tiktok,3,59.7,1
5763,21.01.2026,DE,pc,cross_promo,13,588.7,6
5764,2025-09-20,FR,IOS,ua_facebook,20,296.8,10
5765,2025-10-23,-,pc,ua_tiktok,62,1468.1,37
5766,26.09.2025,US,pc,ua_tiktok,2,82.4,1
5767,2026-04-15,TR,android,ua_facebook,3,42.3,2
5768,22.11.2025,BR,ios,ua_facebook,90,null,35
5769,2025-11-02,FR,android,ua_tiktok,2,"29,7",2
5770,2025-11-21,PL,android,organic,100,1885.2,47
5771,2026-04-04,PL,ios,influencer,2,50.4,3
5772,2026-06-09,MX,android,ua_google,13,269.3,10
5773,2026-06-24,ES,iOS,organic,2,53.0,1
5774,2025-10-16,ES,android,organic,4,331.3,3
5775,06.12.2025,DE,pc,cross_promo,172,3554.6,89
5776,2026-06-20,MX,android,influencer,2,60.9,4
5777,2025-11-24,FR,android,organic,4,146.3,2
5778,2025-09-02,TR,android,ua_facebook,16,302.0,5
5779,2026-02-16,н/д,ANDROID,ua_facebook,35,631.9,16
5780,2026-03-11,ES,PC,ua_tiktok,8,135.0,9
5781,20.04.2026,tr,ios,influencer,1,29.7,1
5782,10.09.2025,null,ios,ua_facebook,11,197.6,6
5783,2025-10-21,IN,android,organic,14,344.9,4
5784,2025-11-01,GER,ios,influencer,15,297.9,9
5785,02.04.2026,IN,ios,cross_promo,2,44.5,1
5786,2025-09-03,Germany,ios,influencer,3,57.4,1
5787,2026-01-20,RU,Android,ua_facebook,21,312.9,16
5788,01.12.2025,MX,ios,ua_tiktok,122,2083.8,65
5789,2026-02-27,,android,ua_facebook,1,19.0,1
5790,2026-04-09,,Android,influencer,5,112.4,3
5791,2026-01-04,TR,ios,ua_google,1,9.9,1
5792,2026-03-02,DE,android,ua_facebook,7,null,7
5793,2026-04-10,tr,android,ua_facebook,3,"41,6",1
5794,2025-12-14,DE,android,organic,5,34.8,3
5795,2026-02-14,MX,ios,ua_google,1,44.5,1
5796,2025-12-15,ru,pc,organic,5,74.8,3
5797,2026-04-03,TR,pc,influencer,19,348.9,9
5798,2026-02-03,US,Windows,ua_tiktok,45,1127.6,24
5799,2026-02-02,DE,android,ua_facebook,2,31.0,3
5800,2025-12-26,ES,iOS,organic,3,41.8,2
5801,05.04.2026,US,pc,ua_google,2,29.2,1
5802,2025-10-05,FR,android,ua_facebook,8,142.4,6
5803,2026-05-02,PL,ios,ua_tiktok,5,124.1,3
5804,2026-01-18,NaN,pc,ua_facebook,63,1446.2,38
5805,20.01.2026,TR,android,ua_tiktok,16,420.7,9
5806,2025-09-30,GER,ios,ua_facebook,81,1553.2,31
5807,2025-10-05,TR,ios,ua_tiktok,1,11.9,2
5808,2026-06-30,ES,android,ua_facebook,1,23.3,1
5809,2025-09-22,RU,ios,ua_google,52,1056.3,20
5810,2025-10-28,ES,android,ua_facebook,36,764.9,24
5811,07.12.2025,null,pc,influencer,2,,2
5812,2026-03-21,IN,pc,ua_tiktok,2,77.7,2
5813,2026-02-06,BR,pc,ua_facebook,22,576.2,14
5814,20.09.2025,IN,ios,ua_google,14,178.7,8
5815,2026-02-28,,IOS,ua_tiktok,37,735.8,18
5816,2025-09-06,TR,android,ua_facebook,95,2113.1,47
5817,2026-04-20,IN,ios,ua_facebook,3,79.7,1
5818,2025-09-28,BR,ANDROID,ua_tiktok,1,"5,2",1
5819,13.05.2026,us,ANDROID,ua_google,16,339.5,8
5820,2025-11-05,IN,android,ua_facebook,7,145.8,7
5821,2025-10-25,BR,android,ua_facebook,217,4425.4,101
5822,2026-04-07,BR,android,ua_facebook,1,7.1,1
5823,2026-01-05,DE,ios,ua_facebook,1,35.7,1
5824,2026-01-20,RU,android,ua_google,37,873.4,21
5825,2026-01-08,RU,ANDROID,organic,5,77.1,3
5826,12.03.2026,US,ios,influencer,5,101.5,5
5827,2026-06-08,DE,IOS,influencer,15,499.4,11
5828,2026-04-18,ES,android,ua_tiktok,1,7.4,2
5829,28.12.2025,US,pc,ua_facebook,1,6.2,1
5830,2025-09-01,DE,pc,ua_facebook,4,57.7,1
5831,2026-03-06,Brazil,ios,ua_google,22,396.9,8
5832,2026-02-02,Germany,android,ua_facebook,6,84.7,5
5833,2025-12-20,ES,pc,organic,1,47.2,1
5834,2026-05-05,null,IOS,ua_tiktok,3,33.7,2
5835,2025-11-06,ES,android,organic,40,"853,3",20
5836,2025-11-27,ES,pc,ua_facebook,163,3256.0,84
5837,13.05.2026,PL,pc,cross_promo,1,59.4,2
5838,12.05.2026,TR,ios,ua_facebook,3,23.6,2
5839,11.01.2026,PL,android,ua_google,71,1751.6,33
5840,17.09.2025,DE,android,organic,31,568.4,21
5841,2026-06-15,ES,ios,ua_google,12,306.6,1
5842,2026-02-22,US,android,ua_google,6,92.8,7
5843,2025-09-29,Germany,android,ua_tiktok,30,,11
5844,03.12.2025,ES,ios,cross_promo,2,20.5,3
5845,21.12.2025,ES,IOS,cross_promo,1,"30,0",1
5846,2025-09-29,PL,IOS,influencer,12,234.5,9
5847,2026-04-19,DE,ios,organic,2,47.9,1
5848,2025-12-03,Russia,android,ua_facebook,14,284.9,3
5849,2025-10-13,PL,pc,ua_facebook,14,245.6,11
5850,12.09.2025,DE,android,ua_google,8,76.6,7
5851,2025-09-24,RU,iOS,ua_google,14,189.4,11
5852,2026-01-06,MX,android,ua_tiktok,1,8.5,1
5853,2025-11-25,DE,ios,ua_google,14,200.7,5
5854,2026-04-19,DE,ios,cross_promo,4,152.3,2
5855,2026-03-27,BR,pc,cross_promo,16,420.2,6
5856,29.01.2026,br,IOS,ua_google,9,152.7,6
5857,2026-01-28,TR,Android,ua_tiktok,28,829.6,12
5858,2026-04-29,TR,ios,ua_tiktok,14,242.9,6
5859,01.10.2025,FR,pc,ua_facebook,11,260.1,8
5860,2025-10-31,IN,iOS,ua_facebook,5,,1
5861,2025-10-18,ES,ios,ua_facebook,16,369.7,10
5862,03.02.2026,Russia,pc,ua_facebook,86,1932.7,42
5863,15.06.2026,RU,android,ua_tiktok,1,20.7,1
5864,2026-03-05,MX,android,ua_google,63,"1263,6",32
5865,2026-01-02,PL,PC,organic,5,121.9,3
5866,2025-09-12,DE,PC,ua_facebook,3,null,3
5867,2026-01-06,PL,pc,ua_google,26,618.5,16
5868,2026-05-30,,android,ua_facebook,5,207.4,2
5869,2025-12-11,DE,ios,organic,42,923.7,23
5870,2026-02-03,MX,android,ua_facebook,1,55.0,2
5871,2026-05-04,PL,android,organic,4,78.6,1
5872,2025-09-27,US,pc,ua_facebook,1,32.6,1
5873,2025-12-19,DE,pc,ua_facebook,75,1713.7,30
5874,2026-03-01,ES,android,influencer,1,48.3,1
5875,2026-04-19,TR,android,ua_tiktok,43,917.9,30
5876,2026-02-09,FR,android,cross_promo,8,281.1,4
5877,2026-03-15,us,PC,organic,2,,2
5878,24.05.2026,US,ios,ua_google,20,382.3,12
5879,2026-06-18,,IOS,ua_facebook,8,204.4,3
5880,2026-03-13,DE,ANDROID,organic,3,60.7,3
5881,2025-11-21,US,Android,ua_facebook,28,509.7,9
5882,17.11.2025,US,android,organic,9,110.2,4
5883,2026-06-12,DE,ios,organic,8,132.7,3
5884,14.03.2026,US,IOS,organic,51,1092.8,25
5885,2026-02-19,BR,ios,ua_facebook,10,325.3,4
5886,17.06.2026,RU,android,ua_tiktok,11,-171.1,5
5887,2025-09-13,RU,pc,ua_google,5,159.2,4
5888,2025-12-26,DE,android,cross_promo,5,33.7,4
5889,2026-04-01,BR,android,ua_google,2,48.8,1
5890,2026-03-18,ES,android,ua_tiktok,1,"16,5",1
5891,2026-01-15,USA,ios,cross_promo,2,51.3,2
5892,2025-10-25,US,android,ua_facebook,2,29.5,1
5893,2026-01-21,DE,ios,ua_facebook,49,964.0,35
5894,2026-05-29,RU,android,ua_facebook,15,251.0,6
5895,2026-05-05,FR,ios,influencer,11,335.9,6
5896,2025-12-26,DE,PC,ua_google,2,26.2,1
5897,2025-12-21,DE,Android,ua_facebook,36,936.4,20
5898,02.01.2026,TR,Windows,organic,7,166.3,8
5899,21.06.2026,ES,pc,organic,8,73.7,4
5900,03.12.2025,DE,pc,influencer,42,953.8,23
5901,2026-01-06,DE,android,cross_promo,77,1714.4,40
5902,2025-09-01,BR,pc,ua_facebook,1,24.8,1
5903,2026-01-11,,ios,ua_facebook,101,1917.6,51
5904,2026-04-08,US,Android,cross_promo,8,150.5,6
5905,2026-02-24,PL,ios,organic,4,56.3,1
5906,08.02.2026,us,ios,organic,4,53.7,3
5907,2025-12-19,PL,iOS,ua_tiktok,107,2026.0,52
5908,2025-09-20,BR,android,ua_google,2,27.5,2
5909,21.09.2025,PL,Android,organic,79,1602.3,32
5910,2025-11-02,US,Android,ua_google,1,28.9,1
5911,2026-06-01,RU,Android,organic,40,1031.9,19
5912,14.03.2026,PL,ios,cross_promo,2,27.8,1
5913,14.05.2026,US,ANDROID,organic,13,262.3,6
5914,2026-06-17,FR,ANDROID,ua_facebook,8,169.2,5
5915,2025-12-20,BR,android,ua_facebook,2,46.5,3
5916,2026-05-01,TR,pc,ua_google,1,8.2,1
5917,2025-10-29,null,pc,organic,61,903.4,24
5918,2026-02-06,ES,ios,cross_promo,65,1524.5,28
5919,2025-12-25,RU,pc,ua_tiktok,81,1700.5,29
5920,14.04.2026,BR,ios,cross_promo,1,52.4,1
5921,2026-04-27,PL,ios,ua_facebook,24,516.3,14
5922,2025-11-13,RU,ios,ua_tiktok,3,83.1,2
5923,29.01.2026,us,ios,ua_facebook,12,345.1,9
5924,2026-06-01,,android,ua_facebook,1,35.9,1
5925,2026-05-14,FR,ios,ua_google,9,219.7,6
5926,29.01.2026,ES,android,influencer,5,121.6,2
5927,2025-09-24,,android,ua_google,9,155.2,5
5928,2025-12-03,,android,ua_facebook,1,,1
5929,2025-11-26,DE,PC,ua_facebook,36,1076.9,21
5930,25.10.2025,MX,ios,organic,1,14.4,1
5931,14.06.2026,MX,iOS,ua_facebook,6,133.6,4
5932,09.04.2026,,pc,influencer,70,1455.4,36
5933,2026-03-07,RU,android,ua_facebook,1,9.1,1
5934,2026-01-03,US,android,ua_facebook,12,400.1,2
5935,2026-02-13,RU,pc,ua_google,3,45.3,1
5936,2025-10-21,US,pc,organic,3,19.1,2
5937,2026-04-23,DE,pc,ua_tiktok,78,1873.5,42
5938,30.11.2025,MX,android,organic,1,116.6,1
5939,2026-05-13,tr,ios,organic,5,133.8,3
5940,2025-12-27,PL,Android,organic,7,104.6,4
5941,2025-09-14,BR,Android,ua_facebook,1,9.0,1
5942,2025-10-06,GER,ios,ua_tiktok,5,65.5,4
5943,2025-12-18,US,android,ua_google,1,5.0,1
5944,10.01.2026,TR,ios,organic,1,7.1,1
5945,06.09.2025,US,IOS,cross_promo,6,53.5,6
5946,15.03.2026,BR,ANDROID,organic,84,1571.7,47
5947,23.02.2026,DE,iOS,organic,1,3.7,1
5948,02.02.2026,,pc,influencer,1,22.1,2
5949,26.12.2025,RU,android,organic,13,356.6,9
5950,2026-06-28,BR,pc,ua_facebook,2,36.6,4
5951,2025-10-05,US,ios,ua_facebook,74,1121.3,43
5952,2026-01-02,PL,android,ua_google,145,3154.6,77
5953,2026-02-16,RU,IOS,ua_google,3,29.6,4
5954,2025-11-01,-,ios,organic,9,154.6,3
5955,2026-01-30,BR,Windows,cross_promo,5,113.6,3
5956,21.02.2026,US,android,ua_tiktok,5,96.1,6
5957,01.09.2025,ES,android,ua_google,1,30.1,3
5958,24.06.2026,,android,ua_facebook,1,10.5,1
5959,21.10.2025,de,android,influencer,2,59.8,2
5960,2025-11-10,FR,Android,cross_promo,3,34.8,3
5961,2026-03-03,IN,pc,influencer,17,374.8,16
5962,2026-05-26,BR,android,ua_google,4,82.4,3
5963,2026-05-09,TR,pc,ua_google,9,263.7,3
5964,2026-05-10,US,ios,ua_google,1,44.9,1
5965,2026-01-14,MX,pc,ua_facebook,1,28.9,1
5966,2025-09-15,RU,ios,ua_facebook,2,26.4,2
5967,2026-04-06,NaN,ios,ua_facebook,46,961.2,28
5968,2025-09-03,DE,android,cross_promo,82,1663.1,45
5969,13.03.2026,FR,ANDROID,ua_facebook,3,43.8,4
5970,02.03.2026,Russia,android,organic,1,40.8,2
5971,2025-10-15,BR,ios,influencer,1,28.2,2
5972,2025-09-20,BR,android,ua_google,22,465.5,12
5973,2026-04-30,US,android,ua_facebook,5,55.6,1
5974,21.12.2025,BR,pc,cross_promo,20,280.5,13
5975,2025-09-28,RU,android,ua_google,1,8.8,1
5976,2026-03-23,ES,android,ua_facebook,22,"513,8",13
5977,2026-02-15,BR,android,organic,3,70.2,2
5978,2025-09-14,PL,ios,ua_google,2,35.8,1
5979,2025-12-18,FR,ANDROID,ua_tiktok,71,1451.4,37
5980,2025-11-04,PL,android,ua_facebook,4,107.3,3
5981,11.10.2025,,pc,influencer,5,46.3,2
5982,2026-04-22,BR,Android,ua_facebook,3,123.0,4
5983,14.01.2026,RU,pc,ua_facebook,1,22.0,1
5984,2026-02-19,FR,android,organic,2,22.4,4
5985,2025-09-22,NaN,PC,organic,7,91.9,4
5986,2025-10-17,TR,ios,organic,18,283.3,9
5987,06.04.2026,BR,pc,ua_tiktok,17,313.2,5
5988,2026-03-04,US,ios,organic,18,277.5,12
5989,2026-01-28,RU,IOS,cross_promo,4,39.6,5
5990,2025-10-13,US,ios,ua_google,13,180.6,8
5991,2026-04-07,TR,ios,organic,3,43.1,1
5992,2025-09-18,DE,android,influencer,17,"332,8",7
5993,2025-12-22,DE,android,ua_tiktok,19,445.3,10
5994,2026-04-22,de,pc,ua_facebook,6,277.9,2
5995,2025-11-27,US,pc,ua_google,77,1383.5,46
5996,07.12.2025,PL,pc,ua_facebook,1,11.0,1
5997,26.05.2026,ES,PC,ua_google,24,550.0,11
5998,26.02.2026,Turkey,ios,organic,113,2411.0,45
5999,22.01.2026,RU,ios,ua_facebook,164,3466.9,80
6000,2026-01-06,TR,ANDROID,influencer,8,"151,3",5
6001,2026-04-21,DE,Android,ua_google,7,167.2,6
6002,2025-10-02,TR,ios,cross_promo,3,н/д,1
6003,2026-01-02,PL,ios,cross_promo,3,38.4,3
6004,2026-05-29,DE,android,ua_tiktok,21,560.8,10
6005,2026-04-30,PL,pc,ua_google,1,8.2,2
6006,01.12.2025,IN,ANDROID,ua_google,1,20.4,1
6007,2026-03-03,BR,ios,influencer,89,1599.5,42
6008,2026-01-13,Brazil,android,organic,9,110.2,4
6009,2025-12-22,IN,android,organic,12,179.8,8
6010,2026-02-25,Turkey,pc,ua_tiktok,14,293.4,8
6011,2025-09-29,PL,iOS,organic,1,9.8,1
6012,2025-09-18,,IOS,ua_facebook,4,96.9,3
6013,2026-03-21,MX,pc,ua_tiktok,1,11.6,2
6014,2025-12-16,,android,ua_facebook,1,10.9,1
6015,2025-12-08,RU,pc,ua_tiktok,226,4436.7,123
6016,2026-06-16,MX,android,organic,16,351.4,10
6017,2026-02-26,DE,ANDROID,organic,9,274.3,6
6018,2026-02-18,DE,pc,organic,60,1011.0,25
6019,2026-04-18,US,Windows,ua_google,2,14.3,2
6020,2026-01-19,TR,pc,ua_facebook,3,н/д,3
6021,2025-10-20,BR,ios,ua_google,1,2.9,1
6022,2026-06-26,TR,pc,ua_google,5,113.6,5
6023,2026-06-18,DE,ios,cross_promo,11,191.8,4
6024,2026-01-12,,pc,ua_facebook,1,11.6,1
6025,2026-01-03,BR,ios,ua_facebook,45,720.2,26
6026,2026-03-25,Brazil,Windows,cross_promo,1,9.0,1
6027,2025-12-20,DE,android,organic,1,20.4,3
6028,2026-04-20,DE,ios,ua_tiktok,2,"22,4",1
6029,2025-12-17,PL,pc,ua_facebook,1,6.7,2
6030,2026-05-02,PL,Windows,ua_google,4,35.8,4
6031,2025-11-11,FR,pc,organic,4,79.9,3
6032,2025-09-11,US,android,ua_facebook,80,1581.3,46
6033,2025-12-02,RU,android,ua_tiktok,96,2303.7,55
6034,2026-04-21,-,android,ua_tiktok,1,37.0,2
6035,2026-06-14,Germany,android,ua_google,8,166.5,5
6036,17.10.2025,ES,pc,influencer,9,137.4,6
6037,2026-04-29,DE,pc,ua_facebook,25,509.4,10
6038,2025-12-14,US,pc,ua_tiktok,136,2531.7,62
6039,06.09.2025,US,Android,ua_google,3,35.8,2
6040,13.12.2025,PL,ios,ua_google,19,430.2,12
6041,2025-09-11,PL,pc,ua_facebook,2,31.0,1
6042,2025-11-22,ES,android,ua_facebook,3,32.3,3
6043,21.05.2026,ES,pc,ua_google,1,12.5,1
6044,18.11.2025,-,iOS,ua_google,96,2026.6,39
6045,2026-01-15,PL,ios,ua_facebook,21,317.2,8
6046,2026-06-15,FR,ios,ua_tiktok,5,117.1,4
6047,2025-09-27,ES,PC,ua_tiktok,3,48.6,1
6048,09.01.2026,DE,ios,ua_facebook,11,232.8,6
6049,2025-10-10,DE,pc,influencer,37,765.9,15
6050,2025-09-21,PL,android,organic,15,270.4,7
6051,2025-11-11,RU,android,ua_google,2,25.6,1
6052,2026-01-21,IN,pc,ua_tiktok,108,2158.1,46
6053,07.05.2026,Russia,ANDROID,organic,4,99.9,1
6054,2025-12-09,US,ios,influencer,1,37.8,3
6055,24.09.2025,MX,ANDROID,ua_google,1,40.7,1
6056,2026-06-18,US,pc,ua_facebook,7,"170,0",4
6057,2025-09-28,TR,iOS,influencer,4,88.0,7
6058,2026-04-15,MX,ANDROID,organic,8,161.3,3
6059,2026-06-25,RU,pc,organic,5,44.4,3
6060,2026-04-26,IN,android,ua_google,8,"235,6",3
6061,2026-02-13,BR,Android,ua_facebook,6,203.9,2
6062,2026-01-13,BR,Android,cross_promo,18,430.6,4
6063,2025-12-19,BR,ios,ua_google,10,,8
6064,12.01.2026,DE,pc,ua_google,10,179.4,5
6065,06.10.2025,US,Android,cross_promo,25,479.1,12
6066,2025-09-22,US,pc,cross_promo,8,228.6,3
6067,2025-12-14,IN,pc,ua_facebook,96,1908.1,39
6068,2026-03-30,ru,IOS,ua_tiktok,8,123.6,8
6069,27.10.2025,ES,iOS,ua_google,45,908.8,21
6070,2026-04-18,IN,PC,ua_facebook,12,225.8,7
6071,2025-12-18,PL,android,ua_facebook,2,32.7,2
6072,2026-01-03,MX,android,ua_facebook,30,655.9,15
6073,09.04.2026,BR,android,ua_facebook,1,16.4,3
6074,2026-06-30,MX,ios,ua_facebook,1,5.8,1
6075,09.06.2026,US,ios,influencer,1,18.7,1
6076,05.03.2026,TR,android,ua_google,16,377.2,4
6077,2025-09-26,,ios,ua_google,42,911.6,20
6078,2025-09-01,BR,ios,cross_promo,3,88.7,2
6079,2025-10-05,DE,ios,ua_tiktok,8,134.0,3
6080,2025-11-04,TR,android,ua_tiktok,1,7.7,1
6081,2026-03-17,,android,ua_facebook,3,107.7,3
6082,21.04.2026,DE,android,organic,6,61.1,7
6083,02.11.2025,BR,android,ua_tiktok,2,20.8,1
6084,2025-11-26,PL,pc,ua_google,39,747.0,17
6085,2026-04-18,MX,pc,ua_tiktok,4,141.5,3
6086,2026-01-12,PL,ANDROID,ua_facebook,35,637.2,15
6087,2026-02-07,DE,ios,ua_google,3,54.0,4
6088,2026-06-08,RU,android,ua_facebook,5,56.9,3
6089,18.12.2025,PL,android,influencer,4,40.6,4
6090,19.02.2026,US,pc,ua_facebook,134,2952.3,57
6091,25.06.2026,DE,android,influencer,1,н/д,2
6092,01.03.2026,DE,android,ua_tiktok,2,76.3,2
6093,2026-03-20,PL,android,ua_tiktok,38,753.6,27
6094,2026-03-01,FR,ios,ua_tiktok,70,1342.7,38
6095,30.03.2026,PL,Android,organic,4,221.3,1
6096,2026-06-24,PL,android,ua_facebook,3,30.9,2
6097,2026-05-07,BR,android,ua_google,2,81.7,4
6098,2026-03-30,ES,android,organic,1,10.1,1
6099,09.06.2026,IN,pc,ua_facebook,1,12.3,1
6100,18.10.2025,MX,android,ua_google,3,57.3,2
6101,2026-05-10,TR,android,ua_tiktok,7,100.5,7
6102,2026-06-07,DE,android,ua_tiktok,3,144.4,3
6103,2025-11-10,н/д,ios,ua_facebook,18,278.3,9
6104,2025-10-17,PL,android,organic,4,238.5,2
6105,2026-03-12,US,pc,ua_facebook,1,14.2,1
6106,2025-12-04,BR,android,ua_facebook,1,27.9,2
6107,2026-02-16,PL,android,cross_promo,4,201.9,3
6108,2026-02-27,US,pc,ua_google,8,87.4,4
6109,2025-12-19,PL,PC,cross_promo,45,875.0,23
6110,10.09.2025,US,pc,ua_facebook,1,30.8,1
6111,04.04.2026,ru,android,organic,1,7.1,2
6112,2026-04-27,TR,Android,ua_google,2,166.2,1
6113,20.04.2026,IN,ios,ua_google,26,445.4,13
6114,2026-02-12,US,pc,influencer,137,2841.1,65
6115,2026-02-01,MX,Android,ua_google,91,1967.9,40
6116,2025-12-27,DE,ios,cross_promo,4,43.9,4
6117,2025-10-27,PL,pc,ua_tiktok,230,4842.0,114
6118,2025-09-29,BR,Android,ua_facebook,14,242.6,7
6119,11.09.2025,PL,android,ua_facebook,131,"2926,0",65
6120,23.03.2026,PL,Android,cross_promo,73,1564.5,35
6121,2025-11-12,RU,pc,ua_google,2,"115,1",2
6122,2025-12-09,BR,pc,ua_google,1,18.6,1
6123,2026-06-10,DE,android,cross_promo,6,134.3,3
6124,2026-05-04,US,ios,cross_promo,6,105.4,3
6125,2025-11-18,RU,ios,ua_google,4,22.9,3
6126,07.04.2026,IN,android,ua_facebook,1,74.4,1
6127,2026-06-27,null,ios,organic,3,н/д,4
6128,31.12.2025,ES,android,organic,2,15.5,2
6129,26.11.2025,PL,ios,influencer,4,42.9,4
6130,30.05.2026,US,pc,ua_facebook,18,470.3,13
6131,2026-06-24,FR,pc,influencer,4,45.0,2
6132,2025-09-19,us,ios,influencer,34,NaN,17
6133,2026-02-21,BR,ios,ua_google,83,1548.3,42
6134,2026-04-17,ES,ios,ua_tiktok,3,24.0,2
6135,09.05.2026,null,ios,ua_google,1,10.8,1
6136,2026-03-08,ES,ios,ua_google,18,423.8,8
6137,2025-10-28,RU,ios,organic,10,174.3,7
6138,2026-03-02,DE,pc,ua_tiktok,62,1217.0,43
6139,12.04.2026,DE,android,ua_google,1,35.6,1
6140,2026-05-13,RU,ios,ua_facebook,6,114.4,4
6141,14.02.2026,ES,Windows,organic,1,7.9,1
6142,2025-12-31,ES,ios,organic,10,203.5,5
6143,2026-01-18,DE,android,organic,1,17.2,1
6144,05.05.2026,FR,android,ua_tiktok,8,251.0,5
6145,2025-09-06,PL,ios,organic,98,,48
6146,2026-02-13,US,android,ua_facebook,14,388.9,7
6147,2026-01-16,RU,ios,ua_tiktok,1,12.5,2
6148,2026-03-11,DE,PC,ua_tiktok,7,,2
6149,2025-11-23,MX,android,ua_google,69,1399.7,37
6150,2025-10-12,PL,IOS,organic,4,128.0,3
6151,2026-01-08,BR,android,ua_facebook,34,573.3,19
6152,2026-05-02,DE,ios,organic,1,7.0,2
6153,2026-01-17,BR,android,cross_promo,2,56.9,3
6154,2025-12-22,PL,ios,ua_google,30,658.0,15
6155,2026-01-06,DE,Android,ua_google,15,239.5,10
6156,2026-02-18,US,android,organic,94,1963.2,47
6157,2025-11-26,MX,android,organic,1,11.2,2
6158,2026-06-11,IN,pc,influencer,6,247.5,2
6159,09.09.2025,PL,pc,cross_promo,3,30.5,1
6160,2025-12-14,FR,ios,ua_facebook,5,72.3,4
6161,18.02.2026,BR,android,organic,1,37.6,2
6162,2026-01-05,TR,Android,ua_facebook,1,6.1,1
6163,2025-12-13,MX,ios,ua_tiktok,17,467.0,12
6164,2025-12-02,US,ios,organic,1,95.3,2
6165,2026-03-27,DE,ios,organic,6,100.5,6
6166,01.01.2026,ES,iOS,ua_facebook,80,1676.2,44
6167,2026-05-15,IN,ios,cross_promo,1,NaN,1
6168,2025-09-15,Brazil,android,ua_google,2,,2
6169,2025-09-10,BR,pc,ua_google,5,151.6,2
6170,2025-09-10,PL,pc,influencer,11,217.6,5
6171,28.09.2025,RU,PC,organic,314,6041.9,147
6172,2025-10-31,us,ios,cross_promo,39,,15
6173,2025-10-22,RU,android,influencer,1,10.4,2
6174,2026-04-21,PL,pc,ua_tiktok,3,126.6,3
6175,2026-01-07,-,ios,ua_tiktok,9,241.0,6
6176,21.11.2025,US,iOS,ua_facebook,5,32.3,3
6177,23.12.2025,MX,android,ua_facebook,3,95.7,1
6178,20.06.2026,DE,pc,organic,4,38.9,3
6179,2026-03-04,FR,android,ua_facebook,1,48.9,1
6180,2025-10-15,DE,PC,influencer,2,10.5,2
6181,2026-05-22,null,pc,ua_facebook,2,28.2,2
6182,2025-09-12,PL,pc,organic,30,580.3,15
6183,2025-09-08,BR,android,ua_facebook,1,4.9,2
6184,20.09.2025,MX,ios,influencer,1,13.2,1
6185,2026-06-05,TR,ios,organic,10,270.1,5
6186,2026-01-05,MX,ios,ua_facebook,2,24.5,3
6187,23.06.2026,TR,android,ua_google,7,173.3,8
6188,21.04.2026,PL,ios,ua_facebook,5,189.0,3
6189,27.01.2026,PL,pc,ua_tiktok,1,12.5,1
6190,2025-10-25,BR,pc,ua_google,1,36.4,1
6191,2026-04-25,PL,android,ua_tiktok,2,37.4,1
6192,2026-01-16,BR,Android,organic,10,364.1,8
6193,17.01.2026,PL,ANDROID,ua_facebook,6,110.9,5
6194,2026-04-21,DE,iOS,ua_facebook,1,8.3,1
6195,2025-11-13,US,pc,ua_google,4,58.4,6
6196,2026-03-10,DE,android,ua_facebook,69,1458.4,27
6197,2025-09-24,FR,pc,organic,2,69.1,3
6198,2025-11-09,DE,ios,ua_facebook,2,63.0,3
6199,07.01.2026,ES,ANDROID,ua_tiktok,7,"72,8",3
6200,2026-03-09,,IOS,organic,52,1169.4,25
6201,11.02.2026,br,ios,ua_facebook,44,1075.4,23
6202,2025-12-22,MX,android,cross_promo,27,504.2,20
6203,29.10.2025,PL,Android,ua_google,2,н/д,1
6204,2025-09-17,RU,ANDROID,ua_facebook,5,"71,4",4
6205,2025-12-16,US,Android,cross_promo,2,19.8,2
6206,2025-11-05,DE,android,ua_facebook,5,159.5,6
6207,2026-03-19,BR,ANDROID,ua_tiktok,15,н/д,12
6208,2025-10-27,BR,android,ua_facebook,18,399.2,11
6209,2025-09-06,DE,ios,ua_facebook,2,,1
6210,2026-04-26,BR,ios,cross_promo,2,35.0,3
6211,2026-05-29,TR,android,organic,3,52.7,2
6212,21.12.2025,RU,iOS,ua_google,17,270.0,10
6213,02.04.2026,BR,pc,ua_facebook,3,124.0,3
6214,2025-10-03,null,android,ua_google,133,2776.8,75
6215,2025-09-02,BR,pc,influencer,2,15.0,1
6216,2026-01-12,MX,android,organic,11,250.2,7
6217,2026-05-01,FR,pc,ua_facebook,41,775.4,28
6218,2026-05-04,DE,android,ua_facebook,1,11.9,3
6219,2025-11-04,RU,pc,ua_facebook,4,62.4,3
6220,2026-02-28,TR,android,cross_promo,25,387.4,9
6221,2026-05-15,US,android,ua_tiktok,3,82.6,1
6222,2025-11-10,RU,ANDROID,cross_promo,9,228.2,5
6223,2025-09-24,Brazil,android,ua_google,5,82.4,4
6224,2025-11-15,DE,pc,ua_facebook,19,548.2,12
6225,18.06.2026,DE,android,ua_facebook,5,109.6,3
6226,05.11.2025,RU,ios,ua_google,135,,53
6227,2026-03-25,DE,pc,ua_facebook,62,1258.3,31
6228,2025-12-09,BR,ios,ua_google,3,9.3,2
6229,2025-10-14,TR,pc,ua_google,3,190.0,1
6230,2026-05-31,US,Windows,ua_facebook,2,18.8,1
6231,07.12.2025,MX,pc,ua_facebook,34,743.6,14
6232,2026-01-28,,android,influencer,129,2343.8,49
6233,2025-11-13,US,pc,ua_tiktok,1,31.1,2
6234,2026-05-23,Germany,ios,ua_facebook,19,486.6,15
6235,2026-06-19,RU,ios,ua_google,2,38.2,5
6236,2026-03-09,BR,ios,organic,71,1518.1,42
6237,2026-02-08,RU,ios,ua_tiktok,41,816.7,23
6238,2025-09-30,MX,ANDROID,ua_tiktok,1,8.8,1
6239,2026-05-31,US,pc,ua_facebook,47,н/д,27
6240,2026-02-08,NaN,PC,influencer,2,78.3,1
6241,16.05.2026,Russia,IOS,ua_facebook,12,273.9,4
6242,2026-02-05,ES,ios,ua_google,29,444.1,12
6243,2026-03-11,IN,ios,ua_facebook,1,19.3,2
6244,2026-02-11,US,ios,ua_google,2,16.7,2
6245,2025-09-28,BR,pc,organic,4,81.6,4
6246,07.05.2026,н/д,ios,cross_promo,11,null,8
6247,18.04.2026,RU,android,organic,61,1098.0,32
6248,2026-03-26,MX,android,influencer,4,43.8,2
6249,23.09.2025,MX,pc,ua_tiktok,1,16.4,1
6250,2026-01-23,ES,IOS,influencer,4,83.9,2
6251,2025-09-20,US,pc,ua_tiktok,5,64.4,3
6252,2026-06-27,IN,android,ua_facebook,2,39.9,5
6253,29.10.2025,IN,ios,organic,1,7.5,1
6254,2026-01-29,de,pc,ua_google,1,NaN,1
6255,2025-09-11,FR,iOS,ua_facebook,11,175.0,7
6256,2026-04-04,TR,IOS,ua_tiktok,29,488.0,22
6257,17.05.2026,BR,IOS,ua_google,71,1344.3,31
6258,25.04.2026,MX,ios,influencer,4,94.8,3
6259,2026-01-08,ES,ios,cross_promo,91,1775.2,34
6260,2025-12-30,de,ios,ua_facebook,2,56.6,1
6261,01.11.2025,br,iOS,ua_facebook,1,17.2,2
6262,2026-04-03,PL,IOS,organic,14,296.3,8
6263,2025-09-10,PL,ios,organic,65,1331.5,35
6264,2026-05-30,GER,android,ua_facebook,2,30.9,5
6265,2025-09-20,BR,android,influencer,11,200.6,6
6266,2026-01-09,MX,android,influencer,2,17.4,1
6267,2026-01-04,ES,android,organic,1,83.5,2
6268,2026-02-15,FR,pc,ua_tiktok,8,-,6
6269,2025-10-24,ES,ios,ua_tiktok,3,48.3,2
6270,2026-06-09,FR,ios,organic,11,289.9,7
6271,2025-09-29,MX,pc,organic,1,null,2
6272,2026-03-02,us,ios,ua_google,2,6.3,1
6273,2026-05-14,US,ios,ua_google,3,19.8,4
6274,08.11.2025,PL,android,ua_facebook,121,2232.0,50
6275,2025-09-28,TR,android,ua_facebook,4,90.5,3
6276,2025-11-01,NaN,Android,ua_facebook,16,599.9,11
6277,2026-06-11,US,PC,cross_promo,1,13.1,1
6278,2025-09-15,TR,pc,ua_tiktok,7,119.2,3
6279,06.09.2025,US,ANDROID,ua_google,13,302.3,5
6280,26.10.2025,MX,android,ua_facebook,2,-,4
6281,2026-01-05,IN,pc,ua_tiktok,26,381.4,11
6282,05.10.2025,PL,android,ua_facebook,3,116.1,2
6283,27.06.2026,PL,ios,ua_google,1,19.4,2
6284,2025-09-02,null,android,influencer,2,48.6,2
6285,2025-11-10,BR,ios,ua_google,2,33.8,1
6286,16.09.2025,н/д,ios,ua_tiktok,4,46.7,1
6287,04.05.2026,MX,Windows,cross_promo,4,116.6,5
6288,2025-10-18,US,Android,ua_tiktok,1,,2
6289,06.09.2025,BR,Android,ua_google,2,139.4,2
6290,30.03.2026,br,android,cross_promo,1,4.5,1
6291,2025-11-26,DE,android,organic,32,624.5,16
6292,2025-11-13,DE,android,organic,4,"136,6",2
6293,05.05.2026,TR,ios,cross_promo,1,7.1,1
6294,2025-09-10,IN,ios,ua_tiktok,42,908.3,15
6295,25.01.2026,PL,ios,ua_google,14,252.3,9
6296,16.10.2025,FR,ios,ua_facebook,35,731.7,21
6297,2025-10-30,US,android,ua_facebook,13,"262,4",4
6298,2026-04-06,RU,ANDROID,influencer,1,17.7,1
6299,2026-02-14,US,android,ua_tiktok,3,60.1,2
6300,10.02.2026,GER,android,organic,1,11.0,1
6301,2025-10-02,DE,iOS,ua_facebook,3,29.7,2
6302,2025-10-28,PL,ios,ua_google,4,102.6,1
6303,2025-09-27,USA,ios,ua_tiktok,1,12.6,2
6304,29.11.2025,ES,android,ua_facebook,1,40.4,1
6305,2025-10-23,TR,ios,cross_promo,109,2232.6,54
6306,30.11.2025,PL,android,ua_tiktok,6,111.0,2
6307,2025-12-21,RU,ios,influencer,2,33.4,4
6308,2026-01-05,TR,ios,cross_promo,3,50.6,1
6309,2026-04-27,TR,iOS,ua_google,57,952.3,26
6310,2026-03-26,PL,android,ua_facebook,1,-,2
6311,2025-10-21,ES,pc,organic,1,25.5,1
6312,2026-06-09,US,android,ua_google,6,93.8,5
6313,16.10.2025,TR,PC,organic,1,8.4,1
6314,2025-10-04,DE,android,ua_google,92,2087.7,46
6315,2026-01-24,DE,ios,ua_facebook,11,201.2,8
6316,2026-03-17,RU,android,ua_google,3,69.2,2
6317,04.01.2026,н/д,ios,ua_facebook,1,48.5,1
6318,2025-10-26,RU,IOS,ua_tiktok,5,139.1,4
6319,2025-09-05,us,ios,ua_facebook,6,"146,9",4
6320,2026-04-26,IN,android,ua_facebook,3,"116,2",2
6321,01.02.2026,н/д,android,ua_facebook,1,,1
6322,2025-10-03,DE,pc,ua_tiktok,75,-1412.8,28
6323,2026-06-11,MX,android,ua_facebook,18,380.9,4
6324,2025-10-03,BR,ios,influencer,10,122.2,6
6325,2026-03-17,NaN,pc,ua_google,2,62.3,1
6326,2026-01-02,MX,pc,ua_google,25,"490,0",11
6327,09.09.2025,PL,android,cross_promo,13,238.7,9
6328,2026-01-30,ru,pc,ua_google,1,29.2,2
6329,15.10.2025,RU,android,ua_facebook,1,"9,4",2
6330,03.01.2026,TR,iOS,ua_facebook,26,705.2,13
6331,2026-01-21,IN,Windows,influencer,5,144.1,4
6332,04.05.2026,PL,ios,ua_facebook,2,32.8,1
6333,2025-09-04,FR,android,ua_facebook,5,81.9,5
6334,2025-10-26,PL,android,ua_facebook,2,46.0,2
6335,2026-04-28,-,ios,ua_google,4,63.6,2
6336,2026-01-12,DE,PC,ua_google,33,"453,8",16
6337,2026-04-07,DE,IOS,cross_promo,2,58.0,3
6338,2026-03-17,de,ios,ua_google,1,6.7,2
6339,2025-09-07,TR,pc,influencer,1,10.6,1
6340,2026-05-19,FR,ios,ua_facebook,40,null,16
6341,18.01.2026,MX,Windows,influencer,1,20.7,1
6342,2026-06-23,RU,android,organic,1,22.3,1
6343,2025-09-01,US,android,organic,14,411.8,9
6344,2025-11-25,BR,android,organic,4,94.6,2
6345,27.02.2026,RU,ios,influencer,1,15.0,1
6346,2025-11-13,ES,ios,ua_facebook,27,521.7,11
6347,07.10.2025,MX,pc,ua_google,3,45.9,2
6348,2026-05-02,TR,ios,ua_facebook,2,56.3,2
6349,2026-04-06,RU,ANDROID,ua_google,25,-,17
6350,29.03.2026,ES,android,ua_tiktok,25,"694,6",14
6351,2026-02-12,FR,Android,influencer,121,2292.3,64
6352,2025-11-04,BR,ios,ua_facebook,1,3.1,1
6353,2026-04-08,US,ios,ua_google,3,42.0,4
6354,2026-02-09,DE,android,ua_google,5,210.2,4
6355,2026-01-05,TR,ios,organic,56,"913,1",21
6356,14.10.2025,Russia,PC,influencer,4,72.7,5
6357,26.01.2026,-,android,organic,48,963.2,23
6358,05.05.2026,US,pc,ua_facebook,4,46.2,2
6359,2025-11-19,IN,android,ua_facebook,76,1399.1,33
6360,22.06.2026,US,android,ua_facebook,1,6.2,1
6361,03.03.2026,de,pc,influencer,3,33.6,5
6362,2025-12-25,DE,pc,influencer,4,55.0,5
6363,2025-10-29,RU,pc,cross_promo,2,44.1,3
6364,2025-09-23,US,ios,cross_promo,11,197.9,3
6365,2026-04-25,FR,android,organic,33,539.5,16
6366,2025-09-01,IN,android,organic,1,39.3,2
6367,2025-10-06,FR,pc,ua_facebook,1,6.9,1
6368,01.04.2026,US,android,ua_facebook,12,326.6,7
6369,2026-04-05,FR,PC,ua_tiktok,8,159.7,4
6370,2026-02-27,IN,pc,ua_facebook,1,8.2,2
6371,2025-09-16,DE,Android,ua_facebook,21,452.6,11
6372,2026-06-04,US,Android,ua_facebook,1,20.6,1
6373,08.11.2025,null,ios,ua_facebook,59,1158.5,27
6374,2025-12-02,TR,ios,ua_facebook,8,178.3,7
6375,2026-06-30,IN,android,ua_google,1,1.5,1
6376,11.10.2025,DE,pc,ua_tiktok,320,,170
6377,22.11.2025,DE,ANDROID,ua_tiktok,4,71.3,2
6378,2025-11-12,-,iOS,ua_google,30,531.2,23
6379,2025-10-04,IN,android,ua_facebook,1,18.2,1
6380,2026-02-06,PL,ios,influencer,15,211.9,7
6381,2025-09-24,Turkey,android,ua_facebook,1,5.9,2
6382,2025-10-13,RU,android,ua_facebook,1,31.0,2
6383,2026-04-12,DE,iOS,ua_google,15,214.9,12
6384,2025-09-30,Brazil,ANDROID,ua_facebook,3,67.7,3
6385,2026-05-22,FR,Windows,ua_google,16,385.9,7
6386,2025-11-04,RU,android,ua_google,38,878.5,30
6387,01.09.2025,IN,ios,ua_tiktok,1,3.6,1
6388,2026-06-15,FR,Android,influencer,1,22.5,2
6389,2025-12-05,ru,android,ua_facebook,1,null,1
6390,2025-11-11,MX,PC,organic,3,NaN,3
6391,2026-01-09,RU,android,influencer,88,1858.6,39
6392,2026-03-30,,pc,cross_promo,3,53.4,1
6393,20.01.2026,br,android,organic,3,"58,3",2
6394,2026-05-14,IN,pc,ua_facebook,54,1181.7,31
6395,2026-02-08,RU,android,influencer,1,19.3,1
6396,2025-10-03,ES,android,ua_facebook,1,2.6,1
6397,2025-11-26,BR,Android,ua_facebook,15,328.7,6
6398,2025-10-07,RU,android,ua_google,49,896.4,32
6399,17.11.2025,BR,android,ua_tiktok,8,162.8,6
6400,20.06.2026,FR,android,ua_google,1,-47.1,2
6401,2025-12-24,NaN,ios,ua_facebook,2,35.4,3
6402,2026-05-07,RU,iOS,organic,1,13.5,1
6403,2026-06-30,RU,android,ua_facebook,1,15.4,1
6404,09.09.2025,FR,iOS,ua_facebook,1,17.2,1
6405,28.11.2025,ES,android,ua_google,1,4.0,1
6406,2026-06-27,MX,ios,ua_facebook,5,84.5,2
6407,2026-04-19,FR,pc,ua_facebook,49,1033.0,24
6408,2025-10-07,ES,android,influencer,2,49.7,1
6409,2026-04-23,ES,android,influencer,4,27.0,5
6410,20.09.2025,DE,IOS,organic,1,13.1,1
6411,2026-05-22,PL,ios,ua_facebook,32,732.3,16
6412,2025-12-10,IN,android,ua_google,13,265.7,8
6413,04.02.2026,DE,pc,ua_tiktok,83,,35
6414,2025-11-30,Brazil,ios,organic,18,306.1,16
6415,2026-03-17,IN,pc,ua_google,68,1209.7,31
6416,2026-06-13,BR,ios,ua_facebook,1,6.7,1
6417,2025-12-07,TR,ios,organic,49,926.9,24
6418,2026-03-29,DE,pc,ua_facebook,1,5.9,1
6419,2025-09-14,RU,android,ua_tiktok,2,37.0,2
6420,2026-01-29,ES,pc,organic,157,"2968,6",77
6421,11.01.2026,TR,pc,cross_promo,5,-,4
6422,27.01.2026,ES,iOS,cross_promo,17,,10
6423,2026-04-14,DE,ios,ua_google,3,"27,7",1
6424,27.12.2025,ES,pc,cross_promo,1,10.7,1
6425,21.02.2026,US,IOS,influencer,1,8.1,2
6426,2025-10-07,DE,pc,ua_facebook,15,280.3,2
6427,2025-12-30,н/д,ios,cross_promo,3,43.4,1
6428,2025-10-07,RU,android,ua_tiktok,18,415.3,10
6429,2026-02-16,US,ios,ua_facebook,38,783.6,20
6430,2025-11-28,US,Windows,ua_google,1,19.2,2
6431,2026-05-26,FR,ios,influencer,5,126.9,2
6432,2025-10-07,BR,android,organic,100,1964.6,53
6433,2025-09-30,RU,android,influencer,17,288.6,13
6434,2026-05-14,ES,ios,ua_google,1,11.3,1
6435,2025-10-09,US,ios,ua_facebook,9,163.3,5
6436,2025-09-05,FR,ios,organic,9,246.2,7
6437,2026-01-13,de,ANDROID,ua_google,2,61.8,2
6438,2026-01-30,PL,android,ua_google,3,37.3,2
6439,2025-10-15,FR,IOS,ua_facebook,13,174.9,8
6440,2025-11-09,DE,android,organic,43,887.0,17
6441,2025-09-03,PL,android,ua_facebook,52,1015.0,24
6442,2026-06-16,TR,android,ua_facebook,8,108.7,2
6443,2025-09-25,TR,pc,ua_google,1,29.7,3
6444,2026-02-06,DE,pc,ua_facebook,3,18.7,1
6445,2025-09-01,MX,android,influencer,1,9.2,1
6446,2026-01-30,US,pc,ua_facebook,1,5.9,1
6447,2026-03-30,PL,ios,ua_google,1,8.2,2
6448,2026-02-16,,android,ua_facebook,10,321.1,3
6449,17.06.2026,DE,Android,ua_tiktok,9,256.0,5
6450,2026-05-19,IN,IOS,ua_facebook,8,155.6,8
6451,2025-09-12,FR,ios,ua_tiktok,32,521.1,13
6452,2025-12-29,BR,android,ua_google,16,451.4,11
6453,2026-06-29,DE,android,ua_tiktok,4,158.7,1
6454,2026-03-21,FR,ANDROID,ua_google,1,"37,0",2
6455,2026-05-18,USA,PC,ua_google,1,9.2,2
6456,2026-01-26,US,ios,influencer,1,9.1,1
6457,2025-11-17,IN,ios,organic,12,152.2,5
6458,2026-06-12,USA,pc,organic,16,196.7,4
6459,28.04.2026,ES,pc,cross_promo,15,307.4,8
6460,2025-09-26,US,android,ua_tiktok,1,8.4,1
6461,11.09.2025,DE,PC,ua_tiktok,80,1362.1,43
6462,2025-09-28,FR,android,ua_facebook,28,496.8,11
6463,18.09.2025,BR,pc,ua_google,2,27.1,2
6464,2025-10-01,IN,ANDROID,ua_facebook,1,51.5,1
6465,05.09.2025,MX,iOS,organic,102,2193.6,51
6466,28.04.2026,US,Android,ua_facebook,3,48.3,4
6467,2026-02-18,US,pc,cross_promo,45,937.0,22
6468,2025-12-03,IN,ios,organic,27,-,14
6469,2025-12-27,MX,PC,ua_facebook,2,20.0,1
6470,2026-03-03,FR,ios,ua_google,2,47.7,3
6471,2025-12-04,BR,ANDROID,cross_promo,2,51.6,4
6472,2025-11-25,FR,ios,organic,2,13.6,2
6473,2026-02-05,DE,ios,organic,1,35.5,1
6474,2025-11-23,ES,ANDROID,ua_google,2,7.7,1
6475,2026-04-17,IN,android,ua_tiktok,2,20.6,2
6476,2025-12-21,ES,android,organic,37,758.2,25
6477,2025-09-16,BR,android,ua_google,1,3.1,1
6478,2026-05-16,GER,android,cross_promo,1,12.4,1
6479,2025-09-09,FR,Windows,organic,143,2885.0,89
6480,16.09.2025,RU,android,ua_google,80,1740.3,38
6481,25.01.2026,DE,Android,ua_facebook,1,6.9,3
6482,2025-12-25,RU,Android,ua_tiktok,2,8.1,2
6483,2026-06-22,US,ios,ua_google,5,48.7,3
6484,11.05.2026,FR,android,organic,8,146.4,10
6485,2026-02-12,DE,Android,ua_facebook,12,,4
6486,24.02.2026,PL,Android,ua_google,2,33.2,2
6487,2026-02-24,BR,pc,ua_facebook,16,356.4,7
6488,2025-11-01,RU,android,ua_google,5,113.2,3
6489,2026-01-17,TR,pc,ua_google,16,307.7,10
6490,2026-03-10,BR,android,ua_facebook,6,"135,2",2
6491,2026-06-06,RU,Android,ua_facebook,1,7.0,1
6492,2025-10-16,null,Android,ua_google,2,19.5,1
6493,2026-05-31,US,iOS,ua_facebook,21,544.2,6
6494,2026-06-03,TR,android,ua_google,13,,7
6495,2026-04-10,US,android,organic,11,187.2,6
6496,2026-01-11,US,ANDROID,ua_tiktok,11,204.4,6
6497,2025-10-10,PL,pc,organic,38,null,20
6498,2025-09-03,FR,android,organic,1,70.3,1
6499,2025-09-02,DE,pc,ua_facebook,3,105.6,3
6500,2026-05-16,TR,ios,ua_facebook,7,145.3,7
6501,2025-11-06,US,Android,ua_facebook,56,1235.5,25
6502,08.11.2025,null,android,ua_google,1,16.1,2
6503,2026-05-30,PL,android,ua_tiktok,4,53.6,4
6504,02.09.2025,RU,pc,ua_facebook,2,52.9,2
6505,04.09.2025,DE,pc,influencer,10,130.9,3
6506,2026-05-23,DE,ios,organic,37,673.9,25
6507,2025-12-17,ru,iOS,ua_google,4,54.9,2
6508,2026-02-01,-,ios,organic,45,920.5,21
6509,06.05.2026,US,pc,cross_promo,23,520.1,11
6510,23.06.2026,TR,ios,ua_tiktok,2,"17,0",3
6511,2026-02-10,BR,ios,ua_tiktok,3,149.7,2
6512,2026-05-17,MX,Android,ua_facebook,5,70.0,3
6513,2026-04-22,Germany,ios,cross_promo,1,"20,0",2
6514,2026-02-14,MX,iOS,ua_facebook,3,,2
6515,2025-12-02,TR,android,ua_google,3,137.5,2
6516,2026-01-14,FR,android,ua_facebook,42,740.5,25
6517,17.01.2026,PL,iOS,organic,2,51.1,2
6518,2026-05-10,US,android,influencer,1,5.5,1
6519,2025-12-13,TR,IOS,ua_tiktok,1,7.6,1
6520,16.10.2025,DE,android,organic,1,9.0,1
6521,03.10.2025,IN,android,ua_facebook,2,20.7,2
6522,07.12.2025,US,ios,ua_facebook,29,598.0,22
6523,2025-11-11,RU,android,influencer,2,117.3,3
6524,2026-02-14,TR,pc,organic,3,43.7,2
6525,2025-10-29,us,android,ua_facebook,5,107.3,4
6526,08.10.2025,-,ANDROID,ua_facebook,36,819.0,26
6527,2025-09-01,ru,ios,ua_tiktok,1,34.3,2
6528,2026-02-21,US,android,cross_promo,17,387.3,7
6529,2026-04-10,US,android,organic,8,224.8,2
6530,2026-06-09,DE,IOS,influencer,1,15.3,1
6531,05.11.2025,IN,pc,influencer,1,10.0,1
6532,19.02.2026,н/д,android,influencer,5,64.1,3
6533,2025-11-08,tr,android,ua_tiktok,2,19.0,1
6534,2026-03-16,BR,pc,organic,57,1070.0,19
6535,2026-03-24,MX,ios,influencer,4,53.1,1
6536,2026-01-11,FR,android,ua_google,13,263.7,6
6537,2026-03-21,DE,iOS,ua_tiktok,3,-14.0,1
6538,2026-03-07,US,ios,organic,5,74.1,6
6539,2025-09-05,US,android,cross_promo,2,"16,5",1
6540,2025-10-31,IN,pc,ua_google,3,24.7,4
6541,2025-11-19,TR,android,ua_facebook,7,170.2,2
6542,19.02.2026,IN,android,ua_facebook,9,,10
6543,03.02.2026,RU,android,organic,1,34.9,2
6544,2025-09-06,TR,pc,ua_facebook,4,52.3,2
6545,2026-01-20,US,android,cross_promo,14,274.2,4
6546,2025-12-18,-,android,ua_facebook,3,69.2,2
6547,2025-11-02,PL,ios,organic,4,68.8,2
6548,2025-11-26,DE,android,ua_facebook,68,1320.2,29
6549,2026-05-19,RU,ios,influencer,29,509.9,17
6550,2026-05-19,MX,pc,ua_facebook,12,192.3,7
6551,2026-06-09,-,pc,ua_facebook,9,209.2,7
6552,2026-05-26,FR,pc,organic,38,653.2,23
6553,2026-06-29,BR,ios,ua_google,2,138.5,2
6554,2026-01-06,RU,PC,cross_promo,1,13.3,2
6555,2025-10-06,,android,organic,5,113.5,2
6556,2026-02-13,GER,ANDROID,ua_tiktok,7,119.3,7
6557,2026-03-19,DE,ios,ua_tiktok,51,1180.4,28
6558,02.11.2025,BR,ios,cross_promo,1,15.4,2
6559,2026-06-06,US,ios,influencer,8,81.6,3
6560,2025-12-30,US,android,ua_google,154,3411.0,82
6561,2026-05-09,BR,ios,organic,2,21.0,2
6562,2025-10-23,RU,pc,organic,1,9.3,1
6563,08.01.2026,PL,android,ua_facebook,90,2084.7,43
6564,2026-02-05,BR,pc,organic,1,50.2,1
6565,02.10.2025,US,Windows,organic,1,13.6,1
6566,02.03.2026,US,ios,ua_google,14,291.8,7
6567,18.02.2026,MX,Android,influencer,1,13.3,1
6568,12.09.2025,US,Windows,ua_google,3,"360,9",1
6569,2025-09-17,US,pc,ua_facebook,31,639.0,14
6570,03.04.2026,FR,pc,ua_google,4,60.8,1
6571,2026-03-10,US,ios,influencer,3,63.2,1
6572,2026-01-23,BR,pc,ua_tiktok,7,228.9,7
6573,2025-09-11,IN,pc,ua_tiktok,30,544.3,12
6574,15.09.2025,TR,android,ua_tiktok,34,719.3,17
6575,2026-03-09,BR,ios,ua_facebook,14,291.9,11
6576,2026-05-07,IN,ANDROID,ua_tiktok,6,122.0,3
6577,2026-03-12,MX,android,ua_facebook,4,59.5,1
6578,16.10.2025,PL,ios,ua_facebook,2,38.2,2
6579,2026-04-12,FR,android,organic,66,1187.1,31
6580,2026-02-08,PL,android,organic,90,2137.2,54
6581,27.01.2026,ES,pc,ua_tiktok,69,1505.0,24
6582,2025-10-05,ES,ios,cross_promo,4,71.9,4
6583,2025-11-15,RU,android,ua_google,77,1633.4,33
6584,2026-05-13,US,pc,ua_facebook,18,402.1,11
6585,2026-01-07,ES,android,ua_facebook,2,28.2,1
6586,2025-10-01,BR,pc,cross_promo,4,59.6,3
6587,2026-05-03,IN,ANDROID,ua_google,73,1389.2,35
6588,07.03.2026,IN,iOS,ua_facebook,16,397.5,10
6589,2026-06-23,RU,android,ua_facebook,1,4.1,1
6590,2026-03-17,IN,android,ua_google,13,363.1,7
6591,2025-12-26,US,android,ua_facebook,104,1919.3,54
6592,2026-05-14,TR,ios,ua_facebook,1,9.5,1
6593,2026-05-06,BR,Android,influencer,58,842.4,26
6594,2025-10-19,US,android,ua_google,3,92.8,3
6595,2025-09-06,BR,android,organic,3,51.8,5
6596,2025-12-10,US,Android,cross_promo,59,,21
6597,13.09.2025,MX,ios,ua_facebook,30,424.4,18
6598,2025-09-04,null,android,ua_facebook,3,64.9,4
6599,2026-04-28,DE,ANDROID,ua_facebook,2,"13,2",2
6600,2025-12-06,br,Android,ua_facebook,8,190.8,8
6601,2025-09-14,IN,ios,cross_promo,1,13.0,1
6602,2025-11-12,MX,android,ua_facebook,1,27.9,2
6603,2025-11-20,US,ios,ua_facebook,17,252.5,8
6604,2026-05-12,MX,android,ua_google,3,23.2,3
6605,03.06.2026,MX,ios,influencer,15,,7
6606,01.05.2026,FR,pc,ua_facebook,4,58.9,4
6607,2026-06-06,DE,pc,ua_google,5,270.9,3
6608,2025-09-04,Brazil,pc,ua_google,1,8.5,2
6609,2025-11-01,FR,ios,influencer,4,87.9,6
6610,2025-12-04,IN,ios,ua_google,2,43.8,1
6611,01.09.2025,US,pc,ua_tiktok,3,66.6,2
6612,2026-02-03,US,ios,ua_tiktok,12,246.5,5
6613,2026-02-06,FR,ios,ua_google,1,24.2,2
6614,14.02.2026,FR,pc,ua_google,2,37.0,3
6615,2025-11-24,MX,ios,ua_facebook,3,80.5,1
6616,2025-10-22,FR,Android,organic,1,,1
6617,2025-12-25,н/д,android,ua_google,14,242.1,5
6618,2025-11-10,FR,ios,organic,3,37.0,3
6619,2026-02-07,TR,android,influencer,1,14.0,1
6620,2026-06-17,TR,ios,ua_google,1,13.9,1
6621,2025-11-24,DE,pc,organic,61,922.4,34
6622,2026-04-07,BR,android,cross_promo,10,139.3,6
6623,2025-11-21,IN,ios,ua_facebook,43,696.2,22
6624,2026-02-18,US,Android,ua_tiktok,48,1043.2,26
6625,2025-09-08,br,ANDROID,ua_facebook,36,777.4,20
6626,2025-12-31,ES,Android,ua_facebook,6,145.7,5
6627,2025-09-28,FR,pc,cross_promo,49,879.4,24
6628,05.03.2026,DE,android,organic,2,42.0,2
6629,2025-12-12,ES,IOS,organic,155,2886.0,71
6630,09.06.2026,TR,android,organic,1,7.7,1
6631,19.05.2026,ES,pc,organic,2,31.3,1
6632,21.11.2025,DE,ios,ua_google,2,174.5,2
6633,2026-04-29,BR,ios,organic,3,"48,1",1
6634,2026-03-19,BR,pc,organic,5,145.4,7
6635,2025-09-23,,ios,ua_facebook,173,3749.8,80
6636,2025-11-10,null,ios,organic,2,26.8,3
6637,2025-09-08,DE,android,ua_google,15,275.4,4
6638,2025-09-12,TR,pc,ua_google,15,237.0,8
6639,2026-02-02,ES,pc,ua_tiktok,1,7.2,2
6640,2025-11-25,IN,iOS,ua_facebook,4,79.2,5
6641,18.11.2025,US,android,cross_promo,1,24.8,3
6642,2025-10-27,BR,android,ua_facebook,1,11.9,1
6643,10.12.2025,PL,pc,cross_promo,141,2755.6,68
6644,19.09.2025,IN,ios,ua_facebook,1,87.3,1
6645,2026-05-18,н/д,ios,ua_google,10,169.4,7
6646,2026-03-10,PL,ios,organic,2,8.8,2
6647,07.03.2026,BR,ios,ua_tiktok,1,8.6,2
6648,01.11.2025,DE,android,ua_google,70,1417.7,34
6649,2025-09-25,US,PC,organic,94,2428.9,50
6650,05.04.2026,BR,pc,ua_facebook,22,487.3,12
6651,17.09.2025,FR,android,ua_facebook,21,,15
6652,18.06.2026,IN,pc,ua_google,5,146.6,4
6653,2026-02-01,н/д,Android,influencer,9,166.8,4
6654,2026-04-14,BR,IOS,cross_promo,1,20.7,1
6655,2026-04-08,ES,ios,ua_facebook,1,7.1,2
6656,05.10.2025,BR,ios,ua_google,17,764.6,10
6657,2026-04-19,DE,android,cross_promo,12,217.7,6
6658,2026-06-05,US,pc,ua_tiktok,2,30.4,2
6659,2025-10-01,FR,pc,cross_promo,1,12.1,2
6660,21.02.2026,ES,ios,ua_google,4,294.5,1
6661,2026-03-25,RU,pc,ua_facebook,11,260.5,5
6662,2025-10-05,US,pc,influencer,31,732.9,17
6663,2025-11-30,,pc,ua_facebook,1,12.4,1
6664,2026-01-02,TR,pc,ua_facebook,2,50.7,1
6665,08.01.2026,DE,ios,influencer,18,281.5,12
6666,24.01.2026,TR,ios,organic,1,9.5,1
6667,2026-05-25,de,ios,ua_facebook,2,31.6,1
6668,2025-11-17,DE,android,organic,2,19.6,2
6669,2025-11-08,DE,android,ua_facebook,25,514.1,19
6670,2026-01-16,IN,ios,ua_facebook,58,1323.5,28
6671,19.04.2026,FR,ios,cross_promo,3,56.7,1
6672,2025-09-13,tr,PC,ua_facebook,1,12.7,1
6673,23.01.2026,Germany,pc,ua_facebook,1,8.0,2
6674,2025-10-30,TR,pc,ua_facebook,172,3856.0,74
6675,24.06.2026,TR,ios,cross_promo,4,110.8,3
6676,28.10.2025,IN,Android,ua_facebook,2,15.4,1
6677,08.03.2026,PL,Android,ua_google,24,599.0,14
6678,01.01.2026,MX,android,ua_google,1,19.1,1
6679,2026-04-19,FR,android,organic,6,113.5,5
6680,2025-11-07,RU,android,ua_facebook,7,73.1,5
6681,06.12.2025,MX,android,ua_google,2,,2
6682,2026-03-26,DE,ios,organic,4,51.3,4
6683,2025-12-16,FR,iOS,ua_tiktok,98,2135.9,48
6684,03.01.2026,BR,ANDROID,ua_facebook,3,64.0,2
6685,17.12.2025,PL,android,organic,1,52.6,1
6686,2025-10-01,BR,android,ua_tiktok,1,3.0,1
6687,2025-09-26,PL,ios,ua_google,1,12.8,2
6688,2026-02-14,MX,android,ua_facebook,10,144.7,9
6689,06.01.2026,MX,pc,cross_promo,6,111.3,2
6690,2025-12-02,BR,ios,ua_facebook,194,3918.0,90
6691,03.05.2026,FR,ios,ua_facebook,3,129.6,3
6692,2025-09-30,IN,pc,organic,1,10.8,2
6693,2026-06-22,US,android,ua_facebook,2,110.1,1
6694,10.10.2025,PL,android,organic,2,60.2,2
6695,2025-10-04,USA,android,ua_google,2,42.2,4
6696,09.06.2026,FR,Windows,cross_promo,1,37.0,1
6697,2026-04-06,Brazil,pc,influencer,2,21.5,1
6698,2025-09-20,IN,ios,cross_promo,59,1217.7,24
6699,13.01.2026,US,android,influencer,2,17.0,2
6700,2026-03-11,IN,android,ua_facebook,2,26.8,2
6701,2026-05-04,DE,android,ua_google,2,63.8,2
6702,2025-09-09,RU,android,ua_tiktok,1,17.7,2
6703,2026-01-29,US,ios,ua_tiktok,8,231.1,6
6704,2025-11-14,DE,android,ua_google,30,null,9
6705,03.09.2025,IN,iOS,ua_facebook,131,2740.1,79
6706,2025-11-30,PL,android,cross_promo,2,27.3,2
6707,28.05.2026,DE,android,ua_tiktok,6,323.5,5
6708,18.09.2025,FR,android,influencer,39,1057.6,17
6709,2025-09-14,MX,android,cross_promo,1,8.8,1
6710,01.02.2026,ES,PC,ua_tiktok,136,2830.8,66
6711,2026-03-15,US,iOS,ua_facebook,103,2070.7,50
6712,2026-03-20,tr,android,organic,6,119.0,3
6713,2026-03-17,,pc,ua_tiktok,77,"1486,2",37
6714,2026-03-05,BR,ios,ua_google,3,42.1,1
6715,2025-10-23,DE,android,ua_google,6,228.1,2
6716,2026-04-12,US,ios,influencer,75,1344.7,29
6717,2025-11-19,ES,ios,ua_facebook,53,901.2,32
6718,2026-04-07,PL,android,organic,1,47.7,1
6719,2026-01-13,IN,android,ua_tiktok,74,1369.9,47
6720,28.06.2026,PL,ios,ua_google,7,,2
6721,2026-01-12,US,ios,organic,150,3491.0,79
6722,2025-09-23,FR,ios,organic,5,99.1,4
6723,13.05.2026,US,IOS,ua_tiktok,2,null,1
6724,31.10.2025,MX,pc,influencer,41,1072.1,21
6725,2025-10-20,Russia,ios,cross_promo,1,85.8,1
6726,2026-04-22,BR,android,organic,1,NaN,1
6727,2025-10-25,FR,ios,ua_tiktok,6,86.9,3
6728,2025-09-05,DE,pc,ua_google,2,22.4,1
6729,2026-02-14,DE,android,ua_google,19,428.4,9
6730,2026-03-01,FR,android,cross_promo,2,10.5,1
6731,2026-01-08,TR,pc,ua_tiktok,1,41.5,3
6732,2026-03-18,TR,pc,influencer,3,"-31,4",3
6733,29.11.2025,FR,pc,ua_google,125,2675.6,79
6734,01.02.2026,BR,android,ua_tiktok,2,39.1,2
6735,12.12.2025,MX,android,ua_facebook,187,3698.9,78
6736,2026-03-26,BR,IOS,ua_google,2,17.1,4
6737,2026-05-04,ES,PC,organic,3,44.3,1
6738,2025-10-26,,android,ua_facebook,71,1764.5,38
6739,2025-09-01,US,android,ua_facebook,3,72.1,2
6740,24.04.2026,PL,ios,ua_facebook,4,77.9,2
6741,2025-11-25,ES,pc,ua_facebook,1,57.9,2
6742,2026-04-29,RU,ios,ua_google,48,991.0,23
6743,2025-10-02,FR,android,cross_promo,1,46.4,1
6744,17.11.2025,DE,android,ua_facebook,8,125.8,4
6745,2026-06-02,RU,android,cross_promo,40,644.2,20
6746,2025-11-18,USA,iOS,influencer,17,,9
6747,2025-09-16,IN,ios,cross_promo,5,125.8,2
6748,2026-04-11,FR,android,ua_google,2,51.2,1
6749,2025-09-26,US,pc,influencer,1,16.6,1
6750,2025-09-13,PL,ios,ua_tiktok,11,141.7,5
6751,2026-02-14,ES,pc,influencer,19,321.5,10
6752,2026-03-23,RU,android,influencer,40,813.1,20
6753,2025-09-16,FR,ios,ua_facebook,4,34.7,6
6754,2025-11-29,ES,pc,cross_promo,1,"12,5",1
6755,14.09.2025,,android,ua_facebook,79,1931.6,50
6756,2026-02-19,ES,pc,ua_google,1,26.9,1
6757,2025-10-20,IN,IOS,ua_facebook,42,781.9,22
6758,2025-09-06,PL,Android,ua_google,6,253.9,4
6759,2026-02-22,PL,pc,organic,44,944.6,23
6760,2026-04-09,ES,ios,influencer,3,95.4,4
6761,30.12.2025,tr,Android,ua_google,4,132.3,2
6762,2026-03-12,US,ANDROID,organic,11,203.8,7
6763,20.01.2026,DE,pc,cross_promo,2,-48.7,2
6764,2025-09-04,н/д,pc,ua_facebook,91,1970.1,40
6765,2026-01-01,PL,android,ua_facebook,10,165.1,4
6766,2026-04-28,TR,IOS,organic,2,30.6,1
6767,2025-10-28,USA,ANDROID,ua_facebook,16,327.0,9
6768,2025-10-07,IN,android,ua_facebook,22,393.2,10
6769,2025-09-28,US,pc,ua_facebook,1,90.4,2
6770,2026-02-15,RU,ios,cross_promo,6,109.2,4
6771,2026-02-12,MX,ios,influencer,1,8.2,1
6772,2026-05-27,DE,ios,influencer,26,462.5,12
6773,22.11.2025,PL,PC,ua_google,4,74.5,4
6774,27.04.2026,TR,ios,ua_tiktok,17,н/д,7
6775,2025-11-17,PL,ANDROID,ua_facebook,2,76.3,3
6776,2026-01-13,IN,android,organic,16,293.2,6
6777,2025-09-05,PL,pc,ua_tiktok,17,303.9,7
6778,2026-06-16,RU,android,influencer,3,53.2,1
6779,2025-11-21,IN,Windows,ua_tiktok,7,н/д,9
6780,2025-09-23,MX,pc,ua_tiktok,25,526.6,14
6781,2025-10-04,PL,ios,ua_facebook,1,24.2,1
6782,2026-04-20,PL,android,ua_google,31,586.2,18
6783,2025-12-10,TR,ios,ua_facebook,1,7.1,1
6784,2025-12-01,RU,Android,ua_facebook,1,16.2,2
6785,2026-06-06,US,android,ua_facebook,1,28.0,1
6786,2025-12-25,PL,pc,organic,1,15.5,1
6787,2026-05-11,RU,pc,ua_google,2,,2
6788,12.04.2026,DE,android,ua_google,7,135.6,3
6789,2025-12-09,RU,android,ua_facebook,3,68.5,2
6790,26.09.2025,US,ios,ua_facebook,6,143.2,4
6791,2025-09-27,ru,iOS,influencer,1,14.8,2
6792,2026-03-20,DE,android,organic,61,"1148,6",27
6793,2025-10-11,BR,ios,ua_facebook,19,465.2,11
6794,16.04.2026,RU,pc,ua_facebook,2,73.5,4
6795,2026-03-29,MX,ios,cross_promo,55,1113.0,27
6796,2026-01-15,RU,Android,ua_google,2,48.3,3
6797,2026-02-23,MX,android,ua_google,32,925.5,21
6798,28.04.2026,IN,ios,ua_google,11,168.3,5
6799,2026-03-16,US,PC,influencer,5,184.4,4
6800,2025-09-08,US,android,ua_facebook,1,,1
6801,01.03.2026,DE,pc,ua_facebook,15,291.3,8
6802,2025-12-01,DE,android,cross_promo,5,81.2,2
6803,2026-05-24,ES,ios,ua_google,3,51.9,2
6804,31.01.2026,Brazil,Android,ua_google,21,"438,4",10
6805,2025-10-05,BR,Windows,ua_facebook,3,54.2,1
6806,06.02.2026,н/д,android,organic,16,626.5,7
6807,2026-02-09,MX,IOS,ua_facebook,1,"5,4",1
6808,2026-01-25,FR,android,ua_facebook,13,"244,8",9
6809,2026-01-17,DE,android,ua_google,3,80.9,1
6810,2026-06-13,RU,iOS,influencer,2,47.1,2
6811,2025-10-10,US,PC,organic,2,72.4,2
6812,2026-03-14,PL,android,ua_google,56,1171.9,26
6813,2025-09-08,MX,android,organic,11,262.2,9
6814,2025-10-14,ES,ios,ua_facebook,105,2628.1,47
6815,05.06.2026,RU,android,ua_facebook,24,395.9,9
6816,2026-04-07,Germany,pc,ua_facebook,85,1695.3,36
6817,2026-06-03,PL,pc,ua_google,3,25.4,5
6818,2025-09-17,RU,android,influencer,7,96.4,4
6819,27.01.2026,ES,ios,influencer,1,9.6,1
6820,17.05.2026,IN,ios,ua_facebook,49,1057.5,36
6821,2025-12-25,USA,Android,ua_google,6,128.8,2
6822,2025-09-21,ES,pc,ua_google,75,1347.6,29
6823,2026-02-20,ES,IOS,organic,3,61.2,3
6824,2026-05-04,DE,android,organic,4,81.0,3
6825,12.12.2025,US,android,ua_google,9,102.7,2
6826,2026-05-25,MX,android,ua_tiktok,29,760.6,12
6827,2025-12-29,US,pc,influencer,1,29.9,2
6828,2025-10-28,tr,ios,ua_google,1,25.7,1
6829,2026-03-08,PL,ios,ua_tiktok,2,18.1,1
6830,2026-02-16,GER,android,ua_facebook,5,104.5,3
6831,2026-03-18,RU,ios,ua_facebook,20,342.1,16
6832,2025-11-28,DE,android,organic,2,33.4,2
6833,2026-01-10,DE,IOS,ua_google,51,926.7,26
6834,2025-11-21,IN,android,ua_google,55,1292.3,28
6835,2025-10-27,ES,ios,ua_tiktok,1,2.3,1
6836,2026-02-05,BR,pc,organic,25,432.8,7
6837,2026-04-16,PL,ANDROID,influencer,39,725.5,22
6838,2025-09-03,FR,android,ua_tiktok,12,"313,7",5
6839,2026-02-04,Germany,android,organic,1,5.2,1
6840,29.06.2026,PL,ios,ua_facebook,1,4.9,1
6841,2025-09-04,US,ios,ua_tiktok,278,6133.4,132
6842,2026-01-03,PL,ios,influencer,104,2222.4,44
6843,2026-01-22,MX,ios,influencer,1,30.5,1
6844,2025-09-29,US,ios,ua_tiktok,4,59.8,5
6845,2026-03-27,PL,android,ua_tiktok,10,202.6,8
6846,2026-04-18,PL,ios,ua_facebook,5,262.6,2
6847,13.10.2025,FR,android,influencer,221,null,106
6848,2025-10-10,TR,android,organic,2,25.8,2
6849,2025-12-12,,pc,ua_google,45,732.9,29
6850,2025-09-08,PL,Windows,ua_facebook,101,2012.5,61
6851,2026-01-31,PL,Android,influencer,1,15.5,3
6852,2025-09-15,NaN,android,ua_google,21,346.4,14
6853,16.10.2025,Germany,android,cross_promo,4,59.0,3
6854,2025-10-14,FR,ios,ua_tiktok,12,164.7,8
6855,2025-12-31,US,android,influencer,2,48.8,3
6856,2025-09-25,DE,ios,ua_google,2,"41,0",3
6857,2025-10-17,BR,ANDROID,ua_facebook,3,24.4,1
6858,2026-03-26,ES,android,organic,2,16.1,1
6859,2025-09-03,BR,ios,ua_facebook,4,89.3,3
6860,28.06.2026,FR,android,ua_facebook,1,7.0,1
6861,03.02.2026,IN,ios,ua_facebook,1,11.0,3
6862,2025-12-18,ES,pc,organic,16,436.1,11
6863,2026-04-23,PL,ios,cross_promo,6,121.7,2
6864,2025-12-07,DE,android,influencer,119,2540.1,58
6865,2025-09-01,ES,ios,ua_facebook,2,59.8,1
6866,06.02.2026,ES,pc,ua_facebook,13,358.0,5
6867,2026-01-10,ES,pc,organic,1,64.0,1
6868,22.11.2025,,android,cross_promo,34,705.5,14
6869,09.09.2025,BR,android,ua_facebook,5,72.7,1
6870,2025-09-04,US,android,ua_facebook,39,780.9,18
6871,2026-04-22,RU,ANDROID,ua_facebook,3,191.1,1
6872,30.01.2026,Russia,android,ua_google,16,228.5,6
6873,2026-04-24,DE,ios,ua_google,2,46.0,2
6874,2026-01-12,DE,android,organic,8,"122,5",4
6875,2026-02-14,FR,android,cross_promo,3,59.9,2
6876,30.05.2026,US,iOS,ua_facebook,6,55.3,4
6877,13.03.2026,TR,pc,ua_google,20,375.4,8
6878,2025-11-25,GER,pc,ua_facebook,21,316.6,9
6879,2026-05-22,MX,pc,ua_google,5,100.9,4
6880,2026-03-19,IN,Windows,influencer,1,41.0,1
6881,28.09.2025,RU,Android,ua_facebook,15,241.8,8
6882,2026-05-18,DE,Windows,ua_facebook,2,54.6,2
6883,18.06.2026,-,android,cross_promo,3,88.7,2
6884,2025-12-29,DE,ios,influencer,1,22.0,2
6885,17.06.2026,IN,pc,cross_promo,1,NaN,2
6886,2025-12-13,US,iOS,ua_facebook,7,132.6,8
6887,2026-01-30,DE,pc,ua_tiktok,75,1680.1,34
6888,2026-02-12,MX,pc,ua_google,7,157.2,3
6889,19.05.2026,MX,ios,ua_google,4,138.3,3
6890,2025-11-09,US,pc,organic,3,69.1,2
6891,2025-12-09,IN,ios,ua_google,2,,2
6892,2026-03-27,DE,Android,ua_facebook,9,144.9,7
6893,2025-10-09,RU,ios,influencer,4,73.8,3
6894,2026-04-30,PL,ios,organic,31,483.5,23
6895,2026-04-26,MX,pc,ua_facebook,11,178.6,7
6896,2025-12-06,US,android,organic,3,,3
6897,2026-04-19,DE,ios,ua_facebook,75,1464.2,42
6898,2025-09-23,US,android,ua_facebook,36,785.3,24
6899,2025-09-18,DE,ios,ua_facebook,6,44.1,3
6900,2025-10-08,US,android,cross_promo,1,47.9,1
6901,2025-11-05,RU,pc,cross_promo,8,114.8,4
6902,2025-09-14,IN,android,organic,48,876.1,22
6903,2026-04-07,DE,ios,ua_facebook,2,34.8,2
6904,04.09.2025,TR,ios,influencer,53,1101.5,30
6905,2026-02-28,FR,android,ua_facebook,2,24.0,1
6906,2025-12-16,FR,android,organic,110,2189.6,55
6907,2025-10-12,DE,ios,influencer,19,,8
6908,2025-11-08,DE,ANDROID,ua_facebook,8,177.4,6
6909,2025-10-01,PL,ios,ua_tiktok,9,273.6,8
6910,2026-03-14,US,pc,organic,99,2059.8,43
6911,03.04.2026,RU,ios,ua_facebook,59,1461.4,25
6912,21.01.2026,US,ios,ua_facebook,1,54.4,1
6913,2025-10-30,BR,android,ua_google,225,4695.9,120
6914,2026-06-14,PL,pc,organic,17,396.8,10
6915,25.06.2026,DE,Android,ua_google,3,85.4,3
6916,2025-09-30,BR,android,ua_tiktok,1,"6,4",2
6917,2025-10-11,TR,android,ua_facebook,130,2069.6,63
6918,2025-12-22,DE,ios,ua_tiktok,5,"46,0",3
6919,2025-09-13,MX,pc,ua_google,150,3442.6,72
6920,26.12.2025,BR,android,ua_facebook,101,1929.8,50
6921,17.02.2026,PL,android,organic,92,2060.5,62
6922,06.11.2025,DE,ios,cross_promo,78,1306.8,39
6923,31.12.2025,MX,pc,ua_facebook,2,17.9,2
6924,2026-03-02,RU,android,organic,11,215.0,8
6925,2025-12-31,PL,android,organic,85,-,49
6926,2025-10-17,US,ios,ua_tiktok,1,13.9,1
6927,2026-01-04,BR,ios,ua_facebook,2,61.5,2
6928,03.10.2025,TR,ios,cross_promo,71,1302.4,25
6929,2025-10-19,PL,android,organic,13,,7
6930,27.09.2025,PL,android,organic,1,н/д,2
6931,2026-01-03,DE,android,organic,4,69.5,3
6932,2026-05-14,DE,ios,organic,39,895.2,22
6933,11.10.2025,FR,android,ua_tiktok,3,"36,7",2
6934,07.06.2026,ES,pc,ua_facebook,3,42.1,3
6935,2026-06-26,MX,pc,ua_tiktok,1,17.1,2
6936,23.05.2026,BR,android,cross_promo,3,17.6,4
6937,2026-01-03,tr,android,ua_google,136,2665.4,73
6938,11.12.2025,PL,ios,ua_tiktok,2,28.3,1
6939,26.11.2025,DE,ios,ua_facebook,5,52.7,3
6940,15.10.2025,RU,pc,ua_facebook,3,57.5,2
6941,12.05.2026,PL,android,ua_google,21,341.7,8
6942,2026-05-26,,ANDROID,ua_google,3,105.6,2
6943,11.12.2025,ES,pc,influencer,11,315.3,9
6944,08.09.2025,PL,android,organic,21,406.1,15
6945,2026-03-01,DE,ios,ua_google,1,н/д,1
6946,2026-01-15,PL,pc,ua_facebook,5,110.9,1
6947,2026-06-08,GER,android,ua_tiktok,1,14.4,1
6948,2025-11-30,RU,ANDROID,cross_promo,2,102.0,2
6949,2026-02-10,BR,PC,ua_facebook,1,12.1,2
6950,2026-04-15,MX,android,influencer,38,815.3,20
6951,2025-11-05,RU,android,ua_tiktok,2,21.1,3
6952,2026-05-02,BR,android,organic,4,32.2,1
6953,2026-01-07,PL,ios,ua_facebook,1,20.7,3
6954,2025-10-14,US,android,cross_promo,2,46.6,2
6955,2025-09-27,PL,pc,ua_facebook,93,1909.1,48
6956,2025-10-06,MX,android,cross_promo,1,"8,8",1
6957,2026-06-14,IN,android,ua_google,2,54.7,1
6958,2026-06-16,TR,pc,organic,6,188.0,3
6959,2026-05-19,DE,ios,ua_tiktok,13,128.8,8
6960,2025-11-23,Brazil,android,organic,1,19.9,2
6961,2025-10-30,US,ANDROID,ua_google,4,53.7,6
6962,2025-10-16,PL,ios,ua_facebook,2,6.4,1
6963,2025-09-25,IN,android,ua_facebook,1,7.2,1
6964,25.12.2025,ES,ios,ua_tiktok,39,812.6,15
6965,2026-06-07,US,ios,organic,18,null,6
6966,2025-11-06,PL,ios,ua_google,4,103.4,1
6967,05.02.2026,US,pc,ua_google,34,561.3,16
6968,18.12.2025,tr,pc,organic,10,171.0,5
6969,2025-12-13,FR,ios,ua_facebook,48,1018.6,28
6970,29.09.2025,,android,cross_promo,8,330.6,2
6971,2025-12-30,US,android,ua_facebook,3,78.9,4
6972,2026-02-02,US,android,ua_facebook,2,15.4,2
6973,2026-06-22,GER,Android,ua_facebook,3,,3
6974,2025-11-16,FR,Android,influencer,2,44.1,2
6975,01.04.2026,RU,ios,ua_tiktok,1,28.0,3
6976,2026-04-12,TR,pc,ua_tiktok,53,950.0,33
6977,22.09.2025,IN,android,ua_google,78,1307.8,42
6978,2025-10-31,DE,pc,ua_facebook,139,2548.4,77
6979,2025-12-06,US,android,ua_google,77,1515.6,40
6980,2026-02-18,MX,pc,ua_google,1,8.5,1
6981,2025-09-02,MX,pc,ua_facebook,14,-,6
6982,2026-05-09,IN,ios,organic,3,70.9,1
6983,2026-03-29,US,android,ua_tiktok,1,27.6,1
6984,2026-06-12,ES,ios,ua_facebook,2,27.8,3
6985,2025-11-08,DE,pc,ua_facebook,51,1567.9,30
6986,2026-05-24,BR,ios,ua_facebook,18,285.2,6
6987,2025-11-30,PL,pc,organic,49,907.7,27
6988,01.09.2025,IN,pc,ua_google,1,14.9,2
6989,2025-11-14,TR,pc,organic,1,,2
6990,04.10.2025,PL,pc,ua_facebook,2,8.8,2
6991,2026-06-17,FR,pc,ua_facebook,4,137.3,2
6992,12.02.2026,MX,pc,ua_google,70,1754.7,37
6993,2025-10-28,PL,pc,cross_promo,41,752.0,21
6994,2026-05-21,FR,pc,ua_facebook,15,217.6,9
6995,2026-04-28,DE,ios,cross_promo,18,356.8,9
6996,2025-11-10,Turkey,ANDROID,organic,3,74.5,4
6997,2025-10-24,Brazil,pc,ua_google,1,NaN,3
6998,2025-12-05,-,Android,ua_google,1,30.0,1
6999,2026-04-19,BR,android,organic,1,16.8,1
7000,19.12.2025,FR,Windows,ua_tiktok,7,64.7,3
7001,30.10.2025,MX,android,ua_facebook,76,-,30
7002,2025-09-03,US,android,ua_tiktok,2,41.8,1
7003,2026-05-08,PL,ios,ua_facebook,1,"29,9",2
7004,2026-05-28,RU,android,influencer,1,"8,1",1
7005,2025-09-19,DE,Android,cross_promo,31,762.6,13
7006,2025-11-09,DE,android,ua_google,2,119.0,3
7007,2026-01-06,DE,Android,influencer,42,null,19
7008,10.02.2026,MX,PC,ua_tiktok,3,41.1,3
7009,2025-12-22,br,ios,organic,2,50.7,2
7010,2026-05-01,RU,pc,ua_facebook,20,334.6,13
7011,2026-01-05,US,PC,organic,19,270.8,7
7012,2026-05-16,PL,ios,organic,51,944.3,23
7013,2025-09-03,RU,Android,ua_tiktok,14,233.3,8
7014,2026-01-13,RU,pc,ua_tiktok,20,307.5,9
7015,2025-10-02,н/д,Android,ua_google,23,624.3,11
7016,2025-11-17,BR,android,ua_facebook,26,549.9,14
7017,26.12.2025,DE,Windows,ua_google,3,37.7,3
7018,2026-03-27,DE,android,ua_facebook,1,7.6,1
7019,06.11.2025,RU,Android,cross_promo,191,3626.5,89
7020,2025-10-26,US,ios,organic,1,15.5,1
7021,2025-10-28,DE,Windows,influencer,1,5.5,2
7022,2026-06-10,Russia,android,organic,10,186.5,3
7023,2025-12-01,US,pc,ua_facebook,46,1133.0,25
7024,25.03.2026,IN,ios,influencer,1,59.9,1
7025,26.02.2026,DE,ios,ua_facebook,2,30.2,1
7026,28.12.2025,DE,Windows,organic,1,17.7,1
7027,2025-09-18,IN,android,organic,1,89.1,1
7028,2025-10-02,tr,android,organic,258,5451.5,115
7029,21.05.2026,RU,ios,organic,8,189.0,5
7030,2025-10-17,FR,android,ua_google,2,61.3,1
7031,2025-10-02,Brazil,pc,ua_google,6,н/д,4
7032,2026-05-01,BR,Android,organic,2,,2
7033,2026-02-10,DE,pc,influencer,1,16.9,1
7034,2025-11-04,IN,pc,ua_facebook,1,26.4,1
7035,2026-05-12,BR,ios,organic,3,,1
7036,2026-06-30,US,pc,ua_google,1,9.7,1
7037,2026-01-15,FR,ios,organic,44,929.1,30
7038,2025-12-23,BR,pc,ua_facebook,3,58.9,3
7039,2025-09-24,DE,pc,cross_promo,3,78.5,2
7040,2026-03-31,MX,pc,organic,10,230.8,3
7041,2026-04-16,DE,android,ua_facebook,21,237.6,13
7042,2025-11-25,BR,pc,organic,11,232.9,9
7043,2025-09-02,MX,Windows,cross_promo,24,620.0,11
7044,03.09.2025,FR,iOS,organic,2,25.9,3
7045,04.09.2025,FR,ANDROID,ua_google,2,45.2,1
7046,2025-10-05,,ios,influencer,10,296.2,9
7047,2025-09-14,BR,ios,cross_promo,3,56.3,6
7048,2026-01-04,Brazil,android,organic,3,30.6,2
7049,2025-11-04,NaN,ios,influencer,3,27.2,4
7050,24.01.2026,us,PC,organic,136,2898.7,65
7051,2025-11-18,US,android,ua_tiktok,2,,2
7052,2025-10-26,IN,pc,organic,5,58.4,7
7053,14.11.2025,GER,PC,ua_google,3,59.3,4
7054,2025-09-03,BR,pc,ua_tiktok,210,4226.6,87
7055,2025-09-24,US,pc,ua_facebook,1,null,2
7056,2026-03-29,MX,android,ua_google,4,95.7,2
7057,2026-02-19,BR,android,ua_google,20,"-391,0",15
7058,2026-06-15,RU,ios,organic,3,26.6,4
7059,14.09.2025,ES,android,ua_facebook,2,92.0,1
7060,2026-06-04,RU,ios,ua_google,1,10.3,1
7061,20.12.2025,Turkey,ios,ua_google,24,454.2,12
7062,22.12.2025,TR,ios,ua_facebook,3,48.6,2
7063,2025-12-01,FR,android,ua_facebook,25,541.0,17
7064,20.12.2025,DE,PC,ua_facebook,10,"222,9",6
7065,2026-03-09,TR,ios,ua_google,3,30.3,4
7066,2025-12-18,DE,pc,ua_google,1,8.9,2
7067,2026-03-07,TR,iOS,ua_facebook,57,985.1,30
7068,2026-04-13,DE,Windows,ua_tiktok,2,45.6,1
7069,2025-12-20,BR,ios,organic,5,123.4,5
7070,26.09.2025,MX,android,influencer,1,16.3,1
7071,2025-11-19,de,android,ua_google,128,2688.6,61
7072,2026-01-15,BR,Android,ua_tiktok,1,NaN,3
7073,2026-06-05,US,pc,ua_facebook,1,7.3,2
7074,2025-11-05,US,android,organic,2,46.2,1
7075,2026-02-08,BR,ANDROID,influencer,107,2284.9,50
7076,2026-02-21,DE,ios,ua_google,103,2158.2,47
7077,2026-05-16,US,pc,organic,6,96.7,2
7078,18.11.2025,US,pc,organic,289,5805.1,137
7079,16.01.2026,ES,android,ua_facebook,19,287.6,13
7080,2025-11-25,MX,pc,ua_facebook,1,13.1,1
7081,16.06.2026,IN,ios,influencer,6,103.2,2
7082,2026-03-30,DE,iOS,ua_facebook,1,7.6,1
7083,2026-05-11,BR,PC,ua_facebook,4,"67,9",2
7084,2025-09-08,PL,Windows,cross_promo,4,57.9,4
7085,2026-01-28,TR,android,ua_google,3,35.6,5
7086,2026-04-13,TR,pc,ua_google,47,1070.6,16
7087,12.11.2025,DE,android,ua_facebook,22,340.9,10
7088,2026-01-25,ES,pc,organic,5,104.4,4
7089,04.03.2026,RU,pc,ua_google,7,102.3,4
7090,2026-02-06,FR,android,ua_facebook,2,89.9,3
7091,2026-06-21,US,android,ua_facebook,14,250.0,8
7092,2026-05-17,IN,ios,influencer,30,680.0,13
7093,2026-05-10,MX,ios,cross_promo,9,176.6,4
7094,2026-02-17,us,ios,ua_google,45,975.6,24
7095,2026-03-22,RU,pc,cross_promo,12,303.6,4
7096,2025-09-28,ES,Android,ua_facebook,2,44.6,1
7097,04.11.2025,NaN,android,ua_facebook,1,34.8,2
7098,2025-09-18,PL,PC,ua_facebook,3,53.8,2
7099,2025-09-24,BR,ios,ua_tiktok,184,3672.2,97
7100,20.06.2026,RU,ANDROID,ua_facebook,1,null,1
7101,2025-12-03,USA,pc,influencer,5,106.8,4
7102,2025-11-06,tr,pc,ua_google,14,270.7,7
7103,2025-10-04,ES,pc,influencer,2,41.3,3
7104,2026-05-12,TR,android,ua_facebook,12,207.7,8
7105,2025-12-17,PL,ANDROID,organic,2,30.4,2
7106,30.12.2025,us,iOS,organic,6,"76,6",5
7107,03.05.2026,TR,PC,organic,9,193.2,12
7108,2026-03-17,Russia,pc,ua_google,9,111.5,5
7109,2026-03-28,US,ANDROID,ua_tiktok,1,NaN,1
7110,2026-06-17,US,Windows,ua_facebook,17,178.9,9
7111,02.05.2026,IN,PC,ua_tiktok,1,18.5,1
7112,2026-01-03,PL,IOS,ua_facebook,34,671.7,14
7113,2025-11-12,US,android,ua_tiktok,48,766.8,26
7114,2026-01-17,PL,android,ua_facebook,3,62.4,1
7115,09.11.2025,ES,ios,ua_google,1,45.6,2
7116,2026-02-06,Brazil,Android,ua_facebook,22,555.3,18
7117,2026-03-24,IN,ios,ua_tiktok,41,790.7,15
7118,2026-01-30,BR,ANDROID,ua_tiktok,10,-,6
7119,2026-06-27,MX,Android,ua_google,1,н/д,2
7120,2026-02-06,US,pc,ua_google,3,"65,4",1
7121,21.11.2025,,PC,ua_facebook,1,6.6,2
7122,2025-12-20,IN,ios,organic,1,70.1,1
7123,2026-01-26,US,pc,cross_promo,25,369.2,8
7124,2025-09-29,FR,IOS,cross_promo,18,null,11
7125,19.02.2026,BR,pc,influencer,1,10.4,1
7126,17.09.2025,US,ios,ua_facebook,78,1611.3,44
7127,2026-03-03,BR,pc,ua_facebook,5,80.0,4
7128,2025-09-04,US,ios,ua_google,24,433.7,17
7129,2026-05-01,US,android,ua_tiktok,3,67.9,1
7130,2026-04-21,BR,android,ua_facebook,110,2060.0,74
7131,2025-09-03,PL,PC,organic,45,896.8,21
7132,2025-09-10,IN,pc,organic,2,22.5,2
7133,2025-11-02,ES,ios,influencer,2,69.5,1
7134,2025-12-03,FR,android,ua_google,19,401.9,14
7135,2026-04-29,IN,pc,ua_google,46,707.0,25
7136,2025-11-13,IN,android,ua_tiktok,1,21.7,1
7137,11.06.2026,ES,android,influencer,25,524.2,14
7138,2026-05-25,FR,android,ua_google,5,103.3,3
7139,2026-01-08,BR,android,ua_google,14,439.4,8
7140,2025-11-05,IN,android,ua_google,23,417.3,9
7141,2025-11-29,PL,pc,cross_promo,27,614.8,14
7142,2026-05-19,ES,ios,ua_facebook,10,200.7,3
7143,2025-11-10,ES,Android,ua_google,12,230.3,6
7144,2026-05-05,,ios,cross_promo,2,46.2,1
7145,11.03.2026,FR,ios,ua_google,2,41.3,1
7146,2025-11-09,TR,Android,organic,64,1236.4,39
7147,05.10.2025,ES,ios,ua_google,1,42.0,1
7148,08.01.2026,IN,ios,ua_facebook,12,258.7,5
7149,2025-09-02,ES,pc,ua_facebook,2,19.3,1
7150,2025-09-20,PL,pc,ua_google,6,286.6,2
7151,2026-03-15,FR,iOS,ua_facebook,1,4.2,3
7152,30.05.2026,DE,Android,ua_google,2,14.2,2
7153,20.11.2025,FR,iOS,ua_tiktok,2,,3
7154,2026-06-29,DE,ios,ua_tiktok,1,18.3,2
7155,2025-10-01,RU,ios,cross_promo,114,2053.4,56
7156,2026-04-27,FR,pc,cross_promo,1,13.9,2
7157,2026-02-07,DE,ios,ua_tiktok,2,26.5,3
7158,2026-06-09,DE,android,ua_facebook,10,198.3,5
7159,2025-11-24,DE,android,organic,63,1203.8,28
7160,2025-09-02,IN,ios,ua_google,139,3452.6,62
7161,2026-03-03,br,Windows,organic,1,29.2,1
7162,27.05.2026,BR,android,ua_facebook,3,52.0,2
7163,24.10.2025,US,ios,organic,1,11.9,1
7164,2026-01-04,Brazil,ios,ua_facebook,4,143.2,2
7165,2026-05-01,DE,android,ua_google,50,997.3,29
7166,01.09.2025,IN,ios,ua_tiktok,1,10.9,1
7167,2026-01-19,ES,ios,ua_facebook,13,155.0,6
7168,24.01.2026,ES,ios,organic,9,205.8,4
7169,2026-05-20,PL,Android,ua_facebook,39,1049.3,14
7170,23.12.2025,DE,pc,ua_google,4,67.0,4
7171,2026-01-20,TR,ios,ua_facebook,1,2.8,1
7172,2026-05-30,ES,ios,ua_google,39,684.4,20
7173,2026-06-22,DE,ios,cross_promo,1,,3
7174,2025-11-04,DE,android,ua_facebook,14,"296,8",7
7175,2025-09-19,FR,pc,ua_tiktok,4,79.9,3
7176,07.12.2025,FR,android,cross_promo,12,311.9,8
7177,2026-03-28,ES,ios,ua_google,1,13.7,1
7178,2025-11-15,DE,pc,ua_tiktok,12,230.9,10
7179,21.06.2026,PL,ios,influencer,1,19.8,1
7180,2025-09-29,TR,pc,influencer,2,24.6,1
7181,2026-02-05,DE,ios,ua_facebook,9,160.2,6
7182,19.10.2025,NaN,ios,ua_facebook,33,576.1,15
7183,2025-10-11,DE,android,organic,1,21.8,2
7184,2025-11-16,,pc,ua_google,2,36.6,2
7185,2026-04-12,RU,pc,ua_google,1,11.7,1
7186,2025-10-25,,ANDROID,ua_google,6,125.3,5
7187,2025-10-17,TR,pc,ua_google,1,52.1,1
7188,2025-12-04,IN,ios,organic,181,3506.4,92
7189,2026-02-16,RU,ios,ua_tiktok,14,721.1,4
7190,2025-10-11,DE,Android,ua_google,119,2399.7,49
7191,2025-09-20,BR,android,ua_tiktok,1,,1
7192,2026-01-17,DE,pc,organic,14,381.2,7
7193,2025-10-07,US,android,organic,1,50.4,2
7194,2025-11-27,BR,pc,ua_facebook,12,,6
7195,04.09.2025,PL,ios,ua_google,4,79.0,4
7196,22.05.2026,FR,android,ua_google,15,NaN,8
7197,2025-11-08,-,Windows,ua_google,13,,2
7198,2026-02-16,FR,ios,ua_google,2,39.4,2
7199,2026-05-18,TR,android,influencer,3,8.2,3
7200,2025-11-22,BR,pc,organic,54,905.5,25
7201,2025-09-03,DE,iOS,cross_promo,2,32.0,3
7202,31.05.2026,,pc,influencer,2,"15,3",1
7203,22.09.2025,BR,ios,ua_facebook,9,135.8,5
7204,2025-12-21,Brazil,android,ua_facebook,123,2241.3,50
7205,2026-05-06,TR,Android,ua_tiktok,53,1479.7,28
7206,10.03.2026,DE,Android,organic,4,91.9,4
7207,2026-02-22,BR,pc,ua_facebook,2,16.4,1
7208,2026-05-26,PL,Windows,influencer,1,12.7,2
7209,17.06.2026,DE,android,ua_google,1,,1
7210,16.10.2025,FR,android,ua_facebook,4,-,4
7211,28.12.2025,ES,android,influencer,3,43.2,3
7212,2025-12-16,BR,ios,organic,7,138.1,4
7213,2026-04-03,BR,android,ua_facebook,2,31.4,2
7214,2026-01-04,MX,Android,ua_google,81,1509.4,40
7215,2026-04-16,RU,android,influencer,1,2.5,1
7216,2025-09-04,IN,pc,organic,52,,31
7217,10.09.2025,DE,ios,ua_tiktok,4,"113,6",2
7218,2025-11-26,BR,android,ua_facebook,84,2066.0,33
7219,2026-02-21,US,Android,influencer,7,75.2,1
7220,01.01.2026,PL,android,organic,1,98.6,1
7221,14.09.2025,US,android,influencer,3,27.4,2
7222,2026-06-21,PL,android,ua_google,9,173.2,7
7223,12.05.2026,BR,pc,organic,1,9.6,3
7224,2026-03-12,FR,android,influencer,11,244.4,5
7225,2026-03-23,MX,android,organic,1,,2
7226,2025-10-13,DE,ios,ua_google,4,121.8,4
7227,2026-05-06,BR,android,ua_tiktok,1,25.7,1
7228,2026-06-09,DE,android,cross_promo,5,112.9,2
7229,2026-03-04,US,android,organic,1,50.2,1
7230,2026-02-01,FR,pc,influencer,12,239.3,6
7231,2026-04-07,RU,android,organic,3,28.2,1
7232,03.12.2025,FR,android,ua_google,1,7.6,2
7233,2026-06-08,US,ANDROID,ua_google,4,126.7,2
7234,2026-04-28,RU,ios,organic,1,27.9,1
7235,2026-04-02,ES,pc,organic,6,182.0,1
7236,2025-11-04,PL,ANDROID,organic,2,57.6,2
7237,2025-09-24,BR,pc,ua_tiktok,1,40.5,2
7238,2025-09-19,US,android,organic,1,14.4,1
7239,17.02.2026,BR,pc,influencer,24,514.5,8
7240,2025-09-23,DE,IOS,organic,2,82.3,2
7241,2026-03-01,RU,iOS,ua_google,2,15.7,2
7242,2025-12-01,null,android,ua_google,17,247.7,8
7243,21.03.2026,MX,ios,ua_facebook,3,60.1,2
7244,2025-09-18,br,pc,organic,3,28.6,4
7245,11.01.2026,IN,android,organic,2,128.4,5
7246,2026-05-05,US,ios,influencer,3,32.1,4
7247,2026-04-30,PL,Windows,organic,12,264.3,7
7248,2026-02-24,PL,IOS,ua_google,2,44.2,2
7249,2026-01-23,MX,ios,ua_facebook,125,2544.6,57
7250,22.01.2026,ES,ANDROID,ua_tiktok,11,211.0,6
7251,2025-09-06,PL,pc,ua_facebook,2,9.3,3
7252,2026-02-09,US,pc,organic,1,2.7,1
7253,2026-05-01,TR,iOS,ua_tiktok,6,41.8,8
7254,2025-10-10,TR,android,ua_google,1,18.3,1
7255,2025-11-02,DE,ios,cross_promo,3,174.0,2
7256,2025-09-09,PL,Android,ua_facebook,2,12.8,2
7257,2026-02-23,IN,Android,ua_facebook,3,71.7,3
7258,2025-12-26,RU,Android,organic,17,288.4,6
7259,2026-03-12,br,android,organic,5,179.8,2
7260,2026-04-15,BR,android,organic,7,97.6,5
7261,2026-03-11,RU,ios,influencer,10,198.8,11
7262,2025-10-05,MX,ios,organic,126,2480.2,53
7263,2026-01-05,ES,IOS,ua_google,109,,52
7264,25.06.2026,DE,pc,organic,3,58.5,3
7265,25.09.2025,US,android,ua_google,3,99.1,2
7266,01.06.2026,ru,pc,cross_promo,25,514.8,12
7267,20.12.2025,MX,android,ua_google,1,21.9,2
7268,2025-09-16,RU,ios,ua_facebook,15,284.4,7
7269,2026-05-31,US,android,cross_promo,2,,1
7270,2026-06-26,TR,ios,ua_facebook,6,112.7,3
7271,08.01.2026,de,ios,influencer,66,1317.7,41
7272,02.12.2025,US,android,ua_tiktok,1,9.2,1
7273,2025-11-10,US,ios,organic,9,null,6
7274,02.01.2026,ES,ios,ua_tiktok,1,56.1,2
7275,2025-09-05,PL,android,influencer,4,null,3
7276,2026-05-17,ES,IOS,influencer,1,78.5,2
7277,2026-05-08,DE,pc,influencer,2,34.4,1
7278,2025-11-10,de,android,cross_promo,8,122.6,5
7279,14.12.2025,DE,ios,ua_tiktok,1,"34,1",1
7280,2025-11-24,null,ios,ua_tiktok,7,105.9,6
7281,05.09.2025,Germany,android,organic,14,224.4,7
7282,06.10.2025,DE,ios,ua_tiktok,140,,73
7283,2025-10-05,BR,Android,ua_facebook,4,56.4,3
7284,2025-09-28,IN,pc,ua_google,89,1805.2,56
7285,28.04.2026,DE,pc,cross_promo,8,210.4,4
7286,08.12.2025,BR,android,cross_promo,60,1075.6,27
7287,2026-05-05,MX,ANDROID,organic,3,125.3,3
7288,2025-10-14,US,pc,ua_google,33,625.9,18
7289,2026-02-16,PL,pc,ua_tiktok,4,41.8,3
7290,2026-04-08,US,android,organic,1,8.6,1
7291,08.12.2025,BR,ios,influencer,5,37.1,5
7292,2025-11-27,TR,android,ua_facebook,137,2806.1,65
7293,2026-04-24,FR,IOS,cross_promo,2,36.9,1
7294,14.05.2026,IN,pc,organic,6,70.7,4
7295,2025-12-25,BR,android,ua_google,17,264.5,5
7296,2025-09-11,ES,android,ua_facebook,15,352.3,9
7297,2025-09-01,US,android,ua_facebook,142,"2953,4",68
7298,2026-03-16,FR,ios,organic,2,"51,7",2
7299,2026-03-11,PL,android,ua_facebook,72,1496.7,46
7300,2026-04-05,US,iOS,ua_tiktok,3,37.9,2
7301,2025-09-12,US,ios,influencer,2,47.5,1
7302,2026-01-26,RU,IOS,ua_facebook,191,3845.3,79
7303,06.09.2025,PL,android,ua_facebook,76,1534.3,38
7304,19.01.2026,ES,pc,ua_facebook,3,34.2,3
7305,2026-06-04,IN,android,cross_promo,1,3.2,1
7306,12.12.2025,BR,ios,ua_google,1,NaN,1
7307,2025-10-08,RU,android,ua_facebook,40,729.1,19
7308,10.09.2025,TR,Windows,influencer,2,81.7,4
7309,2025-09-10,RU,android,organic,1,46.7,2
7310,2025-10-24,US,Android,ua_facebook,96,1964.9,35
7311,2025-09-30,BR,iOS,ua_google,1,7.1,1
7312,2025-09-01,TR,android,ua_facebook,3,56.3,4
7313,2025-09-23,de,android,ua_facebook,16,255.2,6
7314,2026-02-28,BR,Windows,ua_tiktok,100,2399.9,49
7315,2025-12-05,DE,android,ua_tiktok,1,10.2,1
7316,11.11.2025,US,android,ua_google,63,,34
7317,13.12.2025,TR,android,organic,54,929.1,19
7318,2025-09-01,RU,android,ua_tiktok,8,193.5,4
7319,12.09.2025,FR,ios,cross_promo,1,3.0,1
7320,2026-05-01,RU,ANDROID,ua_facebook,10,182.5,6
7321,2026-01-03,ES,android,organic,25,482.4,8
7322,2026-06-30,BR,ios,ua_google,0,0,1
7323,2026-06-23,FR,ios,ua_google,8,80.1,1
7324,11.04.2026,US,ios,ua_tiktok,12,231.4,6
7325,2026-04-10,DE,android,ua_facebook,1,"30,8",2
7326,2025-10-02,PL,pc,influencer,1,52.2,2
7327,2025-09-27,FR,android,ua_facebook,6,132.7,1
7328,19.01.2026,MX,android,ua_tiktok,2,23.2,3
7329,2026-04-17,null,android,ua_google,1,2.1,1
7330,2025-11-14,,pc,ua_google,268,5637.0,135
7331,2025-10-16,TR,android,cross_promo,2,26.4,3
7332,03.03.2026,PL,ios,organic,20,590.8,11
7333,02.09.2025,us,ANDROID,ua_facebook,5,49.6,3
7334,2025-10-07,PL,ios,ua_google,8,230.3,4
7335,2026-04-26,IN,Windows,ua_tiktok,115,2091.8,61
7336,2025-09-26,US,IOS,ua_google,2,49.0,1
7337,2026-06-18,BR,android,ua_tiktok,2,67.6,3
7338,2026-05-01,MX,android,ua_facebook,1,20.8,2
7339,2026-03-07,US,ios,ua_facebook,19,439.8,13
7340,2026-05-30,ES,android,ua_facebook,5,40.6,3
7341,2025-11-24,null,PC,ua_google,1,37.2,1
7342,2026-03-03,USA,android,ua_facebook,2,38.2,2
7343,2026-03-18,BR,Android,organic,1,9.0,2
7344,23.09.2025,MX,pc,ua_facebook,1,21.9,1
7345,02.09.2025,MX,ios,organic,3,30.0,3
7346,2026-05-20,null,ios,ua_google,3,59.6,1
7347,2025-10-16,н/д,android,influencer,3,76.5,3
7348,2026-05-17,BR,android,ua_google,8,130.1,5
7349,2025-10-06,IN,ios,cross_promo,23,537.5,14
7350,2025-11-05,FR,ios,cross_promo,3,27.9,3
7351,2026-05-05,GER,android,ua_facebook,39,713.8,20
7352,2025-10-20,RU,ios,influencer,71,1438.0,34
7353,2026-01-23,BR,pc,cross_promo,59,1177.0,28
7354,2025-09-27,MX,android,influencer,12,227.5,6
7355,2026-02-10,RU,ios,organic,3,65.0,1
7356,2025-10-09,US,pc,ua_facebook,85,1545.5,33
7357,02.01.2026,BR,android,influencer,1,9.7,1
7358,2025-10-27,MX,android,ua_tiktok,30,676.4,12
7359,2025-09-16,BR,android,ua_facebook,74,1400.9,29
7360,2025-11-21,GER,ios,cross_promo,19,291.7,14
7361,2025-10-28,FR,android,ua_google,10,95.3,5
7362,27.09.2025,,android,ua_google,3,NaN,2
7363,15.09.2025,RU,ios,ua_google,10,296.1,5
7364,05.09.2025,MX,pc,ua_facebook,3,145.0,1
7365,05.01.2026,MX,pc,ua_tiktok,1,-18.8,1
7366,11.03.2026,BR,pc,cross_promo,97,2165.3,45
7367,2025-09-14,US,ANDROID,ua_tiktok,28,624.0,15
7368,01.12.2025,FR,ios,influencer,118,2311.7,58
7369,2025-10-23,RU,pc,ua_facebook,88,1733.8,48
7370,2026-01-15,IN,Windows,influencer,1,3.2,2
7371,2025-12-02,FR,android,ua_google,2,56.6,2
7372,2026-06-25,DE,ios,influencer,3,24.9,3
7373,12.02.2026,US,ios,ua_facebook,38,854.0,21
7374,10.04.2026,DE,ios,influencer,2,50.4,2
7375,2026-06-19,DE,android,ua_facebook,3,,2
7376,2025-10-07,BR,IOS,ua_tiktok,214,4523.2,96
7377,2026-03-12,BR,ios,influencer,1,4.6,1
7378,08.11.2025,BR,pc,ua_facebook,1,8.8,3
7379,2026-03-26,IN,iOS,ua_facebook,21,406.6,11
7380,2026-02-19,NaN,ios,ua_tiktok,150,2775.9,82
7381,02.09.2025,RU,pc,influencer,75,null,37
7382,28.11.2025,RU,android,ua_facebook,11,216.1,5
7383,11.09.2025,MX,pc,ua_facebook,6,120.6,6
7384,12.12.2025,MX,ios,ua_google,57,1465.2,30
7385,2025-12-28,PL,android,influencer,1,28.1,1
7386,2026-01-23,BR,android,ua_facebook,32,563.5,17
7387,06.10.2025,ES,pc,ua_google,4,69.3,4
7388,2026-06-29,,android,ua_facebook,1,"1,8",4
7389,15.12.2025,US,Android,ua_facebook,21,353.4,6
7390,2025-09-12,IN,pc,ua_facebook,10,,7
7391,27.04.2026,FR,android,ua_google,4,138.2,3
7392,2025-09-17,TR,ios,ua_google,7,150.8,5
7393,2026-06-23,BR,ios,organic,14,224.8,9
7394,2026-03-05,DE,android,cross_promo,54,"1047,7",26
7395,04.03.2026,PL,ANDROID,ua_facebook,52,1071.4,32
7396,29.05.2026,US,IOS,ua_tiktok,13,317.9,5
7397,2026-05-30,PL,ANDROID,organic,8,215.6,7
7398,2025-10-03,PL,android,cross_promo,80,н/д,36
7399,2026-03-09,Russia,android,organic,35,571.2,17
7400,2025-10-03,US,ios,ua_facebook,2,31.7,4
7401,07.12.2025,PL,android,ua_google,21,364.2,14
7402,2025-12-19,FR,android,ua_tiktok,1,7.9,1
7403,2026-03-10,ES,pc,ua_facebook,11,246.3,5
7404,16.06.2026,DE,ANDROID,organic,1,null,1
7405,2025-09-28,DE,android,organic,104,1962.2,65
7406,2025-12-23,FR,PC,organic,1,28.9,2
7407,31.03.2026,ES,android,ua_google,1,41.3,1
7408,2026-01-08,MX,ios,ua_google,118,2413.3,58
7409,2026-04-06,DE,android,ua_tiktok,14,286.6,8
7410,2026-06-03,TR,ANDROID,influencer,21,537.5,10
7411,2025-10-30,DE,ios,influencer,1,20.0,1
7412,07.03.2026,ES,pc,ua_google,38,652.9,21
7413,2025-09-08,FR,Android,ua_google,1,9.1,2
7414,2025-10-16,IN,Windows,organic,10,196.6,3
7415,2026-05-13,MX,android,ua_google,2,37.8,3
7416,19.11.2025,US,android,influencer,8,164.0,4
7417,2026-06-03,Russia,android,ua_tiktok,1,15.7,1
7418,2025-10-25,IN,PC,ua_facebook,4,77.1,3
7419,18.11.2025,DE,pc,ua_google,1,26.2,1
7420,2025-09-08,IN,android,ua_facebook,16,448.7,10
7421,15.09.2025,br,ios,ua_facebook,49,1001.2,35
7422,2026-02-27,TR,pc,ua_facebook,1,11.9,1
7423,2026-01-21,null,android,ua_facebook,3,43.7,2
7424,24.01.2026,PL,android,ua_google,2,40.3,3
7425,27.05.2026,DE,ios,ua_google,47,"959,8",32
7426,2026-04-21,TR,android,ua_facebook,1,57.3,1
7427,2026-03-15,US,pc,organic,4,н/д,2
7428,2026-03-06,PL,android,ua_google,17,257.2,7
7429,2026-03-13,IN,android,ua_google,1,28.0,1
7430,22.03.2026,US,android,ua_google,12,349.0,6
7431,2026-06-06,US,ios,ua_facebook,1,8.7,3
7432,2026-03-11,Turkey,android,ua_facebook,97,2068.9,50
7433,2025-10-09,BR,ios,organic,27,565.8,23
7434,2026-05-29,tr,android,ua_facebook,10,153.2,5
7435,2025-09-03,US,android,influencer,97,1874.5,37
7436,31.03.2026,PL,android,cross_promo,1,6.7,2
7437,17.04.2026,TR,android,ua_facebook,20,419.2,5
7438,2026-03-14,RU,android,ua_google,5,186.2,4
7439,10.01.2026,ES,ios,ua_tiktok,105,1690.3,57
7440,2025-11-17,-,IOS,influencer,29,689.5,13
7441,2025-11-16,IN,pc,ua_google,7,122.2,4
7442,2026-03-05,TR,Android,ua_tiktok,1,50.3,1
7443,2026-04-14,US,pc,organic,1,8.0,1
7444,2026-05-21,ES,pc,ua_tiktok,3,22.1,2
7445,30.09.2025,Brazil,android,organic,1,91.8,2
7446,2025-12-10,Brazil,ANDROID,ua_tiktok,6,105.1,1
7447,29.09.2025,DE,android,organic,1,16.5,1
7448,29.06.2026,MX,pc,organic,2,23.2,1
7449,17.01.2026,GER,android,ua_facebook,2,76.9,2
7450,2025-10-15,IN,ios,cross_promo,9,166.4,3
7451,07.03.2026,Russia,android,ua_tiktok,39,822.1,21
7452,2026-06-14,MX,android,ua_facebook,5,46.3,1
7453,2025-12-05,de,android,ua_tiktok,33,725.2,24
7454,2025-09-24,,android,ua_google,70,1273.6,34
7455,2025-11-27,BR,ios,ua_google,4,70.2,7
7456,14.09.2025,DE,pc,organic,7,"104,8",4
7457,2026-05-16,ru,android,ua_tiktok,9,,5
7458,2026-01-22,BR,ios,cross_promo,21,369.0,12
7459,2025-12-24,US,android,ua_google,2,12.8,2
7460,11.04.2026,BR,ios,influencer,50,1049.0,27
7461,2025-11-28,us,PC,cross_promo,105,2051.0,44
7462,14.09.2025,ES,android,organic,71,,41
7463,2026-05-09,FR,android,ua_facebook,3,48.3,4
7464,11.04.2026,us,android,ua_google,1,15.6,2
7465,2026-05-02,US,PC,organic,64,1342.7,27
7466,2025-10-16,br,android,ua_facebook,1,45.9,2
7467,2026-01-30,DE,ios,organic,1,9.9,1
7468,2025-12-23,US,android,ua_facebook,2,66.7,3
7469,2026-05-12,US,pc,influencer,1,19.0,1
7470,20.03.2026,BR,ios,organic,2,31.9,2
7471,2025-11-26,BR,android,ua_google,1,4.9,3
7472,2026-05-21,US,pc,ua_google,1,30.2,2
7473,2026-06-27,BR,pc,ua_facebook,2,22.1,2
7474,2025-09-21,PL,android,ua_tiktok,3,37.5,2
7475,2026-05-01,RU,android,organic,19,218.3,6
7476,2026-01-12,IN,ios,ua_facebook,17,584.4,10
7477,2026-04-05,TR,pc,influencer,2,30.7,2
7478,2026-03-31,null,android,influencer,2,39.2,2
7479,2026-05-11,TR,ios,influencer,29,509.8,19
7480,2025-10-11,TR,android,organic,4,73.2,4
7481,09.10.2025,RU,android,ua_tiktok,34,625.6,11
7482,2025-11-11,FR,ios,ua_tiktok,5,81.0,1
7483,2026-01-27,ES,PC,organic,6,94.4,4
7484,07.03.2026,BR,ios,ua_google,160,3728.9,74
7485,2025-09-02,IN,pc,ua_google,1,null,1
7486,01.10.2025,FR,ios,ua_tiktok,3,101.4,1
7487,31.05.2026,ES,PC,ua_google,10,"170,1",6
7488,2025-12-13,MX,android,ua_google,80,1825.4,40
7489,2026-05-22,DE,android,ua_facebook,2,72.0,2
7490,2026-05-05,US,ios,organic,29,523.2,14
7491,21.12.2025,BR,android,ua_google,4,55.4,3
7492,2026-02-10,PL,Android,organic,19,,10
7493,17.12.2025,TR,android,ua_tiktok,2,52.9,1
7494,11.06.2026,IN,ios,cross_promo,11,200.1,8
7495,2026-02-04,PL,android,influencer,73,"1443,5",43
7496,25.03.2026,IN,pc,ua_tiktok,2,76.3,2
7497,2025-09-29,,ios,ua_google,1,36.7,1
7498,19.02.2026,US,ios,influencer,6,125.2,4
7499,03.10.2025,MX,PC,organic,13,279.9,13
7500,2026-03-03,de,android,ua_facebook,3,59.6,3
7501,25.04.2026,PL,ios,ua_google,1,7.2,2
7502,2026-01-12,RU,android,ua_facebook,4,46.4,2
7503,11.01.2026,ES,ANDROID,ua_facebook,18,425.4,16
7504,2026-01-16,BR,Android,cross_promo,5,78.4,5
7505,25.12.2025,FR,android,influencer,2,"30,2",2
7506,2026-04-21,ES,android,ua_tiktok,57,1197.3,27
7507,2025-09-28,TR,pc,ua_facebook,5,209.6,5
7508,2026-02-04,PL,ios,organic,1,2.7,1
7509,2026-06-30,RU,android,ua_facebook,0,0,1
7510,11.02.2026,Germany,android,cross_promo,2,71.6,2
7511,2025-09-03,ES,android,ua_tiktok,61,1497.0,31
7512,2025-11-14,DE,ios,influencer,2,null,2
7513,02.06.2026,PL,android,organic,23,null,15
7514,2025-09-02,PL,ios,ua_google,9,,4
7515,2026-03-07,DE,ios,ua_facebook,2,38.2,3
7516,2025-11-02,PL,android,organic,1,14.9,2
7517,2025-10-01,FR,pc,organic,6,91.0,6
7518,2026-03-09,DE,android,ua_google,2,23.6,1
7519,2026-03-15,Brazil,android,organic,5,78.0,2
7520,2025-12-03,MX,ios,ua_facebook,10,278.1,6
7521,2026-02-13,DE,pc,ua_google,62,1326.2,35
7522,11.09.2025,RU,PC,organic,1,14.2,1
7523,12.10.2025,DE,android,ua_facebook,1,null,3
7524,2026-06-18,TR,ios,organic,4,215.6,2
7525,2026-06-12,de,android,ua_facebook,25,"588,8",15
7526,2025-09-15,PL,android,ua_facebook,1,22.2,1
7527,31.01.2026,US,android,ua_google,2,28.9,2
7528,2025-10-26,BR,android,organic,56,1069.5,31
7529,2026-02-02,us,ios,cross_promo,2,"29,1",3
7530,04.04.2026,FR,pc,organic,8,195.3,5
7531,05.01.2026,ES,iOS,ua_facebook,1,41.8,2
7532,2025-09-21,FR,ios,ua_facebook,2,40.2,3
7533,2025-12-17,TR,pc,ua_google,1,44.2,2
7534,2026-02-04,BR,android,ua_google,2,76.6,1
7535,2026-05-20,PL,ios,ua_facebook,1,8.3,2
7536,2025-09-17,ES,Android,organic,3,27.8,3
7537,2025-09-01,ES,pc,ua_tiktok,7,240.8,5
7538,03.10.2025,MX,ios,organic,1,7.5,1
7539,2026-05-12,IN,android,influencer,4,51.5,2
7540,07.02.2026,MX,pc,ua_facebook,1,11.3,1
7541,2026-04-14,MX,PC,ua_google,8,120.1,2
7542,2025-09-25,TR,android,ua_facebook,3,33.3,4
7543,2026-06-03,DE,pc,ua_facebook,26,497.0,12
7544,17.04.2026,,android,ua_facebook,57,981.9,36
7545,2026-04-10,PL,ios,ua_facebook,9,"146,4",4
7546,2026-04-07,DE,ios,ua_google,16,335.0,10
7547,2026-01-29,RU,android,ua_google,2,19.7,1
7548,2026-06-21,ES,ios,ua_google,11,249.4,3
7549,2026-01-28,Germany,android,ua_tiktok,10,188.9,8
7550,2025-09-19,PL,ios,organic,17,297.3,10
7551,12.01.2026,,android,influencer,2,22.4,2
7552,2025-12-10,TR,android,organic,47,-,27
7553,2025-10-13,IN,Android,ua_tiktok,82,1754.7,40
7554,2026-06-08,DE,pc,ua_facebook,16,337.4,6
7555,2025-12-24,BR,pc,ua_facebook,1,25.0,2
7556,2025-10-11,BR,ios,ua_google,86,1746.6,40
7557,07.10.2025,PL,android,ua_google,4,"83,1",2
7558,14.09.2025,FR,ios,ua_facebook,5,164.8,4
7559,2025-09-10,PL,PC,influencer,4,"51,9",2
7560,2026-03-08,FR,android,influencer,116,null,55
7561,2025-09-11,FR,android,influencer,6,-,4
7562,2026-05-04,DE,android,ua_tiktok,33,1021.8,13
7563,2025-11-28,US,pc,ua_facebook,12,232.3,10
7564,2025-12-06,GER,Android,ua_facebook,1,62.9,1
7565,2026-04-19,TR,ios,ua_facebook,76,1761.7,37
7566,2026-04-30,FR,iOS,organic,18,null,9
7567,2025-10-22,PL,pc,influencer,2,72.0,1
7568,2025-10-01,RU,PC,ua_facebook,1,16.6,2
7569,2026-05-20,BR,android,influencer,8,169.8,5
7570,2025-10-08,FR,ios,cross_promo,8,202.8,3
7571,18.09.2025,US,android,ua_facebook,1,3.3,3
7572,2025-09-07,DE,ios,influencer,19,613.7,10
7573,2026-05-18,FR,pc,ua_google,3,41.0,2
7574,2026-06-03,RU,ios,ua_facebook,1,14.3,2
7575,2025-12-24,US,android,ua_google,12,222.4,10
7576,14.01.2026,Germany,ios,cross_promo,3,41.9,1
7577,2025-10-31,DE,android,cross_promo,17,450.0,11
7578,2026-05-08,DE,ios,ua_google,1,8.6,3
7579,2026-05-07,RU,Android,ua_tiktok,73,,35
7580,2025-10-09,BR,android,ua_facebook,1,19.7,1
7581,2025-11-23,ES,ios,ua_facebook,1,9.3,1
7582,06.02.2026,US,android,ua_facebook,13,336.4,7
7583,2026-03-03,FR,ios,ua_facebook,2,24.2,3
7584,2025-10-19,MX,pc,influencer,16,283.5,6
7585,2026-04-22,DE,pc,organic,56,1010.8,27
7586,2026-06-23,PL,android,ua_tiktok,8,143.7,6
7587,2025-10-20,MX,android,ua_facebook,22,490.4,10
7588,2026-02-03,MX,ios,organic,10,129.0,7
7589,30.04.2026,PL,ios,organic,55,982.9,28
7590,2026-03-29,BR,pc,ua_facebook,62,1164.7,27
7591,2026-06-29,RU,android,ua_tiktok,3,-84.0,3
7592,2026-04-26,ES,ANDROID,influencer,41,942.7,19
7593,2025-09-08,BR,ios,cross_promo,2,33.1,2
7594,23.05.2026,IN,android,influencer,2,20.2,1
7595,2026-05-10,RU,android,influencer,7,105.6,3
7596,2025-09-10,PL,ios,cross_promo,77,1431.4,36
7597,2026-06-14,PL,ios,ua_google,4,92.1,1
7598,2025-12-25,FR,android,cross_promo,23,395.0,8
7599,2026-04-19,RU,android,ua_google,21,312.4,10
7600,2025-09-01,US,android,ua_facebook,14,415.0,9
7601,08.06.2026,DE,PC,ua_facebook,1,14.4,2
7602,02.02.2026,IN,Windows,organic,5,н/д,1
7603,2025-09-15,US,Windows,cross_promo,1,10.4,1
7604,2026-04-08,BR,android,ua_facebook,1,16.3,1
7605,2025-09-10,US,pc,ua_tiktok,53,975.7,20
7606,2026-06-20,FR,ios,ua_facebook,3,97.7,2
7607,22.09.2025,TR,ios,ua_google,2,67.8,2
7608,2026-01-20,br,android,organic,2,,1
7609,09.04.2026,FR,ios,ua_tiktok,3,34.2,1
7610,2025-09-15,DE,android,ua_tiktok,4,,6
7611,2026-03-23,ES,Windows,ua_facebook,3,69.8,2
7612,2026-05-22,MX,ANDROID,organic,13,327.3,4
7613,2025-09-24,MX,android,organic,1,5.7,2
7614,29.12.2025,FR,ios,ua_google,13,264.9,8
7615,2026-01-23,RU,ios,ua_tiktok,150,3294.0,75
7616,2025-12-10,RU,ios,ua_google,10,211.3,9
7617,23.05.2026,ES,ios,ua_tiktok,17,394.3,13
7618,2025-10-06,IN,pc,ua_google,4,256.0,3
7619,2025-11-21,FR,android,ua_tiktok,74,1361.1,42
7620,13.12.2025,IN,pc,ua_facebook,3,56.2,2
7621,2025-11-10,DE,android,ua_google,23,482.4,8
7622,2026-01-08,BR,android,ua_facebook,2,79.0,2
7623,2026-05-03,-,ios,organic,2,27.5,1
7624,17.04.2026,FR,ios,ua_facebook,2,41.3,3
7625,2026-03-10,IN,android,organic,6,84.8,5
7626,2026-01-30,TR,ANDROID,organic,52,1189.3,29
7627,2025-10-22,PL,pc,ua_google,3,62.0,4
7628,04.03.2026,FR,Windows,ua_google,2,59.1,1
7629,2025-11-18,ES,android,ua_tiktok,9,121.6,4
7630,2026-05-01,DE,pc,ua_tiktok,23,480.4,12
7631,16.02.2026,Germany,android,ua_google,1,23.3,2
7632,02.02.2026,BR,iOS,organic,9,167.6,5
7633,2026-03-20,br,android,ua_facebook,1,11.1,2
7634,2026-03-16,us,ios,organic,1,10.2,2
7635,05.09.2025,FR,ios,cross_promo,15,,8
7636,04.09.2025,ES,IOS,influencer,54,851.5,24
7637,28.11.2025,MX,android,organic,1,26.0,1
7638,23.06.2026,ES,android,cross_promo,1,5.7,1
7639,2026-04-30,DE,IOS,ua_google,45,1077.1,23
7640,2026-05-12,DE,android,cross_promo,9,"244,7",4
7641,2025-11-17,BR,android,cross_promo,2,53.2,1
7642,24.12.2025,RU,ios,ua_facebook,2,21.4,2
7643,2026-01-11,ES,android,influencer,3,135.5,2
7644,2026-03-26,DE,android,influencer,6,null,3
7645,25.05.2026,USA,android,ua_facebook,4,106.4,1
7646,31.10.2025,PL,pc,ua_facebook,3,32.1,4
7647,2025-11-17,TR,ios,cross_promo,2,"30,1",2
7648,03.09.2025,US,android,ua_facebook,65,1404.4,46
7649,2026-06-20,RU,ANDROID,organic,12,168.9,7
7650,2025-09-27,DE,android,ua_google,11,163.5,10
7651,2025-10-27,TR,android,ua_facebook,4,112.9,4
7652,2025-10-16,BR,ios,ua_google,2,27.3,2
7653,2026-02-10,BR,ios,cross_promo,3,null,2
7654,2025-12-17,US,Android,organic,9,,9
7655,2026-05-28,FR,android,organic,22,643.2,5
7656,07.05.2026,TR,Android,organic,82,1480.0,38
7657,10.12.2025,DE,android,influencer,2,111.6,1
7658,2026-04-23,de,ios,ua_google,2,25.3,2
7659,29.05.2026,IN,Android,organic,12,229.0,7
7660,2025-09-23,Turkey,android,influencer,20,487.2,11
7661,2026-04-13,FR,pc,ua_tiktok,95,1907.1,44
7662,2025-09-22,DE,android,influencer,38,906.3,11
7663,2026-05-15,Germany,ios,ua_facebook,4,29.4,2
7664,2026-02-26,GER,android,ua_google,6,292.1,4
7665,19.10.2025,US,Windows,ua_google,2,41.4,1
7666,19.03.2026,GER,pc,ua_google,69,1391.1,28
7667,2025-09-20,TR,android,ua_facebook,2,24.6,3
7668,2025-11-25,RU,ios,ua_facebook,1,11.5,2
7669,2026-05-08,BR,ios,organic,2,87.2,2
7670,2025-11-26,TR,Android,ua_tiktok,3,77.1,1
7671,2026-03-06,DE,ios,ua_tiktok,18,473.8,8
7672,2025-09-13,PL,android,influencer,8,128.6,4
7673,07.09.2025,de,ANDROID,cross_promo,32,671.4,19
7674,2025-12-31,FR,IOS,ua_facebook,179,3445.1,83
7675,2026-06-13,,android,ua_facebook,20,353.6,8
7676,07.04.2026,DE,pc,ua_tiktok,44,798.2,24
7677,2026-02-12,PL,ios,ua_facebook,66,1490.1,20
7678,11.02.2026,TR,android,ua_google,96,1928.2,43
7679,2026-04-02,BR,pc,ua_facebook,47,1131.7,18
7680,11.02.2026,н/д,Android,ua_google,1,51.6,1
7681,11.05.2026,IN,android,organic,3,68.7,3
7682,2026-05-06,PL,iOS,organic,1,16.9,3
7683,2025-11-23,null,ios,ua_google,118,2172.8,56
7684,2025-11-16,TR,ios,ua_facebook,2,27.7,2
7685,2026-04-23,RU,pc,organic,9,226.5,7
7686,17.09.2025,ru,android,influencer,1,6.6,1
7687,10.03.2026,PL,ios,cross_promo,25,492.7,8
7688,2026-01-10,DE,pc,influencer,4,88.2,2
7689,2026-02-08,DE,pc,ua_tiktok,2,17.7,2
7690,2026-04-01,Turkey,android,organic,24,436.7,9
7691,2026-02-19,,android,ua_google,4,42.0,3
7692,15.03.2026,GER,ios,influencer,15,312.4,4
7693,2026-04-10,RU,android,ua_facebook,3,40.7,3
7694,2025-10-26,US,iOS,ua_facebook,59,1039.1,30
7695,2025-10-10,tr,android,ua_facebook,1,23.2,1
7696,2025-09-26,BR,pc,ua_facebook,12,595.9,7
7697,2025-10-04,US,android,ua_tiktok,4,42.9,3
7698,27.05.2026,NaN,ios,influencer,20,344.3,17
7699,24.09.2025,TR,pc,ua_facebook,1,4.6,4
7700,2026-01-06,TR,iOS,cross_promo,1,4.0,3
7701,2026-02-09,de,Android,organic,14,521.1,9
7702,23.04.2026,US,pc,ua_google,4,126.3,3
7703,2025-10-05,ES,ios,influencer,1,4.4,1
7704,2026-05-27,FR,android,organic,29,н/д,16
7705,01.11.2025,BR,android,ua_facebook,50,"961,2",22
7706,2026-03-06,DE,ios,influencer,2,14.4,1
7707,2026-06-22,MX,android,influencer,2,55.3,2
7708,2026-03-16,,ios,ua_tiktok,21,264.8,13
7709,2026-04-10,PL,ANDROID,cross_promo,4,56.8,2
7710,27.10.2025,TR,android,ua_google,19,388.2,13
7711,2026-04-29,US,ios,ua_google,16,306.2,5
7712,2025-11-30,DE,ios,cross_promo,1,25.6,1
7713,02.05.2026,US,android,ua_facebook,1,5.6,1
7714,13.01.2026,,android,ua_google,82,1479.6,32
7715,2026-03-23,,android,influencer,1,"54,3",1
7716,2026-02-07,TR,android,organic,7,130.5,5
7717,2025-09-12,DE,android,ua_tiktok,13,213.9,10
7718,2025-10-30,NaN,Windows,influencer,1,17.1,1
7719,2025-10-07,USA,android,ua_facebook,5,100.7,1
7720,2025-11-05,DE,android,ua_google,2,26.7,1
7721,19.01.2026,IN,ios,influencer,53,938.1,24
7722,2025-09-02,ES,ios,ua_facebook,2,26.3,1
7723,26.10.2025,US,iOS,ua_google,4,49.2,4
7724,2025-10-10,ES,android,influencer,5,"155,6",3
7725,2025-09-13,ES,android,influencer,4,79.7,8
7726,2025-09-22,-,pc,cross_promo,1,18.9,2
7727,21.01.2026,PL,android,organic,80,1855.8,50
7728,19.11.2025,IN,android,influencer,232,4740.7,99
7729,11.12.2025,FR,ios,ua_google,11,233.5,9
7730,2026-02-07,DE,PC,ua_facebook,15,296.9,9
7731,2026-04-16,TR,pc,ua_facebook,5,79.4,3
7732,12.10.2025,DE,pc,ua_google,4,52.8,3
7733,2025-10-02,ES,ios,ua_facebook,115,2145.5,52
7734,18.03.2026,DE,android,organic,14,272.3,13
7735,2025-09-08,DE,ANDROID,ua_facebook,5,101.1,6
7736,20.04.2026,FR,PC,ua_facebook,14,675.8,10
7737,2026-02-17,TR,ios,cross_promo,31,"510,6",11
7738,2025-12-21,MX,android,ua_facebook,16,341.6,8
7739,2026-06-28,,Android,influencer,2,73.1,3
7740,16.02.2026,IN,android,organic,1,35.7,1
7741,2025-12-01,MX,android,ua_tiktok,35,808.3,16
7742,22.02.2026,,ios,ua_facebook,5,144.4,6
7743,2026-06-25,US,ANDROID,organic,2,18.6,2
7744,15.10.2025,PL,android,organic,1,13.9,2
7745,2025-12-01,MX,PC,organic,4,177.4,4
7746,2026-01-30,ES,android,ua_facebook,51,1334.4,25
7747,2025-11-29,-,android,ua_facebook,9,294.0,6
7748,2026-05-02,,ios,influencer,2,49.3,2
7749,15.02.2026,US,android,ua_facebook,15,288.0,9
7750,2026-05-24,ES,ios,cross_promo,1,86.0,2
7751,15.11.2025,US,android,ua_google,1,28.9,1
7752,03.05.2026,DE,android,cross_promo,1,4.5,1
7753,18.02.2026,MX,android,ua_google,12,221.6,5
7754,01.01.2026,PL,android,ua_facebook,1,23.5,2
7755,2025-10-07,FR,android,ua_google,68,1078.0,24
7756,2025-11-23,-,IOS,ua_facebook,1,4.5,2
7757,2025-10-13,US,android,ua_facebook,1,9.9,1
7758,2025-09-21,TR,iOS,influencer,12,248.3,6
7759,2025-09-03,GER,android,ua_facebook,19,315.3,9
7760,2026-05-17,US,ios,ua_google,28,523.0,17
7761,26.12.2025,MX,ios,ua_tiktok,168,2894.9,84
7762,2026-02-20,DE,ios,ua_tiktok,12,190.0,6
7763,2025-11-19,ES,ios,ua_google,2,29.0,2
7764,2026-01-10,Germany,android,ua_facebook,1,3.4,2
7765,2025-09-01,PL,ios,organic,3,40.8,3
7766,2026-06-18,DE,pc,ua_tiktok,10,241.7,4
7767,02.09.2025,DE,pc,ua_google,48,1151.4,25
7768,15.12.2025,MX,iOS,ua_facebook,62,1227.9,23
7769,2025-12-07,US,ios,ua_google,2,13.5,1
7770,2025-10-03,ES,pc,ua_facebook,27,535.0,18
7771,2026-03-15,TR,android,ua_tiktok,1,5.3,1
7772,26.04.2026,DE,android,ua_facebook,3,41.1,4
7773,13.10.2025,DE,android,ua_google,11,218.9,7
7774,2025-09-10,IN,android,ua_google,34,877.7,22
7775,2025-09-03,RU,ios,ua_facebook,3,39.3,2
7776,2026-01-04,BR,pc,ua_google,2,60.1,4
7777,16.03.2026,ES,android,influencer,65,1127.8,36
7778,20.06.2026,ES,IOS,influencer,4,н/д,4
7779,2025-10-21,DE,android,ua_google,122,"2303,7",57
7780,2026-02-09,DE,android,organic,3,91.2,4
7781,2025-09-15,DE,ios,ua_tiktok,14,302.7,7
7782,2025-11-23,PL,Android,ua_facebook,1,26.8,2
7783,2026-01-26,DE,pc,organic,77,1477.3,37
7784,31.12.2025,TR,android,ua_google,2,33.0,2
7785,2026-03-05,IN,ios,ua_tiktok,19,412.3,11
7786,02.01.2026,ES,android,ua_tiktok,2,44.8,1
7787,2025-11-28,US,android,organic,2,31.8,2
7788,2025-10-31,BR,pc,organic,9,163.2,6
7789,2025-11-03,MX,android,ua_facebook,1,30.4,1
7790,2025-10-10,TR,Android,ua_google,57,1123.0,27
7791,2026-06-05,US,pc,ua_facebook,26,586.6,13
7792,2025-10-22,RU,Windows,ua_facebook,4,58.4,3
7793,11.12.2025,ES,ANDROID,influencer,1,"8,5",2
7794,2026-06-14,TR,iOS,organic,2,38.0,1
7795,2026-01-15,,android,organic,4,52.9,5
7796,13.01.2026,US,iOS,organic,2,null,2
7797,2025-11-30,BR,iOS,ua_tiktok,22,-,8
7798,2025-09-22,DE,android,ua_facebook,3,53.8,2
7799,2025-10-11,DE,pc,ua_tiktok,3,41.9,2
7800,2026-06-02,RU,pc,ua_facebook,1,40.8,1
7801,09.11.2025,FR,Android,ua_facebook,12,312.6,2
7802,2025-10-18,PL,android,cross_promo,19,508.2,5
7803,2025-09-07,ES,ios,ua_tiktok,14,171.6,7
7804,2026-05-28,IN,pc,ua_google,17,254.0,5
7805,2026-01-26,DE,android,ua_google,1,22.2,1
7806,24.11.2025,IN,IOS,ua_facebook,29,619.4,17
7807,2026-03-22,USA,ios,ua_tiktok,2,16.9,1
7808,2026-02-09,DE,pc,organic,40,761.2,20
7809,04.02.2026,ru,android,ua_facebook,172,3846.9,81
7810,2026-05-09,RU,pc,ua_tiktok,1,15.6,1
7811,2025-10-31,US,pc,ua_google,58,1103.9,28
7812,2025-09-04,US,android,organic,2,34.2,3
7813,2026-04-27,DE,ios,ua_google,3,36.7,3
7814,20.06.2026,BR,Android,cross_promo,1,"25,9",2
7815,2025-11-15,ES,android,ua_tiktok,25,509.2,10
7816,2025-11-20,TR,android,ua_tiktok,2,16.0,1
7817,15.12.2025,IN,android,influencer,4,47.0,2
7818,01.02.2026,ES,android,ua_facebook,11,166.8,6
7819,2026-02-27,DE,android,ua_tiktok,2,37.4,4
7820,2025-10-23,RU,android,organic,1,51.4,1
7821,2026-02-10,US,ios,ua_google,2,"94,0",1
7822,2025-09-24,US,pc,ua_google,3,49.3,2
7823,2026-03-28,IN,IOS,ua_google,1,25.7,1
7824,2025-10-20,RU,PC,ua_google,3,58.0,5
7825,2026-03-23,us,android,influencer,1,62.6,1
7826,2025-12-03,RU,ios,cross_promo,6,93.8,8
7827,2025-11-03,DE,ANDROID,cross_promo,3,76.5,1
7828,2026-06-26,IN,iOS,ua_facebook,4,84.3,4
7829,2025-11-29,US,ANDROID,ua_tiktok,2,23.7,2
7830,2026-06-09,,ios,ua_google,25,364.8,10
7831,2025-09-15,TR,ios,organic,12,277.1,7
7832,2025-10-13,BR,ios,ua_facebook,44,940.0,24
7833,06.03.2026,Russia,android,organic,3,55.1,2
7834,2025-12-27,FR,PC,ua_google,40,855.8,27
7835,05.02.2026,de,android,ua_facebook,12,171.1,8
7836,21.04.2026,IN,ios,ua_tiktok,2,50.2,1
7837,2025-11-03,TR,android,ua_google,1,20.8,1
7838,2025-11-20,PL,IOS,ua_facebook,1,7.8,1
7839,23.12.2025,DE,android,ua_facebook,2,80.4,3
7840,2025-12-29,DE,android,organic,14,320.1,4
7841,2025-12-23,IN,android,ua_tiktok,2,35.1,3
7842,2026-04-06,tr,ios,ua_google,8,195.4,10
7843,2026-03-06,IN,android,organic,5,108.4,2
7844,29.11.2025,US,android,organic,5,null,3
7845,2025-12-14,BR,android,ua_google,1,17.8,1
7846,2025-10-07,DE,pc,ua_facebook,80,1539.1,38
7847,2026-05-18,IN,pc,ua_facebook,4,30.4,3
7848,2026-05-29,BR,ios,influencer,7,223.5,5
7849,2026-06-11,н/д,pc,ua_facebook,9,403.3,1
7850,2025-10-03,ES,android,ua_google,5,"101,0",5
7851,2025-09-30,PL,PC,ua_google,20,332.9,8
7852,2025-09-17,BR,ios,ua_google,3,50.0,3
7853,2026-02-14,us,ANDROID,ua_facebook,1,7.1,2
7854,11.04.2026,DE,ios,influencer,6,121.0,4
7855,2026-01-19,FR,android,ua_google,2,14.7,2
7856,21.02.2026,US,pc,ua_google,6,168.8,4
7857,2025-10-22,DE,pc,ua_facebook,14,268.3,9
7858,2026-05-09,br,pc,influencer,7,"247,7",4
7859,2025-12-02,DE,ios,cross_promo,4,90.8,6
7860,2026-01-15,FR,android,cross_promo,15,359.6,9
7861,2026-06-01,NaN,ios,ua_facebook,1,11.0,3
7862,15.02.2026,US,android,ua_google,1,5.3,2
7863,2026-04-18,GER,ios,ua_facebook,29,641.2,11
7864,21.02.2026,IN,ios,ua_tiktok,4,"116,2",2
7865,24.10.2025,TR,android,organic,3,50.8,3
7866,2026-01-14,us,pc,ua_google,42,831.8,19
7867,2026-06-09,RU,pc,ua_google,12,340.6,5
7868,2026-06-24,US,Windows,ua_google,7,105.4,4
7869,2025-12-05,ES,pc,organic,77,1387.5,42
7870,2026-02-26,TR,android,ua_facebook,17,309.3,6
7871,2026-02-28,US,android,ua_google,3,63.8,2
7872,2026-06-22,PL,pc,ua_facebook,8,136.3,6
7873,2026-05-01,DE,ios,ua_tiktok,16,218.1,5
7874,11.09.2025,TR,ios,cross_promo,4,84.1,2
7875,2026-03-20,BR,android,ua_facebook,7,355.9,8
7876,06.04.2026,BR,pc,ua_google,3,129.5,1
7877,18.10.2025,,pc,ua_facebook,21,335.0,16
7878,2026-01-28,US,android,cross_promo,1,9.1,1
7879,01.01.2026,US,android,ua_facebook,1,-6.6,3
7880,24.05.2026,ES,android,ua_google,20,338.7,14
7881,2025-12-16,us,pc,organic,8,107.7,3
7882,24.10.2025,US,android,influencer,5,58.2,2
7883,2025-10-27,TR,pc,influencer,2,36.3,1
7884,2026-04-14,ES,android,organic,1,17.8,1
7885,2025-12-12,US,android,ua_google,3,47.6,3
7886,30.04.2026,DE,Android,organic,1,6.3,1
7887,2025-09-04,TR,pc,ua_google,1,11.4,2
7888,2026-01-29,BR,ios,organic,1,6.9,1
7889,2026-01-22,PL,android,ua_google,3,84.6,2
7890,2025-11-29,RU,android,ua_google,1,28.7,2
7891,2025-10-29,BR,android,ua_facebook,12,278.1,6
7892,2025-10-15,US,android,ua_facebook,6,92.8,5
7893,2026-06-21,IN,IOS,ua_google,15,238.6,5
7894,03.01.2026,US,android,cross_promo,4,39.0,4
7895,23.06.2026,Brazil,android,ua_google,3,30.7,2
7896,2025-11-13,PL,ios,ua_tiktok,9,109.9,6
7897,2026-01-20,FR,ANDROID,ua_tiktok,12,268.2,8
7898,14.04.2026,BR,pc,ua_facebook,1,-,2
7899,14.01.2026,DE,pc,influencer,6,107.5,5
7900,15.01.2026,US,Android,organic,1,17.0,1
7901,2025-10-25,ES,ANDROID,organic,13,307.7,6
7902,03.04.2026,NaN,ios,cross_promo,79,1711.7,39
7903,2026-06-16,DE,ANDROID,ua_facebook,1,22.7,3
7904,22.09.2025,RU,Android,ua_facebook,16,221.8,12
7905,2025-09-12,PL,pc,ua_facebook,1,68.1,1
7906,2025-10-13,RU,IOS,ua_facebook,119,2211.6,54
7907,2025-12-11,US,iOS,ua_google,137,2641.1,69
7908,2025-09-20,BR,android,ua_google,2,5.1,2
7909,12.03.2026,RU,android,ua_facebook,76,"2080,7",23
7910,2026-05-12,BR,ios,organic,10,179.3,8
7911,2025-09-08,US,ios,ua_google,1,NaN,1
7912,09.12.2025,ES,Android,ua_facebook,3,58.8,4
7913,2025-09-05,ES,ios,organic,1,15.1,1
7914,2025-11-14,TR,android,ua_tiktok,2,null,2
7915,19.01.2026,DE,ios,cross_promo,10,225.8,8
7916,12.03.2026,DE,android,ua_facebook,2,"14,5",1
7917,2026-06-03,TR,IOS,ua_google,33,633.5,16
7918,2026-06-19,BR,ios,ua_tiktok,8,127.8,4
7919,30.10.2025,US,android,ua_google,10,137.8,7
7920,2026-03-24,TR,android,ua_google,11,242.9,7
7921,2025-09-30,MX,android,ua_facebook,1,12.4,2
7922,2025-09-02,DE,ios,ua_google,19,501.9,9
7923,2025-09-04,DE,android,cross_promo,3,116.5,3
7924,2025-10-05,-,pc,ua_facebook,78,1688.7,50
7925,2025-11-19,BR,pc,ua_google,62,1404.7,32
7926,2025-12-03,br,ios,ua_google,12,306.2,6
7927,2025-11-13,FR,android,ua_facebook,1,"6,9",1
7928,2026-02-18,TR,ios,ua_tiktok,69,1365.3,30
7929,2025-09-30,US,android,organic,32,795.1,9
7930,04.09.2025,ES,android,ua_tiktok,3,67.6,2
7931,2026-03-01,RU,android,influencer,54,1138.7,34
7932,2025-09-11,PL,iOS,influencer,209,4495.3,108
7933,25.11.2025,ES,pc,ua_tiktok,89,1847.6,30
7934,2025-11-09,BR,android,cross_promo,1,,2
7935,2026-04-03,TR,Windows,ua_facebook,82,1687.5,39
7936,2025-12-15,PL,android,ua_facebook,2,49.4,6
7937,2026-06-08,BR,ios,influencer,5,73.3,4
7938,2025-12-20,RU,ios,organic,2,24.3,2
7939,2025-12-30,US,pc,cross_promo,1,3.5,1
7940,2025-09-16,NaN,ios,ua_facebook,1,8.5,1
7941,2025-09-06,US,pc,organic,37,638.6,13
7942,2025-10-17,DE,pc,ua_facebook,4,61.6,2
7943,2025-12-21,US,android,cross_promo,5,82.7,4
7944,2026-03-16,ES,android,ua_facebook,7,95.4,4
7945,2026-02-03,IN,pc,organic,7,90.1,4
7946,2025-10-09,FR,ios,ua_google,11,210.3,4
7947,2025-11-07,,android,ua_tiktok,1,5.3,1
7948,25.10.2025,DE,ios,ua_facebook,16,321.6,11
7949,2026-03-06,DE,Windows,influencer,2,51.7,3
7950,2025-09-06,IN,pc,ua_tiktok,19,291.1,12
7951,2025-10-15,NaN,ios,ua_google,106,2086.4,45
7952,12.12.2025,ES,ios,ua_tiktok,37,897.7,20
7953,2026-03-11,PL,android,ua_google,1,12.2,1
7954,2025-10-03,PL,android,ua_facebook,36,,20
7955,2026-02-03,IN,ios,ua_tiktok,14,271.3,4
7956,2026-02-05,ES,android,ua_facebook,20,346.0,11
7957,2026-02-10,BR,android,ua_tiktok,29,514.4,10
7958,2026-02-07,US,android,ua_google,7,90.0,5
7959,25.04.2026,de,pc,ua_google,3,213.6,5
7960,2026-04-11,PL,ios,ua_facebook,93,null,38
7961,2026-04-19,IN,android,ua_tiktok,1,9.2,2
7962,2025-11-06,PL,android,influencer,1,14.2,2
7963,2026-04-05,IN,android,ua_tiktok,2,39.1,2
7964,24.11.2025,RU,ios,ua_google,3,22.0,1
7965,2025-10-13,ES,IOS,influencer,117,2102.2,71
7966,2026-01-03,DE,ANDROID,ua_tiktok,45,963.9,21
7967,2025-09-11,BR,android,cross_promo,132,2878.7,58
7968,2025-12-10,PL,ios,influencer,16,554.4,7
7969,2026-05-29,IN,PC,ua_facebook,2,,2
7970,2026-05-18,DE,ios,ua_google,4,180.2,2
7971,2026-04-07,GER,android,ua_google,1,68.7,1
7972,2025-11-10,TR,pc,organic,1,11.6,1
7973,2026-04-13,NaN,iOS,ua_google,64,1198.9,26
7974,2025-09-26,PL,Android,influencer,9,"144,2",9
7975,2025-09-03,MX,ios,ua_facebook,1,2.8,1
7976,2026-04-19,PL,android,ua_facebook,3,33.8,3
7977,2026-06-21,TR,pc,cross_promo,1,12.4,1
7978,14.05.2026,PL,android,influencer,26,441.0,18
7979,27.09.2025,BR,android,ua_tiktok,2,65.3,1
7980,2025-09-12,н/д,android,ua_tiktok,2,56.6,4
7981,2026-02-26,NaN,android,ua_facebook,4,121.0,2
7982,2025-09-28,IN,ios,influencer,6,88.2,2
7983,2026-06-12,US,android,organic,2,13.9,1
7984,2025-12-03,PL,ios,ua_facebook,1,8.7,3
7985,2025-12-05,,ios,ua_google,15,390.1,10
7986,2026-03-12,MX,Android,cross_promo,2,20.4,1
7987,2026-05-27,FR,android,influencer,4,127.4,1
7988,28.02.2026,IN,pc,organic,10,162.3,4
7989,14.11.2025,US,ios,ua_tiktok,3,"68,7",1
7990,2026-05-19,BR,android,ua_facebook,2,29.7,2
7991,2025-12-24,FR,android,organic,1,13.9,1
7992,2025-12-23,US,ANDROID,ua_facebook,2,45.9,2
7993,2025-11-06,BR,pc,ua_facebook,12,350.1,6
7994,2025-12-07,DE,android,ua_google,203,3829.9,105
7995,2025-11-24,PL,android,ua_facebook,10,267.8,8
7996,2026-01-12,PL,pc,ua_tiktok,1,25.1,2
7997,2026-04-06,US,iOS,ua_facebook,10,180.3,3
7998,2025-09-23,TR,android,ua_tiktok,39,679.2,19
7999,2025-12-16,н/д,ios,ua_facebook,1,13.8,1
8000,2025-09-11,FR,iOS,ua_tiktok,1,3.8,2
8001,2025-10-22,FR,pc,ua_google,6,133.5,4
8002,2026-06-02,RU,android,organic,7,185.2,4
8003,2026-01-08,BR,IOS,influencer,53,1014.8,26
8004,29.05.2026,ES,PC,ua_google,36,939.7,24
8005,2026-04-02,DE,android,ua_google,2,42.5,2
8006,2025-09-03,IN,android,influencer,36,800.2,14
8007,2025-12-08,TR,pc,ua_facebook,1,null,2
8008,01.04.2026,MX,android,ua_tiktok,20,423.5,9
8009,2025-09-01,ES,android,ua_google,1,72.0,2
8010,2025-10-28,DE,android,ua_facebook,2,87.6,1
8011,23.03.2026,TR,pc,organic,1,20.5,1
8012,2026-01-19,US,android,ua_facebook,6,154.6,3
8013,28.03.2026,BR,android,ua_google,3,49.8,4
8014,05.10.2025,DE,android,cross_promo,41,846.3,20
8015,08.06.2026,RU,ANDROID,ua_google,16,348.2,8
8016,2025-10-29,BR,android,ua_tiktok,3,29.5,2
8017,11.05.2026,PL,android,organic,32,612.8,13
8018,26.09.2025,,pc,ua_tiktok,1,13.0,1
8019,2026-06-27,ES,ios,organic,3,109.2,3
8020,20.09.2025,RU,android,ua_tiktok,1,6.2,2
8021,2025-12-11,DE,android,ua_tiktok,9,262.2,4
8022,2025-12-04,us,ios,cross_promo,11,374.1,7
8023,2025-10-08,RU,ios,ua_tiktok,64,1196.1,35
8024,2025-11-25,NaN,android,organic,19,400.9,8
8025,2025-11-07,Brazil,android,ua_facebook,66,1054.6,32
8026,2025-12-27,PL,IOS,organic,3,44.3,3
8027,2026-05-02,DE,pc,organic,1,32.3,2
8028,03.04.2026,BR,ios,organic,2,36.4,1
8029,2026-05-27,PL,ios,organic,10,"268,5",4
8030,2026-01-28,FR,android,ua_tiktok,124,2521.4,52
8031,2025-09-03,MX,ios,ua_facebook,3,39.8,2
8032,2026-03-07,US,pc,ua_google,8,210.0,8
8033,2025-11-21,,android,ua_facebook,1,3.4,2
8034,2026-06-19,ES,ANDROID,organic,2,93.7,1
8035,2025-10-07,PL,IOS,ua_facebook,37,640.3,19
8036,2025-11-18,US,ios,ua_facebook,2,18.0,3
8037,2026-01-13,PL,pc,ua_google,1,35.9,1
8038,28.05.2026,FR,android,ua_google,18,362.8,4
8039,2025-09-20,PL,android,ua_google,71,1267.4,29
8040,2025-12-29,TR,pc,organic,1,30.1,2
8041,2026-02-13,US,ios,ua_facebook,7,NaN,6
8042,2025-12-22,TR,PC,ua_facebook,6,167.8,2
8043,2025-09-17,BR,android,ua_tiktok,59,997.5,23
8044,19.12.2025,-,ios,ua_google,2,50.1,1
8045,2026-05-26,IN,ios,ua_facebook,15,205.4,6
8046,2026-04-02,ES,pc,ua_facebook,2,70.6,3
8047,2025-10-08,US,ios,ua_google,39,922.0,21
8048,2026-02-04,ES,android,ua_tiktok,93,2316.8,47
8049,2026-01-08,US,Android,ua_google,1,6.4,1
8050,2026-02-12,FR,pc,ua_facebook,2,27.7,2
8051,2025-12-20,us,ios,ua_facebook,1,5.6,1
8052,23.12.2025,TR,Windows,ua_tiktok,28,548.0,12
8053,08.04.2026,US,android,cross_promo,1,27.0,1
8054,2025-09-23,BR,ios,influencer,2,87.4,1
8055,2026-05-04,BR,ios,organic,1,4.0,2
8056,07.06.2026,,ios,ua_google,7,86.9,3
8057,12.12.2025,DE,pc,influencer,1,10.9,1
8058,2026-05-14,BR,android,organic,8,106.4,2
8059,2026-03-15,FR,android,ua_tiktok,40,811.0,25
8060,2025-11-19,MX,android,ua_facebook,10,263.6,7
8061,2025-12-16,DE,ios,ua_google,2,24.7,4
8062,2026-01-08,PL,ios,organic,57,1443.1,26
8063,26.10.2025,TR,android,ua_facebook,2,46.1,3
8064,2025-12-09,DE,ios,ua_facebook,8,100.9,3
8065,2026-04-21,PL,pc,ua_google,1,50.8,2
8066,2026-02-05,US,pc,ua_google,39,556.5,18
8067,2026-01-19,US,android,ua_facebook,2,88.0,3
8068,2026-03-27,DE,android,organic,2,39.9,2
8069,2026-01-25,RU,PC,ua_tiktok,12,245.2,4
8070,13.06.2026,USA,ios,ua_facebook,3,11.0,2
8071,2025-10-31,NaN,android,influencer,19,482.8,14
8072,2025-11-18,MX,ANDROID,ua_google,52,911.7,23
8073,2025-10-26,US,android,influencer,8,241.2,5
8074,26.04.2026,DE,ios,organic,1,7.8,1
8075,10.09.2025,DE,ios,ua_tiktok,12,267.4,9
8076,2026-02-02,BR,android,ua_google,4,"77,4",5
8077,2025-09-16,ES,PC,ua_tiktok,2,88.9,2
8078,2026-06-15,RU,android,ua_tiktok,15,401.7,3
8079,2025-10-08,BR,pc,ua_facebook,74,1421.5,39
8080,24.05.2026,US,android,ua_facebook,3,36.0,1
8081,2025-11-23,FR,android,organic,1,4.7,1
8082,2025-10-22,TR,android,organic,43,869.6,22
8083,2026-05-28,TR,ios,ua_google,17,413.3,14
8084,2026-02-11,BR,android,ua_facebook,19,864.8,9
8085,2026-04-14,RU,Android,influencer,42,762.5,16
8086,2026-05-01,,android,organic,2,44.5,2
8087,01.04.2026,TR,android,ua_facebook,7,47.4,6
8088,10.02.2026,MX,pc,organic,53,1124.1,24
8089,2026-05-05,NaN,Windows,influencer,3,25.5,3
8090,13.09.2025,ES,iOS,influencer,68,1489.2,30
8091,22.05.2026,us,ios,ua_google,13,213.7,12
8092,2025-09-17,US,pc,organic,4,54.9,5
8093,2025-09-23,US,android,influencer,2,12.7,2
8094,12.11.2025,,pc,influencer,2,41.0,2
8095,2026-05-05,US,android,cross_promo,12,271.1,5
8096,2025-10-26,RU,android,ua_facebook,1,30.6,1
8097,2026-01-04,,iOS,ua_facebook,2,39.2,2
8098,2026-05-23,BR,ios,ua_tiktok,3,-,2
8099,2026-04-06,br,android,organic,1,3.0,1
8100,2025-10-10,MX,ios,ua_google,2,58.8,2
8101,2025-10-23,PL,android,ua_facebook,3,,1
8102,2026-01-18,RU,ios,cross_promo,4,NaN,1
8103,2026-02-02,н/д,pc,ua_tiktok,1,"58,3",1
8104,02.04.2026,MX,PC,influencer,12,172.9,6
8105,2025-09-03,RU,Android,cross_promo,32,660.6,20
8106,06.04.2026,RU,Android,ua_facebook,5,90.0,5
8107,2026-04-01,FR,android,ua_facebook,4,"74,3",6
8108,2025-10-26,MX,Android,ua_google,2,10.3,1
8109,2025-12-19,FR,ios,ua_google,23,517.3,11
8110,2025-12-14,RU,ios,ua_facebook,71,"1535,7",33
8111,12.05.2026,FR,android,ua_tiktok,24,435.2,17
8112,2025-09-10,RU,pc,ua_facebook,3,25.6,2
8113,2026-01-09,MX,android,ua_tiktok,2,33.1,2
8114,2025-11-21,PL,android,ua_facebook,245,5156.8,135
8115,2026-05-13,ES,ios,ua_facebook,35,633.4,17
8116,10.06.2026,ES,android,organic,5,92.5,4
8117,16.01.2026,RU,ios,organic,183,"3596,4",80
8118,15.06.2026,PL,android,ua_google,11,196.7,6
8119,2025-12-09,ES,android,ua_google,40,736.5,23
8120,07.11.2025,PL,android,ua_facebook,11,н/д,7
8121,27.02.2026,US,pc,ua_tiktok,11,158.5,8
8122,15.11.2025,US,pc,organic,5,NaN,5
8123,2026-01-14,FR,ios,ua_facebook,28,531.7,10
8124,09.09.2025,TR,android,ua_facebook,1,71.9,1
8125,2025-10-14,MX,pc,organic,1,13.9,2
8126,18.01.2026,BR,android,ua_google,5,124.7,4
8127,2026-05-13,IN,android,cross_promo,11,247.2,6
8128,2026-05-31,TR,PC,influencer,6,133.0,3
8129,2025-10-20,FR,pc,organic,89,1400.7,51
8130,2026-05-22,RU,Android,ua_tiktok,18,380.3,10
8131,2026-06-12,US,android,organic,7,117.6,6
8132,13.05.2026,BR,pc,ua_facebook,12,208.0,9
8133,2026-03-30,RU,ANDROID,organic,3,88.0,2
8134,2025-12-28,,android,organic,1,13.4,1
8135,2026-02-12,PL,pc,ua_facebook,1,18.6,1
8136,2026-02-21,IN,PC,ua_facebook,7,250.8,4
8137,2025-10-03,DE,android,ua_google,1,25.2,1
8138,2026-05-29,PL,android,organic,25,549.9,15
8139,2025-12-18,BR,Windows,organic,5,85.5,5
8140,2026-05-26,MX,Windows,organic,4,NaN,3
8141,2025-09-28,DE,pc,ua_facebook,5,146.0,2
8142,2026-02-21,US,android,ua_google,1,4.0,2
8143,2025-09-03,BR,ios,ua_tiktok,1,,1
8144,2025-12-05,US,android,ua_google,4,43.9,3
8145,2025-09-01,TR,ios,ua_facebook,5,112.5,3
8146,2025-09-03,FR,pc,ua_facebook,25,426.2,13
8147,20.01.2026,RU,pc,influencer,1,2.1,2
8148,2025-11-17,ru,android,ua_tiktok,1,33.0,1
8149,2025-11-15,RU,ios,ua_tiktok,2,25.2,2
8150,02.05.2026,BR,ios,cross_promo,1,6.4,1
8151,2025-12-28,ES,Windows,ua_google,1,13.5,2
8152,2025-10-16,BR,PC,ua_google,1,18.8,2
8153,2025-09-11,DE,android,organic,14,209.0,6
8154,14.05.2026,PL,iOS,influencer,3,94.1,3
8155,22.03.2026,DE,ANDROID,ua_tiktok,1,17.1,1
8156,24.10.2025,ES,pc,ua_google,1,2.9,2
8157,2025-11-06,,ios,organic,253,4495.8,117
8158,2026-04-26,-,android,ua_facebook,11,420.0,7
8159,2025-11-17,ES,pc,ua_tiktok,5,62.2,4
8160,2026-04-02,ES,ios,organic,1,9.3,2
8161,2026-03-09,RU,android,ua_facebook,53,968.7,28
8162,2026-05-20,BR,android,ua_facebook,1,9.1,1
8163,2026-05-19,IN,ios,organic,58,1099.6,33
8164,2025-09-03,PL,PC,cross_promo,18,316.8,10
8165,2025-10-23,RU,android,ua_google,271,5269.9,132
8166,05.01.2026,US,android,ua_tiktok,1,10.5,2
8167,2026-06-20,BR,ios,influencer,1,,2
8168,27.10.2025,RU,pc,ua_google,1,6.6,1
8169,2026-05-05,TR,IOS,ua_facebook,1,,1
8170,2026-04-22,NaN,android,cross_promo,54,1167.6,17
8171,2026-04-04,US,ios,ua_facebook,1,20.8,1
8172,19.11.2025,PL,ios,organic,12,245.8,8
8173,2025-09-02,DE,android,organic,2,76.1,1
8174,2025-11-20,TR,pc,ua_facebook,4,70.8,5
8175,2025-12-07,PL,pc,organic,100,2454.1,39
8176,2025-10-22,FR,pc,ua_tiktok,3,69.5,2
8177,2026-01-06,US,pc,ua_facebook,48,836.8,20
8178,2025-11-24,GER,ios,ua_facebook,4,101.4,5
8179,16.02.2026,,ios,organic,84,1296.7,41
8180,20.01.2026,US,android,ua_tiktok,4,169.9,1
8181,2025-09-15,ES,android,organic,1,37.8,2
8182,2026-02-11,de,pc,ua_facebook,7,180.2,6
8183,2026-03-30,US,pc,ua_google,108,-,59
8184,04.02.2026,BR,android,ua_facebook,1,8.3,1
8185,2026-01-02,PL,pc,ua_google,1,18.7,1
8186,2025-09-21,,ios,ua_google,2,15.6,1
8187,2025-11-21,RU,ios,ua_google,4,,6
8188,2025-10-09,PL,ANDROID,ua_facebook,1,12.1,2
8189,20.12.2025,BR,ios,ua_facebook,2,34.1,1
8190,08.12.2025,FR,android,ua_facebook,12,262.3,8
8191,2026-01-10,BR,pc,influencer,3,"38,2",4
8192,2026-05-26,BR,pc,influencer,14,211.6,7
8193,2026-05-14,PL,ios,ua_facebook,28,717.5,14
8194,2025-09-23,US,ios,ua_facebook,41,1129.4,25
8195,2025-12-11,US,ios,ua_google,217,4608.1,92
8196,2026-05-12,TR,android,influencer,1,19.3,1
8197,11.03.2026,DE,ios,ua_facebook,2,59.8,1
8198,2026-03-30,,android,organic,3,74.3,3
8199,03.06.2026,DE,PC,influencer,7,"126,5",4
8200,2025-12-06,ES,ios,organic,15,343.8,13
8201,2026-04-24,RU,android,organic,10,141.8,7
8202,2025-09-05,TR,PC,organic,55,1098.5,29
8203,2025-11-19,RU,ios,ua_tiktok,6,110.2,3
8204,2026-01-18,BR,android,organic,1,13.3,1
8205,2025-10-27,PL,ios,ua_google,48,941.0,28
8206,2026-05-16,PL,ios,organic,2,45.4,2
8207,28.11.2025,RU,android,organic,3,91.4,4
8208,25.06.2026,TR,ios,influencer,1,10.4,1
8209,2025-09-01,USA,Android,ua_google,45,1090.2,11
8210,06.04.2026,RU,ios,ua_google,1,"2,0",1
8211,2026-04-06,US,pc,ua_google,16,193.0,5
8212,2025-12-03,DE,Android,influencer,2,20.9,1
8213,2025-10-06,BR,ios,influencer,15,314.4,5
8214,2026-02-12,US,IOS,ua_facebook,1,5.4,1
8215,2026-04-03,PL,pc,ua_facebook,37,"814,4",15
8216,21.01.2026,GER,android,ua_google,1,8.2,3
8217,2025-09-05,RU,ios,organic,14,434.6,4
8218,2026-03-08,FR,pc,ua_tiktok,25,352.2,20
8219,2026-01-12,TR,ios,cross_promo,14,,5
8220,03.12.2025,MX,android,ua_google,73,1271.4,48
8221,2025-10-19,RU,android,organic,8,103.6,5
8222,2025-09-29,-,android,ua_facebook,17,"365,5",5
8223,23.02.2026,PL,android,organic,8,149.6,5
8224,2025-10-27,RU,android,cross_promo,3,32.8,3
8225,2026-02-22,FR,Android,organic,6,192.3,4
8226,2026-05-05,DE,pc,ua_facebook,9,241.8,6
8227,26.05.2026,US,android,influencer,4,96.4,3
8228,20.02.2026,BR,Android,ua_facebook,2,95.5,2
8229,2025-10-11,DE,android,ua_google,3,120.3,3
8230,2026-04-13,BR,android,ua_google,22,470.3,13
8231,2026-02-11,IN,ios,ua_facebook,2,42.8,3
8232,2025-10-18,BR,ios,ua_google,1,6.5,4
8233,2025-10-20,DE,ios,organic,3,95.6,4
8234,2026-04-25,US,ios,ua_tiktok,3,80.1,3
8235,02.05.2026,US,pc,influencer,6,136.6,3
8236,2025-10-19,RU,pc,ua_tiktok,2,15.5,3
8237,2026-04-12,TR,IOS,ua_facebook,66,1463.3,31
8238,2025-09-03,IN,PC,ua_google,85,1687.2,50
8239,14.01.2026,DE,ios,ua_tiktok,1,5.6,1
8240,2025-10-01,RU,pc,cross_promo,11,194.3,7
8241,2026-04-10,TR,pc,ua_tiktok,1,6.9,1
8242,2026-05-04,PL,android,ua_google,13,198.6,6
8243,2026-01-02,TR,ios,influencer,2,85.7,1
8244,2026-01-12,IN,android,organic,11,197.7,6
8245,2025-10-15,BR,pc,ua_tiktok,4,65.5,3
8246,2025-12-16,US,PC,organic,178,3552.3,94
8247,2026-03-12,PL,iOS,influencer,6,144.0,1
8248,06.03.2026,GER,IOS,ua_facebook,19,NaN,10
8249,2026-06-04,USA,ios,ua_facebook,17,565.9,13
8250,2026-06-04,IN,pc,ua_google,14,272.2,8
8251,2025-12-18,RU,pc,ua_facebook,24,"495,2",13
8252,2026-02-06,US,ios,ua_facebook,49,1187.5,29
8253,2026-05-05,DE,ios,organic,16,240.1,8
8254,2025-10-18,Turkey,android,organic,8,197.0,6
8255,2026-06-18,BR,Windows,organic,3,62.2,4
8256,2026-02-25,BR,ios,ua_google,4,34.8,5
8257,2026-04-20,null,ios,ua_tiktok,4,123.1,4
8258,02.12.2025,MX,android,ua_tiktok,1,9.4,1
8259,15.10.2025,DE,android,ua_google,65,1230.9,42
8260,2025-10-30,FR,android,ua_google,128,2880.0,59
8261,2025-12-21,US,ios,ua_tiktok,4,75.3,3
8262,2026-02-05,DE,Android,influencer,1,14.1,1
8263,04.04.2026,US,android,ua_facebook,2,31.5,2
8264,2026-05-05,RU,pc,ua_facebook,75,1310.4,37
8265,2025-10-12,IN,IOS,ua_google,23,425.4,14
8266,18.02.2026,PL,ios,organic,42,646.7,22
8267,18.09.2025,TR,ios,cross_promo,105,2297.4,54
8268,2025-10-28,TR,ios,ua_tiktok,8,199.8,6
8269,2026-06-21,MX,ios,ua_facebook,3,78.2,2
8270,01.10.2025,FR,android,ua_google,17,337.7,13
8271,2026-03-28,,ios,organic,100,1913.8,51
8272,05.12.2025,BR,pc,ua_facebook,3,47.9,3
8273,2025-10-02,PL,iOS,ua_facebook,2,23.0,1
8274,2025-11-05,RU,ANDROID,ua_tiktok,5,71.8,2
8275,2025-10-16,PL,pc,ua_facebook,2,50.3,1
8276,22.04.2026,US,android,ua_facebook,13,415.2,4
8277,06.10.2025,ES,pc,ua_google,4,76.3,3
8278,2026-01-02,IN,ios,ua_google,1,44.0,1
8279,2026-04-29,PL,android,cross_promo,1,43.2,1
8280,2025-09-25,TR,PC,ua_google,2,26.2,2
8281,17.09.2025,IN,pc,influencer,1,27.5,1
8282,2025-09-02,br,pc,organic,3,102.2,5
8283,2026-04-18,,IOS,ua_tiktok,13,301.0,7
8284,2026-02-17,,android,organic,14,181.0,7
8285,2025-09-25,BR,android,ua_tiktok,46,1004.5,39
8286,2026-04-15,FR,ios,ua_facebook,7,160.9,7
8287,25.03.2026,IN,pc,ua_google,99,2023.7,43
8288,24.12.2025,DE,ANDROID,ua_tiktok,22,368.7,17
8289,2026-01-22,,ios,ua_tiktok,1,13.2,2
8290,06.09.2025,US,IOS,ua_facebook,1,23.3,2
8291,2026-06-19,IN,ios,influencer,6,96.6,5
8292,2026-02-05,PL,Android,organic,4,53.7,2
8293,2026-05-27,IN,pc,ua_facebook,20,436.5,18
8294,01.04.2026,MX,ANDROID,ua_google,2,25.5,2
8295,11.11.2025,DE,android,ua_facebook,7,NaN,4
8296,17.06.2026,FR,android,ua_tiktok,11,222.0,5
8297,2026-01-11,MX,pc,organic,27,532.9,9
8298,2025-09-19,GER,Android,ua_facebook,57,1159.1,32
8299,2026-05-23,DE,android,ua_tiktok,27,503.6,16
8300,2025-12-06,BR,ios,ua_facebook,2,40.8,2
8301,2025-10-01,FR,android,ua_facebook,80,1806.5,54
8302,2026-02-17,US,Android,ua_tiktok,4,"37,4",6
8303,2025-10-31,ru,ios,ua_tiktok,3,51.4,1
8304,2026-04-09,tr,ios,ua_facebook,3,60.1,3
8305,16.03.2026,DE,android,ua_tiktok,15,397.0,10
8306,2026-06-18,DE,ios,influencer,1,5.8,1
8307,2026-04-08,IN,ios,ua_google,1,5.9,2
8308,29.09.2025,BR,pc,ua_google,1,14.0,2
8309,2025-12-30,,ios,cross_promo,291,6126.8,124
8310,22.09.2025,DE,android,ua_facebook,1,н/д,1
8311,01.09.2025,BR,ios,ua_google,2,62.1,1
8312,2026-01-02,de,Android,ua_facebook,19,358.5,9
8313,24.10.2025,,pc,ua_facebook,1,9.0,2
8314,2025-12-15,DE,android,ua_facebook,7,159.1,4
8315,2026-01-03,DE,pc,ua_tiktok,37,765.2,17
8316,2025-11-27,BR,android,influencer,1,н/д,1
8317,23.04.2026,RU,ANDROID,organic,4,115.5,2
8318,2026-06-04,ES,ios,ua_tiktok,14,253.8,6
8319,2026-03-14,Turkey,android,ua_google,2,58.4,1
8320,08.04.2026,BR,android,ua_google,1,72.6,2
8321,04.02.2026,RU,android,organic,3,23.9,3
8322,08.03.2026,ES,ios,ua_google,3,28.5,1
8323,2026-01-12,US,ANDROID,ua_facebook,2,42.6,3
8324,2025-10-17,RU,ios,ua_tiktok,2,29.0,1
8325,2026-01-23,BR,PC,organic,98,2236.1,47
8326,2025-12-07,PL,PC,organic,2,152.3,4
8327,24.02.2026,BR,android,ua_facebook,2,36.8,1
8328,04.09.2025,IN,android,organic,5,39.9,3
8329,2025-09-02,PL,pc,ua_facebook,8,123.0,8
8330,2026-06-13,US,android,ua_facebook,21,-,8
8331,2026-03-22,RU,ANDROID,ua_google,99,1788.2,43
8332,2026-03-21,BR,pc,ua_facebook,12,341.1,10
8333,2026-06-14,TR,android,ua_tiktok,3,46.9,4
8334,2026-06-04,ES,PC,ua_facebook,14,241.7,6
8335,2025-10-12,DE,android,influencer,9,210.5,8
8336,2026-06-18,ES,android,ua_facebook,17,373.3,13
8337,2026-02-28,us,ios,ua_facebook,18,264.7,9
8338,17.09.2025,PL,android,ua_facebook,1,72.0,1
8339,2026-01-09,TR,Android,organic,2,33.6,1
8340,2025-12-02,US,pc,ua_google,26,507.1,9
8341,2026-03-07,IN,pc,ua_facebook,1,10.5,2
8342,2026-04-11,BR,android,organic,49,1203.5,22
8343,2026-01-21,Turkey,pc,ua_facebook,17,288.1,13
8344,2025-10-12,BR,pc,ua_google,1,12.3,1
8345,2026-05-13,DE,android,organic,12,234.6,11
8346,2025-10-19,BR,android,ua_facebook,45,,13
8347,2026-02-13,TR,ios,ua_tiktok,36,"1010,2",23
8348,2026-02-17,BR,ANDROID,ua_tiktok,1,15.5,1
8349,2026-05-30,USA,ios,ua_facebook,3,45.0,2
8350,2025-12-02,BR,android,organic,1,"41,1",2
8351,2026-04-09,DE,pc,ua_tiktok,8,190.8,5
8352,08.05.2026,Germany,ios,organic,11,160.0,5
8353,2026-04-02,BR,ANDROID,influencer,5,56.7,2
8354,2026-05-18,Russia,ANDROID,ua_google,2,24.5,1
8355,2025-12-19,US,ANDROID,ua_facebook,19,601.1,6
8356,2025-11-22,null,android,organic,27,379.0,9
8357,2025-09-26,Turkey,ios,ua_facebook,1,5.3,2
8358,03.10.2025,US,pc,ua_tiktok,1,10.5,1
8359,01.03.2026,DE,android,ua_google,11,,8
8360,2025-10-15,FR,pc,ua_google,15,309.7,5
8361,2026-05-25,PL,pc,ua_facebook,8,145.3,2
8362,2026-05-11,IN,ANDROID,ua_facebook,33,530.8,18
8363,2025-11-21,MX,android,organic,1,-7.0,1
8364,2026-06-15,US,pc,organic,2,8.7,1
8365,2026-03-31,DE,ios,organic,53,1082.9,23
8366,2026-04-18,ES,pc,cross_promo,7,107.9,5
8367,2026-06-05,DE,pc,influencer,14,208.1,11
8368,06.02.2026,DE,ios,ua_facebook,1,32.0,1
8369,13.09.2025,null,ios,organic,12,193.8,8
8370,06.09.2025,ES,ios,cross_promo,6,161.6,2
8371,05.10.2025,DE,pc,ua_facebook,2,19.0,2
8372,2025-11-08,RU,pc,ua_google,3,57.0,2
8373,2026-05-02,DE,pc,ua_facebook,1,8.4,1
8374,2026-01-24,IN,pc,ua_tiktok,2,31.6,1
8375,2025-10-24,tr,android,ua_google,3,"74,6",1
8376,19.11.2025,TR,pc,organic,31,807.4,17
8377,2026-02-26,DE,ios,ua_google,9,122.5,4
8378,2026-06-15,DE,android,ua_facebook,4,94.4,5
8379,2026-03-29,US,pc,ua_google,1,5.1,1
8380,2025-12-11,DE,ANDROID,ua_google,1,16.4,1
8381,21.11.2025,BR,Android,cross_promo,223,4513.3,116
8382,2026-06-27,US,ios,influencer,3,19.5,5
8383,16.09.2025,FR,android,ua_facebook,1,8.5,1
8384,2026-02-10,ES,pc,ua_facebook,2,19.1,3
8385,16.09.2025,Brazil,android,influencer,1,14.5,1
8386,15.09.2025,FR,android,ua_google,2,44.0,1
8387,2025-11-01,RU,android,ua_tiktok,5,253.5,1
8388,2026-03-31,ES,ios,ua_tiktok,45,856.5,23
8389,2025-10-31,FR,pc,organic,30,620.5,20
8390,15.10.2025,DE,ios,ua_facebook,5,60.4,4
8391,2026-05-06,FR,android,cross_promo,3,77.9,2
8392,2026-05-16,DE,android,ua_google,48,1063.7,26
8393,2025-11-30,RU,PC,organic,1,8.4,1
8394,2026-03-21,RU,ios,cross_promo,3,61.3,1
8395,2025-12-08,IN,android,ua_google,3,35.6,4
8396,30.10.2025,FR,android,ua_facebook,7,107.6,8
8397,01.10.2025,BR,pc,cross_promo,4,104.6,5
8398,2025-09-25,DE,ios,influencer,44,,16
8399,2025-12-27,RU,android,organic,7,164.5,6
8400,2025-10-25,DE,PC,organic,3,81.4,2
8401,2026-05-29,DE,ios,organic,1,52.8,1
8402,02.04.2026,ES,Android,cross_promo,6,"128,3",7
8403,10.12.2025,FR,Android,organic,58,1310.5,31
8404,10.04.2026,,pc,cross_promo,3,NaN,4
8405,2025-10-28,BR,ios,ua_tiktok,8,н/д,7
8406,2026-01-03,USA,android,ua_tiktok,16,407.4,11
8407,2025-11-20,GER,Android,ua_facebook,15,330.6,10
8408,2026-02-01,br,android,ua_facebook,59,1281.3,44
8409,2026-06-30,BR,ios,ua_facebook,1,4.6,2
8410,2026-05-21,BR,android,organic,2,21.7,2
8411,2025-10-26,US,ios,organic,1,67.1,2
8412,10.01.2026,MX,pc,ua_google,3,-,3
8413,22.10.2025,BR,android,ua_facebook,2,48.5,3
8414,21.09.2025,PL,ios,ua_tiktok,3,"136,0",3
8415,2026-05-14,DE,pc,ua_facebook,2,27.3,1
8416,2026-02-17,BR,android,organic,2,12.8,2
8417,2025-10-06,GER,iOS,organic,3,44.7,4
8418,2025-09-25,DE,pc,ua_facebook,24,391.0,14
8419,2025-09-10,FR,android,organic,30,554.4,13
8420,2025-12-11,FR,android,organic,10,335.7,6
8421,2026-06-23,-,ANDROID,organic,2,25.0,4
8422,2026-03-08,US,pc,ua_facebook,4,71.6,5
8423,2026-05-17,DE,android,ua_google,12,-,7
8424,2026-06-07,BR,android,organic,1,3.7,2
8425,2025-09-30,MX,PC,ua_facebook,2,35.4,4
8426,2026-05-11,ES,pc,ua_facebook,4,31.5,3
8427,30.04.2026,PL,android,ua_facebook,3,,2
8428,2026-06-05,Turkey,android,cross_promo,3,39.6,2
8429,09.10.2025,Russia,android,influencer,19,471.3,9
8430,2025-10-25,DE,android,ua_facebook,3,62.9,1
8431,17.01.2026,PL,android,ua_tiktok,1,37.6,1
8432,2026-06-22,TR,pc,ua_facebook,1,3.3,2
8433,04.11.2025,RU,pc,ua_facebook,2,"118,6",2
8434,06.10.2025,DE,android,ua_facebook,1,32.5,1
8435,2025-10-28,USA,pc,ua_google,13,309.8,10
8436,2025-11-01,DE,android,organic,67,1238.4,29
8437,2025-11-11,GER,ios,ua_facebook,1,15.8,1
8438,06.09.2025,US,ios,ua_google,1,7.6,1
8439,2026-05-22,TR,pc,ua_facebook,24,,12
8440,2025-11-28,US,PC,ua_facebook,52,909.3,29
8441,2026-04-27,DE,pc,ua_tiktok,1,11.1,1
8442,2025-09-01,TR,ios,influencer,8,152.3,5
8443,2025-12-25,PL,PC,ua_google,21,446.6,8
8444,27.10.2025,RU,android,ua_tiktok,3,50.5,1
8445,2025-12-10,ES,android,ua_google,2,47.1,1
8446,02.03.2026,TR,pc,ua_google,8,200.4,5
8447,2025-12-10,de,android,influencer,1,41.1,2
8448,2026-03-16,TR,ios,ua_google,1,7.0,1
8449,2025-09-07,DE,ios,ua_facebook,3,71.9,3
8450,2026-03-05,BR,IOS,cross_promo,1,6.3,2
8451,2026-05-29,USA,pc,ua_google,1,6.8,1
8452,2026-01-03,PL,ANDROID,ua_facebook,133,"2200,5",69
8453,2025-10-17,DE,pc,ua_google,16,274.7,9
8454,31.10.2025,RU,android,ua_google,12,291.3,5
8455,2025-11-13,BR,android,organic,46,1189.7,32
8456,2025-09-05,ES,ios,organic,2,37.1,3
8457,2026-04-26,ES,android,ua_google,30,н/д,11
8458,2026-01-20,US,ios,ua_facebook,4,87.8,4
8459,23.12.2025,RU,android,ua_google,203,4351.2,78
8460,10.01.2026,PL,iOS,ua_google,5,111.1,4
8461,2026-02-15,Russia,pc,ua_tiktok,48,716.3,26
8462,2026-01-20,null,IOS,ua_facebook,12,454.1,6
8463,2025-11-21,DE,ios,organic,2,78.0,1
8464,2025-12-08,DE,android,ua_google,11,NaN,6
8465,2026-05-17,ru,pc,ua_facebook,2,32.4,2
8466,2026-03-29,RU,pc,cross_promo,1,12.9,2
8467,2025-10-30,RU,pc,influencer,44,"1072,3",16
8468,2026-03-18,US,iOS,ua_tiktok,16,542.1,6
8469,24.04.2026,PL,ios,cross_promo,8,188.4,3
8470,2025-12-30,Russia,ANDROID,ua_tiktok,30,581.2,19
8471,05.10.2025,US,ios,organic,128,2622.0,42
8472,24.09.2025,IN,ios,cross_promo,7,109.8,5
8473,2026-03-03,TR,ios,ua_google,47,1092.3,22
8474,2026-02-19,PL,android,organic,1,2.9,1
8475,2026-05-27,TR,IOS,ua_google,9,235.0,5
8476,03.03.2026,FR,android,ua_google,25,627.6,5
8477,2026-05-17,MX,android,ua_tiktok,1,"18,0",2
8478,2026-02-16,BR,ios,ua_facebook,118,2440.2,57
8479,2026-05-16,BR,ios,organic,7,266.7,4
8480,2025-09-19,BR,android,ua_tiktok,1,25.7,2
8481,2026-03-23,IN,ANDROID,ua_google,8,257.5,4
8482,2026-01-03,DE,pc,ua_tiktok,1,9.8,1
8483,30.10.2025,MX,android,influencer,1,5.3,1
8484,04.06.2026,FR,Android,influencer,3,62.6,3
8485,2025-09-24,US,ios,ua_facebook,1,"8,3",2
8486,2026-01-11,FR,ios,ua_tiktok,105,2263.5,48
8487,2025-09-12,PL,ios,ua_facebook,30,,15
8488,2026-01-24,GER,iOS,ua_facebook,113,1930.7,33
8489,2026-05-03,TR,pc,influencer,3,53.0,3
8490,2026-01-10,FR,ios,cross_promo,56,1321.2,15
8491,2025-11-17,FR,pc,ua_facebook,2,30.8,1
8492,2026-04-29,FR,android,ua_google,10,"162,5",3
8493,2025-12-22,DE,android,influencer,168,3287.8,80
8494,02.11.2025,TR,android,ua_google,2,42.6,1
8495,2026-02-27,,android,cross_promo,3,12.2,6
8496,2026-04-13,NaN,ios,organic,17,"342,2",7
8497,2025-10-04,IN,pc,influencer,85,1876.4,37
8498,03.06.2026,DE,ANDROID,ua_google,6,75.2,5
8499,17.01.2026,de,android,organic,19,535.5,12
8500,2026-05-27,PL,Android,ua_tiktok,5,98.5,1
8501,15.10.2025,PL,android,influencer,106,2077.2,50
8502,2026-03-25,PL,android,ua_tiktok,38,780.5,12
8503,2025-09-15,FR,android,organic,83,1420.0,48
8504,01.11.2025,TR,android,ua_google,2,18.1,3
8505,2025-12-06,FR,pc,ua_google,7,106.6,2
8506,2025-11-05,US,android,influencer,8,72.2,3
8507,2025-10-19,BR,IOS,influencer,45,867.9,20
8508,05.04.2026,RU,pc,ua_tiktok,44,850.5,23
8509,2025-11-16,RU,IOS,ua_facebook,3,51.5,1
8510,2026-01-10,BR,android,ua_google,4,40.3,4
8511,2025-09-29,PL,android,ua_facebook,14,316.3,8
8512,2025-09-18,Turkey,android,organic,1,13.4,1
8513,2025-11-01,PL,ios,ua_google,2,76.9,2
8514,2026-03-19,PL,ios,organic,2,23.6,2
8515,2026-02-06,US,pc,ua_tiktok,6,137.6,5
8516,2026-05-30,DE,ios,influencer,20,458.6,12
8517,2026-04-25,PL,android,ua_facebook,1,24.7,1
8518,2025-09-22,BR,android,influencer,1,8.2,2
8519,2026-03-20,MX,ios,ua_google,1,14.4,1
8520,2026-02-04,DE,android,ua_google,90,1906.4,50
8521,2026-04-08,Brazil,ios,ua_facebook,1,6.6,1
8522,25.09.2025,ru,android,organic,3,55.6,2
8523,2026-03-26,FR,android,ua_google,18,341.1,6
8524,2025-09-01,USA,pc,ua_tiktok,10,148.3,6
8525,2025-09-18,US,android,influencer,3,68.4,2
8526,2026-01-15,PL,Windows,organic,1,21.4,2
8527,13.12.2025,DE,pc,ua_google,2,12.0,3
8528,2026-05-01,ru,PC,ua_facebook,24,444.0,10
8529,2025-12-21,US,android,ua_facebook,1,6.6,2
8530,22.01.2026,IN,ANDROID,organic,3,61.5,2
8531,25.09.2025,BR,android,ua_tiktok,1,18.0,1
8532,2025-10-26,,android,organic,1,37.4,1
8533,2026-02-10,BR,pc,ua_facebook,29,395.8,14
8534,2026-05-02,-,iOS,organic,4,-,1
8535,2026-03-29,RU,ios,ua_tiktok,2,20.8,1
8536,02.02.2026,USA,android,ua_google,12,234.5,5
8537,23.11.2025,DE,android,organic,8,"156,4",4
8538,2025-09-13,IN,ios,cross_promo,202,3714.7,92
8539,01.09.2025,,pc,influencer,7,160.7,4
8540,08.04.2026,BR,pc,ua_tiktok,4,-,2
8541,2025-10-04,DE,pc,organic,1,9.1,1
8542,2026-05-21,MX,ANDROID,ua_facebook,29,608.4,23
8543,2026-03-01,br,ios,influencer,4,73.5,3
8544,2025-11-25,FR,pc,ua_google,2,18.8,4
8545,2025-09-04,Brazil,pc,organic,3,31.1,1
8546,2025-10-31,US,IOS,ua_google,2,26.3,4
8547,09.10.2025,BR,ios,organic,1,21.5,1
8548,2025-11-19,us,android,organic,1,20.5,1
8549,2025-12-29,TR,ios,ua_facebook,1,16.7,1
8550,2026-01-01,IN,ios,ua_tiktok,52,929.9,29
8551,2025-09-25,PL,pc,ua_google,8,144.2,6
8552,2026-04-28,ES,pc,organic,1,12.7,1
8553,2026-04-23,US,ios,ua_facebook,10,174.7,7
8554,04.09.2025,DE,ios,organic,1,NaN,1
8555,16.10.2025,TR,ios,ua_facebook,3,31.1,3
8556,2026-04-29,ES,pc,ua_google,62,1272.4,24
8557,25.03.2026,NaN,android,ua_google,4,79.0,5
8558,2026-06-09,,android,influencer,2,29.7,1
8559,27.04.2026,US,iOS,ua_google,4,69.4,1
8560,2025-10-04,BR,android,ua_google,1,10.9,2
8561,10.03.2026,US,ios,ua_google,3,47.1,1
8562,2025-12-29,IN,ios,ua_facebook,3,"27,1",3
8563,2026-04-25,DE,ios,influencer,15,556.4,5
8564,2025-11-01,de,ios,organic,16,null,9
8565,2025-12-07,de,pc,ua_facebook,153,3221.3,63
8566,2025-10-15,PL,android,ua_tiktok,5,103.4,2
8567,2025-12-16,PL,android,ua_google,1,50.7,1
8568,2026-04-19,FR,Windows,ua_facebook,4,36.2,1
8569,05.10.2025,MX,android,ua_google,10,293.3,4
8570,2025-10-13,BR,ios,cross_promo,10,278.3,8
8571,2026-04-29,BR,pc,ua_tiktok,1,9.3,1
8572,26.05.2026,FR,pc,organic,2,31.2,1
8573,2025-10-29,DE,android,organic,1,9.1,2
8574,2026-02-06,BR,android,ua_google,2,27.9,2
8575,30.01.2026,us,IOS,ua_facebook,106,1964.4,52
8576,09.09.2025,PL,ios,influencer,1,28.7,1
8577,2025-12-07,TR,android,ua_google,3,74.6,1
8578,13.02.2026,DE,android,organic,11,-,5
8579,11.03.2026,IN,ios,cross_promo,66,1304.2,31
8580,2025-09-01,RU,android,ua_facebook,3,95.2,4
8581,2025-11-16,BR,IOS,organic,1,153.0,3
8582,2025-11-14,US,pc,cross_promo,17,241.5,10
8583,2026-06-16,RU,ios,organic,1,10.9,1
8584,2026-01-17,MX,android,organic,3,78.4,5
8585,03.09.2025,FR,android,ua_google,94,1895.8,39
8586,2026-06-30,US,PC,organic,1,10.1,1
8587,2026-03-11,Russia,pc,organic,44,1147.7,21
8588,23.02.2026,ES,ios,organic,111,2163.6,56
8589,2026-06-04,MX,android,influencer,3,29.2,1
8590,2026-01-04,TR,pc,ua_tiktok,17,305.9,9
8591,2026-04-04,USA,android,ua_facebook,29,602.9,10
8592,10.06.2026,IN,ios,ua_facebook,2,31.3,1
8593,2026-04-22,FR,pc,ua_google,74,1374.5,37
8594,2025-12-06,DE,pc,ua_facebook,4,183.1,1
8595,16.05.2026,ES,IOS,organic,3,null,1
8596,2026-05-08,RU,ios,ua_google,22,390.8,12
8597,08.05.2026,MX,android,ua_google,13,182.7,12
8598,2026-01-14,DE,ios,ua_tiktok,1,39.9,2
8599,26.03.2026,BR,ios,ua_tiktok,8,212.0,4
8600,2026-06-10,ES,ios,ua_facebook,21,451.6,14
8601,2026-05-04,US,ANDROID,ua_tiktok,2,25.1,2
8602,2026-04-26,MX,android,ua_facebook,1,17.6,2
8603,30.12.2025,US,pc,ua_tiktok,1,,1
8604,2026-04-12,,IOS,ua_facebook,2,34.5,1
8605,2026-03-22,PL,PC,organic,4,88.6,3
8606,2026-04-07,TR,pc,ua_facebook,3,57.2,3
8607,2026-03-06,ES,android,influencer,3,40.7,2
8608,25.12.2025,US,ios,ua_facebook,70,1271.2,34
8609,2026-02-16,FR,ANDROID,organic,12,287.4,6
8610,25.02.2026,TR,android,ua_google,75,1711.9,40
8611,04.04.2026,Germany,ios,ua_facebook,4,60.0,2
8612,2025-10-14,,ios,ua_tiktok,2,20.6,3
8613,2025-09-19,DE,android,cross_promo,54,1016.6,28
8614,2026-06-04,ES,android,ua_facebook,2,24.7,1
8615,2025-09-21,RU,pc,ua_google,110,,42
8616,2025-12-13,US,pc,cross_promo,1,1.7,2
8617,06.12.2025,US,ios,ua_facebook,1,15.6,1
8618,2025-11-11,PL,ANDROID,organic,30,502.7,20
8619,2025-09-08,RU,ios,ua_google,2,,1
8620,2025-09-14,RU,ios,influencer,1,15.7,1
8621,01.09.2025,US,ios,ua_facebook,2,20.9,4
8622,15.12.2025,FR,ios,ua_google,3,51.6,1
8623,2026-03-09,US,IOS,cross_promo,17,336.9,11
8624,23.04.2026,US,pc,ua_tiktok,58,1149.9,33
8625,2026-03-23,GER,IOS,ua_facebook,4,168.2,2
8626,20.06.2026,ES,iOS,organic,1,25.4,1
8627,19.11.2025,DE,android,ua_facebook,41,716.0,20
8628,2026-02-10,BR,pc,influencer,2,37.8,2
8629,17.12.2025,US,pc,ua_google,55,1043.5,21
8630,07.06.2026,ES,ios,influencer,2,40.8,1
8631,2025-09-03,PL,pc,ua_google,53,1436.6,27
8632,2025-11-17,FR,android,ua_tiktok,2,53.4,1
8633,12.04.2026,DE,android,ua_google,1,7.2,2
8634,2025-09-25,DE,pc,ua_tiktok,12,147.6,6
8635,2026-02-16,RU,android,ua_google,1,4.1,1
8636,2025-12-21,TR,ios,ua_google,2,11.7,3
8637,28.02.2026,IN,android,organic,7,99.4,4
8638,04.09.2025,DE,ios,organic,6,79.3,3
8639,2025-11-26,-,ios,ua_google,4,85.4,1
8640,2025-10-14,Brazil,Windows,influencer,8,190.1,3
8641,26.03.2026,PL,PC,ua_google,2,43.6,4
8642,15.11.2025,н/д,android,ua_google,141,,58
8643,29.12.2025,BR,ANDROID,ua_tiktok,1,33.6,1
8644,13.09.2025,PL,ios,ua_facebook,93,1821.3,49
8645,2026-02-27,FR,pc,ua_facebook,11,154.5,3
8646,2026-05-05,ES,android,organic,1,14.3,1
8647,01.01.2026,FR,Android,influencer,167,2921.7,61
8648,09.01.2026,RU,pc,cross_promo,15,200.4,6
8649,18.01.2026,BR,ios,ua_facebook,63,1073.6,33
8650,2026-06-08,PL,ios,organic,2,74.3,1
8651,2026-03-03,US,ios,ua_google,2,32.0,4
8652,20.09.2025,US,android,ua_tiktok,3,60.3,2
8653,17.05.2026,tr,pc,ua_facebook,9,282.7,7
8654,2025-11-13,TR,IOS,influencer,207,4203.0,107
8655,2026-06-04,BR,android,ua_tiktok,11,157.7,7
8656,2026-03-24,US,android,ua_google,7,135.2,5
8657,2025-10-30,TR,ios,ua_google,2,20.7,2
8658,2026-04-19,ES,android,organic,73,1306.9,33
8659,2026-04-27,DE,ios,ua_google,1,,3
8660,2026-01-06,BR,android,organic,3,82.1,3
8661,21.01.2026,us,Android,cross_promo,5,51.5,1
8662,29.04.2026,RU,android,ua_facebook,2,82.7,3
8663,2025-11-22,US,ios,ua_google,2,17.0,1
8664,2026-01-16,RU,android,ua_tiktok,4,49.1,4
8665,2026-02-05,IN,android,organic,3,46.2,3
8666,2026-04-18,us,PC,ua_google,50,1584.3,27
8667,2025-09-07,RU,android,ua_facebook,2,32.2,3
8668,2025-09-09,US,ANDROID,ua_google,5,109.1,3
8669,29.09.2025,NaN,IOS,ua_facebook,59,1231.0,27
8670,2026-02-09,US,IOS,ua_tiktok,3,42.3,1
8671,2026-05-23,US,pc,ua_tiktok,2,66.1,1
8672,2025-09-06,IN,pc,ua_tiktok,1,18.8,1
8673,2026-03-20,BR,pc,ua_google,2,NaN,2
8674,2025-10-12,ES,android,ua_facebook,75,1553.0,41
8675,2025-10-04,TR,ios,influencer,12,207.1,8
8676,2026-04-22,MX,PC,ua_facebook,76,1675.8,32
8677,2026-06-18,PL,pc,ua_facebook,12,112.5,3
8678,2025-11-26,,ios,organic,18,387.7,6
8679,2026-04-12,US,pc,ua_google,10,,9
8680,2026-03-12,ES,IOS,cross_promo,6,76.9,6
8681,2026-02-24,US,android,influencer,4,"60,1",2
8682,2025-09-21,NaN,pc,organic,82,1814.1,46
8683,2025-09-09,RU,android,ua_tiktok,47,1059.5,25
8684,2026-01-10,IN,ios,influencer,1,16.9,1
8685,2025-10-25,MX,android,influencer,2,37.5,1
8686,2026-02-11,FR,android,ua_google,36,878.9,14
8687,2026-05-16,ES,android,influencer,15,NaN,4
8688,2025-09-04,IN,android,organic,19,419.7,16
8689,16.12.2025,US,android,ua_facebook,1,4.5,1
8690,2025-09-18,BR,android,ua_facebook,73,,39
8691,03.03.2026,USA,ios,ua_tiktok,2,53.1,1
8692,2025-10-20,Germany,android,ua_google,1,6.7,2
8693,2026-01-18,MX,ios,organic,1,22.1,2
8694,2026-04-03,,ANDROID,ua_google,1,12.8,1
8695,2025-10-24,USA,ios,ua_facebook,3,24.6,2
8696,08.05.2026,FR,pc,ua_facebook,3,64.8,2
8697,2025-12-26,US,iOS,influencer,7,149.2,3
8698,2025-10-15,IN,ios,ua_facebook,20,513.9,8
8699,2026-05-03,de,Windows,ua_tiktok,57,867.9,26
8700,2025-12-05,Brazil,Android,ua_tiktok,1,"21,5",2
8701,2025-10-07,PL,ios,ua_google,6,"63,3",3
8702,19.02.2026,RU,android,influencer,1,3.8,1
8703,2025-10-25,PL,pc,organic,24,482.0,12
8704,04.03.2026,US,Android,ua_facebook,139,2465.7,74
8705,2025-10-19,,android,ua_facebook,2,37.5,3
8706,2026-05-17,BR,pc,ua_tiktok,35,560.8,18
8707,2025-12-11,US,IOS,ua_google,1,5.5,2
8708,2026-05-06,TR,android,organic,1,6.8,1
8709,30.01.2026,TR,android,ua_facebook,1,15.3,1
8710,2025-10-20,DE,pc,ua_google,1,10.0,1
8711,14.02.2026,RU,android,ua_facebook,3,116.3,2
8712,2025-09-16,DE,ios,organic,3,69.8,5
8713,12.10.2025,RU,android,ua_facebook,2,9.7,1
8714,2026-01-05,BR,Windows,organic,24,396.3,9
8715,2025-11-11,FR,pc,ua_facebook,1,9.9,2
8716,2025-12-06,FR,pc,ua_facebook,9,-,5
8717,2025-11-15,ES,IOS,ua_google,2,88.5,4
8718,23.11.2025,,ios,cross_promo,61,1251.8,37
8719,2026-03-27,US,ios,influencer,2,71.2,3
8720,2025-09-04,TR,android,ua_facebook,79,1460.1,40
8721,2025-09-11,DE,iOS,ua_facebook,10,638.9,5
8722,2025-11-05,,Android,ua_tiktok,1,12.7,2
8723,25.06.2026,BR,ios,ua_facebook,7,212.4,4
8724,11.01.2026,ES,IOS,ua_google,11,224.0,4
8725,2026-01-17,us,iOS,ua_tiktok,22,318.0,11
8726,2026-03-10,PL,ios,ua_tiktok,2,117.0,1
8727,2026-02-20,PL,ANDROID,ua_google,37,863.4,23
8728,2026-06-06,,ios,organic,6,132.1,7
8729,12.10.2025,de,ios,ua_facebook,16,321.0,7
8730,2026-02-25,PL,ios,ua_facebook,1,8.9,2
8731,27.02.2026,RU,IOS,ua_facebook,9,154.2,5
8732,2025-10-16,TR,pc,ua_tiktok,13,199.4,5
8733,23.04.2026,US,android,ua_facebook,55,1686.7,23
8734,2026-04-27,DE,android,ua_google,21,н/д,8
8735,2026-02-06,IN,pc,ua_google,42,"975,8",19
8736,2026-04-19,DE,ios,ua_facebook,20,369.9,19
8737,2025-11-06,US,ios,organic,7,112.7,5
8738,2025-11-23,US,android,influencer,1,6.5,1
8739,2026-04-15,PL,android,ua_facebook,33,581.9,25
8740,11.10.2025,PL,android,ua_facebook,2,80.9,2
8741,30.03.2026,FR,ios,organic,100,1935.1,46
8742,2026-03-19,TR,ios,influencer,3,34.9,2
8743,26.10.2025,FR,android,ua_google,242,4316.0,113
8744,2025-09-22,TR,android,ua_google,39,614.7,19
8745,2026-05-31,BR,pc,ua_facebook,3,75.9,5
8746,05.11.2025,tr,android,ua_facebook,4,88.2,1
8747,2025-12-28,TR,pc,ua_facebook,3,177.9,2
8748,10.09.2025,BR,ios,ua_tiktok,11,"295,5",7
8749,27.04.2026,MX,iOS,ua_google,9,155.8,8
8750,2026-03-25,US,ios,ua_facebook,10,"219,1",5
8751,2025-11-15,BR,android,ua_google,1,16.8,2
8752,12.09.2025,MX,ios,ua_facebook,2,85.6,1
8753,2025-11-30,DE,android,ua_tiktok,95,2011.3,37
8754,2026-05-20,NaN,pc,ua_tiktok,1,9.8,2
8755,2025-10-16,Russia,ios,ua_google,6,56.8,3
8756,2025-11-25,MX,Android,ua_facebook,6,NaN,5
8757,2026-01-16,tr,ios,ua_facebook,71,1355.0,28
8758,2025-12-12,TR,ios,ua_google,8,211.3,5
8759,2026-06-06,IN,ios,ua_tiktok,10,144.9,4
8760,2025-11-04,DE,android,ua_tiktok,12,182.9,8
8761,2025-12-20,,iOS,ua_google,2,49.7,2
8762,18.04.2026,ES,ios,influencer,19,233.0,4
8763,2026-02-07,us,iOS,cross_promo,3,28.1,4
8764,2025-09-06,US,ios,influencer,4,67.9,6
8765,2026-03-07,BR,pc,ua_tiktok,7,79.1,6
8766,2025-11-24,PL,pc,organic,8,237.6,6
8767,2026-02-01,RU,IOS,organic,1,"16,3",1
8768,24.06.2026,BR,ios,organic,2,75.8,2
8769,2026-03-18,TR,ios,cross_promo,2,26.5,2
8770,2025-10-19,ES,android,influencer,51,874.3,24
8771,29.03.2026,DE,iOS,ua_facebook,44,774.3,24
8772,2025-11-07,RU,android,organic,2,32.4,1
8773,2025-10-21,DE,android,ua_facebook,4,,5
8774,2026-05-19,US,android,organic,1,4.5,1
8775,2026-06-18,US,pc,ua_tiktok,1,12.6,1
8776,25.09.2025,MX,ios,organic,51,1168.0,29
8777,11.05.2026,TR,android,ua_tiktok,3,52.9,3
8778,27.01.2026,ES,iOS,ua_facebook,3,55.5,4
8779,2025-10-27,TR,ANDROID,ua_facebook,68,1501.7,35
8780,2026-05-11,US,android,ua_google,2,49.4,1
8781,2025-10-05,DE,android,ua_facebook,4,26.6,2
8782,06.06.2026,USA,ios,ua_facebook,26,"557,6",10
8783,2026-05-16,PL,android,ua_tiktok,1,35.1,2
8784,2026-04-07,PL,pc,organic,4,81.1,4
8785,2025-12-09,ES,android,organic,11,184.2,4
8786,2025-09-01,US,pc,ua_tiktok,2,16.9,2
8787,2026-04-24,us,android,ua_facebook,7,96.5,4
8788,2026-06-26,PL,pc,organic,1,31.0,2
8789,2026-02-12,IN,ANDROID,influencer,18,298.3,8
8790,2025-10-01,US,android,ua_google,107,2013.5,59
8791,28.10.2025,RU,android,ua_facebook,66,1397.9,33
8792,2025-12-24,PL,ANDROID,cross_promo,1,3.5,1
8793,2026-06-21,IN,Android,influencer,2,39.3,1
8794,2026-05-17,FR,android,influencer,1,10.3,1
8795,2026-02-01,DE,pc,cross_promo,4,49.4,2
8796,2025-09-10,BR,ANDROID,organic,10,217.5,6
8797,2025-09-01,ES,android,ua_facebook,3,38.0,3
8798,15.10.2025,IN,android,organic,1,4.2,3
8799,2026-02-03,NaN,pc,organic,83,1906.9,46
8800,2025-10-17,PL,Android,organic,9,161.5,5
8801,06.10.2025,FR,Windows,ua_tiktok,20,449.5,16
8802,2025-09-19,DE,ANDROID,ua_google,135,2539.8,70
8803,26.06.2026,US,pc,influencer,2,42.2,3
8804,2025-12-28,IN,ANDROID,ua_google,2,31.6,1
8805,2025-10-10,TR,iOS,ua_tiktok,385,7738.7,209
8806,2025-10-18,FR,Windows,ua_google,57,1187.6,37
8807,31.01.2026,ES,android,ua_facebook,11,187.8,5
8808,29.05.2026,BR,android,organic,1,38.1,1
8809,2025-10-25,MX,android,ua_facebook,4,61.1,4
8810,26.03.2026,FR,pc,cross_promo,7,203.7,7
8811,18.09.2025,ru,ios,influencer,2,47.4,2
8812,2026-03-23,de,pc,influencer,3,76.2,3
8813,2026-01-06,DE,android,cross_promo,20,273.2,11
8814,17.01.2026,US,ios,organic,2,16.7,1
8815,2026-03-28,br,ios,organic,34,720.3,13
8816,02.01.2026,PL,android,influencer,33,640.7,14
8817,2026-01-26,BR,pc,ua_facebook,31,562.4,16
8818,20.01.2026,Germany,android,ua_facebook,2,33.8,1
8819,2026-02-24,Turkey,pc,organic,6,168.7,3
8820,2026-03-19,IN,Android,influencer,6,194.9,5
8821,2026-06-23,de,pc,organic,8,157.4,2
8822,2026-04-07,ES,android,influencer,5,79.9,6
8823,2026-04-15,RU,pc,influencer,3,35.7,1
8824,2026-01-18,BR,ios,ua_facebook,25,302.8,14
8825,2026-02-09,RU,android,ua_google,2,51.4,1
8826,2025-12-12,US,ios,ua_google,62,1190.6,24
8827,29.12.2025,IN,PC,influencer,3,23.5,4
8828,2025-10-09,BR,ios,organic,1,10.3,2
8829,2026-04-27,,ios,ua_google,1,8.8,2
8830,2026-01-13,ES,android,organic,85,1781.4,38
8831,11.02.2026,br,ANDROID,organic,116,"2126,5",50
8832,2026-06-13,ES,ios,ua_google,1,15.8,1
8833,10.01.2026,RU,ios,ua_facebook,2,38.7,2
8834,2026-06-30,Russia,pc,influencer,1,"12,5",1
8835,22.09.2025,US,pc,ua_tiktok,43,878.4,22
8836,2026-06-19,Turkey,ios,ua_google,3,48.8,3
8837,17.09.2025,DE,Android,ua_facebook,4,51.3,3
8838,2025-09-18,PL,android,cross_promo,1,21.7,1
8839,2025-12-08,FR,android,ua_facebook,154,2831.3,76
8840,03.10.2025,DE,pc,ua_google,1,7.3,1
8841,2025-11-30,-,android,organic,12,214.5,5
8842,2026-04-26,BR,android,ua_tiktok,3,NaN,3
8843,2025-12-26,DE,android,ua_facebook,73,1471.6,38
8844,2026-02-10,Russia,android,ua_facebook,2,33.8,1
8845,15.05.2026,ES,Android,ua_facebook,5,67.5,4
8846,2025-10-01,н/д,android,ua_google,4,73.6,8
8847,23.02.2026,MX,Windows,influencer,1,14.4,1
8848,2025-09-01,,ios,organic,2,13.3,2
8849,2026-01-30,ES,PC,ua_tiktok,1,17.6,1
8850,2026-03-02,MX,pc,organic,12,249.4,5
8851,2025-10-20,PL,ios,organic,84,2006.9,52
8852,08.11.2025,US,IOS,ua_facebook,3,67.4,1
8853,03.10.2025,DE,PC,influencer,1,21.1,1
8854,2026-06-16,FR,android,influencer,1,14.4,3
8855,2025-12-18,BR,android,cross_promo,1,"7,0",2
8856,03.09.2025,ES,ios,organic,2,52.9,2
8857,2025-10-17,PL,pc,ua_google,7,97.6,5
8858,2026-06-27,US,android,ua_facebook,3,28.8,2
8859,2025-09-12,TR,pc,ua_google,1,13.4,1
8860,2025-12-11,-,pc,ua_facebook,9,,5
8861,2026-04-23,us,android,organic,1,"6,8",1
8862,2026-04-22,Germany,ios,cross_promo,14,238.7,7
8863,2026-05-04,PL,ios,ua_tiktok,1,9.4,2
8864,2025-09-27,-,ios,influencer,17,324.0,12
8865,15.01.2026,FR,android,ua_tiktok,33,767.5,16
8866,06.05.2026,RU,pc,influencer,7,59.6,3
8867,2025-12-06,FR,android,ua_google,2,15.3,3
8868,2026-06-25,PL,ios,ua_facebook,4,26.2,2
8869,2026-02-17,US,android,ua_facebook,132,н/д,70
8870,13.10.2025,DE,PC,ua_google,12,285.2,6
8871,2026-03-27,FR,android,ua_tiktok,9,156.8,4
8872,2026-03-19,PL,ios,ua_tiktok,33,646.8,26
8873,2025-11-27,RU,pc,ua_facebook,61,1246.5,35
8874,2025-12-02,RU,pc,cross_promo,1,,2
8875,2025-10-20,Turkey,ios,ua_google,3,"41,7",2
8876,01.03.2026,FR,android,ua_google,99,,57
8877,2026-06-14,FR,pc,ua_facebook,11,236.3,3
8878,2025-12-30,BR,android,organic,23,418.4,15
8879,2026-01-13,DE,android,organic,1,7.8,1
8880,2025-10-15,RU,android,influencer,17,360.0,11
8881,2026-04-26,BR,ANDROID,organic,53,"1059,8",17
8882,2025-10-30,BR,android,cross_promo,260,6028.3,131
8883,2025-09-07,FR,android,organic,3,88.1,5
8884,2026-05-28,RU,ios,ua_facebook,9,201.0,4
8885,08.12.2025,DE,android,ua_google,6,168.4,4
8886,2025-10-15,MX,pc,influencer,8,210.9,3
8887,20.05.2026,FR,android,organic,30,-,16
8888,28.05.2026,IN,android,ua_facebook,27,401.6,16
8889,2026-04-01,PL,ANDROID,ua_tiktok,84,1706.2,51
8890,2025-12-16,US,PC,organic,8,144.0,6
8891,2026-01-17,US,android,organic,7,134.7,3
8892,2026-05-21,BR,ANDROID,ua_google,3,48.5,5
8893,24.04.2026,ES,ios,influencer,1,2.8,3
8894,2025-12-12,FR,ios,ua_google,9,352.5,8
8895,2025-12-01,TR,android,organic,28,558.9,15
8896,2026-04-07,RU,android,ua_google,7,213.7,7
8897,2026-03-01,US,android,organic,106,2180.2,73
8898,2026-01-31,RU,pc,ua_google,3,34.6,2
8899,01.11.2025,IN,android,ua_google,12,336.9,7
8900,2025-12-18,BR,android,influencer,3,58.8,1
8901,31.05.2026,BR,pc,cross_promo,42,927.8,19
8902,2025-11-06,PL,pc,ua_facebook,131,3264.1,66
8903,2026-02-14,DE,android,ua_google,4,58.1,2
8904,2026-04-28,DE,pc,ua_google,1,4.2,3
8905,2025-10-25,Turkey,ios,cross_promo,2,55.7,2
8906,01.10.2025,Brazil,pc,organic,6,80.5,2
8907,2025-12-14,RU,ios,ua_tiktok,1,,1
8908,21.06.2026,IN,pc,organic,2,"54,7",1
8909,14.12.2025,US,Windows,influencer,15,202.4,4
8910,02.01.2026,BR,pc,ua_facebook,1,46.4,1
8911,2025-11-26,-,ios,organic,200,4441.9,90
8912,15.05.2026,NaN,android,ua_google,9,249.2,3
8913,16.04.2026,TR,IOS,influencer,27,849.2,11
8914,2025-09-04,BR,Android,influencer,1,30.8,2
8915,27.11.2025,FR,ios,organic,7,71.0,3
8916,2026-01-12,RU,ios,ua_google,18,-,11
8917,2025-10-29,DE,android,ua_facebook,1,9.1,1
8918,2026-01-23,Germany,pc,cross_promo,1,9.1,1
8919,2026-01-23,FR,android,ua_google,9,"128,6",6
8920,15.11.2025,RU,android,influencer,11,128.2,9
8921,2025-11-01,DE,android,ua_facebook,18,315.3,11
8922,2026-06-15,US,PC,influencer,11,173.2,4
8923,02.02.2026,FR,ios,ua_google,12,205.2,7
8924,2026-02-18,IN,ios,ua_google,3,45.8,4
8925,2025-12-23,US,IOS,ua_facebook,14,303.3,7
8926,2025-09-12,DE,Android,ua_tiktok,1,14.8,1
8927,2025-09-06,BR,IOS,organic,1,28.4,2
8928,2026-03-11,DE,ios,ua_google,1,8.0,3
8929,09.02.2026,IN,android,organic,3,115.4,2
8930,29.12.2025,ES,IOS,cross_promo,1,6.4,2
8931,2026-03-20,IN,android,organic,124,2327.5,58
8932,2025-10-11,Turkey,android,ua_facebook,344,7277.5,168
8933,2025-12-03,us,Windows,ua_google,10,194.2,8
8934,2026-05-10,US,pc,ua_tiktok,2,23.0,2
8935,2025-11-11,DE,pc,ua_google,41,1109.3,20
8936,25.01.2026,ru,android,organic,17,341.1,11
8937,2026-05-09,ES,android,ua_google,27,554.1,17
8938,2025-12-01,BR,android,ua_google,3,70.0,3
8939,2025-12-15,RU,Android,ua_facebook,1,NaN,1
8940,23.09.2025,ru,ANDROID,cross_promo,4,"71,7",3
8941,2025-09-05,ES,android,ua_facebook,3,60.4,5
8942,2026-05-29,DE,pc,ua_google,1,8.1,1
8943,2026-04-28,DE,android,ua_facebook,42,727.4,17
8944,2025-11-21,US,pc,ua_tiktok,1,12.1,1
8945,2026-04-09,PL,ios,organic,63,1350.2,20
8946,2025-12-05,BR,pc,ua_google,2,37.1,3
8947,2026-04-02,BR,pc,organic,2,22.1,2
8948,2025-10-31,PL,ios,ua_facebook,1,12.5,2
8949,01.09.2025,FR,android,ua_facebook,2,117.4,3
8950,2026-03-08,tr,Android,organic,2,14.4,2
8951,13.02.2026,MX,ios,ua_google,1,7.0,3
8952,2025-09-07,IN,pc,ua_google,12,227.8,10
8953,2025-11-19,TR,pc,organic,48,903.1,23
8954,2026-03-09,BR,ios,ua_tiktok,1,46.7,2
8955,11.03.2026,ES,android,ua_tiktok,110,2579.7,51
8956,2026-03-18,RU,PC,ua_facebook,33,"670,0",21
8957,2025-09-19,Germany,ios,ua_facebook,95,2025.8,53
8958,2025-09-27,TR,Android,ua_tiktok,7,180.9,5
8959,04.01.2026,IN,android,ua_facebook,28,431.8,13
8960,2025-12-06,br,android,ua_google,77,1846.2,43
8961,2026-06-22,US,ios,ua_facebook,10,313.6,6
8962,16.02.2026,BR,pc,ua_tiktok,2,null,1
8963,2026-05-27,Germany,ios,ua_tiktok,1,25.3,2
8964,2025-10-28,MX,android,ua_google,107,2409.0,46
8965,2025-10-06,MX,Windows,ua_facebook,141,2684.1,71
8966,2026-04-21,IN,android,ua_tiktok,29,444.1,10
8967,2026-05-17,MX,pc,ua_google,3,27.7,2
8968,29.06.2026,PL,android,ua_facebook,0,0,1
8969,2025-09-02,IN,android,cross_promo,1,11.3,1
8970,2025-09-22,RU,ios,influencer,34,671.0,23
8971,2026-03-22,US,ios,ua_facebook,12,254.3,5
8972,2025-12-10,н/д,android,ua_tiktok,4,85.2,1
8973,2025-10-23,US,pc,ua_tiktok,83,1563.8,31
8974,03.05.2026,US,ANDROID,ua_facebook,27,564.3,18
8975,2025-10-27,BR,ios,cross_promo,5,99.4,2
8976,2026-04-14,TR,android,ua_facebook,6,141.8,5
8977,2025-11-22,PL,pc,cross_promo,41,659.7,21
8978,29.09.2025,US,android,influencer,98,н/д,43
8979,18.09.2025,US,pc,ua_facebook,5,"110,2",3
8980,2025-12-27,FR,ANDROID,ua_facebook,56,890.5,30
8981,2025-10-25,BR,pc,influencer,2,30.6,1
8982,2026-06-25,FR,android,ua_facebook,3,,3
8983,2026-01-31,US,ios,ua_google,6,140.4,4
8984,2025-09-05,MX,ios,cross_promo,40,1001.6,19
8985,18.02.2026,DE,Windows,cross_promo,4,82.0,3
8986,2025-09-02,IN,ios,ua_facebook,1,6.5,1
8987,2026-04-12,PL,Windows,organic,1,11.5,2
8988,05.09.2025,TR,android,organic,41,"687,2",24
8989,2025-12-09,BR,Android,ua_facebook,4,73.7,3
8990,2026-06-04,DE,Android,ua_facebook,32,769.1,21
8991,05.10.2025,FR,ios,ua_facebook,21,NaN,14
8992,2026-06-17,ru,ios,ua_google,6,104.5,2
8993,2025-10-05,PL,pc,ua_tiktok,15,323.5,7
8994,2026-05-29,DE,android,organic,2,43.5,1
8995,21.03.2026,RU,iOS,ua_facebook,3,55.0,1
8996,2026-01-16,Germany,android,organic,1,1.4,1
8997,18.05.2026,PL,ios,ua_facebook,26,778.0,10
8998,2026-01-12,tr,Android,ua_google,2,47.0,1
8999,2026-03-27,TR,android,ua_tiktok,2,47.5,1
9000,2026-06-12,MX,ios,ua_google,6,,1
9001,2025-11-04,BR,pc,ua_facebook,2,45.7,2
9002,18.09.2025,RU,ios,ua_google,57,1026.4,31
9003,2026-01-11,FR,ios,organic,36,724.9,23
9004,2025-10-02,br,Windows,organic,13,311.3,5
9005,30.11.2025,us,ios,ua_google,1,7.4,1
9006,2025-09-22,BR,android,ua_tiktok,1,14.0,3
9007,2026-05-12,BR,ios,organic,12,247.3,8
9008,29.04.2026,н/д,ios,ua_tiktok,26,365.4,11
9009,2025-09-26,RU,android,ua_tiktok,1,12.4,1
9010,2026-02-09,TR,android,ua_facebook,1,,1
9011,2026-05-17,RU,Windows,ua_facebook,1,19.0,2
9012,03.03.2026,PL,pc,cross_promo,1,6.1,1
9013,2025-10-12,MX,Android,ua_google,17,"321,8",7
9014,2026-04-17,DE,ios,organic,64,1175.3,33
9015,2026-05-20,TR,pc,ua_google,4,148.9,3
9016,21.06.2026,PL,android,organic,1,10.2,2
9017,05.01.2026,PL,android,ua_facebook,19,282.7,10
9018,2025-09-15,null,pc,ua_tiktok,1,12.6,1
9019,2026-04-03,PL,iOS,influencer,2,66.9,2
9020,2026-01-08,BR,Android,ua_facebook,7,171.1,5
9021,2026-05-16,US,pc,influencer,3,96.1,1
9022,27.06.2026,USA,iOS,cross_promo,2,11.3,2
9023,2025-10-26,-,ios,ua_facebook,1,15.2,2
9024,2026-04-14,RU,pc,ua_google,11,203.2,5
9025,2025-11-02,DE,pc,ua_tiktok,4,NaN,4
9026,2026-01-29,ES,android,influencer,3,45.1,4
9027,2025-09-26,TR,android,ua_google,41,,17
9028,2025-09-04,BR,android,ua_facebook,2,27.8,1
9029,20.04.2026,FR,IOS,cross_promo,1,NaN,2
9030,28.04.2026,us,Android,ua_facebook,3,27.8,2
9031,2026-04-14,FR,android,ua_google,2,16.1,4
9032,2026-01-09,Turkey,android,ua_facebook,1,17.7,3
9033,2026-01-08,tr,android,cross_promo,9,153.6,8
9034,2026-05-29,IN,pc,ua_facebook,9,117.7,7
9035,2025-11-12,IN,android,ua_tiktok,1,13.5,2
9036,2026-01-01,PL,ANDROID,ua_tiktok,8,180.3,4
9037,2026-05-13,FR,ios,ua_google,5,144.1,3
9038,27.11.2025,ES,android,ua_facebook,168,2703.0,75
9039,17.12.2025,PL,IOS,ua_facebook,149,3261.1,77
9040,2025-10-16,RU,android,organic,7,,2
9041,26.03.2026,BR,ios,organic,32,534.9,14
9042,05.01.2026,FR,ios,ua_facebook,2,10.9,2
9043,2026-01-18,Brazil,PC,ua_google,2,22.6,2
9044,2026-06-28,TR,PC,ua_google,0,0,1
9045,2026-04-18,US,ios,influencer,14,"316,2",7
9046,2026-02-18,FR,IOS,influencer,1,26.1,1
9047,2026-04-13,IN,ios,organic,47,795.1,13
9048,2025-10-18,US,android,ua_tiktok,35,722.8,13
9049,2025-11-18,PL,pc,organic,1,27.9,1
9050,07.11.2025,TR,android,ua_tiktok,1,27.5,1
9051,2025-12-09,ES,android,organic,3,"90,8",2
9052,2025-10-06,ES,pc,ua_google,5,139.4,3
9053,2025-11-22,US,ios,ua_facebook,1,26.1,2
9054,2026-04-09,DE,ios,ua_facebook,88,2005.7,41
9055,2025-09-12,BR,IOS,ua_facebook,13,266.7,4
9056,07.04.2026,PL,ios,organic,1,22.6,2
9057,2025-10-10,ES,ANDROID,ua_facebook,2,100.2,1
9058,23.03.2026,,android,influencer,81,1664.6,44
9059,2025-09-01,PL,pc,ua_google,6,58.7,4
9060,2026-04-12,ES,android,influencer,13,200.1,7
9061,06.09.2025,PL,ios,ua_facebook,3,38.5,3
9062,2026-03-11,PL,android,ua_google,1,"15,3",1
9063,2025-09-28,PL,ios,organic,4,64.0,5
9064,2025-11-14,BR,Windows,ua_facebook,1,12.4,1
9065,2026-02-24,TR,ios,ua_facebook,2,103.1,2
9066,2026-03-05,ES,ios,influencer,2,20.0,1
9067,25.05.2026,PL,ios,ua_facebook,1,31.3,2
9068,2026-03-18,RU,Android,ua_tiktok,2,15.0,2
9069,24.05.2026,RU,ios,ua_google,1,32.7,1
9070,13.02.2026,TR,pc,ua_facebook,5,"91,1",3
9071,06.12.2025,GER,pc,ua_tiktok,211,4339.5,111
9072,2025-12-29,RU,ios,ua_tiktok,121,2762.2,55
9073,2025-10-16,DE,pc,ua_tiktok,4,51.6,2
9074,2025-11-05,ru,IOS,ua_google,1,14.1,1
9075,05.09.2025,US,iOS,organic,1,25.1,1
9076,2026-06-21,IN,ios,cross_promo,1,6.8,1
9077,15.01.2026,RU,pc,ua_google,2,25.6,2
9078,2025-11-06,FR,ios,ua_facebook,1,27.2,1
9079,2025-10-02,RU,android,ua_google,20,"322,7",13
9080,2026-01-07,PL,pc,ua_facebook,2,NaN,1
9081,2025-11-08,Turkey,pc,influencer,1,14.3,2
9082,05.09.2025,US,ios,ua_google,1,13.4,1
9083,23.06.2026,BR,android,organic,7,125.1,3
9084,2026-01-11,US,ios,organic,6,120.0,2
9085,2026-04-03,ES,pc,ua_google,2,35.5,3
9086,2025-10-26,ES,ios,organic,3,78.9,3
9087,2026-05-02,RU,android,ua_facebook,11,203.5,8
9088,09.01.2026,PL,Windows,organic,6,49.8,8
9089,2025-09-25,RU,ios,organic,1,4.1,1
9090,2025-12-29,PL,ios,ua_facebook,1,9.9,2
9091,2025-09-25,FR,Android,ua_google,5,89.3,3
9092,20.09.2025,DE,iOS,organic,20,367.4,10
9093,2025-09-17,FR,android,ua_facebook,1,5.3,2
9094,2026-01-18,US,android,influencer,5,77.7,4
9095,11.11.2025,DE,pc,organic,1,2.2,2
9096,2025-10-16,TR,ios,ua_google,117,2092.1,58
9097,2025-11-04,RU,PC,ua_tiktok,3,132.3,5
9098,2025-09-01,MX,android,influencer,1,16.1,1
9099,2025-10-11,RU,pc,ua_facebook,6,105.9,4
9100,2026-04-02,US,android,ua_google,8,"107,3",6
9101,2026-01-24,IN,PC,organic,19,495.2,8
9102,2025-11-27,DE,PC,ua_facebook,3,88.5,2
9103,21.03.2026,Russia,ios,ua_google,1,2.4,2
9104,2026-03-07,US,ios,organic,18,379.2,9
9105,2026-03-03,tr,android,cross_promo,9,102.4,3
9106,07.02.2026,,PC,ua_tiktok,4,84.8,4
9107,2026-03-19,DE,IOS,ua_google,59,"1115,8",18
9108,2026-06-29,DE,pc,influencer,3,107.2,2
9109,2026-05-12,DE,ios,ua_facebook,46,1016.1,23
9110,2026-02-06,BR,ios,ua_facebook,1,36.3,2
9111,25.10.2025,IN,android,organic,1,7.0,2
9112,2025-12-04,US,pc,influencer,14,309.4,7
9113,2025-09-26,RU,Windows,cross_promo,8,"163,6",5
9114,2026-02-24,FR,android,ua_facebook,13,250.9,9
9115,2026-05-09,RU,ios,influencer,15,398.0,7
9116,11.05.2026,PL,pc,ua_google,14,264.5,7
9117,2025-10-09,ES,Android,ua_google,2,40.2,2
9118,28.05.2026,IN,Android,cross_promo,4,52.0,3
9119,2026-05-09,FR,pc,ua_google,1,46.4,2
9120,2026-04-28,IN,PC,ua_google,1,26.1,1
9121,2025-11-06,ES,pc,ua_facebook,16,-,8
9122,17.11.2025,DE,android,ua_facebook,10,275.4,10
9123,2026-01-13,BR,ios,ua_facebook,110,2214.5,54
9124,20.11.2025,US,Android,ua_google,11,143.6,6
9125,2025-12-17,MX,android,ua_tiktok,3,null,4
9126,2026-02-08,DE,ios,organic,164,3021.8,74
9127,2025-12-01,PL,pc,cross_promo,1,31.3,1
9128,14.06.2026,TR,android,organic,1,12.7,1
9129,2025-09-08,Germany,android,ua_facebook,12,192.1,5
9130,2026-04-26,BR,android,organic,19,444.0,7
9131,2026-05-02,RU,ios,ua_facebook,3,98.8,1
9132,2025-10-31,DE,pc,ua_facebook,1,64.9,1
9133,2025-11-28,US,android,ua_tiktok,215,4087.9,114
9134,28.09.2025,ES,android,organic,1,9.4,1
9135,2026-05-23,PL,android,ua_tiktok,27,492.1,13
9136,2026-04-02,DE,android,organic,58,994.2,29
9137,2025-12-15,DE,ios,ua_facebook,62,1074.0,42
9138,29.11.2025,RU,ios,ua_tiktok,62,1051.9,33
9139,27.05.2026,PL,ios,ua_tiktok,1,11.3,1
9140,2026-01-30,TR,ANDROID,cross_promo,10,343.1,7
9141,2026-02-23,RU,Android,ua_facebook,2,48.1,2
9142,2025-09-22,TR,android,ua_facebook,5,113.5,3
9143,19.06.2026,DE,android,ua_facebook,11,146.3,6
9144,2025-11-05,US,android,organic,3,41.9,2
9145,2026-02-22,ES,pc,organic,11,153.0,6
9146,2026-01-22,Brazil,android,influencer,1,11.4,2
9147,2025-09-15,TR,android,ua_google,2,34.2,2
9148,2026-06-11,US,ios,organic,10,110.3,6
9149,2025-09-07,DE,pc,ua_facebook,43,917.0,16
9150,23.02.2026,RU,Windows,ua_google,129,2795.9,56
9151,2025-10-28,RU,iOS,organic,18,390.0,4
9152,2026-01-13,MX,IOS,influencer,33,662.2,16
9153,2026-03-14,DE,pc,influencer,4,82.8,3
9154,2025-10-29,TR,android,ua_google,9,196.7,4
9155,2025-10-21,MX,ios,cross_promo,10,284.8,7
9156,2026-04-03,BR,android,ua_google,11,213.7,5
9157,2026-05-05,TR,android,influencer,62,1190.6,31
9158,17.02.2026,IN,android,ua_facebook,2,52.3,2
9159,2025-09-04,DE,ios,influencer,119,2424.3,56
9160,2026-05-30,TR,android,ua_facebook,21,,19
9161,2025-10-04,MX,android,organic,1,11.8,1
9162,12.02.2026,US,iOS,influencer,2,9.8,1
9163,2025-12-20,-,pc,ua_facebook,2,68.4,1
9164,25.11.2025,MX,android,ua_facebook,86,1643.9,39
9165,27.01.2026,DE,Android,cross_promo,30,481.7,19
9166,2026-03-17,DE,Android,ua_google,44,998.1,21
9167,26.11.2025,DE,pc,organic,90,1924.5,55
9168,15.05.2026,MX,android,ua_google,26,404.1,15
9169,2025-10-20,DE,Windows,ua_tiktok,225,4914.0,103
9170,2025-10-17,BR,ios,influencer,9,111.9,3
9171,2025-09-02,DE,Android,ua_tiktok,3,57.5,2
9172,2026-06-09,ES,ios,ua_tiktok,5,178.9,4
9173,2025-10-12,PL,pc,influencer,4,48.6,2
9174,2025-12-11,RU,pc,cross_promo,4,37.1,1
9175,2025-09-08,DE,android,ua_facebook,22,440.0,14
9176,02.01.2026,н/д,android,cross_promo,1,6.4,1
9177,2026-06-17,PL,pc,influencer,13,261.7,7
9178,13.09.2025,PL,Android,ua_tiktok,2,30.3,1
9179,24.04.2026,MX,android,ua_facebook,4,123.1,2
9180,05.01.2026,,android,ua_facebook,4,95.5,3
9181,2026-05-10,Turkey,ios,ua_tiktok,9,315.7,4
9182,07.11.2025,BR,pc,influencer,1,5.0,2
9183,2026-02-17,BR,ios,ua_google,7,95.3,6
9184,20.02.2026,FR,Android,organic,12,241.2,5
9185,2026-03-05,IN,ios,organic,27,459.4,10
9186,2026-03-16,TR,ios,cross_promo,95,2117.4,49
9187,2026-06-06,MX,ios,cross_promo,1,46.1,1
9188,11.06.2026,TR,pc,organic,8,"99,0",6
9189,2026-04-14,IN,pc,ua_tiktok,8,103.7,6
9190,2025-09-02,DE,android,organic,1,,2
9191,2026-05-27,FR,Android,ua_facebook,1,11.2,1
9192,27.01.2026,ru,android,ua_facebook,5,"75,5",2
9193,23.10.2025,DE,android,ua_google,2,131.0,3
9194,2025-09-01,IN,ios,organic,1,27.2,3
9195,2026-01-08,RU,ios,organic,3,30.4,3
9196,2026-01-13,BR,IOS,ua_google,1,7.7,1
9197,01.03.2026,IN,android,influencer,9,н/д,4
9198,2025-11-22,US,android,ua_google,1,37.3,1
9199,2026-06-03,ru,ios,cross_promo,5,120.6,7
9200,2026-02-27,US,android,ua_facebook,29,601.5,15
9201,2025-09-19,IN,ios,influencer,83,1819.2,30
9202,2026-05-19,BR,Windows,influencer,1,61.2,2
9203,2025-09-09,RU,ios,ua_google,23,316.3,10
9204,2025-09-11,IN,ios,organic,3,34.6,3
9205,2025-09-06,FR,ios,ua_tiktok,65,1234.5,28
9206,14.02.2026,ES,pc,influencer,12,198.3,4
9207,2026-03-08,Russia,ANDROID,influencer,66,1425.8,23
9208,2026-05-28,,iOS,ua_google,2,38.5,2
9209,08.05.2026,FR,pc,ua_google,39,644.0,17
9210,04.09.2025,FR,android,influencer,2,25.0,2
9211,2025-12-11,ES,ios,ua_tiktok,7,174.7,7
9212,2025-12-13,ES,ANDROID,organic,16,253.7,4
9213,2025-10-01,BR,pc,ua_tiktok,2,"13,4",2
9214,2026-02-18,USA,pc,influencer,55,1005.6,24
9215,2026-06-28,ES,ios,ua_google,2,42.9,1
9216,2025-09-16,NaN,ios,ua_facebook,3,76.3,2
9217,06.11.2025,BR,ios,ua_facebook,4,55.3,4
9218,2025-11-23,IN,ios,influencer,5,94.4,6
9219,2025-09-01,PL,pc,cross_promo,5,82.0,3
9220,22.03.2026,DE,android,organic,9,127.5,3
9221,2025-10-30,PL,android,ua_facebook,25,394.6,12
9222,19.01.2026,Brazil,ios,ua_facebook,97,1927.7,40
9223,2025-11-16,DE,pc,ua_facebook,25,544.3,8
9224,2025-09-16,br,android,organic,22,450.7,17
9225,2025-12-04,RU,ios,ua_tiktok,11,,7
9226,2025-12-09,IN,PC,organic,1,39.3,1
9227,2025-10-04,BR,Android,ua_facebook,1,17.2,2
9228,13.06.2026,DE,ios,cross_promo,17,409.5,12
9229,2026-05-31,FR,pc,cross_promo,3,40.5,3
9230,2026-02-24,TR,ios,ua_tiktok,3,25.0,2
9231,2025-11-12,RU,pc,influencer,1,9.4,1
9232,2026-03-13,PL,ios,ua_tiktok,26,603.5,16
9233,21.03.2026,DE,Windows,organic,1,13.2,2
9234,2025-11-12,RU,IOS,ua_facebook,18,524.7,6
9235,2026-03-04,MX,ANDROID,ua_tiktok,48,1090.7,20
9236,2025-09-08,IN,ios,ua_google,1,8.0,1
9237,25.09.2025,DE,Android,influencer,2,34.6,1
9238,2026-03-16,Russia,pc,influencer,1,18.6,1
9239,2025-10-15,FR,IOS,ua_tiktok,91,2072.9,36
9240,15.05.2026,US,android,ua_facebook,4,53.3,3
9241,2026-06-12,MX,pc,ua_facebook,23,428.3,8
9242,2025-09-13,US,PC,ua_tiktok,1,48.8,2
9243,2026-04-03,US,Android,ua_tiktok,4,92.9,2
9244,2026-01-01,MX,pc,influencer,3,44.2,1
9245,2025-09-27,RU,ios,organic,50,1096.0,22
9246,2025-10-02,MX,IOS,ua_facebook,7,98.9,7
9247,01.10.2025,RU,ios,ua_google,5,113.8,1
9248,2026-01-08,US,Android,organic,2,17.9,2
9249,2026-06-05,-,android,ua_tiktok,4,46.5,3
9250,2025-09-26,PL,pc,ua_google,6,"60,5",5
9251,2026-06-17,DE,pc,ua_facebook,14,248.6,7
9252,08.09.2025,RU,android,ua_tiktok,16,313.4,12
9253,18.09.2025,PL,ios,ua_facebook,3,78.9,1
9254,27.05.2026,US,pc,organic,8,167.7,4
9255,2025-09-30,Brazil,android,cross_promo,20,,9
9256,02.06.2026,US,ios,ua_tiktok,2,38.0,1
9257,05.09.2025,BR,ios,ua_facebook,106,2246.9,51
9258,2025-11-01,PL,android,ua_google,48,798.5,20
9259,2025-09-30,BR,android,ua_google,1,67.1,1
9260,2026-03-26,PL,ANDROID,ua_facebook,25,486.8,13
9261,2025-11-09,ES,pc,ua_google,13,261.5,8
9262,2025-10-31,ES,ios,ua_facebook,3,143.0,2
9263,2025-11-02,RU,Android,ua_facebook,8,"103,5",9
9264,2025-10-28,FR,android,cross_promo,1,12.1,1
9265,11.04.2026,TR,ANDROID,ua_facebook,1,15.1,1
9266,2025-10-09,US,iOS,influencer,1,5.1,1
9267,2025-09-16,US,pc,ua_tiktok,7,98.3,5
9268,20.12.2025,PL,PC,ua_facebook,3,65.2,4
9269,2026-02-14,NaN,android,influencer,1,10.3,1
9270,2025-10-23,TR,Windows,ua_google,184,3115.8,101
9271,26.05.2026,BR,pc,ua_google,3,97.0,3
9272,2026-03-25,н/д,pc,ua_facebook,4,66.7,5
9273,26.01.2026,DE,android,ua_google,55,1124.5,24
9274,2026-06-30,TR,ios,ua_google,0,0,1
9275,09.09.2025,US,android,organic,1,2.8,1
9276,2026-06-28,NaN,IOS,ua_facebook,3,66.7,4
9277,2025-12-14,BR,android,ua_facebook,3,123.9,3
9278,28.09.2025,RU,android,ua_facebook,3,66.2,4
9279,2026-04-17,US,pc,ua_facebook,5,NaN,6
9280,2026-03-04,BR,pc,organic,21,540.9,13
9281,2025-09-21,ES,ios,ua_google,1,30.8,2
9282,2026-04-09,DE,Android,ua_google,3,74.3,4
9283,2025-09-15,IN,pc,ua_tiktok,7,93.8,3
9284,2026-05-16,TR,pc,ua_facebook,1,7.2,2
9285,2025-10-20,MX,ios,ua_tiktok,11,123.7,5
9286,2025-12-12,BR,android,ua_facebook,2,40.8,1
9287,2026-05-09,PL,pc,ua_google,1,57.1,1
9288,2025-11-11,US,android,ua_facebook,124,2588.3,59
9289,2025-10-11,ES,ios,influencer,15,325.9,11
9290,2025-12-03,BR,ios,ua_facebook,17,343.0,16
9291,2025-12-16,ES,android,ua_facebook,1,8.4,1
9292,2025-12-06,ES,android,influencer,2,32.6,1
9293,2025-12-04,IN,android,ua_facebook,12,187.6,11
9294,2025-12-09,BR,ios,influencer,2,12.4,2
9295,2025-12-06,USA,ios,ua_facebook,96,2038.9,47
9296,2026-05-14,DE,Android,organic,3,-,3
9297,2025-11-23,BR,ANDROID,ua_facebook,19,304.0,7
9298,12.09.2025,RU,ios,organic,57,,19
9299,2025-09-30,US,pc,ua_facebook,5,null,3
9300,2026-01-11,,pc,ua_facebook,1,6.3,1
9301,2025-10-12,PL,android,ua_tiktok,3,-,1
9302,2026-04-18,DE,pc,ua_tiktok,5,100.7,4
9303,2026-01-11,TR,ios,organic,4,67.0,6
9304,2025-12-29,-,ios,influencer,40,786.6,19
9305,12.03.2026,NaN,Android,ua_google,3,31.0,1
9306,25.09.2025,RU,ANDROID,ua_google,13,338.6,8
9307,2026-05-21,DE,Windows,organic,11,241.5,7
9308,2026-02-20,RU,android,cross_promo,87,1743.5,44
9309,2025-11-17,MX,Android,ua_google,5,123.1,4
9310,2025-09-01,NaN,ios,ua_google,2,48.8,3
9311,22.01.2026,TR,pc,ua_google,6,76.0,2
9312,2025-09-24,tr,android,organic,88,2062.8,50
9313,2026-02-04,MX,ANDROID,ua_google,24,381.4,17
9314,2025-11-02,ES,ios,organic,1,36.0,2
9315,2026-04-09,RU,android,ua_google,2,30.4,2
9316,2025-10-02,BR,android,ua_facebook,31,619.5,17
9317,2026-05-01,MX,ios,organic,1,25.9,1
9318,2026-02-06,BR,android,ua_google,2,40.1,1
9319,2025-10-20,PL,android,cross_promo,1,8.1,1
9320,2026-02-16,MX,ios,ua_google,1,4.5,2
9321,2025-11-06,IN,pc,influencer,10,161.1,9
9322,2026-03-17,FR,pc,organic,1,9.7,1
9323,26.06.2026,BR,pc,organic,7,137.2,3
9324,2026-04-23,US,ANDROID,ua_facebook,4,81.0,3
9325,2026-03-23,US,android,ua_facebook,10,173.8,4
9326,31.12.2025,FR,android,ua_facebook,1,3.3,2
9327,06.09.2025,TR,ios,ua_tiktok,1,87.2,1
9328,2025-10-06,PL,ios,influencer,20,332.1,14
9329,2025-10-06,н/д,ios,cross_promo,38,512.2,14
9330,18.11.2025,DE,android,ua_google,6,59.2,5
9331,2026-02-06,PL,android,organic,3,61.0,3
9332,2025-11-13,RU,android,ua_google,3,26.9,3
9333,2025-10-04,br,android,organic,2,28.5,2
9334,11.02.2026,BR,android,ua_facebook,2,21.3,3
9335,2025-12-24,RU,ios,ua_google,3,"31,9",2
9336,2026-01-20,IN,android,ua_facebook,1,67.9,1
9337,2025-11-20,RU,android,ua_facebook,16,317.4,8
9338,08.05.2026,US,ios,ua_google,1,29.6,2
9339,2025-10-15,BR,android,ua_facebook,7,144.9,3
9340,2025-09-01,BR,ios,influencer,119,2507.7,52
9341,19.03.2026,DE,android,ua_tiktok,1,9.6,3
9342,2026-06-13,BR,android,ua_tiktok,15,301.5,7
9343,2025-12-12,NaN,ios,ua_tiktok,1,12.7,1
9344,2025-12-31,PL,pc,ua_facebook,4,"105,6",2
9345,2026-05-22,Brazil,android,organic,15,"409,3",2
9346,2025-10-19,USA,ios,organic,3,96.0,1
9347,18.01.2026,US,android,cross_promo,78,1329.3,27
9348,2025-09-05,PL,pc,ua_tiktok,1,23.5,2
9349,2025-11-16,-,android,organic,236,null,110
9350,2025-10-15,PL,android,ua_google,39,988.4,22
9351,2025-10-29,BR,ios,influencer,1,5.9,1
9352,2026-05-20,TR,android,influencer,14,250.2,9
9353,09.05.2026,FR,ios,ua_tiktok,2,39.3,1
9354,02.01.2026,TR,android,ua_google,17,275.9,9
9355,26.04.2026,de,iOS,ua_google,41,747.2,21
9356,2026-02-18,ru,android,organic,7,132.8,4
9357,2025-11-30,DE,pc,ua_facebook,2,16.5,1
9358,2025-09-04,BR,ios,influencer,153,2985.4,75
9359,16.10.2025,RU,android,organic,1,,1
9360,2026-03-20,DE,android,ua_tiktok,79,1907.4,56
9361,2026-02-09,BR,Windows,ua_google,3,68.1,1
9362,2026-03-27,ES,android,organic,23,400.0,13
9363,2026-03-15,ES,pc,ua_facebook,1,7.1,1
9364,2025-12-01,DE,ios,ua_google,36,668.2,16
9365,2026-03-17,FR,IOS,ua_tiktok,14,208.2,7
9366,2026-03-28,,android,organic,1,22.0,1
9367,2026-01-15,DE,pc,organic,3,40.4,4
9368,01.09.2025,TR,ANDROID,ua_google,3,42.1,1
9369,2026-04-16,PL,ANDROID,ua_tiktok,1,null,2
9370,04.09.2025,PL,Android,ua_google,2,34.0,3
9371,2026-06-13,us,ios,ua_facebook,2,41.3,1
9372,2025-11-09,ES,android,influencer,78,1427.9,43
9373,2026-03-03,US,ios,ua_google,93,"2026,6",45
9374,2025-11-26,US,android,ua_facebook,3,48.7,2
9375,2025-09-27,ES,android,cross_promo,2,20.6,1
9376,2026-06-19,TR,android,ua_tiktok,13,149.9,5
9377,2025-12-19,FR,IOS,ua_facebook,11,176.6,6
9378,2026-04-15,DE,ANDROID,ua_facebook,66,1507.2,27
9379,07.02.2026,ES,android,ua_google,11,319.6,5
9380,01.06.2026,BR,pc,ua_facebook,1,8.7,1
9381,2026-02-01,br,android,organic,2,31.7,2
9382,04.09.2025,TR,pc,ua_facebook,1,21.8,2
9383,2025-11-13,US,android,ua_facebook,2,22.3,2
9384,2025-11-11,TR,Windows,ua_google,125,2578.1,56
9385,21.02.2026,IN,ios,organic,2,"37,0",3
9386,2025-11-11,US,pc,ua_google,2,"46,8",2
9387,04.01.2026,IN,android,ua_facebook,5,76.0,5
9388,2026-01-05,US,pc,organic,65,"1363,2",39
9389,2026-05-05,DE,android,organic,38,755.3,23
9390,2026-02-21,BR,android,organic,3,21.6,4
9391,2026-06-18,PL,ios,organic,12,160.2,4
9392,2025-09-17,Turkey,pc,organic,6,94.3,5
9393,2025-09-20,ES,android,cross_promo,1,29.3,1
9394,17.10.2025,BR,ANDROID,influencer,2,48.5,1
9395,2025-11-07,FR,ios,ua_tiktok,192,3996.9,86
9396,2025-11-07,US,pc,ua_facebook,219,4215.8,100
9397,01.09.2025,US,android,ua_google,18,160.4,4
9398,2025-12-09,PL,Android,ua_google,99,1852.6,39
9399,04.12.2025,RU,ios,organic,3,91.1,1
9400,2025-10-31,BR,pc,ua_google,2,12.0,1
9401,2025-09-01,BR,android,organic,93,1693.6,35
9402,2026-01-02,BR,android,ua_tiktok,46,1374.3,26
9403,2025-11-03,US,Android,influencer,5,50.4,3
9404,2026-05-31,IN,android,organic,2,18.6,1
9405,2025-12-11,MX,PC,cross_promo,1,11.8,1
9406,2026-06-22,MX,ios,ua_facebook,6,154.3,3
9407,2026-05-01,DE,ios,organic,1,4.9,3
9408,2026-03-07,IN,pc,ua_google,1,68.4,1
9409,05.10.2025,BR,pc,organic,227,4541.1,113
9410,2025-10-10,BR,pc,ua_facebook,98,2299.2,55
9411,2026-02-03,PL,android,ua_facebook,26,486.3,10
9412,2026-02-08,null,android,ua_google,8,114.0,4
9413,2025-12-03,IN,android,ua_google,1,null,2
9414,2026-01-28,MX,Android,ua_tiktok,5,"68,1",5
9415,2025-09-21,DE,IOS,ua_google,1,5.0,1
9416,2026-05-29,FR,android,ua_tiktok,4,111.0,2
9417,2026-06-04,н/д,android,ua_tiktok,10,146.8,5
9418,2025-09-14,FR,Android,cross_promo,1,,1
9419,2025-11-15,null,pc,ua_google,2,29.8,2
9420,2026-03-26,FR,pc,ua_google,19,254.4,11
9421,2025-11-27,DE,ios,ua_google,108,2089.0,60
9422,2026-06-28,TR,android,ua_google,1,35.1,2
9423,11.09.2025,ES,pc,ua_facebook,3,77.8,3
9424,2025-09-23,DE,ios,cross_promo,2,37.9,3
9425,20.02.2026,FR,IOS,ua_google,11,134.2,10
9426,24.04.2026,US,ios,ua_facebook,22,381.9,9
9427,2025-12-23,BR,ios,organic,13,226.6,10
9428,2026-02-01,US,android,ua_google,1,14.7,1
9429,2026-01-19,DE,Android,organic,2,65.6,2
9430,2026-01-23,MX,pc,influencer,104,1805.9,41
9431,2026-02-17,BR,android,organic,2,18.1,1
9432,2026-02-06,br,ios,ua_tiktok,33,558.6,25
9433,2026-05-04,DE,ios,ua_facebook,1,14.6,1
9434,2025-11-03,ES,android,cross_promo,1,4.3,1
9435,22.01.2026,US,IOS,organic,1,14.6,1
9436,2025-09-11,US,ios,ua_facebook,1,9.3,1
9437,2026-03-30,BR,pc,ua_tiktok,25,384.9,14
9438,2025-11-01,US,ios,cross_promo,10,233.9,10
9439,2025-11-03,DE,PC,ua_facebook,4,122.4,1
9440,2026-05-02,BR,android,organic,17,256.1,9
9441,2025-12-11,TR,ios,ua_facebook,12,168.0,5
9442,2025-10-06,BR,ios,ua_google,1,5.0,1
9443,2026-06-26,DE,android,organic,1,4.0,1
9444,2026-02-05,br,pc,ua_tiktok,25,335.7,6
9445,2025-09-01,US,pc,organic,2,,3
9446,2025-09-24,PL,android,ua_facebook,42,792.7,20
9447,2026-02-01,US,ANDROID,organic,57,1112.2,24
9448,2026-01-22,RU,ANDROID,influencer,19,411.0,18
9449,31.10.2025,MX,android,ua_google,121,2629.4,58
9450,2025-12-05,DE,android,ua_google,2,21.6,1
9451,13.12.2025,us,iOS,organic,65,1335.7,37
9452,02.02.2026,US,android,ua_tiktok,51,881.6,30
9453,2026-04-27,DE,ios,ua_tiktok,3,66.6,2
9454,17.06.2026,IN,android,ua_google,1,7.4,1
9455,2025-10-17,PL,android,organic,2,43.3,2
9456,2026-05-30,DE,ios,ua_facebook,8,212.7,8
9457,2026-01-30,DE,ios,organic,13,316.6,6
9458,2026-01-03,BR,pc,organic,64,1375.7,33
9459,2026-05-22,BR,ANDROID,ua_google,46,902.9,22
9460,06.05.2026,PL,android,ua_google,2,null,3
9461,2026-04-22,IN,android,ua_tiktok,24,,13
9462,2026-05-01,de,pc,ua_tiktok,4,89.1,4
9463,2026-02-09,US,IOS,ua_tiktok,1,16.8,1
9464,2025-11-27,IN,pc,ua_google,1,н/д,1
9465,2026-01-22,DE,ios,ua_facebook,9,115.2,3
9466,2025-12-10,BR,android,ua_facebook,1,4.9,1
9467,2026-03-02,BR,pc,cross_promo,131,2331.8,66
9468,2025-12-24,BR,pc,ua_tiktok,1,7.5,2
9469,2025-09-16,DE,ios,organic,14,NaN,7
9470,2026-04-07,DE,android,ua_tiktok,39,726.2,17
9471,2025-11-09,FR,ios,ua_facebook,18,254.2,17
9472,2026-06-26,FR,ios,ua_facebook,4,131.5,3
9473,2025-12-13,ES,android,cross_promo,1,11.6,1
9474,2025-10-29,IN,android,ua_google,52,1406.1,25
9475,03.02.2026,DE,android,influencer,1,5.5,1
9476,30.12.2025,MX,ios,influencer,6,57.4,6
9477,2026-06-30,RU,android,ua_facebook,1,19.8,1
9478,25.04.2026,BR,ios,cross_promo,2,62.1,2
9479,2026-03-25,US,pc,organic,1,118.3,1
9480,2025-09-26,DE,ios,ua_tiktok,2,115.6,1
9481,2025-11-26,TR,ios,ua_facebook,7,119.2,4
9482,04.01.2026,IN,ios,organic,1,1.6,1
9483,2026-05-26,IN,android,organic,4,65.3,2
9484,2025-09-25,TR,pc,ua_google,1,15.5,1
9485,13.10.2025,DE,Android,cross_promo,1,,2
9486,2025-11-29,н/д,android,ua_google,71,1458.2,33
9487,2026-03-02,ES,pc,ua_facebook,8,123.0,3
9488,24.03.2026,null,pc,ua_tiktok,3,198.3,1
9489,2026-03-07,RU,PC,influencer,7,82.4,3
9490,2025-10-20,DE,Android,ua_facebook,14,252.5,11
9491,2025-11-23,FR,pc,organic,1,12.7,2
9492,03.05.2026,Germany,android,ua_google,2,16.4,1
9493,2026-06-25,DE,pc,ua_google,3,62.9,2
9494,2026-04-07,US,android,organic,15,274.0,5
9495,22.09.2025,IN,ios,organic,9,154.5,5
9496,2026-06-28,PL,android,organic,1,20.2,2
9497,2026-06-24,RU,pc,organic,6,82.0,2
9498,08.03.2026,ES,IOS,influencer,3,65.5,2
9499,26.03.2026,ES,ios,organic,61,-1434.1,31
9500,2025-09-30,PL,android,organic,1,18.6,1
9501,2026-04-30,US,android,ua_facebook,6,206.0,5
9502,2025-12-25,DE,pc,ua_facebook,2,46.5,2
9503,2026-03-06,DE,ios,ua_google,2,54.7,3
9504,2026-03-17,DE,pc,influencer,7,102.8,4
9505,2026-04-11,FR,pc,organic,12,192.1,6
9506,01.01.2026,FR,ios,ua_facebook,1,57.9,1
9507,2026-06-28,,PC,ua_google,3,45.1,2
9508,09.04.2026,TR,ios,organic,1,5.0,1
9509,2025-12-16,FR,android,influencer,28,379.1,19
9510,2025-09-10,IN,IOS,ua_facebook,1,5.6,2
9511,2026-05-04,US,ios,ua_google,6,98.3,2
9512,2025-12-05,RU,Android,ua_facebook,4,н/д,1
9513,2025-10-09,MX,ios,ua_tiktok,3,86.0,1
9514,2025-11-19,DE,ios,ua_google,23,492.9,7
9515,2025-09-10,FR,ios,ua_google,1,5.8,2
9516,2025-10-27,DE,android,ua_google,16,253.1,13
9517,17.02.2026,RU,ios,ua_facebook,4,125.4,2
9518,2025-12-13,TR,pc,ua_facebook,10,,6
9519,2026-03-28,BR,android,cross_promo,2,"42,8",1
9520,2026-01-20,ES,ANDROID,ua_facebook,2,22.3,2
9521,04.05.2026,br,pc,ua_tiktok,2,46.0,2
9522,2026-06-15,US,android,ua_google,4,145.8,3
9523,2026-06-28,ES,android,ua_facebook,1,25.1,2
9524,2026-01-10,TR,android,organic,5,"144,3",4
9525,2026-06-17,FR,pc,ua_google,1,15.3,1
9526,2026-05-09,PL,android,ua_facebook,26,411.8,14
9527,2025-10-16,FR,ios,cross_promo,10,180.7,4
9528,11.10.2025,TR,pc,ua_google,3,17.9,1
9529,2026-03-05,US,pc,organic,56,1104.6,28
9530,2026-02-18,FR,pc,ua_google,1,17.4,1
9531,2026-01-08,DE,android,ua_facebook,1,20.5,1
9532,2025-10-26,MX,ios,ua_facebook,8,137.9,7
9533,2025-12-01,US,PC,organic,1,30.7,2
9534,2026-03-19,RU,pc,organic,43,,22
9535,24.05.2026,RU,pc,organic,28,596.1,14
9536,03.10.2025,Brazil,android,ua_facebook,3,61.7,4
9537,2025-09-22,ES,iOS,influencer,23,900.6,10
9538,2026-03-10,RU,ios,organic,15,235.9,10
9539,22.09.2025,BR,android,organic,10,211.7,2
9540,03.10.2025,DE,ios,influencer,16,414.7,9
9541,2025-10-04,PL,android,organic,224,4190.8,96
9542,2025-11-04,PL,android,ua_google,1,32.2,2
9543,2025-09-24,MX,pc,organic,2,74.8,1
9544,2026-02-05,ru,ios,influencer,2,41.2,2
9545,2026-06-09,US,ios,cross_promo,7,110.1,3
9546,2026-05-10,BR,iOS,ua_google,1,16.1,1
9547,2026-01-14,PL,ios,organic,6,173.4,5
9548,2025-10-02,Russia,PC,ua_google,2,77.1,3
9549,2026-02-22,PL,ios,ua_tiktok,6,59.4,3
9550,2026-06-29,TR,android,organic,2,53.5,3
9551,2025-09-13,TR,android,ua_facebook,21,341.6,11
9552,14.09.2025,MX,ios,ua_google,2,20.3,1
9553,11.01.2026,DE,pc,ua_google,6,142.7,5
9554,2025-12-04,PL,Android,organic,6,null,4
9555,2026-03-15,BR,ios,organic,16,258.0,13
9556,29.12.2025,MX,PC,influencer,77,1818.8,38
9557,2025-12-06,PL,pc,ua_tiktok,4,"120,2",4
9558,05.04.2026,PL,ios,ua_facebook,1,13.1,2
9559,2026-03-01,US,ios,ua_facebook,2,28.1,1
9560,28.12.2025,-,android,organic,1,7.9,1
9561,2025-10-12,BR,ios,organic,63,1442.0,36
9562,2025-12-25,ES,android,ua_tiktok,196,"4170,3",88
9563,2025-11-21,BR,android,organic,1,8.4,1
9564,2025-10-04,GER,android,ua_tiktok,15,308.0,7
9565,2025-10-01,,pc,ua_facebook,54,1195.1,22
9566,2025-09-05,US,pc,ua_facebook,1,9.4,1
9567,2025-09-08,IN,pc,ua_tiktok,9,101.1,6
9568,05.11.2025,PL,android,ua_google,44,862.1,18
9569,22.11.2025,RU,android,organic,1,11.4,1
9570,2026-01-15,RU,Android,ua_google,5,"67,9",4
9571,2025-12-01,MX,ios,ua_tiktok,46,1104.3,23
9572,09.09.2025,DE,android,ua_facebook,10,128.6,4
9573,2025-11-20,RU,iOS,influencer,43,,17
9574,2025-09-20,NaN,ANDROID,ua_tiktok,49,785.0,24
9575,2026-06-25,Brazil,PC,ua_google,1,22.3,2
9576,2026-01-04,US,android,organic,2,33.0,2
9577,2026-03-18,br,ios,ua_tiktok,106,1772.2,57
9578,2025-12-12,Turkey,Android,ua_google,1,2.1,1
9579,2026-03-08,ES,android,organic,1,4.5,1
9580,10.01.2026,BR,android,influencer,1,26.0,2
9581,2025-12-19,ES,Android,organic,3,44.5,3
9582,2025-10-07,PL,android,influencer,10,118.3,3
9583,2025-12-01,ES,android,cross_promo,18,315.4,9
9584,2025-10-28,FR,android,ua_facebook,1,25.8,3
9585,27.11.2025,ru,android,ua_facebook,4,42.4,1
9586,2025-10-22,BR,ios,cross_promo,82,1528.2,39
9587,01.10.2025,TR,ios,organic,3,28.9,1
9588,2026-01-20,BR,ios,ua_google,1,20.1,2
9589,02.10.2025,ES,pc,ua_facebook,3,43.7,4
9590,06.04.2026,US,iOS,organic,5,77.1,5
9591,2026-05-02,RU,android,ua_facebook,5,89.8,4
9592,2025-09-05,MX,Android,organic,3,89.1,3
9593,2025-09-02,MX,android,organic,39,839.9,14
9594,2025-09-03,tr,pc,influencer,7,209.2,5
9595,2025-09-04,ES,pc,ua_facebook,8,307.9,8
9596,2025-12-13,TR,pc,organic,2,"21,8",2
9597,2025-09-02,DE,iOS,influencer,40,777.6,23
9598,2025-11-29,TR,ios,ua_tiktok,3,60.2,2
9599,2026-05-13,PL,ios,influencer,1,60.4,1
9600,2025-09-16,IN,android,ua_facebook,1,23.5,2
9601,2025-10-02,TR,pc,ua_tiktok,51,986.2,27
9602,2026-04-21,PL,Android,ua_google,46,988.6,23
9603,2026-05-16,RU,pc,organic,36,600.7,14
9604,2026-01-14,TR,android,ua_tiktok,83,1532.0,35
9605,2026-02-08,TR,android,ua_facebook,43,806.2,17
9606,2026-04-14,PL,android,ua_tiktok,2,12.6,1
9607,01.05.2026,RU,android,cross_promo,1,2.7,1
9608,2026-04-24,DE,pc,influencer,5,222.5,4
9609,2026-01-20,BR,ios,ua_facebook,4,44.7,3
9610,2025-10-25,US,android,ua_google,1,11.6,3
9611,2026-05-21,US,ios,ua_tiktok,19,498.3,9
9612,2025-09-15,tr,android,ua_facebook,4,93.5,2
9613,2026-04-19,BR,android,ua_google,2,39.0,2
9614,2026-01-26,TR,Windows,cross_promo,176,3367.0,82
9615,2026-05-26,US,Android,ua_facebook,30,439.4,9
9616,2026-05-21,BR,pc,ua_google,2,52.1,3
9617,2025-10-13,PL,Windows,influencer,6,162.4,2
9618,2025-09-08,DE,Android,ua_facebook,101,1739.2,54
9619,2026-06-10,MX,pc,ua_google,7,122.1,5
9620,2025-12-04,RU,android,ua_google,2,30.3,3
9621,2025-10-05,IN,Android,ua_facebook,73,1120.7,37
9622,2025-12-14,MX,ios,ua_facebook,56,1320.7,32
9623,2026-01-15,BR,Android,ua_facebook,2,20.9,3
9624,2026-06-03,ES,IOS,ua_facebook,38,654.5,19
9625,2025-09-02,DE,pc,ua_google,4,113.0,2
9626,2025-09-12,US,android,ua_google,1,11.9,1
9627,26.03.2026,DE,android,influencer,6,176.3,3
9628,2026-01-31,US,pc,ua_tiktok,21,541.8,15
9629,2026-03-30,PL,android,ua_facebook,3,85.8,4
9630,2026-04-19,MX,android,ua_google,13,263.7,7
9631,18.09.2025,TR,android,influencer,2,56.8,1
9632,2025-12-28,FR,android,ua_facebook,2,-57.9,1
9633,2025-10-10,IN,android,ua_tiktok,4,115.1,2
9634,2025-09-19,Brazil,android,ua_google,2,25.2,1
9635,16.03.2026,USA,android,organic,4,"86,2",5
9636,2026-03-06,BR,android,ua_tiktok,10,167.3,8
9637,2026-02-26,US,ios,ua_facebook,4,58.6,3
9638,2025-11-17,Russia,android,cross_promo,6,149.4,6
9639,2025-10-18,MX,android,ua_google,8,172.7,9
9640,2025-10-15,IN,Android,influencer,2,27.7,2
9641,2025-11-12,IN,ios,cross_promo,8,109.7,4
9642,2026-01-06,PL,android,ua_google,4,"51,7",2
9643,20.11.2025,FR,Android,ua_facebook,11,228.0,5
9644,28.04.2026,BR,pc,ua_facebook,62,1299.6,34
9645,2026-03-26,DE,ios,influencer,3,,3
9646,2025-10-13,DE,pc,organic,3,52.1,2
9647,2026-04-05,US,ios,ua_tiktok,99,1820.3,51
9648,05.05.2026,PL,ios,ua_tiktok,2,null,1
9649,2026-01-16,DE,android,ua_facebook,10,312.7,8
9650,2026-01-03,DE,pc,ua_tiktok,4,94.3,4
9651,2026-05-06,PL,Windows,ua_tiktok,26,454.6,17
9652,2025-12-06,BR,android,ua_facebook,1,3.9,1
9653,2026-01-14,TR,pc,ua_facebook,1,17.5,1
9654,2026-04-01,MX,IOS,organic,5,150.6,3
9655,2026-06-09,DE,ios,ua_facebook,12,342.1,6
9656,16.01.2026,RU,android,ua_facebook,96,1831.0,67
9657,2026-06-12,US,android,ua_google,13,315.7,6
9658,2025-09-16,FR,android,organic,10,224.5,4
9659,2026-04-04,IN,android,organic,14,246.3,5
9660,2025-09-01,PL,ios,ua_tiktok,5,NaN,3
9661,2026-06-12,IN,android,ua_facebook,1,32.4,1
9662,30.01.2026,PL,android,ua_facebook,10,174.3,5
9663,2025-12-12,DE,pc,organic,1,26.1,2
9664,2026-06-03,DE,ios,organic,26,,12
9665,2026-01-17,DE,android,ua_google,6,130.9,5
9666,2025-12-11,FR,android,ua_tiktok,18,277.7,13
9667,14.12.2025,RU,Windows,ua_google,6,145.2,4
9668,29.05.2026,TR,PC,cross_promo,6,106.7,2
9669,2026-04-26,PL,ios,ua_facebook,2,4.0,1
9670,2025-11-06,US,android,ua_tiktok,1,,2
9671,18.11.2025,PL,android,ua_tiktok,39,792.3,15
9672,2026-05-27,PL,ios,ua_google,23,763.7,15
9673,2025-10-07,ES,android,ua_google,23,364.2,9
9674,13.12.2025,IN,ANDROID,organic,7,129.5,5
9675,2025-11-07,DE,ios,ua_google,66,null,30
9676,02.02.2026,FR,android,organic,86,1714.2,49
9677,2026-04-20,BR,ANDROID,ua_google,1,5.8,2
9678,31.12.2025,IN,pc,organic,1,15.4,1
9679,27.04.2026,PL,android,organic,18,260.1,10
9680,2026-02-09,US,android,ua_google,36,769.8,18
9681,03.02.2026,RU,ios,cross_promo,18,472.1,9
9682,2025-09-07,,ios,organic,19,315.9,12
9683,2026-05-30,DE,android,organic,9,341.6,1
9684,2026-03-03,IN,android,influencer,9,206.8,5
9685,2025-11-16,IN,ios,organic,1,6.2,1
9686,2025-10-04,PL,pc,ua_tiktok,45,NaN,29
9687,2026-01-05,BR,ios,ua_tiktok,74,1680.7,32
9688,2026-02-22,BR,PC,ua_tiktok,7,139.5,4
9689,30.09.2025,MX,PC,organic,6,134.4,3
9690,25.04.2026,IN,pc,organic,41,703.7,22
9691,30.06.2026,TR,pc,influencer,5,46.4,3
9692,2025-09-05,,Windows,ua_google,3,123.9,4
9693,2026-02-06,US,pc,ua_tiktok,16,495.7,14
9694,2026-05-11,TR,android,ua_google,6,-,4
9695,2025-09-21,DE,pc,organic,25,497.9,14
9696,2025-11-20,ES,ios,ua_tiktok,7,61.6,4
9697,2025-11-12,MX,ios,influencer,2,12.4,2
9698,20.11.2025,RU,ios,organic,48,,18
9699,2026-01-19,us,ios,ua_google,69,,39
9700,08.12.2025,Germany,android,influencer,32,638.2,15
9701,2026-05-25,US,pc,organic,6,122.0,6
9702,2025-10-16,ES,android,organic,15,228.2,6
9703,01.05.2026,FR,ios,organic,2,125.4,2
9704,2025-11-23,US,pc,ua_facebook,3,50.7,3
9705,2025-10-20,TR,ios,ua_tiktok,1,12.7,1
9706,2026-06-05,BR,ios,organic,5,217.2,4
9707,2026-01-15,US,ANDROID,ua_tiktok,66,1669.1,40
9708,2025-09-14,PL,android,ua_google,10,184.2,6
9709,2025-09-17,PL,pc,organic,2,21.2,3
9710,17.01.2026,PL,ANDROID,organic,3,106.6,2
9711,10.09.2025,ES,ANDROID,ua_google,86,1871.0,32
9712,2026-04-17,br,pc,influencer,1,36.1,1
9713,2025-11-23,MX,Android,organic,4,NaN,2
9714,2026-04-18,FR,PC,influencer,44,945.8,17
9715,2025-09-23,FR,android,organic,4,42.1,2
9716,2025-12-17,PL,ios,organic,93,1916.1,33
9717,2025-09-03,IN,pc,influencer,1,8.7,1
9718,2026-01-18,DE,android,ua_tiktok,1,41.8,2
9719,2025-11-12,RU,ios,organic,174,3272.5,83
9720,2025-10-10,FR,android,influencer,1,6.5,2
9721,2025-09-23,Brazil,ios,ua_google,136,2323.7,59
9722,2025-11-21,br,pc,cross_promo,12,259.1,8
9723,06.09.2025,BR,android,ua_tiktok,1,82.6,1
9724,22.06.2026,us,ios,cross_promo,8,253.9,3
9725,15.02.2026,PL,PC,organic,3,125.4,2
9726,2026-04-09,US,android,cross_promo,4,35.6,5
9727,2026-05-09,US,ANDROID,ua_tiktok,1,21.3,1
9728,2026-03-31,BR,Android,ua_facebook,52,1069.9,29
9729,26.11.2025,DE,android,cross_promo,47,927.4,27
9730,2026-06-20,PL,pc,organic,15,231.5,11
9731,12.02.2026,PL,PC,cross_promo,1,38.1,1
9732,26.02.2026,IN,android,ua_facebook,1,10.3,1
9733,2026-01-16,GER,android,ua_google,25,430.2,20
9734,2025-10-23,US,android,ua_google,7,203.0,4
9735,04.09.2025,Germany,iOS,ua_facebook,20,336.0,6
9736,2025-10-14,PL,android,influencer,14,406.5,10
9737,23.03.2026,-,pc,organic,6,,8
9738,03.04.2026,DE,Android,ua_google,11,160.9,7
9739,2025-09-04,US,ios,organic,54,"1352,2",24
9740,09.10.2025,NaN,PC,ua_facebook,3,27.7,1
9741,2026-01-06,TR,ios,cross_promo,4,36.2,3
9742,11.11.2025,PL,android,ua_google,1,61.3,1
9743,2026-03-03,US,ios,ua_facebook,20,336.5,9
9744,2026-05-21,GER,ios,ua_tiktok,28,482.7,17
9745,14.11.2025,PL,android,ua_google,3,127.9,6
9746,2025-12-09,BR,android,ua_google,2,62.3,3
9747,2025-09-01,BR,ios,cross_promo,1,25.4,2
9748,2026-05-17,TR,Android,ua_facebook,2,14.6,2
9749,2025-09-06,IN,android,influencer,4,55.5,4
9750,2026-04-07,BR,android,ua_google,1,5.2,2
9751,2025-09-11,FR,android,ua_facebook,1,44.6,2
9752,2026-06-27,US,android,influencer,4,31.1,4
9753,2026-02-14,GER,Windows,organic,2,9.2,3
9754,2025-12-08,TR,android,ua_tiktok,44,698.6,22
9755,2025-10-17,BR,Android,organic,58,1133.4,34
9756,2026-02-14,MX,iOS,ua_tiktok,184,3253.0,82
9757,2026-04-22,TR,android,cross_promo,2,42.8,2
9758,2026-05-21,TR,android,ua_facebook,25,"780,8",15
9759,2026-06-06,IN,android,ua_facebook,20,null,7
9760,2025-10-09,Germany,ios,ua_google,102,2028.3,44
9761,2026-05-27,DE,pc,ua_google,12,274.1,10
9762,2025-12-05,ES,iOS,ua_facebook,3,106.3,5
9763,2026-03-25,US,Windows,cross_promo,1,16.2,2
9764,2025-11-17,TR,ios,organic,2,26.3,2
9765,2025-09-07,DE,Android,ua_google,1,24.0,1
9766,2025-09-08,TR,pc,ua_google,12,339.9,13
9767,2026-06-18,PL,pc,ua_facebook,23,578.5,14
9768,2025-11-01,DE,ANDROID,ua_tiktok,12,"158,9",5
9769,2025-12-18,DE,ios,ua_facebook,18,436.5,13
9770,08.09.2025,DE,iOS,ua_facebook,1,14.5,1
9771,2025-10-30,US,ios,ua_tiktok,53,1028.0,30
9772,2026-03-31,TR,ANDROID,ua_tiktok,11,140.7,10
9773,2025-11-01,US,ios,cross_promo,14,240.1,14
9774,2026-06-21,ES,iOS,ua_tiktok,3,90.6,1
9775,2026-06-05,TR,android,organic,9,311.9,4
9776,03.04.2026,DE,ios,ua_facebook,16,317.5,6
9777,21.12.2025,US,ANDROID,ua_facebook,1,10.9,1
9778,2026-03-04,н/д,android,organic,21,324.3,14
9779,2025-12-29,ES,android,ua_facebook,3,39.6,3
9780,2025-09-10,IN,android,ua_google,2,23.4,1
9781,04.02.2026,NaN,android,ua_tiktok,17,475.3,9
9782,2026-01-08,IN,android,ua_facebook,1,10.8,1
9783,2025-09-30,BR,Android,ua_facebook,4,49.2,2
9784,2026-01-08,RU,pc,influencer,2,27.3,1
9785,2026-03-11,TR,ios,organic,9,169.1,8
9786,27.06.2026,PL,android,cross_promo,1,14.9,3
9787,2026-01-16,Brazil,android,organic,2,80.6,4
9788,2026-04-09,null,android,ua_tiktok,1,7.4,1
9789,2026-01-20,US,ios,ua_tiktok,42,871.3,20
9790,2025-10-19,RU,pc,ua_tiktok,2,46.1,2
9791,2025-11-13,ES,ios,ua_facebook,2,22.3,1
9792,24.05.2026,null,android,influencer,5,99.3,5
9793,07.01.2026,DE,android,ua_facebook,1,12.3,2
9794,2025-09-01,PL,ios,ua_facebook,1,11.4,1
9795,2025-11-28,US,android,influencer,1,24.7,3
9796,2026-06-20,RU,pc,ua_tiktok,3,230.2,3
9797,01.09.2025,GER,ios,ua_google,1,8.1,1
9798,2026-03-12,DE,pc,ua_facebook,3,35.6,4
9799,2025-09-25,FR,Android,influencer,2,33.9,1
9800,2025-12-21,ES,pc,ua_facebook,1,13.5,2
9801,03.09.2025,RU,android,influencer,1,19.0,1
9802,23.01.2026,de,android,ua_tiktok,162,3386.4,86
9803,12.02.2026,BR,android,ua_google,96,2028.6,41
9804,2025-10-10,DE,android,ua_facebook,4,null,6
9805,2026-02-06,RU,PC,ua_facebook,7,154.2,10
9806,07.09.2025,MX,ios,ua_tiktok,24,543.0,8
9807,2025-12-25,RU,ANDROID,ua_google,4,44.7,2
9808,2025-11-18,ES,ios,ua_google,7,132.6,7
9809,2026-03-20,IN,ios,ua_tiktok,3,25.5,6
9810,01.02.2026,US,ios,ua_facebook,13,325.1,7
9811,2025-10-14,RU,PC,ua_google,2,"14,6",1
9812,2025-09-27,FR,PC,ua_tiktok,13,343.8,8
9813,2026-05-08,ES,ios,ua_facebook,1,9.0,1
9814,2026-03-10,DE,pc,ua_google,10,201.0,8
9815,2026-05-27,PL,pc,organic,13,201.5,7
9816,07.12.2025,IN,ios,cross_promo,1,53.4,1
9817,2025-11-05,null,android,ua_facebook,53,1518.1,27
9818,2026-06-27,RU,android,ua_google,1,19.8,2
9819,06.06.2026,Russia,ANDROID,ua_facebook,12,214.7,7
9820,2026-01-26,MX,ios,organic,174,3537.5,82
9821,2026-04-27,US,PC,ua_google,11,281.0,6
9822,2026-01-21,-,ios,organic,7,143.1,4
9823,14.10.2025,TR,pc,ua_google,6,131.0,6
9824,2026-06-01,IN,ios,ua_google,3,263.1,2
9825,2025-11-20,Brazil,android,ua_facebook,9,160.5,5
9826,2026-01-10,FR,pc,ua_facebook,2,44.1,3
9827,2026-03-22,BR,pc,cross_promo,1,-31.0,1
9828,2026-05-04,FR,ios,ua_google,3,136.0,1
9829,2026-05-04,PL,android,ua_facebook,1,29.8,1
9830,2026-03-23,TR,android,influencer,45,989.3,27
9831,14.09.2025,US,pc,influencer,9,146.2,4
9832,2026-05-07,DE,pc,organic,1,24.4,2
9833,2026-01-16,ES,ios,ua_google,91,1770.6,46
9834,04.12.2025,BR,ios,influencer,1,25.2,3
9835,26.10.2025,BR,pc,organic,16,306.8,8
9836,2026-02-22,ES,android,organic,60,1193.2,23
9837,15.01.2026,IN,pc,ua_tiktok,9,"141,8",6
9838,03.03.2026,FR,ios,organic,1,16.7,1
9839,2025-09-23,DE,android,ua_facebook,3,143.7,4
9840,08.12.2025,IN,android,cross_promo,15,403.0,5
9841,31.10.2025,TR,ios,cross_promo,20,396.8,8
9842,2025-11-14,PL,android,ua_facebook,8,116.0,6
9843,2026-02-23,IN,android,ua_tiktok,1,18.8,1
9844,2025-10-14,FR,android,ua_tiktok,4,"75,6",1
9845,2025-11-28,IN,android,ua_tiktok,17,294.7,6
9846,2025-09-08,IN,Windows,ua_facebook,6,204.8,3
9847,2026-06-18,US,android,ua_tiktok,20,371.1,15
9848,2025-10-11,US,android,influencer,2,NaN,4
9849,2026-03-14,MX,android,ua_facebook,4,53.4,1
9850,2025-09-21,FR,iOS,organic,1,5.8,1
9851,2026-02-19,US,ios,influencer,3,33.4,1
9852,02.09.2025,DE,android,organic,1,13.1,1
9853,2026-04-25,br,android,ua_tiktok,13,342.0,6
9854,2026-05-20,RU,ios,organic,18,346.3,6
9855,21.04.2026,DE,android,influencer,3,27.1,1
9856,06.12.2025,MX,pc,ua_facebook,108,2184.6,53
9857,2026-04-12,TR,pc,ua_tiktok,15,308.5,10
9858,2025-11-28,ES,pc,ua_google,38,654.8,16
9859,2026-04-15,RU,ios,ua_google,1,6.6,1
9860,2025-09-05,PL,android,ua_facebook,1,20.2,3
9861,2025-10-19,TR,ANDROID,organic,1,17.8,1
9862,2026-02-28,ru,android,ua_google,6,85.2,4
9863,2026-05-01,FR,android,ua_facebook,3,46.8,2
9864,2025-09-05,Germany,android,ua_facebook,154,2879.9,76
9865,2026-05-31,DE,ios,ua_google,20,,12
9866,2025-09-06,US,ios,influencer,5,63.0,5
9867,2025-12-27,,android,ua_facebook,5,101.1,2
9868,2026-03-19,GER,ios,organic,45,1233.8,24
9869,2026-05-11,Russia,pc,ua_tiktok,11,186.8,5
9870,2026-04-05,ES,ios,influencer,6,79.2,4
9871,2026-06-14,ES,android,ua_facebook,16,331.0,7
9872,2025-10-15,DE,IOS,ua_google,1,"12,2",2
9873,2026-03-04,TR,android,ua_google,11,231.4,6
9874,07.03.2026,ES,pc,organic,3,59.4,2
9875,2026-01-18,DE,ios,ua_facebook,4,144.5,4
9876,2026-03-28,ES,ios,ua_google,3,40.5,2
9877,2025-11-30,PL,ANDROID,organic,4,58.9,2
9878,13.02.2026,DE,android,ua_tiktok,12,205.0,12
9879,16.11.2025,de,ios,ua_google,1,27.8,2
9880,2026-05-22,null,pc,ua_tiktok,2,30.6,4
9881,2025-09-19,IN,android,ua_facebook,15,353.1,10
9882,2026-06-07,BR,ios,ua_facebook,3,62.3,1
9883,2025-11-09,BR,IOS,organic,332,6526.0,180
9884,2025-12-01,PL,pc,cross_promo,2,"30,8",1
9885,26.03.2026,DE,ios,ua_google,2,28.4,2
9886,01.09.2025,TR,pc,ua_google,3,57.9,3
9887,18.06.2026,TR,android,ua_facebook,7,209.6,4
9888,2025-09-09,RU,pc,ua_facebook,13,223.1,6
9889,2026-04-19,RU,ios,ua_tiktok,17,332.7,8
9890,2025-11-18,ES,ios,ua_facebook,10,190.8,5
9891,2026-06-16,PL,android,influencer,1,4.4,1
9892,19.12.2025,DE,ios,influencer,15,284.5,10
9893,28.12.2025,MX,ios,ua_google,34,"536,2",18
9894,2026-05-07,TR,ios,ua_tiktok,3,"55,9",3
9895,2026-01-04,null,android,ua_tiktok,12,171.4,9
9896,29.10.2025,ES,ios,organic,3,93.4,3
9897,2025-09-10,br,ios,influencer,4,48.5,2
9898,2026-04-23,PL,android,ua_tiktok,3,66.7,4
9899,2026-04-09,DE,android,organic,3,71.7,3
9900,14.04.2026,FR,android,organic,4,95.8,4
9901,2025-11-22,IN,ios,ua_tiktok,1,3.0,2
9902,2026-01-30,ES,android,ua_facebook,1,10.1,1
9903,2026-01-09,RU,Android,ua_facebook,1,23.4,1
9904,22.09.2025,PL,ios,ua_google,11,317.1,4
9905,2025-12-02,,ios,ua_facebook,1,2.3,1
9906,2026-02-22,MX,ios,influencer,56,1087.3,36
9907,2026-02-02,MX,pc,organic,25,563.6,13
9908,2025-09-16,US,pc,ua_facebook,6,135.4,3
9909,2025-12-05,FR,android,influencer,3,н/д,2
9910,05.09.2025,DE,android,ua_facebook,3,81.4,4
9911,2025-11-21,Germany,android,ua_google,35,н/д,19
9912,2025-11-04,IN,ios,ua_facebook,14,282.7,3
9913,2025-10-19,US,ANDROID,cross_promo,1,17.0,1
9914,20.02.2026,PL,pc,ua_google,2,42.8,1
9915,2026-05-04,,Windows,organic,16,347.8,14
9916,2026-06-17,US,iOS,ua_google,5,142.5,4
9917,2025-09-19,BR,pc,ua_facebook,14,281.7,7
9918,2026-01-09,TR,android,cross_promo,74,1209.4,21
9919,20.03.2026,US,android,ua_facebook,5,45.5,2
9920,2025-12-16,IN,pc,ua_facebook,19,522.1,15
9921,28.02.2026,US,android,organic,16,474.4,6
9922,11.11.2025,TR,android,ua_tiktok,1,6.4,1
9923,2025-10-06,US,android,ua_tiktok,49,914.5,21
9924,2025-12-03,RU,pc,cross_promo,4,94.8,1
9925,2025-09-14,PL,android,ua_facebook,3,43.8,3
9926,2025-12-18,US,ios,ua_facebook,2,45.8,1
9927,2025-09-23,TR,android,organic,362,7236.4,165
9928,2026-02-27,TR,pc,cross_promo,1,10.5,1
9929,2025-10-16,FR,android,organic,2,41.4,1
9930,2026-02-17,BR,PC,organic,51,1339.7,24
9931,2026-03-09,DE,ios,ua_facebook,2,62.6,2
9932,15.10.2025,RU,android,cross_promo,45,617.2,20
9933,2026-04-23,MX,Android,ua_facebook,71,1555.8,42
9934,2025-11-23,FR,ios,ua_facebook,3,30.6,2
9935,11.09.2025,de,Windows,cross_promo,1,22.2,1
9936,2026-01-17,IN,ios,ua_tiktok,1,11.8,2
9937,2025-09-19,FR,pc,cross_promo,1,3.6,1
9938,2025-11-29,RU,pc,cross_promo,107,2034.3,49
9939,19.12.2025,ES,PC,ua_google,1,"23,0",2
9940,2026-02-21,TR,ios,ua_google,1,27.8,2
9941,12.03.2026,US,ios,cross_promo,58,1113.0,29
9942,2025-11-23,BR,PC,ua_google,3,50.0,4
9943,2026-01-22,BR,Android,organic,29,557.4,8
9944,2025-11-12,DE,Windows,ua_facebook,4,43.2,4
9945,2026-05-06,ES,pc,organic,48,1243.8,21
9946,2026-01-11,Turkey,Android,influencer,10,217.0,4
9947,2026-03-30,US,android,cross_promo,11,202.5,4
9948,2026-06-28,US,ios,ua_google,3,56.7,1
9949,2026-03-06,IN,ios,ua_google,19,588.4,7
9950,2026-04-01,PL,pc,ua_facebook,3,102.3,3
9951,2026-06-15,MX,android,ua_facebook,6,,4
9952,2026-02-27,DE,ios,ua_google,1,21.8,2
9953,2026-06-23,MX,Android,ua_facebook,8,144.0,8
9954,28.06.2026,null,android,ua_facebook,4,95.1,5
9955,2026-04-22,DE,android,organic,2,32.5,1
9956,08.10.2025,FR,ios,ua_google,1,3.4,2
9957,12.11.2025,ES,android,ua_tiktok,13,225.9,8
9958,2026-01-30,PL,android,ua_facebook,27,660.4,12
9959,2026-01-20,BR,android,influencer,135,2757.3,72
9960,23.05.2026,DE,ios,organic,1,10.1,2
9961,2025-10-03,TR,pc,ua_facebook,30,730.2,13
9962,15.11.2025,GER,android,influencer,7,171.8,6
9963,2026-05-21,US,ios,ua_google,3,100.1,3
9964,2025-09-06,DE,android,organic,62,1174.5,40
9965,09.09.2025,TR,IOS,ua_google,171,,88
9966,2026-04-17,RU,ios,ua_tiktok,1,92.2,1
9967,2026-03-10,US,pc,ua_google,69,1369.4,46
9968,2026-01-06,US,android,organic,4,116.5,4
9969,17.09.2025,US,ANDROID,cross_promo,1,12.3,1
9970,2026-03-08,US,pc,ua_tiktok,1,11.5,3
9971,2025-10-16,USA,android,ua_google,65,1427.8,27
9972,2026-04-10,NaN,pc,ua_tiktok,1,31.6,3
9973,2026-01-23,Brazil,pc,ua_google,100,2101.8,47
9974,2025-09-23,BR,pc,ua_google,3,20.6,3
9975,2026-04-26,DE,IOS,influencer,3,31.5,4
9976,13.02.2026,IN,Windows,ua_facebook,11,293.1,5
9977,09.09.2025,DE,pc,ua_google,3,54.7,2
9978,2025-09-01,RU,ios,influencer,2,,2
9979,2026-04-23,PL,pc,organic,62,1286.7,34
9980,2025-09-12,BR,ios,ua_facebook,2,13.1,1
9981,2025-12-06,TR,ios,influencer,41,674.4,25
9982,21.10.2025,ES,android,ua_tiktok,9,131.0,4
9983,2026-02-13,PL,ios,ua_tiktok,1,-,1
9984,2025-11-23,PL,android,ua_tiktok,6,92.4,4
9985,2025-09-11,BR,ios,ua_tiktok,3,44.9,2
9986,26.02.2026,Brazil,pc,ua_facebook,3,56.3,1
9987,2026-01-02,IN,pc,cross_promo,15,445.4,10
9988,2025-09-17,ES,android,ua_facebook,31,588.8,19
9989,28.05.2026,Turkey,android,ua_google,1,17.0,1
9990,06.05.2026,Brazil,ios,ua_google,18,402.0,4
9991,2025-09-02,DE,IOS,ua_google,287,5862.4,121
9992,2025-11-08,FR,iOS,organic,4,103.6,3
9993,2026-05-23,DE,android,ua_google,19,462.3,7
9994,2025-11-08,RU,ios,ua_facebook,3,60.5,2
9995,2026-04-06,US,Android,ua_facebook,1,28.4,2
9996,2026-02-06,BR,iOS,ua_google,6,77.6,5
9997,2025-10-01,ES,ios,ua_google,35,461.4,17
9998,16.01.2026,PL,ios,ua_facebook,2,45.3,3
9999,05.10.2025,,ios,organic,18,312.0,11
10000,2026-02-21,ES,ios,ua_facebook,1,5.1,1
10001,2025-09-04,MX,ios,cross_promo,101,2415.4,54
10002,2026-06-16,BR,Windows,ua_google,1,19.5,1
10003,2025-12-31,RU,android,ua_tiktok,66,1243.0,17
10004,2025-10-24,TR,pc,ua_google,19,390.3,14
10005,04.10.2025,US,android,ua_facebook,1,2.8,2
10006,2026-01-18,MX,android,ua_facebook,4,68.2,2
10007,03.03.2026,de,pc,ua_facebook,33,764.3,18
10008,15.06.2026,TR,ios,organic,8,132.6,6
10009,25.06.2026,BR,pc,ua_facebook,3,55.9,4
10010,2025-12-23,us,ios,ua_facebook,4,57.4,3
10011,2026-06-15,US,pc,organic,2,8.0,2
10012,21.01.2026,DE,iOS,influencer,4,72.5,3
10013,22.09.2025,USA,PC,ua_facebook,237,4593.7,117
10014,2025-10-03,DE,ios,organic,223,4543.0,97
10015,02.01.2026,US,android,ua_facebook,30,523.6,14
10016,2026-06-25,PL,android,ua_facebook,1,11.9,1
10017,2026-04-27,tr,pc,organic,35,803.4,21
10018,2026-01-11,BR,android,cross_promo,6,57.9,4
10019,17.11.2025,IN,android,ua_facebook,3,76.7,2
10020,26.09.2025,ES,android,influencer,1,83.6,1
10021,2025-09-10,BR,pc,ua_facebook,4,62.8,3
10022,2025-11-07,DE,ios,ua_google,4,93.5,1
10023,2026-04-25,RU,pc,ua_google,3,43.6,3
10024,11.09.2025,TR,pc,ua_tiktok,2,16.2,1
10025,2025-09-20,DE,pc,ua_facebook,2,76.9,2
10026,09.11.2025,DE,android,influencer,54,1184.7,30
10027,2025-11-27,null,pc,organic,10,182.8,4
10028,05.10.2025,PL,pc,ua_google,1,17.3,2
10029,25.06.2026,Brazil,ios,ua_tiktok,5,77.6,3
10030,11.09.2025,TR,IOS,ua_google,16,"298,6",10
10031,2025-09-10,US,android,ua_tiktok,3,98.7,1
10032,2026-03-31,BR,pc,ua_facebook,18,406.6,11
10033,2025-12-21,IN,ios,ua_google,13,179.0,7
10034,2026-06-22,MX,Windows,organic,1,5.7,1
10035,2026-04-17,US,ios,ua_google,12,154.4,8
10036,2026-04-20,ES,android,ua_facebook,14,231.2,3
10037,14.02.2026,RU,ios,ua_google,6,109.5,5
10038,2026-03-18,TR,android,ua_facebook,1,null,1
10039,2025-10-15,IN,ios,ua_google,4,65.4,3
10040,09.12.2025,Brazil,ios,ua_facebook,40,915.9,19
10041,2026-03-30,US,ios,influencer,1,11.7,1
10042,2025-09-15,FR,PC,ua_facebook,1,8.5,1
10043,2026-04-12,us,ios,organic,8,166.3,5
10044,2026-02-28,US,pc,organic,126,2913.8,72
10045,06.12.2025,US,ios,ua_facebook,1,4.7,1
10046,2026-06-09,MX,pc,ua_facebook,19,316.4,11
10047,2025-10-04,TR,android,organic,57,1074.7,21
10048,2026-02-26,USA,pc,influencer,15,242.8,3
10049,2026-03-18,MX,pc,organic,2,30.9,1
10050,2026-04-28,DE,PC,influencer,12,280.4,7
10051,2025-09-11,ES,android,ua_google,42,1141.5,32
10052,2025-09-21,н/д,pc,organic,3,83.3,2
10053,2025-11-26,DE,ios,organic,1,6.4,1
10054,2025-09-18,TR,Windows,organic,49,961.5,27
10055,2025-10-13,TR,pc,cross_promo,1,14.0,3
10056,2026-05-28,NaN,android,organic,2,15.8,2
10057,2026-03-28,IN,Android,ua_facebook,2,40.2,1
10058,2025-09-02,BR,pc,ua_google,15,340.3,8
10059,2026-02-16,ES,android,organic,3,35.1,2
10060,2025-10-20,US,android,organic,2,58.7,1
10061,2026-03-15,DE,ANDROID,influencer,1,17.4,2
10062,30.06.2026,RU,android,organic,0,0,1
10063,2025-09-09,TR,Android,ua_tiktok,1,37.7,1
10064,2026-04-04,MX,android,ua_tiktok,3,55.4,1
10065,2026-01-20,ES,ios,ua_tiktok,2,46.9,5
10066,2025-10-05,FR,android,ua_tiktok,13,"390,7",7
10067,2025-10-10,IN,ios,ua_google,1,22.4,2
10068,02.09.2025,TR,Windows,organic,9,137.1,3
10069,2025-09-04,ES,Android,influencer,51,1086.9,29
10070,2026-03-13,TR,android,influencer,64,1221.3,32
10071,2026-05-17,DE,android,organic,1,7.9,2
10072,18.10.2025,US,ANDROID,ua_facebook,1,"44,1",1
10073,2025-11-06,TR,ios,ua_facebook,2,30.4,1
10074,2026-05-18,-,ios,influencer,3,43.5,1
10075,2026-04-30,US,pc,ua_tiktok,11,177.6,7
10076,05.09.2025,ES,ios,ua_facebook,2,42.4,3
10077,2025-12-19,RU,android,ua_tiktok,10,142.0,3
10078,08.03.2026,BR,pc,ua_tiktok,12,343.8,10
10079,2026-02-28,TR,PC,influencer,3,58.3,3
10080,2026-06-09,BR,Windows,ua_google,1,7.2,1
10081,07.03.2026,-,android,ua_tiktok,21,432.6,9
10082,2026-05-07,US,Windows,ua_facebook,1,"68,1",2
10083,04.06.2026,US,pc,ua_tiktok,6,74.5,2
10084,25.02.2026,US,android,ua_facebook,1,31.7,2
10085,2026-03-06,IN,pc,ua_facebook,2,,1
10086,2025-09-04,MX,pc,ua_google,14,327.4,9
10087,2026-04-08,PL,pc,ua_facebook,2,17.1,1
10088,2026-05-22,BR,ios,ua_google,2,9.9,2
10089,05.10.2025,IN,Windows,influencer,15,344.4,7
10090,2025-12-25,US,pc,ua_facebook,101,"2089,7",47
10091,12.03.2026,DE,iOS,ua_facebook,59,"1235,0",37
10092,2026-01-23,FR,Android,cross_promo,1,20.4,1
10093,26.05.2026,DE,ios,organic,5,87.4,5
10094,2025-11-19,US,ios,cross_promo,90,1950.8,45
10095,2026-06-19,MX,pc,organic,1,28.5,1
10096,19.04.2026,ES,ios,influencer,34,670.2,15
10097,2025-11-18,ES,android,ua_tiktok,76,1659.8,45
10098,2026-02-11,IN,ios,organic,2,28.4,1
10099,2026-05-10,IN,android,ua_google,3,90.9,2
10100,2026-04-11,FR,ios,ua_facebook,1,,2
10101,21.02.2026,BR,android,organic,92,1774.1,47
10102,2025-09-28,н/д,ios,ua_google,4,62.8,5
10103,2025-10-06,ru,pc,ua_facebook,2,28.7,1
10104,18.04.2026,DE,ios,influencer,40,794.2,17
10105,12.03.2026,DE,ios,cross_promo,5,84.7,3
10106,2026-05-03,RU,Windows,influencer,3,81.7,3
10107,12.04.2026,tr,android,cross_promo,8,185.6,4
10108,11.01.2026,BR,pc,ua_facebook,15,280.2,8
10109,2025-11-30,BR,android,ua_facebook,16,432.7,10
10110,08.12.2025,RU,pc,ua_tiktok,8,112.7,5
10111,2026-01-05,DE,android,ua_facebook,80,1627.0,35
10112,12.11.2025,MX,ANDROID,ua_facebook,93,2188.7,50
10113,18.09.2025,br,pc,organic,23,691.9,13
10114,2026-02-07,Russia,ios,organic,15,208.0,7
10115,2026-01-18,,ios,organic,16,321.4,7
10116,2025-09-21,IN,android,organic,3,"37,3",1
10117,16.10.2025,DE,android,organic,2,41.9,4
10118,26.04.2026,PL,android,influencer,3,21.6,3
10119,2025-12-18,MX,android,ua_facebook,27,692.8,16
10120,2026-06-29,BR,android,influencer,2,32.3,1
10121,2025-09-12,IN,pc,ua_facebook,1,2.7,1
10122,2026-06-23,TR,android,ua_facebook,4,48.0,1
10123,2026-06-09,PL,PC,organic,31,490.1,13
10124,2025-12-30,IN,ios,ua_google,31,910.7,16
10125,2026-03-15,IN,android,organic,9,"161,8",6
10126,2025-11-28,IN,android,ua_tiktok,91,1993.2,25
10127,25.06.2026,DE,android,ua_facebook,1,16.6,1
10128,2025-11-19,Germany,android,ua_facebook,3,89.5,2
10129,2026-01-28,BR,iOS,influencer,150,3074.5,64
10130,2025-09-18,RU,Windows,ua_facebook,59,1156.9,30
10131,2025-12-02,PL,android,cross_promo,2,47.2,4
10132,2026-02-22,us,pc,ua_facebook,19,321.4,9
10133,2025-10-17,BR,ios,influencer,1,17.2,1
10134,20.10.2025,BR,ios,ua_facebook,3,9.5,1
10135,2025-12-07,BR,ios,influencer,2,18.1,3
10136,03.11.2025,,android,organic,2,-32.2,1
10137,2026-04-21,PL,ANDROID,organic,90,1806.2,56
10138,2025-09-16,US,ios,ua_facebook,3,52.0,1
10139,01.06.2026,br,android,ua_facebook,12,263.3,5
10140,2025-11-06,ES,android,ua_facebook,2,19.7,2
10141,2025-11-13,US,android,ua_facebook,1,"6,3",2
10142,07.10.2025,BR,ios,ua_facebook,3,"114,2",1
10143,2025-10-03,PL,pc,ua_google,52,1041.4,22
10144,2026-05-01,IN,android,ua_google,41,806.2,18
10145,09.09.2025,BR,pc,cross_promo,33,729.8,16
10146,2025-11-15,IN,ios,ua_tiktok,125,2393.3,64
10147,2025-11-20,MX,ios,organic,139,2795.2,73
10148,2026-01-06,US,pc,ua_google,56,930.9,33
10149,29.10.2025,US,android,ua_tiktok,11,212.7,7
10150,2026-06-28,FR,Android,ua_tiktok,4,149.5,2
10151,2025-09-09,DE,ios,ua_google,8,163.7,5
10152,2025-09-21,RU,ANDROID,ua_tiktok,51,1076.5,29
10153,04.09.2025,TR,android,influencer,2,53.0,2
10154,2026-03-16,FR,Android,ua_tiktok,14,303.7,10
10155,2025-09-24,,ios,ua_facebook,2,15.0,1
10156,13.09.2025,PL,ANDROID,ua_facebook,1,15.9,2
10157,2026-03-29,FR,pc,organic,56,1081.1,20
10158,2025-12-29,US,android,cross_promo,1,5.9,1
10159,29.09.2025,US,ios,organic,2,33.0,2
10160,2026-04-23,DE,pc,ua_google,2,44.0,1
10161,2025-12-04,US,ios,ua_google,1,6.1,1
10162,2026-04-02,PL,ANDROID,cross_promo,3,29.7,1
10163,2025-11-23,US,ios,ua_facebook,6,51.4,4
10164,11.12.2025,IN,ios,ua_google,14,275.2,5
10165,2026-01-10,Russia,PC,ua_facebook,3,40.2,2
10166,15.11.2025,FR,android,ua_facebook,38,671.4,24
10167,07.03.2026,de,Windows,ua_facebook,1,98.6,1
10168,28.04.2026,FR,android,ua_facebook,14,228.5,10
10169,16.12.2025,BR,pc,ua_tiktok,91,1564.6,48
10170,2026-02-12,ES,ios,cross_promo,1,10.5,1
10171,2026-03-07,DE,ios,ua_facebook,11,337.9,5
10172,2025-12-12,IN,pc,ua_google,1,10.4,2
10173,08.09.2025,Turkey,ios,ua_facebook,5,82.3,6
10174,2025-09-14,FR,android,ua_facebook,76,1563.2,28
10175,2026-03-07,DE,android,ua_google,46,873.7,23
10176,2026-03-29,IN,Android,ua_facebook,1,16.9,2
10177,15.09.2025,BR,android,ua_google,5,,6
10178,2025-11-07,IN,iOS,cross_promo,59,1361.0,27
10179,03.03.2026,USA,ios,influencer,24,695.0,19
10180,2025-10-06,TR,ios,ua_google,9,245.2,7
10181,2026-01-30,US,ios,influencer,1,13.1,1
10182,2026-02-14,FR,ANDROID,ua_google,18,319.1,9
10183,09.01.2026,BR,ios,ua_facebook,3,"113,0",3
10184,2026-02-18,DE,pc,ua_facebook,1,4.2,2
10185,2025-09-30,US,pc,ua_google,1,7.7,1
10186,01.09.2025,Brazil,ios,ua_tiktok,2,30.4,1
10187,2026-04-26,BR,android,cross_promo,22,438.5,10
10188,25.12.2025,Turkey,android,organic,3,84.1,3
10189,10.09.2025,IN,android,ua_tiktok,1,35.1,1
10190,2026-04-21,TR,PC,ua_facebook,36,833.7,18
10191,2026-02-04,DE,Windows,cross_promo,2,65.7,2
10192,2025-10-17,DE,Windows,ua_google,2,18.9,1
10193,2025-09-27,н/д,android,cross_promo,1,11.0,2
10194,2026-06-06,RU,pc,ua_facebook,15,NaN,8
10195,19.05.2026,TR,ios,ua_facebook,1,8.7,1
10196,2025-12-15,TR,pc,cross_promo,2,38.8,4
10197,2026-02-12,ES,pc,organic,4,50.9,3
10198,2026-06-14,,ios,ua_facebook,20,,7
10199,01.09.2025,DE,android,influencer,3,48.0,1
10200,02.12.2025,ES,ios,influencer,11,150.7,4
10201,2026-05-22,RU,android,influencer,1,6.4,2
10202,2026-06-06,PL,pc,cross_promo,23,426.8,9
10203,09.03.2026,н/д,pc,ua_facebook,125,2690.3,59
10204,2026-04-19,US,android,cross_promo,7,107.9,3
10205,2025-12-11,ES,android,organic,4,87.4,1
10206,2025-09-04,RU,ANDROID,ua_facebook,3,65.9,2
10207,2026-01-19,DE,IOS,cross_promo,17,210.2,6
10208,2025-11-10,null,ios,ua_tiktok,141,3259.0,74
10209,2026-05-04,USA,Android,ua_google,2,164.2,1
10210,03.05.2026,BR,pc,organic,8,376.0,5
10211,2025-10-09,ES,android,ua_tiktok,270,4850.0,143
10212,2025-12-23,ES,android,ua_google,5,54.7,3
10213,14.10.2025,MX,ios,ua_facebook,12,186.5,6
10214,2026-02-27,DE,iOS,ua_facebook,1,10.0,2
10215,2026-05-22,MX,Android,organic,1,4.8,1
10216,2025-09-03,null,ios,ua_google,9,118.7,2
10217,2025-10-20,RU,android,ua_facebook,2,126.8,4
10218,05.10.2025,PL,ios,ua_google,1,20.4,2
10219,2025-09-16,BR,android,organic,3,72.5,1
10220,2026-06-28,null,android,ua_google,5,95.0,5
10221,2026-05-17,FR,ios,ua_tiktok,3,66.4,3
10222,2025-09-22,US,ios,ua_tiktok,5,99.9,3
10223,2025-12-25,DE,pc,cross_promo,1,-,2
10224,2025-11-29,BR,pc,ua_google,7,157.3,4
10225,2025-12-09,ES,android,cross_promo,1,null,1
10226,31.05.2026,RU,android,ua_google,2,88.8,2
10227,2025-10-04,ES,android,ua_tiktok,133,2675.5,78
10228,28.03.2026,DE,ANDROID,organic,1,41.1,1
10229,2025-12-02,IN,pc,ua_facebook,2,41.4,1
10230,23.09.2025,TR,ios,organic,60,990.8,30
10231,2026-05-22,DE,android,organic,2,64.7,3
10232,2025-11-23,US,android,organic,1,17.0,2
10233,14.02.2026,DE,pc,ua_facebook,158,3257.4,94
10234,2025-09-25,PL,pc,ua_tiktok,1,"9,4",1
10235,2025-09-15,FR,ios,ua_tiktok,2,-,2
10236,2025-10-13,DE,ios,ua_facebook,10,181.1,7
10237,2026-03-29,DE,ANDROID,influencer,2,60.2,2
10238,2025-11-18,FR,pc,organic,61,1033.6,39
10239,2026-02-17,BR,android,organic,73,1621.3,34
10240,16.02.2026,RU,pc,ua_facebook,20,"430,5",13
10241,2026-05-26,PL,ios,ua_facebook,1,28.9,1
10242,2025-09-15,MX,PC,ua_facebook,41,750.2,21
10243,2026-01-18,RU,android,ua_google,2,36.1,2
10244,2026-02-21,TR,pc,organic,2,16.6,1
10245,2025-11-08,BR,Windows,ua_facebook,4,63.7,2
10246,2026-01-16,IN,android,cross_promo,1,33.4,1
10247,2026-03-17,BR,ios,ua_facebook,4,170.2,2
10248,29.09.2025,PL,android,ua_facebook,10,98.9,5
10249,2026-04-07,BR,ios,cross_promo,1,24.6,2
10250,2025-09-16,FR,pc,influencer,5,46.7,2
10251,2026-04-05,US,PC,cross_promo,37,723.2,20
10252,2025-09-27,RU,ios,ua_facebook,188,4012.0,94
10253,2026-01-08,US,Windows,ua_google,8,106.8,1
10254,2025-11-04,FR,android,ua_tiktok,2,"20,2",1
10255,18.09.2025,US,ios,ua_facebook,1,"98,1",1
10256,2026-03-02,us,ios,cross_promo,16,374.4,7
10257,2026-06-18,US,pc,ua_facebook,3,53.5,2
10258,2026-05-20,MX,Windows,cross_promo,24,399.7,10
10259,2026-03-25,TR,ios,influencer,21,478.9,10
10260,2025-10-23,RU,IOS,organic,31,403.9,9
10261,27.06.2026,de,android,ua_tiktok,3,49.9,1
10262,2025-11-07,FR,android,ua_google,1,н/д,1
10263,28.03.2026,TR,PC,ua_google,3,26.6,2
10264,2025-12-12,GER,android,cross_promo,10,234.5,6
10265,2025-09-12,TR,android,influencer,7,"184,0",8
10266,28.11.2025,IN,android,ua_google,7,123.8,2
10267,12.02.2026,US,ios,cross_promo,3,58.9,1
10268,14.11.2025,FR,pc,ua_facebook,178,3968.5,106
10269,2025-11-13,BR,IOS,cross_promo,6,183.0,3
10270,2026-03-03,US,ios,ua_tiktok,1,11.9,2
10271,2025-10-07,US,android,ua_google,3,29.5,3
10272,2026-06-19,TR,android,ua_tiktok,2,"48,8",3
10273,2025-12-04,BR,android,ua_google,1,68.4,1
10274,13.12.2025,BR,android,organic,2,"96,6",1
10275,2026-06-07,Brazil,android,ua_tiktok,5,"45,2",4
10276,2026-02-05,TR,android,organic,2,36.7,3
10277,10.06.2026,TR,pc,ua_google,15,248.9,9
10278,18.10.2025,br,IOS,ua_google,6,"137,6",4
10279,2026-06-04,IN,pc,ua_facebook,15,376.4,10
10280,2025-12-05,FR,android,ua_google,3,69.3,3
10281,2026-01-26,TR,android,ua_tiktok,3,127.0,4
10282,2026-05-10,PL,android,organic,12,256.9,4
10283,01.02.2026,ru,ios,ua_facebook,4,64.5,3
10284,2026-06-10,ES,Windows,ua_tiktok,19,"327,1",7
10285,24.11.2025,US,android,ua_facebook,1,13.1,2
10286,2025-11-29,US,Android,ua_facebook,109,2445.9,65
10287,05.02.2026,RU,pc,cross_promo,8,190.4,11
10288,2026-03-09,-,iOS,organic,5,"115,6",2
10289,08.11.2025,,android,organic,4,72.1,7
10290,22.12.2025,IN,pc,ua_google,5,62.2,3
10291,2026-06-12,DE,ios,ua_facebook,8,145.3,3
10292,2026-06-23,TR,pc,ua_facebook,7,138.4,5
10293,2026-04-05,DE,android,ua_google,22,416.8,9
10294,2026-01-26,US,ios,ua_google,47,805.6,21
10295,2025-12-24,DE,ios,ua_facebook,4,,4
10296,2026-05-01,Brazil,android,ua_google,29,null,11
10297,08.10.2025,TR,pc,ua_facebook,6,128.7,4
10298,2026-01-01,us,iOS,organic,2,50.5,2
10299,2025-10-13,BR,ios,ua_google,25,543.0,16
10300,2026-02-09,BR,android,ua_google,5,81.9,3
10301,2025-09-08,TR,IOS,ua_facebook,53,1058.4,28
10302,03.11.2025,,pc,organic,16,402.0,8
10303,2025-09-29,IN,android,ua_facebook,1,10.5,2
10304,2026-02-28,US,android,organic,114,2325.0,44
10305,2026-01-25,FR,pc,ua_facebook,55,1146.4,23
10306,2026-03-23,TR,ios,ua_facebook,30,784.6,14
10307,07.05.2026,DE,android,organic,25,402.4,15
10308,09.09.2025,ES,android,organic,56,876.3,30
10309,2025-11-17,MX,pc,influencer,5,NaN,3
10310,2026-02-06,FR,pc,organic,28,484.7,19
10311,03.12.2025,RU,IOS,ua_tiktok,3,76.7,1
10312,25.03.2026,US,Android,ua_tiktok,1,"11,3",2
10313,2026-06-10,GER,ios,ua_facebook,4,37.5,1
10314,29.12.2025,MX,ios,ua_google,19,413.9,7
10315,2025-09-04,IN,ios,ua_google,38,706.7,19
10316,2025-12-18,RU,android,ua_google,3,96.2,1
10317,2025-10-02,FR,android,ua_facebook,1,25.5,2
10318,2025-09-07,RU,pc,ua_facebook,5,"61,1",4
10319,15.09.2025,IN,iOS,organic,7,240.3,4
10320,2026-05-29,BR,android,organic,24,435.6,11
10321,2025-09-15,BR,android,ua_google,19,304.4,9
10322,2026-02-15,US,pc,organic,6,137.5,4
10323,2025-11-30,MX,android,organic,8,270.3,3
10324,2026-01-03,BR,iOS,ua_facebook,9,162.1,6
10325,2026-02-21,TR,ios,influencer,2,33.4,1
10326,2026-04-23,,iOS,ua_google,44,915.9,17
10327,04.02.2026,PL,ios,ua_facebook,1,18.0,1
10328,2026-02-11,ES,ios,ua_tiktok,3,,2
10329,2025-09-02,BR,android,organic,2,24.8,1
10330,2026-02-09,PL,ios,ua_facebook,5,160.4,3
10331,2026-01-01,BR,android,organic,1,4.7,1
10332,05.03.2026,PL,android,ua_facebook,18,430.3,8
10333,05.03.2026,FR,ios,ua_facebook,1,117.1,3
10334,2025-09-25,US,ios,ua_tiktok,1,4.1,1
10335,14.05.2026,BR,android,organic,2,79.0,3
10336,2026-04-30,FR,android,organic,1,11.7,1
10337,2025-09-07,FR,ios,ua_facebook,44,1117.2,15
10338,2025-12-01,BR,pc,ua_tiktok,165,3635.4,69
10339,2026-06-16,MX,pc,ua_facebook,22,488.9,13
10340,2026-02-20,RU,ios,ua_google,1,9.0,1
10341,2026-04-14,PL,pc,influencer,12,"223,2",9
10342,2026-03-14,BR,ios,organic,2,14.1,2
10343,26.01.2026,FR,android,influencer,3,36.2,5
10344,2026-02-10,-,android,ua_google,1,20.7,1
10345,2025-11-18,BR,ios,ua_facebook,3,27.4,2
10346,2026-05-16,RU,pc,ua_tiktok,3,75.3,3
10347,2025-09-13,DE,android,ua_facebook,1,14.3,2
10348,2025-09-08,US,pc,ua_tiktok,9,231.7,6
10349,2026-02-06,ES,android,ua_google,1,29.1,1
10350,18.10.2025,TR,android,organic,15,208.3,4
10351,2025-10-20,US,android,ua_facebook,74,1397.3,39
10352,2025-11-03,US,ios,ua_facebook,3,39.5,3
10353,2026-02-08,FR,ANDROID,influencer,10,168.3,4
10354,2026-04-15,BR,android,ua_facebook,10,250.6,6
10355,2026-05-14,Turkey,Android,influencer,1,76.6,1
10356,2026-01-16,DE,android,ua_google,50,1034.6,26
10357,20.10.2025,Germany,ANDROID,cross_promo,14,254.0,7
10358,2025-10-27,FR,IOS,ua_facebook,1,4.5,2
10359,2026-02-16,FR,Android,ua_facebook,1,2.1,1
10360,2025-09-01,US,android,ua_google,2,37.9,1
10361,2026-01-15,US,ANDROID,organic,1,14.5,2
10362,23.11.2025,-,ios,organic,2,84.0,1
10363,2025-09-04,USA,android,ua_facebook,4,72.3,4
10364,29.12.2025,US,android,ua_google,2,49.3,3
10365,27.01.2026,ES,pc,ua_google,3,40.9,2
10366,2026-04-03,BR,pc,cross_promo,101,2303.9,53
10367,2025-09-11,RU,android,ua_tiktok,208,н/д,101
10368,11.10.2025,PL,pc,ua_google,1,4.4,3
10369,2026-05-11,MX,ios,ua_google,19,298.9,6
10370,2026-05-26,US,PC,ua_facebook,2,26.8,2
10371,2025-09-14,IN,android,ua_facebook,167,н/д,92
10372,04.09.2025,ru,ios,ua_facebook,236,4816.1,122
10373,20.03.2026,BR,pc,ua_facebook,6,80.6,2
10374,2026-05-08,US,pc,ua_facebook,3,48.1,2
10375,2026-01-08,MX,ios,ua_google,32,670.2,22
10376,2026-03-02,FR,ios,ua_google,41,958.0,23
10377,2026-04-16,TR,pc,cross_promo,2,32.7,1
10378,2025-10-31,BR,ios,ua_google,1,NaN,1
10379,30.09.2025,,Android,ua_google,4,56.4,2
10380,30.04.2026,PL,android,ua_facebook,6,111.1,3
10381,2026-03-09,ES,android,ua_google,47,974.1,18
10382,05.06.2026,Russia,pc,organic,4,184.6,4
10383,2026-02-09,,ios,cross_promo,62,1246.7,32
10384,2025-10-03,RU,pc,influencer,36,840.7,18
10385,2025-12-02,PL,ios,ua_tiktok,2,93.3,1
10386,2025-09-29,BR,pc,organic,3,33.2,6
10387,2026-06-24,TR,pc,ua_facebook,3,44.9,3
10388,2026-03-25,DE,ios,ua_facebook,54,1221.8,28
10389,2025-10-09,,ios,ua_google,4,75.4,3
10390,05.11.2025,US,android,ua_facebook,1,45.7,2
10391,2026-05-31,MX,android,ua_facebook,29,723.6,19
10392,2025-09-12,PL,iOS,ua_tiktok,13,452.1,10
10393,2026-01-15,DE,ios,organic,58,992.7,31
10394,2026-04-17,PL,android,cross_promo,5,95.2,2
10395,02.11.2025,FR,Windows,influencer,39,894.4,26
10396,2025-09-01,TR,Windows,ua_google,3,32.9,1
10397,2026-05-16,null,ios,ua_tiktok,1,NaN,1
10398,28.10.2025,TR,android,ua_facebook,5,103.6,5
10399,2026-06-18,BR,android,organic,1,11.5,2
10400,23.01.2026,RU,android,cross_promo,18,309.9,7
10401,2025-12-04,IN,ios,ua_tiktok,2,67.9,1
10402,2025-11-10,IN,android,organic,1,10.4,1
10403,2026-04-13,BR,ios,ua_facebook,24,"399,3",9
10404,2025-10-20,BR,android,ua_google,10,184.6,2
10405,22.09.2025,null,pc,influencer,13,344.3,5
10406,2026-04-15,US,Android,ua_facebook,1,6.2,1
10407,2026-05-11,RU,ios,ua_google,1,н/д,2
10408,2026-05-20,BR,ios,ua_google,17,NaN,13
10409,2025-11-01,BR,Android,organic,2,56.3,1
10410,2026-04-30,TR,android,cross_promo,2,33.0,3
10411,2025-10-04,DE,pc,ua_facebook,1,35.8,2
10412,2026-02-25,MX,android,ua_facebook,62,1267.9,39
10413,05.10.2025,DE,android,ua_facebook,1,5.8,1
10414,03.11.2025,ES,ios,ua_facebook,2,36.6,2
10415,28.05.2026,,IOS,ua_google,7,114.5,4
10416,2026-04-07,FR,iOS,ua_facebook,2,48.4,1
10417,2026-03-30,BR,ios,ua_facebook,5,76.1,3
10418,2025-09-14,BR,pc,ua_tiktok,2,49.6,1
10419,2026-01-22,IN,pc,ua_facebook,2,49.1,2
10420,2025-09-16,RU,ios,organic,1,6.9,1
10421,2026-02-08,US,android,influencer,1,27.0,1
10422,2026-01-12,Germany,pc,ua_facebook,17,309.1,12
10423,2026-02-01,MX,android,influencer,4,26.3,2
10424,2025-09-15,US,android,influencer,1,11.3,1
10425,2026-05-26,н/д,pc,ua_facebook,18,328.3,12
10426,2026-05-26,ES,Android,organic,1,26.7,2
10427,2026-05-02,Turkey,ios,ua_google,2,"20,9",2
10428,28.01.2026,RU,iOS,ua_google,42,1099.4,23
10429,2025-11-24,ES,pc,cross_promo,17,456.5,6
10430,09.11.2025,FR,ios,ua_google,1,15.3,1
10431,2026-03-13,DE,PC,ua_facebook,1,8.4,1
10432,2025-11-08,US,android,organic,2,33.0,5
10433,13.12.2025,BR,ios,ua_facebook,79,1715.7,28
10434,2026-02-06,US,ios,ua_facebook,1,24.6,1
10435,2025-11-14,FR,android,ua_google,2,н/д,1
10436,2026-03-23,TR,ios,ua_tiktok,119,2453.7,47
10437,2025-09-08,PL,android,organic,1,40.5,1
10438,2026-05-24,ES,android,influencer,2,"54,6",2
10439,30.06.2026,br,ios,ua_google,0,0,1
10440,02.09.2025,US,ios,ua_facebook,62,NaN,30
10441,2026-06-26,IN,ios,cross_promo,3,42.1,1
10442,09.03.2026,US,android,influencer,52,1081.3,21
10443,2025-11-07,DE,android,influencer,63,1264.9,37
10444,14.01.2026,RU,ANDROID,ua_tiktok,2,30.3,1
10445,2025-11-13,RU,android,ua_facebook,142,2580.3,59
10446,2026-04-05,BR,ios,cross_promo,1,28.0,3
10447,2025-11-01,BR,android,organic,17,,6
10448,2025-11-19,BR,android,ua_google,8,132.9,6
10449,2025-12-14,ES,pc,ua_facebook,2,37.2,2
10450,2025-11-18,null,android,ua_google,1,6.9,1
10451,2026-05-06,TR,android,organic,3,28.4,1
10452,2026-04-17,FR,pc,ua_facebook,2,56.9,1
10453,2026-02-20,RU,android,ua_facebook,1,9.3,2
10454,2025-12-03,MX,IOS,influencer,2,36.3,2
10455,01.01.2026,MX,pc,ua_facebook,51,-1241.7,25
10456,01.11.2025,BR,pc,ua_google,21,"366,8",9
10457,2026-01-05,PL,android,influencer,6,198.1,3
10458,09.02.2026,TR,PC,ua_tiktok,1,16.1,2
10459,2026-01-21,PL,android,ua_facebook,2,8.0,1
10460,2025-12-09,DE,pc,ua_tiktok,1,44.4,1
10461,09.09.2025,FR,ANDROID,ua_facebook,45,836.0,20
10462,10.10.2025,DE,iOS,ua_tiktok,4,70.3,3
10463,2026-01-24,FR,pc,organic,3,91.3,2
10464,23.05.2026,RU,ios,organic,60,1120.0,32
10465,2025-09-22,MX,pc,ua_facebook,16,376.7,14
10466,05.09.2025,DE,pc,ua_google,9,202.1,7
10467,2026-03-12,BR,android,cross_promo,2,38.7,2
10468,2026-04-13,ES,ios,ua_facebook,12,256.1,8
10469,2026-06-03,US,pc,ua_google,4,29.2,3
10470,2026-04-03,TR,android,ua_tiktok,3,130.1,2
10471,2025-10-12,FR,iOS,ua_facebook,1,49.0,1
10472,2026-03-08,PL,android,ua_facebook,35,NaN,21
10473,04.06.2026,,ios,organic,2,65.8,1
10474,2025-09-07,DE,ios,ua_google,1,5.4,1
10475,10.02.2026,br,IOS,organic,6,157.4,2
10476,2026-03-28,US,ios,ua_google,7,144.6,5
10477,2026-06-06,ES,PC,ua_facebook,9,185.0,7
10478,28.06.2026,ES,android,influencer,2,NaN,3
10479,2026-02-20,NaN,ANDROID,organic,19,355.2,9
10480,2025-11-13,,android,ua_google,222,4286.0,100
10481,2025-12-03,USA,ios,ua_facebook,1,25.0,2
10482,2026-06-05,BR,PC,cross_promo,23,369.6,11
10483,2025-12-08,,ios,ua_google,72,1364.4,41
10484,2026-06-13,US,android,organic,18,314.7,9
10485,2025-10-16,,ios,organic,5,99.5,1
10486,2025-11-29,,Android,influencer,2,16.9,1
10487,23.12.2025,TR,android,influencer,43,924.4,20
10488,2026-01-08,PL,Android,organic,24,369.9,20
10489,2025-09-14,Brazil,pc,organic,186,3957.2,94
10490,2026-03-21,TR,ANDROID,ua_tiktok,1,"60,3",2
10491,2025-12-01,Germany,Android,ua_facebook,1,7.7,3
10492,2025-09-16,FR,pc,ua_tiktok,3,72.6,4
10493,2025-12-23,IN,ios,ua_google,1,22.0,3
10494,2025-09-12,BR,android,ua_tiktok,1,44.8,1
10495,2025-09-02,US,android,ua_tiktok,1,13.3,1
10496,2026-06-15,FR,android,ua_facebook,13,196.7,9
10497,31.03.2026,IN,PC,ua_facebook,67,1246.5,39
10498,2025-12-13,TR,android,ua_google,2,25.4,4
10499,2025-09-01,MX,ios,ua_google,1,9.5,1
10500,16.02.2026,GER,pc,ua_facebook,1,132.6,2
10501,2026-05-14,BR,ios,organic,22,463.8,10
10502,2025-09-01,DE,android,influencer,29,406.2,19
10503,2025-10-18,BR,pc,ua_facebook,13,215.9,1
10504,2025-11-16,USA,Android,organic,4,93.6,4
10505,2026-02-16,-,ios,organic,28,497.7,14
10506,2026-01-18,ES,android,cross_promo,58,1191.6,19
10507,2026-03-28,ES,ios,organic,2,49.5,2
10508,2026-05-06,DE,ios,organic,11,222.5,5
10509,2025-11-21,ES,ios,ua_tiktok,2,78.8,2
10510,2026-03-28,BR,ios,ua_facebook,11,218.5,4
10511,2026-03-19,DE,android,ua_facebook,10,391.2,2
10512,06.09.2025,RU,android,ua_google,2,38.5,3
10513,07.01.2026,IN,ios,ua_facebook,1,56.5,1
10514,2025-10-06,ES,ios,ua_facebook,4,71.1,3
10515,2026-02-15,DE,android,organic,2,65.6,3
10516,25.11.2025,DE,ios,ua_tiktok,45,889.5,20
10517,2025-12-29,FR,ios,ua_facebook,25,417.0,15
10518,2025-10-30,BR,Windows,ua_tiktok,217,3982.6,100
10519,17.04.2026,,pc,ua_google,3,59.6,1
10520,2025-09-24,RU,pc,ua_google,84,1789.5,44
10521,06.09.2025,IN,android,ua_facebook,1,10.8,1
10522,2026-05-31,IN,Windows,ua_tiktok,24,329.7,11
10523,2026-03-06,FR,android,ua_facebook,33,769.2,21
10524,2025-11-28,MX,ios,organic,3,39.3,3
10525,05.11.2025,US,ios,ua_facebook,2,55.5,2
10526,2026-03-15,BR,pc,ua_google,62,1322.7,21
10527,2026-03-24,DE,ios,ua_google,2,75.4,1
10528,2025-09-02,FR,ios,ua_tiktok,3,45.0,5
10529,17.11.2025,ES,android,ua_facebook,1,7.9,1
10530,2025-11-02,MX,ios,ua_google,11,139.1,6
10531,15.04.2026,ES,ios,ua_tiktok,55,944.9,13
10532,2025-10-20,TR,android,organic,5,64.3,2
10533,23.01.2026,FR,android,organic,38,638.0,22
10534,05.09.2025,TR,ios,ua_facebook,67,1338.9,30
10535,2026-05-17,FR,android,ua_facebook,1,6.3,1
10536,17.12.2025,PL,pc,ua_facebook,16,324.6,11
10537,2025-09-14,DE,android,ua_google,1,9.6,1
10538,2026-04-09,BR,pc,ua_google,1,7.5,1
10539,11.04.2026,PL,pc,ua_tiktok,13,211.9,9
10540,2026-01-19,ES,android,organic,149,3072.4,68
10541,2026-01-29,US,pc,ua_google,6,67.9,2
10542,2026-01-07,RU,ios,organic,58,1110.5,31
10543,10.04.2026,TR,PC,ua_tiktok,7,223.6,6
10544,2026-01-13,DE,ios,cross_promo,2,50.1,3
10545,2026-03-01,US,iOS,ua_tiktok,1,8.1,3
10546,2025-12-18,ES,android,organic,66,1273.1,41
10547,2026-05-13,IN,android,ua_google,27,510.8,15
10548,2026-02-23,TR,android,ua_tiktok,1,23.2,2
10549,28.05.2026,Russia,pc,ua_google,1,6.5,1
10550,04.05.2026,PL,android,ua_google,58,1306.3,37
10551,2025-12-02,BR,pc,ua_google,1,10.9,1
10552,2025-10-06,DE,android,ua_facebook,198,4508.1,91
10553,2025-09-14,US,android,ua_facebook,2,99.1,2
10554,23.02.2026,DE,Android,ua_tiktok,133,3153.8,60
10555,2025-09-07,USA,ios,influencer,3,77.6,2
10556,2025-09-09,RU,pc,ua_facebook,2,76.7,1
10557,2026-03-05,DE,pc,organic,4,54.2,5
10558,2026-04-05,IN,Android,ua_tiktok,11,203.7,6
10559,2026-03-28,BR,iOS,ua_google,63,1379.8,39
10560,2025-12-13,US,android,ua_facebook,66,1632.5,28
10561,2026-05-07,DE,ANDROID,ua_facebook,1,24.9,1
10562,2025-10-27,PL,ios,ua_google,26,498.7,21
10563,2026-04-03,RU,ios,ua_facebook,49,952.0,26
10564,2025-09-04,н/д,android,ua_facebook,4,null,2
10565,2026-01-26,ES,android,influencer,31,575.1,12
10566,2025-12-31,PL,ios,ua_facebook,4,96.6,1
10567,2026-02-13,IN,ANDROID,ua_facebook,60,1416.9,30
10568,2026-01-05,DE,PC,influencer,1,-8.4,3
10569,2026-02-09,FR,ios,influencer,1,7.1,2
10570,2026-04-09,MX,ios,ua_google,19,474.9,13
10571,09.11.2025,br,android,ua_google,18,410.1,9
10572,2026-02-06,GER,ios,ua_facebook,7,119.1,6
10573,2025-11-15,FR,ios,ua_tiktok,111,2441.4,60
10574,2025-11-08,US,Windows,ua_google,7,122.6,5
10575,07.09.2025,US,ios,organic,26,null,7
10576,09.09.2025,RU,Windows,organic,11,214.5,8
10577,2025-11-23,MX,Android,organic,16,292.5,10
10578,08.12.2025,PL,Windows,ua_google,6,97.3,3
10579,2025-10-04,-,android,influencer,17,"291,2",9
10580,2026-04-30,PL,android,ua_google,16,,10
10581,22.04.2026,GER,ios,organic,5,81.2,2
10582,2025-10-14,IN,android,ua_tiktok,2,30.3,3
10583,2026-02-01,RU,pc,cross_promo,2,23.0,2
10584,2025-09-05,DE,android,ua_facebook,4,121.5,3
10585,11.10.2025,DE,Android,ua_tiktok,43,1035.8,26
10586,23.10.2025,BR,android,cross_promo,2,"40,8",3
10587,2025-11-24,MX,PC,influencer,120,2492.8,67
10588,2026-04-06,tr,android,ua_google,11,266.2,3
10589,23.02.2026,DE,PC,organic,1,113.5,3
10590,2025-10-07,RU,android,ua_google,7,213.7,2
10591,11.01.2026,TR,android,influencer,2,56.9,1
10592,2025-10-13,DE,android,organic,10,"234,1",5
10593,04.04.2026,IN,pc,ua_facebook,1,8.1,2
10594,2026-03-31,US,android,organic,11,170.9,6
10595,2025-10-17,Russia,Android,organic,4,76.1,1
10596,2026-04-14,US,ios,influencer,1,1.7,1
10597,2026-06-17,,Android,ua_facebook,11,255.5,5
10598,2026-01-10,PL,pc,ua_facebook,87,1765.0,44
10599,2025-10-02,-,android,ua_facebook,1,8.7,1
10600,2026-01-05,US,android,ua_tiktok,1,38.2,1
10601,10.10.2025,DE,pc,ua_tiktok,1,9.3,2
10602,2026-06-01,Turkey,ios,influencer,1,32.3,3
10603,16.06.2026,null,android,cross_promo,1,50.0,1
10604,2025-09-20,ES,pc,ua_tiktok,1,5.5,3
10605,2026-02-18,FR,IOS,ua_google,135,2410.5,67
10606,2026-05-02,RU,pc,organic,31,582.8,18
10607,2026-01-17,FR,iOS,organic,1,18.5,2
10608,2026-01-20,DE,ios,organic,3,26.9,2
10609,2026-01-11,MX,ios,cross_promo,6,152.0,3
10610,2025-10-31,RU,android,ua_google,32,507.3,22
10611,2025-10-17,NaN,pc,influencer,3,42.6,4
10612,2026-02-16,ES,pc,influencer,1,11.3,1
10613,12.09.2025,US,iOS,organic,17,294.2,9
10614,2025-10-12,US,ios,ua_facebook,11,178.9,4
10615,2025-11-28,ES,pc,organic,4,66.7,2
10616,2025-09-26,,ios,ua_google,11,194.3,4
10617,2026-02-12,ES,Android,organic,38,591.9,19
10618,2025-10-30,null,PC,ua_google,259,5081.2,117
10619,2026-04-18,,ios,ua_facebook,10,366.2,3
10620,2025-12-07,,android,ua_google,112,2093.6,56
10621,2026-04-17,RU,android,organic,7,154.3,7
10622,2025-10-19,MX,ios,organic,61,1479.7,27
10623,2025-12-16,BR,android,ua_facebook,3,32.9,2
10624,2025-09-02,TR,Android,ua_google,279,5988.0,158
10625,2026-06-25,RU,android,influencer,1,38.0,1
10626,02.10.2025,ES,android,ua_facebook,1,8.2,1
10627,2026-05-07,ES,android,ua_facebook,9,110.5,4
10628,2026-01-24,null,android,ua_tiktok,2,87.5,3
10629,2025-09-26,BR,ios,ua_google,1,7.3,1
10630,2026-03-30,PL,android,ua_tiktok,8,100.3,4
10631,2026-06-23,Turkey,android,ua_google,5,126.6,3
10632,2026-02-18,Germany,pc,organic,9,125.5,5
10633,25.04.2026,DE,IOS,ua_facebook,3,н/д,3
10634,2026-03-01,ES,android,ua_facebook,11,210.6,6
10635,2025-12-15,Turkey,ANDROID,organic,54,,25
10636,28.12.2025,TR,ios,ua_tiktok,13,NaN,13
10637,21.09.2025,BR,android,influencer,37,,16
10638,2026-01-31,DE,pc,ua_tiktok,1,26.1,1
10639,05.12.2025,MX,pc,ua_tiktok,87,1666.9,45
10640,2026-04-07,IN,android,ua_tiktok,8,158.6,6
10641,11.10.2025,FR,iOS,ua_facebook,2,52.0,1
10642,2025-11-29,US,android,ua_tiktok,4,120.2,2
10643,23.04.2026,PL,PC,organic,9,204.6,5
10644,2025-11-19,ES,ios,influencer,13,185.4,4
10645,2025-12-28,DE,ios,influencer,1,4.6,1
10646,2025-12-23,RU,android,ua_google,89,1627.7,39
10647,2025-11-10,US,pc,ua_tiktok,2,31.6,2
10648,06.09.2025,DE,pc,ua_facebook,11,156.0,5
10649,2025-11-17,PL,PC,ua_facebook,1,16.1,1
10650,2026-03-24,RU,android,ua_tiktok,13,-168.2,8
10651,2026-04-20,PL,ios,ua_tiktok,18,291.8,8
10652,05.02.2026,-,android,ua_facebook,3,41.8,4
10653,22.06.2026,PL,ios,ua_facebook,2,133.0,1
10654,18.10.2025,DE,ios,ua_google,4,89.9,3
10655,2026-03-09,DE,ios,ua_google,35,594.5,18
10656,15.02.2026,Turkey,android,ua_google,18,458.7,9
10657,2025-12-27,MX,android,influencer,7,182.8,6
10658,06.02.2026,USA,pc,organic,33,760.2,23
10659,2025-11-16,ES,pc,ua_google,82,null,35
10660,26.09.2025,BR,android,influencer,12,260.4,9
10661,2025-12-21,ES,Android,ua_facebook,18,467.5,9
10662,2026-01-17,TR,ios,ua_facebook,2,34.6,2
10663,24.12.2025,IN,pc,influencer,30,484.0,11
10664,2026-03-31,DE,pc,organic,89,1605.9,51
10665,2026-01-07,ES,iOS,ua_facebook,54,1111.6,27
10666,02.10.2025,DE,android,cross_promo,137,NaN,66
10667,2026-04-21,IN,pc,ua_facebook,16,255.7,8
10668,31.05.2026,PL,android,ua_facebook,2,20.9,2
10669,2026-06-04,US,ios,organic,3,75.9,5
10670,08.03.2026,-,android,ua_google,6,"134,1",7
10671,2026-06-20,PL,android,ua_facebook,8,"128,8",6
10672,20.01.2026,PL,android,influencer,4,NaN,6
10673,15.09.2025,US,android,ua_tiktok,1,8.5,1
10674,2025-11-20,US,ios,ua_facebook,49,849.7,30
10675,2026-01-20,TR,android,ua_facebook,5,56.8,4
10676,2026-06-16,BR,ios,ua_facebook,2,28.5,2
10677,19.12.2025,MX,ios,ua_facebook,4,66.7,2
10678,2025-10-04,DE,android,ua_facebook,2,19.1,1
10679,2025-09-13,DE,android,ua_facebook,9,174.7,5
10680,2026-03-13,ES,Windows,ua_facebook,1,11.1,1
10681,2025-11-30,DE,pc,cross_promo,63,1220.1,24
10682,2026-05-31,DE,pc,ua_google,17,337.6,10
10683,2026-01-24,PL,android,organic,56,1035.1,24
10684,06.05.2026,MX,pc,ua_google,6,51.6,1
10685,2026-03-08,US,Windows,ua_tiktok,3,49.2,4
10686,2025-11-16,н/д,pc,influencer,11,232.8,6
10687,17.10.2025,MX,Android,ua_facebook,3,66.0,4
10688,2025-12-15,PL,ios,ua_google,1,36.3,2
10689,2026-05-05,RU,ios,ua_google,17,302.2,6
10690,2026-02-09,BR,ios,ua_facebook,35,679.6,16
10691,2025-10-16,BR,android,ua_facebook,1,15.2,1
10692,2026-04-30,IN,android,organic,55,1067.6,28
10693,2026-03-19,IN,android,organic,1,31.5,2
10694,2026-02-24,ES,ANDROID,ua_facebook,103,2166.3,59
10695,16.11.2025,US,pc,organic,53,1108.7,30
10696,05.01.2026,IN,ios,ua_facebook,16,469.1,9
10697,2026-04-16,BR,android,influencer,1,31.9,1
10698,2025-10-24,RU,ios,ua_tiktok,3,н/д,1
10699,2026-06-06,US,android,organic,17,540.8,6
10700,03.11.2025,MX,iOS,organic,7,80.5,6
10701,2025-12-08,US,IOS,ua_tiktok,2,37.7,1
10702,26.03.2026,TR,android,organic,17,376.1,6
10703,2026-04-08,Russia,android,ua_facebook,10,180.4,10
10704,14.05.2026,ES,pc,ua_google,20,483.6,8
10705,2025-09-06,TR,pc,ua_google,5,54.0,7
10706,20.09.2025,null,Android,ua_tiktok,13,225.4,8
10707,2026-03-10,,pc,ua_google,1,44.7,2
10708,2026-02-23,ru,pc,organic,2,22.9,3
10709,2026-05-24,MX,iOS,ua_google,1,"16,8",2
10710,2026-03-18,TR,android,ua_tiktok,2,22.3,3
10711,29.06.2026,RU,ios,cross_promo,4,124.6,2
10712,19.09.2025,US,android,influencer,15,332.5,10
10713,2025-12-29,US,ios,ua_tiktok,86,1438.3,47
10714,11.02.2026,IN,ios,ua_tiktok,11,-,9
10715,2026-03-10,RU,pc,ua_tiktok,9,136.6,3
10716,22.12.2025,DE,Windows,organic,32,698.5,15
10717,2026-05-27,PL,ANDROID,ua_facebook,3,47.8,5
10718,2026-04-10,us,ios,influencer,27,639.7,19
10719,2026-04-26,br,ios,ua_google,1,8.6,2
10720,2025-09-21,IN,android,ua_tiktok,2,16.3,1
10721,2025-10-01,FR,android,ua_tiktok,2,23.9,2
10722,2026-03-29,USA,android,ua_facebook,6,85.0,2
10723,2025-12-05,FR,pc,influencer,2,"30,7",3
10724,2026-03-29,PL,android,ua_google,1,44.6,1
10725,18.09.2025,IN,Windows,ua_google,5,104.0,2
10726,2025-10-15,US,android,ua_google,201,3718.8,90
10727,25.04.2026,us,android,cross_promo,3,"64,8",5
10728,28.09.2025,DE,ios,ua_facebook,13,NaN,8
10729,17.06.2026,US,ios,influencer,1,19.8,2
10730,2026-03-18,IN,android,organic,5,70.5,3
10731,2025-12-09,TR,android,organic,10,208.8,5
10732,2026-05-19,DE,pc,organic,1,46.8,1
10733,2026-04-29,BR,android,ua_tiktok,73,1514.2,30
10734,15.09.2025,US,pc,ua_facebook,31,581.1,20
10735,2025-12-17,Germany,ios,organic,8,173.0,3
10736,12.10.2025,DE,ios,ua_facebook,2,35.4,1
10737,03.02.2026,DE,pc,organic,5,148.6,5
10738,2025-09-16,BR,ios,ua_facebook,2,95.4,2
10739,2025-11-09,IN,android,organic,1,7.4,2
10740,2025-11-17,RU,ios,organic,3,89.1,3
10741,08.01.2026,TR,android,ua_google,14,"341,9",6
10742,2025-11-27,DE,pc,ua_google,2,40.3,1
10743,03.01.2026,RU,ios,influencer,4,NaN,3
10744,2025-09-23,TR,android,ua_facebook,6,115.3,7
10745,2026-01-30,TR,ios,ua_google,135,2940.8,60
10746,2026-01-06,Turkey,ios,organic,60,1353.9,32
10747,2026-02-13,USA,ios,ua_tiktok,7,"151,6",4
10748,2025-10-20,DE,ios,ua_facebook,1,26.0,1
10749,2025-10-16,,ANDROID,organic,133,2884.6,67
10750,03.01.2026,FR,ios,ua_tiktok,2,36.6,1
10751,2025-11-05,US,pc,ua_facebook,1,12.2,2
10752,09.06.2026,FR,pc,organic,18,303.8,11
10753,2025-09-22,ru,pc,ua_facebook,1,4.0,2
10754,11.11.2025,MX,android,ua_facebook,1,16.2,2
10755,02.12.2025,DE,ANDROID,cross_promo,35,814.2,18
10756,05.03.2026,FR,android,influencer,3,56.5,2
10757,22.11.2025,ES,android,influencer,4,88.5,3
10758,2025-10-22,DE,ios,ua_tiktok,2,29.5,2
10759,2025-12-13,PL,Android,ua_google,19,408.2,13
10760,2025-10-25,BR,android,ua_tiktok,1,32.5,1
10761,25.09.2025,RU,iOS,ua_facebook,13,237.1,6
10762,17.05.2026,PL,pc,organic,1,10.7,1
10763,13.11.2025,null,ios,ua_facebook,8,149.7,4
10764,24.06.2026,IN,ios,ua_google,5,102.1,2
10765,11.03.2026,FR,android,ua_tiktok,6,null,4
10766,2026-05-01,IN,android,cross_promo,49,1015.3,30
10767,2026-01-16,DE,android,ua_google,11,235.4,12
10768,2025-11-16,us,ios,cross_promo,17,391.4,9
10769,2025-09-01,Turkey,android,organic,2,33.7,1
10770,2025-11-20,ru,ios,ua_google,1,,1
10771,2025-09-20,ES,android,ua_google,36,642.1,14
10772,2026-02-28,BR,iOS,ua_tiktok,13,267.7,4
10773,2026-05-14,PL,android,ua_facebook,8,203.0,3
10774,2025-11-07,US,android,influencer,5,47.8,1
10775,30.12.2025,IN,android,ua_google,19,313.8,15
10776,2025-12-07,DE,android,ua_google,1,35.1,2
10777,2026-04-17,DE,ANDROID,ua_facebook,1,23.3,1
10778,2025-12-19,BR,android,ua_facebook,80,1520.5,42
10779,2025-10-14,RU,android,ua_google,7,137.9,8
10780,2026-01-10,,android,influencer,2,44.8,3
10781,2026-04-28,US,ios,organic,1,"6,9",3
10782,2026-04-14,ES,android,organic,10,217.6,7
10783,2026-01-29,US,pc,organic,11,189.2,9
10784,2026-05-03,BR,Windows,organic,36,668.5,19
10785,10.10.2025,US,ios,ua_google,3,64.8,4
10786,2025-11-14,DE,ios,ua_facebook,1,22.5,3
10787,2026-02-22,US,android,ua_google,142,2996.5,89
10788,2026-06-05,US,IOS,ua_tiktok,1,11.2,2
10789,2026-03-10,RU,pc,cross_promo,157,3139.8,73
10790,2025-09-19,ES,pc,ua_google,19,432.3,11
10791,2025-10-03,Germany,android,ua_facebook,2,27.2,2
10792,2026-04-04,,ios,cross_promo,5,72.7,3
10793,2026-02-19,ES,android,ua_facebook,4,82.7,3
10794,2026-03-22,PL,PC,organic,37,1025.2,21
10795,2026-06-03,н/д,ios,cross_promo,6,125.1,5
10796,2026-01-17,DE,android,ua_google,3,42.5,2
10797,2025-10-08,US,pc,organic,2,10.9,2
10798,2025-10-17,ES,pc,ua_google,6,149.8,1
10799,2026-03-23,PL,android,ua_facebook,10,190.1,8
10800,2025-12-06,FR,android,influencer,22,740.0,8
10801,03.09.2025,RU,ios,organic,3,31.2,4
10802,2026-05-13,RU,ios,organic,59,1284.6,35
10803,2026-02-01,PL,pc,ua_facebook,1,"4,7",1
10804,2025-09-14,FR,android,organic,13,303.4,8
10805,2025-12-13,ES,android,ua_google,108,"2232,6",56
10806,04.09.2025,DE,ios,organic,1,"4,2",1
10807,2026-02-20,ES,pc,influencer,32,489.0,10
10808,10.02.2026,IN,IOS,influencer,3,н/д,3
10809,2025-10-31,BR,Android,organic,41,914.7,21
10810,2025-12-07,ES,iOS,ua_facebook,50,1071.6,26
10811,2025-09-12,US,pc,ua_google,106,2181.2,48
10812,2026-02-23,ES,ios,influencer,1,10.6,2
10813,04.11.2025,FR,android,ua_facebook,6,93.7,3
10814,2026-02-21,BR,pc,ua_tiktok,71,1361.7,28
10815,2026-06-11,BR,pc,influencer,11,307.4,8
10816,2026-03-04,PL,pc,organic,61,1232.4,19
10817,2026-05-12,ES,pc,ua_google,13,216.2,6
10818,2026-04-19,TR,ANDROID,ua_facebook,1,21.8,1
10819,2026-05-13,IN,ios,ua_google,3,NaN,2
10820,2025-09-10,ES,android,organic,35,528.6,12
10821,2026-03-12,,android,ua_facebook,114,2286.6,65
10822,2025-12-08,US,android,ua_facebook,11,228.9,5
10823,2026-03-11,us,android,ua_facebook,10,298.5,4
10824,2025-09-14,IN,Android,organic,4,84.9,3
10825,16.03.2026,BR,ios,ua_facebook,11,146.6,4
10826,2026-04-02,null,Android,influencer,18,231.3,10
10827,2026-02-23,IN,iOS,organic,1,9.3,1
10828,2026-04-13,US,PC,ua_tiktok,70,1144.4,35
10829,2025-11-21,TR,ios,influencer,1,12.5,2
10830,2025-09-23,MX,iOS,ua_tiktok,92,2029.1,38
10831,2025-10-31,US,iOS,ua_google,1,4.0,1
10832,19.10.2025,US,android,ua_facebook,2,42.2,3
10833,30.09.2025,null,ios,ua_facebook,25,426.0,6
10834,15.02.2026,IN,android,ua_google,99,1676.1,48
10835,2026-02-07,RU,ios,ua_facebook,4,240.6,3
10836,2025-11-30,RU,pc,ua_facebook,3,"85,0",7
10837,2025-09-15,PL,pc,ua_facebook,1,23.8,1
10838,29.05.2026,TR,pc,influencer,19,446.4,16
10839,2026-05-15,FR,android,ua_facebook,24,"585,2",23
10840,2026-02-13,TR,ios,influencer,2,57.9,4
10841,2026-01-25,н/д,ANDROID,ua_facebook,3,25.2,1
10842,09.04.2026,DE,pc,ua_facebook,1,34.5,2
10843,27.09.2025,RU,android,ua_tiktok,62,1321.4,34
10844,2025-09-18,FR,android,ua_facebook,3,30.7,1
10845,11.09.2025,DE,ios,ua_facebook,200,4348.1,94
10846,2026-03-04,US,android,cross_promo,2,66.5,4
10847,2026-03-24,NaN,pc,ua_facebook,107,2364.7,51
10848,19.11.2025,IN,pc,influencer,3,74.9,1
10849,2026-06-25,DE,ios,ua_tiktok,0,0,1
10850,2026-06-06,RU,ios,organic,2,15.7,3
10851,2025-12-12,DE,android,influencer,1,54.3,1
10852,2025-11-15,ES,ios,organic,3,107.0,1
10853,18.02.2026,DE,ios,ua_google,2,15.9,3
10854,2025-10-02,BR,ios,ua_google,23,367.6,17
10855,2025-09-16,DE,PC,ua_facebook,1,58.6,1
10856,2026-02-24,Brazil,ios,ua_tiktok,3,22.5,1
10857,2025-12-22,USA,pc,ua_google,21,290.0,12
10858,2026-06-07,US,android,organic,5,70.9,3
10859,2025-09-27,FR,IOS,ua_facebook,2,51.8,3
10860,2026-05-27,ES,android,ua_tiktok,14,260.6,4
10861,2026-06-27,DE,pc,ua_facebook,0,0,1
10862,05.09.2025,TR,ios,ua_facebook,1,46.5,1
10863,2026-03-16,TR,ANDROID,organic,103,2050.6,42
10864,2026-04-15,DE,ios,organic,59,1112.0,30
10865,2026-04-12,PL,ios,ua_google,2,9.5,2
10866,2026-01-22,IN,ios,cross_promo,47,802.9,23
10867,23.06.2026,NaN,android,ua_google,3,57.2,3
10868,2025-11-30,US,iOS,organic,235,4648.6,121
10869,2025-10-05,Russia,ios,ua_tiktok,13,,4
10870,2026-01-04,TR,android,cross_promo,1,85.6,1
10871,15.10.2025,DE,IOS,cross_promo,2,"35,3",1
10872,2026-01-08,TR,ios,ua_tiktok,7,248.0,10
10873,2025-11-11,IN,ios,organic,100,1842.8,49
10874,2026-02-23,PL,ios,ua_tiktok,81,1832.9,44
10875,2026-02-14,IN,iOS,ua_facebook,2,18.0,1
10876,2025-09-18,US,ios,ua_facebook,2,53.4,3
10877,2025-11-09,FR,ios,ua_google,84,1417.8,40
10878,2025-09-15,BR,Android,ua_google,59,1215.4,26
10879,2026-02-06,DE,android,ua_tiktok,16,187.4,7
10880,2026-03-26,TR,pc,ua_tiktok,7,н/д,4
10881,03.01.2026,TR,android,organic,3,101.3,3
10882,2025-09-10,BR,ios,ua_google,15,182.4,11
10883,2025-09-14,RU,ios,ua_facebook,2,69.9,4
10884,2026-04-07,MX,Android,influencer,1,6.8,1
10885,2026-05-03,н/д,ios,ua_google,45,895.8,20
10886,27.10.2025,PL,pc,influencer,2,42.3,2
10887,2026-03-28,н/д,android,ua_tiktok,3,69.9,3
10888,17.05.2026,DE,pc,organic,8,178.9,8
10889,2026-04-02,-,pc,organic,19,382.2,8
10890,16.04.2026,us,ios,ua_google,18,394.4,11
10891,2025-12-08,DE,android,ua_tiktok,4,32.2,2
10892,2026-04-16,US,ios,organic,73,1543.3,56
10893,2026-05-30,,ios,ua_facebook,6,52.6,1
10894,14.11.2025,BR,ios,organic,1,13.2,1
10895,07.01.2026,BR,android,ua_tiktok,10,232.9,8
10896,2025-11-26,US,Windows,organic,6,137.9,5
10897,10.11.2025,DE,ios,influencer,11,251.4,6
10898,2025-10-05,MX,android,ua_google,1,16.7,1
10899,25.12.2025,BR,pc,influencer,63,1157.4,43
10900,2025-09-03,tr,Android,ua_facebook,1,27.9,1
10901,2026-03-30,IN,android,organic,2,20.2,2
10902,2026-05-23,US,android,cross_promo,1,16.6,1
10903,2026-03-06,DE,ios,influencer,1,,1
10904,2026-03-21,PL,ios,cross_promo,69,1251.5,37
10905,2025-11-07,DE,android,organic,99,2189.5,56
10906,2026-04-05,PL,android,organic,13,354.5,7
10907,2026-03-09,GER,ios,cross_promo,1,9.6,3
10908,2025-11-07,TR,android,ua_google,5,65.7,2
10909,2025-11-28,,iOS,ua_facebook,13,179.9,7
10910,2026-03-05,BR,android,cross_promo,9,279.5,7
10911,2026-04-21,-,android,organic,10,179.0,3
10912,2026-04-11,RU,android,ua_google,1,29.4,1
10913,2025-09-03,de,android,ua_facebook,12,188.4,6
10914,2026-05-05,DE,pc,ua_google,1,9.2,3
10915,2026-06-10,US,ios,cross_promo,10,129.7,8
10916,2026-03-21,IN,ios,organic,4,,4
10917,18.12.2025,MX,android,ua_facebook,100,1985.5,48
10918,2026-05-03,IN,pc,ua_google,48,1001.1,25
10919,2026-02-27,TR,ios,ua_tiktok,28,549.6,11
10920,2025-10-06,MX,pc,cross_promo,41,733.0,22
10921,18.02.2026,DE,ios,ua_google,6,54.5,1
10922,07.09.2025,PL,ios,organic,4,69.6,4
10923,25.01.2026,MX,android,cross_promo,1,43.4,2
10924,2026-01-07,PL,android,ua_google,29,597.0,12
10925,2025-10-18,BR,android,ua_google,10,205.6,5
10926,2026-04-01,,android,organic,1,53.1,2
10927,2025-10-29,RU,pc,cross_promo,1,26.4,2
10928,2026-03-04,RU,pc,ua_facebook,2,,2
10929,13.05.2026,PL,android,organic,18,413.5,15
10930,05.12.2025,NaN,ios,ua_facebook,35,684.9,17
10931,26.02.2026,ru,ios,ua_tiktok,82,,47
10932,2026-06-18,tr,ANDROID,ua_tiktok,6,134.9,4
10933,2026-05-25,US,IOS,organic,4,43.7,3
10934,2026-03-23,PL,android,cross_promo,4,43.4,4
10935,2025-09-05,br,android,ua_facebook,3,23.5,1
10936,2026-02-19,BR,android,ua_facebook,72,1293.2,34
10937,2026-05-06,IN,android,organic,44,951.6,26
10938,04.03.2026,DE,android,influencer,2,115.2,3
10939,2025-12-18,USA,ios,ua_google,2,43.1,2
10940,2025-09-11,BR,pc,ua_facebook,3,67.0,3
10941,15.12.2025,IN,ANDROID,ua_google,4,50.5,3
10942,2025-09-15,TR,android,organic,60,1226.0,32
10943,2026-04-22,IN,pc,influencer,3,43.5,1
10944,08.10.2025,IN,ios,cross_promo,55,1150.4,38
10945,2025-11-19,FR,PC,ua_facebook,1,66.2,2
10946,2025-11-30,ES,pc,influencer,2,33.7,2
10947,2025-09-07,US,android,ua_facebook,1,3.0,2
10948,2026-01-31,DE,pc,organic,3,90.4,3
10949,15.11.2025,DE,android,ua_facebook,13,220.8,9
10950,13.09.2025,null,android,organic,4,122.5,2
10951,2026-01-25,MX,ios,ua_tiktok,4,104.2,3
10952,2026-06-10,RU,IOS,ua_facebook,1,47.3,3
10953,2025-12-23,RU,ANDROID,ua_tiktok,1,11.3,1
10954,21.04.2026,RU,android,ua_google,4,79.4,2
10955,2026-03-10,PL,android,organic,1,79.0,1
10956,01.11.2025,DE,android,influencer,1,7.3,1
10957,2025-09-26,PL,android,organic,51,1200.4,24
10958,2025-12-16,TR,iOS,cross_promo,92,1983.3,48
10959,13.11.2025,DE,ios,cross_promo,2,15.5,2
10960,2025-10-24,DE,IOS,ua_facebook,3,57.1,3
10961,15.12.2025,US,android,organic,113,2183.8,48
10962,2026-02-09,Germany,pc,ua_facebook,51,,20
10963,2026-03-10,FR,pc,cross_promo,12,207.8,12
10964,2025-10-20,IN,Windows,ua_facebook,97,1898.4,38
10965,07.02.2026,PL,android,ua_facebook,1,4.5,1
10966,2025-09-29,DE,ios,organic,75,1598.0,39
10967,2026-06-14,BR,android,ua_facebook,2,"55,9",2
10968,16.10.2025,TR,pc,ua_tiktok,1,8.8,3
10969,01.01.2026,PL,ios,influencer,4,77.5,2
10970,20.09.2025,DE,ios,organic,117,2491.6,54
10971,05.03.2026,FR,pc,cross_promo,5,135.5,4
10972,2025-10-19,MX,ANDROID,ua_facebook,11,215.6,7
10973,2026-04-15,TR,ios,influencer,6,107.4,5
10974,2025-12-16,US,ios,cross_promo,12,239.2,10
10975,23.10.2025,PL,android,ua_facebook,2,19.3,1
10976,2025-12-25,ES,android,ua_facebook,5,106.0,2
10977,20.10.2025,de,pc,ua_google,76,1744.2,37
10978,2026-04-01,DE,PC,ua_google,51,811.6,24
10979,2026-01-09,US,android,influencer,16,219.9,12
10980,2025-10-12,DE,android,ua_facebook,1,17.0,2
10981,2026-03-14,,PC,organic,2,30.5,1
10982,2026-02-26,US,pc,ua_google,8,141.7,5
10983,2025-09-12,DE,android,cross_promo,22,399.7,17
10984,2026-04-15,DE,pc,ua_facebook,3,22.7,4
10985,17.02.2026,ES,android,influencer,6,106.8,3
10986,2026-04-27,н/д,android,influencer,1,71.9,1
10987,2025-11-11,ES,ios,organic,6,188.1,3
10988,2026-03-02,,pc,ua_google,16,354.0,5
10989,2026-05-26,RU,ios,ua_facebook,2,34.4,1
10990,2025-09-20,DE,ios,ua_facebook,4,42.6,3
10991,2026-04-12,US,ios,ua_google,4,110.9,1
10992,2025-10-04,DE,ios,organic,2,19.0,1
10993,2025-09-15,PL,ANDROID,ua_google,24,486.1,9
10994,2026-02-11,DE,iOS,cross_promo,3,33.4,3
10995,2026-02-04,PL,ios,cross_promo,11,143.4,6
10996,2026-01-19,US,iOS,influencer,110,2084.0,49
10997,2025-12-08,PL,pc,ua_google,7,104.6,2
10998,2025-09-05,PL,pc,ua_facebook,2,26.3,3
10999,2026-01-01,US,pc,ua_tiktok,10,197.0,7
11000,17.11.2025,US,android,organic,3,97.3,3
11001,29.10.2025,н/д,pc,ua_facebook,3,58.9,2
11002,2026-04-10,DE,android,cross_promo,14,249.2,5
11003,18.05.2026,DE,ios,ua_facebook,28,417.9,18
11004,2025-12-02,IN,android,ua_facebook,149,3428.1,83
11005,2025-09-11,PL,ios,ua_facebook,12,311.9,7
11006,24.06.2026,BR,ios,ua_google,5,106.5,5
11007,2026-05-27,US,IOS,ua_google,8,140.6,7
11008,2025-09-24,IN,android,cross_promo,128,2876.4,71
11009,2025-09-25,TR,android,cross_promo,168,3174.2,93
11010,2026-02-26,TR,Windows,influencer,1,18.6,1
11011,2026-05-31,RU,pc,ua_google,26,565.6,16
11012,2025-10-27,USA,Android,ua_tiktok,2,58.3,3
11013,02.09.2025,TR,PC,ua_tiktok,13,"209,9",11
11014,2025-12-11,FR,android,cross_promo,108,1962.9,57
11015,2025-12-19,RU,Windows,ua_google,6,107.4,2
11016,31.12.2025,PL,pc,ua_google,4,58.4,4
11017,2026-02-21,MX,android,influencer,14,183.1,7
11018,2026-01-07,RU,android,ua_facebook,205,4208.0,98
11019,22.11.2025,ES,Android,ua_tiktok,19,401.9,8
11020,2026-04-17,US,ios,ua_facebook,2,124.8,2
11021,22.05.2026,TR,android,ua_tiktok,2,14.4,3
11022,2026-03-23,BR,android,ua_facebook,2,38.3,2
11023,2026-01-01,US,android,ua_facebook,1,9.4,2
11024,2025-09-12,FR,ios,ua_facebook,2,67.4,2
11025,2026-06-04,us,ios,cross_promo,2,31.1,3
11026,2025-11-18,IN,ANDROID,cross_promo,5,107.4,3
11027,24.10.2025,Germany,iOS,ua_google,2,44.6,2
11028,2025-09-04,ES,ios,ua_tiktok,12,120.5,11
11029,2025-11-20,ES,pc,ua_facebook,6,84.7,3
11030,2025-09-28,US,ios,organic,1,10.8,1
11031,2025-10-02,Brazil,iOS,ua_facebook,1,13.0,1
11032,09.10.2025,BR,android,organic,10,230.1,6
11033,14.02.2026,,android,influencer,1,36.4,2
11034,30.12.2025,RU,ios,organic,22,563.9,7
11035,2026-02-21,FR,PC,ua_google,6,113.3,6
11036,20.01.2026,PL,android,ua_facebook,113,2526.4,59
11037,2026-03-21,US,ios,ua_facebook,3,52.8,2
11038,2026-03-08,PL,ios,ua_google,13,290.4,6
11039,04.06.2026,RU,pc,ua_facebook,7,98.7,4
11040,2026-04-23,ES,ios,organic,43,,11
11041,24.02.2026,DE,ios,organic,18,423.1,13
11042,2026-05-27,US,pc,ua_google,4,63.6,5
11043,2026-03-24,BR,ios,ua_google,1,50.6,2
11044,2025-10-07,US,Android,ua_google,12,198.2,4
11045,2025-12-27,FR,Android,ua_facebook,154,3391.5,72
11046,2026-05-14,US,IOS,organic,3,46.8,1
11047,2025-11-15,tr,ios,ua_facebook,2,68.7,2
11048,28.03.2026,PL,android,ua_google,19,380.7,14
11049,05.09.2025,DE,android,ua_google,15,380.3,7
11050,2026-01-03,TR,pc,ua_google,5,132.6,4
11051,2026-01-18,US,android,organic,6,80.9,6
11052,2025-12-30,PL,ios,ua_tiktok,2,22.9,1
11053,22.02.2026,MX,pc,ua_tiktok,6,102.7,2
11054,2025-12-06,US,android,ua_facebook,1,10.7,2
11055,2025-10-08,PL,ios,ua_facebook,2,77.4,5
11056,2026-02-04,MX,ios,ua_tiktok,1,11.7,2
11057,2025-10-14,BR,android,ua_tiktok,1,5.4,3
11058,2026-02-18,USA,pc,influencer,5,79.0,4
11059,11.04.2026,BR,ios,organic,5,114.8,2
11060,2026-03-24,TR,pc,organic,20,456.8,8
11061,03.04.2026,RU,ios,ua_facebook,9,162.1,6
11062,17.09.2025,BR,pc,ua_facebook,136,3106.9,82
11063,2025-12-05,US,android,ua_tiktok,4,86.3,3
11064,2026-01-20,TR,ios,influencer,3,29.5,1
11065,2025-11-12,DE,android,influencer,3,31.4,1
11066,2026-03-13,US,pc,ua_facebook,1,18.8,2
11067,2026-01-07,RU,ios,cross_promo,1,9.5,1
11068,05.05.2026,FR,ios,ua_facebook,4,67.3,1
11069,2025-09-03,Russia,ios,organic,293,5587.2,129
11070,02.03.2026,de,android,organic,2,33.3,2
11071,2025-10-26,MX,PC,ua_google,6,173.2,4
11072,2026-06-28,DE,ios,ua_facebook,3,57.8,2
11073,31.01.2026,MX,android,influencer,90,1916.5,46
11074,2026-04-21,USA,ios,organic,1,61.1,3
11075,2026-02-21,DE,ios,ua_google,2,25.8,2
11076,2025-10-12,TR,ios,influencer,34,702.5,16
11077,2025-11-20,FR,ios,ua_tiktok,6,117.4,2
11078,2025-10-06,null,ios,influencer,181,3097.0,75
11079,23.02.2026,ru,ios,ua_google,98,1803.3,50
11080,2025-09-15,DE,IOS,ua_facebook,1,5.5,1
11081,20.01.2026,FR,IOS,organic,2,"21,6",3
11082,2025-09-02,,ios,organic,16,406.6,7
11083,2025-09-14,MX,pc,ua_google,3,38.5,1
11084,2025-09-12,DE,ios,ua_google,2,41.8,2
11085,06.11.2025,RU,ios,organic,6,138.1,5
11086,2025-10-27,RU,pc,organic,66,1420.0,33
11087,01.04.2026,PL,iOS,ua_facebook,3,,3
11088,2026-01-06,TR,PC,ua_google,68,1367.0,46
11089,14.11.2025,ES,android,ua_tiktok,127,"2392,4",65
11090,08.11.2025,PL,android,organic,1,5.9,1
11091,25.11.2025,Russia,ios,cross_promo,3,-,2
11092,2026-05-12,Germany,ios,organic,20,"307,8",9
11093,2026-05-26,BR,ios,organic,3,56.6,3
11094,2026-03-08,ES,Windows,ua_facebook,1,16.0,2
11095,17.11.2025,PL,android,influencer,1,7.1,1
11096,2025-10-01,BR,android,cross_promo,8,113.4,9
11097,02.05.2026,DE,ios,ua_google,2,11.0,4
11098,09.05.2026,BR,android,cross_promo,19,371.8,11
11099,2025-11-21,PL,iOS,ua_facebook,5,112.2,2
11100,2026-05-11,TR,PC,ua_google,3,47.6,2
11101,2026-04-09,BR,IOS,influencer,14,247.6,12
11102,2025-10-21,PL,ios,ua_facebook,39,942.9,20
11103,06.03.2026,BR,android,ua_google,2,29.0,2
11104,2025-09-03,RU,pc,ua_facebook,1,61.7,1
11105,14.11.2025,,ANDROID,ua_tiktok,1,10.9,1
11106,2026-02-26,TR,pc,ua_google,5,113.0,2
11107,06.02.2026,DE,android,organic,70,1513.1,40
11108,2025-10-25,RU,PC,cross_promo,24,648.5,8
11109,15.10.2025,PL,ios,ua_tiktok,17,260.6,7
11110,2026-03-01,BR,android,ua_google,1,9.3,1
11111,2025-10-08,PL,pc,ua_facebook,12,154.4,5
11112,2026-03-23,DE,ios,ua_facebook,7,146.3,4
11113,08.04.2026,MX,ios,ua_facebook,7,196.4,4
11114,15.11.2025,IN,iOS,ua_tiktok,1,7.7,1
11115,28.03.2026,US,android,ua_facebook,1,9.1,1
11116,20.06.2026,TR,android,influencer,1,3.7,1
11117,06.02.2026,PL,ios,cross_promo,3,139.3,1
11118,08.04.2026,ES,android,ua_google,27,387.8,11
11119,2026-06-13,BR,android,ua_tiktok,7,134.8,7
11120,2025-09-09,MX,pc,organic,173,3648.2,87
11121,2026-05-07,н/д,ios,ua_tiktok,2,37.1,2
11122,2025-12-20,BR,android,ua_google,96,2269.6,55
11123,2025-09-02,US,Windows,ua_facebook,58,null,28
11124,2025-10-12,US,android,ua_google,2,49.4,2
11125,13.10.2025,PL,ANDROID,organic,2,18.4,1
11126,2026-03-10,ES,ios,ua_facebook,8,217.5,4
11127,23.04.2026,MX,ANDROID,cross_promo,58,1357.1,31
11128,2026-04-11,DE,ios,organic,5,74.6,5
11129,2026-03-11,US,Android,ua_facebook,1,3.8,1
11130,2026-02-18,USA,ios,cross_promo,4,54.3,4
11131,2026-05-26,-,android,ua_google,7,72.1,6
11132,2026-01-05,DE,PC,ua_google,32,,14
11133,2025-10-18,BR,ANDROID,organic,2,22.3,2
11134,2026-01-23,US,pc,ua_facebook,5,105.2,3
11135,2025-09-06,BR,Windows,ua_facebook,14,205.8,9
11136,2025-09-01,TR,ANDROID,organic,171,3357.5,91
11137,2026-05-31,FR,pc,ua_facebook,1,32.0,1
11138,06.11.2025,DE,android,organic,37,827.9,17
11139,09.03.2026,IN,android,cross_promo,1,28.1,1
11140,2026-05-22,ES,ANDROID,ua_tiktok,1,18.8,1
11141,2026-05-28,DE,ios,ua_facebook,1,16.7,1
11142,2025-12-06,DE,iOS,ua_tiktok,8,59.6,7
11143,2025-09-30,PL,ANDROID,ua_tiktok,49,878.7,27
11144,2025-10-12,IN,android,influencer,69,1453.1,28
11145,2025-09-04,Germany,PC,ua_facebook,14,188.4,9
11146,27.02.2026,GER,ios,ua_google,18,400.9,14
11147,2025-11-28,RU,ios,ua_google,59,1230.5,33
11148,28.11.2025,Brazil,ios,organic,10,217.2,7
11149,18.02.2026,IN,pc,organic,123,2490.4,70
11150,2026-01-26,TR,pc,ua_google,14,310.2,6
11151,2025-12-05,DE,android,ua_google,5,76.6,1
11152,2025-12-01,ES,pc,ua_google,1,45.6,2
11153,2025-09-06,,android,cross_promo,4,52.6,1
11154,2025-09-07,PL,ios,organic,4,54.3,3
11155,2025-09-15,IN,android,influencer,6,123.7,4
11156,2026-04-06,PL,Android,ua_google,49,919.5,22
11157,2025-12-04,FR,Windows,ua_facebook,156,2943.7,91
11158,2025-11-11,ES,ios,organic,1,23.7,2
11159,2026-06-09,TR,ios,ua_tiktok,13,227.2,6
11160,2025-10-19,DE,android,organic,1,59.2,2
11161,2026-02-01,IN,pc,ua_facebook,54,952.2,25
11162,2025-12-16,DE,pc,ua_google,4,61.4,6
11163,2025-09-17,FR,android,organic,2,60.4,4
11164,2026-03-08,IN,ios,ua_google,5,,3
11165,2025-09-08,BR,android,organic,2,65.0,2
11166,2026-03-17,DE,android,ua_google,101,1937.6,59
11167,18.05.2026,Turkey,ios,influencer,1,23.9,1
11168,20.11.2025,br,pc,ua_facebook,6,94.3,2
11169,2026-03-03,PL,Windows,organic,14,252.4,7
11170,2026-01-09,IN,ios,ua_tiktok,15,481.9,8
11171,2026-05-07,Brazil,android,ua_facebook,3,48.5,2
11172,2026-06-02,MX,android,ua_tiktok,31,717.7,7
11173,2026-06-10,RU,IOS,ua_tiktok,4,55.7,1
11174,2025-09-27,TR,android,influencer,3,55.7,3
11175,2026-01-20,PL,pc,ua_facebook,2,77.5,3
11176,2026-03-08,ES,ios,ua_google,1,11.6,2
11177,2026-05-29,MX,iOS,organic,1,51.4,1
11178,2026-05-29,TR,Windows,organic,20,null,18
11179,21.12.2025,FR,android,ua_google,12,185.5,6
11180,2026-06-23,br,ios,influencer,4,42.0,3
11181,25.01.2026,DE,ios,ua_google,128,2353.0,49
11182,2026-05-15,IN,pc,organic,1,5.9,1
11183,2025-09-05,BR,pc,organic,1,10.8,1
11184,2026-02-24,FR,android,ua_facebook,1,4.1,1
11185,2026-03-17,PL,ANDROID,influencer,15,242.7,6
11186,2025-09-22,US,android,organic,80,1449.0,30
11187,01.09.2025,US,android,influencer,358,7677.7,129
11188,24.09.2025,PL,pc,ua_facebook,10,189.9,7
11189,2025-09-18,PL,android,ua_google,1,9.3,1
11190,2025-09-30,Turkey,ios,ua_google,2,64.6,2
11191,2025-11-25,Brazil,PC,organic,192,3842.4,85
11192,2026-04-02,DE,android,influencer,2,105.1,2
11193,2026-04-15,TR,Windows,ua_tiktok,47,806.4,22
11194,2026-01-16,Germany,Windows,ua_tiktok,51,1173.7,21
11195,2025-11-22,PL,pc,organic,4,185.4,3
11196,27.03.2026,RU,android,organic,2,18.4,2
11197,19.03.2026,ES,iOS,cross_promo,5,null,6
11198,2026-02-19,DE,Android,influencer,8,92.8,6
11199,2025-10-23,PL,ios,ua_facebook,1,8.2,1
11200,19.03.2026,PL,Android,organic,52,978.5,27
11201,2025-12-10,FR,android,organic,8,168.9,7
11202,27.10.2025,TR,ios,ua_facebook,1,22.6,3
11203,2025-09-09,FR,android,ua_tiktok,13,,7
11204,2025-11-07,PL,android,ua_facebook,75,1362.9,35
11205,16.12.2025,BR,PC,ua_tiktok,2,58.1,3
11206,2025-11-09,US,pc,ua_tiktok,248,"4493,8",117
11207,2026-02-27,DE,ios,cross_promo,31,544.5,11
11208,2026-01-12,US,android,organic,1,11.4,1
11209,2025-09-04,PL,android,ua_google,4,51.1,3
11210,2026-04-04,FR,Android,ua_facebook,53,1150.0,28
11211,23.01.2026,US,ANDROID,organic,10,181.6,5
11212,2025-12-22,US,android,ua_google,30,676.0,17
11213,2025-12-09,us,IOS,organic,8,"230,3",8
11214,2025-10-26,BR,ios,ua_facebook,1,23.8,2
11215,2025-11-15,PL,android,organic,2,32.1,2
11216,2025-10-22,US,ANDROID,ua_facebook,5,221.3,3
11217,2026-02-26,PL,ios,ua_google,12,294.6,3
11218,2026-06-08,FR,android,ua_facebook,12,179.5,8
11219,2025-09-26,de,ANDROID,ua_google,1,-,3
11220,2025-09-20,BR,pc,cross_promo,5,63.6,4
11221,31.05.2026,US,pc,ua_google,31,690.3,14
11222,2025-10-03,DE,android,cross_promo,38,719.5,10
11223,2026-04-20,RU,android,ua_google,62,,22
11224,15.09.2025,br,pc,ua_tiktok,36,716.4,19
11225,2026-05-15,ES,android,ua_facebook,1,13.5,2
11226,12.06.2026,TR,pc,organic,1,16.0,2
11227,10.01.2026,PL,android,ua_facebook,16,426.5,11
11228,2026-01-05,TR,ios,ua_facebook,6,н/д,6
11229,2026-05-13,BR,ios,ua_facebook,2,66.5,1
11230,09.12.2025,BR,android,organic,115,2409.6,69
11231,2026-01-10,US,iOS,organic,11,268.9,5
11232,2026-03-02,ES,android,ua_facebook,3,21.5,3
11233,2025-09-08,PL,android,ua_facebook,1,,1
11234,2025-10-17,IN,ios,organic,11,101.5,5
11235,30.09.2025,BR,android,cross_promo,3,68.7,1
11236,2025-09-10,FR,ios,cross_promo,1,19.3,1
11237,2025-12-22,FR,ios,influencer,4,"105,9",3
11238,01.10.2025,US,ios,organic,1,16.9,2
11239,22.11.2025,IN,android,ua_google,2,34.2,1
11240,2025-10-07,PL,android,ua_google,6,145.0,2
11241,2026-01-16,-,pc,cross_promo,2,124.5,2
11242,2026-05-01,US,android,influencer,7,"75,7",7
11243,13.01.2026,TR,pc,cross_promo,82,1370.4,35
11244,2025-09-14,RU,pc,ua_facebook,2,22.7,3
11245,2025-11-23,ES,Android,ua_facebook,3,"66,6",3
11246,2025-10-17,US,Android,influencer,1,3.2,3
11247,16.01.2026,US,ios,organic,15,"269,9",4
11248,2025-09-30,DE,Android,influencer,1,34.3,1
11249,2026-03-19,Brazil,android,ua_facebook,4,80.7,2
11250,2025-11-24,MX,ios,influencer,2,32.7,3
11251,2026-06-24,Russia,android,ua_tiktok,11,343.6,6
11252,2025-12-18,BR,PC,ua_tiktok,1,49.6,2
11253,16.12.2025,RU,android,ua_facebook,4,47.9,3
11254,16.03.2026,BR,iOS,ua_facebook,102,1980.8,49
11255,2025-09-16,FR,android,ua_facebook,4,89.1,2
11256,17.12.2025,MX,android,influencer,1,3.5,1
11257,2026-03-06,RU,ios,ua_facebook,87,1810.1,50
11258,2025-11-16,DE,iOS,organic,7,290.0,3
11259,2026-01-17,DE,android,influencer,232,5443.2,126
11260,2026-06-24,DE,android,ua_facebook,5,NaN,2
11261,2025-12-27,ES,pc,ua_tiktok,1,8.4,1
11262,14.09.2025,US,pc,ua_google,3,29.6,1
11263,27.05.2026,RU,pc,organic,21,359.4,10
11264,2026-03-13,FR,Android,organic,10,193.2,7
11265,04.05.2026,PL,pc,organic,13,null,6
11266,2025-09-05,FR,ANDROID,influencer,2,39.8,1
11267,2025-10-29,Russia,android,ua_tiktok,1,44.2,1
11268,17.04.2026,PL,Android,ua_facebook,78,"1369,1",38
11269,28.12.2025,н/д,ios,organic,11,453.3,9
11270,08.10.2025,NaN,ANDROID,ua_facebook,47,1029.6,18
11271,2026-04-16,DE,android,organic,2,19.6,5
11272,2025-10-10,RU,android,ua_tiktok,7,132.6,4
11273,02.01.2026,BR,android,ua_tiktok,63,1263.8,30
11274,2026-04-06,BR,android,ua_google,83,1591.3,41
11275,2025-12-25,US,android,ua_google,48,1170.9,35
11276,2025-09-21,RU,ANDROID,ua_facebook,235,4213.3,111
11277,2026-01-02,FR,ios,ua_tiktok,10,136.4,3
11278,2025-12-18,PL,pc,ua_facebook,3,23.7,1
11279,20.11.2025,DE,IOS,cross_promo,4,71.5,4
11280,2025-10-16,MX,android,ua_google,15,311.2,5
11281,2026-05-27,RU,ios,ua_google,2,15.3,2
11282,2025-12-01,TR,android,ua_tiktok,1,5.0,1
11283,21.10.2025,TR,android,ua_facebook,5,64.6,2
11284,2025-10-26,PL,ios,ua_tiktok,8,234.0,4
11285,2025-10-18,BR,android,cross_promo,101,1887.6,38
11286,2025-09-23,RU,Android,influencer,151,"2946,0",84
11287,2026-04-20,MX,pc,ua_facebook,3,н/д,2
11288,25.03.2026,ES,android,ua_google,2,12.1,4
11289,2025-11-07,BR,android,organic,1,65.7,4
11290,16.03.2026,RU,android,cross_promo,45,793.5,27
11291,2025-12-01,DE,iOS,influencer,2,44.6,1
11292,17.11.2025,US,android,influencer,9,130.5,7
11293,2026-05-01,ES,ios,ua_google,1,15.7,2
11294,2025-11-07,DE,android,organic,3,34.8,5
11295,2025-10-16,BR,android,ua_google,102,1878.1,62
11296,2026-04-09,NaN,pc,ua_facebook,111,"2232,1",64
11297,2026-03-17,NaN,android,cross_promo,123,1970.6,70
11298,10.03.2026,PL,IOS,cross_promo,2,21.2,2
11299,2026-03-22,ES,ios,ua_google,57,1123.9,35
11300,2026-04-25,RU,Windows,organic,2,19.1,2
11301,2026-06-25,PL,android,ua_tiktok,7,121.3,7
11302,2026-05-11,US,ios,ua_google,2,38.7,1
11303,2025-12-27,FR,ios,ua_tiktok,3,41.7,2
11304,02.06.2026,ES,android,organic,1,8.3,1
11305,24.11.2025,br,ios,organic,6,118.2,3
11306,2026-02-11,US,pc,influencer,75,1683.4,32
11307,2026-04-09,PL,android,organic,2,,2
11308,2025-09-01,IN,android,organic,55,978.6,24
11309,2026-04-21,IN,android,ua_google,11,170.5,2
11310,2025-09-01,ES,Android,influencer,3,88.7,2
11311,16.10.2025,BR,ios,ua_facebook,8,237.5,9
11312,2026-05-24,RU,android,cross_promo,6,69.3,6
11313,01.04.2026,TR,android,cross_promo,2,67.0,4
11314,2026-04-25,PL,Windows,ua_tiktok,15,,11
11315,2026-01-17,,android,influencer,36,,18
11316,19.09.2025,-,android,cross_promo,6,null,7
11317,2025-09-14,TR,ios,organic,1,47.3,2
11318,2026-06-04,TR,pc,organic,2,15.5,3
11319,2025-11-13,ES,android,ua_tiktok,2,33.9,1
11320,10.09.2025,PL,IOS,ua_facebook,9,159.9,4
11321,2026-04-28,TR,android,influencer,3,69.9,2
11322,2025-11-25,PL,android,organic,1,NaN,3
11323,2026-01-10,н/д,pc,ua_google,173,3838.0,68
11324,2025-10-02,PL,pc,cross_promo,109,1866.7,55
11325,2026-05-06,Turkey,ios,ua_tiktok,20,596.4,7
11326,2026-01-12,US,android,ua_tiktok,49,907.9,29
11327,2026-05-23,US,android,ua_google,6,-59.5,7
11328,2025-10-14,BR,ios,organic,8,249.0,6
11329,2025-10-29,PL,pc,ua_tiktok,79,1606.6,43
11330,2026-04-04,TR,Android,cross_promo,1,35.1,1
11331,2025-09-15,MX,android,ua_google,2,32.6,1
11332,24.01.2026,TR,pc,ua_facebook,103,1961.8,48
11333,2026-06-05,US,ios,organic,8,157.6,6
11334,26.09.2025,DE,pc,ua_facebook,10,225.9,6
11335,23.12.2025,BR,android,ua_google,19,438.6,11
11336,2025-10-26,PL,android,ua_tiktok,3,107.1,1
11337,2025-12-16,ES,ANDROID,ua_google,9,185.5,5
11338,2025-09-07,DE,ios,influencer,1,16.5,1
11339,29.06.2026,DE,ios,organic,0,0,1
11340,03.10.2025,ES,pc,influencer,1,16.8,2
11341,2026-05-28,RU,pc,organic,14,302.0,7
11342,2025-11-26,TR,android,ua_facebook,16,318.6,7
11343,09.04.2026,MX,android,ua_facebook,87,1816.7,41
11344,2025-10-06,RU,ios,ua_tiktok,2,10.4,1
11345,2025-11-21,ES,pc,ua_google,3,65.0,3
11346,2026-02-14,BR,pc,organic,8,94.0,4
11347,2026-03-09,Russia,android,ua_tiktok,1,10.9,1
11348,2026-05-28,н/д,pc,ua_google,3,52.2,3
11349,2025-10-26,PL,ios,influencer,1,33.6,1
11350,2025-11-24,BR,android,influencer,18,359.9,8
11351,2025-11-11,BR,ios,ua_tiktok,91,1924.4,32
11352,10.04.2026,Turkey,ios,ua_google,1,34.2,2
11353,2025-11-12,DE,ios,ua_facebook,1,6.3,1
11354,04.11.2025,FR,android,influencer,67,1408.4,30
11355,2026-04-30,MX,android,ua_facebook,2,"13,1",3
11356,2025-10-24,MX,android,ua_facebook,1,12.9,2
11357,2025-11-08,PL,pc,ua_tiktok,9,380.1,3
11358,23.09.2025,TR,pc,organic,13,230.2,4
11359,04.11.2025,DE,android,ua_facebook,4,69.3,4
11360,2026-03-17,TR,android,ua_google,44,966.0,19
11361,2025-09-03,null,ios,influencer,23,514.1,10
11362,2025-10-26,DE,iOS,ua_facebook,1,1.9,1
11363,2026-05-02,de,android,ua_google,43,961.4,20
11364,06.09.2025,TR,android,influencer,6,133.0,4
11365,2026-06-26,NaN,pc,ua_tiktok,5,50.9,2
11366,2025-09-02,ES,android,ua_google,4,98.2,2
11367,02.04.2026,US,android,influencer,21,254.2,12
11368,2026-06-14,RU,Android,cross_promo,14,167.3,7
11369,2026-02-19,ru,android,organic,3,31.6,2
11370,2025-09-01,US,pc,ua_facebook,2,,1
11371,2026-01-19,RU,ios,ua_tiktok,1,10.8,1
11372,2026-05-03,TR,ios,ua_facebook,2,27.5,1
11373,2026-01-05,IN,ANDROID,cross_promo,3,61.8,2
11374,20.11.2025,US,IOS,ua_facebook,11,218.3,6
11375,2026-03-05,PL,android,ua_tiktok,9,214.0,6
11376,06.06.2026,Germany,android,cross_promo,18,348.6,11
11377,2026-03-06,ES,ios,cross_promo,65,1387.8,28
11378,20.02.2026,ru,pc,ua_facebook,80,1634.7,30
11379,2025-12-10,US,android,organic,8,144.1,5
11380,2026-01-23,н/д,iOS,influencer,3,81.6,4
11381,2025-11-12,Brazil,ios,organic,1,9.3,2
11382,13.10.2025,TR,android,cross_promo,2,19.3,2
11383,14.03.2026,RU,android,cross_promo,3,60.0,4
11384,25.03.2026,RU,android,ua_tiktok,3,61.8,3
11385,2026-02-06,BR,pc,organic,64,1232.9,29
11386,2026-03-10,IN,pc,ua_tiktok,25,410.1,13
11387,2025-09-12,FR,Windows,ua_facebook,3,27.9,1
11388,2026-06-08,br,pc,ua_google,1,20.2,1
11389,2025-09-05,IN,pc,organic,11,190.6,6
11390,2026-01-06,DE,ios,ua_facebook,11,233.2,6
11391,2025-10-23,PL,android,ua_google,5,69.0,4
11392,2025-12-02,IN,ios,ua_tiktok,2,53.5,2
11393,2026-02-25,FR,android,ua_facebook,30,467.8,23
11394,2025-11-21,ES,ANDROID,ua_facebook,19,452.0,9
11395,05.09.2025,TR,android,cross_promo,120,NaN,60
11396,2026-01-31,DE,pc,ua_facebook,3,68.2,2
11397,2026-04-09,TR,pc,ua_google,2,35.1,2
11398,2025-12-24,MX,ios,ua_facebook,2,26.1,2
11399,08.10.2025,FR,android,ua_google,3,50.3,1
11400,2025-10-12,н/д,android,ua_google,2,47.9,2
11401,2025-12-14,MX,android,influencer,4,37.1,2
11402,2026-01-25,IN,ios,ua_google,1,36.0,2
11403,08.10.2025,PL,ANDROID,ua_facebook,15,372.6,9
11404,2026-06-18,ES,android,ua_tiktok,5,50.3,6
11405,2026-01-09,MX,Windows,ua_facebook,6,93.7,5
11406,2025-11-27,IN,ANDROID,influencer,17,345.1,10
11407,2025-10-02,ES,ios,ua_google,17,409.1,11
11408,06.02.2026,FR,pc,ua_google,4,,3
11409,2025-09-12,ES,pc,organic,1,1.2,3
11410,2025-11-02,IN,pc,ua_google,2,55.0,1
11411,2026-01-20,US,pc,ua_tiktok,10,293.0,5
11412,23.11.2025,DE,android,organic,3,45.7,3
11413,2025-10-22,ES,ios,ua_tiktok,18,465.4,12
11414,06.12.2025,,ios,ua_tiktok,2,13.6,1
11415,2025-10-29,DE,pc,ua_google,52,1051.6,19
11416,2025-09-23,RU,android,ua_facebook,3,29.5,3
11417,2025-11-28,TR,Android,organic,10,"193,2",8
11418,2026-06-22,DE,android,organic,1,2.0,1
11419,27.03.2026,DE,android,ua_tiktok,3,27.4,2
11420,2025-10-04,BR,ios,organic,1,152.8,2
11421,30.05.2026,MX,iOS,ua_facebook,24,603.9,14
11422,2026-06-28,IN,android,ua_google,4,63.0,4
11423,24.03.2026,Russia,android,organic,4,47.0,2
11424,2025-12-17,US,Android,cross_promo,57,,21
11425,2026-05-24,US,ios,ua_tiktok,11,,7
11426,2026-06-11,BR,pc,ua_tiktok,1,9.7,1
11427,07.10.2025,DE,pc,ua_google,3,39.7,1
11428,2025-12-12,RU,PC,ua_google,108,2065.2,47
11429,27.03.2026,tr,ios,ua_facebook,6,67.2,5
11430,08.11.2025,BR,pc,ua_google,1,16.2,1
11431,2025-11-01,US,iOS,ua_facebook,1,7.0,2
11432,24.06.2026,DE,ios,cross_promo,6,168.7,2
11433,2026-02-23,н/д,ios,ua_facebook,5,н/д,4
11434,2025-10-31,DE,android,ua_facebook,3,"105,3",2
11435,08.09.2025,MX,android,ua_facebook,4,247.9,2
11436,2025-09-30,BR,android,ua_tiktok,5,49.8,2
11437,08.03.2026,RU,ios,organic,2,40.3,2
11438,2025-10-19,PL,pc,ua_google,3,94.1,1
11439,2025-10-07,TR,ios,organic,17,362.9,9
11440,2026-02-10,US,pc,organic,2,66.6,1
11441,2025-10-09,DE,android,cross_promo,10,192.0,4
11442,19.01.2026,DE,android,ua_google,1,7.0,1
11443,2025-10-30,ES,ios,influencer,5,68.2,5
11444,21.12.2025,Russia,ios,ua_tiktok,3,178.4,1
11445,2026-04-18,ES,ios,ua_google,16,211.7,7
11446,2026-05-04,US,PC,ua_tiktok,1,,1
11447,2026-02-10,BR,android,organic,2,23.4,2
11448,2025-12-22,ES,android,ua_facebook,1,31.2,1
11449,23.09.2025,FR,android,influencer,2,75.5,1
11450,2026-01-27,DE,android,ua_tiktok,3,72.5,1
11451,2025-09-13,tr,ios,ua_google,4,48.7,3
11452,03.09.2025,Brazil,ANDROID,ua_tiktok,15,370.0,6
11453,2026-06-11,US,ANDROID,ua_tiktok,18,450.6,12
11454,2025-09-06,TR,pc,organic,4,66.9,3
11455,2026-01-11,ES,PC,ua_tiktok,15,364.8,9
11456,26.05.2026,RU,pc,organic,12,167.2,8
11457,20.06.2026,DE,android,organic,5,118.7,5
11458,29.11.2025,US,ios,ua_facebook,1,null,1
11459,2026-04-05,TR,android,influencer,3,44.0,2
11460,2026-05-14,TR,pc,ua_facebook,10,н/д,5
11461,2026-04-25,ES,pc,organic,9,"105,9",11
11462,2025-12-13,ES,android,cross_promo,3,"36,8",2
11463,2026-02-25,ES,pc,ua_google,68,1315.4,24
11464,11.09.2025,IN,android,ua_tiktok,39,751.3,15
11465,05.09.2025,US,ios,ua_facebook,2,31.8,1
11466,2025-12-07,US,pc,ua_tiktok,14,225.2,10
11467,2025-09-01,USA,ios,organic,2,19.4,2
11468,08.09.2025,DE,PC,organic,3,58.5,1
11469,2026-01-20,TR,Android,ua_google,3,62.9,1
11470,31.12.2025,TR,pc,ua_google,16,330.5,11
11471,2026-03-29,ES,pc,organic,1,7.6,1
11472,2025-10-04,ES,android,organic,12,303.0,4
11473,2025-09-14,ES,android,cross_promo,1,null,1
11474,24.10.2025,Turkey,android,ua_facebook,21,494.8,13
11475,08.11.2025,DE,ios,ua_google,2,46.2,2
11476,2026-03-01,RU,android,organic,36,null,19
11477,2025-11-15,DE,IOS,organic,304,,146
11478,10.02.2026,US,Android,ua_google,86,1574.8,25
11479,05.02.2026,US,pc,ua_google,3,93.0,1
11480,2025-10-25,IN,android,influencer,29,769.3,16
11481,2025-09-11,RU,android,ua_facebook,108,2491.3,44
11482,2025-12-01,IN,ios,ua_tiktok,42,"1328,5",26
11483,2026-06-04,ES,Windows,ua_facebook,4,64.1,2
11484,2025-12-05,US,ios,ua_google,4,57.2,3
11485,2026-02-25,null,ANDROID,ua_google,24,421.4,15
11486,2026-06-21,US,android,organic,2,-,2
11487,2026-03-15,US,android,ua_tiktok,1,34.5,1
11488,2025-12-27,FR,Windows,ua_facebook,2,39.0,2
11489,2026-02-18,PL,IOS,organic,38,606.3,22
11490,2025-09-01,DE,android,ua_google,3,114.0,2
11491,2026-02-12,PL,pc,ua_google,1,25.2,2
11492,2026-04-09,MX,android,cross_promo,6,175.0,4
11493,02.04.2026,DE,iOS,ua_google,76,1659.5,40
11494,2026-04-12,BR,ios,influencer,2,33.7,3
11495,2026-06-30,TR,android,influencer,3,36.2,2
11496,17.03.2026,FR,android,ua_facebook,7,144.6,3
11497,2025-09-14,,ios,ua_facebook,46,980.6,25
11498,2026-03-11,TR,android,ua_tiktok,71,1186.7,28
11499,23.09.2025,,android,ua_tiktok,14,222.6,6
11500,15.10.2025,BR,android,cross_promo,70,1304.5,32
11501,2026-02-21,MX,Android,ua_tiktok,23,461.5,12
11502,2026-05-28,TR,pc,ua_facebook,1,6.8,1
11503,19.10.2025,ES,android,ua_facebook,2,16.0,3
11504,2026-01-13,TR,ANDROID,influencer,27,555.2,9
11505,2026-06-11,PL,Windows,ua_google,15,387.3,5
11506,2025-09-03,BR,Android,influencer,59,,28
11507,2025-10-31,TR,android,ua_facebook,2,"14,7",1
11508,2025-12-04,DE,android,ua_tiktok,3,81.8,5
11509,10.09.2025,TR,android,influencer,3,66.2,3
11510,26.12.2025,ru,pc,ua_tiktok,4,34.9,3
11511,03.04.2026,RU,pc,ua_tiktok,94,1787.4,35
11512,2026-05-12,RU,ios,ua_google,54,1036.9,31
11513,05.11.2025,TR,pc,organic,21,"416,2",8
11514,30.09.2025,br,ANDROID,influencer,3,103.3,4
11515,2025-10-02,US,ios,organic,15,332.8,11
11516,13.09.2025,BR,android,ua_google,43,1021.1,21
11517,10.10.2025,TR,ios,organic,4,54.1,1
11518,11.05.2026,US,android,ua_tiktok,1,44.0,1
11519,2025-12-15,MX,pc,ua_facebook,1,"93,7",1
11520,02.01.2026,IN,Windows,ua_google,11,245.3,4
11521,2025-09-26,BR,ANDROID,ua_facebook,54,1014.3,27
11522,2026-03-08,MX,android,ua_tiktok,2,13.3,2
11523,2026-04-11,DE,android,ua_tiktok,2,44.6,1
11524,2026-06-29,PL,ios,ua_facebook,1,"23,7",1
11525,2026-03-21,MX,android,organic,28,800.3,24
11526,20.11.2025,BR,ANDROID,ua_facebook,1,32.5,1
11527,2026-06-07,DE,ios,ua_facebook,2,17.6,1
11528,02.11.2025,RU,pc,organic,23,null,15
11529,2026-01-28,RU,android,organic,18,349.7,12
11530,2025-12-11,BR,android,influencer,2,46.3,2
11531,15.01.2026,DE,pc,ua_facebook,3,101.7,2
11532,2025-12-11,ES,android,cross_promo,2,23.8,3
11533,2025-12-26,BR,pc,ua_google,29,"585,9",11
11534,2026-02-08,,Android,ua_google,47,939.2,20
11535,2026-02-20,US,android,cross_promo,11,185.8,8
11536,2025-12-17,н/д,android,organic,1,19.3,2
11537,2026-02-22,TR,ios,ua_google,17,473.9,9
11538,2026-02-20,RU,ios,ua_google,5,60.2,4
11539,2026-04-22,ES,android,cross_promo,17,342.8,7
11540,2025-09-12,tr,android,ua_facebook,35,852.7,20
11541,2025-10-18,PL,pc,ua_tiktok,19,264.1,10
11542,18.01.2026,RU,pc,ua_tiktok,1,9.4,1
11543,2025-10-06,BR,android,ua_facebook,81,1698.0,37
11544,2026-03-31,DE,ios,ua_facebook,1,9.5,2
11545,2026-06-20,PL,pc,ua_google,11,NaN,7
11546,15.12.2025,,ANDROID,cross_promo,7,121.9,3
11547,2025-09-02,,ios,ua_tiktok,1,9.7,3
11548,2025-10-16,US,iOS,ua_facebook,3,53.4,4
11549,2025-10-28,PL,iOS,organic,28,547.6,21
11550,15.09.2025,FR,android,ua_google,95,1816.6,41
11551,2025-11-03,TR,android,ua_google,2,19.2,1
11552,2025-10-08,Turkey,ios,cross_promo,3,56.2,2
11553,24.09.2025,RU,android,ua_google,11,"161,8",6
11554,26.05.2026,Germany,pc,organic,26,460.4,13
11555,2026-04-13,tr,pc,organic,61,1517.0,20
11556,2025-09-19,DE,iOS,influencer,191,4017.6,78
11557,21.02.2026,DE,pc,cross_promo,2,47.9,2
11558,16.10.2025,PL,android,ua_google,2,83.2,2
11559,2026-01-08,IN,Android,organic,3,16.5,2
11560,2025-12-26,US,android,ua_google,3,,3
11561,2025-11-16,BR,iOS,cross_promo,9,124.7,6
11562,2025-09-01,DE,pc,ua_tiktok,29,634.8,14
11563,10.09.2025,DE,android,ua_tiktok,3,28.8,3
11564,2025-12-23,PL,ios,organic,4,117.2,3
11565,2026-02-23,IN,android,ua_tiktok,2,38.1,3
11566,2025-12-24,US,ios,ua_tiktok,7,388.8,2
11567,07.11.2025,DE,pc,organic,10,155.7,2
11568,12.05.2026,US,ios,cross_promo,2,24.1,1
11569,2026-01-07,ES,pc,organic,2,19.2,2
11570,02.04.2026,IN,android,cross_promo,24,403.7,14
11571,2025-12-19,IN,pc,organic,1,30.9,2
11572,23.01.2026,MX,android,cross_promo,102,1820.9,53
11573,2026-02-09,BR,Android,ua_facebook,1,3.0,2
11574,17.01.2026,RU,Windows,ua_facebook,3,73.8,3
11575,02.09.2025,FR,pc,influencer,1,23.5,1
11576,2026-01-29,RU,Android,ua_tiktok,2,42.0,3
11577,17.06.2026,IN,android,ua_tiktok,2,23.9,1
11578,2025-11-06,DE,ios,ua_facebook,1,13.6,2
11579,2025-10-16,BR,android,ua_tiktok,3,58.2,3
11580,2025-10-09,PL,android,organic,36,662.2,23
11581,2025-12-17,NaN,ANDROID,ua_tiktok,165,3237.5,87
11582,2026-04-15,US,android,ua_google,18,479.2,8
11583,2025-09-21,ES,Android,ua_facebook,1,21.7,1
11584,2026-04-20,US,android,ua_facebook,3,42.4,1
11585,2026-05-30,FR,android,ua_facebook,1,2.2,1
11586,21.04.2026,н/д,android,organic,27,636.8,13
11587,2025-11-12,FR,ios,ua_tiktok,1,13.0,3
11588,09.09.2025,TR,ios,ua_tiktok,1,45.5,1
11589,2026-02-19,IN,pc,influencer,1,1.2,1
11590,10.02.2026,PL,pc,ua_facebook,26,568.4,12
11591,2026-02-04,DE,pc,ua_facebook,52,960.3,27
11592,2025-09-29,IN,Android,organic,2,29.4,2
11593,2026-04-12,DE,pc,ua_facebook,2,35.9,1
11594,2026-04-12,FR,ios,cross_promo,12,322.5,8
11595,2025-09-07,DE,ios,ua_facebook,72,1362.1,37
11596,2025-09-07,ES,android,organic,11,178.1,8
11597,2026-05-09,DE,pc,ua_facebook,7,174.3,6
11598,2026-03-05,US,pc,ua_google,14,262.1,10
11599,2025-09-27,US,ios,ua_facebook,7,108.8,5
11600,2025-09-14,MX,IOS,ua_google,44,851.5,17
11601,2025-11-04,TR,pc,ua_facebook,6,115.0,4
11602,10.09.2025,US,android,influencer,27,582.2,16
11603,2025-10-12,MX,ios,ua_google,41,940.6,22
11604,2025-09-11,US,IOS,organic,8,155.5,4
11605,2026-01-02,IN,ios,ua_tiktok,8,249.3,3
11606,30.09.2025,TR,android,ua_tiktok,4,79.3,5
11607,2026-01-01,US,android,ua_facebook,8,115.0,4
11608,03.05.2026,BR,PC,organic,7,161.6,3
11609,2026-03-25,-,android,organic,80,1561.6,28
11610,2026-01-28,USA,ios,ua_facebook,1,7.5,1
11611,2026-04-24,BR,android,ua_facebook,3,49.8,2
11612,2025-12-08,MX,IOS,ua_google,3,45.5,3
11613,23.10.2025,DE,android,ua_google,8,157.7,3
11614,2026-01-25,PL,pc,influencer,2,17.6,1
11615,2026-03-22,FR,android,ua_google,1,13.5,2
11616,16.09.2025,BR,ios,ua_tiktok,38,628.7,14
11617,13.11.2025,BR,IOS,ua_facebook,3,19.9,1
11618,2025-12-12,MX,PC,organic,4,93.4,3
11619,2026-01-20,tr,android,ua_google,43,897.4,13
11620,17.10.2025,de,ios,cross_promo,1,53.3,3
11621,2026-02-26,BR,android,ua_facebook,1,12.7,2
11622,2026-06-06,RU,android,cross_promo,3,49.7,2
11623,2026-06-19,RU,pc,organic,9,145.2,7
11624,2025-09-02,BR,pc,ua_tiktok,3,89.9,5
11625,2026-06-16,DE,ios,cross_promo,4,77.1,3
11626,2025-09-10,IN,ANDROID,ua_google,82,1847.9,41
11627,2026-06-05,RU,ios,cross_promo,1,30.7,1
11628,2026-04-19,DE,pc,organic,1,19.0,1
11629,2026-02-10,BR,ANDROID,cross_promo,182,3564.9,76
11630,2026-02-09,BR,android,cross_promo,24,459.3,9
11631,2026-02-14,RU,android,ua_google,14,292.2,5
11632,19.02.2026,ES,android,influencer,27,437.1,15
11633,2025-10-05,US,android,cross_promo,14,260.1,4
11634,2025-10-22,RU,android,organic,1,11.5,2
11635,2025-09-08,US,ios,organic,117,2379.8,52
11636,2025-10-18,н/д,android,ua_google,1,"60,2",1
11637,2026-06-06,ES,ios,cross_promo,5,null,2
11638,2025-11-11,RU,ios,organic,16,293.4,16
11639,2026-03-29,RU,pc,ua_google,3,70.6,3
11640,2025-09-05,DE,android,ua_facebook,11,276.5,8
11641,2025-09-12,DE,pc,ua_tiktok,27,536.2,15
11642,2025-09-21,MX,iOS,ua_facebook,7,-,9
11643,2026-05-26,Turkey,Windows,ua_google,8,"129,3",4
11644,2025-12-16,FR,android,ua_google,2,53.5,2
11645,2025-10-28,MX,android,influencer,8,113.5,3
11646,02.11.2025,ES,android,ua_tiktok,92,1884.8,40
11647,2025-09-01,н/д,android,organic,28,639.6,16
11648,2025-12-06,DE,Android,cross_promo,8,210.5,5
11649,2025-10-02,DE,ios,cross_promo,2,88.8,3
11650,2026-06-13,IN,android,ua_facebook,11,263.7,5
11651,2026-03-20,US,android,organic,1,22.7,1
11652,2026-02-08,US,ANDROID,influencer,1,41.7,2
11653,28.09.2025,RU,ios,ua_facebook,6,н/д,5
11654,28.11.2025,PL,Android,ua_google,1,27.7,2
11655,2026-05-03,-,ANDROID,ua_facebook,1,20.9,1
11656,21.11.2025,BR,android,ua_facebook,1,5.6,1
11657,2025-09-17,RU,ios,organic,5,54.4,2
11658,2026-04-17,MX,android,ua_tiktok,34,732.5,19
11659,2026-01-18,US,ios,organic,14,210.2,11
11660,2025-11-02,IN,ios,ua_google,2,98.6,3
11661,2026-02-14,PL,ios,ua_facebook,2,41.6,2
11662,11.12.2025,PL,android,ua_facebook,3,61.9,2
11663,2025-11-13,FR,android,organic,3,58.9,3
11664,2025-10-20,-,IOS,ua_google,27,333.9,12
11665,2025-10-27,н/д,android,ua_tiktok,8,"221,4",8
11666,31.05.2026,US,IOS,influencer,8,98.9,4
11667,27.02.2026,ES,ios,ua_google,1,NaN,1
11668,2025-12-17,-,android,ua_facebook,30,"738,9",12
11669,2026-04-04,RU,ios,organic,1,15.5,1
11670,27.09.2025,DE,ios,ua_tiktok,1,12.6,3
11671,2025-12-19,TR,pc,cross_promo,1,21.6,2
11672,02.05.2026,DE,pc,ua_facebook,6,97.3,5
11673,15.03.2026,DE,pc,organic,1,8.3,1
11674,24.10.2025,US,iOS,ua_tiktok,1,8.0,1
11675,2026-03-17,GER,ios,ua_facebook,1,"4,2",1
11676,24.04.2026,PL,android,influencer,20,277.2,5
11677,27.04.2026,BR,android,organic,8,139.6,4
11678,02.04.2026,ES,ios,influencer,2,14.8,2
11679,2025-10-09,DE,ios,ua_google,2,56.9,2
11680,25.09.2025,TR,android,influencer,3,97.2,1
11681,19.04.2026,US,android,influencer,3,33.8,1
11682,2025-10-14,DE,ios,organic,2,20.5,2
11683,2026-04-15,RU,ANDROID,ua_tiktok,2,21.1,3
11684,2025-10-07,FR,android,influencer,1,4.8,2
11685,2025-12-03,PL,ANDROID,organic,3,119.6,2
11686,2025-10-20,US,ios,ua_google,43,856.1,16
11687,2025-10-19,RU,ios,ua_tiktok,17,384.1,14
11688,2026-03-19,RU,pc,ua_facebook,4,57.9,4
11689,2025-11-09,PL,PC,organic,1,18.4,2
11690,2025-09-13,DE,ios,influencer,10,155.3,8
11691,2026-03-07,US,ANDROID,ua_google,1,47.0,2
11692,16.10.2025,ru,android,ua_tiktok,78,,41
11693,09.06.2026,BR,android,organic,7,NaN,4
11694,26.03.2026,FR,android,ua_facebook,27,375.7,12
11695,2026-05-04,RU,pc,organic,2,90.1,2
11696,2026-04-29,PL,android,ua_tiktok,10,"121,6",10
11697,2025-10-11,PL,android,ua_google,4,61.5,5
11698,08.12.2025,DE,ios,ua_facebook,110,1884.9,62
11699,18.03.2026,н/д,android,influencer,2,146.1,2
11700,2025-11-09,br,ios,ua_google,13,208.3,10
11701,22.01.2026,DE,ANDROID,ua_google,13,186.8,10
11702,2026-06-18,,pc,influencer,12,133.7,7
11703,2026-01-24,US,Android,ua_facebook,2,46.2,1
11704,2026-05-26,RU,pc,influencer,2,36.1,4
11705,2026-01-08,US,pc,ua_google,3,48.7,3
11706,2026-02-15,MX,ios,ua_facebook,2,101.5,1
11707,22.04.2026,TR,android,ua_tiktok,3,68.7,2
11708,2025-09-01,BR,ios,ua_tiktok,1,null,1
11709,2026-04-16,MX,android,ua_facebook,1,,2
11710,2025-09-11,DE,ANDROID,ua_google,1,14.0,1
11711,21.04.2026,DE,android,ua_google,3,95.1,2
11712,07.06.2026,DE,android,ua_tiktok,3,26.0,2
11713,16.10.2025,MX,ios,ua_google,67,1466.6,31
11714,2026-06-21,TR,pc,organic,1,15.2,1
11715,2026-06-05,TR,pc,influencer,18,509.0,10
11716,2025-09-22,TR,android,influencer,4,111.2,3
11717,2025-10-06,de,pc,cross_promo,14,258.2,6
11718,2025-09-17,PL,android,ua_facebook,25,"465,2",8
11719,2026-06-10,RU,pc,ua_facebook,1,4.6,4
11720,2026-01-06,null,ios,ua_google,36,751.4,21
11721,04.04.2026,IN,Windows,ua_google,2,,1
11722,2025-10-07,DE,Android,organic,8,159.7,2
11723,2026-05-28,,IOS,ua_google,1,15.3,1
11724,02.02.2026,US,ios,ua_facebook,2,25.4,3
11725,2026-03-24,BR,pc,organic,1,32.2,1
11726,2025-10-22,US,pc,ua_facebook,2,25.1,2
11727,2025-10-14,MX,ios,ua_tiktok,60,1123.8,24
11728,2026-02-01,,android,organic,1,2.1,1
11729,2025-12-27,US,ios,ua_facebook,48,1126.3,14
11730,22.11.2025,,pc,ua_facebook,1,12.1,3
11731,06.04.2026,US,android,influencer,16,313.6,10
11732,28.05.2026,BR,ANDROID,ua_google,44,1002.4,23
11733,19.11.2025,BR,android,cross_promo,47,1018.0,24
11734,2026-05-11,ES,android,ua_facebook,2,50.2,2
11735,29.09.2025,RU,android,ua_google,2,18.3,1
11736,2026-02-05,MX,pc,ua_google,6,"83,3",3
11737,2025-12-08,DE,android,organic,68,1392.6,38
11738,2025-10-30,US,android,ua_facebook,1,,1
11739,27.03.2026,BR,android,ua_google,1,13.4,1
11740,2026-03-22,US,iOS,ua_facebook,48,"1024,6",18
11741,2025-12-16,PL,android,ua_google,157,3470.8,83
11742,2026-04-15,IN,android,ua_tiktok,1,16.5,1
11743,2026-05-30,BR,iOS,ua_facebook,1,13.4,1
11744,2026-04-27,TR,ios,organic,2,"25,7",1
11745,2025-11-19,FR,android,ua_google,9,,6
11746,2025-11-07,н/д,ios,ua_google,85,1677.3,49
11747,2026-06-28,PL,android,influencer,2,23.3,2
11748,2026-04-27,BR,iOS,organic,1,6.8,2
11749,2025-11-07,FR,ios,ua_google,52,1037.5,25
11750,18.10.2025,DE,ios,ua_google,11,140.1,8
11751,2025-09-17,MX,android,ua_tiktok,1,23.8,2
11752,2026-03-23,BR,IOS,ua_google,57,NaN,24
11753,2026-01-19,ES,pc,ua_facebook,16,330.3,6
11754,08.11.2025,US,Windows,ua_facebook,15,214.3,5
11755,2026-04-17,US,android,ua_tiktok,2,25.9,1
11756,14.09.2025,TR,Windows,ua_facebook,14,234.9,6
11757,2025-09-15,DE,ios,ua_tiktok,48,932.3,22
11758,2026-06-24,US,android,ua_facebook,4,115.8,6
11759,2025-10-31,DE,ios,ua_facebook,2,14.6,2
11760,2026-01-19,RU,ios,ua_facebook,50,1174.3,33
11761,2026-02-13,us,android,organic,1,27.5,3
11762,2026-05-03,PL,android,ua_google,9,null,5
11763,2025-12-15,Turkey,android,ua_facebook,36,939.3,13
11764,30.03.2026,MX,pc,ua_facebook,12,261.2,8
11765,02.09.2025,FR,android,ua_tiktok,150,н/д,72
11766,2025-09-19,FR,android,influencer,154,2985.9,69
11767,12.10.2025,IN,Android,influencer,2,12.1,2
11768,2026-03-24,MX,android,ua_tiktok,73,1491.7,34
11769,2025-12-21,DE,ios,ua_google,3,46.0,5
11770,2025-09-02,ES,android,influencer,16,"224,9",13
11771,2026-02-01,RU,android,ua_facebook,9,,6
11772,2025-11-07,PL,IOS,cross_promo,36,,19
11773,2025-09-02,US,ios,ua_facebook,1,11.5,1
11774,04.09.2025,PL,pc,influencer,4,60.9,6
11775,26.06.2026,IN,android,organic,1,13.1,3
11776,2025-12-01,br,PC,ua_tiktok,1,null,2
11777,2025-12-21,BR,ANDROID,ua_facebook,111,2102.4,49
11778,2026-01-18,DE,pc,ua_tiktok,1,8.1,1
11779,2026-01-24,US,ios,influencer,5,"131,5",3
11780,2026-05-07,ru,pc,ua_google,7,89.8,5
11781,09.09.2025,,ios,ua_facebook,1,19.6,1
11782,2025-12-26,DE,ANDROID,organic,1,8.6,1
11783,2025-09-18,MX,ios,organic,11,250.0,6
11784,06.10.2025,BR,pc,ua_google,4,33.3,2
11785,2026-04-04,ES,android,ua_tiktok,15,"326,6",10
11786,2025-09-28,BR,android,ua_facebook,3,23.8,2
11787,2026-06-12,TR,ios,cross_promo,2,16.1,2
11788,2025-12-06,US,Windows,ua_tiktok,14,422.2,8
11789,30.10.2025,DE,pc,ua_tiktok,1,32.2,1
11790,13.11.2025,DE,android,organic,4,47.9,1
11791,2025-09-25,ES,android,cross_promo,11,249.3,2
11792,2026-06-22,MX,pc,ua_google,8,188.4,3
11793,2025-12-05,FR,ios,ua_facebook,2,10.2,1
11794,19.04.2026,US,pc,ua_tiktok,43,789.9,22
11795,2025-09-30,Brazil,Windows,ua_facebook,2,43.6,6
11796,2025-10-25,,ANDROID,ua_facebook,1,94.3,2
11797,16.02.2026,br,android,cross_promo,3,36.1,1
11798,2026-05-16,ES,ios,ua_google,1,15.5,1
11799,23.12.2025,ES,android,ua_facebook,4,69.9,1
11800,2026-01-30,ES,ios,ua_google,10,193.1,7
11801,30.03.2026,PL,ios,ua_facebook,25,"356,2",16
11802,2025-12-12,GER,ios,organic,5,212.3,4
11803,2026-05-11,ES,ios,ua_google,29,700.5,26
11804,2026-05-03,FR,IOS,organic,16,260.4,10
11805,17.03.2026,PL,android,ua_tiktok,8,126.0,2
11806,2026-02-15,н/д,pc,organic,8,138.1,3
11807,01.06.2026,ES,ANDROID,ua_facebook,40,974.8,20
11808,18.12.2025,DE,pc,cross_promo,6,126.1,4
11809,2026-04-10,BR,Windows,ua_facebook,12,419.6,3
11810,08.06.2026,BR,ios,influencer,12,209.0,11
11811,2026-01-29,ES,ios,ua_facebook,1,2.8,1
11812,2026-04-20,TR,IOS,organic,43,830.9,23
11813,25.11.2025,MX,ANDROID,cross_promo,13,180.8,10
11814,2025-09-15,DE,android,organic,1,17.5,3
11815,2025-10-29,tr,ios,ua_facebook,1,37.5,2
11816,2025-12-29,IN,pc,cross_promo,42,697.9,20
11817,2026-01-01,RU,ios,ua_google,5,79.2,2
11818,2026-04-12,DE,pc,ua_facebook,42,1220.2,27
11819,2025-11-11,MX,pc,ua_tiktok,13,152.1,8
11820,2025-09-03,USA,PC,influencer,4,26.3,2
11821,2025-10-13,US,ios,organic,254,5082.7,117
11822,2025-09-30,US,android,ua_google,5,129.7,5
11823,10.03.2026,ES,ios,ua_facebook,2,61.2,4
11824,2025-11-09,FR,Android,ua_google,5,109.3,3
11825,2026-04-27,us,android,cross_promo,1,4.4,1
11826,27.12.2025,TR,pc,cross_promo,9,198.9,6
11827,25.10.2025,RU,android,organic,1,6.7,1
11828,2025-10-10,FR,ANDROID,ua_facebook,1,24.2,1
11829,09.02.2026,us,ios,ua_google,83,2051.4,52
11830,2026-03-04,PL,iOS,organic,1,9.5,1
11831,2025-11-18,US,android,ua_google,17,393.0,7
11832,09.06.2026,US,android,ua_google,9,149.1,8
11833,2025-10-09,RU,android,organic,2,41.0,1
11834,2025-10-08,BR,ios,influencer,2,20.4,2
11835,25.04.2026,BR,ios,organic,1,14.7,2
11836,2026-02-23,DE,android,ua_tiktok,2,19.5,2
11837,2025-12-24,DE,android,organic,1,19.7,2
11838,13.05.2026,MX,ios,ua_facebook,1,19.0,1
11839,01.06.2026,PL,android,organic,24,"440,5",13
11840,08.11.2025,BR,android,ua_tiktok,35,845.7,20
11841,2026-04-05,US,pc,organic,6,114.7,3
11842,2026-04-10,TR,ios,organic,79,1635.1,39
11843,2026-05-02,ES,android,organic,58,988.2,20
11844,2026-02-07,BR,Android,ua_facebook,1,26.0,2
11845,2026-02-10,US,android,influencer,18,298.7,7
11846,2025-11-04,US,pc,ua_google,84,1527.9,37
11847,2026-02-20,MX,pc,ua_google,2,19.6,3
11848,10.05.2026,DE,ios,ua_facebook,1,16.6,1
11849,2026-01-13,PL,Windows,influencer,5,"119,2",2
11850,2026-05-25,RU,ios,ua_tiktok,1,4.4,1
11851,2025-11-07,TR,ios,influencer,1,28.7,1
11852,14.06.2026,-,android,organic,9,152.3,4
11853,08.10.2025,RU,ios,influencer,3,28.0,2
11854,2026-02-06,GER,pc,ua_google,10,139.7,8
11855,2025-10-30,TR,ios,ua_google,102,2167.0,48
11856,2026-02-25,PL,android,ua_facebook,2,9.8,2
11857,2025-11-01,US,android,influencer,88,1652.4,40
11858,05.12.2025,PL,ios,cross_promo,17,291.5,8
11859,2026-02-13,PL,IOS,ua_google,1,34.3,1
11860,2025-09-05,USA,android,ua_google,2,42.4,1
11861,2025-10-14,DE,pc,ua_facebook,1,6.2,2
11862,2025-12-05,BR,android,ua_google,162,3173.3,68
11863,2026-04-04,TR,android,ua_google,117,2373.1,64
11864,28.02.2026,NaN,pc,ua_facebook,5,188.5,4
11865,21.04.2026,TR,PC,ua_google,8,229.1,7
11866,23.05.2026,DE,ios,cross_promo,1,9.0,1
11867,2025-09-29,US,ios,ua_google,83,1354.0,46
11868,2026-03-17,de,pc,ua_google,1,18.2,2
11869,2026-06-16,,iOS,ua_google,7,113.8,4
11870,04.10.2025,TR,Android,cross_promo,16,"432,9",8
11871,2025-12-16,ES,pc,influencer,1,3.1,1
11872,2026-04-13,FR,android,organic,3,17.0,1
11873,2026-01-19,,android,ua_tiktok,1,45.6,2
11874,09.10.2025,Turkey,android,ua_facebook,55,1218.3,33
11875,2026-02-09,DE,ios,ua_tiktok,151,2865.3,73
11876,28.03.2026,MX,android,cross_promo,7,-174.2,7
11877,2025-10-10,BR,IOS,ua_tiktok,4,58.1,1
11878,01.12.2025,MX,android,influencer,3,99.6,2
11879,2025-12-23,PL,pc,ua_google,3,36.3,3
11880,08.02.2026,IN,pc,ua_google,1,10.4,2
11881,2026-02-20,IN,PC,ua_google,22,478.7,12
11882,17.11.2025,FR,ios,ua_google,1,47.4,1
11883,2025-12-08,BR,iOS,organic,42,750.1,30
11884,2025-12-12,TR,ios,ua_google,1,null,1
11885,2026-04-11,IN,android,organic,4,67.8,3
11886,2026-05-17,MX,ios,organic,3,,2
11887,2025-12-16,RU,ios,ua_facebook,23,285.2,12
11888,05.03.2026,TR,pc,ua_tiktok,60,1234.4,22
11889,2026-02-18,DE,Windows,ua_tiktok,1,9.7,1
11890,2025-10-04,BR,android,ua_tiktok,1,1.8,1
11891,2026-03-31,Germany,android,ua_google,24,542.9,12
11892,2025-10-30,RU,ios,influencer,11,297.6,8
11893,2026-06-16,TR,android,ua_tiktok,9,76.0,5
11894,2025-12-28,Germany,ios,ua_facebook,259,4990.9,121
11895,03.09.2025,BR,ANDROID,ua_facebook,2,42.8,4
11896,2025-10-20,PL,pc,ua_tiktok,76,1436.7,36
11897,15.05.2026,MX,ios,ua_facebook,13,260.0,8
11898,2026-03-21,tr,android,ua_tiktok,1,7.8,2
11899,2026-01-20,BR,android,influencer,1,26.5,2
11900,2025-12-02,FR,android,ua_tiktok,1,16.2,2
11901,12.11.2025,US,Android,ua_facebook,80,1673.8,43
11902,2025-10-30,DE,pc,ua_facebook,16,442.2,7
11903,2026-01-30,,pc,ua_facebook,9,227.1,6
11904,05.02.2026,,pc,ua_facebook,4,88.5,1
11905,2025-11-13,tr,Windows,ua_tiktok,11,249.1,6
11906,2026-05-19,TR,pc,organic,13,130.4,5
11907,2026-04-20,,Android,ua_facebook,19,373.3,8
11908,06.01.2026,ES,android,organic,5,171.2,2
11909,03.04.2026,DE,pc,ua_facebook,2,47.9,2
11910,2025-09-30,ES,ios,ua_google,43,"883,7",26
11911,2026-01-14,RU,android,ua_facebook,9,173.9,6
11912,2026-02-26,-,android,influencer,3,35.1,3
11913,2026-01-14,DE,android,ua_facebook,30,487.7,10
11914,2025-10-28,BR,Android,influencer,103,1825.0,40
11915,2026-06-07,TR,pc,organic,8,124.0,4
11916,12.04.2026,null,android,ua_google,12,290.9,4
11917,2025-09-02,BR,ios,organic,6,81.5,1
11918,2026-03-30,DE,android,ua_tiktok,3,16.4,5
11919,2026-02-21,TR,android,organic,18,467.8,10
11920,2026-02-03,RU,ios,ua_tiktok,1,40.2,2
11921,2025-09-21,IN,ios,organic,3,44.1,3
11922,2025-12-07,TR,android,ua_facebook,18,453.7,12
11923,2026-05-19,DE,PC,ua_tiktok,41,741.5,22
11924,2026-01-22,FR,android,ua_facebook,15,299.0,13
11925,2026-01-06,ES,pc,organic,16,416.4,12
11926,03.11.2025,DE,android,ua_tiktok,263,"5430,2",138
11927,10.04.2026,RU,android,ua_facebook,1,19.4,3
11928,2025-09-07,US,ios,ua_google,17,382.0,8
11929,02.03.2026,FR,pc,ua_google,52,924.0,30
11930,24.11.2025,Turkey,IOS,ua_google,68,1339.9,38
11931,2026-01-13,IN,android,ua_tiktok,1,14.3,1
11932,10.04.2026,BR,pc,ua_tiktok,3,24.8,2
11933,2026-03-24,US,android,organic,7,112.1,6
11934,2025-12-28,FR,pc,ua_google,79,1629.1,36
11935,2025-11-21,FR,android,organic,6,103.8,3
11936,2025-11-06,MX,ios,cross_promo,6,190.0,2
11937,07.06.2026,PL,ios,ua_google,2,"60,1",2
11938,2026-06-20,RU,android,ua_tiktok,1,2.5,1
11939,2025-09-15,US,ios,ua_facebook,74,,36
11940,2025-10-24,MX,android,ua_google,4,50.1,1
11941,2026-02-17,ES,android,ua_google,32,689.4,17
11942,2026-05-19,US,ANDROID,ua_google,1,4.1,2
11943,2025-09-25,RU,Android,influencer,19,298.4,8
11944,2026-02-23,MX,android,organic,18,-342.0,10
11945,2026-01-13,DE,Android,influencer,1,11.0,1
11946,2026-06-04,ES,android,influencer,1,6.0,3
11947,2025-11-16,PL,android,organic,1,null,3
11948,2025-10-17,MX,android,ua_tiktok,1,,2
11949,2025-12-01,ES,IOS,cross_promo,11,205.2,7
11950,22.06.2026,BR,android,organic,4,52.8,4
11951,2025-09-25,DE,android,cross_promo,24,643.8,11
11952,2025-12-05,US,pc,organic,84,"2072,5",45
11953,2025-11-20,PL,PC,ua_facebook,1,2.7,1
11954,2026-05-15,DE,ios,organic,3,40.3,3
11955,2026-03-09,RU,pc,ua_tiktok,2,16.8,3
11956,2026-04-19,MX,ios,ua_tiktok,87,1558.9,49
11957,2026-04-28,ru,android,ua_facebook,1,6.8,1
11958,07.12.2025,USA,android,cross_promo,6,"86,0",4
11959,2025-10-09,BR,pc,ua_google,2,39.7,1
11960,05.09.2025,RU,android,ua_facebook,64,1108.6,28
11961,2026-04-10,ru,android,ua_facebook,2,34.0,1
11962,12.09.2025,,android,ua_tiktok,2,45.1,2
11963,2025-12-13,US,pc,ua_tiktok,2,32.2,2
11964,2026-03-13,FR,PC,ua_facebook,5,71.4,3
11965,11.10.2025,FR,android,ua_tiktok,4,43.0,3
11966,01.11.2025,FR,ios,ua_google,8,117.6,3
11967,2025-09-01,TR,android,ua_facebook,276,5014.3,135
11968,23.09.2025,PL,android,organic,4,174.1,3
11969,2025-11-07,FR,PC,ua_google,1,8.4,1
11970,11.02.2026,RU,pc,ua_facebook,98,2313.3,49
11971,2026-06-05,PL,ANDROID,ua_facebook,19,294.2,5
11972,2026-04-23,RU,Windows,ua_tiktok,1,"10,9",1
11973,2025-10-31,PL,ios,ua_tiktok,3,69.1,4
11974,2026-02-17,TR,android,ua_google,97,2012.3,42
11975,2026-06-27,MX,android,ua_facebook,1,9.9,2
11976,2026-05-22,MX,ios,organic,15,392.4,10
11977,18.04.2026,RU,android,ua_tiktok,66,1277.4,26
11978,16.03.2026,USA,android,ua_google,94,1894.0,52
11979,08.09.2025,DE,Android,organic,1,4.9,1
11980,16.09.2025,PL,android,ua_facebook,1,8.1,2
11981,2025-10-17,FR,ios,organic,3,46.3,3
11982,2025-12-16,BR,android,ua_tiktok,2,32.5,1
11983,2026-02-18,IN,pc,ua_tiktok,3,33.3,3
11984,2026-02-08,ES,android,ua_facebook,1,15.7,1
11985,2026-02-19,ES,android,cross_promo,5,74.2,6
11986,2026-06-18,ES,Windows,ua_facebook,1,2.5,1
11987,2026-03-13,PL,ios,ua_facebook,3,70.2,3
11988,25.09.2025,MX,android,ua_google,2,31.0,1
11989,13.05.2026,US,ios,organic,5,159.9,4
11990,2025-11-12,ES,pc,cross_promo,1,"5,0",2
11991,2025-10-14,BR,Windows,organic,1,null,1
11992,06.09.2025,DE,ios,influencer,42,976.1,15
11993,2025-11-08,TR,android,ua_google,1,5.4,2
11994,25.03.2026,DE,ios,ua_facebook,1,"5,2",2
11995,2025-09-11,BR,android,cross_promo,9,267.6,4
11996,2026-01-22,TR,pc,cross_promo,1,9.9,1
11997,2025-09-27,DE,IOS,influencer,202,4257.1,86
11998,2026-05-05,USA,PC,influencer,7,115.1,5
11999,2026-01-21,BR,android,cross_promo,3,101.4,2
12000,2026-04-08,tr,Android,organic,4,41.5,2
12001,03.01.2026,FR,ios,ua_tiktok,2,36.6,1
12002,2026-01-13,DE,Android,influencer,1,11.0,1
12003,2026-02-01,TR,android,ua_google,1,5.6,1
12004,2026-01-12,PL,ANDROID,ua_facebook,35,637.2,15
12005,2025-09-20,US,pc,ua_tiktok,5,64.4,3
12006,2025-10-11,PL,android,ua_google,4,61.5,5
12007,2025-09-27,USA,ios,ua_tiktok,1,12.6,2
12008,22.11.2025,de,ios,ua_google,5,125.8,3
12009,2026-04-18,US,Windows,ua_google,2,14.3,2
12010,2025-09-02,MX,ios,ua_google,1,NaN,2
12011,2026-03-15,BR,ANDROID,ua_google,1,3.5,1
12012,18.01.2026,NaN,android,ua_facebook,1,1.8,1
12013,03.11.2025,,pc,organic,16,402.0,8
12014,2025-10-02,FR,ANDROID,influencer,12,187.6,8
12015,2025-10-21,DE,ios,ua_google,1,26.7,1
12016,2025-10-20,TR,pc,cross_promo,9,223.7,6
12017,25.09.2025,BR,android,ua_tiktok,1,18.0,1
12018,13.09.2025,PL,ANDROID,ua_facebook,1,15.9,2
12019,2025-11-14,NaN,ios,ua_google,32,420.0,19
12020,2026-02-16,,android,ua_facebook,10,321.1,3
12021,2026-01-20,,android,cross_promo,1,68.0,1
12022,2026-01-16,DE,IOS,organic,1,15.3,2
12023,2026-01-08,TR,ios,organic,1,24.3,1
12024,2025-09-12,FR,Windows,ua_facebook,3,27.9,1
12025,2026-05-11,TR,PC,ua_google,3,47.6,2
12026,2025-11-21,GER,ios,cross_promo,19,291.7,14
12027,2026-05-02,ES,android,organic,58,988.2,20
12028,2025-11-15,IN,android,ua_facebook,3,73.4,2
12029,2026-03-26,IN,iOS,ua_facebook,21,406.6,11
12030,2026-05-07,Brazil,android,ua_facebook,3,48.5,2
12031,2026-03-29,RU,pc,cross_promo,1,12.9,2
12032,2025-10-04,USA,android,ua_google,2,42.2,4
12033,2025-09-19,ES,pc,ua_google,19,432.3,11
12034,2025-10-24,Germany,android,ua_google,3,109.9,6
12035,2026-01-08,RU,ANDROID,organic,5,77.1,3
12036,2025-10-11,TR,android,ua_tiktok,5,89.4,2
12037,2025-10-22,BR,ios,cross_promo,82,1528.2,39
12038,2026-05-26,Turkey,Windows,ua_google,8,"129,3",4
12039,2026-02-24,PL,IOS,ua_google,2,44.2,2
12040,08.09.2025,Turkey,ios,ua_facebook,5,82.3,6
12041,2026-04-02,US,android,ua_google,8,"107,3",6
12042,2025-10-28,DE,android,ua_facebook,27,621.3,12
12043,2026-02-19,IN,pc,influencer,1,1.2,1
12044,2025-09-01,IN,android,organic,1,39.3,2
12045,2026-05-14,TR,pc,ua_facebook,10,н/д,5
12046,2026-06-10,RU,android,ua_facebook,2,"11,4",2
12047,10.03.2026,MX,pc,ua_facebook,9,"167,0",2
12048,2026-03-20,IN,android,organic,124,2327.5,58
12049,2025-10-03,us,ANDROID,ua_facebook,3,"39,6",1
12050,10.04.2026,DE,ios,influencer,2,50.4,2
12051,2025-10-31,RU,android,ua_google,32,507.3,22
12052,2026-05-31,RU,pc,ua_google,26,565.6,16
12053,2025-09-16,US,ios,influencer,22,502.1,10
12054,25.11.2025,DE,ios,ua_tiktok,45,889.5,20
12055,16.04.2026,RU,pc,ua_facebook,2,73.5,4
12056,2025-12-14,MX,ios,ua_facebook,56,1320.7,32
12057,2026-06-20,FR,pc,organic,1,NaN,3
12058,2025-09-26,BR,iOS,ua_tiktok,48,1230.6,32
12059,2025-10-25,BR,android,ua_tiktok,1,32.5,1
12060,04.09.2025,BR,android,ua_facebook,2,23.7,1
12061,2025-10-02,ES,ios,ua_facebook,115,2145.5,52
12062,18.06.2026,PL,android,ua_facebook,8,112.9,4
12063,04.09.2025,PL,pc,influencer,4,60.9,6
12064,2025-10-24,PL,android,ua_tiktok,248,4844.8,101
12065,17.12.2025,DE,ios,influencer,3,46.2,1
12066,17.10.2025,de,ios,cross_promo,1,53.3,3
12067,2026-04-14,ES,android,organic,10,217.6,7
12068,08.09.2025,IN,ios,ua_google,30,593.7,15
12069,2026-02-16,US,ios,ua_facebook,38,783.6,20
12070,2026-04-19,-,iOS,cross_promo,1,23.6,1
12071,28.06.2026,PL,ios,ua_google,7,,2
12072,27.04.2026,PL,android,organic,18,260.1,10
12073,24.04.2026,Russia,android,ua_google,38,931.2,22
12074,2025-11-28,TR,android,organic,84,1632.2,45
12075,2025-12-30,de,ios,ua_facebook,2,56.6,1
12076,2026-05-26,MX,Windows,organic,4,NaN,3
12077,2025-10-04,DE,android,ua_google,92,2087.7,46
12078,2025-09-30,PL,PC,ua_google,20,332.9,8
12079,23.02.2026,PL,android,organic,8,149.6,5
12080,19.09.2025,RU,pc,organic,35,683.5,14
12081,2026-04-26,ES,ANDROID,influencer,41,942.7,19
12082,2025-10-14,RU,android,ua_google,7,137.9,8
12083,2025-09-02,ES,ios,ua_facebook,2,26.3,1
12084,24.11.2025,DE,pc,ua_tiktok,2,118.8,3
12085,2025-10-12,,pc,ua_facebook,3,49.1,2
12086,2025-10-17,ES,ios,ua_facebook,68,1482.9,34
12087,2025-09-05,FR,ios,ua_facebook,97,2027.2,41
12088,2025-12-19,DE,iOS,influencer,73,1455.6,43
12089,2025-09-30,GER,ios,ua_facebook,81,1553.2,31
12090,2026-04-12,DE,pc,influencer,6,201.6,4
12091,2026-03-29,GER,android,ua_google,1,5.9,2
12092,2026-03-02,PL,android,ua_google,4,80.1,4
12093,2025-10-30,US,ios,ua_tiktok,53,1028.0,30
12094,29.10.2025,DE,iOS,organic,1,"33,3",1
12095,2026-03-15,BR,pc,ua_google,62,1322.7,21
12096,2025-09-23,TR,android,ua_tiktok,39,679.2,19
12097,2025-09-28,US,ANDROID,ua_google,3,88.2,4
12098,29.03.2026,Brazil,Android,ua_google,1,38.1,1
12099,2025-12-17,US,Android,cross_promo,57,,21
12100,2026-01-26,BR,ios,ua_google,1,12.1,2
12101,2026-01-06,PL,ios,influencer,8,201.4,5
12102,2025-12-16,PL,pc,ua_tiktok,1,26.7,2
12103,2026-01-20,DE,IOS,ua_facebook,15,282.9,4
12104,2025-09-11,RU,android,ua_tiktok,208,н/д,101
12105,2026-05-16,ES,pc,cross_promo,12,205.4,4
12106,2025-12-09,ES,android,organic,3,"90,8",2
12107,2025-11-17,,android,ua_google,1,24.2,2
12108,2026-01-17,US,android,ua_facebook,5,81.7,4
12109,2025-12-31,ES,ios,organic,10,203.5,5
12110,2026-06-13,US,android,organic,18,314.7,9
12111,28.06.2026,ES,android,influencer,2,NaN,3
12112,2026-05-31,ES,android,influencer,1,30.4,1
12113,09.02.2026,US,IOS,organic,1,"25,4",2
12114,2026-06-03,ES,IOS,ua_facebook,38,654.5,19
12115,2026-01-16,DE,android,ua_google,50,1034.6,26
12116,11.12.2025,RU,Android,ua_facebook,20,432.1,18
12117,2025-11-12,IN,pc,influencer,7,90.3,4
12118,26.12.2025,MX,ios,organic,4,77.9,3
12119,2026-06-25,DE,ios,influencer,3,24.9,3
12120,2025-11-30,MX,android,organic,8,270.3,3
12121,2026-03-23,PL,android,ua_facebook,10,190.1,8
12122,2025-11-01,DE,ANDROID,ua_google,7,85.1,3
12123,2025-12-03,PL,android,cross_promo,1,44.2,1
12124,2026-05-18,DE,ios,ua_google,4,180.2,2
12125,2025-12-19,ES,android,influencer,70,1650.5,36
12126,2025-10-01,US,ios,ua_tiktok,3,93.9,2
12127,2026-05-10,MX,ios,cross_promo,9,176.6,4
12128,2025-12-20,FR,android,influencer,12,243.5,5
12129,2026-01-30,-,pc,ua_facebook,1,18.9,2
12130,2025-10-15,IN,ios,ua_google,4,65.4,3
