purchase_id,player_id,item_name,category,rarity,purchase_ts,price_paid,promo_code,status
1,4,Золочёный рог,currency,COMMON,2025-10-29 09:55:00,74.57,,paid
2,15,Ледяной рог,battlepass,common,2025-12-28 10:56:00,"9,34",WINTER30,paid
3,15,Ледяной плащ,battlepass,EPIC,27.12.2025 22:51:00,15.54,null,paid
4,20,Терновый венец,cosmetic,rare,30.10.2025 01:19:00,5.89 USD,,paid
5,20,Тенистый фонарь,battlepass,rare,31.10.2025 16:01:00,13.67,WINTER30,paid
6,20,Багровый печать,currency,legendary,2025-10-31 11:06:00,51.22,NaN,paid
7,24,Пепельный рог,booster,epic,2025-10-06 06:01:00,7.12,н/д,paid
8,28,Терновый рог,bundle,epic,11.11.2025 20:54:00,17.39 USD,,paid
9,30,Терновый сундук,booster,epic,2025-10-30 05:48:00,5.20,NaN,paid
10,31,Лунный посох,battlepass,LEGENDARY,2026-05-21 21:04:00,12.81,,paid
11,34,Пепельный компас,booster,epic,2025-10-08 12:35:00,6.67,,paid
12,34,Ледяной рог,battlepass,common,2025-10-07 01:09:00,9.34,WINTER30,paid
13,34,Лунный плащ,cosmetic,common,2025-10-04 11:23:00,21.65,-,paid
14,34,Лунный венец,currency,epic,06.10.2025 04:33:00,31.36 USD,NaN,paid
15,34,Ржавый плащ,currency,LEGENDARY,2025-10-07 00:13:00,60.75,-,paid
16,34,Пепельный компас,booster,epic,08.10.2025 08:46:00,6.67,,paid
17,34,Пепельный посох,booster,rare,2025-10-05 01:04:00,9.85,н/д,paid
18,72,Костяной рог,currency,rare,2026-01-13 12:53:00,28.86,,paid
19,80,Ледяной плащ,battlepass,epic,01.02.2026 12:17:00,11.65,AUTUMN25,paid
20,80,Ледяной перчатки,battlepass,epic,2026-02-24 08:32:00,11.49,null,paid
21,87,Терновый венец,cosmetic,rare,2025-10-16 19:44:00,5.89,,paid
22,151,Багровый сундук,booster,legendary,2025-10-26 20:21:00,2.46,NaN,paid
23,161,Тенистый фонарь,battlepass,rare,2026-06-05 05:09:00,13.67,WINTER30,paid
24,161,Ржавый печать,cosmetic,epic,23.04.2026 11:03:00,16.49,,paid
25,161,Лунный сундук,currency,common,2026-06-11 11:20:00,51.44,WINTER30,paid
26,161,Изумрудный посох,booster,common,16.05.2026 10:49:00,6.73,,paid
27,161,Ржавый печать,cosmetic,EPIC,2026-05-12 11:20:00,16.49,,paid
28,161,Лунный плащ,cosmetic,common,2026-05-26 15:22:00,21.65,NaN,paid
29,161,Ледяной плащ,battlepass,epic,2026-05-28 08:38:00,15.54,NaN,paid
30,161,Ледяной плащ,battlepass,EPIC,2026-04-28 07:56:00,15.54,н/д,paid
31,161,Ледяной плащ,battlepass,epic,2026-06-27 11:47:00,10.88,WINTER30,paid
32,161,Пепельный печать,battlepass,common,2026-05-18 21:48:00,10.54,,paid
33,161,Изумрудный маска,booster,legendary,2026-05-22 21:19:00,6.18,AUTUMN25,paid
34,161,Лунный посох,battlepass,LEGENDARY,2026-05-12 02:58:00,null,,paid
35,161,Терновый сундук,booster,epic,2026-06-22 12:51:00,5.20,-,paid
36,161,Древний посох,cosmetic,epic,2026-06-05 12:15:00,4.91,-,refunded
37,161,Медный посох,booster,common,26.04.2026 17:05:00,8.61,NaN,paid
38,161,Ледяной плащ,battlepass,epic,10.06.2026 08:27:00,15.54,-,paid
39,161,Ледяной плащ,battlepass,epic,2026-06-08 14:30:00,13.99,SPRING10,paid
40,161,Ржавый фонарь,battlepass,rare,2026-05-05 06:42:00,10.83,null,paid
41,161,Золочёный посох,booster,rare,2026-04-17 00:14:00,1.52,SPRING10,paid
42,161,Багровый сундук,booster,legendary,2026-05-03 07:55:00,2.46,NaN,paid
43,161,Пепельный печать,battlepass,common,2026-04-19 21:50:00,10.54,,paid
44,161,Ледяной перчатки,battlepass,epic,2026-05-12 19:15:00,11.49,,paid
45,161,Медный перчатки,currency,rare,2026-04-18 17:05:00,60.54,н/д,paid
46,161,Золочёный рог,currency,common,19.04.2026 02:24:00,74.57,NaN,paid
47,161,Ледяной плащ,battlepass,EPIC,2026-04-19 18:25:00,13.99 USD,SPRING10,refunded
48,161,Терновый венец,cosmetic,rare,2026-05-05 03:07:00,5.89,null,paid
49,161,Костяной венец,currency,COMMON,2026-05-21 06:25:00,"95,16",н/д,paid
50,161,Терновый венец,cosmetic,rare,2026-04-23 06:41:00,"5,89",н/д,paid
51,161,Ледяной перчатки,battlepass,epic,2026-05-30 16:00:00,11.49,null,paid
52,161,Терновый венец,cosmetic,rare,2026-05-07 10:32:00,4.71,RETURN20,paid
53,161,Пепельный компас,booster,epic,2026-05-14 07:19:00,5.34,RETURN20,paid
54,161,Изумрудный перчатки,booster,epic,2026-04-23 21:58:00,6.84,,paid
55,161,Костяной венец,currency,COMMON,2026-06-03 10:26:00,80.89,WELCOME15,paid
56,161,Костяной венец,currency,common,2026-06-14 12:36:00,95.16,,paid
57,161,Багровый сундук,booster,legendary,2026-04-18 05:35:00,2.46,NaN,paid
58,161,Ледяной плащ,battlepass,epic,15.06.2026 02:54:00,15.54 USD,,paid
59,161,Изумрудный маска,booster,legendary,2026-04-17 01:34:00,8.24,,paid
60,161,Ледяной перчатки,battlepass,EPIC,02.06.2026 18:29:00,9.19,RETURN20,paid
61,161,Ледяной рог,battlepass,common,2026-05-25 08:55:00,13.34,-,paid
62,161,Древний сундук,bundle,common,17.04.2026 08:28:00,48.37,SPRING10,paid
63,161,Терновый венец,cosmetic,rare,2026-04-17 03:19:00,4.12,WINTER30,paid
64,161,Ржавый печать,cosmetic,epic,2026-06-09 05:47:00,16.49,,paid
65,161,Древний венец,cosmetic,common,2026-05-12 11:58:00,7.99,-,paid
66,161,Терновый рог,bundle,epic,2026-05-17 17:57:00,17.39,NaN,paid
67,161,Ржавый печать,cosmetic,EPIC,2026-04-19 23:17:00,16.49,н/д,paid
68,161,Ржавый амулет,currency,common,2026-06-05 22:02:00,51.66,,paid
69,161,Ледяной рог,battlepass,common,2026-04-25 18:22:00,13.34,-,paid
70,161,Костяной перчатки,battlepass,rare,17.04.2026 10:01:00,16.91,null,paid
71,161,Ржавый амулет,currency,common,2026-04-22 16:09:00,51.66 USD,н/д,paid
72,161,Костяной рог,currency,rare,2026-05-03 15:37:00,28.86,,paid
73,161,Костяной печать,battlepass,common,2026-04-20 11:28:00,12.41,-,paid
74,161,Костяной печать,battlepass,common,13.06.2026 12:12:00,12.41,н/д,paid
75,161,Терновый сундук,booster,epic,2026-05-18 19:39:00,5.20,,paid
76,161,Ледяной рог,battlepass,common,2026-05-08 21:56:00,13.34,,paid
77,161,Багровый фонарь,booster,common,19.04.2026 07:05:00,н/д,н/д,paid
78,161,Тенистый плащ,bundle,epic,2026-05-15 07:23:00,27.96,,paid
79,161,Багровый плащ,currency,EPIC,2026-05-05 00:51:00,75.44,,paid
80,161,Костяной венец,currency,common,06.05.2026 18:02:00,95.16,,paid
81,161,Золочёный рог,currency,common,06.07.2026 00:00:00,63.38,WELCOME15,paid
82,161,Тенистый рог,cosmetic,EPIC,2026-05-21 15:11:00,н/д,AUTUMN25,paid
83,161,Ледяной плащ,battlepass,EPIC,2026-04-18 17:01:00,13.21,WELCOME15,paid
84,161,Ледяной рог,battlepass,common,2026-04-17 05:28:00,13.34 USD,-,paid
85,161,Ледяной плащ,battlepass,epic,2026-05-07 06:41:00,15.54,,paid
86,161,Медный маска,battlepass,common,2026-04-26 21:50:00,11.25,,paid
87,161,Пепельный рог,booster,EPIC,2026-05-07 13:27:00,6.05 USD,WELCOME15,paid
88,161,Изумрудный сундук,booster,COMMON,2026-05-22 21:40:00,"6,33",,paid
89,161,Ледяной рог,battlepass,common,23.04.2026 07:36:00,13.34,,paid
90,161,Тенистый рог,cosmetic,epic,2026-05-07 16:17:00,11.87 USD,н/д,paid
91,161,Пепельный компас,booster,epic,2026-06-11 19:33:00,6.67,,paid
92,161,Золочёный посох,booster,rare,20.04.2026 21:30:00,1.69,,paid
93,161,Изумрудный маска,booster,legendary,2026-05-03 16:58:00,8.24,-,paid
94,161,Ледяной плащ,battlepass,epic,2026-04-26 01:44:00,13.21,WELCOME15,paid
95,161,Лунный венец,currency,EPIC,2026-04-17 06:44:00,31.36,н/д,paid
96,161,Костяной маска,currency,legendary,2026-05-11 08:12:00,23.03,NaN,paid
97,161,Ледяной рог,battlepass,common,2026-06-02 12:25:00,"13,34",-,paid
98,163,Золочёный посох,booster,rare,2026-02-27 11:39:00,1.69,-,paid
99,171,Ледяной перчатки,battlepass,epic,2026-04-16 15:10:00,11.49,null,paid
100,171,Медный амулет,cosmetic,COMMON,2026-04-18 17:41:00,8.10,-,paid
101,171,Ржавый печать,cosmetic,EPIC,2026-04-19 17:04:00,14.02,WELCOME15,paid
102,171,Пепельный рог,booster,epic,2026-04-18 04:34:00,7.12,н/д,paid
103,171,Терновый рог,bundle,epic,2026-04-17 03:20:00,17.39,,paid
104,171,Ржавый печать,cosmetic,epic,2026-04-30 08:37:00,16.49,,paid
105,171,Лунный плащ,cosmetic,common,2026-04-22 18:22:00,21.65,,paid
106,171,Пепельный печать,battlepass,common,2026-04-18 06:12:00,10.54,,paid
107,171,Пепельный плащ,currency,COMMON,2026-04-16 07:40:00,54.75,,paid
108,171,Костяной печать,battlepass,common,2026-04-16 01:23:00,12.41,,paid
109,171,Тенистый фонарь,battlepass,RARE,2026-04-19 08:28:00,19.53,null,paid
110,171,Пепельный печать,battlepass,common,30.04.2026 17:37:00,10.54,NaN,paid
111,171,Костяной венец,currency,common,2026-04-16 14:23:00,95.16,null,paid
112,171,Лунный венец,currency,epic,2026-04-18 05:36:00,-,-,paid
113,171,Тенистый плащ,bundle,epic,17.04.2026 15:42:00,27.96,,paid
114,171,Ледяной плащ,battlepass,epic,26.04.2026 01:51:00,15.54,,paid
115,171,Ржавый печать,cosmetic,epic,16.04.2026 01:43:00,16.49,н/д,paid
116,171,Ржавый печать,cosmetic,epic,18.04.2026 11:08:00,12.37,AUTUMN25,paid
117,171,Ржавый печать,cosmetic,epic,2026-04-27 07:12:00,16.49 USD,,paid
118,171,Тенистый рог,cosmetic,epic,2026-05-01 00:17:00,8.90,AUTUMN25,paid
119,180,Золочёный маска,currency,RARE,2025-12-10 21:36:00,23.27,WINTER30,paid
120,185,Костяной посох,currency,common,2026-01-11 15:33:00,"26,77",WELCOME15,paid
121,189,Ледяной рог,battlepass,common,2026-06-13 23:54:00,null,null,paid
122,189,Медный маска,battlepass,COMMON,2026-05-22 09:34:00,11.25,NaN,paid
123,189,Изумрудный маска,booster,legendary,2026-05-09 07:48:00,8.24,н/д,paid
124,189,Костяной посох,currency,common,2026-04-27 10:00:00,31.49,null,paid
125,189,Костяной венец,currency,COMMON,2026-06-05 14:33:00,95.16 USD,NaN,paid
126,189,Терновый сундук,booster,epic,2026-04-24 22:07:00,5.20,,paid
127,189,Ледяной плащ,battlepass,epic,2026-04-21 04:16:00,15.54,-,paid
128,189,Ледяной рог,battlepass,common,2026-05-31 13:55:00,13.34,null,paid
129,189,Ледяной перчатки,battlepass,EPIC,2026-05-02 19:52:00,11.49,null,paid
130,189,Изумрудный посох,booster,common,15.05.2026 03:41:00,6.73,,paid
131,189,Изумрудный маска,booster,legendary,17.05.2026 10:06:00,8.24 USD,null,paid
132,189,Ржавый печать,cosmetic,epic,2026-04-23 23:11:00,14.02 USD,WELCOME15,paid
133,189,Ледяной перчатки,battlepass,epic,2026-05-22 11:35:00,8.04 USD,WINTER30,paid
134,189,Медный печать,bundle,rare,2026-05-02 06:56:00,33.96,,paid
135,189,Ледяной плащ,battlepass,epic,10.05.2026 12:59:00,15.54,н/д,paid
136,189,Багровый сундук,booster,legendary,2026-04-24 03:13:00,2.46,NaN,paid
137,189,Изумрудный маска,booster,legendary,2026-05-18 04:57:00,"8,24",н/д,paid
138,189,Терновый сундук,booster,epic,2026-04-21 07:49:00,5.20,,paid
139,189,Ржавый печать,cosmetic,epic,2026-05-01 17:23:00,16.49,-,paid
140,189,Золочёный компас,bundle,rare,09.05.2026 23:55:00,"46,10",RETURN20,paid
141,189,Лунный плащ,cosmetic,COMMON,2026-05-11 13:15:00,18.40 USD,WELCOME15,paid
142,189,Изумрудный сундук,booster,common,04.05.2026 19:02:00,6.33,,paid
143,189,Костяной маска,currency,legendary,2026-05-12 16:42:00,"23,03",,paid
144,189,Пепельный рог,booster,epic,17.05.2026 20:43:00,7.12 USD,,paid
145,192,Лунный венец,currency,epic,2026-01-15 06:54:00,25.09,RETURN20,paid
146,205,Медный перчатки,currency,rare,19.11.2025 19:46:00,60.54,,paid
147,205,Ледяной плащ,battlepass,EPIC,05.09.2025 00:03:00,15.54,,paid
148,205,Ледяной плащ,battlepass,epic,2025-11-12 03:07:00,,н/д,paid
149,205,Тенистый посох,bundle,common,2025-10-14 21:01:00,"17,19",н/д,paid
150,205,Золочёный маска,currency,rare,2025-10-02 17:15:00,33.25 USD,-,paid
151,205,Костяной венец,currency,common,2025-09-07 12:56:00,95.16,-,paid
152,205,Ледяной перчатки,battlepass,EPIC,2025-11-23 12:29:00,NaN,,paid
153,208,Ржавый печать,cosmetic,EPIC,2026-03-23 04:39:00,16.49,NaN,paid
154,208,Медный маска,battlepass,COMMON,2026-03-23 11:24:00,9.00,RETURN20,paid
155,208,Терновый сундук,booster,epic,2026-03-23 11:47:00,5.20,,paid
156,208,Тенистый посох,bundle,common,2026-03-23 23:48:00,17.19,null,paid
157,208,Изумрудный маска,booster,legendary,2026-03-23 13:16:00,8.24,-,paid
158,208,Медный перчатки,currency,rare,2026-03-23 04:25:00,48.43,RETURN20,paid
159,233,Пепельный компас,booster,epic,20.03.2026 17:03:00,6.67,NaN,paid
160,251,Багровый сундук,booster,LEGENDARY,2025-12-11 17:57:00,2.46,null,paid
161,251,Пепельный посох,booster,rare,2026-02-03 19:11:00,9.85,,paid
162,254,Ледяной плащ,battlepass,EPIC,2026-05-19 03:15:00,15.54,,paid
163,254,Золочёный посох,booster,rare,2026-06-03 13:23:00,1.69,,paid
164,278,Изумрудный печать,cosmetic,common,2026-03-05 15:27:00,21.79,,paid
165,302,Медный маска,battlepass,common,2026-05-29 06:49:00,11.25,,paid
166,321,Золочёный компас,bundle,rare,2026-06-18 06:12:00,57.62,NaN,paid
167,321,Изумрудный перчатки,booster,epic,2026-05-29 12:55:00,6.84,null,paid
168,321,Ледяной рог,battlepass,common,2026-05-26 18:26:00,13.34,н/д,paid
169,321,Ржавый печать,cosmetic,epic,2026-05-23 02:02:00,16.49,,paid
170,321,Древний посох,cosmetic,EPIC,02.06.2026 07:39:00,4.91,н/д,paid
171,321,Пепельный плащ,currency,common,2026-05-29 13:39:00,49.27,SPRING10,paid
172,321,Багровый сундук,booster,legendary,2026-05-26 19:56:00,2.46,NaN,paid
173,321,Изумрудный печать,cosmetic,common,2026-06-26 21:00:00,21.79,,paid
174,321,Терновый сундук,booster,epic,23.05.2026 17:29:00,"5,20",null,paid
175,321,Ржавый амулет,currency,common,2026-06-18 15:07:00,46.49,SPRING10,paid
176,321,Костяной рог,currency,rare,30.05.2026 16:06:00,28.86,,paid
177,321,Древний венец,cosmetic,common,2026-06-05 20:57:00,7.99,NaN,paid
178,321,Костяной рог,currency,rare,2026-06-14 22:13:00,28.86,-,paid
179,321,Костяной венец,currency,common,28.05.2026 08:24:00,95.16,,paid
180,321,Изумрудный перчатки,booster,epic,30.05.2026 06:55:00,6.84,null,paid
181,321,Лунный посох,battlepass,legendary,2026-05-27 05:20:00,12.81,null,paid
182,321,Ледяной рог,battlepass,common,2026-06-27 19:25:00,9.34,WINTER30,paid
183,321,Костяной венец,currency,common,2026-05-28 08:57:00,95.16,-,paid
184,321,Ржавый амулет,currency,common,2026-05-30 20:59:00,51.66,-,paid
185,321,Терновый рог,bundle,epic,2026-05-24 02:14:00,13.04,AUTUMN25,paid
186,321,Тенистый рог,cosmetic,epic,2026-06-15 06:16:00,"11,87",,paid
187,321,Ледяной плащ,battlepass,EPIC,24.05.2026 00:59:00,13.99,SPRING10,paid
188,321,Тенистый рог,cosmetic,epic,25.05.2026 08:15:00,11.87,null,paid
189,321,Багровый плащ,currency,epic,04.06.2026 02:18:00,75.44,null,paid
190,321,Терновый сундук,booster,epic,20.06.2026 14:22:00,5.20,NaN,paid
191,321,Багровый плащ,currency,epic,2026-06-10 22:29:00,75.44,,paid
192,321,Ледяной плащ,battlepass,epic,03.06.2026 17:59:00,12.43,RETURN20,paid
193,321,Багровый плащ,currency,epic,25.05.2026 11:36:00,75.44,н/д,paid
194,321,Тенистый плащ,bundle,epic,2026-05-28 23:43:00,27.96,н/д,paid
195,321,Ледяной плащ,battlepass,EPIC,24.05.2026 02:01:00,15.54,н/д,paid
196,321,Золочёный посох,booster,rare,15.06.2026 22:39:00,1.69,,paid
197,321,Ледяной плащ,battlepass,EPIC,2026-06-03 12:46:00,15.54,null,paid
198,321,Изумрудный плащ,currency,common,26.05.2026 17:44:00,37.61,SPRING10,paid
199,321,Костяной венец,currency,common,2026-05-28 22:43:00,95.16,-,paid
200,321,Терновый рог,bundle,EPIC,2026-06-26 04:23:00,17.39,,paid
201,321,Медный маска,battlepass,common,01.06.2026 10:48:00,11.25,,paid
202,321,Костяной печать,battlepass,COMMON,2026-06-20 19:20:00,12.41,-,paid
203,321,Костяной венец,currency,common,2026-06-02 17:38:00,95.16,NaN,paid
204,321,Изумрудный маска,booster,legendary,2026-06-09 07:31:00,8.24,null,paid
205,321,Тенистый рог,cosmetic,EPIC,2026-06-26 12:03:00,8.31,WINTER30,paid
206,321,Тенистый рог,cosmetic,epic,04.06.2026 16:15:00,11.87,null,paid
207,321,Костяной печать,battlepass,COMMON,2026-06-05 12:12:00,12.41,null,paid
208,321,Лунный венец,currency,epic,2026-06-16 04:39:00,25.09,RETURN20,paid
209,370,Терновый сундук,booster,epic,2026-05-03 18:09:00,5.20,null,paid
210,373,Ледяной рог,battlepass,common,2026-02-07 00:23:00,11.34,WELCOME15,paid
211,392,Ледяной амулет,booster,rare,2025-11-23 15:11:00,"4,52",,paid
212,392,Ледяной рог,battlepass,common,2025-11-21 02:47:00,13.34,,paid
213,392,Ледяной плащ,battlepass,epic,2025-11-22 02:32:00,15.54,,paid
214,424,Ледяной плащ,battlepass,EPIC,2026-03-30 23:53:00,13.21,WELCOME15,paid
215,424,Ржавый компас,bundle,common,2026-06-03 20:56:00,43.18,RETURN20,paid
216,424,Лунный венец,currency,epic,2026-05-16 06:29:00,31.36,-,paid
217,427,Медный перчатки,currency,rare,2026-01-14 12:05:00,"60,54",null,paid
218,427,Пепельный плащ,currency,common,14.01.2026 14:09:00,"38,32",WINTER30,paid
219,427,Ржавый амулет,currency,COMMON,2026-01-14 11:36:00,"51,66",NaN,paid
220,441,Медный маска,battlepass,common,2025-09-05 14:47:00,11.25,,paid
221,482,Пепельный плащ,currency,COMMON,2026-03-26 12:10:00,54.75 USD,,paid
222,492,Пепельный печать,battlepass,common,2025-11-09 20:08:00,10.54,null,paid
223,511,Ледяной плащ,battlepass,epic,2026-04-28 21:21:00,"15,54",,paid
224,545,Золочёный посох,booster,RARE,2026-05-21 10:08:00,1.69,,paid
225,545,Костяной венец,currency,COMMON,2026-05-23 11:43:00,76.13,RETURN20,paid
226,549,Ледяной плащ,battlepass,epic,2025-12-31 14:07:00,15.54,NaN,paid
227,565,Костяной венец,currency,common,25.06.2026 15:29:00,95.16,NaN,paid
228,565,Медный перчатки,currency,rare,2026-06-13 01:59:00,60.54,,paid
229,591,Ржавый печать,cosmetic,epic,2025-12-19 23:24:00,16.49,,paid
230,603,Ржавый амулет,currency,common,11.03.2026 08:40:00,51.66,null,paid
231,603,Багровый сундук,booster,legendary,2026-03-10 18:19:00,2.46,,paid
232,603,Изумрудный плащ,currency,common,2026-03-07 02:02:00,33.43,RETURN20,paid
233,603,Изумрудный маска,booster,legendary,2026-03-17 20:56:00,6.18,AUTUMN25,paid
234,603,Терновый сундук,booster,epic,2026-03-11 09:09:00,5.20,,paid
235,603,Пепельный посох,booster,rare,2026-03-14 06:55:00,9.85,н/д,paid
236,603,Пепельный плащ,currency,common,11.03.2026 16:53:00,41.06,AUTUMN25,paid
237,603,Медный перчатки,currency,rare,17.03.2026 07:56:00,60.54,н/д,paid
238,603,Костяной маска,currency,legendary,09.03.2026 07:45:00,23.03 USD,,paid
239,603,Ледяной плащ,battlepass,EPIC,2026-03-16 13:53:00,15.54,null,paid
240,603,Тенистый плащ,bundle,epic,2026-03-06 14:16:00,23.77,WELCOME15,paid
241,603,Лунный посох,battlepass,legendary,2026-03-13 08:32:00,12.81,null,paid
242,612,Ледяной рог,battlepass,common,05.09.2025 09:05:00,13.34,NaN,paid
243,617,Ледяной плащ,battlepass,epic,2025-11-17 04:24:00,10.88,WINTER30,paid
244,630,Пепельный посох,booster,rare,2026-03-14 18:01:00,9.85,н/д,paid
245,630,Лунный венец,currency,epic,2026-05-05 18:48:00,31.36,,paid
246,652,Ледяной плащ,battlepass,epic,2026-04-25 02:22:00,15.54,н/д,paid
247,652,Костяной рог,currency,RARE,25.04.2026 19:39:00,20.20,WINTER30,paid
248,659,Лунный сундук,currency,COMMON,2026-03-01 07:22:00,73.48,н/д,paid
249,671,Ледяной плащ,battlepass,EPIC,2026-01-27 15:47:00,15.54,null,paid
250,671,Тенистый рог,cosmetic,EPIC,2026-01-25 09:06:00,10.68,SPRING10,paid
251,671,Золочёный посох,booster,rare,2026-01-25 22:01:00,1.69,NaN,paid
252,671,Золочёный посох,booster,rare,24.01.2026 19:08:00,"1,18",WINTER30,paid
253,671,Ледяной плащ,battlepass,EPIC,2026-01-24 12:23:00,15.54,,paid
254,671,Лунный венец,currency,epic,2026-01-27 07:11:00,31.36,,paid
255,671,Тенистый посох,bundle,common,26.01.2026 12:04:00,17.19 USD,-,paid
256,671,Тенистый посох,bundle,common,2026-01-25 00:19:00,17.19,,refunded
257,671,Ржавый печать,cosmetic,epic,2026-01-27 17:07:00,16.49,null,paid
258,671,Ледяной плащ,battlepass,epic,25.01.2026 23:13:00,null,null,paid
259,680,Ржавый амулет,currency,common,2026-04-17 00:59:00,51.66,NaN,paid
260,680,Костяной печать,battlepass,COMMON,2026-04-05 20:19:00,10.55,WELCOME15,paid
261,680,Ледяной рог,battlepass,common,2026-04-09 09:41:00,13.34,,paid
262,686,Тенистый рог,cosmetic,epic,13.05.2026 02:51:00,11.87 USD,н/д,paid
263,686,Ледяной перчатки,battlepass,epic,2026-04-30 04:19:00,11.49 USD,null,paid
264,686,Ледяной плащ,battlepass,epic,2026-05-12 05:45:00,12.43,RETURN20,paid
265,686,Костяной венец,currency,common,2026-04-28 09:18:00,95.16,,paid
266,686,Костяной венец,currency,common,2026-05-03 18:08:00,95.16,,paid
267,686,Костяной печать,battlepass,common,2026-05-11 10:17:00,12.41,,paid
268,686,Тенистый плащ,bundle,epic,02.05.2026 19:16:00,22.37,RETURN20,paid
269,699,Терновый венец,cosmetic,rare,2026-03-21 01:43:00,5.89,н/д,paid
270,699,Пепельный рог,booster,epic,2026-03-29 08:04:00,7.12,null,paid
271,699,Терновый рог,bundle,EPIC,2026-04-10 21:14:00,17.39,NaN,paid
272,715,Ржавый плащ,currency,legendary,2026-05-22 03:05:00,60.75,,paid
273,718,Медный амулет,cosmetic,common,16.02.2026 14:19:00,"8,10",-,paid
274,720,Медный амулет,cosmetic,COMMON,2026-03-18 00:29:00,7.29,SPRING10,paid
275,727,Костяной венец,currency,common,2025-12-04 03:05:00,80.89 USD,WELCOME15,paid
276,727,Лунный плащ,cosmetic,common,2025-11-11 05:46:00,,RETURN20,paid
277,727,Тенистый фонарь,battlepass,rare,2025-12-14 16:53:00,19.53,н/д,paid
278,727,Золочёный компас,bundle,rare,16.11.2025 17:34:00,57.62,null,paid
279,727,Багровый сундук,booster,legendary,2025-12-02 05:47:00,2.46 USD,,paid
280,727,Багровый фонарь,booster,common,2025-11-30 09:17:00,9.82,-,paid
281,727,Медный посох,booster,common,2025-12-04 06:00:00,8.61,-,paid
282,727,Ржавый фонарь,battlepass,RARE,2025-11-24 12:07:00,8.66,RETURN20,paid
283,727,Ледяной рог,battlepass,COMMON,2025-11-27 06:27:00,13.34,-,paid
284,727,Пепельный компас,booster,epic,24.12.2025 14:14:00,6.67,null,paid
285,727,Костяной посох,currency,common,2025-12-20 18:01:00,31.49,н/д,paid
286,727,Костяной маска,currency,legendary,2025-12-17 17:39:00,18.42,RETURN20,paid
287,727,Терновый венец,cosmetic,rare,2025-11-28 15:21:00,5.01,WELCOME15,paid
288,727,Лунный сундук,currency,COMMON,2025-11-21 10:51:00,73.48,-,refunded
289,727,Ледяной рог,battlepass,common,01.12.2025 17:04:00,9.34,WINTER30,paid
290,727,Костяной клинок,cosmetic,COMMON,05.12.2025 02:40:00,17.78,,paid
291,727,Медный маска,battlepass,common,2025-12-03 11:50:00,11.25,NaN,paid
292,727,Древний венец,cosmetic,common,2025-12-21 00:08:00,7.99,,paid
293,727,Багровый сундук,booster,legendary,09.12.2025 03:56:00,NaN,WELCOME15,paid
294,727,Костяной печать,battlepass,common,2025-11-15 16:32:00,12.41,н/д,paid
295,727,Ледяной маска,cosmetic,common,2025-12-05 09:38:00,7.82,н/д,paid
296,727,Костяной венец,currency,COMMON,2025-11-09 12:16:00,95.16,NaN,paid
297,727,Медный маска,battlepass,common,2025-11-19 04:42:00,"11,25",н/д,paid
298,727,Тенистый фонарь,battlepass,RARE,2026-07-19 00:00:00,16.60,WELCOME15,refunded
299,727,Лунный венец,currency,epic,2025-11-27 22:25:00,31.36,,paid
300,727,Костяной посох,currency,common,03.12.2025 21:00:00,н/д,AUTUMN25,paid
301,727,Медный маска,battlepass,common,08.11.2025 18:54:00,11.25,,paid
302,727,Костяной рог,currency,RARE,2025-11-15 02:00:00,28.86,-,paid
303,727,Костяной венец,currency,common,2025-11-18 03:17:00,80.89,WELCOME15,paid
304,727,Тенистый фонарь,battlepass,rare,2025-12-04 20:28:00,19.53,,paid
305,727,Тенистый рог,cosmetic,epic,2025-11-12 16:15:00,8.90,AUTUMN25,paid
306,727,Ледяной рог,battlepass,common,2025-11-14 11:58:00,13.34,,paid
307,727,Ржавый амулет,currency,common,2025-11-11 11:44:00,51.66,,paid
308,727,Ржавый амулет,currency,common,01.12.2025 17:45:00,51.66,н/д,paid
309,727,Ржавый печать,cosmetic,epic,2025-11-11 20:18:00,16.49,н/д,paid
310,727,Багровый сундук,booster,LEGENDARY,2025-11-26 18:15:00,2.46 USD,NaN,paid
311,727,Багровый плащ,currency,epic,2025-12-12 03:27:00,75.44,NaN,paid
312,727,Костяной посох,currency,common,2025-11-18 22:04:00,31.49,н/д,paid
313,727,Золочёный посох,booster,rare,2025-12-13 15:01:00,1.69,-,paid
314,727,Ледяной перчатки,battlepass,EPIC,2025-11-10 12:21:00,11.49,NaN,paid
315,727,Ледяной маска,cosmetic,COMMON,2025-12-18 12:27:00,7.82,,paid
316,727,Медный печать,bundle,rare,2025-11-06 17:03:00,33.96 USD,NaN,paid
317,727,Золочёный посох,booster,rare,2025-11-13 10:04:00,1.69,,paid
318,727,Ледяной перчатки,battlepass,epic,2025-12-21 08:13:00,8.62,AUTUMN25,paid
319,727,Ржавый печать,cosmetic,epic,10.11.2025 05:28:00,14.84,SPRING10,paid
320,727,Золочёный компас,bundle,rare,2025-12-08 22:41:00,43.21,AUTUMN25,paid
321,727,Ледяной маска,cosmetic,common,2025-11-06 20:24:00,7.82,,paid
322,727,Костяной венец,currency,common,2025-11-19 00:12:00,80.89 USD,WELCOME15,paid
323,727,Ледяной перчатки,battlepass,epic,2025-12-15 05:29:00,11.49,н/д,paid
324,772,Ледяной рог,battlepass,common,2025-12-19 23:50:00,13.34,,paid
325,772,Ледяной рог,battlepass,common,03.12.2025 13:23:00,,-,paid
326,772,Лунный посох,battlepass,legendary,2025-12-02 15:00:00,"12,81",,paid
327,777,Ржавый амулет,currency,common,2026-02-22 18:07:00,51.66,NaN,paid
328,777,Ледяной амулет,booster,rare,2026-02-27 10:23:00,4.52,,paid
329,777,Пепельный печать,battlepass,COMMON,2026-02-21 19:51:00,10.54,,paid
330,777,Древний венец,cosmetic,common,16.02.2026 07:56:00,"6,79",WELCOME15,paid
331,777,Ржавый печать,cosmetic,epic,2026-02-26 08:14:00,16.49,н/д,paid
332,777,Лунный посох,battlepass,legendary,2026-02-24 17:52:00,11.53,SPRING10,paid
333,785,Ледяной рог,battlepass,common,2026-03-14 15:20:00,11.34,WELCOME15,paid
334,796,Древний посох,cosmetic,epic,2026-04-06 06:40:00,4.91,,paid
335,796,Древний венец,cosmetic,COMMON,14.03.2026 01:28:00,7.99,,paid
336,796,Тенистый посох,bundle,common,2026-04-04 16:42:00,12.89,AUTUMN25,paid
337,796,Ледяной плащ,battlepass,epic,2026-03-17 02:18:00,15.54,,paid
338,796,Костяной венец,currency,common,2026-05-03 15:52:00,95.16,NaN,paid
339,815,Пепельный компас,booster,epic,2026-06-08 07:02:00,5.67,WELCOME15,paid
340,838,Костяной маска,currency,legendary,2026-04-28 15:08:00,23.03,-,paid
341,838,Изумрудный печать,cosmetic,common,22.04.2026 11:47:00,21.79,,paid
342,838,Золочёный посох,booster,rare,2026-03-19 20:24:00,1.69,-,paid
343,842,Ледяной плащ,battlepass,epic,2025-12-09 21:38:00,13.21,WELCOME15,paid
344,846,Золочёный компас,bundle,rare,2026-05-22 11:20:00,"57,62",null,paid
345,846,Костяной печать,battlepass,common,2025-12-29 05:08:00,12.41,,paid
346,846,Костяной венец,currency,common,2026-03-15 08:20:00,95.16,-,paid
347,846,Медный перчатки,currency,rare,2026-01-17 07:39:00,51.46,WELCOME15,paid
348,846,Лунный плащ,cosmetic,COMMON,2026-04-01 15:56:00,"21,65",,paid
349,846,Золочёный посох,booster,rare,11.01.2026 09:37:00,1.69,NaN,paid
350,846,Ледяной плащ,battlepass,epic,2026-03-08 06:09:00,15.54,-,paid
351,846,Костяной посох,currency,common,2026-06-30 09:25:00,31.49,,paid
352,846,Ледяной плащ,battlepass,epic,2025-12-26 09:45:00,"15,54",,paid
353,846,Терновый венец,cosmetic,rare,16.01.2026 04:53:00,5.30,SPRING10,paid
354,846,Ледяной плащ,battlepass,epic,07.01.2026 11:42:00,15.54,н/д,paid
355,846,Древний сундук,bundle,common,2026-04-27 00:36:00,53.74,,paid
356,846,Костяной клинок,cosmetic,common,2025-12-28 20:06:00,13.34,AUTUMN25,paid
357,846,Костяной рог,currency,rare,2026-02-10 23:53:00,"28,86",NaN,paid
358,846,Костяной посох,currency,common,2026-05-16 07:15:00,25.19,RETURN20,paid
359,846,Багровый плащ,currency,EPIC,2026-01-02 09:22:00,75.44,,paid
360,846,Пепельный компас,booster,epic,26.05.2026 06:35:00,6.67,,paid
361,846,Древний посох,cosmetic,epic,2025-12-26 15:39:00,4.91,-,paid
362,846,Пепельный посох,booster,rare,2026-05-09 14:05:00,-,-,paid
363,846,Костяной венец,currency,COMMON,2026-05-10 05:35:00,95.16,,paid
364,846,Ледяной амулет,booster,rare,2026-01-18 01:54:00,4.52,,paid
365,846,Медный посох,booster,common,2026-06-24 00:30:00,6.46 USD,AUTUMN25,paid
366,846,Пепельный посох,booster,RARE,2026-02-07 21:24:00,9.85,,paid
367,846,Терновый рог,bundle,epic,2026-04-10 23:43:00,"17,39",-,paid
368,846,Костяной венец,currency,common,2025-12-26 21:39:00,66.61,WINTER30,paid
369,846,Лунный посох,battlepass,LEGENDARY,04.03.2026 08:24:00,12.81,,paid
370,846,Пепельный печать,battlepass,COMMON,10.01.2026 07:39:00,8.43,RETURN20,paid
371,846,Золочёный рог,currency,common,2026-03-20 18:44:00,74.57,null,paid
372,846,Терновый венец,cosmetic,rare,2025-12-26 12:07:00,5.89,-,paid
373,846,Костяной посох,currency,common,2026-05-23 17:12:00,31.49,,paid
374,846,Изумрудный перчатки,booster,epic,13.05.2026 09:20:00,6.84,null,paid
375,846,Золочёный посох,booster,RARE,2026-01-25 12:36:00,1.69,,paid
376,846,Багровый сундук,booster,legendary,2026-03-19 08:56:00,2.46,н/д,paid
377,846,Лунный посох,battlepass,legendary,2026-05-12 05:04:00,12.81,н/д,paid
378,846,Костяной венец,currency,common,23.05.2026 22:57:00,95.16,,paid
379,846,Лунный венец,currency,EPIC,2026-03-01 14:54:00,31.36,н/д,paid
380,846,Изумрудный печать,cosmetic,common,14.01.2026 05:53:00,21.79,NaN,paid
381,846,Ледяной перчатки,battlepass,epic,2026-02-25 22:08:00,11.49,н/д,paid
382,846,Багровый фонарь,booster,common,2026-01-25 12:45:00,6.87,WINTER30,paid
383,846,Ледяной рог,battlepass,common,19.01.2026 14:41:00,13.34 USD,н/д,paid
384,846,Ледяной маска,cosmetic,common,07.01.2026 00:08:00,7.82,-,paid
385,846,Пепельный плащ,currency,COMMON,2026-03-29 03:30:00,54.75,null,paid
386,846,Ледяной плащ,battlepass,epic,2026-06-15 09:20:00,15.54,,paid
387,846,Ледяной перчатки,battlepass,epic,08.06.2026 18:33:00,11.49,NaN,paid
388,846,Медный маска,battlepass,common,10.02.2026 22:58:00,"11,25",н/д,paid
389,846,Терновый печать,booster,rare,2026-01-17 16:13:00,7.48,,paid
390,846,Лунный посох,battlepass,legendary,2026-02-14 21:39:00,12.81,NaN,paid
391,846,Костяной венец,currency,common,14.03.2026 20:39:00,95.16,,paid
392,846,Костяной маска,currency,legendary,2026-03-21 02:58:00,23.03,-,paid
393,846,Ледяной перчатки,battlepass,epic,2026-03-12 18:44:00,11.49,,paid
394,846,Медный маска,battlepass,common,2026-01-11 12:45:00,11.25,,paid
395,846,Медный маска,battlepass,common,2026-05-04 23:54:00,11.25,,paid
396,846,Ржавый амулет,currency,COMMON,2026-01-13 02:09:00,43.91,WELCOME15,paid
397,846,Лунный сундук,currency,common,2026-05-07 08:10:00,73.48,,paid
398,846,Ледяной плащ,battlepass,epic,2026-02-21 00:00:00,15.54 USD,NaN,paid
399,846,Костяной печать,battlepass,common,05.01.2026 14:58:00,12.41 USD,,paid
400,846,Пепельный печать,battlepass,common,2026-02-16 08:56:00,8.43,RETURN20,paid
401,846,Терновый печать,booster,rare,2026-02-17 17:14:00,7.48,,paid
402,846,Костяной рог,currency,rare,2026-02-18 21:31:00,28.86,-,paid
403,846,Золочёный перчатки,cosmetic,rare,14.02.2026 13:34:00,18.76,,paid
404,846,Ржавый амулет,currency,common,2025-12-26 15:08:00,51.66 USD,NaN,paid
405,846,Багровый печать,currency,legendary,2026-04-24 21:05:00,51.22,-,paid
406,846,Пепельный плащ,currency,common,13.01.2026 17:16:00,54.75,,paid
407,846,Ржавый амулет,currency,common,2026-03-03 10:57:00,51.66,,paid
408,846,Ржавый плащ,currency,legendary,2026-03-21 09:27:00,60.75,NaN,paid
409,846,Тенистый посох,bundle,COMMON,2026-04-11 06:23:00,14.61,WELCOME15,paid
410,846,Ледяной амулет,booster,rare,2026-03-04 01:09:00,4.07,SPRING10,paid
411,846,Изумрудный посох,booster,common,2026-06-03 08:30:00,6.73 USD,NaN,paid
412,846,Терновый сундук,booster,epic,2026-02-12 02:24:00,"4,16",RETURN20,paid
413,846,Лунный венец,currency,EPIC,18.04.2026 16:07:00,31.36,,paid
414,846,Лунный плащ,cosmetic,common,2026-04-03 22:40:00,21.65,н/д,paid
415,846,Тенистый фонарь,battlepass,rare,11.02.2026 08:25:00,19.53,NaN,paid
416,846,Ледяной плащ,battlepass,EPIC,27.03.2026 15:55:00,15.54,NaN,paid
417,846,Терновый сундук,booster,epic,2026-04-21 03:00:00,5.20,-,paid
418,846,Ледяной рог,battlepass,common,2026-06-05 06:33:00,11.34,WELCOME15,paid
419,846,Тенистый посох,bundle,common,2026-05-19 04:16:00,15.47,SPRING10,paid
420,846,Ледяной амулет,booster,rare,2026-06-26 18:42:00,"3,16",WINTER30,paid
421,846,Ледяной плащ,battlepass,epic,01.03.2026 02:14:00,15.54,null,paid
422,846,Терновый сундук,booster,epic,2026-03-06 01:28:00,5.20,,paid
423,846,Ледяной рог,battlepass,COMMON,20.06.2026 11:05:00,13.34,,paid
424,846,Терновый печать,booster,rare,18.03.2026 01:41:00,7.48 USD,н/д,paid
425,846,Ржавый амулет,currency,common,13.05.2026 12:09:00,51.66,,paid
426,846,Ледяной плащ,battlepass,epic,2026-06-13 09:39:00,15.54,null,paid
427,846,Ледяной перчатки,battlepass,EPIC,2025-12-26 19:32:00,11.49,-,paid
428,846,Ледяной рог,battlepass,common,2026-03-23 22:47:00,13.34,н/д,paid
429,846,Ледяной плащ,battlepass,epic,20.01.2026 04:55:00,15.54,-,paid
430,846,Пепельный рог,booster,epic,2026-03-17 11:41:00,7.12,-,paid
431,846,Костяной печать,battlepass,COMMON,2026-03-01 15:32:00,12.41,н/д,paid
432,846,Пепельный плащ,currency,COMMON,27.03.2026 05:22:00,41.06,AUTUMN25,paid
433,846,Лунный посох,battlepass,legendary,31.01.2026 00:03:00,10.89,WELCOME15,paid
434,846,Изумрудный перчатки,booster,epic,2026-06-22 07:57:00,6.84,,paid
435,846,Ржавый печать,cosmetic,epic,2026-05-11 14:00:00,16.49,NaN,paid
436,846,Терновый рог,bundle,epic,2026-05-24 12:53:00,null,,paid
437,846,Костяной венец,currency,common,2026-04-18 15:29:00,80.89,WELCOME15,paid
438,846,Изумрудный маска,booster,legendary,2026-01-21 23:53:00,8.24,null,paid
439,846,Костяной посох,currency,common,2026-03-05 15:35:00,23.62,AUTUMN25,paid
440,846,Терновый сундук,booster,epic,2026-01-31 12:04:00,5.20,,paid
441,846,Костяной венец,currency,COMMON,2026-01-09 11:59:00,95.16,,paid
442,846,Пепельный печать,battlepass,common,2026-02-25 01:00:00,10.54,null,paid
443,846,Золочёный посох,booster,rare,2026-01-22 03:53:00,1.69,null,paid
444,846,Багровый фонарь,booster,common,2026-01-22 22:11:00,9.82,-,paid
445,846,Ржавый плащ,currency,LEGENDARY,2026-01-31 22:09:00,60.75,null,paid
446,846,Золочёный посох,booster,rare,2026-05-05 11:27:00,1.44,WELCOME15,paid
447,846,Ледяной рог,battlepass,common,19.02.2026 16:57:00,10.00,AUTUMN25,paid
448,846,Ледяной рог,battlepass,common,20.05.2026 22:50:00,13.34,н/д,paid
449,846,Костяной венец,currency,COMMON,2026-06-14 20:03:00,95.16,null,paid
450,846,Тенистый рог,cosmetic,epic,2025-12-27 06:48:00,11.87,,paid
451,846,Пепельный посох,booster,rare,2026-01-02 09:40:00,9.85,н/д,paid
452,846,Ржавый фонарь,battlepass,rare,2026-01-02 14:34:00,10.83,,paid
453,846,Золочёный перчатки,cosmetic,rare,2025-12-26 16:36:00,15.95,WELCOME15,paid
454,846,Медный амулет,cosmetic,common,01.06.2026 21:59:00,8.10,-,paid
455,846,Костяной печать,battlepass,COMMON,2026-03-08 14:31:00,12.41,,paid
456,846,Ржавый печать,cosmetic,epic,2026-04-27 07:54:00,16.49 USD,,paid
457,846,Ржавый амулет,currency,COMMON,2026-04-05 23:11:00,51.66,-,paid
458,846,Лунный венец,currency,epic,2026-04-22 21:31:00,23.52,AUTUMN25,paid
459,846,Терновый сундук,booster,EPIC,2026-05-21 10:21:00,5.20,,paid
460,846,Костяной венец,currency,common,15.01.2026 09:09:00,95.16,-,paid
461,846,Пепельный печать,battlepass,common,05.01.2026 06:46:00,"10,54",,paid
462,846,Ледяной плащ,battlepass,EPIC,11.01.2026 13:21:00,15.54,,paid
463,846,Лунный плащ,cosmetic,common,2026-06-09 15:58:00,21.65,,paid
464,846,Древний венец,cosmetic,common,22.01.2026 00:48:00,7.99,,paid
465,846,Ржавый печать,cosmetic,epic,2026-04-06 01:46:00,16.49,,paid
466,846,Ржавый амулет,currency,common,2026-01-13 08:05:00,51.66,н/д,refunded
467,846,Терновый рог,bundle,epic,07.01.2026 08:54:00,13.91,RETURN20,paid
468,846,Изумрудный плащ,currency,common,2026-07-06 00:00:00,35.52,WELCOME15,paid
469,846,Тенистый плащ,bundle,epic,01.01.2026 12:23:00,н/д,AUTUMN25,paid
470,846,Медный амулет,cosmetic,common,2026-01-16 23:49:00,8.10,NaN,paid
471,846,Медный маска,battlepass,common,2026-01-29 03:09:00,"11,25",,paid
472,846,Терновый сундук,booster,epic,2026-04-29 04:24:00,5.20 USD,,paid
473,846,Изумрудный посох,booster,COMMON,20.01.2026 06:04:00,6.73,null,paid
474,846,Тенистый фонарь,battlepass,rare,2026-05-08 02:50:00,19.53,,paid
475,846,Терновый рог,bundle,epic,2026-02-23 10:39:00,17.39,null,paid
476,846,Лунный плащ,cosmetic,common,2026-03-15 17:40:00,21.65,н/д,paid
477,846,Ледяной плащ,battlepass,epic,2026-01-24 18:26:00,15.54,н/д,paid
478,846,Ледяной перчатки,battlepass,epic,2026-03-17 21:26:00,11.49,,paid
479,846,Изумрудный плащ,currency,common,2026-05-21 09:13:00,41.79,-,paid
480,846,Золочёный рог,currency,common,2026-01-09 13:52:00,74.57,null,paid
481,846,Тенистый рог,cosmetic,epic,2026-03-20 19:09:00,,,paid
482,846,Золочёный маска,currency,rare,2025-12-30 02:47:00,33.25,,paid
483,846,Золочёный рог,currency,common,2026-05-24 16:04:00,"74,57",,paid
484,846,Ледяной перчатки,battlepass,epic,2026-01-16 20:56:00,11.49,н/д,paid
485,846,Багровый сундук,booster,legendary,2026-05-13 08:20:00,2.46,NaN,paid
486,846,Костяной маска,currency,legendary,2026-04-08 05:41:00,23.03,null,paid
487,846,Изумрудный печать,cosmetic,common,07.01.2026 22:39:00,19.61,SPRING10,paid
488,846,Изумрудный перчатки,booster,epic,2025-12-27 23:41:00,6.84,,paid
489,846,Золочёный рог,currency,common,2026-06-03 18:40:00,74.57,,paid
490,846,Ледяной плащ,battlepass,epic,2026-02-10 06:15:00,15.54 USD,,paid
491,846,Медный посох,booster,common,10.01.2026 07:58:00,8.61,,paid
492,846,Багровый сундук,booster,legendary,10.05.2026 03:01:00,2.46,NaN,paid
493,846,Золочёный компас,bundle,rare,2026-05-15 05:37:00,57.62,NaN,paid
494,846,Тенистый фонарь,battlepass,rare,2026-01-04 21:03:00,"19,53",,paid
495,846,Багровый сундук,booster,legendary,2026-03-20 10:17:00,2.46,н/д,paid
496,846,Древний сундук,bundle,COMMON,2025-12-29 17:15:00,53.74,н/д,paid
497,846,Ледяной рог,battlepass,common,2026-04-16 01:50:00,13.34,-,paid
498,846,Ржавый амулет,currency,common,26.12.2025 08:00:00,36.16 USD,WINTER30,paid
499,846,Костяной венец,currency,common,2026-02-25 08:53:00,95.16 USD,null,paid
500,846,Багровый печать,currency,legendary,2026-05-26 23:54:00,51.22,-,paid
501,846,Лунный сундук,currency,COMMON,2026-05-15 20:26:00,51.44,WINTER30,paid
502,846,Медный маска,battlepass,common,19.03.2026 22:44:00,11.25,н/д,paid
503,846,Пепельный печать,battlepass,common,12.01.2026 13:44:00,10.54,,paid
504,846,Костяной печать,battlepass,common,2026-05-20 06:35:00,"12,41",,paid
505,846,Ржавый амулет,currency,common,09.03.2026 03:33:00,51.66,NaN,paid
506,846,Золочёный посох,booster,rare,2026-01-24 15:12:00,1.69,NaN,paid
507,846,Терновый печать,booster,rare,2026-06-20 16:39:00,7.48,н/д,paid
508,846,Костяной венец,currency,common,2026-04-05 10:22:00,"95,16",-,paid
509,846,Костяной венец,currency,common,2026-03-13 09:33:00,95.16,н/д,paid
510,846,Изумрудный сундук,booster,COMMON,2026-05-14 13:31:00,"6,33",null,paid
511,848,Ледяной плащ,battlepass,epic,2025-10-27 09:08:00,15.54,NaN,paid
512,851,Багровый сундук,booster,legendary,2025-10-25 20:30:00,2.09 USD,WELCOME15,paid
513,869,Костяной венец,currency,COMMON,2026-01-25 13:25:00,95.16,,paid
514,869,Медный печать,bundle,RARE,17.01.2026 12:05:00,30.56,SPRING10,paid
515,869,Костяной венец,currency,COMMON,2026-01-17 02:45:00,95.16,,paid
516,869,Ржавый амулет,currency,common,2026-01-22 22:42:00,51.66,,paid
517,869,Тенистый фонарь,battlepass,RARE,2026-01-26 01:54:00,null,AUTUMN25,paid
518,869,Ледяной плащ,battlepass,epic,2026-01-25 23:10:00,15.54,,paid
519,869,Ледяной плащ,battlepass,epic,2026-01-20 16:45:00,15.54,null,paid
520,869,Медный перчатки,currency,rare,2026-01-14 23:54:00,42.38,WINTER30,paid
521,869,Костяной печать,battlepass,common,2026-01-20 12:54:00,12.41,,paid
522,869,Медный маска,battlepass,common,15.01.2026 20:28:00,11.25,-,paid
523,869,Пепельный печать,battlepass,common,11.01.2026 01:21:00,8.96,WELCOME15,paid
524,869,Ледяной плащ,battlepass,epic,2026-01-21 12:05:00,15.54,-,paid
525,869,Ржавый амулет,currency,COMMON,2026-01-10 14:58:00,41.33,RETURN20,paid
526,869,Древний сундук,bundle,common,2026-01-25 06:13:00,53.74,null,paid
527,869,Ледяной рог,battlepass,common,2026-01-23 05:01:00,11.34,WELCOME15,paid
528,869,Костяной венец,currency,common,2026-01-16 20:34:00,95.16,,paid
529,869,Ржавый печать,cosmetic,epic,12.01.2026 00:31:00,16.49,,paid
530,869,Костяной венец,currency,common,2026-01-13 19:24:00,"95,16",н/д,paid
531,869,Медный перчатки,currency,rare,12.01.2026 23:24:00,60.54,,paid
532,869,Костяной посох,currency,common,2026-01-12 11:46:00,31.49,-,paid
533,869,Ржавый амулет,currency,common,2026-01-12 18:42:00,51.66,,paid
534,869,Ледяной перчатки,battlepass,EPIC,2026-01-12 22:42:00,11.49,NaN,paid
535,869,Лунный сундук,currency,common,2026-01-10 21:00:00,58.78,RETURN20,paid
536,869,Костяной печать,battlepass,common,2026-01-10 13:27:00,12.41,-,paid
537,869,Ледяной перчатки,battlepass,epic,2026-01-21 15:59:00,11.49,-,paid
538,869,Лунный венец,currency,epic,2026-01-15 15:17:00,26.66,WELCOME15,paid
539,869,Костяной посох,currency,common,2026-01-12 03:09:00,31.49,,paid
540,869,Костяной печать,battlepass,common,20.01.2026 12:43:00,"12,41",н/д,paid
541,869,Лунный венец,currency,epic,2026-01-10 07:47:00,31.36,,paid
542,869,Багровый сундук,booster,legendary,2026-01-13 23:17:00,2.46,null,paid
543,869,Багровый фонарь,booster,common,2026-01-11 02:56:00,9.82,NaN,paid
544,869,Ржавый амулет,currency,common,2026-01-23 12:43:00,51.66,,paid
545,869,Лунный венец,currency,epic,2026-01-13 05:54:00,31.36 USD,н/д,paid
546,869,Багровый сундук,booster,legendary,2026-01-14 19:43:00,2.21,SPRING10,paid
547,869,Медный печать,bundle,rare,2026-01-25 02:14:00,"33,96",-,paid
548,869,Костяной венец,currency,COMMON,10.01.2026 06:08:00,95.16,NaN,paid
549,869,Костяной рог,currency,RARE,2026-01-23 01:38:00,28.86,-,paid
550,869,Тенистый рог,cosmetic,epic,2026-01-11 13:55:00,11.87,null,paid
551,869,Тенистый плащ,bundle,epic,2026-01-21 14:18:00,27.96,,paid
552,869,Ржавый печать,cosmetic,epic,2026-01-21 15:50:00,16.49,,paid
553,869,Медный посох,booster,COMMON,2026-01-23 01:11:00,"8,61",-,paid
554,869,Ржавый амулет,currency,common,2026-01-10 11:13:00,46.49,SPRING10,paid
555,869,Изумрудный маска,booster,LEGENDARY,12.01.2026 14:16:00,8.24,,paid
556,869,Ледяной перчатки,battlepass,epic,2026-01-24 17:11:00,11.49,-,paid
557,869,Костяной венец,currency,common,2026-01-16 19:27:00,95.16,,paid
558,869,Терновый сундук,booster,EPIC,2026-01-20 17:05:00,5.20,null,paid
559,869,Терновый сундук,booster,epic,2026-01-10 09:38:00,5.20,null,paid
560,869,Ржавый амулет,currency,common,2026-01-24 02:45:00,51.66,,paid
561,869,Золочёный посох,booster,RARE,14.01.2026 07:14:00,1.35 USD,RETURN20,paid
562,869,Костяной венец,currency,common,25.01.2026 15:24:00,95.16,,paid
563,869,Ржавый амулет,currency,common,26.01.2026 11:39:00,51.66,,paid
564,869,Тенистый фонарь,battlepass,rare,2026-01-10 11:17:00,19.53,-,paid
565,869,Ледяной перчатки,battlepass,epic,2026-01-10 06:23:00,11.49,-,paid
566,869,Костяной печать,battlepass,COMMON,2026-01-19 07:49:00,9.31,AUTUMN25,paid
567,869,Изумрудный маска,booster,LEGENDARY,16.01.2026 18:46:00,6.59,RETURN20,paid
568,869,Лунный посох,battlepass,legendary,2026-01-10 03:22:00,12.81,,paid
569,869,Лунный венец,currency,epic,2026-01-10 14:24:00,31.36,н/д,paid
570,869,Ледяной плащ,battlepass,EPIC,2026-01-22 12:14:00,15.54,NaN,paid
571,869,Древний венец,cosmetic,common,2026-01-24 11:22:00,н/д,,paid
572,869,Лунный сундук,currency,common,2026-01-11 09:14:00,51.44,WINTER30,paid
573,869,Ржавый амулет,currency,common,2026-01-15 21:02:00,51.66,н/д,paid
574,869,Пепельный посох,booster,rare,10.01.2026 08:30:00,8.37,WELCOME15,paid
575,869,Древний посох,cosmetic,epic,2026-01-11 10:04:00,4.91,-,paid
576,869,Ледяной перчатки,battlepass,EPIC,2026-01-19 12:01:00,11.49,,paid
577,869,Ржавый амулет,currency,common,2026-01-23 11:04:00,38.74,AUTUMN25,paid
578,869,Изумрудный печать,cosmetic,common,2026-01-14 19:18:00,21.79,null,paid
579,869,Ледяной плащ,battlepass,epic,13.01.2026 04:38:00,15.54,н/д,paid
580,869,Ледяной рог,battlepass,common,2026-01-20 18:31:00,13.34,-,paid
581,869,Терновый сундук,booster,epic,2026-01-10 08:57:00,5.20,null,paid
582,869,Ледяной рог,battlepass,COMMON,2026-01-12 15:03:00,13.34,,paid
583,869,Багровый сундук,booster,legendary,2026-01-10 10:48:00,2.46,н/д,paid
584,869,Медный амулет,cosmetic,common,2026-01-16 07:41:00,6.07,AUTUMN25,paid
585,869,Костяной печать,battlepass,common,2026-01-14 14:37:00,"12,41",,paid
586,869,Костяной печать,battlepass,common,2026-01-11 06:52:00,12.41,,paid
587,869,Костяной венец,currency,common,2026-01-13 16:01:00,95.16,,paid
588,869,Костяной венец,currency,common,2026-01-24 10:42:00,,,paid
589,869,Тенистый фонарь,battlepass,RARE,2026-01-11 07:16:00,null,null,paid
590,869,Ржавый компас,bundle,common,2026-01-10 20:32:00,53.98,,paid
591,869,Тенистый плащ,bundle,epic,24.01.2026 17:33:00,27.96,NaN,paid
592,870,Пепельный рог,booster,epic,2025-09-06 04:08:00,"7,12",,paid
593,870,Изумрудный маска,booster,legendary,06.09.2025 19:15:00,8.24,,paid
594,874,Ржавый печать,cosmetic,EPIC,2025-09-04 15:34:00,14.02,WELCOME15,paid
595,874,Костяной венец,currency,common,2025-09-04 08:13:00,95.16,,paid
596,875,Ледяной рог,battlepass,common,18.06.2026 02:53:00,13.34,н/д,paid
597,875,Ледяной рог,battlepass,COMMON,2026-05-27 02:46:00,13.34,-,paid
598,875,Пепельный печать,battlepass,common,2026-06-06 15:51:00,10.54,null,paid
599,875,Золочёный рог,currency,common,11.06.2026 19:37:00,74.57,н/д,paid
600,875,Костяной венец,currency,common,2026-05-18 03:50:00,95.16,,paid
601,875,Костяной клинок,cosmetic,common,2026-05-22 17:20:00,17.78,н/д,paid
602,875,Тенистый клинок,bundle,legendary,2026-05-20 09:44:00,70.79,н/д,paid
603,875,Ледяной рог,battlepass,common,2026-05-15 22:57:00,13.34,,paid
604,875,Тенистый посох,bundle,COMMON,22.05.2026 08:36:00,17.19,,paid
605,875,Ржавый компас,bundle,common,2026-05-25 22:29:00,53.98,,paid
606,875,Терновый сундук,booster,epic,01.06.2026 20:25:00,4.42,WELCOME15,paid
607,875,Костяной печать,battlepass,common,2026-06-23 20:33:00,9.31,AUTUMN25,paid
608,875,Медный маска,battlepass,common,2026-05-15 12:18:00,"9,56",WELCOME15,paid
609,875,Ржавый амулет,currency,COMMON,2026-05-24 09:40:00,51.66,н/д,paid
610,875,Золочёный посох,booster,rare,2026-05-24 18:42:00,,,paid
611,875,Пепельный печать,battlepass,COMMON,2026-05-17 20:22:00,10.54 USD,,paid
612,875,Ржавый амулет,currency,common,2026-06-21 23:46:00,36.16,WINTER30,paid
613,875,Ржавый печать,cosmetic,epic,2026-05-15 23:51:00,16.49,,paid
614,875,Лунный сундук,currency,common,10.07.2026 00:00:00,62.46 USD,WELCOME15,paid
615,875,Костяной рог,currency,rare,26.06.2026 19:15:00,24.53,WELCOME15,paid
616,875,Изумрудный маска,booster,legendary,2026-05-17 23:22:00,8.24,н/д,paid
617,875,Терновый сундук,booster,epic,16.05.2026 05:43:00,5.20,null,paid
618,875,Ледяной амулет,booster,rare,2026-05-30 15:51:00,4.52,NaN,paid
619,875,Лунный плащ,cosmetic,common,15.05.2026 01:27:00,18.40,WELCOME15,paid
620,875,Ржавый печать,cosmetic,epic,2026-05-15 05:48:00,16.49,null,paid
621,875,Ржавый печать,cosmetic,epic,17.06.2026 13:12:00,14.02 USD,WELCOME15,paid
622,875,Медный амулет,cosmetic,common,2026-05-29 11:14:00,8.10,-,paid
623,875,Тенистый фонарь,battlepass,RARE,2026-06-02 02:33:00,19.53,,paid
624,875,Ледяной рог,battlepass,common,2026-06-07 17:15:00,10.00,AUTUMN25,paid
625,875,Ржавый компас,bundle,common,2026-06-19 11:27:00,53.98,,paid
626,875,Ледяной плащ,battlepass,epic,2026-05-15 16:32:00,15.54,,paid
627,875,Золочёный посох,booster,rare,15.05.2026 19:36:00,1.69,,paid
628,875,Ледяной рог,battlepass,common,2026-06-24 23:49:00,13.34,,paid
629,875,Багровый сундук,booster,legendary,2026-06-14 08:00:00,2.46,NaN,paid
630,875,Ледяной плащ,battlepass,epic,2026-06-04 23:30:00,"15,54",,paid
631,875,Тенистый фонарь,battlepass,RARE,27.05.2026 18:00:00,16.60,WELCOME15,paid
632,875,Ледяной плащ,battlepass,epic,2026-05-15 04:51:00,15.54,,paid
633,875,Тенистый фонарь,battlepass,rare,2026-06-29 22:38:00,19.53,,paid
634,875,Ледяной перчатки,battlepass,epic,2026-05-21 09:43:00,11.49,null,paid
635,875,Багровый фонарь,booster,common,2026-05-18 01:46:00,9.82,null,paid
636,875,Терновый рог,bundle,epic,15.05.2026 21:29:00,13.04,AUTUMN25,paid
637,875,Багровый сундук,booster,legendary,2026-05-22 17:36:00,1.84,AUTUMN25,paid
638,875,Терновый венец,cosmetic,rare,14.06.2026 15:14:00,5.89,н/д,paid
639,875,Медный печать,bundle,rare,2026-05-22 23:21:00,33.96,н/д,paid
640,875,Ледяной плащ,battlepass,epic,15.05.2026 06:51:00,15.54,NaN,paid
641,875,Древний венец,cosmetic,common,2026-06-27 20:30:00,"5,59",WINTER30,paid
642,875,Пепельный рог,booster,epic,2026-05-18 18:14:00,7.12,,paid
643,875,Медный печать,bundle,rare,2026-05-15 02:52:00,28.87,WELCOME15,paid
644,875,Костяной печать,battlepass,common,2026-06-21 09:36:00,12.41,-,paid
645,875,Ледяной рог,battlepass,common,2026-05-28 00:26:00,13.34,,paid
646,875,Ледяной плащ,battlepass,epic,2026-05-16 21:38:00,13.21,WELCOME15,paid
647,875,Костяной венец,currency,COMMON,2026-06-01 10:08:00,95.16,NaN,paid
648,875,Изумрудный посох,booster,common,2026-06-10 08:52:00,6.73,null,paid
649,875,Ржавый фонарь,battlepass,rare,2026-06-26 01:55:00,10.83,,paid
650,875,Изумрудный перчатки,booster,epic,30.05.2026 19:38:00,6.84,н/д,paid
651,875,Ледяной плащ,battlepass,epic,2026-05-18 09:57:00,15.54,,paid
652,875,Ржавый амулет,currency,common,2026-05-16 00:23:00,51.66,null,paid
653,875,Лунный посох,battlepass,legendary,16.06.2026 13:26:00,12.81,NaN,paid
654,875,Древний сундук,bundle,common,2026-05-19 06:42:00,45.68,WELCOME15,paid
655,875,Лунный сундук,currency,common,2026-06-21 08:22:00,73.48 USD,,paid
656,875,Тенистый рог,cosmetic,EPIC,2026-05-15 17:51:00,11.87,,paid
657,875,Тенистый рог,cosmetic,epic,2026-06-03 22:13:00,11.87,н/д,paid
658,875,Пепельный рог,booster,epic,2026-05-23 00:44:00,6.41,SPRING10,paid
659,875,Ледяной плащ,battlepass,EPIC,2026-06-02 10:22:00,15.54,н/д,paid
660,875,Костяной венец,currency,common,2026-06-30 19:56:00,95.16,,paid
661,875,Ржавый компас,bundle,common,14.06.2026 03:35:00,53.98,,paid
662,875,Пепельный посох,booster,rare,25.05.2026 00:11:00,9.85,,paid
663,875,Лунный плащ,cosmetic,common,2026-06-27 00:59:00,21.65,,paid
664,875,Пепельный рог,booster,epic,20.05.2026 18:06:00,7.12,,paid
665,875,Золочёный компас,bundle,rare,2026-05-26 07:15:00,46.10,RETURN20,paid
666,875,Ледяной рог,battlepass,common,2026-06-13 19:43:00,10.00 USD,AUTUMN25,paid
667,875,Тенистый фонарь,battlepass,rare,2026-06-09 02:18:00,19.53,,paid
668,875,Пепельный печать,battlepass,common,2026-05-16 06:30:00,10.54,NaN,paid
669,875,Костяной венец,currency,common,22.05.2026 05:36:00,95.16,,paid
670,875,Тенистый рог,cosmetic,epic,21.05.2026 16:36:00,11.87,,paid
671,875,Ледяной амулет,booster,rare,2026-05-17 11:16:00,4.52,-,paid
672,875,Терновый рог,bundle,epic,2026-05-15 22:42:00,13.91,RETURN20,paid
673,875,Костяной клинок,cosmetic,common,2026-05-16 23:27:00,12.45,WINTER30,paid
674,875,Терновый сундук,booster,epic,2026-05-19 14:59:00,5.20,,paid
675,875,Ржавый печать,cosmetic,EPIC,2026-05-15 16:59:00,16.49,-,paid
676,875,Тенистый фонарь,battlepass,rare,2026-06-01 07:08:00,16.60,WELCOME15,paid
677,875,Медный амулет,cosmetic,common,2026-05-20 15:09:00,7.29,SPRING10,paid
678,875,Лунный посох,battlepass,LEGENDARY,2026-06-30 08:52:00,11.53,SPRING10,paid
679,875,Древний посох,cosmetic,EPIC,2026-06-12 16:39:00,4.91,NaN,paid
680,875,Костяной венец,currency,common,2026-05-16 14:56:00,95.16,н/д,paid
681,875,Терновый печать,booster,rare,2026-05-21 18:32:00,7.48,null,paid
682,875,Ледяной маска,cosmetic,common,2026-05-15 12:39:00,7.82,,paid
683,875,Тенистый венец,currency,common,31.05.2026 19:39:00,56.47,н/д,paid
684,875,Ледяной амулет,booster,rare,2026-05-19 12:04:00,4.52,,refunded
685,875,Костяной печать,battlepass,COMMON,2026-05-20 03:44:00,12.41,-,paid
686,875,Пепельный компас,booster,EPIC,2026-05-17 09:27:00,"6,67",,paid
687,875,Изумрудный посох,booster,common,2026-06-20 14:14:00,6.73,,paid
688,875,Ледяной плащ,battlepass,epic,2026-05-29 03:37:00,15.54,,paid
689,875,Золочёный посох,booster,rare,2026-05-19 08:35:00,1.69,,paid
690,875,Костяной венец,currency,COMMON,2026-06-18 18:07:00,95.16 USD,н/д,paid
691,875,Костяной венец,currency,common,2026-05-30 17:52:00,95.16,н/д,paid
692,875,Золочёный рог,currency,common,2026-06-12 01:27:00,74.57,,paid
693,875,Тенистый рог,cosmetic,epic,2026-06-12 08:15:00,11.87,-,paid
694,875,Ржавый компас,bundle,common,16.05.2026 01:13:00,53.98,,paid
695,875,Лунный сундук,currency,common,2026-06-13 09:28:00,73.48 USD,-,paid
696,875,Терновый сундук,booster,epic,2026-06-07 22:00:00,5.20,,paid
697,875,Изумрудный маска,booster,legendary,2026-06-26 00:29:00,8.24 USD,,paid
698,875,Тенистый посох,bundle,COMMON,2026-05-30 21:30:00,17.19,,paid
699,875,Лунный посох,battlepass,legendary,07.06.2026 02:55:00,8.97,WINTER30,paid
700,875,Костяной печать,battlepass,common,2026-05-15 22:09:00,12.41,,paid
701,875,Ледяной рог,battlepass,common,24.05.2026 05:27:00,13.34,н/д,paid
702,875,Ледяной маска,cosmetic,common,2026-06-09 20:35:00,7.82 USD,-,paid
703,875,Тенистый венец,currency,common,2026-06-04 02:36:00,56.47,-,paid
704,875,Тенистый фонарь,battlepass,rare,18.05.2026 03:49:00,,NaN,paid
705,875,Тенистый рог,cosmetic,EPIC,2026-05-24 04:12:00,11.87,н/д,paid
706,875,Лунный сундук,currency,common,2026-07-14 00:00:00,58.78,RETURN20,paid
707,875,Медный посох,booster,common,29.07.2026 00:00:00,6.89,RETURN20,refunded
708,875,Медный посох,booster,common,2026-05-17 13:46:00,8.61,н/д,paid
709,875,Золочёный рог,currency,common,2026-06-13 21:07:00,null,,paid
710,875,Лунный сундук,currency,common,2026-05-21 21:42:00,73.48,,paid
711,875,Костяной венец,currency,common,2026-05-21 07:16:00,95.16,,paid
712,875,Терновый печать,booster,rare,25.05.2026 03:06:00,7.48,н/д,paid
713,875,Костяной клинок,cosmetic,common,2026-05-16 19:45:00,17.78,,paid
714,875,Костяной маска,currency,legendary,2026-05-23 16:49:00,23.03,null,paid
715,875,Ледяной перчатки,battlepass,epic,2026-05-15 14:30:00,11.49,,paid
716,875,Лунный посох,battlepass,legendary,2026-05-30 10:24:00,12.81,,paid
717,875,Терновый рог,bundle,EPIC,2026-05-20 23:21:00,17.39,-,paid
718,875,Багровый фонарь,booster,common,2026-05-23 06:27:00,"9,82",,paid
719,875,Костяной печать,battlepass,common,2026-06-05 13:58:00,9.93,RETURN20,paid
720,875,Древний сундук,bundle,COMMON,2026-06-05 04:24:00,53.74,,paid
721,875,Тенистый рог,cosmetic,epic,2026-05-20 20:06:00,11.87 USD,null,paid
722,875,Костяной венец,currency,common,2026-05-19 04:24:00,95.16,н/д,paid
723,875,Ржавый печать,cosmetic,epic,2026-05-27 23:16:00,16.49,н/д,paid
724,875,Терновый сундук,booster,epic,2026-06-05 10:16:00,5.20,-,paid
725,875,Ледяной плащ,battlepass,epic,2026-05-15 12:42:00,15.54,н/д,paid
726,875,Костяной венец,currency,common,2026-06-19 06:08:00,95.16,,paid
727,875,Медный посох,booster,common,15.05.2026 09:12:00,8.61,null,paid
728,878,Ржавый амулет,currency,common,19.03.2026 09:35:00,51.66,null,paid
729,878,Ледяной амулет,booster,rare,2026-03-14 01:05:00,4.52,,paid
730,878,Ледяной рог,battlepass,common,2026-03-13 10:46:00,10.67,RETURN20,paid
731,878,Медный маска,battlepass,common,2026-03-13 13:50:00,"11,25",NaN,paid
732,878,Тенистый рог,cosmetic,EPIC,2026-03-13 01:18:00,11.87,NaN,paid
733,884,Пепельный компас,booster,epic,2026-06-24 09:52:00,4.67,WINTER30,paid
734,888,Костяной венец,currency,COMMON,29.11.2025 04:15:00,66.61,WINTER30,paid
735,892,Ржавый компас,bundle,COMMON,2026-01-19 17:16:00,53.98 USD,н/д,paid
736,892,Ледяной рог,battlepass,common,2026-01-15 12:26:00,10.00,AUTUMN25,paid
737,892,Костяной венец,currency,common,26.01.2026 06:17:00,66.61 USD,WINTER30,paid
738,892,Терновый сундук,booster,epic,2026-01-12 03:02:00,5.20,,refunded
739,900,Терновый сундук,booster,epic,09.02.2026 23:05:00,"5,20",,paid
740,900,Лунный посох,battlepass,LEGENDARY,2026-01-14 01:19:00,12.81,,paid
741,904,Лунный венец,currency,epic,2025-11-14 10:00:00,31.36,null,paid
742,907,Ржавый амулет,currency,COMMON,2025-09-26 04:56:00,"51,66",NaN,paid
743,911,Терновый венец,cosmetic,rare,2026-05-31 19:00:00,5.89,,paid
744,911,Тенистый фонарь,battlepass,rare,2026-06-11 17:44:00,19.53,-,paid
745,911,Золочёный посох,booster,rare,2026-06-16 02:26:00,1.69,NaN,paid
746,913,Ржавый компас,bundle,common,2026-03-03 23:27:00,53.98,-,paid
747,932,Костяной венец,currency,COMMON,2025-10-05 06:21:00,71.37,AUTUMN25,paid
748,982,Ледяной плащ,battlepass,epic,2026-03-31 15:50:00,15.54,null,paid
749,1013,Костяной венец,currency,common,2026-03-01 13:10:00,66.61 USD,WINTER30,paid
750,1026,Тенистый фонарь,battlepass,rare,2025-09-21 06:04:00,19.53,,paid
751,1032,Костяной венец,currency,common,2026-01-30 06:07:00,95.16,null,paid
752,1060,Ржавый плащ,currency,legendary,2025-12-10 11:59:00,60.75,NaN,paid
753,1060,Тенистый рог,cosmetic,epic,11.12.2025 00:34:00,10.68,SPRING10,paid
754,1070,Ледяной рог,battlepass,common,2025-10-07 10:09:00,"13,34",н/д,paid
755,1070,Ледяной рог,battlepass,common,28.12.2025 17:06:00,13.34,,paid
756,1070,Багровый фонарь,booster,common,20.10.2025 10:58:00,6.87,WINTER30,paid
757,1070,Костяной венец,currency,common,2025-12-02 22:37:00,71.37,AUTUMN25,paid
758,1070,Багровый сундук,booster,legendary,22.11.2025 17:44:00,2.46,н/д,paid
759,1070,Изумрудный сундук,booster,common,2025-10-19 20:07:00,6.33 USD,,paid
760,1070,Терновый сундук,booster,epic,2025-11-13 16:34:00,5.20,н/д,paid
761,1070,Ледяной рог,battlepass,common,2025-10-10 01:33:00,13.34,null,paid
762,1070,Багровый фонарь,booster,common,12.11.2025 05:47:00,9.82,,paid
763,1070,Медный амулет,cosmetic,common,06.11.2025 22:36:00,8.10,,paid
764,1073,Костяной венец,currency,common,2025-11-13 15:56:00,95.16,NaN,paid
765,1073,Ледяной плащ,battlepass,epic,02.12.2025 11:16:00,15.54,NaN,paid
766,1073,Лунный посох,battlepass,legendary,25.11.2025 09:36:00,12.81,н/д,paid
767,1076,Медный печать,bundle,RARE,2025-09-08 20:22:00,33.96,null,paid
768,1076,Пепельный печать,battlepass,COMMON,2025-09-14 08:57:00,"10,54",NaN,paid
769,1079,Терновый сундук,booster,epic,2025-11-01 00:09:00,"4,42",WELCOME15,paid
770,1079,Ледяной плащ,battlepass,epic,2025-10-28 22:10:00,15.54,н/д,paid
771,1079,Ледяной амулет,booster,rare,2025-10-28 00:47:00,4.52,-,paid
772,1079,Изумрудный маска,booster,LEGENDARY,2025-11-06 09:02:00,6.59,RETURN20,paid
773,1079,Древний посох,cosmetic,epic,09.11.2025 08:53:00,4.91,,paid
774,1079,Медный посох,booster,common,2025-11-09 03:09:00,,null,paid
775,1079,Костяной венец,currency,COMMON,2025-10-28 15:29:00,"95,16",,paid
776,1079,Древний посох,cosmetic,EPIC,2025-10-30 13:28:00,4.91 USD,null,paid
777,1079,Тенистый рог,cosmetic,epic,2025-10-31 08:09:00,11.87,,paid
778,1079,Лунный сундук,currency,common,2025-11-09 14:39:00,73.48,null,paid
779,1079,Ржавый плащ,currency,legendary,29.10.2025 18:45:00,51.64 USD,WELCOME15,paid
780,1079,Терновый печать,booster,rare,08.11.2025 23:40:00,7.48,,paid
781,1079,Медный амулет,cosmetic,COMMON,2025-11-05 07:48:00,8.10,-,paid
782,1079,Пепельный плащ,currency,common,28.10.2025 17:56:00,54.75,null,paid
783,1079,Костяной венец,currency,COMMON,2025-10-29 08:03:00,95.16,,paid
784,1079,Костяной печать,battlepass,COMMON,29.10.2025 03:55:00,11.17,SPRING10,paid
785,1079,Лунный посох,battlepass,legendary,2025-10-28 07:13:00,"12,81",-,paid
786,1079,Костяной венец,currency,COMMON,2025-11-02 19:05:00,95.16,null,paid
787,1079,Пепельный посох,booster,rare,2025-10-31 02:15:00,9.85,-,paid
788,1079,Ржавый компас,bundle,COMMON,2025-10-28 23:19:00,53.98,-,paid
789,1079,Костяной венец,currency,common,2025-11-07 12:17:00,95.16,н/д,paid
790,1079,Лунный сундук,currency,common,29.10.2025 23:19:00,73.48,NaN,paid
791,1079,Ржавый амулет,currency,COMMON,2025-11-05 18:55:00,51.66,NaN,paid
792,1079,Костяной печать,battlepass,common,30.10.2025 21:11:00,12.41,,paid
793,1079,Ржавый амулет,currency,COMMON,2025-11-06 01:45:00,"36,16",WINTER30,paid
794,1079,Костяной венец,currency,common,2025-11-01 06:50:00,95.16,-,paid
795,1079,Древний венец,cosmetic,common,2025-11-08 13:59:00,7.99,,paid
796,1079,Пепельный печать,battlepass,common,30.10.2025 07:32:00,10.54,null,paid
797,1079,Тенистый рог,cosmetic,EPIC,04.11.2025 16:09:00,"11,87",н/д,paid
798,1079,Золочёный посох,booster,RARE,28.10.2025 12:57:00,1.69 USD,,paid
799,1079,Пепельный печать,battlepass,common,2025-11-06 10:02:00,10.54,н/д,paid
800,1079,Костяной венец,currency,COMMON,2025-11-05 16:24:00,95.16,null,paid
801,1079,Терновый венец,cosmetic,rare,2025-10-31 10:16:00,5.30,SPRING10,paid
802,1079,Ржавый амулет,currency,COMMON,2025-11-03 22:08:00,"51,66",,paid
803,1079,Лунный плащ,cosmetic,COMMON,2025-11-05 12:25:00,21.65,null,paid
804,1079,Золочёный посох,booster,rare,02.11.2025 23:38:00,1.69,null,paid
805,1079,Ледяной плащ,battlepass,EPIC,2025-10-31 07:55:00,12.43,RETURN20,paid
806,1079,Ледяной рог,battlepass,common,30.10.2025 13:40:00,"13,34",,paid
807,1079,Багровый фонарь,booster,common,2025-11-05 17:20:00,9.82,,paid
808,1079,Тенистый венец,currency,common,03.11.2025 03:38:00,56.47,,paid
809,1079,Ледяной рог,battlepass,common,08.11.2025 01:55:00,13.34,NaN,paid
810,1079,Ледяной плащ,battlepass,epic,2025-10-29 13:16:00,15.54,,paid
811,1079,Багровый печать,currency,LEGENDARY,2025-11-02 04:35:00,51.22,н/д,paid
812,1079,Терновый сундук,booster,epic,2025-10-28 20:41:00,3.90 USD,AUTUMN25,paid
813,1079,Тенистый посох,bundle,common,30.10.2025 05:39:00,17.19,-,paid
814,1079,Золочёный компас,bundle,rare,2025-11-02 01:25:00,43.21,AUTUMN25,paid
815,1079,Изумрудный перчатки,booster,epic,2025-10-28 10:01:00,6.84,,paid
816,1079,Багровый сундук,booster,legendary,2025-11-05 21:28:00,2.46,NaN,paid
817,1079,Терновый рог,bundle,epic,28.10.2025 20:01:00,17.39,NaN,paid
818,1079,Лунный посох,battlepass,legendary,2025-10-31 23:37:00,12.81 USD,,paid
819,1079,Изумрудный маска,booster,legendary,2025-11-09 07:51:00,8.24,н/д,paid
820,1079,Терновый венец,cosmetic,RARE,03.11.2025 08:31:00,5.89,,paid
821,1079,Золочёный сундук,booster,epic,2025-11-05 00:47:00,9.83,,paid
822,1079,Лунный плащ,cosmetic,common,2025-10-31 22:00:00,21.65,NaN,paid
823,1079,Ржавый амулет,currency,common,2025-10-30 08:23:00,"51,66",null,paid
824,1079,Багровый плащ,currency,epic,2025-11-02 02:58:00,75.44,-,paid
825,1079,Костяной печать,battlepass,common,2025-11-07 18:39:00,12.41,н/д,paid
826,1079,Терновый венец,cosmetic,RARE,2025-10-30 09:41:00,5.89,,paid
827,1079,Костяной венец,currency,common,05.11.2025 19:34:00,71.37,AUTUMN25,paid
828,1079,Костяной венец,currency,common,09.11.2025 11:23:00,95.16,-,paid
829,1079,Ледяной плащ,battlepass,epic,2025-11-04 04:46:00,15.54,,paid
830,1079,Изумрудный перчатки,booster,epic,2025-10-31 23:17:00,6.84,NaN,paid
831,1079,Терновый венец,cosmetic,rare,2025-11-03 16:55:00,5.89,null,paid
832,1079,Золочёный перчатки,cosmetic,RARE,2025-10-28 10:51:00,18.76,null,paid
833,1079,Медный амулет,cosmetic,common,2025-11-02 23:17:00,8.10,-,paid
834,1079,Древний сундук,bundle,common,2025-10-31 06:45:00,53.74 USD,н/д,paid
835,1079,Ржавый амулет,currency,common,2025-10-28 08:42:00,46.49,SPRING10,paid
836,1079,Костяной венец,currency,common,2025-10-28 16:01:00,95.16,,paid
837,1079,Костяной посох,currency,common,2025-11-01 15:33:00,31.49,null,paid
838,1079,Багровый печать,currency,LEGENDARY,29.10.2025 10:33:00,51.22,н/д,paid
839,1079,Ледяной плащ,battlepass,epic,2025-10-29 21:52:00,15.54,null,paid
840,1079,Терновый венец,cosmetic,rare,04.11.2025 11:31:00,5.89,н/д,paid
841,1079,Пепельный печать,battlepass,COMMON,31.10.2025 01:40:00,10.54,н/д,refunded
842,1079,Багровый фонарь,booster,common,2025-11-02 20:33:00,9.82,null,paid
843,1079,Изумрудный маска,booster,legendary,28.10.2025 11:16:00,8.24,null,paid
844,1079,Лунный сундук,currency,common,2025-10-30 11:41:00,NaN,SPRING10,paid
845,1079,Терновый рог,bundle,EPIC,2025-11-09 00:39:00,17.39,,paid
846,1079,Пепельный плащ,currency,common,2025-10-28 07:41:00,54.75 USD,null,paid
847,1079,Медный амулет,cosmetic,common,31.10.2025 22:45:00,"8,10",NaN,paid
848,1079,Ледяной плащ,battlepass,epic,2025-11-03 08:36:00,13.99,SPRING10,paid
849,1079,Костяной венец,currency,common,2025-11-04 14:57:00,66.61,WINTER30,paid
850,1079,Костяной венец,currency,common,01.11.2025 15:54:00,95.16,,paid
851,1079,Лунный сундук,currency,common,2025-10-29 20:06:00,58.78,RETURN20,paid
852,1079,Костяной венец,currency,common,2025-11-03 01:52:00,95.16 USD,-,paid
853,1079,Багровый сундук,booster,LEGENDARY,2025-11-06 06:42:00,1.97,RETURN20,paid
854,1079,Терновый сундук,booster,EPIC,2025-11-05 10:22:00,5.20,null,paid
855,1079,Ледяной плащ,battlepass,epic,2025-11-07 09:46:00,15.54 USD,,paid
856,1079,Тенистый посох,bundle,COMMON,28.10.2025 01:40:00,"15,47",SPRING10,paid
857,1079,Золочёный компас,bundle,rare,04.11.2025 12:26:00,57.62,,paid
858,1079,Костяной перчатки,battlepass,rare,2025-11-02 16:45:00,16.91,-,paid
859,1079,Ржавый амулет,currency,common,2025-11-01 18:27:00,51.66 USD,null,paid
860,1079,Ледяной рог,battlepass,COMMON,30.10.2025 20:28:00,13.34,,paid
861,1079,Ржавый печать,cosmetic,EPIC,2025-10-31 22:23:00,12.37,AUTUMN25,paid
862,1079,Терновый сундук,booster,epic,2025-11-03 05:20:00,5.20,,paid
863,1079,Тенистый венец,currency,common,2025-10-28 08:14:00,56.47,,paid
864,1079,Медный перчатки,currency,rare,2025-11-01 17:56:00,42.38,WINTER30,paid
865,1080,Терновый венец,cosmetic,rare,2025-11-04 03:39:00,5.89,null,paid
866,1080,Ржавый амулет,currency,common,20.11.2025 17:48:00,51.66,,paid
867,1080,Лунный венец,currency,epic,02.11.2025 16:50:00,31.36,,paid
868,1080,Терновый венец,cosmetic,rare,2025-10-18 12:28:00,5.89 USD,,paid
869,1080,Ледяной маска,cosmetic,common,2025-10-09 21:00:00,7.82,,paid
870,1080,Костяной венец,currency,common,2025-10-11 04:19:00,66.61 USD,WINTER30,paid
871,1080,Ржавый печать,cosmetic,epic,09.12.2025 06:15:00,14.02,WELCOME15,paid
872,1080,Изумрудный маска,booster,legendary,2025-10-04 17:39:00,8.24 USD,NaN,paid
873,1080,Ржавый амулет,currency,common,05.10.2025 23:17:00,51.66,-,paid
874,1080,Костяной венец,currency,common,10.12.2025 00:16:00,95.16,null,paid
875,1080,Костяной венец,currency,COMMON,2025-12-01 18:45:00,"95,16",NaN,paid
876,1080,Изумрудный перчатки,booster,epic,2025-11-05 08:34:00,6.84,-,paid
877,1080,Древний посох,cosmetic,epic,2025-11-27 17:10:00,4.91,-,paid
878,1080,Ледяной перчатки,battlepass,epic,18.12.2025 11:31:00,8.04 USD,WINTER30,paid
879,1080,Тенистый рог,cosmetic,epic,2025-10-27 12:13:00,11.87 USD,н/д,paid
880,1080,Древний сундук,bundle,common,2025-10-05 19:16:00,53.74,-,paid
881,1080,Ржавый плащ,currency,legendary,2025-11-05 22:35:00,,,paid
882,1080,Тенистый клинок,bundle,legendary,2025-10-10 10:24:00,70.79,н/д,paid
883,1080,Золочёный посох,booster,rare,03.12.2025 00:37:00,"1,69",-,paid
884,1080,Лунный плащ,cosmetic,common,26.11.2025 19:36:00,21.65,н/д,paid
885,1080,Тенистый рог,cosmetic,epic,2025-10-24 10:03:00,11.87,-,paid
886,1080,Золочёный рог,currency,COMMON,2025-10-11 09:21:00,74.57 USD,null,paid
887,1080,Золочёный рог,currency,common,2025-11-15 14:01:00,59.66,RETURN20,paid
888,1080,Ржавый фонарь,battlepass,rare,2025-10-06 15:52:00,10.83,,paid
889,1080,Золочёный компас,bundle,rare,2025-10-04 14:00:00,н/д,,paid
890,1080,Ледяной рог,battlepass,common,2025-11-29 12:17:00,10.00,AUTUMN25,paid
891,1080,Пепельный рог,booster,epic,2025-10-07 08:21:00,7.12,,paid
892,1080,Ржавый печать,cosmetic,EPIC,2025-10-06 20:19:00,16.49,-,paid
893,1080,Костяной печать,battlepass,common,05.10.2025 18:39:00,9.31 USD,AUTUMN25,paid
894,1080,Терновый сундук,booster,EPIC,2025-11-12 08:58:00,5.20 USD,,paid
895,1080,Ледяной перчатки,battlepass,EPIC,2025-11-14 04:28:00,11.49,null,paid
896,1080,Терновый сундук,booster,EPIC,2025-10-14 08:20:00,5.20,,paid
897,1080,Тенистый венец,currency,common,2025-11-04 22:46:00,56.47 USD,null,paid
898,1080,Тенистый рог,cosmetic,EPIC,22.11.2025 19:26:00,11.87,н/д,paid
899,1080,Костяной венец,currency,common,2025-10-09 15:06:00,95.16,null,paid
900,1080,Ледяной рог,battlepass,common,2025-12-09 17:08:00,13.34,н/д,paid
901,1080,Ледяной рог,battlepass,common,2025-11-07 04:25:00,13.34,NaN,paid
902,1080,Изумрудный посох,booster,COMMON,2025-12-03 01:29:00,6.06,SPRING10,paid
903,1080,Терновый сундук,booster,EPIC,2025-10-10 16:12:00,5.20,NaN,paid
904,1080,Костяной перчатки,battlepass,rare,2025-12-04 13:05:00,16.91,н/д,paid
905,1080,Пепельный посох,booster,rare,2025-11-20 11:43:00,9.85,-,paid
906,1080,Костяной венец,currency,common,21.10.2025 03:48:00,95.16 USD,NaN,paid
907,1080,Лунный посох,battlepass,legendary,06.10.2025 23:07:00,null,SPRING10,paid
908,1080,Костяной венец,currency,common,2025-12-05 17:47:00,95.16,-,refunded
909,1080,Пепельный печать,battlepass,common,11.12.2025 09:27:00,10.54,null,paid
910,1080,Терновый венец,cosmetic,rare,2025-10-04 17:04:00,5.89,NaN,paid
911,1080,Тенистый клинок,bundle,legendary,2025-10-04 10:20:00,70.79,NaN,paid
912,1080,Изумрудный посох,booster,COMMON,2025-11-17 16:52:00,6.73,,paid
913,1080,Ржавый амулет,currency,common,2025-10-19 09:01:00,51.66,,paid
914,1080,Золочёный посох,booster,rare,2025-10-05 13:05:00,1.69,null,paid
915,1080,Золочёный компас,bundle,rare,2025-12-11 23:51:00,57.62,,paid
916,1080,Багровый печать,currency,legendary,2025-11-18 08:11:00,51.22,null,paid
917,1080,Ржавый фонарь,battlepass,rare,2025-11-23 17:03:00,-,н/д,paid
918,1081,Медный амулет,cosmetic,common,2026-04-14 23:32:00,8.10 USD,,paid
919,1090,Костяной венец,currency,common,2025-09-18 23:50:00,95.16,null,paid
920,1090,Тенистый плащ,bundle,epic,2025-09-13 11:42:00,,-,paid
921,1090,Золочёный посох,booster,rare,13.09.2025 01:25:00,,н/д,paid
922,1090,Костяной венец,currency,common,2025-09-13 12:24:00,66.61 USD,WINTER30,paid
923,1100,Золочёный сундук,booster,epic,2026-03-31 17:05:00,7.37,AUTUMN25,paid
924,1100,Костяной перчатки,battlepass,rare,2026-04-05 17:18:00,16.91,null,paid
925,1106,Терновый венец,cosmetic,RARE,2025-10-08 05:14:00,5.89,,paid
926,1108,Ледяной плащ,battlepass,epic,2025-09-25 02:26:00,15.54,null,paid
927,1116,Терновый сундук,booster,EPIC,2025-10-05 18:58:00,4.42,WELCOME15,paid
928,1124,Ледяной рог,battlepass,common,2025-09-24 17:35:00,13.34,,paid
929,1152,Ледяной маска,cosmetic,common,30.05.2026 15:24:00,7.04,SPRING10,paid
930,1169,Ледяной перчатки,battlepass,epic,2026-02-01 15:19:00,11.49,null,paid
931,1169,Лунный посох,battlepass,legendary,2026-02-17 01:17:00,12.81,NaN,paid
932,1169,Терновый венец,cosmetic,rare,2025-12-05 22:31:00,5.89,-,paid
933,1169,Ржавый печать,cosmetic,EPIC,2026-05-21 12:01:00,16.49,,paid
934,1169,Костяной венец,currency,COMMON,01.05.2026 16:44:00,95.16,NaN,paid
935,1169,Ледяной плащ,battlepass,EPIC,2026-03-25 20:57:00,15.54,null,paid
936,1169,Тенистый фонарь,battlepass,RARE,06.04.2026 22:54:00,19.53 USD,,paid
937,1169,Изумрудный перчатки,booster,epic,2026-01-17 20:56:00,6.84,-,paid
938,1169,Терновый венец,cosmetic,RARE,2025-11-30 20:45:00,4.71,RETURN20,paid
939,1169,Ледяной рог,battlepass,common,11.12.2025 01:35:00,13.34,,paid
940,1169,Золочёный сундук,booster,epic,2026-03-21 19:20:00,9.83,,paid
941,1169,Терновый сундук,booster,epic,2026-04-23 11:48:00,5.20,-,paid
942,1169,Костяной венец,currency,common,2026-04-03 09:58:00,76.13,RETURN20,paid
943,1169,Багровый плащ,currency,epic,2026-04-19 04:14:00,56.58,AUTUMN25,paid
944,1169,Костяной перчатки,battlepass,rare,2026-02-23 07:54:00,16.91,-,paid
945,1169,Ржавый плащ,currency,legendary,2026-01-21 23:05:00,60.75,н/д,paid
946,1169,Костяной клинок,cosmetic,common,2025-11-23 16:39:00,17.78,н/д,paid
947,1169,Изумрудный маска,booster,legendary,2026-01-15 01:27:00,8.24 USD,-,paid
948,1169,Пепельный печать,battlepass,common,07.12.2025 06:47:00,10.54,null,paid
949,1169,Изумрудный печать,cosmetic,common,2026-02-10 16:59:00,"21,79",,paid
950,1169,Пепельный рог,booster,epic,2026-01-16 01:48:00,"4,98",WINTER30,paid
951,1169,Изумрудный печать,cosmetic,common,09.04.2026 02:39:00,21.79,null,paid
952,1169,Костяной венец,currency,common,17.01.2026 04:32:00,71.37,AUTUMN25,paid
953,1169,Изумрудный печать,cosmetic,common,26.02.2026 20:59:00,16.34 USD,AUTUMN25,paid
954,1169,Ржавый амулет,currency,common,2026-04-25 16:59:00,46.49,SPRING10,paid
955,1169,Ржавый печать,cosmetic,EPIC,2026-03-30 01:33:00,13.19,RETURN20,paid
956,1169,Терновый венец,cosmetic,rare,18.01.2026 14:45:00,5.89,,paid
957,1169,Пепельный компас,booster,epic,06.12.2025 21:24:00,6.67,,paid
958,1169,Золочёный посох,booster,rare,2025-12-14 16:39:00,1.69,н/д,paid
959,1169,Ржавый печать,cosmetic,epic,2026-04-06 07:04:00,16.49,null,paid
960,1169,Костяной посох,currency,common,08.04.2026 02:24:00,31.49,NaN,paid
961,1169,Пепельный печать,battlepass,COMMON,2025-12-01 00:30:00,8.43,RETURN20,paid
962,1169,Ржавый амулет,currency,common,2026-01-25 05:52:00,51.66,-,paid
963,1169,Тенистый плащ,bundle,epic,2026-03-08 15:18:00,27.96,NaN,paid
964,1169,Ржавый печать,cosmetic,epic,2026-01-02 07:56:00,14.02,WELCOME15,paid
965,1169,Костяной перчатки,battlepass,rare,2026-04-28 20:46:00,16.91,NaN,paid
966,1169,Ржавый фонарь,battlepass,rare,2026-04-24 08:48:00,10.83,null,paid
967,1169,Пепельный плащ,currency,common,2026-01-21 07:56:00,54.75 USD,-,paid
968,1169,Золочёный посох,booster,rare,2025-11-21 09:29:00,1.35,RETURN20,paid
969,1169,Лунный плащ,cosmetic,common,2025-12-30 03:46:00,21.65,,paid
970,1169,Ржавый амулет,currency,common,2025-12-03 15:40:00,51.66,-,paid
971,1169,Костяной посох,currency,common,2026-01-13 13:56:00,"31,49",null,paid
972,1169,Ледяной плащ,battlepass,EPIC,2026-02-22 23:12:00,15.54 USD,,paid
973,1169,Пепельный рог,booster,epic,17.03.2026 19:37:00,"7,12",NaN,paid
974,1169,Багровый сундук,booster,LEGENDARY,2025-12-12 08:13:00,2.46,,paid
975,1169,Ржавый печать,cosmetic,epic,2026-02-04 06:10:00,16.49,-,paid
976,1171,Ледяной рог,battlepass,common,2026-02-09 16:58:00,13.34,null,paid
977,1177,Медный посох,booster,common,2025-09-29 01:46:00,8.61,NaN,paid
978,1177,Ржавый компас,bundle,common,2025-10-16 08:24:00,53.98,,paid
979,1182,Багровый плащ,currency,epic,2025-12-16 10:50:00,60.35,RETURN20,paid
980,1192,Медный перчатки,currency,RARE,2026-05-24 01:15:00,45.41,AUTUMN25,paid
981,1200,Изумрудный плащ,currency,common,2026-03-21 11:56:00,41.79 USD,,paid
982,1202,Терновый печать,booster,rare,2026-05-08 13:35:00,7.48,-,paid
983,1202,Золочёный компас,bundle,rare,2026-05-08 04:19:00,57.62,-,paid
984,1202,Багровый сундук,booster,legendary,2026-05-10 09:52:00,1.97,RETURN20,paid
985,1234,Костяной венец,currency,common,2026-01-30 20:48:00,95.16,,paid
986,1234,Ледяной плащ,battlepass,EPIC,16.03.2026 20:49:00,15.54,NaN,paid
987,1234,Костяной венец,currency,common,2026-02-02 06:31:00,95.16,н/д,paid
988,1234,Древний венец,cosmetic,common,2026-01-27 07:07:00,7.99,null,paid
989,1234,Ледяной рог,battlepass,common,2026-01-23 07:20:00,13.34,,paid
990,1234,Медный печать,bundle,rare,23.01.2026 21:14:00,23.77 USD,WINTER30,paid
991,1234,Костяной печать,battlepass,common,2026-01-22 05:21:00,9.93,RETURN20,paid
992,1234,Медный маска,battlepass,common,2026-01-26 20:26:00,11.25,н/д,paid
993,1236,Пепельный плащ,currency,common,2026-03-23 01:27:00,46.54,WELCOME15,paid
994,1236,Костяной венец,currency,common,2026-03-10 23:44:00,95.16 USD,,paid
995,1236,Изумрудный плащ,currency,common,2026-01-25 21:25:00,41.79 USD,н/д,paid
996,1237,Ледяной рог,battlepass,common,03.11.2025 18:19:00,13.34,NaN,paid
997,1246,Золочёный сундук,booster,epic,2026-02-04 06:31:00,9.83,н/д,paid
998,1256,Ледяной перчатки,battlepass,EPIC,2026-06-01 22:02:00,11.49,,paid
999,1273,Медный амулет,cosmetic,common,2026-05-29 16:06:00,5.67,WINTER30,paid
1000,1273,Ледяной плащ,battlepass,epic,2026-06-06 08:22:00,15.54,-,paid
1001,1273,Золочёный посох,booster,rare,2026-06-03 06:58:00,1.69 USD,,paid
1002,1273,Тенистый плащ,bundle,epic,2026-06-23 06:56:00,27.96,NaN,paid
1003,1302,Багровый сундук,booster,LEGENDARY,2026-05-19 05:48:00,2.46,,paid
1004,1302,Ледяной плащ,battlepass,epic,2026-05-18 20:16:00,15.54,,paid
1005,1302,Костяной печать,battlepass,common,18.05.2026 08:28:00,12.41,NaN,paid
1006,1302,Изумрудный перчатки,booster,epic,2026-05-18 19:39:00,6.84,-,paid
1007,1302,Тенистый фонарь,battlepass,rare,2026-05-19 23:00:00,"19,53",NaN,paid
1008,1302,Ледяной плащ,battlepass,epic,18.05.2026 15:39:00,"15,54",н/д,paid
1009,1302,Золочёный рог,currency,common,18.05.2026 11:53:00,74.57,,paid
1010,1302,Золочёный компас,bundle,rare,2026-05-19 11:43:00,57.62,,paid
1011,1302,Терновый венец,cosmetic,rare,19.05.2026 20:45:00,5.89,,paid
1012,1302,Древний венец,cosmetic,common,2026-05-18 03:24:00,5.99,AUTUMN25,paid
1013,1302,Медный маска,battlepass,common,2026-05-18 19:44:00,9.00,RETURN20,paid
1014,1325,Ледяной плащ,battlepass,epic,2026-04-26 22:09:00,12.43,RETURN20,paid
1015,1327,Тенистый плащ,bundle,EPIC,2026-06-14 21:08:00,19.57,WINTER30,paid
1016,1327,Багровый плащ,currency,epic,15.06.2026 15:10:00,75.44,NaN,paid
1017,1327,Ледяной амулет,booster,rare,16.06.2026 06:45:00,3.16,WINTER30,paid
1018,1327,Золочёный посох,booster,rare,14.06.2026 19:19:00,1.52,SPRING10,paid
1019,1327,Пепельный печать,battlepass,common,2026-06-16 04:19:00,7.90,AUTUMN25,paid
1020,1327,Багровый сундук,booster,legendary,14.06.2026 05:58:00,1.97,RETURN20,paid
1021,1327,Пепельный компас,booster,epic,2026-06-14 17:15:00,6.67,,paid
1022,1327,Терновый рог,bundle,epic,2026-06-14 22:55:00,17.39,NaN,paid
1023,1327,Костяной венец,currency,common,2026-06-14 04:09:00,95.16,,paid
1024,1327,Багровый плащ,currency,epic,2026-06-15 17:34:00,75.44,-,paid
1025,1328,Тенистый посох,bundle,common,23.10.2025 21:20:00,17.19,,paid
1026,1328,Золочёный посох,booster,rare,2025-10-23 04:08:00,1.69,-,paid
1027,1333,Ледяной перчатки,battlepass,epic,2025-10-13 11:56:00,11.49,,paid
1028,1333,Ржавый печать,cosmetic,epic,17.10.2025 07:41:00,16.49,,paid
1029,1343,Ржавый печать,cosmetic,epic,2025-09-15 00:39:00,16.49,null,paid
1030,1343,Ледяной плащ,battlepass,epic,2025-11-23 22:15:00,н/д,WINTER30,paid
1031,1343,Пепельный плащ,currency,common,2025-12-05 10:41:00,54.75,NaN,paid
1032,1343,Костяной маска,currency,legendary,2025-11-25 19:24:00,18.42,RETURN20,paid
1033,1343,Медный посох,booster,COMMON,05.11.2025 12:59:00,8.61 USD,NaN,paid
1034,1343,Ржавый компас,bundle,COMMON,2025-09-21 13:49:00,53.98,,paid
1035,1343,Ржавый печать,cosmetic,EPIC,2025-10-06 08:46:00,16.49,,paid
1036,1343,Изумрудный маска,booster,legendary,2025-09-14 23:37:00,8.24,-,paid
1037,1360,Лунный плащ,cosmetic,common,2026-03-16 06:31:00,,NaN,paid
1038,1360,Ледяной плащ,battlepass,EPIC,2026-02-11 08:26:00,"15,54",,paid
1039,1360,Лунный посох,battlepass,legendary,2026-02-08 20:20:00,11.53,SPRING10,paid
1040,1360,Ледяной плащ,battlepass,epic,17.03.2026 00:54:00,15.54,н/д,paid
1041,1360,Лунный венец,currency,epic,16.02.2026 08:14:00,23.52,AUTUMN25,paid
1042,1360,Лунный сундук,currency,common,2026-02-25 02:51:00,73.48,,paid
1043,1360,Пепельный рог,booster,epic,2026-02-09 03:51:00,6.05,WELCOME15,paid
1044,1360,Багровый сундук,booster,legendary,2026-03-16 16:20:00,2.46 USD,,paid
1045,1360,Тенистый посох,bundle,common,2026-02-10 14:01:00,17.19,н/д,paid
1046,1365,Золочёный рог,currency,common,2025-09-20 15:45:00,74.57,null,paid
1047,1367,Ржавый плащ,currency,legendary,12.11.2025 19:59:00,60.75,н/д,paid
1048,1367,Ледяной плащ,battlepass,EPIC,2025-10-20 13:00:00,15.54,,refunded
1049,1367,Костяной печать,battlepass,common,2025-09-09 17:14:00,9.31,AUTUMN25,paid
1050,1367,Терновый печать,booster,rare,2025-10-30 03:34:00,7.48,н/д,paid
1051,1367,Костяной перчатки,battlepass,rare,2025-10-02 00:20:00,16.91,null,paid
1052,1388,Тенистый рог,cosmetic,epic,2026-05-16 15:34:00,"11,87",null,paid
1053,1388,Лунный посох,battlepass,legendary,2026-05-21 05:31:00,12.81,,paid
1054,1388,Тенистый рог,cosmetic,EPIC,2026-05-05 16:44:00,11.87,,paid
1055,1388,Костяной венец,currency,common,2026-06-26 17:18:00,95.16,,paid
1056,1388,Тенистый фонарь,battlepass,RARE,29.04.2026 15:37:00,17.58,SPRING10,paid
1057,1388,Ледяной амулет,booster,rare,2026-06-28 09:06:00,4.52,NaN,paid
1058,1388,Костяной клинок,cosmetic,common,01.05.2026 12:33:00,17.78,,paid
1059,1388,Ржавый печать,cosmetic,EPIC,2026-05-04 14:52:00,16.49,null,paid
1060,1388,Золочёный посох,booster,rare,2026-05-02 06:13:00,1.52,SPRING10,paid
1061,1388,Тенистый фонарь,battlepass,rare,2026-05-13 15:19:00,17.58,SPRING10,paid
1062,1388,Костяной венец,currency,common,2026-06-13 19:22:00,95.16,,paid
1063,1388,Пепельный печать,battlepass,common,2026-05-03 17:07:00,9.49,SPRING10,paid
1064,1388,Тенистый рог,cosmetic,epic,2026-05-23 11:21:00,,WELCOME15,paid
1065,1388,Лунный венец,currency,epic,29.05.2026 06:27:00,28.22,SPRING10,paid
1066,1388,Медный амулет,cosmetic,common,2026-06-22 06:59:00,7.29,SPRING10,paid
1067,1406,Терновый печать,booster,rare,2026-05-29 01:10:00,"7,48",NaN,paid
1068,1419,Костяной печать,battlepass,common,2025-12-30 11:13:00,12.41,,paid
1069,1419,Медный маска,battlepass,common,2026-05-03 02:53:00,7.87 USD,WINTER30,paid
1070,1419,Медный маска,battlepass,common,24.03.2026 23:30:00,11.25,,paid
1071,1419,Костяной венец,currency,COMMON,2026-02-16 23:54:00,95.16,н/д,paid
1072,1424,Ржавый печать,cosmetic,epic,25.06.2026 09:23:00,16.49,,paid
1073,1436,Костяной венец,currency,COMMON,07.11.2025 17:12:00,95.16,-,paid
1074,1438,Терновый сундук,booster,epic,07.05.2026 06:52:00,5.20,null,paid
1075,1443,Тенистый клинок,bundle,legendary,05.01.2026 02:06:00,70.79,null,paid
1076,1443,Лунный венец,currency,epic,2026-01-03 02:20:00,31.36,н/д,paid
1077,1452,Ледяной рог,battlepass,COMMON,2026-05-13 22:27:00,"13,34",-,paid
1078,1452,Лунный плащ,cosmetic,common,2026-05-14 03:44:00,21.65,null,paid
1079,1452,Костяной посох,currency,common,2026-05-19 20:26:00,31.49,,paid
1080,1452,Терновый венец,cosmetic,RARE,16.05.2026 23:29:00,5.89,,paid
1081,1452,Пепельный рог,booster,epic,2026-05-20 16:59:00,7.12,н/д,paid
1082,1452,Тенистый посох,bundle,common,2026-05-15 13:42:00,17.19,-,paid
1083,1452,Ржавый фонарь,battlepass,rare,16.05.2026 16:34:00,7.58,WINTER30,paid
1084,1452,Терновый венец,cosmetic,RARE,2026-05-18 20:00:00,5.01,WELCOME15,paid
1085,1452,Ледяной рог,battlepass,common,2026-05-22 00:39:00,13.34,,paid
1086,1452,Золочёный сундук,booster,epic,2026-05-18 14:43:00,9.83,-,paid
1087,1452,Ржавый печать,cosmetic,epic,2026-05-15 09:42:00,16.49 USD,н/д,paid
1088,1452,Ледяной плащ,battlepass,epic,2026-05-13 03:37:00,"15,54",,paid
1089,1452,Ледяной амулет,booster,rare,2026-05-18 18:57:00,"4,52",NaN,paid
1090,1452,Ледяной перчатки,battlepass,epic,2026-05-13 02:33:00,11.49 USD,,paid
1091,1452,Костяной венец,currency,common,15.05.2026 14:01:00,95.16,NaN,paid
1092,1452,Ржавый амулет,currency,common,2026-05-14 20:47:00,51.66,null,paid
1093,1452,Пепельный плащ,currency,common,2026-05-14 16:27:00,54.75,NaN,paid
1094,1452,Золочёный сундук,booster,EPIC,15.05.2026 07:58:00,9.83,NaN,paid
1095,1452,Терновый венец,cosmetic,rare,2026-05-19 23:28:00,5.89,,paid
1096,1452,Пепельный печать,battlepass,common,2026-05-14 08:46:00,7.90,AUTUMN25,paid
1097,1452,Тенистый плащ,bundle,epic,2026-05-21 14:05:00,27.96,н/д,paid
1098,1452,Ледяной плащ,battlepass,epic,2026-05-18 13:05:00,15.54,,paid
1099,1452,Костяной рог,currency,rare,2026-05-21 05:08:00,21.64,AUTUMN25,paid
1100,1471,Пепельный печать,battlepass,common,21.04.2026 06:26:00,10.54,,paid
1101,1471,Тенистый клинок,bundle,legendary,2026-06-24 07:46:00,70.79,-,paid
1102,1475,Ржавый амулет,currency,common,2025-09-06 18:48:00,51.66 USD,,paid
1103,1475,Ледяной перчатки,battlepass,epic,14.09.2025 16:27:00,11.49,н/д,paid
1104,1475,Ледяной перчатки,battlepass,EPIC,2025-09-06 08:56:00,11.49 USD,н/д,paid
1105,1475,Ржавый печать,cosmetic,epic,2025-09-13 19:48:00,16.49,н/д,paid
1106,1475,Древний сундук,bundle,common,2025-09-11 20:27:00,53.74,null,paid
1107,1475,Золочёный посох,booster,rare,2025-09-08 18:21:00,1.69,,paid
1108,1475,Изумрудный сундук,booster,common,2025-09-16 08:45:00,6.33,н/д,paid
1109,1475,Терновый печать,booster,rare,2025-09-14 12:31:00,6.73 USD,SPRING10,paid
1110,1475,Ледяной перчатки,battlepass,epic,2025-09-15 22:33:00,11.49,,paid
1111,1475,Терновый рог,bundle,epic,10.09.2025 13:22:00,17.39 USD,-,paid
1112,1475,Терновый рог,bundle,EPIC,2025-09-15 21:31:00,14.78 USD,WELCOME15,paid
1113,1475,Багровый фонарь,booster,common,2025-09-06 22:40:00,9.82,-,paid
1114,1475,Костяной рог,currency,rare,14.09.2025 16:47:00,20.20,WINTER30,paid
1115,1475,Тенистый клинок,bundle,legendary,2025-09-08 07:17:00,70.79,-,paid
1116,1475,Ледяной плащ,battlepass,epic,2025-09-10 13:19:00,15.54 USD,-,paid
1117,1475,Тенистый рог,cosmetic,epic,2025-09-08 19:11:00,11.87,,paid
1118,1475,Ржавый печать,cosmetic,epic,2025-09-15 18:47:00,16.49,н/д,paid
1119,1475,Костяной венец,currency,common,2025-09-12 16:38:00,80.89,WELCOME15,paid
1120,1475,Костяной венец,currency,common,2025-09-06 19:26:00,76.13,RETURN20,paid
1121,1475,Ледяной рог,battlepass,COMMON,2025-09-08 12:21:00,13.34,null,paid
1122,1475,Терновый сундук,booster,epic,2025-09-10 16:58:00,5.20,,paid
1123,1475,Багровый печать,currency,LEGENDARY,2025-09-06 12:05:00,null,,paid
1124,1475,Изумрудный посох,booster,common,2025-09-07 02:15:00,6.73,NaN,paid
1125,1475,Багровый сундук,booster,LEGENDARY,2025-09-06 15:33:00,2.46,,paid
1126,1475,Тенистый фонарь,battlepass,rare,2025-09-12 21:00:00,19.53,,paid
1127,1475,Древний венец,cosmetic,common,2025-09-08 17:29:00,7.99,NaN,paid
1128,1475,Тенистый клинок,bundle,legendary,06.09.2025 00:08:00,70.79,н/д,paid
1129,1475,Тенистый фонарь,battlepass,rare,16.09.2025 19:55:00,19.53,NaN,paid
1130,1475,Изумрудный плащ,currency,common,2025-09-12 19:33:00,41.79,,paid
1131,1475,Ледяной плащ,battlepass,epic,2025-09-09 22:43:00,15.54,н/д,paid
1132,1475,Лунный посох,battlepass,legendary,11.09.2025 14:28:00,12.81,-,paid
1133,1475,Багровый фонарь,booster,common,2025-09-06 11:07:00,9.82,,paid
1134,1475,Золочёный компас,bundle,rare,09.09.2025 17:03:00,46.10,RETURN20,paid
1135,1475,Ледяной плащ,battlepass,EPIC,2025-09-08 09:13:00,15.54,-,paid
1136,1475,Костяной печать,battlepass,common,2025-09-14 15:50:00,12.41,NaN,paid
1137,1475,Ржавый печать,cosmetic,epic,2025-09-09 01:05:00,16.49,,paid
1138,1475,Костяной маска,currency,legendary,2025-09-11 02:12:00,23.03 USD,null,paid
1139,1475,Изумрудный маска,booster,legendary,07.09.2025 18:07:00,"8,24",н/д,paid
1140,1475,Терновый печать,booster,rare,2025-09-10 00:16:00,7.48 USD,null,paid
1141,1475,Пепельный печать,battlepass,common,2025-09-12 04:42:00,"8,96",WELCOME15,paid
1142,1475,Медный амулет,cosmetic,common,2025-09-13 17:35:00,8.10,н/д,paid
1143,1475,Багровый фонарь,booster,COMMON,2025-09-10 14:09:00,9.82,,paid
1144,1475,Тенистый рог,cosmetic,epic,06.09.2025 05:47:00,10.09,WELCOME15,paid
1145,1475,Пепельный печать,battlepass,common,2025-09-12 23:02:00,10.54,,paid
1146,1475,Тенистый венец,currency,common,06.09.2025 07:39:00,45.18,RETURN20,paid
1147,1475,Ледяной плащ,battlepass,epic,2025-09-12 22:35:00,15.54,,paid
1148,1475,Золочёный перчатки,cosmetic,rare,2025-09-07 19:19:00,18.76,н/д,paid
1149,1475,Тенистый венец,currency,common,2025-09-12 02:20:00,"56,47",NaN,paid
1150,1475,Древний сундук,bundle,common,2025-09-15 20:16:00,53.74,null,paid
1151,1475,Изумрудный посох,booster,COMMON,2025-09-16 21:22:00,5.38,RETURN20,paid
1152,1475,Ледяной амулет,booster,rare,2025-09-06 05:09:00,4.52,,paid
1153,1475,Лунный плащ,cosmetic,common,2025-09-09 11:29:00,21.65,,paid
1154,1475,Ржавый печать,cosmetic,epic,2025-09-10 16:56:00,16.49,,paid
1155,1475,Древний венец,cosmetic,common,2025-09-11 09:14:00,6.79 USD,WELCOME15,paid
1156,1475,Золочёный маска,currency,rare,2025-09-16 05:28:00,24.94,AUTUMN25,paid
1157,1475,Пепельный печать,battlepass,common,2025-09-15 23:23:00,10.54,null,paid
1158,1475,Изумрудный перчатки,booster,epic,2025-09-06 00:22:00,6.84,,paid
1159,1475,Тенистый рог,cosmetic,EPIC,2025-09-12 17:03:00,11.87,NaN,paid
1160,1475,Золочёный посох,booster,rare,2025-09-14 16:04:00,1.69,-,paid
1161,1475,Лунный посох,battlepass,LEGENDARY,15.09.2025 08:34:00,12.81,,paid
1162,1475,Пепельный печать,battlepass,common,2025-09-15 15:01:00,10.54,,paid
1163,1475,Медный маска,battlepass,common,2025-09-09 20:50:00,11.25,,paid
1164,1475,Медный амулет,cosmetic,common,2025-09-16 09:00:00,8.10 USD,,paid
1165,1475,Ледяной плащ,battlepass,epic,13.09.2025 21:23:00,15.54,н/д,paid
1166,1475,Лунный плащ,cosmetic,COMMON,08.09.2025 04:06:00,18.40,WELCOME15,paid
1167,1475,Медный маска,battlepass,common,2025-09-10 11:07:00,"8,44",AUTUMN25,paid
1168,1475,Тенистый рог,cosmetic,epic,2025-09-14 22:16:00,8.31,WINTER30,paid
1169,1475,Золочёный посох,booster,RARE,2025-09-06 17:12:00,1.44,WELCOME15,paid
1170,1475,Ледяной рог,battlepass,common,06.09.2025 09:28:00,13.34,null,paid
1171,1475,Изумрудный перчатки,booster,epic,2025-09-14 19:20:00,6.84,н/д,paid
1172,1475,Ржавый амулет,currency,common,12.09.2025 19:37:00,46.49,SPRING10,paid
1173,1475,Ледяной перчатки,battlepass,EPIC,2025-09-06 20:20:00,11.49,NaN,paid
1174,1475,Терновый печать,booster,rare,2025-09-06 08:42:00,"7,48",-,paid
1175,1475,Лунный венец,currency,epic,2025-09-07 07:26:00,26.66,WELCOME15,paid
1176,1475,Золочёный сундук,booster,epic,15.09.2025 08:32:00,9.83,NaN,paid
1177,1475,Ледяной плащ,battlepass,EPIC,2025-09-16 05:07:00,15.54,,paid
1178,1475,Ржавый печать,cosmetic,epic,2025-09-15 15:46:00,14.84,SPRING10,paid
1179,1475,Костяной венец,currency,common,2025-09-14 20:15:00,71.37,AUTUMN25,paid
1180,1475,Изумрудный маска,booster,legendary,08.09.2025 10:25:00,6.18,AUTUMN25,paid
1181,1475,Ржавый печать,cosmetic,epic,2025-09-12 04:44:00,16.49,,paid
1182,1475,Пепельный печать,battlepass,common,2025-09-11 02:08:00,10.54,-,paid
1183,1475,Изумрудный плащ,currency,common,2025-09-09 21:48:00,41.79,NaN,paid
1184,1475,Ржавый печать,cosmetic,epic,09.09.2025 00:42:00,16.49,-,paid
1185,1475,Золочёный компас,bundle,rare,2025-09-06 00:12:00,51.86,SPRING10,paid
1186,1475,Тенистый фонарь,battlepass,rare,11.09.2025 16:40:00,19.53,,paid
1187,1475,Тенистый клинок,bundle,legendary,2025-09-07 23:20:00,70.79 USD,null,paid
1188,1485,Ледяной рог,battlepass,common,28.10.2025 20:19:00,10.00,AUTUMN25,paid
1189,1485,Терновый сундук,booster,epic,2025-11-27 19:22:00,"5,20",,paid
1190,1485,Медный печать,bundle,rare,2026-01-01 04:16:00,33.96 USD,,paid
1191,1485,Пепельный плащ,currency,COMMON,2025-11-02 02:15:00,54.75,,paid
1192,1485,Багровый фонарь,booster,common,2025-11-03 15:21:00,9.82,н/д,paid
1193,1485,Лунный сундук,currency,common,2025-11-20 21:16:00,73.48 USD,-,paid
1194,1485,Ледяной рог,battlepass,common,2025-12-02 16:39:00,13.34,null,paid
1195,1485,Костяной венец,currency,common,2025-10-21 13:33:00,,WELCOME15,paid
1196,1485,Лунный венец,currency,epic,2025-11-28 19:32:00,21.95,WINTER30,paid
1197,1485,Ледяной плащ,battlepass,epic,2026-01-05 20:44:00,15.54,,paid
1198,1485,Костяной перчатки,battlepass,RARE,2025-10-24 01:16:00,16.91,,paid
1199,1485,Золочёный посох,booster,rare,2025-12-13 14:27:00,1.69,,paid
1200,1485,Пепельный печать,battlepass,common,03.12.2025 12:21:00,10.54,null,paid
1201,1485,Пепельный плащ,currency,common,04.12.2025 05:44:00,54.75 USD,,paid
1202,1485,Медный маска,battlepass,common,2025-12-27 11:24:00,11.25,NaN,paid
1203,1485,Медный амулет,cosmetic,common,2025-11-27 22:22:00,5.67 USD,WINTER30,paid
1204,1485,Изумрудный маска,booster,legendary,2025-10-24 11:41:00,5.77,WINTER30,paid
1205,1485,Тенистый фонарь,battlepass,rare,27.10.2025 11:49:00,19.53,NaN,paid
1206,1485,Лунный посох,battlepass,legendary,2026-01-01 19:56:00,12.81,н/д,paid
1207,1485,Ржавый печать,cosmetic,EPIC,2025-10-24 09:37:00,16.49,,paid
1208,1494,Золочёный рог,currency,common,23.10.2025 03:36:00,74.57,null,paid
1209,1494,Тенистый посох,bundle,common,24.10.2025 07:03:00,17.19,н/д,paid
1210,1494,Пепельный посох,booster,RARE,01.11.2025 05:31:00,9.85,,paid
1211,1514,Костяной печать,battlepass,common,2026-05-22 20:47:00,12.41,,paid
1212,1514,Терновый сундук,booster,EPIC,2026-05-08 20:52:00,5.20,null,paid
1213,1514,Костяной перчатки,battlepass,rare,2026-04-12 23:06:00,16.91,,paid
1214,1514,Тенистый посох,bundle,common,2026-06-26 14:04:00,17.19,-,paid
1215,1514,Багровый печать,currency,LEGENDARY,2026-04-13 11:13:00,43.54,WELCOME15,paid
1216,1514,Изумрудный маска,booster,LEGENDARY,2026-04-15 23:01:00,8.24 USD,н/д,paid
1217,1514,Костяной венец,currency,common,2026-04-07 20:35:00,80.89,WELCOME15,paid
1218,1514,Лунный посох,battlepass,legendary,05.06.2026 15:02:00,12.81,NaN,paid
1219,1514,Багровый плащ,currency,epic,2026-04-16 01:42:00,"75,44",,paid
1220,1514,Терновый сундук,booster,epic,01.04.2026 09:36:00,5.20,,paid
1221,1514,Костяной печать,battlepass,common,2026-03-30 16:54:00,12.41,-,paid
1222,1517,Лунный венец,currency,EPIC,2026-06-26 07:41:00,31.36,,paid
1223,1517,Костяной посох,currency,common,2026-06-30 02:52:00,31.49,NaN,paid
1224,1522,Золочёный посох,booster,RARE,2025-12-26 07:57:00,1.69,,paid
1225,1522,Пепельный печать,battlepass,common,2025-11-27 04:31:00,10.54,,paid
1226,1522,Пепельный печать,battlepass,common,2025-10-19 07:44:00,10.54,,paid
1227,1522,Ржавый печать,cosmetic,epic,27.10.2025 17:17:00,16.49,,paid
1228,1522,Золочёный сундук,booster,EPIC,29.10.2025 06:33:00,9.83 USD,,paid
1229,1522,Ледяной маска,cosmetic,common,2025-10-10 04:37:00,7.82,NaN,paid
1230,1522,Ледяной рог,battlepass,COMMON,2026-01-01 15:31:00,13.34,null,paid
1231,1522,Пепельный плащ,currency,common,19.12.2025 03:43:00,54.75,null,paid
1232,1522,Лунный венец,currency,epic,11.12.2025 07:49:00,31.36,,paid
1233,1522,Костяной печать,battlepass,COMMON,2025-12-22 02:46:00,12.41,н/д,paid
1234,1522,Ржавый амулет,currency,common,2025-11-21 08:28:00,51.66,,paid
1235,1522,Костяной перчатки,battlepass,RARE,2025-10-09 15:43:00,16.91,null,paid
1236,1522,Лунный посох,battlepass,legendary,2025-10-16 21:45:00,12.81,NaN,paid
1237,1522,Пепельный рог,booster,epic,2026-01-06 17:05:00,7.12 USD,null,paid
1238,1522,Ледяной перчатки,battlepass,epic,2025-10-10 15:00:00,11.49,NaN,paid
1239,1522,Ледяной перчатки,battlepass,EPIC,2025-11-08 06:54:00,11.49,,paid
1240,1522,Пепельный посох,booster,rare,19.11.2025 08:24:00,9.85,н/д,paid
1241,1522,Тенистый рог,cosmetic,EPIC,28.10.2025 22:14:00,"11,87",null,paid
1242,1522,Древний венец,cosmetic,COMMON,2025-10-11 10:06:00,"7,99",-,paid
1243,1522,Ледяной плащ,battlepass,EPIC,2025-11-04 17:52:00,"15,54",,paid
1244,1522,Костяной венец,currency,common,11.10.2025 11:52:00,"85,64",SPRING10,paid
1245,1522,Медный посох,booster,COMMON,2025-10-23 06:57:00,7.32,WELCOME15,paid
1246,1522,Костяной печать,battlepass,common,30.11.2025 03:56:00,9.31 USD,AUTUMN25,paid
1247,1522,Ледяной перчатки,battlepass,epic,2025-10-16 08:35:00,11.49,null,paid
1248,1522,Золочёный перчатки,cosmetic,rare,2025-10-17 06:12:00,18.76,-,paid
1249,1522,Тенистый посох,bundle,common,28.10.2025 23:50:00,17.19,,paid
1250,1522,Лунный сундук,currency,common,01.11.2025 01:24:00,73.48,null,paid
1251,1522,Изумрудный маска,booster,legendary,19.10.2025 15:59:00,8.24,,paid
1252,1522,Багровый сундук,booster,legendary,2025-11-21 21:17:00,2.46,-,paid
1253,1522,Ржавый печать,cosmetic,EPIC,09.10.2025 04:09:00,16.49,,paid
1254,1522,Пепельный печать,battlepass,common,2025-12-20 10:26:00,10.54,н/д,paid
1255,1522,Костяной венец,currency,common,2025-10-14 16:34:00,71.37 USD,AUTUMN25,paid
1256,1522,Ржавый печать,cosmetic,epic,2025-10-09 20:28:00,16.49,null,paid
1257,1522,Костяной венец,currency,common,2025-10-11 10:30:00,95.16,,paid
1258,1522,Багровый печать,currency,LEGENDARY,19.12.2025 05:39:00,51.22,,paid
1259,1522,Изумрудный печать,cosmetic,common,2025-12-12 13:21:00,21.79 USD,,paid
1260,1522,Изумрудный плащ,currency,common,2025-12-10 17:07:00,41.79 USD,-,paid
1261,1522,Золочёный рог,currency,common,2025-10-14 07:11:00,74.57,NaN,paid
1262,1522,Медный посох,booster,common,2025-11-06 00:34:00,6.46,AUTUMN25,paid
1263,1522,Медный амулет,cosmetic,common,2025-10-11 09:24:00,"8,10",NaN,paid
1264,1522,Золочёный рог,currency,common,2025-11-29 07:38:00,74.57,-,paid
1265,1522,Пепельный печать,battlepass,common,2025-10-19 03:18:00,10.54,,paid
1266,1522,Тенистый рог,cosmetic,epic,2025-11-16 14:35:00,11.87,,paid
1267,1522,Древний венец,cosmetic,common,2025-12-28 01:17:00,7.99,,paid
1268,1522,Костяной печать,battlepass,common,2025-11-13 12:34:00,12.41,-,paid
1269,1522,Костяной венец,currency,common,2025-10-10 03:29:00,95.16,-,paid
1270,1522,Терновый сундук,booster,epic,2025-11-16 22:21:00,5.20,,paid
1271,1522,Костяной венец,currency,common,2025-10-18 02:02:00,95.16,,paid
1272,1522,Костяной посох,currency,common,30.11.2025 22:35:00,31.49,,paid
1273,1522,Костяной венец,currency,COMMON,2025-10-29 08:23:00,95.16,н/д,paid
1274,1522,Золочёный маска,currency,rare,04.11.2025 13:45:00,33.25,-,paid
1275,1522,Костяной посох,currency,common,2025-12-18 10:15:00,22.04,WINTER30,paid
1276,1522,Костяной перчатки,battlepass,RARE,2025-10-17 06:13:00,13.53,RETURN20,refunded
1277,1522,Ледяной рог,battlepass,common,2025-10-09 10:05:00,10.00 USD,AUTUMN25,paid
1278,1522,Ржавый печать,cosmetic,epic,2025-10-17 03:01:00,16.49 USD,,paid
1279,1522,Ледяной перчатки,battlepass,epic,2025-10-12 05:11:00,10.34,SPRING10,refunded
1280,1547,Ржавый амулет,currency,common,16.04.2026 09:46:00,51.66,,paid
1281,1556,Ледяной перчатки,battlepass,epic,23.04.2026 08:26:00,10.34,SPRING10,paid
1282,1589,Тенистый посох,bundle,COMMON,2026-04-03 22:30:00,12.89,AUTUMN25,paid
1283,1589,Медный маска,battlepass,COMMON,2026-04-06 14:02:00,11.25,н/д,paid
1284,1589,Золочёный маска,currency,rare,2026-04-10 09:48:00,33.25 USD,NaN,paid
1285,1589,Ржавый печать,cosmetic,epic,2026-04-04 07:10:00,11.54,WINTER30,paid
1286,1589,Медный амулет,cosmetic,common,2026-04-09 07:31:00,8.10,,paid
1287,1589,Терновый печать,booster,rare,04.04.2026 03:30:00,7.48,н/д,paid
1288,1589,Багровый плащ,currency,epic,2026-04-08 06:05:00,75.44,null,paid
1289,1589,Костяной клинок,cosmetic,common,2026-04-05 17:53:00,15.11 USD,WELCOME15,paid
1290,1589,Тенистый клинок,bundle,legendary,2026-04-04 01:51:00,70.79,,paid
1291,1589,Тенистый рог,cosmetic,EPIC,08.04.2026 14:46:00,11.87,,paid
1292,1589,Тенистый фонарь,battlepass,rare,2026-04-06 12:41:00,14.65,AUTUMN25,paid
1293,1589,Ледяной плащ,battlepass,epic,05.04.2026 14:52:00,15.54 USD,-,refunded
1294,1589,Костяной венец,currency,common,2026-04-08 19:30:00,95.16,null,paid
1295,1589,Ледяной плащ,battlepass,epic,2026-04-06 05:44:00,15.54,null,paid
1296,1589,Тенистый плащ,bundle,epic,2026-04-04 12:44:00,27.96,null,paid
1297,1589,Костяной венец,currency,common,2026-04-04 12:23:00,71.37,AUTUMN25,paid
1298,1589,Ледяной рог,battlepass,common,2026-04-09 00:52:00,13.34,null,refunded
1299,1589,Багровый фонарь,booster,COMMON,2026-04-04 11:55:00,9.82,,refunded
1300,1589,Костяной венец,currency,COMMON,2026-04-04 07:37:00,,,paid
1301,1589,Тенистый рог,cosmetic,epic,2026-04-03 04:57:00,11.87,,paid
1302,1589,Терновый венец,cosmetic,rare,2026-04-03 02:53:00,5.89,н/д,paid
1303,1589,Костяной маска,currency,legendary,2026-04-12 05:26:00,23.03,н/д,paid
1304,1589,Костяной венец,currency,common,2026-04-03 12:57:00,95.16,-,paid
1305,1589,Терновый сундук,booster,epic,2026-04-04 00:58:00,5.20,,paid
1306,1589,Изумрудный маска,booster,legendary,2026-04-03 09:26:00,8.24,null,paid
1307,1589,Изумрудный плащ,currency,common,2026-04-04 06:38:00,41.79,,paid
1308,1589,Ледяной плащ,battlepass,epic,2026-04-07 09:42:00,15.54,,paid
1309,1589,Ледяной рог,battlepass,common,2026-04-06 00:33:00,13.34,,refunded
1310,1589,Костяной венец,currency,COMMON,2026-04-03 16:43:00,95.16,,paid
1311,1589,Изумрудный посох,booster,common,09.04.2026 21:04:00,6.73,-,paid
1312,1589,Золочёный рог,currency,common,2026-04-06 22:34:00,74.57 USD,,paid
1313,1589,Багровый фонарь,booster,common,06.04.2026 22:35:00,9.82,,paid
1314,1589,Тенистый рог,cosmetic,EPIC,04.04.2026 14:06:00,11.87,н/д,paid
1315,1589,Тенистый рог,cosmetic,EPIC,11.04.2026 16:26:00,"11,87",,paid
1316,1589,Багровый сундук,booster,legendary,2026-04-03 18:10:00,2.09,WELCOME15,paid
1317,1589,Золочёный посох,booster,RARE,2026-04-03 04:43:00,1.44,WELCOME15,paid
1318,1589,Ржавый печать,cosmetic,epic,2026-04-09 19:19:00,16.49,NaN,paid
1319,1589,Изумрудный сундук,booster,common,2026-04-03 09:21:00,6.33,,paid
1320,1589,Ледяной амулет,booster,rare,13.04.2026 00:52:00,4.52,,paid
1321,1589,Лунный венец,currency,EPIC,2026-04-11 04:32:00,26.66,WELCOME15,paid
1322,1589,Тенистый плащ,bundle,epic,2026-04-04 10:41:00,27.96,-,paid
1323,1589,Ледяной плащ,battlepass,epic,04.04.2026 15:30:00,15.54,,paid
1324,1589,Ледяной плащ,battlepass,epic,05.04.2026 16:52:00,15.54,null,paid
1325,1589,Костяной венец,currency,common,2026-04-07 23:57:00,н/д,,paid
1326,1589,Лунный плащ,cosmetic,common,03.04.2026 23:02:00,17.32,RETURN20,paid
1327,1589,Костяной венец,currency,common,2026-04-07 08:19:00,95.16,NaN,paid
1328,1589,Костяной венец,currency,common,2026-04-03 09:08:00,85.64,SPRING10,paid
1329,1589,Ледяной плащ,battlepass,EPIC,2026-04-10 10:54:00,15.54,NaN,paid
1330,1589,Медный посох,booster,common,10.04.2026 14:53:00,8.61,,paid
1331,1589,Терновый венец,cosmetic,rare,03.04.2026 13:58:00,5.89,NaN,paid
1332,1589,Ледяной амулет,booster,rare,2026-04-03 08:22:00,4.52,,paid
1333,1589,Ледяной рог,battlepass,COMMON,03.04.2026 11:52:00,13.34,NaN,paid
1334,1589,Медный амулет,cosmetic,common,2026-04-06 20:27:00,8.10,,paid
1335,1589,Багровый сундук,booster,legendary,09.04.2026 10:48:00,2.46,н/д,paid
1336,1589,Костяной перчатки,battlepass,rare,2026-04-14 21:10:00,14.37,WELCOME15,paid
1337,1589,Золочёный посох,booster,rare,08.04.2026 04:57:00,1.69,н/д,paid
1338,1589,Ледяной рог,battlepass,common,2026-04-06 12:41:00,13.34,,paid
1339,1589,Ледяной амулет,booster,rare,13.04.2026 02:44:00,4.52,н/д,paid
1340,1589,Лунный сундук,currency,common,13.04.2026 12:06:00,58.78,RETURN20,paid
1341,1589,Костяной венец,currency,common,13.04.2026 17:27:00,"71,37",AUTUMN25,paid
1342,1589,Тенистый рог,cosmetic,epic,2026-07-09 00:00:00,10.68,SPRING10,paid
1343,1589,Тенистый плащ,bundle,epic,2026-04-13 11:46:00,27.96,NaN,paid
1344,1589,Древний венец,cosmetic,common,05.04.2026 09:09:00,7.19,SPRING10,paid
1345,1589,Ледяной перчатки,battlepass,epic,2026-04-09 18:55:00,11.49,,paid
1346,1589,Тенистый рог,cosmetic,epic,2026-04-04 06:24:00,11.87,-,paid
1347,1589,Ледяной перчатки,battlepass,epic,2026-04-03 00:14:00,11.49,,paid
1348,1589,Изумрудный сундук,booster,common,2026-04-06 23:35:00,6.33,н/д,paid
1349,1589,Терновый печать,booster,rare,04.04.2026 08:38:00,6.36,WELCOME15,paid
1350,1589,Изумрудный печать,cosmetic,common,2026-04-04 23:20:00,21.79,,paid
1351,1589,Пепельный рог,booster,epic,2026-04-10 13:05:00,7.12,,paid
1352,1589,Костяной рог,currency,rare,2026-04-06 19:37:00,28.86,н/д,paid
1353,1589,Золочёный посох,booster,rare,2026-04-03 23:56:00,1.69,null,paid
1354,1589,Костяной венец,currency,common,2026-04-07 21:49:00,95.16 USD,н/д,paid
1355,1589,Медный маска,battlepass,common,2026-04-14 06:07:00,11.25,,paid
1356,1589,Пепельный посох,booster,RARE,2026-04-05 11:46:00,9.85,,paid
1357,1589,Пепельный печать,battlepass,common,08.04.2026 15:09:00,10.54,null,paid
1358,1589,Терновый сундук,booster,EPIC,2026-04-03 22:46:00,4.42,WELCOME15,paid
1359,1589,Костяной венец,currency,common,2026-04-07 06:51:00,66.61,WINTER30,paid
1360,1589,Золочёный посох,booster,rare,2026-04-03 18:01:00,"1,52",SPRING10,paid
1361,1589,Лунный венец,currency,epic,2026-04-03 17:19:00,31.36,-,paid
1362,1589,Багровый сундук,booster,legendary,04.04.2026 23:30:00,2.46,,paid
1363,1589,Костяной посох,currency,common,09.04.2026 18:32:00,31.49 USD,null,paid
1364,1589,Изумрудный перчатки,booster,epic,2026-04-05 08:50:00,"6,84",null,paid
1365,1589,Костяной венец,currency,common,2026-04-05 08:00:00,"85,64",SPRING10,paid
1366,1589,Терновый печать,booster,RARE,07.04.2026 12:47:00,5.24,WINTER30,paid
1367,1589,Костяной венец,currency,common,2026-04-12 12:33:00,95.16,null,paid
1368,1589,Тенистый фонарь,battlepass,rare,2026-04-05 23:34:00,19.53,-,paid
1369,1589,Ржавый компас,bundle,common,2026-04-08 08:47:00,53.98,NaN,paid
1370,1589,Ледяной рог,battlepass,common,2026-04-13 17:12:00,13.34 USD,,paid
1371,1589,Изумрудный маска,booster,legendary,2026-04-12 01:12:00,5.77,WINTER30,paid
1372,1589,Костяной венец,currency,common,2026-04-07 03:15:00,95.16,,paid
1373,1589,Ржавый амулет,currency,common,04.04.2026 21:39:00,51.66,-,paid
1374,1589,Пепельный плащ,currency,common,07.04.2026 07:43:00,54.75,-,paid
1375,1589,Пепельный посох,booster,RARE,2026-04-10 23:09:00,9.85,,paid
1376,1589,Пепельный посох,booster,rare,04.04.2026 23:03:00,9.85,,paid
1377,1589,Костяной венец,currency,COMMON,2026-04-05 05:35:00,95.16,,paid
1378,1589,Пепельный плащ,currency,common,2026-04-07 06:04:00,54.75,,paid
1379,1589,Ржавый амулет,currency,common,2026-04-05 11:11:00,41.33,RETURN20,paid
1380,1589,Ледяной перчатки,battlepass,EPIC,2026-04-10 01:38:00,11.49,NaN,paid
1381,1589,Костяной посох,currency,common,2026-04-05 04:44:00,31.49,,paid
1382,1589,Медный печать,bundle,RARE,2026-04-08 01:42:00,33.96,,paid
1383,1589,Пепельный компас,booster,EPIC,11.04.2026 15:09:00,6.67,-,paid
1384,1589,Багровый фонарь,booster,common,09.04.2026 19:57:00,"9,82",н/д,paid
1385,1589,Ледяной перчатки,battlepass,epic,2026-04-09 05:14:00,11.49,,paid
1386,1589,Пепельный посох,booster,rare,03.04.2026 17:39:00,9.85,NaN,paid
1387,1589,Багровый сундук,booster,LEGENDARY,2026-04-03 12:30:00,2.46,null,paid
1388,1589,Изумрудный посох,booster,common,2026-04-14 02:23:00,6.73,,paid
1389,1589,Ледяной плащ,battlepass,EPIC,2026-04-05 10:52:00,11.65,AUTUMN25,paid
1390,1589,Изумрудный посох,booster,common,2026-04-06 16:47:00,6.73,,paid
1391,1589,Терновый венец,cosmetic,RARE,2026-04-05 00:25:00,5.89 USD,-,paid
1392,1589,Пепельный печать,battlepass,common,10.04.2026 22:26:00,10.54,null,paid
1393,1589,Золочёный маска,currency,RARE,2026-04-03 03:26:00,"33,25",,paid
1394,1589,Медный маска,battlepass,common,2026-04-03 01:04:00,11.25,,paid
1395,1589,Пепельный рог,booster,epic,2026-04-03 23:16:00,7.12,,paid
1396,1589,Изумрудный плащ,currency,common,2026-04-09 06:05:00,41.79,,paid
1397,1589,Тенистый плащ,bundle,epic,2026-04-09 17:50:00,27.96 USD,-,paid
1398,1589,Лунный плащ,cosmetic,common,2026-04-13 18:31:00,18.40,WELCOME15,paid
1399,1589,Древний сундук,bundle,COMMON,05.04.2026 15:13:00,40.30,AUTUMN25,paid
1400,1589,Лунный сундук,currency,common,2026-04-04 08:01:00,73.48,,paid
1401,1589,Пепельный посох,booster,rare,2026-04-03 10:52:00,9.85,,paid
1402,1589,Костяной венец,currency,common,2026-04-09 02:56:00,95.16,NaN,paid
1403,1589,Медный маска,battlepass,common,03.04.2026 05:36:00,7.87,WINTER30,paid
1404,1589,Пепельный плащ,currency,common,2026-04-08 01:55:00,54.75,н/д,paid
1405,1589,Терновый сундук,booster,epic,2026-04-05 14:57:00,5.20,,paid
1406,1589,Пепельный печать,battlepass,common,2026-04-04 11:39:00,10.54,н/д,paid
1407,1589,Пепельный плащ,currency,common,2026-04-07 09:09:00,54.75,,paid
1408,1589,Костяной венец,currency,common,2026-04-07 22:46:00,95.16,,paid
1409,1589,Тенистый фонарь,battlepass,rare,11.04.2026 02:26:00,"16,60",WELCOME15,paid
1410,1589,Пепельный посох,booster,rare,2026-04-04 05:29:00,9.85,NaN,paid
1411,1589,Костяной маска,currency,legendary,2026-04-12 00:56:00,18.42,RETURN20,paid
1412,1589,Древний сундук,bundle,common,2026-04-03 13:11:00,53.74,,paid
1413,1589,Золочёный посох,booster,rare,2026-04-04 18:05:00,"1,69",н/д,paid
1414,1589,Ржавый амулет,currency,common,2026-04-05 21:59:00,51.66,NaN,paid
1415,1589,Лунный плащ,cosmetic,common,2026-04-03 04:08:00,17.32 USD,RETURN20,paid
1416,1589,Тенистый венец,currency,common,2026-04-11 09:31:00,56.47,-,paid
1417,1589,Ледяной плащ,battlepass,epic,2026-04-09 00:52:00,10.88,WINTER30,paid
1418,1589,Тенистый рог,cosmetic,epic,2026-04-06 09:02:00,,NaN,paid
1419,1589,Терновый венец,cosmetic,RARE,2026-04-06 10:36:00,5.89 USD,NaN,paid
1420,1589,Золочёный сундук,booster,epic,2026-04-09 15:11:00,9.83 USD,-,paid
1421,1589,Лунный посох,battlepass,legendary,2026-04-03 00:08:00,12.81,,paid
1422,1589,Ледяной перчатки,battlepass,epic,2026-04-13 06:56:00,11.49,,paid
1423,1589,Ледяной перчатки,battlepass,epic,06.04.2026 06:25:00,11.49,,paid
1424,1589,Медный печать,bundle,RARE,13.04.2026 12:35:00,27.17,RETURN20,paid
1425,1589,Медный перчатки,currency,rare,2026-04-12 02:24:00,42.38,WINTER30,paid
1426,1589,Костяной венец,currency,common,2026-04-03 09:58:00,95.16,-,paid
1427,1589,Изумрудный сундук,booster,common,2026-04-03 16:45:00,4.43,WINTER30,paid
1428,1589,Терновый венец,cosmetic,rare,2026-04-10 03:32:00,5.89,-,paid
1429,1589,Костяной перчатки,battlepass,rare,2026-07-18 00:00:00,14.37,WELCOME15,paid
1430,1589,Медный печать,bundle,rare,05.04.2026 18:01:00,33.96,NaN,paid
1431,1589,Пепельный рог,booster,epic,2026-04-06 07:06:00,5.34 USD,AUTUMN25,paid
1432,1589,Пепельный печать,battlepass,common,2026-04-09 18:04:00,"10,54",null,paid
1433,1589,Костяной венец,currency,COMMON,2026-04-07 00:36:00,95.16,NaN,paid
1434,1589,Золочёный рог,currency,common,2026-04-03 09:26:00,74.57,,paid
1435,1589,Костяной печать,battlepass,common,2026-04-05 09:11:00,"12,41",-,paid
1436,1589,Костяной посох,currency,COMMON,2026-04-04 07:30:00,31.49,NaN,paid
1437,1589,Изумрудный сундук,booster,common,2026-04-06 07:58:00,6.33 USD,н/д,paid
1438,1589,Ледяной плащ,battlepass,epic,2026-04-10 05:27:00,10.88,WINTER30,paid
1439,1589,Терновый рог,bundle,epic,2026-04-03 02:00:00,14.78,WELCOME15,paid
1440,1589,Костяной венец,currency,common,14.04.2026 14:41:00,95.16 USD,н/д,paid
1441,1589,Костяной венец,currency,common,2026-04-14 09:03:00,95.16,,paid
1442,1589,Костяной рог,currency,rare,2026-04-11 10:27:00,28.86,,paid
1443,1589,Костяной венец,currency,common,2026-04-03 14:08:00,95.16,null,paid
1444,1589,Костяной печать,battlepass,common,2026-04-03 17:14:00,12.41,NaN,paid
1445,1589,Древний посох,cosmetic,EPIC,2026-04-05 03:59:00,4.42,SPRING10,paid
1446,1589,Ржавый печать,cosmetic,EPIC,2026-04-07 12:01:00,16.49,,paid
1447,1589,Медный посох,booster,common,2026-04-09 17:15:00,8.61,н/д,paid
1448,1589,Терновый венец,cosmetic,rare,2026-04-06 06:57:00,5.89 USD,н/д,paid
1449,1589,Костяной рог,currency,rare,2026-04-14 15:51:00,28.86,NaN,paid
1450,1589,Тенистый клинок,bundle,legendary,2026-04-06 19:13:00,70.79,NaN,paid
1451,1589,Костяной венец,currency,COMMON,2026-04-04 07:09:00,95.16,NaN,paid
1452,1589,Терновый сундук,booster,EPIC,2026-04-10 17:26:00,5.20,,paid
1453,1589,Ледяной амулет,booster,rare,2026-04-09 11:55:00,3.16,WINTER30,paid
1454,1589,Золочёный рог,currency,common,2026-04-13 21:48:00,74.57,,paid
1455,1589,Терновый сундук,booster,EPIC,2026-04-06 05:22:00,5.20,,paid
1456,1589,Терновый сундук,booster,EPIC,2026-04-04 06:37:00,3.64,WINTER30,paid
1457,1589,Медный посох,booster,common,2026-04-04 13:34:00,8.61,,paid
1458,1589,Изумрудный плащ,currency,common,2026-04-06 21:47:00,41.79,,paid
1459,1589,Тенистый рог,cosmetic,epic,2026-04-13 01:36:00,11.87,,paid
1460,1589,Ржавый амулет,currency,common,2026-04-12 11:35:00,51.66,,paid
1461,1589,Костяной венец,currency,common,2026-04-05 20:49:00,71.37,AUTUMN25,paid
1462,1589,Лунный сундук,currency,common,2026-04-03 01:47:00,73.48 USD,-,paid
1463,1589,Костяной клинок,cosmetic,common,2026-04-04 07:34:00,17.78,NaN,paid
1464,1589,Ледяной плащ,battlepass,epic,2026-04-08 06:59:00,15.54,н/д,paid
1465,1589,Костяной печать,battlepass,COMMON,14.04.2026 19:49:00,12.41,н/д,paid
1466,1589,Терновый сундук,booster,epic,2026-04-12 20:15:00,5.20,,paid
1467,1589,Багровый плащ,currency,epic,05.04.2026 15:33:00,56.58,AUTUMN25,paid
1468,1589,Золочёный рог,currency,common,2026-04-08 15:18:00,"74,57",-,paid
1469,1589,Лунный сундук,currency,common,2026-04-11 12:40:00,73.48,,paid
1470,1589,Лунный венец,currency,epic,2026-04-03 06:48:00,"31,36",NaN,paid
1471,1589,Терновый сундук,booster,epic,2026-04-06 15:30:00,4.68,SPRING10,paid
1472,1589,Тенистый клинок,bundle,legendary,2026-04-08 21:53:00,70.79,null,paid
1473,1589,Ледяной плащ,battlepass,epic,2026-04-03 19:32:00,15.54,,paid
1474,1589,Лунный посох,battlepass,legendary,2026-04-14 23:56:00,"12,81",н/д,paid
1475,1589,Ледяной рог,battlepass,common,2026-04-06 23:55:00,13.34,н/д,paid
1476,1589,Золочёный рог,currency,common,2026-04-04 07:58:00,74.57,null,paid
1477,1589,Ледяной рог,battlepass,common,03.04.2026 18:05:00,11.34,WELCOME15,paid
1478,1589,Тенистый фонарь,battlepass,rare,2026-04-06 11:16:00,19.53,NaN,paid
1479,1589,Ледяной маска,cosmetic,common,2026-04-06 01:34:00,6.26,RETURN20,paid
1480,1589,Костяной венец,currency,common,2026-04-09 01:19:00,95.16,-,paid
1481,1589,Лунный плащ,cosmetic,common,2026-04-03 14:41:00,21.65,NaN,paid
1482,1616,Костяной печать,battlepass,COMMON,2026-04-27 01:58:00,12.41,NaN,paid
1483,1624,Костяной венец,currency,common,2026-01-11 06:46:00,95.16,NaN,paid
1484,1624,Изумрудный перчатки,booster,EPIC,14.01.2026 01:48:00,6.84,-,paid
1485,1624,Тенистый венец,currency,common,13.01.2026 17:09:00,50.82,SPRING10,paid
1486,1624,Багровый плащ,currency,epic,2026-01-22 20:33:00,75.44,,paid
1487,1626,Тенистый клинок,bundle,legendary,2026-02-15 04:13:00,70.79,null,paid
1488,1626,Терновый сундук,booster,epic,17.02.2026 18:47:00,5.20,NaN,paid
1489,1632,Костяной клинок,cosmetic,common,2025-09-18 22:22:00,17.78,null,paid
1490,1632,Терновый сундук,booster,epic,2025-09-20 06:46:00,3.64,WINTER30,paid
1491,1661,Пепельный посох,booster,rare,2025-10-19 06:30:00,6.89,WINTER30,paid
1492,1661,Багровый печать,currency,LEGENDARY,2025-10-29 02:12:00,51.22,,paid
1493,1661,Ледяной перчатки,battlepass,EPIC,2025-10-21 17:07:00,11.49,-,paid
1494,1661,Ржавый фонарь,battlepass,rare,2025-10-31 15:40:00,8.12,AUTUMN25,paid
1495,1661,Ледяной перчатки,battlepass,epic,2025-10-19 13:04:00,8.04 USD,WINTER30,paid
1496,1661,Древний сундук,bundle,common,2025-10-22 04:29:00,37.62,WINTER30,paid
1497,1661,Древний сундук,bundle,common,2025-10-19 04:56:00,53.74,,paid
1498,1661,Пепельный плащ,currency,common,2025-10-24 19:05:00,54.75,н/д,paid
1499,1661,Пепельный компас,booster,epic,2025-10-20 07:20:00,6.67,,paid
1500,1661,Ледяной рог,battlepass,common,2025-10-19 15:03:00,13.34,,paid
1501,1661,Золочёный перчатки,cosmetic,rare,04.11.2025 22:07:00,18.76,NaN,paid
1502,1661,Ржавый печать,cosmetic,epic,2025-10-25 12:46:00,16.49,-,paid
1503,1661,Ржавый печать,cosmetic,epic,2025-10-30 15:16:00,16.49,,paid
1504,1661,Ржавый компас,bundle,COMMON,2025-10-21 02:59:00,53.98,null,refunded
1505,1664,Ледяной рог,battlepass,common,2025-10-22 06:14:00,13.34,NaN,paid
1506,1687,Ледяной рог,battlepass,COMMON,27.05.2026 02:42:00,"11,34",WELCOME15,paid
1507,1687,Изумрудный плащ,currency,common,2026-05-28 19:44:00,41.79,н/д,paid
1508,1687,Багровый сундук,booster,legendary,2026-05-29 12:01:00,"2,46",NaN,paid
1509,1687,Костяной венец,currency,common,23.06.2026 07:43:00,95.16,NaN,paid
1510,1687,Золочёный посох,booster,RARE,07.06.2026 17:23:00,1.69,-,paid
1511,1687,Ледяной рог,battlepass,common,2026-06-06 04:01:00,11.34,WELCOME15,paid
1512,1687,Костяной венец,currency,common,27.06.2026 05:48:00,80.89,WELCOME15,paid
1513,1687,Тенистый рог,cosmetic,epic,2026-06-29 06:40:00,11.87 USD,,paid
1514,1687,Изумрудный сундук,booster,common,24.06.2026 15:31:00,6.33 USD,,paid
1515,1687,Ледяной рог,battlepass,COMMON,2026-06-10 08:40:00,12.01 USD,SPRING10,paid
1516,1687,Медный маска,battlepass,common,12.06.2026 12:49:00,11.25,,paid
1517,1687,Ледяной рог,battlepass,common,2026-06-03 00:29:00,11.34,WELCOME15,paid
1518,1730,Ржавый печать,cosmetic,EPIC,2026-02-23 21:48:00,16.49,-,paid
1519,1751,Тенистый фонарь,battlepass,rare,2026-04-22 16:13:00,13.67,WINTER30,paid
1520,1751,Костяной посох,currency,common,23.04.2026 19:50:00,31.49,н/д,paid
1521,1758,Багровый сундук,booster,legendary,07.04.2026 14:52:00,2.46,,paid
1522,1758,Золочёный посох,booster,RARE,2026-04-03 20:17:00,1.69,,paid
1523,1758,Ледяной перчатки,battlepass,epic,2026-04-02 10:00:00,11.49,-,paid
1524,1758,Терновый венец,cosmetic,rare,2026-05-06 02:03:00,5.89,-,paid
1525,1758,Багровый плащ,currency,epic,2026-03-31 19:21:00,75.44,NaN,paid
1526,1773,Медный маска,battlepass,COMMON,2026-01-24 17:57:00,9.00,RETURN20,paid
1527,1774,Ледяной плащ,battlepass,epic,16.10.2025 09:40:00,15.54,н/д,paid
1528,1776,Медный амулет,cosmetic,common,10.10.2025 05:48:00,"8,10",,paid
1529,1803,Ледяной плащ,battlepass,EPIC,22.11.2025 17:50:00,15.54,,paid
1530,1805,Ржавый печать,cosmetic,epic,2026-04-08 18:56:00,16.49,null,paid
1531,1806,Ржавый фонарь,battlepass,rare,2026-01-01 15:17:00,8.66,RETURN20,paid
1532,1806,Ржавый компас,bundle,common,2026-01-12 10:57:00,45.88,WELCOME15,paid
1533,1818,Костяной венец,currency,common,2025-10-28 15:40:00,85.64,SPRING10,paid
1534,1820,Ледяной маска,cosmetic,common,2026-01-18 19:15:00,7.82,NaN,paid
1535,1826,Лунный венец,currency,epic,07.01.2026 17:52:00,31.36,NaN,paid
1536,1834,Костяной венец,currency,common,2025-09-07 03:43:00,95.16,,paid
1537,1834,Изумрудный посох,booster,common,2025-09-09 12:08:00,6.06,SPRING10,paid
1538,1834,Костяной венец,currency,common,2025-09-08 21:58:00,95.16,NaN,paid
1539,1834,Лунный плащ,cosmetic,common,2025-09-08 12:57:00,21.65,н/д,paid
1540,1834,Изумрудный перчатки,booster,epic,2025-09-07 17:25:00,6.84,null,paid
1541,1834,Ржавый печать,cosmetic,epic,2025-09-07 05:58:00,11.54,WINTER30,paid
1542,1834,Ржавый плащ,currency,legendary,2025-09-08 03:07:00,48.60,RETURN20,paid
1543,1834,Терновый печать,booster,rare,2025-09-07 11:53:00,7.48,NaN,paid
1544,1864,Костяной венец,currency,common,2025-11-03 19:10:00,95.16,,paid
1545,1864,Ржавый печать,cosmetic,epic,20.09.2025 09:58:00,12.37,AUTUMN25,paid
1546,1893,Багровый плащ,currency,EPIC,12.09.2025 22:39:00,"75,44",,paid
1547,1893,Изумрудный маска,booster,legendary,2025-10-17 15:24:00,8.24,-,paid
1548,1893,Терновый рог,bundle,epic,2025-10-21 09:02:00,14.78,WELCOME15,paid
1549,1899,Тенистый рог,cosmetic,epic,2025-09-30 15:06:00,11.87,,paid
1550,1909,Терновый венец,cosmetic,RARE,2026-05-19 04:35:00,5.89,-,paid
1551,1909,Изумрудный печать,cosmetic,common,2026-05-19 03:55:00,15.25,WINTER30,paid
1552,1909,Древний венец,cosmetic,common,2026-05-19 21:26:00,7.99,,paid
1553,1909,Тенистый венец,currency,common,19.05.2026 00:29:00,56.47,NaN,paid
1554,1909,Тенистый рог,cosmetic,epic,2026-05-19 21:56:00,10.09,WELCOME15,paid
1555,1909,Терновый рог,bundle,epic,2026-05-19 09:04:00,13.91,RETURN20,paid
1556,1909,Ржавый фонарь,battlepass,rare,2026-05-20 11:50:00,10.83,,paid
1557,1909,Костяной клинок,cosmetic,common,2026-05-19 22:05:00,17.78,-,paid
1558,1928,Изумрудный печать,cosmetic,common,2025-09-13 16:38:00,21.79,-,paid
1559,1928,Багровый сундук,booster,legendary,2025-09-14 23:43:00,-,WELCOME15,paid
1560,1928,Пепельный посох,booster,rare,2025-09-13 22:34:00,9.85,null,paid
1561,1931,Медный печать,bundle,RARE,26.12.2025 15:55:00,NaN,null,paid
1562,1934,Изумрудный сундук,booster,common,2026-01-20 20:13:00,6.33,н/д,paid
1563,1934,Тенистый плащ,bundle,EPIC,21.12.2025 22:16:00,20.97,AUTUMN25,paid
1564,1934,Изумрудный печать,cosmetic,common,2025-12-29 22:54:00,21.79,,paid
1565,1946,Ледяной рог,battlepass,common,2026-02-12 17:37:00,13.34,н/д,paid
1566,1948,Костяной венец,currency,common,2026-03-10 07:44:00,95.16,NaN,paid
1567,1948,Золочёный компас,bundle,rare,2026-03-24 22:11:00,57.62 USD,,paid
1568,1980,Терновый рог,bundle,EPIC,2026-01-26 08:24:00,17.39,-,paid
1569,1980,Костяной венец,currency,common,2026-02-04 06:14:00,95.16,,paid
1570,1980,Багровый сундук,booster,legendary,2026-01-24 11:33:00,2.46,,paid
1571,1980,Костяной венец,currency,common,2026-01-24 21:47:00,66.61,WINTER30,paid
1572,1980,Пепельный плащ,currency,common,2026-02-10 08:28:00,49.27,SPRING10,refunded
1573,1980,Изумрудный перчатки,booster,EPIC,2026-01-24 19:16:00,6.84,-,paid
1574,1980,Ледяной рог,battlepass,common,04.03.2026 23:31:00,13.34 USD,-,paid
1575,1980,Ледяной плащ,battlepass,epic,21.02.2026 17:44:00,15.54,NaN,paid
1576,1980,Ледяной плащ,battlepass,EPIC,2026-01-31 04:08:00,15.54,,paid
1577,1980,Костяной печать,battlepass,common,08.03.2026 23:51:00,12.41,NaN,paid
1578,1980,Багровый сундук,booster,legendary,2026-02-09 18:35:00,2.46,,paid
1579,1980,Изумрудный плащ,currency,common,09.02.2026 22:42:00,35.52,WELCOME15,paid
1580,1980,Ледяной рог,battlepass,common,2026-02-18 23:07:00,"13,34",-,paid
1581,1980,Ледяной перчатки,battlepass,epic,2026-02-24 15:06:00,11.49,,paid
1582,1980,Ледяной рог,battlepass,common,2026-02-05 04:21:00,12.01,SPRING10,paid
1583,1980,Древний посох,cosmetic,epic,2026-01-28 19:51:00,4.91,,paid
1584,1980,Терновый сундук,booster,epic,2026-03-01 11:20:00,5.20,,paid
1585,1980,Тенистый фонарь,battlepass,rare,2026-01-27 16:36:00,14.65,AUTUMN25,paid
1586,1980,Костяной венец,currency,common,02.02.2026 21:52:00,95.16,,paid
1587,1980,Золочёный рог,currency,common,27.01.2026 08:05:00,74.57,,paid
1588,1980,Багровый фонарь,booster,common,2026-01-28 22:29:00,9.82,н/д,paid
1589,1980,Ледяной рог,battlepass,COMMON,2026-01-26 16:17:00,13.34 USD,,paid
1590,1980,Ледяной перчатки,battlepass,epic,2026-01-31 14:12:00,11.49,,paid
1591,1980,Костяной перчатки,battlepass,rare,2026-02-17 09:03:00,"16,91",null,paid
1592,1980,Костяной венец,currency,common,2026-01-28 00:51:00,95.16,,paid
1593,1980,Тенистый рог,cosmetic,epic,2026-02-04 15:53:00,11.87,,paid
1594,1980,Ледяной перчатки,battlepass,EPIC,2026-02-18 08:25:00,11.49,null,paid
1595,1980,Медный амулет,cosmetic,common,24.01.2026 20:19:00,6.07,AUTUMN25,paid
1596,1980,Костяной клинок,cosmetic,common,2026-02-02 02:01:00,13.34,AUTUMN25,paid
1597,1980,Медный перчатки,currency,rare,2026-02-03 16:46:00,60.54,,paid
1598,1980,Ржавый амулет,currency,common,2026-02-02 09:20:00,"38,74",AUTUMN25,paid
1599,1980,Ледяной амулет,booster,RARE,2026-02-15 10:46:00,4.52,-,paid
1600,1980,Пепельный рог,booster,epic,2026-01-30 06:21:00,7.12,null,paid
1601,1980,Ледяной рог,battlepass,COMMON,2026-02-24 13:08:00,13.34 USD,,paid
1602,1980,Золочёный посох,booster,rare,2026-02-10 19:01:00,1.69,null,paid
1603,1980,Костяной венец,currency,common,23.02.2026 21:10:00,95.16,,paid
1604,1980,Терновый рог,bundle,epic,24.01.2026 17:01:00,17.39,null,paid
1605,1980,Ледяной перчатки,battlepass,epic,2026-02-15 21:55:00,11.49,NaN,paid
1606,1980,Багровый печать,currency,legendary,2026-03-11 13:09:00,51.22,,paid
1607,1980,Тенистый посох,bundle,common,2026-01-28 23:53:00,17.19,н/д,paid
1608,1980,Тенистый рог,cosmetic,epic,2026-02-12 11:52:00,11.87,,paid
1609,1980,Лунный венец,currency,epic,2026-03-11 08:29:00,31.36,-,paid
1610,1980,Золочёный посох,booster,rare,04.02.2026 01:05:00,"1,69",NaN,paid
1611,1980,Золочёный рог,currency,common,2026-03-06 22:41:00,74.57,-,paid
1612,1980,Ледяной плащ,battlepass,epic,2026-03-02 13:46:00,15.54,н/д,paid
1613,1980,Ржавый фонарь,battlepass,rare,2026-01-24 01:41:00,10.83,NaN,paid
1614,1980,Костяной венец,currency,common,09.02.2026 02:02:00,95.16,null,paid
1615,1980,Ржавый плащ,currency,legendary,2026-02-11 15:20:00,60.75,,paid
1616,1980,Лунный венец,currency,epic,27.01.2026 03:56:00,31.36,,paid
1617,1980,Ледяной рог,battlepass,common,2026-02-28 05:36:00,10.67,RETURN20,paid
1618,1980,Ледяной перчатки,battlepass,epic,24.01.2026 07:06:00,"9,19",RETURN20,paid
1619,1980,Костяной посох,currency,common,2026-02-12 23:14:00,25.19,RETURN20,paid
1620,1980,Ледяной плащ,battlepass,epic,2026-03-05 18:49:00,15.54,,paid
1621,1980,Тенистый клинок,bundle,legendary,04.03.2026 04:46:00,70.79,,paid
1622,1980,Терновый печать,booster,rare,2026-02-13 09:40:00,7.48,,paid
1623,1980,Изумрудный печать,cosmetic,common,2026-01-31 21:32:00,21.79,,paid
1624,1980,Ржавый компас,bundle,common,01.03.2026 22:15:00,53.98,NaN,paid
1625,1980,Багровый плащ,currency,epic,2026-02-17 08:14:00,75.44 USD,,paid
1626,1980,Костяной клинок,cosmetic,common,2026-03-04 11:52:00,12.45 USD,WINTER30,paid
1627,1980,Изумрудный посох,booster,common,2026-01-25 10:58:00,"6,73",,paid
1628,1980,Пепельный рог,booster,epic,2026-02-02 00:41:00,7.12 USD,null,refunded
1629,1980,Костяной венец,currency,common,28.02.2026 13:40:00,95.16 USD,-,paid
1630,1980,Терновый рог,bundle,epic,2026-03-10 13:09:00,17.39,,paid
1631,1980,Золочёный посох,booster,RARE,2026-01-24 23:04:00,1.35,RETURN20,paid
1632,1980,Медный маска,battlepass,common,2026-03-09 22:29:00,11.25,,paid
1633,1980,Лунный венец,currency,epic,2026-01-30 01:39:00,28.22,SPRING10,paid
1634,1980,Ржавый фонарь,battlepass,rare,2026-03-07 05:54:00,10.83,null,paid
1635,1980,Ржавый печать,cosmetic,epic,05.02.2026 11:52:00,11.54,WINTER30,paid
1636,1980,Костяной венец,currency,common,08.03.2026 17:02:00,95.16,н/д,paid
1637,1980,Костяной венец,currency,COMMON,2026-03-08 13:36:00,95.16,NaN,paid
1638,1980,Костяной рог,currency,rare,2026-02-11 07:17:00,28.86,NaN,paid
1639,1980,Ледяной рог,battlepass,common,25.01.2026 12:39:00,13.34,null,paid
1640,1980,Ржавый амулет,currency,common,2026-02-14 22:15:00,51.66,,paid
1641,1980,Ржавый фонарь,battlepass,rare,2026-02-19 20:11:00,9.21,WELCOME15,paid
1642,1980,Пепельный печать,battlepass,common,06.02.2026 02:16:00,10.54,,paid
1643,1980,Древний венец,cosmetic,common,24.01.2026 06:26:00,7.99,-,paid
1644,1980,Терновый сундук,booster,epic,2026-02-22 08:16:00,5.20 USD,-,paid
1645,1980,Багровый сундук,booster,legendary,21.07.2026 00:00:00,"2,09",WELCOME15,refunded
1646,1980,Костяной венец,currency,common,2026-01-27 00:20:00,95.16,-,paid
1647,1980,Ледяной плащ,battlepass,epic,2026-02-15 04:44:00,13.99,SPRING10,paid
1648,1980,Костяной посох,currency,common,30.01.2026 07:46:00,31.49,,paid
1649,1980,Ледяной плащ,battlepass,epic,2026-02-24 20:05:00,15.54,NaN,paid
1650,1980,Тенистый рог,cosmetic,epic,2026-01-24 12:08:00,10.09,WELCOME15,paid
1651,1980,Тенистый посох,bundle,common,24.02.2026 18:15:00,17.19,,paid
1652,1980,Пепельный рог,booster,epic,2026-02-05 08:43:00,"5,34",AUTUMN25,paid
1653,1980,Терновый печать,booster,rare,2026-03-05 16:21:00,7.48,NaN,paid
1654,1980,Медный маска,battlepass,common,07.02.2026 01:31:00,"9,00",RETURN20,paid
1655,1980,Золочёный посох,booster,rare,2026-01-31 09:46:00,1.69,-,paid
1656,1980,Ржавый амулет,currency,common,18.02.2026 09:44:00,51.66,NaN,paid
1657,1980,Ледяной рог,battlepass,common,2026-01-31 08:18:00,13.34,,paid
1658,1980,Золочёный рог,currency,COMMON,02.02.2026 15:28:00,74.57 USD,NaN,paid
1659,1980,Изумрудный маска,booster,legendary,2026-01-29 09:54:00,8.24,н/д,paid
1660,1980,Золочёный посох,booster,rare,2026-01-28 23:45:00,1.69,,paid
1661,1980,Тенистый фонарь,battlepass,rare,2026-02-11 23:23:00,19.53,NaN,paid
1662,1980,Ржавый печать,cosmetic,epic,2026-02-12 20:15:00,16.49,-,paid
1663,1980,Изумрудный плащ,currency,common,2026-02-25 14:45:00,41.79,NaN,paid
1664,1980,Тенистый рог,cosmetic,epic,2026-02-01 13:48:00,11.87 USD,н/д,paid
1665,1980,Изумрудный сундук,booster,common,2026-02-10 07:36:00,6.33 USD,NaN,paid
1666,1980,Медный посох,booster,common,2026-01-25 20:06:00,8.61,NaN,paid
1667,1980,Костяной венец,currency,common,14.02.2026 18:24:00,95.16,-,paid
1668,1980,Багровый сундук,booster,legendary,2026-02-28 03:43:00,2.46,-,paid
1669,1980,Лунный плащ,cosmetic,common,2026-03-04 06:50:00,21.65,null,paid
1670,1980,Лунный плащ,cosmetic,common,17.02.2026 08:01:00,21.65,null,paid
1671,1980,Изумрудный перчатки,booster,EPIC,2026-02-03 06:05:00,5.13,AUTUMN25,paid
1672,1980,Ржавый амулет,currency,common,2026-02-03 20:52:00,36.16,WINTER30,paid
1673,1980,Ржавый фонарь,battlepass,rare,2026-01-26 17:07:00,7.58,WINTER30,paid
1674,1980,Медный посох,booster,common,2026-02-02 09:49:00,8.61,,paid
1675,1980,Тенистый плащ,bundle,epic,05.03.2026 07:00:00,27.96,null,paid
1676,1980,Костяной клинок,cosmetic,common,2026-01-30 03:15:00,17.78,,refunded
1677,1980,Костяной венец,currency,COMMON,23.02.2026 18:52:00,"95,16",н/д,paid
1678,1980,Ледяной плащ,battlepass,epic,2026-03-11 09:32:00,12.43 USD,RETURN20,paid
1679,1980,Костяной рог,currency,rare,24.01.2026 00:42:00,28.86,NaN,paid
1680,1980,Лунный венец,currency,epic,2026-01-30 22:01:00,31.36,null,paid
1681,1980,Медный печать,bundle,rare,03.02.2026 07:27:00,28.87,WELCOME15,paid
1682,1980,Терновый венец,cosmetic,rare,2026-02-26 05:33:00,5.89,н/д,paid
1683,1980,Тенистый рог,cosmetic,epic,2026-02-15 04:06:00,10.68,SPRING10,paid
1684,1980,Изумрудный маска,booster,legendary,01.02.2026 13:38:00,8.24,н/д,paid
1685,1980,Медный амулет,cosmetic,common,2026-01-25 09:29:00,8.10,,paid
1686,1980,Ледяной рог,battlepass,common,2026-02-01 12:10:00,13.34 USD,,paid
1687,1980,Золочёный посох,booster,rare,2026-02-16 01:57:00,1.18,WINTER30,paid
1688,1980,Багровый фонарь,booster,common,2026-01-24 22:14:00,9.82 USD,NaN,paid
1689,1980,Ржавый амулет,currency,common,2026-02-02 21:19:00,51.66,,paid
1690,1980,Терновый венец,cosmetic,rare,30.01.2026 12:31:00,4.12,WINTER30,paid
1691,1980,Изумрудный посох,booster,common,2026-02-03 12:29:00,6.73,,paid
1692,1980,Костяной печать,battlepass,common,2026-02-15 22:31:00,8.69,WINTER30,paid
1693,1980,Пепельный рог,booster,EPIC,2026-03-05 05:22:00,7.12,,paid
1694,1980,Костяной венец,currency,COMMON,2026-02-01 21:35:00,80.89,WELCOME15,paid
1695,1980,Костяной венец,currency,common,01.03.2026 20:26:00,95.16,,paid
1696,1980,Костяной перчатки,battlepass,rare,2026-01-28 20:40:00,16.91,,paid
1697,1980,Костяной венец,currency,common,2026-03-11 23:19:00,95.16,,paid
1698,1981,Багровый сундук,booster,legendary,22.03.2026 11:10:00,2.46,null,paid
1699,2018,Лунный сундук,currency,common,2025-10-08 05:17:00,66.13,SPRING10,paid
1700,2022,Багровый сундук,booster,legendary,2025-09-15 05:46:00,2.46,null,paid
1701,2022,Багровый сундук,booster,LEGENDARY,2025-09-15 15:42:00,2.46,-,paid
1702,2022,Ледяной амулет,booster,rare,15.09.2025 23:59:00,4.52 USD,,paid
1703,2022,Ржавый печать,cosmetic,epic,15.09.2025 19:16:00,16.49,null,paid
1704,2022,Изумрудный плащ,currency,common,15.09.2025 05:12:00,33.43 USD,RETURN20,paid
1705,2022,Древний венец,cosmetic,COMMON,2025-09-15 13:22:00,7.99,-,paid
1706,2022,Золочёный посох,booster,rare,2025-09-15 21:05:00,1.18,WINTER30,paid
1707,2022,Пепельный посох,booster,rare,2025-09-15 10:07:00,6.89,WINTER30,paid
1708,2022,Ледяной плащ,battlepass,epic,2025-09-15 00:44:00,15.54,NaN,paid
1709,2022,Лунный плащ,cosmetic,common,15.09.2025 14:06:00,21.65,н/д,paid
1710,2022,Лунный венец,currency,epic,2025-09-15 15:15:00,31.36,,paid
1711,2022,Тенистый посох,bundle,common,2025-09-15 14:05:00,13.75,RETURN20,paid
1712,2022,Ржавый компас,bundle,common,2025-09-15 04:03:00,"53,98",NaN,paid
1713,2022,Тенистый рог,cosmetic,epic,2025-09-15 03:14:00,11.87,,paid
1714,2022,Медный амулет,cosmetic,common,2025-09-15 22:48:00,6.88,WELCOME15,paid
1715,2022,Ледяной рог,battlepass,COMMON,2025-09-15 14:38:00,13.34,null,paid
1716,2022,Ржавый печать,cosmetic,EPIC,2025-09-15 15:14:00,16.49 USD,,paid
1717,2022,Костяной венец,currency,common,2025-09-15 12:17:00,95.16,NaN,paid
1718,2022,Золочёный перчатки,cosmetic,rare,15.09.2025 22:27:00,18.76,,paid
1719,2022,Изумрудный сундук,booster,common,2025-09-15 13:40:00,4.43,WINTER30,paid
1720,2022,Лунный венец,currency,EPIC,15.09.2025 06:14:00,23.52,AUTUMN25,refunded
1721,2022,Изумрудный сундук,booster,common,2025-09-15 03:10:00,6.33,null,paid
1722,2022,Костяной маска,currency,LEGENDARY,2025-09-15 03:16:00,19.58,WELCOME15,paid
1723,2022,Тенистый посох,bundle,common,2025-09-15 18:15:00,17.19,-,paid
1724,2022,Терновый сундук,booster,epic,15.09.2025 00:55:00,4.16,RETURN20,refunded
1725,2022,Древний сундук,bundle,common,15.09.2025 06:55:00,53.74 USD,-,paid
1726,2022,Золочёный компас,bundle,rare,2025-09-15 19:59:00,"57,62",,paid
1727,2022,Багровый печать,currency,LEGENDARY,15.09.2025 04:28:00,51.22,,paid
1728,2022,Золочёный перчатки,cosmetic,rare,2025-09-15 00:46:00,18.76,,paid
1729,2022,Терновый печать,booster,rare,15.09.2025 01:21:00,7.48,н/д,paid
1730,2022,Ледяной плащ,battlepass,epic,2025-09-15 03:47:00,15.54,null,paid
1731,2022,Тенистый фонарь,battlepass,rare,2025-09-15 14:02:00,16.60,WELCOME15,paid
1732,2022,Тенистый посох,bundle,common,2025-09-15 03:58:00,12.03,WINTER30,paid
1733,2022,Ледяной перчатки,battlepass,epic,2025-09-15 19:48:00,11.49,-,paid
1734,2022,Костяной венец,currency,common,2025-09-15 11:15:00,95.16,NaN,paid
1735,2022,Багровый плащ,currency,epic,2025-09-15 02:31:00,NaN,-,paid
1736,2037,Пепельный плащ,currency,common,2026-01-27 12:17:00,54.75,,paid
1737,2037,Лунный венец,currency,epic,27.01.2026 08:09:00,26.66,WELCOME15,paid
1738,2050,Багровый сундук,booster,legendary,2026-04-28 07:59:00,"2,46",-,paid
1739,2051,Медный печать,bundle,rare,2025-10-15 11:48:00,"33,96",,paid
1740,2058,Ледяной плащ,battlepass,epic,2026-02-16 22:04:00,12.43,RETURN20,paid
1741,2058,Терновый рог,bundle,epic,2026-02-13 03:45:00,17.39 USD,-,paid
1742,2060,Багровый сундук,booster,legendary,2026-05-14 02:28:00,2.46,,paid
1743,2067,Ледяной плащ,battlepass,epic,2025-09-23 10:45:00,15.54,,paid
1744,2067,Ледяной рог,battlepass,common,2025-10-03 00:05:00,13.34,NaN,paid
1745,2067,Ледяной плащ,battlepass,EPIC,19.09.2025 05:21:00,11.65,AUTUMN25,paid
1746,2067,Ржавый фонарь,battlepass,RARE,2025-10-01 01:57:00,9.21,WELCOME15,paid
1747,2068,Костяной венец,currency,common,2026-01-19 03:24:00,95.16,,paid
1748,2068,Тенистый фонарь,battlepass,rare,2026-01-18 19:19:00,"19,53",,paid
1749,2108,Костяной печать,battlepass,common,2025-09-16 16:42:00,8.69,WINTER30,paid
1750,2108,Ледяной плащ,battlepass,epic,2025-10-12 23:51:00,15.54,NaN,paid
1751,2108,Ржавый печать,cosmetic,epic,2025-12-20 06:08:00,11.54,WINTER30,paid
1752,2108,Костяной венец,currency,common,2025-12-11 04:27:00,95.16,,paid
1753,2108,Тенистый посох,bundle,common,23.10.2025 04:20:00,17.19,null,paid
1754,2108,Ледяной маска,cosmetic,common,2025-12-17 06:42:00,7.82,null,paid
1755,2127,Ржавый печать,cosmetic,epic,26.12.2025 15:16:00,14.84 USD,SPRING10,paid
1756,2127,Золочёный компас,bundle,RARE,2025-12-28 02:11:00,"57,62",,paid
1757,2131,Ледяной рог,battlepass,common,2025-12-10 04:23:00,13.34,null,paid
1758,2131,Золочёный компас,bundle,rare,2025-12-13 12:16:00,57.62,-,paid
1759,2131,Тенистый рог,cosmetic,EPIC,2025-12-10 15:52:00,8.90,AUTUMN25,paid
1760,2146,Костяной венец,currency,common,2026-04-28 01:47:00,95.16,н/д,paid
1761,2152,Тенистый рог,cosmetic,epic,2026-06-25 19:09:00,11.87 USD,,paid
1762,2152,Ледяной плащ,battlepass,epic,27.06.2026 20:16:00,13.99,SPRING10,paid
1763,2158,Костяной венец,currency,common,14.04.2026 14:01:00,95.16,NaN,paid
1764,2165,Лунный плащ,cosmetic,common,31.12.2025 16:41:00,21.65 USD,н/д,paid
1765,2165,Ледяной плащ,battlepass,epic,2025-12-22 14:04:00,15.54,,paid
1766,2165,Пепельный рог,booster,epic,2025-12-27 21:56:00,7.12,н/д,paid
1767,2165,Костяной венец,currency,COMMON,2025-12-20 08:09:00,,WELCOME15,paid
1768,2177,Изумрудный перчатки,booster,epic,2025-09-27 04:06:00,5.47,RETURN20,paid
1769,2212,Ржавый печать,cosmetic,EPIC,02.11.2025 06:29:00,16.49,NaN,paid
1770,2216,Тенистый рог,cosmetic,epic,2025-10-28 23:50:00,11.87,null,paid
1771,2223,Древний посох,cosmetic,epic,2026-02-19 14:39:00,4.91,-,paid
1772,2223,Лунный плащ,cosmetic,common,19.02.2026 09:12:00,21.65,н/д,paid
1773,2223,Пепельный компас,booster,epic,2026-02-19 15:24:00,6.67,,paid
1774,2223,Терновый сундук,booster,epic,2026-02-19 09:27:00,5.20 USD,,paid
1775,2223,Багровый сундук,booster,LEGENDARY,2026-02-21 11:41:00,2.46 USD,н/д,paid
1776,2223,Пепельный компас,booster,epic,2026-02-19 01:07:00,6.67,,paid
1777,2223,Ржавый фонарь,battlepass,RARE,2026-02-19 10:02:00,9.75,SPRING10,paid
1778,2223,Золочёный посох,booster,RARE,2026-02-20 05:09:00,1.69,-,paid
1779,2223,Золочёный посох,booster,rare,2026-02-19 06:15:00,1.69,,paid
1780,2223,Терновый рог,bundle,epic,19.02.2026 18:08:00,17.39,,paid
1781,2223,Тенистый фонарь,battlepass,rare,21.02.2026 19:35:00,19.53,-,paid
1782,2251,Тенистый венец,currency,common,2026-05-03 10:47:00,56.47,null,paid
1783,2251,Древний венец,cosmetic,COMMON,2026-05-24 03:34:00,7.99,н/д,paid
1784,2251,Ледяной рог,battlepass,COMMON,15.05.2026 05:40:00,13.34,null,paid
1785,2251,Медный маска,battlepass,common,2026-05-13 01:58:00,11.25,н/д,paid
1786,2256,Ледяной рог,battlepass,common,2025-11-19 14:18:00,13.34,н/д,paid
1787,2256,Ледяной плащ,battlepass,epic,2025-11-17 07:56:00,15.54,null,paid
1788,2256,Костяной посох,currency,COMMON,2025-11-12 07:40:00,28.34,SPRING10,paid
1789,2260,Золочёный посох,booster,RARE,26.05.2026 06:59:00,1.69,null,paid
1790,2266,Золочёный перчатки,cosmetic,RARE,2026-06-20 14:15:00,15.01,RETURN20,paid
1791,2266,Древний посох,cosmetic,EPIC,2026-05-24 02:50:00,4.91,,paid
1792,2266,Терновый рог,bundle,epic,18.06.2026 19:10:00,13.04,AUTUMN25,paid
1793,2266,Медный маска,battlepass,common,2026-06-02 23:56:00,10.12,SPRING10,paid
1794,2266,Золочёный перчатки,cosmetic,rare,2026-06-18 14:20:00,14.07,AUTUMN25,paid
1795,2286,Костяной печать,battlepass,common,01.01.2026 21:35:00,11.17,SPRING10,paid
1796,2286,Лунный венец,currency,epic,04.02.2026 03:03:00,25.09,RETURN20,paid
1797,2286,Тенистый венец,currency,common,04.11.2025 03:26:00,56.47,,paid
1798,2286,Костяной посох,currency,common,2025-11-20 20:52:00,31.49,,paid
1799,2286,Пепельный посох,booster,rare,13.11.2025 17:49:00,9.85,,paid
1800,2286,Ледяной плащ,battlepass,EPIC,2025-10-28 15:18:00,15.54,NaN,paid
1801,2286,Ржавый амулет,currency,common,2026-04-13 13:03:00,51.66,н/д,paid
1802,2286,Тенистый клинок,bundle,LEGENDARY,11.11.2025 15:07:00,70.79,null,paid
1803,2286,Тенистый плащ,bundle,epic,2025-12-31 12:00:00,27.96,,paid
1804,2286,Лунный венец,currency,epic,10.03.2026 21:37:00,25.09,RETURN20,paid
1805,2310,Золочёный сундук,booster,epic,2026-06-26 15:00:00,"6,88",WINTER30,paid
1806,2328,Терновый печать,booster,rare,2026-04-07 02:08:00,6.73,SPRING10,paid
1807,2328,Костяной посох,currency,common,2026-03-05 15:25:00,31.49,NaN,paid
1808,2328,Терновый сундук,booster,EPIC,19.02.2026 20:32:00,3.90,AUTUMN25,paid
1809,2328,Багровый фонарь,booster,common,2026-04-03 10:37:00,8.35,WELCOME15,paid
1810,2361,Ледяной плащ,battlepass,epic,2025-10-04 08:33:00,10.88,WINTER30,paid
1811,2361,Ледяной маска,cosmetic,common,2025-10-03 00:45:00,7.82,null,paid
1812,2361,Золочёный сундук,booster,epic,05.10.2025 14:58:00,9.83,null,paid
1813,2371,Ржавый компас,bundle,common,2025-09-18 10:03:00,45.88,WELCOME15,paid
1814,2371,Костяной венец,currency,common,2025-09-15 18:00:00,95.16,NaN,paid
1815,2371,Терновый сундук,booster,epic,18.09.2025 22:36:00,5.20,н/д,paid
1816,2371,Пепельный посох,booster,rare,2025-09-15 00:09:00,9.85,,paid
1817,2371,Ледяной плащ,battlepass,epic,2025-09-16 03:03:00,,NaN,paid
1818,2371,Терновый печать,booster,rare,2025-09-19 09:07:00,7.48,н/д,paid
1819,2371,Лунный венец,currency,EPIC,2025-09-15 15:11:00,21.95 USD,WINTER30,paid
1820,2371,Медный печать,bundle,rare,2025-09-17 22:11:00,33.96,-,paid
1821,2371,Терновый венец,cosmetic,rare,2025-09-14 03:45:00,5.89,null,paid
1822,2379,Изумрудный плащ,currency,COMMON,2026-03-15 19:10:00,35.52,WELCOME15,paid
1823,2379,Ржавый амулет,currency,common,2026-03-22 12:04:00,51.66,NaN,paid
1824,2379,Ледяной рог,battlepass,common,2026-06-20 06:56:00,13.34,,paid
1825,2379,Терновый венец,cosmetic,RARE,12.03.2026 21:52:00,5.89,null,paid
1826,2379,Костяной венец,currency,common,2026-03-10 14:54:00,95.16,null,paid
1827,2379,Костяной венец,currency,common,2026-04-23 04:10:00,95.16,,paid
1828,2379,Багровый плащ,currency,epic,2026-05-25 14:46:00,75.44,,paid
1829,2379,Тенистый рог,cosmetic,epic,01.04.2026 16:29:00,11.87,н/д,paid
1830,2379,Ледяной рог,battlepass,COMMON,18.04.2026 17:48:00,13.34,NaN,paid
1831,2379,Тенистый фонарь,battlepass,rare,2026-03-14 08:52:00,19.53,null,paid
1832,2390,Лунный венец,currency,epic,2025-11-27 02:08:00,31.36,н/д,paid
1833,2449,Ледяной амулет,booster,rare,2025-12-12 11:02:00,3.16 USD,WINTER30,paid
1834,2449,Лунный сундук,currency,COMMON,2025-12-01 12:48:00,73.48,NaN,paid
1835,2449,Терновый рог,bundle,epic,2025-12-05 23:17:00,17.39,null,paid
1836,2468,Золочёный посох,booster,rare,13.11.2025 15:44:00,1.52,SPRING10,paid
1837,2468,Костяной посох,currency,common,2025-11-05 18:00:00,31.49,н/д,paid
1838,2473,Ледяной рог,battlepass,common,2026-02-13 00:09:00,13.34,н/д,paid
1839,2473,Пепельный плащ,currency,common,2026-02-16 16:28:00,54.75,н/д,paid
1840,2473,Костяной венец,currency,common,2026-02-15 08:08:00,95.16,,paid
1841,2473,Лунный плащ,cosmetic,common,2026-02-16 14:17:00,21.65,,paid
1842,2473,Тенистый плащ,bundle,EPIC,2026-02-19 03:03:00,27.96,null,paid
1843,2473,Пепельный посох,booster,rare,2026-02-20 05:07:00,9.85,н/д,paid
1844,2473,Ледяной плащ,battlepass,epic,2026-07-12 00:00:00,13.21,WELCOME15,paid
1845,2473,Костяной венец,currency,common,2026-02-13 10:44:00,95.16,,paid
1846,2473,Багровый сундук,booster,LEGENDARY,2026-02-12 08:58:00,2.46,NaN,paid
1847,2473,Костяной венец,currency,common,2026-02-12 16:22:00,71.37,AUTUMN25,paid
1848,2487,Золочёный компас,bundle,rare,2025-11-08 01:36:00,48.98,WELCOME15,paid
1849,2487,Тенистый фонарь,battlepass,rare,2025-11-11 16:50:00,19.53,-,paid
1850,2488,Багровый сундук,booster,legendary,2025-10-23 14:15:00,2.46 USD,null,paid
1851,2490,Ржавый компас,bundle,common,2025-10-16 16:24:00,53.98,,paid
1852,2490,Золочёный сундук,booster,EPIC,2025-10-16 17:47:00,9.83,,refunded
1853,2490,Золочёный посох,booster,rare,2025-10-16 13:40:00,1.27,AUTUMN25,paid
1854,2490,Тенистый фонарь,battlepass,rare,2025-10-16 14:15:00,"19,53",,paid
1855,2518,Ледяной перчатки,battlepass,epic,2025-09-04 15:23:00,10.34,SPRING10,paid
1856,2522,Медный маска,battlepass,common,2026-06-13 03:58:00,11.25,н/д,refunded
1857,2528,Лунный венец,currency,epic,24.01.2026 04:18:00,26.66,WELCOME15,paid
1858,2528,Тенистый рог,cosmetic,EPIC,2026-04-08 22:27:00,10.68,SPRING10,paid
1859,2529,Ржавый амулет,currency,common,16.10.2025 17:30:00,51.66,-,paid
1860,2529,Ледяной перчатки,battlepass,epic,2025-10-09 19:20:00,9.19 USD,RETURN20,paid
1861,2529,Медный печать,bundle,rare,31.10.2025 05:50:00,33.96,-,paid
1862,2529,Изумрудный маска,booster,legendary,2025-10-19 20:01:00,8.24,,paid
1863,2529,Ледяной плащ,battlepass,epic,2025-11-01 12:36:00,15.54,-,paid
1864,2529,Тенистый фонарь,battlepass,rare,2025-10-12 02:34:00,19.53,,paid
1865,2529,Пепельный печать,battlepass,common,08.10.2025 16:57:00,10.54,н/д,paid
1866,2529,Золочёный компас,bundle,rare,2025-10-25 08:58:00,57.62,,paid
1867,2529,Тенистый рог,cosmetic,epic,08.10.2025 03:21:00,9.50,RETURN20,paid
1868,2529,Древний венец,cosmetic,common,10.10.2025 22:36:00,н/д,,paid
1869,2529,Золочёный посох,booster,RARE,2025-10-09 07:11:00,1.52,SPRING10,paid
1870,2529,Костяной печать,battlepass,common,2025-10-08 23:36:00,12.41,,paid
1871,2529,Костяной венец,currency,common,2025-10-08 09:08:00,95.16,null,paid
1872,2529,Медный амулет,cosmetic,common,2025-10-16 07:26:00,8.10,,paid
1873,2529,Медный посох,booster,common,2025-10-13 00:16:00,8.61,,paid
1874,2529,Терновый рог,bundle,epic,2025-10-17 14:32:00,13.91,RETURN20,paid
1875,2529,Ледяной плащ,battlepass,epic,2025-10-10 17:18:00,"15,54",NaN,paid
1876,2529,Костяной венец,currency,COMMON,26.10.2025 19:07:00,95.16 USD,null,paid
1877,2529,Изумрудный маска,booster,legendary,2025-10-24 20:51:00,"7,42",SPRING10,paid
1878,2529,Ржавый амулет,currency,common,2025-10-22 20:52:00,51.66,-,paid
1879,2529,Багровый фонарь,booster,COMMON,2025-10-30 02:50:00,9.82,н/д,paid
1880,2529,Костяной клинок,cosmetic,common,2025-11-02 18:50:00,17.78,,paid
1881,2529,Ржавый печать,cosmetic,epic,11.10.2025 05:08:00,16.49,,paid
1882,2529,Терновый рог,bundle,EPIC,2025-10-24 09:14:00,17.39,,paid
1883,2529,Костяной посох,currency,common,2025-10-08 15:01:00,26.77 USD,WELCOME15,paid
1884,2529,Тенистый рог,cosmetic,epic,2025-10-09 05:26:00,"11,87",,paid
1885,2529,Тенистый рог,cosmetic,EPIC,27.10.2025 19:27:00,"11,87",,paid
1886,2529,Багровый сундук,booster,LEGENDARY,14.10.2025 02:58:00,2.46 USD,,paid
1887,2529,Золочёный перчатки,cosmetic,rare,2025-10-09 22:31:00,18.76,null,paid
1888,2529,Багровый фонарь,booster,common,09.10.2025 13:09:00,"9,82",-,paid
1889,2529,Тенистый фонарь,battlepass,RARE,2025-10-15 05:28:00,19.53,-,paid
1890,2529,Лунный венец,currency,epic,2025-10-16 11:56:00,31.36,,paid
1891,2529,Ледяной плащ,battlepass,epic,2025-10-18 15:49:00,15.54,null,refunded
1892,2529,Изумрудный сундук,booster,common,2025-10-08 03:27:00,"6,33",,paid
1893,2529,Тенистый рог,cosmetic,epic,2025-11-01 23:52:00,9.50,RETURN20,paid
1894,2529,Терновый рог,bundle,EPIC,2025-10-18 21:17:00,"13,91",RETURN20,paid
1895,2529,Тенистый плащ,bundle,EPIC,2025-10-19 23:59:00,27.96,NaN,paid
1896,2529,Золочёный компас,bundle,rare,2025-10-12 08:05:00,57.62,null,paid
1897,2529,Золочёный сундук,booster,epic,2025-11-01 03:39:00,9.83,NaN,paid
1898,2529,Ржавый печать,cosmetic,epic,2025-10-21 03:37:00,16.49 USD,null,paid
1899,2529,Медный амулет,cosmetic,common,2025-10-11 19:29:00,8.10,,paid
1900,2539,Костяной посох,currency,common,2025-10-19 13:09:00,31.49,-,paid
1901,2568,Пепельный плащ,currency,COMMON,2025-12-04 15:30:00,41.06,AUTUMN25,paid
1902,2568,Ледяной рог,battlepass,common,2025-12-03 13:17:00,13.34,-,paid
1903,2568,Ледяной плащ,battlepass,epic,2025-12-03 03:57:00,15.54,null,paid
1904,2568,Ледяной рог,battlepass,common,2025-12-01 11:50:00,13.34,н/д,paid
1905,2576,Терновый рог,bundle,EPIC,2025-09-10 02:37:00,13.04,AUTUMN25,paid
1906,2577,Ледяной перчатки,battlepass,EPIC,2026-01-18 03:32:00,11.49,,paid
1907,2577,Тенистый рог,cosmetic,epic,2026-01-18 00:32:00,11.87,,paid
1908,2577,Ледяной рог,battlepass,COMMON,2026-01-19 17:34:00,13.34 USD,null,paid
1909,2577,Золочёный посох,booster,rare,2026-01-19 05:55:00,1.35,RETURN20,paid
1910,2577,Ледяной плащ,battlepass,epic,2026-01-18 04:07:00,15.54,,paid
1911,2577,Пепельный компас,booster,epic,18.01.2026 14:18:00,6.67,null,paid
1912,2577,Тенистый посох,bundle,common,2026-01-19 17:23:00,17.19,,paid
1913,2577,Лунный сундук,currency,common,2026-01-18 17:04:00,73.48,,paid
1914,2577,Костяной венец,currency,common,2026-01-18 14:40:00,85.64,SPRING10,paid
1915,2577,Тенистый венец,currency,COMMON,19.01.2026 16:22:00,56.47,,paid
1916,2577,Костяной венец,currency,COMMON,18.01.2026 15:06:00,76.13,RETURN20,paid
1917,2577,Золочёный рог,currency,common,2026-01-19 01:57:00,,,paid
1918,2577,Тенистый рог,cosmetic,epic,2026-01-18 16:04:00,11.87,,paid
1919,2577,Медный маска,battlepass,common,2026-01-18 16:19:00,11.25,NaN,paid
1920,2577,Ржавый компас,bundle,common,2026-01-18 14:48:00,53.98,,paid
1921,2577,Золочёный компас,bundle,rare,2026-01-18 07:59:00,57.62,-,paid
1922,2577,Медный маска,battlepass,common,18.01.2026 16:25:00,11.25,-,paid
1923,2577,Пепельный компас,booster,epic,18.01.2026 19:34:00,6.67,,paid
1924,2577,Костяной венец,currency,common,2026-01-18 16:05:00,95.16,null,paid
1925,2577,Ледяной перчатки,battlepass,epic,2026-01-18 22:01:00,11.49,,paid
1926,2577,Золочёный посох,booster,rare,2026-01-19 07:28:00,1.69,,paid
1927,2577,Костяной венец,currency,common,18.01.2026 13:45:00,"95,16",,paid
1928,2577,Изумрудный перчатки,booster,epic,2026-01-19 14:39:00,6.84,,paid
1929,2577,Костяной печать,battlepass,COMMON,2026-01-18 03:18:00,10.55,WELCOME15,paid
1930,2577,Терновый печать,booster,rare,2026-01-18 13:16:00,7.48 USD,н/д,paid
1931,2577,Тенистый посох,bundle,COMMON,2026-01-18 10:53:00,12.89,AUTUMN25,paid
1932,2600,Ржавый печать,cosmetic,epic,2026-04-09 08:44:00,16.49,,paid
1933,2600,Костяной венец,currency,common,2026-04-02 06:46:00,95.16,-,paid
1934,2600,Золочёный перчатки,cosmetic,rare,18.03.2026 10:43:00,13.13,WINTER30,paid
1935,2600,Ржавый амулет,currency,common,27.04.2026 18:50:00,41.33,RETURN20,paid
1936,2608,Терновый печать,booster,RARE,03.10.2025 16:25:00,"7,48",,paid
1937,2613,Ледяной рог,battlepass,COMMON,2026-02-14 00:26:00,13.34,,paid
1938,2618,Терновый сундук,booster,epic,2026-01-17 22:17:00,5.20,,paid
1939,2657,Терновый рог,bundle,epic,2025-09-11 17:35:00,17.39,,paid
1940,2663,Тенистый рог,cosmetic,epic,2025-11-14 16:58:00,8.31,WINTER30,paid
1941,2663,Костяной венец,currency,common,2025-12-28 05:44:00,95.16,,paid
1942,2663,Тенистый клинок,bundle,LEGENDARY,30.09.2025 15:33:00,53.09,AUTUMN25,paid
1943,2666,Ледяной маска,cosmetic,COMMON,2026-03-24 16:27:00,7.82,NaN,paid
1944,2666,Золочёный посох,booster,RARE,2026-03-24 21:01:00,1.27,AUTUMN25,paid
1945,2666,Терновый рог,bundle,EPIC,2026-03-24 14:41:00,17.39,-,paid
1946,2666,Тенистый венец,currency,common,2026-03-25 20:54:00,56.47,NaN,paid
1947,2666,Ржавый печать,cosmetic,epic,25.03.2026 20:35:00,12.37,AUTUMN25,paid
1948,2672,Ледяной рог,battlepass,common,2025-12-02 04:19:00,13.34,,paid
1949,2672,Костяной печать,battlepass,COMMON,2025-11-17 10:34:00,12.41,NaN,paid
1950,2689,Ржавый компас,bundle,common,2025-12-28 08:50:00,53.98,-,paid
1951,2689,Ледяной рог,battlepass,common,2025-12-28 03:15:00,"13,34",-,paid
1952,2714,Костяной венец,currency,common,2025-09-04 17:00:00,95.16,-,paid
1953,2714,Ржавый плащ,currency,legendary,23.09.2025 18:24:00,60.75,н/д,paid
1954,2714,Костяной печать,battlepass,common,07.09.2025 02:40:00,12.41,,paid
1955,2714,Тенистый рог,cosmetic,EPIC,2025-09-09 07:06:00,11.87,null,paid
1956,2714,Терновый печать,booster,RARE,2025-09-04 09:44:00,7.48,NaN,paid
1957,2714,Золочёный маска,currency,RARE,2025-09-14 22:13:00,33.25,,paid
1958,2714,Ледяной рог,battlepass,COMMON,2025-09-13 07:36:00,13.34,-,paid
1959,2717,Древний венец,cosmetic,common,2026-06-05 18:01:00,7.99,NaN,paid
1960,2723,Медный перчатки,currency,RARE,2026-03-03 05:13:00,60.54,-,paid
1961,2733,Изумрудный плащ,currency,COMMON,2025-11-03 08:33:00,41.79,NaN,paid
1962,2733,Пепельный посох,booster,rare,2025-10-26 19:42:00,9.85,null,paid
1963,2749,Золочёный посох,booster,rare,2026-02-14 06:35:00,1.69,null,paid
1964,2749,Ледяной перчатки,battlepass,epic,2026-02-14 23:53:00,11.49,н/д,paid
1965,2749,Пепельный рог,booster,epic,14.02.2026 21:16:00,7.12,,paid
1966,2749,Терновый рог,bundle,epic,2026-02-14 14:50:00,13.91,RETURN20,paid
1967,2756,Ледяной рог,battlepass,common,2025-09-08 07:02:00,13.34,н/д,paid
1968,2756,Пепельный компас,booster,epic,2025-09-08 08:54:00,6.67,-,paid
1969,2765,Ледяной рог,battlepass,common,2026-02-17 21:42:00,13.34,,paid
1970,2767,Медный амулет,cosmetic,common,2025-11-24 14:05:00,"6,48",RETURN20,paid
1971,2769,Медный амулет,cosmetic,common,2025-11-09 09:34:00,8.10,,paid
1972,2769,Золочёный компас,bundle,rare,12.11.2025 00:08:00,57.62,NaN,paid
1973,2777,Ржавый амулет,currency,common,2025-11-17 18:45:00,51.66,null,paid
1974,2781,Терновый венец,cosmetic,rare,2025-10-16 04:50:00,5.01,WELCOME15,paid
1975,2781,Тенистый фонарь,battlepass,RARE,2025-10-17 19:29:00,14.65,AUTUMN25,paid
1976,2781,Ледяной рог,battlepass,common,2025-10-23 11:17:00,13.34,,paid
1977,2806,Костяной венец,currency,common,2026-01-24 12:41:00,95.16,,paid
1978,2806,Терновый рог,bundle,EPIC,2025-10-03 13:41:00,17.39,NaN,paid
1979,2806,Тенистый рог,cosmetic,EPIC,2025-11-20 17:11:00,9.50,RETURN20,paid
1980,2806,Лунный посох,battlepass,legendary,20.04.2026 11:01:00,10.89,WELCOME15,paid
1981,2806,Ледяной перчатки,battlepass,epic,2026-04-13 08:32:00,11.49,null,paid
1982,2806,Тенистый венец,currency,common,2026-01-13 22:08:00,45.18,RETURN20,paid
1983,2806,Костяной печать,battlepass,common,08.01.2026 09:08:00,12.41,,paid
1984,2828,Ледяной плащ,battlepass,epic,2026-04-20 03:05:00,15.54,,paid
1985,2847,Ледяной рог,battlepass,common,2025-11-18 06:25:00,13.34 USD,,refunded
1986,2852,Ледяной плащ,battlepass,epic,2025-09-27 06:10:00,15.54,,paid
1987,2856,Тенистый рог,cosmetic,epic,2025-10-28 01:19:00,10.09,WELCOME15,paid
1988,2864,Золочёный посох,booster,rare,2026-01-02 17:42:00,1.69,null,paid
1989,2871,Древний сундук,bundle,common,2026-01-26 15:56:00,53.74,,paid
1990,2883,Багровый плащ,currency,epic,2025-09-28 00:23:00,75.44 USD,,paid
1991,2883,Лунный посох,battlepass,legendary,28.09.2025 20:14:00,12.81,,paid
1992,2883,Терновый рог,bundle,epic,2025-09-28 17:02:00,17.39,,paid
1993,2883,Тенистый рог,cosmetic,epic,2025-09-28 07:00:00,11.87,NaN,paid
1994,2883,Костяной рог,currency,rare,2025-09-29 00:37:00,28.86,,paid
1995,2883,Ржавый амулет,currency,common,2025-09-28 20:07:00,51.66,NaN,paid
1996,2883,Ржавый компас,bundle,common,2025-09-28 08:16:00,53.98,,paid
1997,2883,Терновый сундук,booster,epic,2025-09-29 16:40:00,5.20,NaN,paid
1998,2883,Тенистый фонарь,battlepass,rare,2025-09-28 01:43:00,19.53,,paid
1999,2883,Костяной венец,currency,common,2025-09-28 02:10:00,85.64,SPRING10,paid
2000,2883,Костяной печать,battlepass,common,2025-09-28 15:24:00,12.41,,paid
2001,2883,Медный посох,booster,common,28.09.2025 05:40:00,7.75,SPRING10,paid
2002,2883,Древний сундук,bundle,common,28.09.2025 19:53:00,42.99,RETURN20,paid
2003,2883,Пепельный посох,booster,rare,2025-09-29 13:09:00,9.85,н/д,paid
2004,2883,Ледяной плащ,battlepass,epic,28.09.2025 10:05:00,15.54,-,paid
2005,2883,Багровый сундук,booster,legendary,2025-09-29 09:28:00,"1,72",WINTER30,paid
2006,2883,Тенистый фонарь,battlepass,RARE,2025-09-28 05:07:00,null,,paid
2007,2883,Лунный посох,battlepass,LEGENDARY,2025-09-28 17:52:00,9.61,AUTUMN25,paid
2008,2883,Пепельный плащ,currency,common,2025-09-28 05:04:00,54.75 USD,NaN,paid
2009,2883,Медный амулет,cosmetic,COMMON,2025-09-28 10:00:00,8.10 USD,,paid
2010,2883,Костяной венец,currency,common,2025-09-28 13:46:00,66.61,WINTER30,paid
2011,2883,Ледяной рог,battlepass,common,2025-09-29 01:11:00,13.34,,paid
2012,2883,Костяной венец,currency,common,2025-09-29 19:47:00,95.16,null,paid
2013,2883,Ледяной плащ,battlepass,epic,2025-09-29 17:47:00,15.54,NaN,paid
2014,2883,Тенистый рог,cosmetic,epic,2025-09-28 02:08:00,11.87,NaN,paid
2015,2883,Ржавый фонарь,battlepass,rare,28.09.2025 05:31:00,10.83,null,paid
2016,2883,Ледяной рог,battlepass,common,2025-09-28 01:42:00,13.34,,paid
2017,2883,Древний посох,cosmetic,epic,2025-09-29 23:49:00,"3,93",RETURN20,paid
2018,2883,Тенистый рог,cosmetic,epic,2025-09-28 22:58:00,11.87,-,paid
2019,2883,Ледяной рог,battlepass,common,28.09.2025 22:57:00,12.01,SPRING10,paid
2020,2883,Ржавый компас,bundle,common,2025-09-28 22:26:00,53.98,-,paid
2021,2883,Багровый сундук,booster,legendary,2025-09-28 20:15:00,2.46,NaN,paid
2022,2883,Лунный посох,battlepass,legendary,2025-09-28 18:57:00,12.81 USD,,paid
2023,2883,Багровый печать,currency,LEGENDARY,2025-09-28 16:22:00,"51,22",,paid
2024,2883,Костяной венец,currency,common,2025-09-28 03:50:00,95.16,,paid
2025,2883,Ледяной рог,battlepass,COMMON,2025-09-28 09:30:00,13.34,н/д,paid
2026,2883,Золочёный посох,booster,rare,2025-09-29 21:59:00,1.69,null,paid
2027,2883,Тенистый посох,bundle,common,2025-09-28 19:36:00,17.19,,paid
2028,2883,Тенистый посох,bundle,COMMON,2025-09-29 23:21:00,17.19,н/д,paid
2029,2883,Изумрудный сундук,booster,common,2025-09-28 13:45:00,6.33,null,paid
2030,2883,Костяной перчатки,battlepass,rare,2025-09-28 23:32:00,16.91,н/д,paid
2031,2883,Ледяной перчатки,battlepass,EPIC,28.09.2025 23:41:00,11.49,,paid
2032,2883,Изумрудный перчатки,booster,epic,2025-09-29 19:42:00,6.84,н/д,paid
2033,2883,Костяной посох,currency,common,2025-09-28 11:23:00,"31,49",н/д,paid
2034,2883,Лунный плащ,cosmetic,common,2025-09-28 03:42:00,15.15,WINTER30,paid
2035,2883,Ледяной рог,battlepass,COMMON,2025-09-29 12:03:00,10.00,AUTUMN25,paid
2036,2891,Ржавый компас,bundle,common,23.01.2026 23:23:00,53.98,,paid
2037,2891,Костяной венец,currency,common,2025-11-13 10:33:00,95.16 USD,,paid
2038,2891,Костяной рог,currency,RARE,2026-02-20 00:13:00,28.86,,paid
2039,2891,Тенистый рог,cosmetic,EPIC,21.02.2026 06:52:00,11.87,,paid
2040,2894,Пепельный плащ,currency,COMMON,2026-04-04 05:44:00,43.80,RETURN20,paid
2041,2894,Тенистый клинок,bundle,legendary,2026-04-03 21:53:00,70.79,NaN,paid
2042,2894,Ледяной плащ,battlepass,epic,2026-04-04 16:07:00,15.54,-,paid
2043,2919,Костяной печать,battlepass,common,2026-01-27 11:02:00,12.41,н/д,paid
2044,2929,Ржавый печать,cosmetic,epic,2025-12-19 19:29:00,16.49,-,paid
2045,2929,Золочёный посох,booster,rare,2025-12-17 19:17:00,1.69,,paid
2046,2938,Медный маска,battlepass,common,04.04.2026 12:34:00,"11,25",,paid
2047,2953,Ржавый печать,cosmetic,epic,2026-03-25 07:41:00,16.49,,paid
2048,2953,Костяной венец,currency,COMMON,16.04.2026 20:47:00,95.16,,paid
2049,2953,Тенистый плащ,bundle,epic,2026-03-11 18:12:00,27.96 USD,,refunded
2050,2953,Багровый плащ,currency,EPIC,2026-05-07 10:41:00,56.58,AUTUMN25,paid
2051,2953,Костяной маска,currency,LEGENDARY,2026-05-07 14:14:00,23.03,-,paid
2052,2953,Лунный посох,battlepass,legendary,2026-05-01 19:39:00,12.81,null,paid
2053,2954,Древний венец,cosmetic,common,2026-03-04 22:54:00,7.99,null,paid
2054,2954,Костяной перчатки,battlepass,rare,2026-03-05 01:46:00,16.91,н/д,paid
2055,2954,Костяной венец,currency,common,2026-03-04 16:50:00,95.16,,paid
2056,2968,Ледяной перчатки,battlepass,EPIC,2026-04-24 19:18:00,11.49,,paid
2057,2968,Костяной маска,currency,legendary,2026-04-23 15:14:00,23.03,,paid
2058,2968,Багровый фонарь,booster,common,22.04.2026 18:40:00,9.82,-,paid
2059,2968,Тенистый посох,bundle,COMMON,2026-04-22 22:24:00,17.19,,paid
2060,2968,Ледяной перчатки,battlepass,EPIC,22.04.2026 03:56:00,10.34,SPRING10,paid
2061,2968,Костяной венец,currency,common,22.04.2026 13:51:00,95.16,NaN,paid
2062,2968,Изумрудный плащ,currency,common,2026-04-23 21:21:00,41.79,-,paid
2063,2968,Ледяной плащ,battlepass,epic,2026-04-22 16:22:00,15.54,null,paid
2064,2968,Костяной венец,currency,common,2026-04-23 16:20:00,95.16,NaN,paid
2065,2968,Ледяной рог,battlepass,common,2026-04-24 09:07:00,9.34,WINTER30,paid
2066,2968,Тенистый рог,cosmetic,epic,23.04.2026 13:34:00,11.87,,paid
2067,2968,Золочёный компас,bundle,rare,2026-04-22 07:55:00,57.62,,paid
2068,2968,Багровый фонарь,booster,common,2026-04-22 19:44:00,9.82,-,paid
2069,2968,Тенистый клинок,bundle,legendary,24.04.2026 02:43:00,70.79,н/д,paid
2070,2968,Терновый рог,bundle,EPIC,2026-04-22 02:59:00,17.39,-,paid
2071,2968,Ледяной плащ,battlepass,epic,2026-04-23 09:07:00,"15,54",н/д,paid
2072,2968,Лунный посох,battlepass,legendary,2026-04-24 19:46:00,"12,81",null,paid
2073,2968,Изумрудный перчатки,booster,epic,23.04.2026 23:10:00,6.84,н/д,paid
2074,2968,Костяной печать,battlepass,common,2026-04-22 02:54:00,12.41,,paid
2075,2968,Тенистый рог,cosmetic,epic,22.04.2026 21:27:00,11.87,NaN,paid
2076,2968,Костяной перчатки,battlepass,RARE,22.04.2026 03:23:00,16.91,н/д,paid
2077,2968,Костяной перчатки,battlepass,rare,2026-04-23 01:28:00,"16,91",,paid
2078,2968,Ледяной плащ,battlepass,epic,2026-04-22 22:51:00,15.54,,paid
2079,2968,Костяной венец,currency,common,2026-04-22 05:11:00,66.61,WINTER30,paid
2080,2968,Золочёный посох,booster,rare,22.04.2026 14:14:00,1.69,н/д,paid
2081,2968,Медный амулет,cosmetic,common,23.04.2026 10:01:00,8.10,null,paid
2082,2968,Тенистый фонарь,battlepass,rare,22.04.2026 22:19:00,19.53,,paid
2083,2968,Пепельный плащ,currency,common,2026-04-22 05:21:00,38.32,WINTER30,paid
2084,2968,Тенистый фонарь,battlepass,rare,22.04.2026 20:42:00,19.53,-,paid
2085,2968,Тенистый фонарь,battlepass,rare,22.04.2026 07:23:00,19.53,null,paid
2086,2968,Костяной печать,battlepass,common,2026-04-22 04:00:00,12.41,null,paid
2087,2968,Костяной перчатки,battlepass,rare,23.04.2026 00:49:00,11.84,WINTER30,paid
2088,2968,Ржавый плащ,currency,legendary,2026-04-24 04:39:00,60.75,,paid
2089,2968,Лунный венец,currency,EPIC,2026-04-22 20:34:00,"31,36",null,paid
2090,2968,Пепельный компас,booster,epic,2026-04-22 19:15:00,6.67,,paid
2091,2968,Тенистый фонарь,battlepass,RARE,2026-04-24 07:14:00,19.53,null,paid
2092,2968,Ледяной плащ,battlepass,epic,2026-04-23 08:52:00,13.99,SPRING10,paid
2093,2968,Ледяной маска,cosmetic,common,2026-04-22 11:57:00,7.82,н/д,paid
2094,2968,Ржавый печать,cosmetic,epic,2026-04-22 13:42:00,16.49,-,paid
2095,2972,Багровый сундук,booster,legendary,15.05.2026 16:45:00,2.46,NaN,paid
2096,2972,Костяной венец,currency,common,2026-05-14 03:27:00,95.16,-,paid
2097,2972,Золочёный посох,booster,rare,2026-05-12 05:41:00,1.35,RETURN20,paid
2098,2972,Тенистый венец,currency,common,18.05.2026 04:41:00,56.47,-,paid
2099,2972,Костяной венец,currency,common,2026-05-26 19:01:00,95.16,н/д,paid
2100,2972,Золочёный компас,bundle,rare,2026-05-12 19:32:00,57.62,,paid
2101,2972,Ледяной рог,battlepass,common,15.05.2026 21:44:00,13.34,NaN,paid
2102,2972,Ледяной плащ,battlepass,epic,22.05.2026 09:14:00,15.54,,paid
2103,2972,Костяной печать,battlepass,common,18.05.2026 19:37:00,12.41,,paid
2104,2972,Ржавый амулет,currency,common,2026-05-28 00:09:00,51.66,,paid
2105,2972,Золочёный маска,currency,rare,12.05.2026 05:56:00,33.25,,paid
2106,2972,Терновый венец,cosmetic,rare,2026-05-12 19:31:00,5.89,,paid
2107,2972,Терновый рог,bundle,epic,2026-05-24 05:08:00,17.39 USD,NaN,paid
2108,2972,Пепельный компас,booster,epic,2026-05-27 14:14:00,4.67,WINTER30,paid
2109,2972,Багровый сундук,booster,legendary,15.05.2026 10:56:00,2.46,,paid
2110,2972,Ржавый плащ,currency,legendary,25.05.2026 13:59:00,48.60,RETURN20,paid
2111,2972,Ржавый печать,cosmetic,epic,2026-05-15 18:12:00,16.49,NaN,paid
2112,2972,Изумрудный перчатки,booster,epic,2026-05-20 20:40:00,6.84,NaN,paid
2113,2972,Ржавый печать,cosmetic,epic,2026-05-21 13:46:00,13.19,RETURN20,paid
2114,2972,Тенистый плащ,bundle,epic,2026-05-15 19:02:00,27.96,,paid
2115,2972,Изумрудный маска,booster,legendary,2026-05-12 08:33:00,7.42,SPRING10,paid
2116,2972,Ржавый амулет,currency,common,2026-05-19 13:42:00,51.66,,paid
2117,2972,Багровый плащ,currency,epic,2026-05-12 08:33:00,75.44,,paid
2118,2972,Ржавый амулет,currency,common,2026-05-12 19:38:00,43.91,WELCOME15,paid
2119,2973,Золочёный рог,currency,common,2025-10-04 23:10:00,74.57,,paid
2120,2973,Багровый плащ,currency,epic,03.10.2025 00:45:00,75.44,,paid
2121,2973,Тенистый рог,cosmetic,EPIC,2025-10-04 09:23:00,11.87 USD,,paid
2122,2973,Тенистый рог,cosmetic,epic,04.10.2025 04:43:00,11.87,NaN,paid
2123,2973,Изумрудный перчатки,booster,epic,2025-10-04 12:27:00,6.84,,paid
2124,3009,Ржавый плащ,currency,legendary,2026-06-05 22:16:00,60.75,null,paid
2125,3009,Ржавый амулет,currency,common,2026-05-23 08:59:00,51.66,null,paid
2126,3035,Ржавый амулет,currency,common,2025-10-18 08:25:00,51.66,NaN,paid
2127,3052,Изумрудный перчатки,booster,epic,2026-02-10 19:53:00,6.84,NaN,paid
2128,3052,Костяной рог,currency,rare,2026-02-10 01:21:00,23.09,RETURN20,paid
2129,3052,Ржавый печать,cosmetic,epic,2026-02-10 13:27:00,16.49,null,paid
2130,3060,Древний посох,cosmetic,EPIC,10.01.2026 17:12:00,4.91,NaN,paid
2131,3060,Пепельный печать,battlepass,common,2026-01-09 17:29:00,10.54,,paid
2132,3060,Ржавый амулет,currency,common,2026-01-10 01:10:00,51.66,NaN,paid
2133,3060,Терновый сундук,booster,epic,10.01.2026 05:52:00,5.20,-,paid
2134,3060,Костяной венец,currency,common,2026-01-09 22:01:00,95.16 USD,,paid
2135,3060,Терновый рог,bundle,EPIC,2026-01-09 13:44:00,14.78,WELCOME15,paid
2136,3060,Пепельный печать,battlepass,common,2026-01-09 00:13:00,8.43,RETURN20,paid
2137,3060,Ледяной рог,battlepass,common,09.01.2026 06:44:00,13.34,NaN,paid
2138,3060,Ржавый плащ,currency,legendary,2026-01-09 22:16:00,60.75,,paid
2139,3073,Терновый печать,booster,rare,2025-11-04 23:31:00,7.48,н/д,paid
2140,3073,Ледяной рог,battlepass,common,20.11.2025 01:46:00,13.34,,paid
2141,3073,Золочёный посох,booster,RARE,2025-10-13 00:46:00,1.69,,paid
2142,3073,Терновый сундук,booster,epic,2025-10-23 06:56:00,"5,20",,paid
2143,3089,Костяной печать,battlepass,common,2026-03-23 05:04:00,12.41,,paid
2144,3112,Ледяной перчатки,battlepass,epic,2026-03-21 18:24:00,9.77,WELCOME15,paid
2145,3142,Ледяной рог,battlepass,common,2025-10-03 14:46:00,13.34,,paid
2146,3142,Пепельный плащ,currency,common,03.10.2025 11:58:00,54.75,null,paid
2147,3143,Лунный плащ,cosmetic,common,2025-11-13 03:42:00,21.65,-,paid
2148,3143,Пепельный печать,battlepass,common,2025-12-01 14:35:00,10.54 USD,,paid
2149,3143,Ледяной рог,battlepass,common,2025-11-25 07:22:00,13.34,,paid
2150,3143,Ледяной плащ,battlepass,epic,2025-11-14 17:21:00,15.54,null,paid
2151,3143,Ледяной перчатки,battlepass,epic,2025-11-09 22:32:00,11.49,null,paid
2152,3143,Багровый фонарь,booster,common,2025-10-27 22:33:00,8.35,WELCOME15,paid
2153,3143,Ледяной плащ,battlepass,epic,25.10.2025 22:39:00,15.54,,paid
2154,3162,Терновый венец,cosmetic,RARE,2026-03-06 01:19:00,5.89,-,paid
2155,3162,Пепельный посох,booster,rare,2026-01-24 00:35:00,9.85,,paid
2156,3162,Золочёный рог,currency,common,2026-01-11 21:22:00,74.57,,paid
2157,3171,Пепельный компас,booster,epic,2026-01-20 07:46:00,6.67 USD,,paid
2158,3171,Ледяной рог,battlepass,COMMON,26.01.2026 12:50:00,13.34,,paid
2159,3171,Ледяной плащ,battlepass,EPIC,28.12.2025 10:20:00,15.54,,paid
2160,3171,Ледяной плащ,battlepass,EPIC,2026-01-11 04:53:00,15.54,н/д,paid
2161,3171,Терновый сундук,booster,epic,28.01.2026 13:48:00,4.42,WELCOME15,paid
2162,3172,Терновый печать,booster,RARE,2025-12-13 04:26:00,7.48,NaN,paid
2163,3197,Медный амулет,cosmetic,common,2025-11-17 12:29:00,8.10 USD,null,paid
2164,3197,Ледяной перчатки,battlepass,epic,2025-10-17 13:58:00,11.49 USD,-,paid
2165,3197,Ледяной плащ,battlepass,epic,2025-10-17 15:23:00,15.54,,paid
2166,3197,Терновый венец,cosmetic,rare,2025-12-11 15:33:00,5.89,,paid
2167,3197,Костяной венец,currency,common,2025-10-15 12:43:00,95.16,NaN,paid
2168,3197,Лунный венец,currency,epic,2025-12-22 15:47:00,31.36,н/д,paid
2169,3197,Золочёный маска,currency,rare,2025-10-25 01:58:00,33.25,,paid
2170,3197,Ледяной перчатки,battlepass,epic,2025-10-15 09:55:00,8.62,AUTUMN25,paid
2171,3197,Костяной маска,currency,legendary,2025-10-17 01:43:00,"23,03",NaN,paid
2172,3197,Костяной рог,currency,rare,2026-01-11 20:22:00,28.86,н/д,paid
2173,3197,Древний посох,cosmetic,epic,03.01.2026 10:48:00,4.91,null,paid
2174,3200,Костяной перчатки,battlepass,rare,2026-01-07 21:46:00,16.91 USD,null,paid
2175,3200,Лунный сундук,currency,common,2026-01-07 17:59:00,73.48 USD,null,paid
2176,3200,Золочёный посох,booster,rare,2025-12-18 18:01:00,1.27,AUTUMN25,paid
2177,3200,Ржавый плащ,currency,LEGENDARY,2025-12-16 05:04:00,60.75,н/д,paid
2178,3211,Терновый венец,cosmetic,rare,29.03.2026 09:52:00,5.89,null,refunded
2179,3212,Багровый сундук,booster,legendary,2026-03-01 06:48:00,2.46,,paid
2180,3213,Костяной печать,battlepass,common,2025-12-23 20:29:00,12.41 USD,-,paid
2181,3213,Древний венец,cosmetic,common,2026-01-21 23:09:00,7.99,н/д,paid
2182,3213,Ледяной перчатки,battlepass,epic,29.11.2025 06:42:00,8.04,WINTER30,paid
2183,3213,Костяной клинок,cosmetic,common,2025-12-02 02:41:00,"17,78",,refunded
2184,3213,Древний венец,cosmetic,common,04.12.2025 10:09:00,7.99,,paid
2185,3213,Терновый венец,cosmetic,rare,2026-01-06 00:59:00,5.89,,paid
2186,3218,Изумрудный маска,booster,legendary,2026-02-04 07:30:00,8.24,NaN,paid
2187,3224,Тенистый плащ,bundle,epic,29.10.2025 17:22:00,27.96,,paid
2188,3224,Ледяной плащ,battlepass,epic,2025-10-29 19:53:00,13.21,WELCOME15,paid
2189,3226,Ржавый печать,cosmetic,EPIC,2026-02-05 12:32:00,16.49,NaN,paid
2190,3232,Древний венец,cosmetic,common,2026-06-20 02:00:00,7.99,,paid
2191,3234,Пепельный плащ,currency,common,2025-09-18 13:33:00,54.75,NaN,paid
2192,3234,Ржавый амулет,currency,common,17.09.2025 14:42:00,51.66,н/д,paid
2193,3234,Костяной перчатки,battlepass,rare,2025-09-18 21:20:00,16.91,,paid
2194,3234,Тенистый рог,cosmetic,epic,16.09.2025 00:24:00,11.87,,paid
2195,3234,Костяной печать,battlepass,common,2025-09-16 01:19:00,12.41 USD,,paid
2196,3234,Костяной перчатки,battlepass,rare,16.09.2025 12:57:00,16.91 USD,NaN,paid
2197,3234,Древний венец,cosmetic,COMMON,2025-09-16 02:05:00,7.99,null,paid
2198,3234,Золочёный компас,bundle,rare,16.09.2025 18:46:00,57.62,,paid
2199,3234,Ледяной плащ,battlepass,EPIC,2025-09-16 17:58:00,н/д,-,paid
2200,3234,Костяной маска,currency,legendary,2025-09-16 16:19:00,23.03,,paid
2201,3234,Ледяной плащ,battlepass,epic,16.09.2025 00:50:00,15.54 USD,NaN,paid
2202,3234,Костяной посох,currency,common,2025-09-17 20:47:00,22.04,WINTER30,paid
2203,3234,Ржавый амулет,currency,common,2025-09-16 09:59:00,51.66,-,paid
2204,3234,Костяной венец,currency,COMMON,2025-09-16 04:37:00,95.16,-,paid
2205,3234,Костяной венец,currency,common,16.09.2025 08:02:00,95.16,н/д,paid
2206,3234,Ледяной рог,battlepass,common,2025-09-18 01:09:00,13.34 USD,,paid
2207,3234,Золочёный рог,currency,common,17.09.2025 01:10:00,74.57,,paid
2208,3234,Золочёный рог,currency,common,2025-09-18 13:07:00,74.57,,paid
2209,3234,Древний сундук,bundle,common,2025-09-17 23:50:00,53.74,,paid
2210,3234,Ледяной плащ,battlepass,epic,2025-09-17 21:50:00,15.54,null,paid
2211,3234,Костяной венец,currency,common,17.09.2025 12:40:00,95.16,NaN,paid
2212,3234,Тенистый посох,bundle,common,17.09.2025 03:07:00,13.75,RETURN20,paid
2213,3234,Тенистый клинок,bundle,legendary,2025-09-16 10:29:00,70.79,null,paid
2214,3234,Изумрудный печать,cosmetic,common,2025-09-18 07:12:00,21.79,н/д,paid
2215,3234,Ледяной плащ,battlepass,epic,2025-09-16 08:47:00,15.54,,paid
2216,3234,Ледяной рог,battlepass,common,16.09.2025 04:01:00,13.34,н/д,paid
2217,3234,Ржавый печать,cosmetic,EPIC,2025-09-17 14:03:00,16.49,NaN,paid
2218,3234,Терновый рог,bundle,epic,2025-09-17 00:27:00,17.39 USD,,paid
2219,3234,Терновый сундук,booster,epic,17.09.2025 02:46:00,4.16,RETURN20,paid
2220,3234,Ледяной плащ,battlepass,epic,2025-09-17 02:45:00,15.54,,paid
2221,3234,Золочёный сундук,booster,epic,16.09.2025 09:07:00,7.86,RETURN20,paid
2222,3234,Тенистый плащ,bundle,epic,2025-09-17 21:51:00,22.37,RETURN20,paid
2223,3234,Тенистый фонарь,battlepass,rare,2025-09-16 01:48:00,19.53,null,paid
2224,3234,Изумрудный сундук,booster,common,16.09.2025 19:50:00,6.33,null,paid
2225,3234,Ржавый печать,cosmetic,epic,2025-09-16 19:44:00,16.49,null,paid
2226,3234,Ржавый компас,bundle,common,16.09.2025 19:19:00,"53,98",,paid
2227,3234,Древний сундук,bundle,common,2025-09-18 04:34:00,53.74,NaN,paid
2228,3234,Золочёный посох,booster,rare,2025-09-17 14:21:00,1.69,,paid
2229,3234,Изумрудный сундук,booster,common,2025-09-18 13:41:00,6.33,null,paid
2230,3234,Древний сундук,bundle,common,16.09.2025 07:31:00,53.74,-,paid
2231,3234,Тенистый фонарь,battlepass,rare,2025-09-16 00:54:00,19.53,NaN,paid
2232,3234,Ледяной плащ,battlepass,epic,16.09.2025 00:40:00,13.99,SPRING10,paid
2233,3234,Изумрудный посох,booster,COMMON,2025-09-18 08:13:00,6.73,NaN,paid
2234,3244,Ржавый амулет,currency,common,2025-09-13 01:04:00,43.91,WELCOME15,paid
2235,3244,Медный посох,booster,common,2025-09-21 21:32:00,7.32,WELCOME15,paid
2236,3255,Терновый сундук,booster,epic,2026-04-08 08:18:00,5.20 USD,,paid
2237,3255,Золочёный посох,booster,RARE,2026-01-21 09:46:00,1.69,н/д,paid
2238,3255,Пепельный печать,battlepass,common,2026-02-18 23:41:00,9.49,SPRING10,paid
2239,3255,Ржавый печать,cosmetic,epic,2026-01-23 06:35:00,11.54,WINTER30,paid
2240,3256,Тенистый рог,cosmetic,epic,2026-05-02 13:18:00,11.87,,paid
2241,3256,Костяной венец,currency,common,2026-05-02 01:37:00,95.16 USD,,paid
2242,3256,Пепельный плащ,currency,COMMON,2026-05-06 06:14:00,54.75,null,paid
2243,3256,Золочёный маска,currency,RARE,2026-05-02 05:54:00,,,paid
2244,3256,Тенистый венец,currency,common,2026-05-06 06:02:00,56.47,NaN,paid
2245,3256,Ледяной плащ,battlepass,epic,2026-05-06 20:19:00,15.54,NaN,paid
2246,3256,Костяной венец,currency,COMMON,2026-08-04 00:00:00,80.89,WELCOME15,paid
2247,3256,Лунный плащ,cosmetic,common,2026-05-03 17:44:00,21.65,NaN,paid
2248,3256,Багровый сундук,booster,legendary,2026-05-03 02:41:00,2.46,null,paid
2249,3256,Ледяной перчатки,battlepass,epic,2026-05-03 04:31:00,11.49,,paid
2250,3256,Ледяной плащ,battlepass,epic,2026-05-03 11:29:00,15.54,NaN,paid
2251,3256,Лунный венец,currency,epic,2026-05-03 12:27:00,31.36,,paid
2252,3256,Изумрудный маска,booster,legendary,2026-05-07 21:17:00,8.24,,paid
2253,3256,Багровый печать,currency,legendary,03.05.2026 23:06:00,51.22,,paid
2254,3256,Изумрудный маска,booster,legendary,2026-05-03 13:26:00,8.24,-,paid
2255,3256,Медный маска,battlepass,common,2026-05-09 19:02:00,11.25,,paid
2256,3256,Ледяной маска,cosmetic,common,2026-05-02 17:38:00,7.82,н/д,paid
2257,3256,Ледяной рог,battlepass,common,2026-05-01 16:28:00,9.34,WINTER30,paid
2258,3256,Ледяной рог,battlepass,common,2026-05-03 16:31:00,13.34 USD,null,paid
2259,3256,Ледяной рог,battlepass,common,2026-05-07 09:41:00,13.34,н/д,paid
2260,3256,Древний венец,cosmetic,common,2026-05-01 03:15:00,7.99,н/д,paid
2261,3256,Медный амулет,cosmetic,common,2026-05-02 13:39:00,8.10,NaN,paid
2262,3256,Костяной венец,currency,COMMON,2026-05-08 12:17:00,"95,16",,paid
2263,3256,Костяной посох,currency,common,2026-05-04 23:43:00,31.49,,paid
2264,3256,Пепельный посох,booster,RARE,02.05.2026 21:31:00,9.85,null,paid
2265,3256,Костяной венец,currency,common,2026-05-03 04:52:00,95.16,,paid
2266,3256,Золочёный посох,booster,RARE,2026-05-02 01:54:00,1.69,-,paid
2267,3256,Ледяной плащ,battlepass,epic,2026-05-01 21:11:00,15.54,н/д,paid
2268,3256,Золочёный посох,booster,rare,2026-05-03 13:51:00,1.69,-,paid
2269,3256,Ледяной плащ,battlepass,epic,09.05.2026 20:53:00,13.21,WELCOME15,paid
2270,3256,Древний посох,cosmetic,epic,2026-05-03 00:57:00,3.44,WINTER30,paid
2271,3256,Ледяной амулет,booster,rare,2026-05-07 11:30:00,4.52,-,paid
2272,3256,Костяной посох,currency,common,2026-05-07 20:28:00,31.49,null,paid
2273,3256,Костяной печать,battlepass,common,01.05.2026 06:08:00,12.41,null,paid
2274,3256,Золочёный рог,currency,common,2026-05-05 03:10:00,67.11,SPRING10,paid
2275,3256,Тенистый рог,cosmetic,epic,2026-05-05 08:56:00,11.87,NaN,paid
2276,3256,Древний сундук,bundle,common,2026-05-02 09:14:00,45.68 USD,WELCOME15,paid
2277,3256,Тенистый фонарь,battlepass,rare,2026-05-05 12:38:00,19.53 USD,null,paid
2278,3256,Тенистый рог,cosmetic,EPIC,2026-05-01 11:49:00,11.87,null,paid
2279,3256,Костяной венец,currency,common,2026-05-02 19:09:00,71.37,AUTUMN25,paid
2280,3256,Ледяной рог,battlepass,common,03.05.2026 02:50:00,13.34,-,paid
2281,3256,Багровый сундук,booster,legendary,07.05.2026 05:03:00,2.46,null,paid
2282,3256,Золочёный посох,booster,rare,2026-05-05 21:54:00,1.69,н/д,paid
2283,3256,Золочёный рог,currency,common,2026-05-02 21:56:00,74.57,,paid
2284,3256,Ледяной плащ,battlepass,epic,2026-05-08 13:49:00,15.54,н/д,paid
2285,3256,Терновый рог,bundle,epic,2026-05-01 20:25:00,17.39 USD,,paid
2286,3256,Ледяной плащ,battlepass,epic,2026-05-02 19:34:00,15.54 USD,NaN,paid
2287,3256,Ржавый амулет,currency,common,01.05.2026 23:35:00,43.91,WELCOME15,paid
2288,3256,Костяной маска,currency,legendary,2026-05-09 13:55:00,19.58,WELCOME15,paid
2289,3256,Ледяной перчатки,battlepass,epic,03.05.2026 21:51:00,"11,49",null,paid
2290,3256,Пепельный посох,booster,rare,2026-05-01 08:07:00,9.85,-,paid
2291,3256,Костяной посох,currency,common,2026-05-07 10:42:00,26.77,WELCOME15,paid
2292,3256,Багровый сундук,booster,LEGENDARY,2026-05-01 09:12:00,2.46 USD,,paid
2293,3256,Медный посох,booster,common,01.05.2026 20:35:00,8.61,,paid
2294,3256,Костяной венец,currency,common,01.05.2026 10:52:00,95.16,,paid
2295,3256,Тенистый рог,cosmetic,epic,2026-05-01 16:42:00,10.68,SPRING10,paid
2296,3256,Багровый печать,currency,legendary,03.05.2026 21:44:00,40.98,RETURN20,paid
2297,3256,Ржавый компас,bundle,common,01.05.2026 01:52:00,53.98,NaN,paid
2298,3256,Медный маска,battlepass,common,2026-05-03 09:32:00,7.87,WINTER30,paid
2299,3256,Ледяной перчатки,battlepass,epic,2026-05-04 13:16:00,11.49,,paid
2300,3256,Костяной венец,currency,common,2026-05-05 10:17:00,95.16,,paid
2301,3256,Костяной венец,currency,common,2026-05-03 17:22:00,95.16,-,paid
2302,3256,Медный перчатки,currency,rare,08.05.2026 19:26:00,51.46 USD,WELCOME15,paid
2303,3256,Ржавый печать,cosmetic,epic,2026-05-07 22:57:00,12.37,AUTUMN25,paid
2304,3261,Тенистый плащ,bundle,epic,2026-05-21 11:55:00,27.96,,paid
2305,3261,Ржавый печать,cosmetic,epic,2026-05-05 05:21:00,"16,49",,paid
2306,3271,Ржавый амулет,currency,COMMON,2025-09-04 10:50:00,51.66,,paid
2307,3306,Костяной венец,currency,common,07.11.2025 03:46:00,80.89,WELCOME15,paid
2308,3306,Ледяной рог,battlepass,common,2025-11-28 10:55:00,13.34 USD,-,paid
2309,3313,Ледяной рог,battlepass,common,2025-09-29 13:06:00,13.34,-,paid
2310,3313,Ржавый печать,cosmetic,epic,2025-09-28 21:31:00,11.54,WINTER30,paid
2311,3313,Золочёный посох,booster,rare,28.09.2025 14:33:00,"1,69",,paid
2312,3313,Тенистый плащ,bundle,EPIC,2025-09-28 08:13:00,27.96,-,paid
2313,3313,Медный посох,booster,common,2025-09-29 06:13:00,7.32,WELCOME15,paid
2314,3367,Ледяной рог,battlepass,common,2025-10-19 16:19:00,10.00,AUTUMN25,paid
2315,3367,Пепельный печать,battlepass,common,19.10.2025 07:41:00,10.54,null,paid
2316,3367,Терновый венец,cosmetic,rare,2025-10-19 22:56:00,5.89,,paid
2317,3367,Костяной венец,currency,common,2025-10-19 09:52:00,95.16,null,paid
2318,3367,Тенистый рог,cosmetic,EPIC,2025-10-18 09:05:00,11.87 USD,NaN,paid
2319,3367,Пепельный печать,battlepass,common,2025-10-18 19:06:00,"7,38",WINTER30,paid
2320,3367,Терновый венец,cosmetic,rare,2025-10-18 16:58:00,4.42,AUTUMN25,paid
2321,3367,Ржавый амулет,currency,common,2025-10-18 09:25:00,51.66,NaN,paid
2322,3367,Костяной печать,battlepass,common,2025-10-18 13:23:00,8.69,WINTER30,paid
2323,3367,Костяной венец,currency,COMMON,18.10.2025 23:43:00,95.16 USD,null,paid
2324,3367,Золочёный сундук,booster,epic,2025-10-19 01:33:00,9.83,,paid
2325,3367,Тенистый фонарь,battlepass,rare,2025-10-18 16:44:00,19.53,,paid
2326,3367,Ржавый амулет,currency,common,2025-10-18 07:49:00,51.66,null,paid
2327,3367,Лунный плащ,cosmetic,COMMON,18.10.2025 11:34:00,21.65,-,paid
2328,3367,Ледяной плащ,battlepass,epic,2025-10-18 02:29:00,10.88,WINTER30,paid
2329,3367,Ледяной рог,battlepass,common,2025-10-19 12:42:00,13.34,-,paid
2330,3367,Ледяной плащ,battlepass,epic,18.10.2025 12:07:00,15.54,,paid
2331,3367,Золочёный посох,booster,rare,2025-10-19 12:01:00,1.18,WINTER30,paid
2332,3402,Терновый печать,booster,rare,2026-01-17 22:27:00,7.48,,paid
2333,3402,Тенистый рог,cosmetic,epic,2026-01-17 01:27:00,10.09 USD,WELCOME15,paid
2334,3402,Медный перчатки,currency,rare,2026-01-17 16:23:00,60.54,-,paid
2335,3410,Терновый рог,bundle,epic,2026-05-01 04:15:00,17.39,null,paid
2336,3427,Ледяной перчатки,battlepass,epic,2025-10-16 08:31:00,11.49,-,paid
2337,3427,Лунный венец,currency,epic,2025-10-11 18:12:00,31.36,-,paid
2338,3427,Золочёный посох,booster,rare,15.10.2025 21:03:00,1.69,NaN,paid
2339,3435,Костяной венец,currency,common,2026-03-30 05:15:00,95.16,,paid
2340,3435,Костяной венец,currency,COMMON,30.03.2026 04:18:00,95.16,,paid
2341,3435,Ржавый печать,cosmetic,epic,2026-03-30 19:54:00,16.49,,paid
2342,3435,Пепельный компас,booster,epic,2026-03-30 02:58:00,6.67,,paid
2343,3435,Ржавый амулет,currency,common,2026-03-30 03:59:00,36.16,WINTER30,paid
2344,3435,Ледяной маска,cosmetic,COMMON,2026-03-30 13:05:00,7.82,,paid
2345,3435,Ледяной рог,battlepass,common,30.03.2026 20:51:00,12.01,SPRING10,paid
2346,3435,Ледяной плащ,battlepass,epic,2026-03-30 18:46:00,15.54,-,paid
2347,3435,Ледяной рог,battlepass,common,30.03.2026 16:04:00,11.34,WELCOME15,paid
2348,3435,Ледяной плащ,battlepass,EPIC,2026-03-30 02:00:00,15.54,н/д,paid
2349,3435,Ржавый амулет,currency,COMMON,2026-03-30 00:54:00,51.66,,paid
2350,3435,Костяной посох,currency,common,2026-03-30 14:23:00,31.49,null,paid
2351,3446,Тенистый плащ,bundle,epic,2026-06-05 19:56:00,27.96,,refunded
2352,3461,Пепельный плащ,currency,common,2026-01-25 13:21:00,54.75,,paid
2353,3461,Костяной венец,currency,common,2025-10-17 14:07:00,95.16,,paid
2354,3462,Ржавый плащ,currency,legendary,2026-04-23 03:35:00,"60,75",,paid
2355,3462,Ледяной рог,battlepass,common,15.04.2026 19:49:00,10.67,RETURN20,paid
2356,3487,Багровый сундук,booster,legendary,2026-01-14 05:39:00,2.46,,paid
2357,3488,Изумрудный посох,booster,common,2025-09-02 01:07:00,6.73,null,paid
2358,3488,Костяной венец,currency,common,2025-09-02 19:03:00,85.64,SPRING10,paid
2359,3488,Пепельный посох,booster,RARE,03.09.2025 01:45:00,9.85,,paid
2360,3488,Изумрудный маска,booster,legendary,04.09.2025 01:44:00,8.24 USD,н/д,paid
2361,3488,Терновый сундук,booster,epic,03.09.2025 19:30:00,5.20,,paid
2362,3504,Багровый сундук,booster,legendary,2025-11-05 17:34:00,2.46 USD,н/д,paid
2363,3504,Ледяной плащ,battlepass,EPIC,2025-10-18 12:21:00,15.54,-,paid
2364,3512,Костяной печать,battlepass,common,2026-07-08 00:00:00,9.93,RETURN20,paid
2365,3518,Багровый плащ,currency,epic,2026-04-01 21:40:00,75.44,н/д,paid
2366,3518,Ледяной перчатки,battlepass,EPIC,2026-03-28 03:54:00,9.19,RETURN20,paid
2367,3520,Лунный венец,currency,epic,2026-03-28 10:32:00,31.36,,paid
2368,3520,Терновый печать,booster,rare,2026-03-19 23:10:00,6.73,SPRING10,paid
2369,3520,Терновый сундук,booster,epic,2026-03-29 22:51:00,5.20,-,paid
2370,3525,Ржавый компас,bundle,common,11.03.2026 02:19:00,"53,98",,paid
2371,3546,Пепельный компас,booster,epic,31.10.2025 04:31:00,5.00,AUTUMN25,paid
2372,3551,Терновый сундук,booster,epic,2026-04-18 07:33:00,5.20,null,paid
2373,3553,Тенистый посох,bundle,common,2026-03-14 11:16:00,14.61 USD,WELCOME15,paid
2374,3556,Золочёный посох,booster,rare,08.10.2025 09:54:00,1.69,,paid
2375,3556,Костяной печать,battlepass,common,2025-10-14 11:49:00,11.17,SPRING10,paid
2376,3556,Ледяной рог,battlepass,common,2025-10-08 21:29:00,13.34,-,paid
2377,3556,Терновый рог,bundle,epic,2025-10-15 10:42:00,13.04,AUTUMN25,paid
2378,3556,Багровый фонарь,booster,common,2025-10-09 20:30:00,9.82,н/д,paid
2379,3556,Ржавый амулет,currency,common,14.10.2025 01:18:00,51.66,,paid
2380,3556,Древний посох,cosmetic,epic,2025-10-15 15:25:00,3.93,RETURN20,paid
2381,3568,Ледяной плащ,battlepass,EPIC,2025-09-24 23:50:00,15.54,NaN,paid
2382,3607,Медный посох,booster,common,2025-10-03 17:33:00,8.61,null,paid
2383,3607,Ледяной перчатки,battlepass,epic,2025-10-02 12:11:00,8.04,WINTER30,paid
2384,3607,Золочёный посох,booster,rare,2025-10-02 21:36:00,1.69 USD,н/д,paid
2385,3610,Тенистый посох,bundle,common,2025-11-16 12:32:00,17.19,NaN,paid
2386,3610,Тенистый фонарь,battlepass,rare,16.11.2025 11:29:00,19.53,-,paid
2387,3620,Терновый рог,bundle,epic,2025-09-25 07:17:00,17.39 USD,,paid
2388,3637,Пепельный печать,battlepass,common,2026-02-25 19:01:00,10.54,,paid
2389,3642,Ледяной рог,battlepass,common,24.05.2026 14:29:00,NaN,,paid
2390,3642,Ржавый амулет,currency,COMMON,2026-05-07 02:17:00,51.66,н/д,paid
2391,3654,Костяной венец,currency,COMMON,2026-05-20 16:55:00,95.16,,paid
2392,3654,Медный печать,bundle,RARE,2026-05-16 00:21:00,33.96,null,paid
2393,3654,Багровый сундук,booster,LEGENDARY,15.05.2026 09:34:00,2.46,NaN,paid
2394,3654,Ледяной плащ,battlepass,epic,2026-05-18 05:40:00,15.54,NaN,paid
2395,3654,Медный амулет,cosmetic,COMMON,15.05.2026 11:27:00,8.10,,paid
2396,3654,Ледяной рог,battlepass,common,17.05.2026 04:08:00,10.00,AUTUMN25,paid
2397,3654,Пепельный печать,battlepass,COMMON,2026-05-19 13:13:00,10.54,н/д,paid
2398,3654,Костяной венец,currency,common,18.05.2026 05:54:00,95.16,н/д,paid
2399,3654,Тенистый фонарь,battlepass,rare,2026-05-21 06:36:00,19.53,NaN,paid
2400,3654,Ржавый печать,cosmetic,epic,18.05.2026 18:04:00,16.49,null,paid
2401,3654,Багровый сундук,booster,legendary,2026-05-17 20:31:00,2.46,NaN,paid
2402,3654,Изумрудный печать,cosmetic,common,2026-05-17 08:25:00,21.79,,paid
2403,3654,Медный перчатки,currency,rare,2026-05-17 11:57:00,60.54,н/д,paid
2404,3654,Костяной перчатки,battlepass,rare,2026-05-16 14:37:00,16.91,,paid
2405,3654,Лунный плащ,cosmetic,common,2026-05-21 21:18:00,21.65,,paid
2406,3654,Терновый печать,booster,rare,2026-05-19 17:55:00,7.48,NaN,paid
2407,3654,Золочёный компас,bundle,rare,2026-05-15 13:28:00,57.62,,paid
2408,3654,Древний посох,cosmetic,epic,2026-05-16 15:44:00,4.17,WELCOME15,paid
2409,3654,Костяной рог,currency,rare,2026-05-16 18:32:00,28.86,,paid
2410,3654,Изумрудный посох,booster,common,2026-05-20 00:31:00,н/д,RETURN20,paid
2411,3654,Ледяной рог,battlepass,common,15.05.2026 08:03:00,13.34,,paid
2412,3654,Ледяной плащ,battlepass,EPIC,2026-05-17 03:16:00,"15,54",-,paid
2413,3654,Ледяной перчатки,battlepass,epic,19.05.2026 01:44:00,"11,49",,refunded
2414,3654,Ледяной рог,battlepass,common,2026-05-16 13:17:00,13.34,,paid
2415,3654,Древний посох,cosmetic,epic,2026-05-15 19:21:00,4.91,null,paid
2416,3654,Костяной рог,currency,rare,2026-05-18 17:23:00,23.09,RETURN20,paid
2417,3654,Костяной клинок,cosmetic,COMMON,17.05.2026 22:54:00,17.78,н/д,refunded
2418,3654,Медный амулет,cosmetic,common,2026-05-15 15:49:00,6.88,WELCOME15,paid
2419,3654,Древний посох,cosmetic,EPIC,15.05.2026 21:15:00,4.91,н/д,paid
2420,3654,Терновый рог,bundle,epic,2026-05-17 13:08:00,17.39,null,paid
2421,3654,Багровый сундук,booster,LEGENDARY,2026-05-18 02:04:00,2.46,,paid
2422,3654,Пепельный печать,battlepass,common,2026-05-16 18:02:00,10.54,null,paid
2423,3654,Ледяной рог,battlepass,common,2026-05-16 21:11:00,13.34,null,paid
2424,3654,Тенистый посох,bundle,common,2026-05-19 15:48:00,"17,19",-,paid
2425,3654,Костяной венец,currency,COMMON,17.05.2026 14:07:00,80.89,WELCOME15,paid
2426,3654,Терновый венец,cosmetic,rare,2026-05-18 00:10:00,4.71,RETURN20,paid
2427,3654,Пепельный компас,booster,epic,2026-05-15 10:04:00,6.67,,paid
2428,3654,Костяной венец,currency,common,2026-05-21 09:00:00,95.16,н/д,paid
2429,3654,Терновый рог,bundle,EPIC,2026-05-21 06:17:00,17.39,null,paid
2430,3654,Ржавый печать,cosmetic,epic,2026-05-20 11:53:00,16.49,н/д,paid
2431,3654,Костяной посох,currency,COMMON,15.05.2026 02:06:00,31.49,н/д,paid
2432,3654,Тенистый рог,cosmetic,epic,2026-05-15 23:46:00,11.87,NaN,paid
2433,3654,Терновый венец,cosmetic,rare,2026-05-16 07:09:00,5.89,,paid
2434,3654,Пепельный печать,battlepass,common,2026-05-21 23:05:00,10.54,,paid
2435,3654,Ледяной перчатки,battlepass,epic,2026-05-15 06:29:00,11.49 USD,,paid
2436,3654,Ледяной рог,battlepass,COMMON,2026-05-21 12:56:00,13.34,NaN,paid
2437,3654,Древний сундук,bundle,common,15.05.2026 22:17:00,42.99,RETURN20,paid
2438,3654,Древний посох,cosmetic,epic,2026-05-16 05:03:00,"4,91",,paid
2439,3654,Ледяной плащ,battlepass,epic,2026-05-19 05:40:00,13.99,SPRING10,paid
2440,3654,Медный маска,battlepass,common,2026-05-18 08:37:00,11.25,н/д,paid
2441,3654,Терновый рог,bundle,epic,2026-05-21 21:58:00,17.39,null,paid
2442,3654,Лунный венец,currency,epic,2026-05-16 16:24:00,21.95,WINTER30,paid
2443,3654,Ледяной плащ,battlepass,EPIC,2026-05-15 06:10:00,15.54,-,paid
2444,3654,Багровый плащ,currency,EPIC,2026-05-18 21:28:00,75.44,н/д,paid
2445,3654,Золочёный рог,currency,common,2026-05-20 06:27:00,74.57,null,paid
2446,3654,Ледяной плащ,battlepass,epic,16.05.2026 23:05:00,"15,54",н/д,paid
2447,3654,Тенистый фонарь,battlepass,rare,2026-05-15 01:43:00,19.53,,paid
2448,3654,Багровый плащ,currency,epic,2026-05-16 17:04:00,75.44,,paid
2449,3654,Лунный посох,battlepass,legendary,2026-05-17 04:55:00,12.81,-,paid
2450,3654,Костяной посох,currency,COMMON,2026-05-17 18:11:00,31.49,null,paid
2451,3654,Ржавый амулет,currency,common,19.05.2026 04:47:00,51.66,-,paid
2452,3654,Изумрудный сундук,booster,common,2026-05-19 16:02:00,6.33,,paid
2453,3654,Изумрудный маска,booster,legendary,17.05.2026 13:37:00,8.24,NaN,paid
2454,3654,Костяной венец,currency,common,2026-05-20 07:23:00,95.16,,paid
2455,3654,Золочёный рог,currency,common,15.05.2026 13:43:00,"74,57",null,paid
2456,3654,Ледяной рог,battlepass,COMMON,2026-05-18 10:57:00,"10,00",AUTUMN25,paid
2457,3654,Ледяной плащ,battlepass,epic,2026-05-21 04:27:00,15.54,н/д,paid
2458,3654,Ржавый амулет,currency,common,17.05.2026 17:31:00,51.66,,paid
2459,3654,Пепельный рог,booster,epic,2026-05-18 14:15:00,7.12,null,paid
2460,3654,Костяной венец,currency,common,2026-05-16 07:42:00,76.13,RETURN20,paid
2461,3654,Костяной венец,currency,common,2026-05-21 21:28:00,95.16,н/д,paid
2462,3654,Пепельный печать,battlepass,common,15.05.2026 17:32:00,10.54,null,paid
2463,3654,Костяной венец,currency,common,2026-05-15 14:06:00,95.16,,paid
2464,3654,Багровый сундук,booster,LEGENDARY,2026-05-18 21:04:00,2.46,,paid
2465,3654,Медный перчатки,currency,rare,2026-05-20 04:04:00,60.54,,paid
2466,3654,Костяной печать,battlepass,common,2026-05-16 02:59:00,12.41,,paid
2467,3654,Золочёный сундук,booster,epic,16.05.2026 13:21:00,NaN,WINTER30,paid
2468,3678,Ледяной плащ,battlepass,epic,2026-03-13 00:13:00,15.54,н/д,paid
2469,3685,Багровый сундук,booster,legendary,2025-11-27 04:12:00,2.46,н/д,paid
2470,3685,Изумрудный посох,booster,common,2025-11-18 17:11:00,6.73,,paid
2471,3703,Терновый венец,cosmetic,rare,2026-01-07 11:37:00,5.89 USD,,paid
2472,3703,Ледяной амулет,booster,RARE,2026-04-14 08:53:00,4.52,,paid
2473,3710,Древний сундук,bundle,common,2026-01-01 12:14:00,53.74,,paid
2474,3710,Багровый печать,currency,legendary,2025-12-31 17:00:00,51.22,null,paid
2475,3710,Тенистый фонарь,battlepass,rare,2025-12-31 02:29:00,19.53,,paid
2476,3710,Медный перчатки,currency,rare,31.12.2025 18:30:00,60.54 USD,-,paid
2477,3715,Тенистый фонарь,battlepass,rare,2026-01-02 05:10:00,19.53,null,paid
2478,3720,Ледяной перчатки,battlepass,epic,2026-02-25 14:24:00,9.77,WELCOME15,paid
2479,3720,Изумрудный посох,booster,common,2025-11-24 23:19:00,6.73,,paid
2480,3720,Ледяной перчатки,battlepass,epic,25.02.2026 11:56:00,11.49,,paid
2481,3720,Костяной маска,currency,legendary,2025-12-23 07:21:00,18.42,RETURN20,paid
2482,3726,Костяной посох,currency,common,2026-06-12 06:09:00,31.49,н/д,paid
2483,3732,Ледяной перчатки,battlepass,epic,2026-01-20 21:30:00,"10,34",SPRING10,paid
2484,3732,Изумрудный плащ,currency,common,2026-01-11 08:11:00,41.79,-,paid
2485,3758,Тенистый фонарь,battlepass,rare,2026-01-20 11:05:00,16.60,WELCOME15,paid
2486,3773,Ледяной рог,battlepass,common,2025-11-08 05:28:00,13.34,,paid
2487,3773,Ледяной плащ,battlepass,epic,2025-12-26 18:31:00,15.54,NaN,paid
2488,3773,Костяной венец,currency,common,2026-01-13 14:56:00,95.16,null,paid
2489,3773,Костяной венец,currency,common,03.11.2025 01:01:00,71.37,AUTUMN25,paid
2490,3773,Медный печать,bundle,rare,2026-01-02 16:16:00,33.96,,paid
2491,3773,Костяной венец,currency,common,2025-12-09 08:59:00,95.16,,paid
2492,3773,Пепельный рог,booster,epic,2025-11-05 07:54:00,7.12,null,paid
2493,3773,Изумрудный печать,cosmetic,common,2025-10-31 12:58:00,21.79,,paid
2494,3773,Ржавый фонарь,battlepass,rare,2025-12-23 16:10:00,10.83,,paid
2495,3773,Костяной маска,currency,legendary,2025-10-30 13:23:00,23.03,,paid
2496,3773,Изумрудный сундук,booster,COMMON,2025-12-19 04:18:00,6.33,,paid
2497,3773,Золочёный рог,currency,common,2025-12-14 19:38:00,74.57,null,paid
2498,3773,Древний сундук,bundle,common,2025-11-29 04:31:00,53.74,null,paid
2499,3773,Багровый сундук,booster,legendary,2025-11-05 22:02:00,2.09,WELCOME15,refunded
2500,3773,Ледяной плащ,battlepass,epic,31.10.2025 17:33:00,13.99,SPRING10,paid
2501,3773,Костяной венец,currency,common,2025-11-10 21:07:00,95.16,NaN,paid
2502,3773,Лунный венец,currency,epic,2025-11-03 05:00:00,31.36,null,paid
2503,3773,Костяной венец,currency,COMMON,2025-11-04 09:25:00,95.16 USD,,paid
2504,3773,Золочёный рог,currency,common,2025-11-24 15:31:00,63.38,WELCOME15,paid
2505,3773,Ледяной плащ,battlepass,epic,2025-11-20 05:37:00,15.54,-,paid
2506,3773,Багровый плащ,currency,epic,2025-11-20 22:58:00,64.12,WELCOME15,paid
2507,3773,Изумрудный маска,booster,legendary,18.11.2025 00:52:00,8.24,,paid
2508,3773,Изумрудный сундук,booster,COMMON,2025-12-07 16:51:00,6.33,,paid
2509,3773,Ржавый печать,cosmetic,epic,12.01.2026 10:41:00,16.49,,paid
2510,3773,Древний посох,cosmetic,epic,2025-11-03 12:57:00,4.91,null,paid
2511,3773,Медный маска,battlepass,common,2025-10-30 12:53:00,11.25,,paid
2512,3773,Медный амулет,cosmetic,common,2025-10-31 18:51:00,8.10,null,paid
2513,3773,Терновый сундук,booster,EPIC,2025-11-02 15:13:00,5.20,,paid
2514,3773,Костяной печать,battlepass,common,2025-12-30 14:29:00,12.41,NaN,paid
2515,3773,Ржавый амулет,currency,common,01.11.2025 17:56:00,51.66,,paid
2516,3773,Пепельный посох,booster,rare,2025-12-08 05:44:00,9.85,null,paid
2517,3773,Медный перчатки,currency,RARE,2025-11-24 18:09:00,60.54,,paid
2518,3773,Терновый сундук,booster,epic,31.12.2025 07:35:00,5.20,null,paid
2519,3773,Костяной венец,currency,COMMON,2025-11-02 00:34:00,95.16,н/д,paid
2520,3773,Ледяной рог,battlepass,common,13.12.2025 21:22:00,10.67,RETURN20,paid
2521,3773,Тенистый рог,cosmetic,EPIC,2025-11-02 20:07:00,8.90,AUTUMN25,paid
2522,3773,Ржавый плащ,currency,LEGENDARY,2025-12-03 18:16:00,60.75,-,paid
2523,3773,Костяной венец,currency,common,2025-11-05 16:22:00,95.16,н/д,paid
2524,3773,Костяной венец,currency,common,2025-11-02 07:20:00,95.16,н/д,paid
2525,3773,Медный посох,booster,common,2025-11-17 23:42:00,8.61,NaN,paid
2526,3773,Пепельный компас,booster,epic,2025-11-02 23:53:00,6.67,,paid
2527,3773,Ледяной плащ,battlepass,epic,2025-11-29 01:16:00,15.54,,paid
2528,3773,Ржавый амулет,currency,common,2026-01-18 02:02:00,46.49,SPRING10,paid
2529,3773,Костяной венец,currency,common,2025-11-10 08:16:00,,,paid
2530,3773,Пепельный рог,booster,epic,2025-10-31 08:22:00,7.12,н/д,paid
2531,3773,Багровый сундук,booster,legendary,2025-12-20 20:55:00,2.46,,paid
2532,3773,Древний посох,cosmetic,epic,2025-10-30 01:42:00,4.91,NaN,paid
2533,3773,Золочёный маска,currency,rare,2025-11-24 16:45:00,33.25 USD,н/д,paid
2534,3773,Ледяной рог,battlepass,common,2025-11-11 07:14:00,10.67,RETURN20,paid
2535,3773,Золочёный посох,booster,RARE,12.11.2025 09:36:00,1.18 USD,WINTER30,paid
2536,3773,Золочёный посох,booster,rare,2026-01-05 06:46:00,1.69,н/д,paid
2537,3773,Тенистый плащ,bundle,epic,2025-12-16 05:25:00,27.96,-,paid
2538,3773,Багровый сундук,booster,legendary,02.12.2025 18:13:00,1.84,AUTUMN25,paid
2539,3773,Золочёный перчатки,cosmetic,rare,2025-10-30 08:15:00,18.76,null,paid
2540,3773,Терновый венец,cosmetic,rare,2025-11-07 00:40:00,4.12,WINTER30,paid
2541,3773,Костяной посох,currency,common,2025-11-24 02:20:00,31.49,,paid
2542,3773,Ржавый печать,cosmetic,epic,09.12.2025 00:09:00,11.54,WINTER30,paid
2543,3773,Медный перчатки,currency,rare,2025-10-30 19:12:00,42.38,WINTER30,paid
2544,3773,Костяной печать,battlepass,common,2026-01-05 09:13:00,12.41,,paid
2545,3773,Пепельный печать,battlepass,common,2026-01-02 10:10:00,10.54,,paid
2546,3773,Лунный сундук,currency,common,2025-10-30 18:13:00,55.11,AUTUMN25,paid
2547,3773,Ледяной перчатки,battlepass,epic,2025-11-03 15:08:00,11.49,NaN,paid
2548,3773,Ржавый печать,cosmetic,epic,2026-01-02 05:32:00,16.49,,paid
2549,3773,Золочёный компас,bundle,rare,2025-11-07 02:35:00,57.62,н/д,paid
2550,3773,Медный маска,battlepass,common,02.12.2025 15:30:00,9.56,WELCOME15,paid
2551,3773,Золочёный посох,booster,rare,2025-12-01 02:50:00,1.69,,paid
2552,3773,Пепельный компас,booster,epic,2025-12-09 15:12:00,6.00,SPRING10,paid
2553,3773,Изумрудный печать,cosmetic,common,11.12.2025 04:05:00,21.79,,paid
2554,3778,Ледяной рог,battlepass,COMMON,2025-12-14 19:35:00,"13,34",,paid
2555,3778,Костяной венец,currency,COMMON,14.12.2025 00:02:00,95.16,NaN,paid
2556,3778,Костяной венец,currency,COMMON,2025-12-15 13:19:00,95.16,,paid
2557,3778,Багровый плащ,currency,epic,14.12.2025 23:52:00,75.44,,paid
2558,3778,Костяной посох,currency,common,2025-12-14 00:02:00,23.62,AUTUMN25,paid
2559,3778,Тенистый рог,cosmetic,epic,2025-12-14 19:57:00,8.31,WINTER30,paid
2560,3778,Лунный венец,currency,epic,2025-12-15 01:39:00,31.36 USD,null,paid
2561,3778,Костяной венец,currency,COMMON,15.12.2025 21:19:00,95.16,,paid
2562,3778,Костяной печать,battlepass,common,2025-12-14 11:19:00,12.41 USD,NaN,paid
2563,3778,Золочёный посох,booster,rare,14.12.2025 06:42:00,1.69 USD,,paid
2564,3778,Тенистый посох,bundle,common,2025-12-14 08:43:00,17.19,,paid
2565,3778,Тенистый венец,currency,common,14.12.2025 17:11:00,н/д,н/д,paid
2566,3780,Костяной венец,currency,COMMON,2026-03-25 15:29:00,76.13,RETURN20,paid
2567,3780,Пепельный посох,booster,rare,03.04.2026 17:11:00,"9,85",,paid
2568,3780,Костяной посох,currency,common,2026-04-25 07:12:00,31.49,н/д,paid
2569,3785,Терновый рог,bundle,epic,2025-12-12 21:12:00,17.39,NaN,paid
2570,3785,Багровый фонарь,booster,COMMON,2025-12-12 16:25:00,9.82,null,paid
2571,3785,Изумрудный плащ,currency,common,12.12.2025 18:06:00,41.79,,paid
2572,3785,Тенистый плащ,bundle,epic,2025-12-12 13:04:00,27.96,NaN,paid
2573,3785,Костяной венец,currency,common,2025-12-12 07:16:00,95.16,н/д,paid
2574,3785,Ржавый амулет,currency,common,12.12.2025 03:52:00,46.49,SPRING10,paid
2575,3798,Медный маска,battlepass,common,2025-12-09 13:37:00,8.44,AUTUMN25,paid
2576,3834,Багровый плащ,currency,EPIC,2026-04-08 01:22:00,75.44 USD,null,paid
2577,3834,Пепельный плащ,currency,common,04.04.2026 00:31:00,41.06,AUTUMN25,paid
2578,3834,Костяной венец,currency,common,2026-03-28 06:43:00,95.16,-,paid
2579,3834,Костяной рог,currency,rare,2026-04-10 17:57:00,28.86,н/д,paid
2580,3834,Тенистый фонарь,battlepass,rare,2026-07-26 00:00:00,16.60,WELCOME15,paid
2581,3834,Пепельный плащ,currency,COMMON,27.03.2026 05:12:00,54.75,-,paid
2582,3834,Ледяной амулет,booster,rare,18.04.2026 01:42:00,4.52,null,paid
2583,3834,Ледяной амулет,booster,rare,05.04.2026 21:11:00,4.52,,paid
2584,3834,Тенистый клинок,bundle,legendary,2026-03-26 16:00:00,70.79,,paid
2585,3834,Ржавый амулет,currency,common,2026-04-16 15:22:00,51.66,,paid
2586,3834,Ледяной рог,battlepass,common,2026-03-31 12:58:00,13.34,-,paid
2587,3834,Тенистый фонарь,battlepass,rare,26.03.2026 15:07:00,null,WELCOME15,refunded
2588,3834,Ледяной рог,battlepass,common,26.03.2026 15:54:00,11.34,WELCOME15,paid
2589,3834,Костяной венец,currency,COMMON,2026-04-02 04:06:00,80.89,WELCOME15,paid
2590,3834,Изумрудный перчатки,booster,epic,2026-04-15 08:31:00,6.84,н/д,paid
2591,3834,Тенистый рог,cosmetic,epic,27.03.2026 14:34:00,11.87,NaN,paid
2592,3834,Золочёный маска,currency,rare,2026-03-27 15:21:00,33.25,,paid
2593,3834,Костяной посох,currency,common,2026-04-20 03:32:00,31.49 USD,,paid
2594,3834,Тенистый плащ,bundle,epic,01.04.2026 16:55:00,19.57,WINTER30,paid
2595,3834,Лунный венец,currency,epic,2026-03-29 12:29:00,31.36,,paid
2596,3834,Медный перчатки,currency,rare,2026-03-26 09:46:00,60.54 USD,-,paid
2597,3834,Золочёный маска,currency,rare,2026-04-16 12:09:00,33.25,,paid
2598,3834,Ржавый печать,cosmetic,epic,2026-03-28 01:33:00,16.49,NaN,refunded
2599,3834,Терновый сундук,booster,epic,2026-03-30 20:09:00,5.20,,paid
2600,3834,Золочёный рог,currency,common,2026-03-28 10:58:00,74.57,н/д,paid
2601,3834,Костяной печать,battlepass,common,2026-04-21 10:11:00,"12,41",,paid
2602,3834,Тенистый рог,cosmetic,EPIC,2026-04-05 15:32:00,11.87,NaN,paid
2603,3834,Ржавый амулет,currency,common,2026-03-27 19:41:00,43.91,WELCOME15,paid
2604,3834,Изумрудный маска,booster,legendary,20.04.2026 23:17:00,8.24,null,paid
2605,3834,Пепельный печать,battlepass,common,2026-04-13 13:31:00,10.54,н/д,paid
2606,3834,Терновый рог,bundle,epic,26.03.2026 23:57:00,17.39,null,paid
2607,3834,Ледяной рог,battlepass,common,29.03.2026 06:07:00,13.34,,paid
2608,3834,Костяной венец,currency,common,2026-04-14 18:35:00,95.16,,paid
2609,3834,Багровый плащ,currency,epic,2026-03-31 09:26:00,,null,paid
2610,3834,Ржавый компас,bundle,common,2026-03-26 20:18:00,53.98,,paid
2611,3834,Пепельный печать,battlepass,COMMON,2026-04-06 06:57:00,10.54,NaN,paid
2612,3834,Тенистый посох,bundle,common,2026-04-19 06:03:00,"13,75",RETURN20,paid
2613,3834,Ледяной амулет,booster,rare,16.04.2026 02:11:00,3.16,WINTER30,paid
2614,3834,Багровый сундук,booster,legendary,2026-04-06 18:33:00,2.46,,paid
2615,3834,Багровый сундук,booster,legendary,2026-04-04 00:52:00,2.46,null,paid
2616,3834,Пепельный компас,booster,EPIC,2026-03-27 07:47:00,6.67,н/д,paid
2617,3834,Изумрудный печать,cosmetic,common,2026-03-28 06:21:00,21.79,,paid
2618,3857,Костяной венец,currency,common,2026-03-13 04:45:00,95.16 USD,null,paid
2619,3860,Изумрудный перчатки,booster,epic,2026-01-17 16:58:00,6.84,н/д,paid
2620,3861,Ледяной плащ,battlepass,epic,09.05.2026 02:41:00,15.54,,paid
2621,3868,Золочёный посох,booster,rare,16.01.2026 04:17:00,1.69,,paid
2622,3868,Лунный плащ,cosmetic,common,2026-01-29 18:41:00,21.65,NaN,paid
2623,3875,Пепельный печать,battlepass,common,2026-01-17 02:31:00,10.54,NaN,paid
2624,3875,Тенистый рог,cosmetic,EPIC,16.01.2026 10:36:00,8.31,WINTER30,paid
2625,3875,Ледяной плащ,battlepass,epic,2026-01-16 06:17:00,15.54,,paid
2626,3887,Тенистый фонарь,battlepass,rare,28.10.2025 14:23:00,19.53,,paid
2627,3900,Терновый венец,cosmetic,RARE,2026-02-23 15:32:00,5.89,,paid
2628,3900,Лунный венец,currency,epic,2026-03-19 20:01:00,31.36,,refunded
2629,3900,Медный маска,battlepass,common,2026-04-11 07:11:00,11.25,,paid
2630,3900,Изумрудный маска,booster,legendary,2026-02-12 18:23:00,8.24,-,paid
2631,3900,Золочёный рог,currency,common,2026-02-03 18:45:00,74.57,,paid
2632,3900,Золочёный рог,currency,common,2026-04-14 23:02:00,74.57,н/д,paid
2633,3900,Ржавый печать,cosmetic,EPIC,2026-03-24 13:27:00,"12,37",AUTUMN25,paid
2634,3900,Терновый рог,bundle,EPIC,2026-02-26 17:37:00,17.39,,paid
2635,3900,Тенистый венец,currency,common,2026-03-15 20:13:00,56.47,н/д,paid
2636,3900,Костяной венец,currency,common,2026-02-27 13:56:00,95.16,н/д,paid
2637,3900,Тенистый фонарь,battlepass,rare,12.02.2026 04:15:00,19.53,NaN,paid
2638,3900,Ледяной плащ,battlepass,epic,2026-02-10 07:44:00,12.43,RETURN20,paid
2639,3900,Терновый сундук,booster,epic,2026-04-10 10:17:00,5.20,-,paid
2640,3900,Багровый печать,currency,legendary,2026-02-18 00:09:00,46.10 USD,SPRING10,paid
2641,3900,Пепельный плащ,currency,COMMON,2026-04-07 07:26:00,54.75,,paid
2642,3900,Лунный плащ,cosmetic,common,17.03.2026 01:31:00,21.65,NaN,paid
2643,3900,Древний посох,cosmetic,epic,26.03.2026 03:29:00,4.91,н/д,paid
2644,3900,Медный печать,bundle,rare,26.01.2026 15:33:00,"33,96",н/д,paid
2645,3900,Тенистый фонарь,battlepass,rare,2026-02-07 05:22:00,19.53,,paid
2646,3900,Лунный венец,currency,epic,2026-03-15 22:07:00,31.36,,paid
2647,3900,Ледяной плащ,battlepass,epic,2026-03-15 13:20:00,15.54,NaN,paid
2648,3900,Костяной венец,currency,common,02.02.2026 14:12:00,80.89,WELCOME15,paid
2649,3900,Ржавый печать,cosmetic,EPIC,29.01.2026 10:20:00,16.49,-,paid
2650,3900,Древний посох,cosmetic,epic,07.02.2026 09:01:00,4.91 USD,,paid
2651,3900,Терновый сундук,booster,epic,2026-04-08 18:51:00,5.20 USD,,paid
2652,3900,Медный посох,booster,common,2026-03-04 10:28:00,7.32,WELCOME15,refunded
2653,3900,Пепельный плащ,currency,common,26.03.2026 22:29:00,54.75,null,paid
2654,3900,Ледяной рог,battlepass,COMMON,27.01.2026 14:41:00,13.34,null,paid
2655,3900,Костяной маска,currency,legendary,25.02.2026 17:28:00,16.12,WINTER30,paid
2656,3900,Ледяной маска,cosmetic,common,26.01.2026 19:56:00,7.04,SPRING10,paid
2657,3900,Ледяной рог,battlepass,common,2026-04-13 15:34:00,13.34 USD,NaN,refunded
2658,3900,Костяной клинок,cosmetic,common,2026-02-01 12:06:00,17.78,-,paid
2659,3900,Костяной венец,currency,COMMON,2026-02-18 01:54:00,95.16,,paid
2660,3900,Ржавый печать,cosmetic,EPIC,2026-03-13 20:36:00,11.54,WINTER30,paid
2661,3900,Костяной венец,currency,common,2026-02-20 21:26:00,95.16,,paid
2662,3900,Древний посох,cosmetic,epic,2026-02-15 23:13:00,4.42,SPRING10,paid
2663,3900,Ледяной рог,battlepass,common,2026-02-28 12:15:00,13.34,null,paid
2664,3900,Ледяной перчатки,battlepass,epic,2026-02-24 06:37:00,8.62,AUTUMN25,paid
2665,3900,Пепельный плащ,currency,common,2026-03-20 05:41:00,54.75,,paid
2666,3900,Ледяной плащ,battlepass,epic,05.02.2026 03:47:00,13.21,WELCOME15,paid
2667,3900,Изумрудный посох,booster,common,2026-02-13 08:48:00,6.06 USD,SPRING10,paid
2668,3900,Багровый фонарь,booster,common,2026-02-11 21:19:00,"9,82",н/д,paid
2669,3900,Терновый рог,bundle,epic,2026-02-08 15:35:00,17.39,NaN,paid
2670,3900,Ржавый печать,cosmetic,epic,03.02.2026 19:30:00,11.54,WINTER30,paid
2671,3900,Костяной маска,currency,legendary,2026-02-09 03:01:00,23.03,NaN,paid
2672,3900,Терновый венец,cosmetic,rare,09.02.2026 15:52:00,5.89,,paid
2673,3900,Золочёный маска,currency,rare,2026-01-31 14:35:00,23.27,WINTER30,paid
2674,3900,Ледяной рог,battlepass,COMMON,2026-01-26 17:27:00,10.00,AUTUMN25,paid
2675,3900,Лунный плащ,cosmetic,common,2026-01-26 22:39:00,21.65 USD,,paid
2676,3900,Медный перчатки,currency,RARE,2026-03-31 12:56:00,"60,54",-,paid
2677,3900,Тенистый посох,bundle,common,2026-04-01 18:18:00,17.19,,paid
2678,3900,Изумрудный печать,cosmetic,common,2026-03-01 15:30:00,21.79,н/д,paid
2679,3900,Ледяной плащ,battlepass,epic,2026-03-01 00:08:00,15.54,-,paid
2680,3900,Лунный венец,currency,EPIC,2026-01-27 19:47:00,31.36,н/д,paid
2681,3900,Костяной посох,currency,common,2026-02-01 08:14:00,31.49,,paid
2682,3900,Лунный сундук,currency,common,2026-02-03 08:05:00,73.48,,paid
2683,3900,Ледяной рог,battlepass,common,2026-04-10 20:48:00,10.67,RETURN20,paid
2684,3900,Костяной посох,currency,common,2026-02-22 04:18:00,22.04,WINTER30,paid
2685,3900,Золочёный сундук,booster,epic,2026-01-26 06:31:00,"9,83",н/д,paid
2686,3900,Золочёный перчатки,cosmetic,rare,2026-04-08 06:19:00,18.76,null,paid
2687,3900,Изумрудный перчатки,booster,epic,2026-02-22 07:14:00,6.84,н/д,paid
2688,3900,Ржавый амулет,currency,common,2026-01-28 11:40:00,36.16,WINTER30,paid
2689,3900,Багровый плащ,currency,epic,2026-04-14 04:39:00,60.35,RETURN20,paid
2690,3900,Костяной печать,battlepass,common,2026-03-15 08:52:00,12.41,-,paid
2691,3900,Золочёный компас,bundle,rare,2026-01-26 14:57:00,57.62,,paid
2692,3900,Ледяной рог,battlepass,common,2026-03-14 16:12:00,13.34,null,paid
2693,3900,Ледяной плащ,battlepass,epic,2026-03-05 02:51:00,15.54 USD,,paid
2694,3900,Терновый сундук,booster,epic,01.04.2026 16:38:00,5.20,null,paid
2695,3900,Костяной венец,currency,common,2026-03-04 05:15:00,95.16,н/д,paid
2696,3900,Костяной перчатки,battlepass,rare,2026-02-14 04:22:00,16.91,NaN,paid
2697,3900,Багровый плащ,currency,EPIC,2026-03-03 21:41:00,75.44,,paid
2698,3900,Пепельный плащ,currency,common,2026-01-28 05:47:00,54.75,н/д,paid
2699,3911,Костяной венец,currency,COMMON,2025-10-25 16:18:00,95.16,,paid
2700,3928,Костяной рог,currency,rare,2026-04-20 22:47:00,28.86,NaN,paid
2701,3928,Золочёный рог,currency,COMMON,10.04.2026 06:34:00,59.66,RETURN20,paid
2702,3928,Изумрудный печать,cosmetic,common,2026-04-09 04:06:00,21.79,null,paid
2703,3928,Терновый венец,cosmetic,rare,08.04.2026 04:15:00,5.89,NaN,paid
2704,3928,Тенистый фонарь,battlepass,rare,2026-04-19 05:00:00,19.53,NaN,paid
2705,3928,Изумрудный сундук,booster,common,2026-04-11 04:34:00,6.33,-,paid
2706,3928,Костяной маска,currency,legendary,2026-04-11 01:20:00,23.03,null,paid
2707,3928,Ледяной плащ,battlepass,epic,2026-04-28 03:07:00,15.54,,paid
2708,3928,Костяной печать,battlepass,common,2026-04-08 08:57:00,8.69,WINTER30,paid
2709,3928,Пепельный печать,battlepass,COMMON,2026-04-29 15:24:00,н/д,NaN,paid
2710,3928,Ледяной рог,battlepass,common,2026-04-09 11:55:00,13.34,null,paid
2711,3928,Пепельный посох,booster,rare,2026-04-20 04:54:00,9.85,н/д,paid
2712,3928,Костяной венец,currency,common,2026-04-25 02:44:00,95.16,,paid
2713,3928,Терновый венец,cosmetic,rare,2026-04-19 22:56:00,5.89,NaN,paid
2714,3928,Ледяной амулет,booster,rare,17.04.2026 21:00:00,4.52,NaN,paid
2715,3928,Тенистый плащ,bundle,epic,2026-04-15 17:03:00,27.96,,paid
2716,3928,Тенистый плащ,bundle,epic,2026-05-04 00:09:00,27.96,н/д,paid
2717,3928,Костяной венец,currency,COMMON,2026-04-22 22:36:00,76.13,RETURN20,paid
2718,3928,Изумрудный плащ,currency,common,2026-04-15 01:41:00,33.43 USD,RETURN20,paid
2719,3928,Изумрудный перчатки,booster,epic,2026-04-18 20:47:00,6.84,null,paid
2720,3928,Ледяной плащ,battlepass,epic,26.04.2026 07:27:00,15.54 USD,,paid
2721,3928,Изумрудный плащ,currency,common,2026-04-08 01:47:00,41.79,,paid
2722,3928,Золочёный сундук,booster,epic,2026-04-19 16:15:00,9.83,-,paid
2723,3928,Костяной венец,currency,common,2026-04-09 19:25:00,66.61 USD,WINTER30,paid
2724,3928,Ледяной плащ,battlepass,epic,2026-04-16 02:20:00,13.99,SPRING10,paid
2725,3928,Костяной венец,currency,common,2026-04-13 23:28:00,95.16,null,paid
2726,3928,Ледяной плащ,battlepass,EPIC,16.04.2026 15:02:00,15.54,null,paid
2727,3928,Золочёный компас,bundle,rare,2026-04-10 00:52:00,57.62,NaN,paid
2728,3928,Ржавый плащ,currency,LEGENDARY,2026-04-10 20:20:00,48.60,RETURN20,paid
2729,3928,Костяной маска,currency,legendary,2026-05-06 05:44:00,23.03,,paid
2730,3928,Ледяной плащ,battlepass,epic,2026-04-10 00:38:00,12.43,RETURN20,paid
2731,3928,Ржавый печать,cosmetic,epic,2026-04-08 05:11:00,16.49,null,paid
2732,3928,Ржавый фонарь,battlepass,rare,08.04.2026 09:05:00,10.83,-,paid
2733,3928,Костяной печать,battlepass,COMMON,2026-04-08 13:07:00,12.41,-,paid
2734,3928,Ледяной перчатки,battlepass,EPIC,2026-04-23 07:39:00,11.49,NaN,paid
2735,3928,Пепельный компас,booster,epic,2026-04-16 10:18:00,6.67 USD,null,paid
2736,3928,Пепельный плащ,currency,common,2026-04-10 00:09:00,43.80,RETURN20,paid
2737,3928,Изумрудный печать,cosmetic,common,2026-04-10 23:33:00,21.79 USD,,paid
2738,3928,Пепельный посох,booster,rare,09.04.2026 22:25:00,9.85,,paid
2739,3928,Ледяной маска,cosmetic,common,2026-04-17 20:20:00,7.82,NaN,paid
2740,3928,Изумрудный перчатки,booster,epic,08.04.2026 04:01:00,6.84,null,paid
2741,3928,Пепельный посох,booster,rare,04.05.2026 14:37:00,9.85,NaN,paid
2742,3928,Медный перчатки,currency,rare,2026-04-15 02:10:00,45.41,AUTUMN25,paid
2743,3928,Изумрудный сундук,booster,common,2026-04-08 04:29:00,"5,70",SPRING10,paid
2744,3928,Ледяной перчатки,battlepass,epic,2026-05-06 06:27:00,11.49,,paid
2745,3928,Ледяной перчатки,battlepass,epic,2026-04-13 17:23:00,11.49,null,paid
2746,3928,Терновый сундук,booster,epic,2026-04-08 10:54:00,"5,20",,paid
2747,3928,Ржавый амулет,currency,common,2026-04-20 05:46:00,46.49,SPRING10,paid
2748,3928,Пепельный печать,battlepass,common,2026-05-06 19:34:00,10.54,,paid
2749,3928,Золочёный маска,currency,rare,2026-04-18 13:03:00,29.93,SPRING10,paid
2750,3928,Терновый венец,cosmetic,rare,2026-04-29 08:41:00,5.89,,paid
2751,3928,Костяной клинок,cosmetic,COMMON,2026-04-22 23:42:00,16.00,SPRING10,paid
2752,3928,Костяной венец,currency,common,2026-04-22 07:01:00,66.61,WINTER30,paid
2753,3928,Костяной посох,currency,COMMON,04.05.2026 15:52:00,31.49,NaN,paid
2754,3928,Тенистый плащ,bundle,epic,2026-04-23 04:38:00,27.96,NaN,paid
2755,3928,Древний венец,cosmetic,common,20.04.2026 14:48:00,7.19,SPRING10,paid
2756,3928,Костяной печать,battlepass,common,2026-04-19 08:19:00,12.41,null,paid
2757,3928,Медный посох,booster,common,12.04.2026 13:15:00,"7,75",SPRING10,paid
2758,3928,Ледяной плащ,battlepass,epic,2026-05-06 09:11:00,15.54,,paid
2759,3928,Ледяной плащ,battlepass,epic,10.04.2026 04:58:00,15.54,null,paid
2760,3928,Ржавый амулет,currency,common,15.04.2026 18:59:00,51.66,н/д,paid
2761,3928,Костяной венец,currency,common,2026-05-05 16:58:00,76.13,RETURN20,paid
2762,3928,Лунный сундук,currency,common,2026-05-03 07:00:00,55.11,AUTUMN25,paid
2763,3928,Лунный сундук,currency,common,2026-04-18 19:27:00,73.48,,paid
2764,3928,Тенистый плащ,bundle,epic,2026-04-26 14:48:00,27.96,null,paid
2765,3928,Изумрудный сундук,booster,common,2026-04-23 14:22:00,6.33,-,paid
2766,3928,Тенистый рог,cosmetic,EPIC,2026-04-11 08:10:00,11.87,,paid
2767,3928,Ледяной перчатки,battlepass,epic,2026-04-29 11:09:00,11.49,н/д,paid
2768,3928,Золочёный рог,currency,common,22.04.2026 09:28:00,74.57,-,paid
2769,3928,Костяной венец,currency,common,2026-04-20 18:05:00,80.89,WELCOME15,paid
2770,3928,Изумрудный сундук,booster,COMMON,2026-04-08 17:54:00,6.33,,paid
2771,3928,Золочёный рог,currency,common,28.04.2026 18:01:00,74.57,н/д,paid
2772,3928,Пепельный рог,booster,epic,2026-04-14 08:12:00,7.12,NaN,paid
2773,3928,Лунный плащ,cosmetic,common,2026-04-11 01:25:00,21.65,н/д,paid
2774,3928,Ледяной рог,battlepass,common,08.04.2026 18:17:00,13.34 USD,null,paid
2775,3928,Золочёный сундук,booster,epic,2026-04-09 01:55:00,9.83 USD,,paid
2776,3928,Медный посох,booster,common,2026-04-08 22:44:00,8.61,NaN,paid
2777,3928,Пепельный плащ,currency,common,2026-04-20 20:40:00,54.75,н/д,paid
2778,3928,Ледяной маска,cosmetic,common,2026-04-08 02:56:00,7.82,,paid
2779,3928,Пепельный печать,battlepass,common,2026-04-23 14:43:00,10.54,,paid
2780,3928,Тенистый рог,cosmetic,epic,10.04.2026 08:13:00,11.87,,paid
2781,3928,Терновый рог,bundle,epic,2026-04-29 15:38:00,17.39,,paid
2782,3928,Пепельный печать,battlepass,common,2026-04-11 10:43:00,10.54,н/д,paid
2783,3928,Ледяной плащ,battlepass,EPIC,2026-04-27 15:28:00,13.99 USD,SPRING10,paid
2784,3928,Золочёный посох,booster,rare,2026-04-10 11:53:00,1.69,null,paid
2785,3928,Тенистый плащ,bundle,epic,11.04.2026 01:57:00,"19,57",WINTER30,paid
2786,3928,Костяной венец,currency,common,2026-04-14 13:14:00,95.16,,paid
2787,3928,Лунный сундук,currency,COMMON,2026-04-08 04:32:00,73.48,н/д,paid
2788,3928,Ржавый фонарь,battlepass,rare,2026-04-11 15:27:00,10.83,,refunded
2789,3928,Древний венец,cosmetic,common,2026-04-20 23:39:00,7.99,null,paid
2790,3928,Золочёный посох,booster,rare,2026-05-05 14:09:00,1.69,н/д,paid
2791,3928,Костяной венец,currency,common,2026-04-15 07:44:00,95.16,null,paid
2792,3928,Багровый плащ,currency,epic,2026-04-08 18:03:00,"75,44",н/д,paid
2793,3928,Ледяной рог,battlepass,common,2026-04-22 18:51:00,13.34,null,paid
2794,3928,Золочёный компас,bundle,rare,2026-04-10 09:40:00,57.62,-,paid
2795,3928,Медный амулет,cosmetic,common,2026-04-08 20:44:00,6.88,WELCOME15,paid
2796,3928,Ледяной плащ,battlepass,epic,2026-04-24 08:32:00,15.54,,paid
2797,3928,Багровый печать,currency,legendary,2026-04-09 16:35:00,"43,54",WELCOME15,paid
2798,3928,Древний посох,cosmetic,epic,2026-04-20 09:00:00,4.91,null,paid
2799,3928,Изумрудный плащ,currency,common,21.04.2026 20:47:00,"41,79",,paid
2800,3928,Костяной венец,currency,common,09.04.2026 10:31:00,80.89,WELCOME15,paid
2801,3928,Ледяной маска,cosmetic,common,2026-05-02 01:10:00,7.82,,paid
2802,3928,Ледяной рог,battlepass,common,2026-04-16 03:05:00,13.34,,paid
2803,3928,Пепельный плащ,currency,common,2026-04-12 02:32:00,54.75,-,paid
2804,3928,Лунный посох,battlepass,legendary,2026-04-13 11:36:00,8.97,WINTER30,paid
2805,3928,Ледяной плащ,battlepass,epic,27.04.2026 21:38:00,15.54,-,paid
2806,3928,Ржавый печать,cosmetic,epic,2026-04-19 18:58:00,16.49 USD,null,paid
2807,3928,Золочёный перчатки,cosmetic,rare,2026-04-13 14:47:00,18.76,,paid
2808,3928,Ржавый компас,bundle,common,11.04.2026 19:32:00,48.58,SPRING10,paid
2809,3928,Золочёный маска,currency,rare,01.05.2026 22:15:00,33.25,н/д,paid
2810,3928,Ржавый плащ,currency,legendary,2026-04-09 03:20:00,60.75 USD,null,paid
2811,3928,Терновый рог,bundle,epic,2026-04-25 08:17:00,17.39 USD,-,paid
2812,3928,Лунный посох,battlepass,legendary,2026-04-09 07:54:00,12.81,,paid
2813,3928,Изумрудный посох,booster,common,2026-04-25 16:25:00,6.73,,paid
2814,3928,Тенистый рог,cosmetic,epic,2026-04-11 00:53:00,11.87,NaN,paid
2815,3928,Тенистый плащ,bundle,EPIC,2026-04-24 14:21:00,27.96,н/д,paid
2816,3928,Костяной печать,battlepass,common,2026-04-14 06:25:00,12.41,,paid
2817,3928,Багровый сундук,booster,legendary,2026-04-11 00:08:00,2.46,,paid
2818,3928,Ледяной перчатки,battlepass,epic,25.04.2026 23:56:00,11.49,,paid
2819,3928,Ледяной рог,battlepass,common,2026-04-09 12:48:00,13.34,,paid
2820,3928,Золочёный перчатки,cosmetic,rare,2026-04-08 19:24:00,18.76 USD,-,paid
2821,3928,Костяной посох,currency,common,2026-04-17 11:56:00,31.49,null,paid
2822,3928,Багровый сундук,booster,legendary,11.04.2026 00:59:00,2.46 USD,н/д,paid
2823,3928,Тенистый клинок,bundle,legendary,2026-04-17 22:16:00,70.79,,paid
2824,3928,Лунный посох,battlepass,legendary,2026-04-16 22:36:00,11.53,SPRING10,paid
2825,3928,Лунный плащ,cosmetic,common,2026-04-08 17:48:00,21.65,н/д,paid
2826,3928,Терновый рог,bundle,EPIC,2026-04-14 16:11:00,17.39,н/д,paid
2827,3928,Костяной печать,battlepass,common,2026-07-08 00:00:00,11.17,SPRING10,paid
2828,3928,Тенистый посох,bundle,common,2026-04-08 06:04:00,17.19,,paid
2829,3928,Ледяной плащ,battlepass,epic,2026-05-05 05:32:00,15.54,,paid
2830,3928,Ледяной плащ,battlepass,epic,22.04.2026 14:30:00,15.54,-,paid
2831,3928,Терновый сундук,booster,EPIC,18.04.2026 18:44:00,5.20,-,paid
2832,3928,Ледяной плащ,battlepass,epic,2026-04-10 04:12:00,11.65,AUTUMN25,paid
2833,3928,Терновый сундук,booster,epic,2026-04-28 06:22:00,5.20,NaN,paid
2834,3928,Ледяной рог,battlepass,common,2026-04-08 05:23:00,9.34,WINTER30,paid
2835,3928,Ледяной рог,battlepass,common,2026-04-25 13:46:00,13.34,,paid
2836,3928,Костяной клинок,cosmetic,common,28.04.2026 12:30:00,17.78,-,paid
2837,3928,Костяной печать,battlepass,COMMON,2026-04-22 00:35:00,12.41,null,paid
2838,3928,Тенистый венец,currency,common,2026-04-10 09:48:00,48.00,WELCOME15,paid
2839,3928,Золочёный посох,booster,rare,2026-04-22 12:29:00,1.52 USD,SPRING10,paid
2840,3928,Костяной венец,currency,common,2026-04-20 02:45:00,71.37,AUTUMN25,paid
2841,3928,Ледяной рог,battlepass,common,2026-04-19 08:31:00,11.34,WELCOME15,paid
2842,3928,Ледяной плащ,battlepass,epic,2026-04-16 15:29:00,н/д,WELCOME15,paid
2843,3928,Лунный посох,battlepass,legendary,2026-04-11 23:03:00,12.81,NaN,paid
2844,3928,Ржавый печать,cosmetic,epic,2026-05-06 12:08:00,14.02,WELCOME15,paid
2845,3928,Терновый венец,cosmetic,rare,2026-05-03 10:06:00,5.89,,paid
2846,3928,Золочёный посох,booster,RARE,09.04.2026 19:32:00,1.52,SPRING10,paid
2847,3928,Золочёный рог,currency,common,2026-04-26 00:18:00,74.57,н/д,paid
2848,3928,Костяной венец,currency,common,2026-04-22 14:25:00,80.89,WELCOME15,paid
2849,3928,Пепельный плащ,currency,common,2026-04-10 23:08:00,,,paid
2850,3928,Древний венец,cosmetic,common,23.04.2026 09:01:00,7.99 USD,NaN,paid
2851,3928,Ледяной плащ,battlepass,EPIC,2026-05-05 07:06:00,13.99,SPRING10,paid
2852,3928,Изумрудный сундук,booster,common,2026-05-04 02:14:00,6.33,null,paid
2853,3928,Ржавый фонарь,battlepass,rare,2026-04-15 08:40:00,10.83,-,paid
2854,3928,Изумрудный посох,booster,COMMON,2026-04-30 22:31:00,6.73,,paid
2855,3928,Тенистый рог,cosmetic,EPIC,2026-04-10 11:56:00,11.87 USD,,paid
2856,3928,Ледяной маска,cosmetic,common,2026-04-09 20:23:00,7.82,,paid
2857,3928,Ржавый печать,cosmetic,epic,13.04.2026 09:08:00,"16,49",null,paid
2858,3928,Золочёный перчатки,cosmetic,RARE,2026-04-12 14:38:00,"18,76",,paid
2859,3928,Багровый печать,currency,legendary,2026-04-14 02:12:00,51.22,н/д,paid
2860,3928,Тенистый плащ,bundle,epic,2026-04-14 20:11:00,19.57,WINTER30,paid
2861,3928,Золочёный посох,booster,rare,2026-04-14 16:34:00,1.69,,paid
2862,3928,Пепельный печать,battlepass,common,2026-04-16 16:17:00,10.54 USD,NaN,paid
2863,3928,Ледяной плащ,battlepass,EPIC,2026-04-12 08:54:00,15.54,н/д,paid
2864,3928,Древний посох,cosmetic,epic,2026-04-18 00:48:00,4.17,WELCOME15,paid
2865,3928,Терновый сундук,booster,epic,2026-05-04 10:16:00,4.68,SPRING10,paid
2866,3928,Изумрудный плащ,currency,common,2026-04-22 13:26:00,41.79,н/д,paid
2867,3928,Тенистый рог,cosmetic,epic,2026-04-23 01:12:00,11.87,null,paid
2868,3928,Медный печать,bundle,rare,2026-04-08 15:19:00,33.96,н/д,paid
2869,3928,Багровый плащ,currency,epic,2026-04-08 15:38:00,75.44,н/д,paid
2870,3928,Изумрудный сундук,booster,common,2026-04-08 16:02:00,"6,33",,paid
2871,3928,Багровый плащ,currency,EPIC,2026-04-28 22:22:00,75.44,,paid
2872,3928,Ледяной плащ,battlepass,epic,12.04.2026 14:34:00,15.54,-,paid
2873,3928,Пепельный печать,battlepass,COMMON,05.05.2026 12:01:00,"10,54",null,paid
2874,3928,Костяной перчатки,battlepass,rare,2026-04-13 13:12:00,16.91 USD,н/д,paid
2875,3928,Медный маска,battlepass,common,04.05.2026 08:51:00,11.25,NaN,paid
2876,3928,Терновый венец,cosmetic,rare,29.04.2026 20:54:00,5.89,null,paid
2877,3928,Ржавый печать,cosmetic,epic,15.04.2026 10:57:00,16.49,-,paid
2878,3928,Ледяной рог,battlepass,common,2026-04-12 05:17:00,9.34,WINTER30,paid
2879,3928,Пепельный компас,booster,epic,02.05.2026 15:05:00,6.67,н/д,paid
2880,3928,Золочёный маска,currency,rare,2026-04-19 12:58:00,23.27,WINTER30,paid
2881,3928,Ржавый амулет,currency,COMMON,2026-04-19 22:48:00,51.66,,paid
2882,3928,Тенистый рог,cosmetic,epic,12.04.2026 18:58:00,11.87 USD,null,paid
2883,3928,Изумрудный посох,booster,common,13.04.2026 12:59:00,5.38,RETURN20,paid
2884,3928,Древний посох,cosmetic,epic,2026-05-05 04:37:00,4.91,-,paid
2885,3928,Костяной венец,currency,COMMON,2026-04-30 19:03:00,95.16,н/д,paid
2886,3928,Ледяной плащ,battlepass,epic,2026-05-02 11:43:00,10.88 USD,WINTER30,paid
2887,3928,Тенистый венец,currency,common,2026-04-08 09:29:00,39.53 USD,WINTER30,paid
2888,3928,Древний посох,cosmetic,epic,2026-04-10 19:02:00,"4,91",,paid
2889,3928,Пепельный печать,battlepass,common,2026-04-08 05:43:00,8.96,WELCOME15,paid
2890,3928,Изумрудный перчатки,booster,epic,2026-04-08 18:17:00,6.84,,paid
2891,3928,Ржавый амулет,currency,COMMON,2026-04-23 05:44:00,51.66,,paid
2892,3928,Терновый печать,booster,rare,16.04.2026 09:16:00,7.48,,paid
2893,3928,Костяной посох,currency,common,08.04.2026 19:14:00,31.49,,paid
2894,3928,Ледяной плащ,battlepass,EPIC,2026-05-01 04:55:00,15.54,NaN,paid
2895,3928,Костяной венец,currency,common,12.04.2026 01:25:00,76.13,RETURN20,paid
2896,3928,Багровый плащ,currency,epic,2026-04-08 19:49:00,75.44,null,paid
2897,3928,Тенистый рог,cosmetic,epic,2026-04-20 01:09:00,10.09,WELCOME15,paid
2898,3928,Терновый печать,booster,rare,2026-04-24 12:55:00,5.98,RETURN20,paid
2899,3928,Золочёный рог,currency,common,2026-04-08 00:29:00,74.57,н/д,paid
2900,3964,Золочёный компас,bundle,rare,2026-01-15 13:04:00,57.62,,paid
2901,3967,Тенистый фонарь,battlepass,RARE,11.03.2026 14:07:00,,,paid
2902,3967,Древний венец,cosmetic,common,2026-02-23 16:52:00,7.99,-,paid
2903,3967,Терновый печать,booster,RARE,2026-03-20 12:35:00,7.48,,paid
2904,3967,Ржавый печать,cosmetic,epic,2026-02-13 01:31:00,16.49,-,paid
2905,3967,Медный посох,booster,common,2026-02-09 02:21:00,8.61,-,paid
2906,3967,Ледяной плащ,battlepass,epic,04.03.2026 01:28:00,15.54,н/д,paid
2907,3967,Изумрудный посох,booster,COMMON,2026-02-14 03:55:00,6.73,-,paid
2908,3988,Пепельный плащ,currency,common,2025-11-06 11:52:00,46.54,WELCOME15,paid
2909,3988,Костяной рог,currency,rare,2025-11-04 00:57:00,28.86,,paid
2910,3988,Ледяной перчатки,battlepass,epic,2025-11-02 23:26:00,11.49,-,paid
2911,3988,Лунный посох,battlepass,legendary,2025-11-02 15:33:00,12.81,,paid
2912,3988,Костяной перчатки,battlepass,rare,2025-11-17 05:58:00,14.37,WELCOME15,paid
2913,3988,Ржавый амулет,currency,common,2025-10-21 00:27:00,51.66,-,paid
2914,3992,Золочёный маска,currency,rare,2026-06-17 09:33:00,"33,25",,paid
2915,3992,Золочёный сундук,booster,epic,2026-05-21 00:28:00,8.36 USD,WELCOME15,paid
2916,3992,Изумрудный плащ,currency,common,18.05.2026 13:00:00,41.79,,paid
2917,3992,Терновый венец,cosmetic,rare,2026-05-22 15:11:00,5.89,null,paid
2918,3992,Лунный венец,currency,EPIC,2026-06-22 15:12:00,31.36,-,paid
2919,4001,Тенистый фонарь,battlepass,rare,2026-05-08 18:36:00,19.53,,paid
2920,4001,Тенистый фонарь,battlepass,rare,20.05.2026 18:50:00,"19,53",,paid
2921,4001,Костяной печать,battlepass,common,20.05.2026 06:06:00,9.93,RETURN20,paid
2922,4001,Пепельный посох,booster,RARE,2026-04-10 15:16:00,9.85 USD,,paid
2923,4001,Тенистый фонарь,battlepass,rare,2026-05-16 08:46:00,19.53,null,paid
2924,4001,Костяной посох,currency,common,19.05.2026 04:52:00,31.49 USD,н/д,paid
2925,4001,Ледяной амулет,booster,rare,2026-05-18 20:46:00,3.84,WELCOME15,paid
2926,4001,Багровый фонарь,booster,common,2026-05-03 12:49:00,9.82,NaN,paid
2927,4001,Древний посох,cosmetic,epic,2026-05-09 22:00:00,4.91,NaN,paid
2928,4001,Золочёный посох,booster,rare,2026-06-16 23:25:00,1.52,SPRING10,paid
2929,4001,Тенистый фонарь,battlepass,rare,2026-05-27 22:13:00,13.67,WINTER30,paid
2930,4001,Ледяной рог,battlepass,common,20.05.2026 09:50:00,9.34,WINTER30,paid
2931,4001,Костяной венец,currency,common,2026-04-06 01:49:00,95.16,null,paid
2932,4001,Ржавый компас,bundle,COMMON,2026-04-07 22:46:00,н/д,-,paid
2933,4001,Ржавый печать,cosmetic,epic,22.04.2026 12:50:00,16.49,,paid
2934,4001,Ржавый фонарь,battlepass,rare,2026-05-03 09:30:00,10.83,,paid
2935,4001,Золочёный сундук,booster,epic,2026-05-27 16:07:00,7.37,AUTUMN25,refunded
2936,4001,Костяной посох,currency,common,2026-05-12 08:04:00,31.49,null,paid
2937,4001,Древний венец,cosmetic,common,2026-03-30 06:44:00,7.99 USD,-,paid
2938,4001,Тенистый фонарь,battlepass,RARE,2026-03-30 23:44:00,19.53 USD,-,paid
2939,4001,Пепельный рог,booster,epic,2026-04-12 18:30:00,7.12,,paid
2940,4001,Тенистый клинок,bundle,legendary,2026-06-24 19:48:00,70.79 USD,,paid
2941,4001,Костяной венец,currency,COMMON,26.05.2026 11:31:00,66.61,WINTER30,paid
2942,4001,Терновый рог,bundle,epic,2026-03-28 02:13:00,17.39,NaN,paid
2943,4001,Ледяной рог,battlepass,COMMON,2026-05-21 06:02:00,13.34,,paid
2944,4001,Костяной печать,battlepass,common,2026-03-28 23:07:00,12.41,н/д,paid
2945,4001,Тенистый плащ,bundle,epic,2026-05-31 18:04:00,27.96,NaN,paid
2946,4001,Костяной венец,currency,common,2026-04-23 03:33:00,95.16,NaN,paid
2947,4001,Костяной венец,currency,common,04.04.2026 17:23:00,95.16 USD,,paid
2948,4001,Ледяной плащ,battlepass,epic,15.04.2026 00:11:00,15.54 USD,NaN,paid
2949,4001,Золочёный посох,booster,rare,2026-06-13 19:45:00,1.69,,paid
2950,4001,Лунный посох,battlepass,legendary,07.05.2026 12:45:00,12.81,null,paid
2951,4001,Тенистый посох,bundle,common,2026-06-08 12:55:00,15.47,SPRING10,paid
2952,4001,Костяной венец,currency,common,2026-06-03 03:28:00,95.16,NaN,paid
2953,4001,Ледяной амулет,booster,rare,2026-06-22 00:22:00,4.52,,paid
2954,4001,Терновый печать,booster,rare,13.06.2026 21:39:00,7.48,-,paid
2955,4001,Костяной венец,currency,COMMON,2026-06-15 01:10:00,66.61,WINTER30,paid
2956,4001,Золочёный посох,booster,rare,2026-05-21 00:36:00,1.69,null,paid
2957,4001,Пепельный печать,battlepass,common,2026-04-18 12:01:00,10.54,null,paid
2958,4001,Ледяной перчатки,battlepass,epic,2026-04-26 13:14:00,11.49 USD,-,paid
2959,4001,Тенистый плащ,bundle,epic,2026-04-02 02:06:00,27.96,NaN,paid
2960,4001,Ледяной маска,cosmetic,common,2026-04-02 00:31:00,6.26,RETURN20,paid
2961,4001,Изумрудный посох,booster,common,2026-05-25 02:20:00,"6,73",-,paid
2962,4001,Медный амулет,cosmetic,common,2026-03-28 07:57:00,8.10,NaN,paid
2963,4001,Ледяной рог,battlepass,common,2026-06-27 21:52:00,13.34,NaN,paid
2964,4001,Пепельный компас,booster,epic,2026-05-12 19:40:00,5.00,AUTUMN25,paid
2965,4001,Пепельный рог,booster,epic,2026-05-21 12:55:00,5.70,RETURN20,paid
2966,4001,Медный амулет,cosmetic,COMMON,23.05.2026 20:36:00,6.48,RETURN20,paid
2967,4001,Ледяной рог,battlepass,common,2026-03-28 00:27:00,"13,34",-,paid
2968,4001,Ледяной рог,battlepass,COMMON,2026-03-28 16:44:00,"13,34",NaN,paid
2969,4001,Золочёный компас,bundle,rare,2026-05-06 02:18:00,57.62,,paid
2970,4001,Тенистый венец,currency,common,2026-04-09 23:47:00,56.47,,paid
2971,4001,Костяной венец,currency,COMMON,2026-03-28 03:14:00,95.16,,paid
2972,4001,Багровый печать,currency,legendary,2026-04-10 02:03:00,51.22,,paid
2973,4001,Костяной венец,currency,COMMON,2026-04-07 17:33:00,95.16,н/д,paid
2974,4001,Лунный плащ,cosmetic,common,2026-06-18 22:59:00,21.65,,paid
2975,4001,Терновый венец,cosmetic,rare,2026-04-06 22:18:00,5.89,-,paid
2976,4001,Костяной венец,currency,common,28.03.2026 21:35:00,80.89,WELCOME15,paid
2977,4001,Костяной венец,currency,COMMON,13.05.2026 20:27:00,76.13,RETURN20,paid
2978,4001,Терновый сундук,booster,epic,2026-05-13 14:02:00,5.20,NaN,paid
2979,4001,Пепельный печать,battlepass,common,2026-03-28 07:57:00,9.49,SPRING10,paid
2980,4001,Терновый рог,bundle,epic,2026-05-11 15:34:00,17.39,null,paid
2981,4001,Ржавый амулет,currency,common,2026-05-27 09:42:00,51.66,-,paid
2982,4001,Терновый сундук,booster,epic,28.03.2026 19:32:00,5.20,н/д,paid
2983,4001,Пепельный плащ,currency,common,2026-04-27 12:59:00,46.54,WELCOME15,paid
2984,4001,Ржавый амулет,currency,common,01.04.2026 17:22:00,43.91,WELCOME15,paid
2985,4001,Золочёный рог,currency,common,2026-03-29 04:20:00,74.57,,paid
2986,4001,Древний посох,cosmetic,epic,2026-04-14 04:39:00,"4,91",,paid
2987,4001,Тенистый клинок,bundle,legendary,2026-04-26 01:56:00,"70,79",null,paid
2988,4001,Багровый фонарь,booster,COMMON,2026-04-04 20:04:00,6.87,WINTER30,paid
2989,4001,Багровый сундук,booster,legendary,2026-03-30 19:20:00,2.46,,paid
2990,4001,Костяной венец,currency,common,30.03.2026 14:42:00,95.16,,paid
2991,4001,Костяной венец,currency,common,20.06.2026 11:07:00,95.16,,paid
2992,4001,Костяной рог,currency,rare,2026-03-29 20:25:00,28.86,н/д,paid
2993,4001,Ледяной рог,battlepass,common,2026-04-23 13:02:00,13.34,,paid
2994,4001,Ледяной перчатки,battlepass,epic,2026-05-26 04:17:00,11.49,,paid
2995,4001,Костяной венец,currency,common,2026-04-09 08:41:00,95.16,,paid
2996,4001,Пепельный рог,booster,epic,2026-03-28 16:15:00,7.12,null,paid
2997,4001,Костяной печать,battlepass,COMMON,2026-04-14 15:44:00,"12,41",-,paid
2998,4001,Изумрудный сундук,booster,common,2026-04-13 02:42:00,6.33,н/д,paid
2999,4001,Костяной венец,currency,common,22.06.2026 23:23:00,95.16,,paid
3000,4001,Терновый венец,cosmetic,rare,2026-04-10 05:22:00,5.01 USD,WELCOME15,paid
3001,4001,Пепельный печать,battlepass,common,2026-06-16 07:56:00,10.54,,paid
3002,4001,Терновый венец,cosmetic,rare,2026-05-05 08:09:00,5.89,,paid
3003,4001,Ржавый амулет,currency,common,19.04.2026 06:11:00,"51,66",null,paid
3004,4001,Костяной венец,currency,common,15.04.2026 19:10:00,95.16 USD,NaN,paid
3005,4001,Золочёный посох,booster,rare,2026-05-19 17:41:00,1.69,,paid
3006,4001,Лунный сундук,currency,COMMON,2026-04-27 21:12:00,62.46,WELCOME15,paid
3007,4001,Золочёный компас,bundle,rare,2026-05-19 23:53:00,57.62,null,paid
3008,4001,Лунный посох,battlepass,legendary,2026-05-08 04:33:00,10.89 USD,WELCOME15,paid
3009,4001,Ледяной плащ,battlepass,epic,2026-04-18 08:54:00,15.54,,paid
3010,4001,Тенистый посох,bundle,common,2026-05-23 07:51:00,17.19,н/д,paid
3011,4001,Костяной венец,currency,common,2026-04-05 05:05:00,95.16 USD,,paid
3012,4001,Ледяной рог,battlepass,common,2026-04-12 04:59:00,13.34 USD,,paid
3013,4001,Изумрудный посох,booster,COMMON,2026-04-11 09:54:00,5.05,AUTUMN25,paid
3014,4001,Золочёный сундук,booster,epic,05.06.2026 21:50:00,9.83 USD,-,paid
3015,4001,Костяной венец,currency,common,18.04.2026 13:30:00,95.16,,paid
3016,4001,Ржавый амулет,currency,common,2026-04-12 08:36:00,51.66,-,paid
3017,4001,Пепельный плащ,currency,COMMON,2026-03-31 08:51:00,54.75,-,paid
3018,4001,Золочёный перчатки,cosmetic,rare,2026-04-22 12:37:00,16.88,SPRING10,paid
3019,4001,Ржавый печать,cosmetic,EPIC,2026-04-06 01:05:00,16.49,-,paid
3020,4001,Багровый сундук,booster,LEGENDARY,2026-04-10 16:07:00,2.46,null,paid
3021,4001,Костяной венец,currency,common,2026-04-28 20:08:00,"95,16",,paid
3022,4001,Медный посох,booster,common,2026-05-20 07:59:00,7.32,WELCOME15,paid
3023,4001,Ледяной маска,cosmetic,common,2026-03-28 06:24:00,7.82,н/д,paid
3024,4001,Ледяной перчатки,battlepass,epic,2026-05-10 06:24:00,11.49,н/д,paid
3025,4001,Пепельный печать,battlepass,common,2026-05-04 01:20:00,7.90,AUTUMN25,paid
3026,4001,Ржавый амулет,currency,common,2026-04-03 00:59:00,51.66,null,paid
3027,4001,Изумрудный перчатки,booster,EPIC,2026-03-29 04:50:00,6.84,н/д,paid
3028,4001,Лунный посох,battlepass,legendary,2026-06-19 22:31:00,12.81,-,paid
3029,4001,Золочёный рог,currency,common,2026-06-21 00:16:00,59.66,RETURN20,paid
3030,4001,Тенистый клинок,bundle,legendary,04.04.2026 21:42:00,70.79 USD,,paid
3031,4001,Ржавый печать,cosmetic,epic,2026-04-16 03:59:00,16.49,н/д,paid
3032,4001,Ржавый печать,cosmetic,epic,25.04.2026 12:00:00,14.02,WELCOME15,paid
3033,4001,Ледяной плащ,battlepass,epic,2026-04-10 08:15:00,15.54,NaN,paid
3034,4001,Ледяной плащ,battlepass,EPIC,2026-04-05 08:06:00,15.54,null,paid
3035,4001,Ледяной плащ,battlepass,epic,2026-06-26 12:36:00,15.54,н/д,paid
3036,4001,Терновый венец,cosmetic,rare,30.06.2026 12:01:00,5.89,н/д,paid
3037,4001,Изумрудный перчатки,booster,epic,2026-06-07 08:50:00,6.84,-,paid
3038,4001,Лунный венец,currency,epic,2026-05-15 09:09:00,31.36,-,paid
3039,4001,Ледяной амулет,booster,RARE,2026-04-03 02:13:00,3.84,WELCOME15,paid
3040,4001,Костяной венец,currency,common,2026-05-18 01:28:00,95.16 USD,-,paid
3041,4001,Ледяной перчатки,battlepass,EPIC,2026-04-13 03:22:00,8.04,WINTER30,paid
3042,4001,Ледяной плащ,battlepass,epic,27.06.2026 18:36:00,"15,54",null,paid
3043,4001,Ледяной плащ,battlepass,epic,13.04.2026 05:21:00,15.54,,paid
3044,4001,Ледяной перчатки,battlepass,epic,2026-06-10 00:16:00,11.49,,paid
3045,4001,Ржавый амулет,currency,common,2026-05-01 14:26:00,51.66,-,paid
3046,4001,Золочёный маска,currency,rare,2026-06-29 06:29:00,33.25,н/д,paid
3047,4001,Золочёный посох,booster,rare,2026-04-06 08:56:00,1.52,SPRING10,paid
3048,4001,Ржавый компас,bundle,common,2026-04-15 16:27:00,43.18,RETURN20,paid
3049,4001,Терновый венец,cosmetic,RARE,2026-04-07 10:59:00,5.89,н/д,paid
3050,4001,Пепельный посох,booster,rare,12.04.2026 15:32:00,7.39,AUTUMN25,paid
3051,4001,Ледяной рог,battlepass,common,2026-04-28 22:23:00,13.34,н/д,paid
3052,4001,Лунный сундук,currency,common,01.04.2026 02:36:00,73.48,,paid
3053,4001,Древний сундук,bundle,common,2026-03-28 06:56:00,40.30,AUTUMN25,paid
3054,4001,Багровый плащ,currency,epic,05.05.2026 11:52:00,64.12,WELCOME15,paid
3055,4001,Костяной перчатки,battlepass,rare,2026-04-07 21:54:00,14.37,WELCOME15,paid
3056,4001,Тенистый плащ,bundle,EPIC,2026-04-24 11:05:00,23.77,WELCOME15,paid
3057,4001,Пепельный посох,booster,rare,2026-05-25 20:09:00,9.85,NaN,refunded
3058,4001,Ледяной плащ,battlepass,epic,2026-05-10 09:41:00,15.54,null,paid
3059,4001,Багровый сундук,booster,LEGENDARY,2026-04-16 17:17:00,2.46,,paid
3060,4001,Золочёный перчатки,cosmetic,rare,2026-06-24 22:10:00,18.76,н/д,paid
3061,4001,Золочёный компас,bundle,rare,2026-06-30 00:42:00,48.98 USD,WELCOME15,paid
3062,4001,Костяной печать,battlepass,common,06.04.2026 20:54:00,10.55,WELCOME15,paid
3063,4001,Терновый печать,booster,rare,2026-06-23 17:27:00,7.48,NaN,paid
3064,4001,Костяной венец,currency,common,2026-06-22 13:59:00,80.89,WELCOME15,paid
3065,4001,Ледяной перчатки,battlepass,epic,2026-04-12 17:29:00,11.49,,paid
3066,4001,Терновый сундук,booster,epic,2026-04-13 20:25:00,5.20,,paid
3067,4001,Костяной печать,battlepass,common,2026-05-18 22:08:00,12.41,,refunded
3068,4001,Ледяной плащ,battlepass,epic,14.05.2026 10:12:00,15.54,NaN,paid
3069,4001,Пепельный печать,battlepass,common,2026-03-28 06:55:00,"10,54",,paid
3070,4001,Золочёный посох,booster,rare,2026-04-14 11:24:00,1.69,н/д,paid
3071,4001,Багровый сундук,booster,legendary,2026-04-02 05:50:00,1.97,RETURN20,paid
3072,4001,Изумрудный печать,cosmetic,common,2026-05-20 14:46:00,17.43,RETURN20,paid
3073,4001,Костяной венец,currency,common,2026-06-09 17:10:00,71.37,AUTUMN25,paid
3074,4001,Костяной перчатки,battlepass,rare,2026-04-09 19:56:00,14.37 USD,WELCOME15,paid
3075,4001,Пепельный плащ,currency,common,12.05.2026 14:16:00,49.27,SPRING10,paid
3076,4001,Золочёный рог,currency,common,2026-06-05 07:07:00,"74,57",null,paid
3077,4001,Изумрудный маска,booster,legendary,31.03.2026 07:01:00,8.24,null,paid
3078,4001,Изумрудный перчатки,booster,EPIC,2026-03-29 14:45:00,6.84,NaN,paid
3079,4001,Костяной маска,currency,legendary,2026-05-11 08:27:00,23.03,н/д,paid
3080,4001,Ледяной плащ,battlepass,epic,2026-04-05 22:00:00,15.54,,paid
3081,4001,Костяной венец,currency,common,22.05.2026 21:41:00,95.16,,paid
3082,4001,Лунный венец,currency,epic,2026-05-28 13:59:00,31.36,,paid
3083,4001,Костяной венец,currency,common,2026-03-28 20:49:00,66.61,WINTER30,paid
3084,4001,Медный печать,bundle,rare,2026-05-08 17:56:00,33.96,,paid
3085,4001,Древний посох,cosmetic,epic,2026-04-01 13:44:00,4.91,null,paid
3086,4001,Золочёный рог,currency,common,2026-04-04 20:49:00,59.66,RETURN20,paid
3087,4001,Изумрудный плащ,currency,common,2026-04-08 19:14:00,41.79,null,paid
3088,4001,Лунный посох,battlepass,LEGENDARY,2026-04-09 19:34:00,9.61 USD,AUTUMN25,paid
3089,4001,Костяной венец,currency,common,25.05.2026 22:54:00,95.16,-,paid
3090,4001,Тенистый рог,cosmetic,EPIC,2026-06-27 12:36:00,11.87,,paid
3091,4001,Древний сундук,bundle,common,2026-04-08 10:47:00,53.74,,paid
3092,4001,Терновый печать,booster,rare,2026-05-10 21:22:00,7.48,null,paid
3093,4001,Изумрудный сундук,booster,COMMON,2026-03-30 01:20:00,4.75,AUTUMN25,paid
3094,4001,Ржавый амулет,currency,common,2026-03-31 11:28:00,43.91 USD,WELCOME15,paid
3095,4001,Ледяной плащ,battlepass,epic,2026-06-24 10:33:00,13.21,WELCOME15,paid
3096,4001,Лунный плащ,cosmetic,common,03.04.2026 01:27:00,21.65,,paid
3097,4001,Лунный посох,battlepass,legendary,2026-06-02 08:50:00,12.81 USD,NaN,paid
3098,4001,Ледяной перчатки,battlepass,EPIC,2026-04-24 04:45:00,11.49,н/д,paid
3099,4003,Золочёный посох,booster,rare,24.05.2026 07:04:00,1.69 USD,,paid
3100,4016,Медный маска,battlepass,common,2025-12-30 08:27:00,11.25,,paid
3101,4025,Тенистый посох,bundle,common,2025-10-24 04:59:00,17.19,н/д,paid
3102,4032,Костяной венец,currency,common,2025-09-13 21:51:00,95.16 USD,,paid
3103,4032,Медный посох,booster,common,2025-09-13 20:23:00,8.61,,paid
3104,4032,Золочёный компас,bundle,rare,2025-09-13 19:51:00,57.62,н/д,paid
3105,4032,Изумрудный плащ,currency,common,2025-09-13 16:33:00,41.79,-,paid
3106,4032,Медный маска,battlepass,common,13.09.2025 13:14:00,11.25,,paid
3107,4032,Ледяной перчатки,battlepass,epic,2025-09-13 07:05:00,11.49,н/д,paid
3108,4032,Костяной клинок,cosmetic,common,2025-09-13 05:06:00,16.00 USD,SPRING10,paid
3109,4032,Древний посох,cosmetic,epic,2025-09-13 11:46:00,3.93,RETURN20,paid
3110,4032,Костяной посох,currency,common,2025-09-13 06:40:00,28.34,SPRING10,paid
3111,4032,Ржавый амулет,currency,common,2025-09-13 23:30:00,51.66,NaN,paid
3112,4032,Лунный плащ,cosmetic,common,2025-09-13 08:46:00,21.65,null,paid
3113,4032,Терновый рог,bundle,epic,2025-09-13 14:07:00,17.39,NaN,paid
3114,4032,Медный амулет,cosmetic,COMMON,2025-09-13 15:51:00,8.10,-,paid
3115,4032,Тенистый рог,cosmetic,epic,13.09.2025 04:07:00,11.87,,paid
3116,4032,Пепельный компас,booster,epic,2025-09-13 00:12:00,4.67,WINTER30,paid
3117,4032,Костяной маска,currency,LEGENDARY,13.09.2025 05:29:00,23.03,null,paid
3118,4053,Багровый сундук,booster,legendary,2026-03-06 06:58:00,2.46,,paid
3119,4058,Ледяной плащ,battlepass,epic,18.03.2026 03:07:00,15.54,null,paid
3120,4063,Тенистый клинок,bundle,legendary,2025-12-21 20:41:00,70.79,,paid
3121,4063,Изумрудный посох,booster,common,2025-10-24 13:38:00,6.73,,paid
3122,4063,Пепельный плащ,currency,common,2025-10-20 05:19:00,46.54,WELCOME15,paid
3123,4063,Тенистый венец,currency,common,27.12.2025 04:26:00,56.47 USD,NaN,refunded
3124,4063,Тенистый рог,cosmetic,epic,2025-11-11 20:32:00,11.87,н/д,paid
3125,4063,Изумрудный маска,booster,legendary,10.12.2025 19:02:00,5.77,WINTER30,paid
3126,4063,Пепельный печать,battlepass,common,2025-11-23 17:10:00,10.54,,paid
3127,4063,Ледяной плащ,battlepass,EPIC,2025-10-22 08:56:00,15.54,,paid
3128,4063,Лунный венец,currency,epic,2025-11-16 18:15:00,31.36,н/д,paid
3129,4070,Ледяной маска,cosmetic,common,2026-02-03 04:51:00,7.82,null,paid
3130,4070,Пепельный посох,booster,rare,30.01.2026 17:03:00,9.85,NaN,paid
3131,4070,Тенистый рог,cosmetic,EPIC,22.02.2026 06:56:00,11.87,,paid
3132,4070,Ледяной плащ,battlepass,epic,2026-02-15 07:10:00,13.99,SPRING10,paid
3133,4070,Ржавый компас,bundle,common,05.02.2026 23:00:00,53.98 USD,,paid
3134,4070,Лунный посох,battlepass,legendary,29.01.2026 05:38:00,12.81 USD,NaN,paid
3135,4070,Ледяной плащ,battlepass,epic,10.02.2026 11:44:00,13.21,WELCOME15,paid
3136,4071,Терновый печать,booster,rare,2025-09-11 06:39:00,7.48 USD,,paid
3137,4071,Тенистый клинок,bundle,legendary,2025-11-02 03:00:00,70.79,,paid
3138,4071,Костяной посох,currency,common,2025-11-07 18:00:00,31.49,null,paid
3139,4089,Костяной венец,currency,common,2026-04-07 16:50:00,95.16,,refunded
3140,4111,Изумрудный перчатки,booster,epic,2025-11-01 01:17:00,6.84,-,paid
3141,4113,Ледяной перчатки,battlepass,epic,2026-02-02 13:00:00,11.49 USD,NaN,paid
3142,4124,Ржавый печать,cosmetic,EPIC,2026-05-19 12:45:00,16.49,-,paid
3143,4124,Изумрудный сундук,booster,common,2026-03-23 17:06:00,"6,33",null,paid
3144,4125,Костяной венец,currency,common,2025-10-07 16:54:00,85.64,SPRING10,paid
3145,4127,Лунный плащ,cosmetic,common,12.04.2026 01:20:00,21.65,-,refunded
3146,4127,Костяной венец,currency,common,2026-01-23 23:54:00,71.37,AUTUMN25,paid
3147,4127,Золочёный посох,booster,rare,2026-03-04 20:15:00,1.69,н/д,paid
3148,4127,Изумрудный плащ,currency,common,2026-06-17 00:39:00,41.79,-,paid
3149,4127,Костяной посох,currency,common,2026-04-19 00:28:00,31.49,,paid
3150,4127,Лунный венец,currency,epic,2026-05-13 12:57:00,21.95 USD,WINTER30,paid
3151,4127,Медный печать,bundle,rare,2026-03-09 10:05:00,33.96 USD,,paid
3152,4127,Золочёный рог,currency,COMMON,2026-03-02 17:42:00,74.57,,paid
3153,4127,Багровый печать,currency,legendary,2026-05-17 14:03:00,51.22,,paid
3154,4127,Терновый рог,bundle,epic,2026-04-11 06:42:00,17.39,-,paid
3155,4127,Терновый сундук,booster,EPIC,2026-02-06 07:08:00,5.20,null,paid
3156,4127,Костяной маска,currency,legendary,2026-06-15 00:09:00,23.03,null,paid
3157,4127,Пепельный рог,booster,epic,27.01.2026 22:10:00,7.12,null,paid
3158,4127,Лунный сундук,currency,COMMON,2026-05-05 17:14:00,73.48,,paid
3159,4127,Пепельный посох,booster,rare,11.05.2026 15:13:00,9.85,-,paid
3160,4127,Ледяной перчатки,battlepass,epic,2026-05-26 21:51:00,11.49,NaN,paid
3161,4127,Золочёный компас,bundle,rare,2026-04-13 12:47:00,43.21,AUTUMN25,paid
3162,4127,Костяной венец,currency,common,2026-05-28 17:03:00,95.16,-,paid
3163,4127,Костяной печать,battlepass,COMMON,30.05.2026 14:00:00,11.17,SPRING10,paid
3164,4127,Ледяной перчатки,battlepass,epic,2026-04-07 13:19:00,11.49,,paid
3165,4127,Изумрудный посох,booster,common,2026-01-30 09:47:00,6.73,NaN,refunded
3166,4127,Тенистый посох,bundle,common,2026-01-25 19:49:00,17.19,,paid
3167,4127,Золочёный маска,currency,rare,27.02.2026 14:43:00,33.25,,paid
3168,4127,Костяной венец,currency,common,08.04.2026 02:15:00,95.16,,paid
3169,4127,Терновый сундук,booster,EPIC,16.03.2026 00:42:00,5.20,н/д,paid
3170,4127,Золочёный посох,booster,rare,2026-02-02 18:51:00,1.69,NaN,paid
3171,4127,Костяной венец,currency,common,2026-02-19 11:14:00,95.16 USD,null,paid
3172,4127,Ледяной плащ,battlepass,epic,2026-01-23 16:25:00,15.54,null,paid
3173,4127,Изумрудный перчатки,booster,epic,05.02.2026 07:28:00,6.84,,paid
3174,4127,Лунный посох,battlepass,legendary,17.02.2026 17:55:00,12.81,null,paid
3175,4127,Костяной венец,currency,common,05.06.2026 19:48:00,null,,paid
3176,4127,Костяной перчатки,battlepass,RARE,2026-03-09 21:02:00,16.91 USD,,paid
3177,4127,Ржавый амулет,currency,common,2026-04-24 02:18:00,46.49,SPRING10,paid
3178,4127,Костяной посох,currency,common,2026-02-12 07:37:00,25.19,RETURN20,paid
3179,4127,Золочёный компас,bundle,rare,2026-03-11 19:09:00,46.10,RETURN20,paid
3180,4127,Золочёный перчатки,cosmetic,rare,23.01.2026 18:26:00,13.13,WINTER30,paid
3181,4127,Ледяной плащ,battlepass,epic,2026-06-13 04:32:00,,,paid
3182,4127,Золочёный перчатки,cosmetic,rare,2026-06-07 12:56:00,18.76,,paid
3183,4127,Ржавый печать,cosmetic,epic,2026-03-11 00:53:00,16.49,,paid
3184,4127,Пепельный рог,booster,epic,2026-04-24 20:14:00,4.98,WINTER30,paid
3185,4127,Золочёный рог,currency,common,2026-02-19 11:21:00,74.57,NaN,paid
3186,4127,Медный печать,bundle,rare,2026-03-08 06:44:00,"33,96",,paid
3187,4127,Ржавый фонарь,battlepass,RARE,2026-02-25 15:51:00,"10,83",null,paid
3188,4127,Тенистый фонарь,battlepass,rare,2026-02-13 06:53:00,15.62,RETURN20,paid
3189,4127,Тенистый клинок,bundle,legendary,2026-05-24 00:10:00,49.55,WINTER30,paid
3190,4143,Костяной венец,currency,common,2025-12-18 00:01:00,71.37,AUTUMN25,paid
3191,4143,Костяной венец,currency,common,2025-12-24 03:03:00,66.61,WINTER30,paid
3192,4143,Лунный венец,currency,epic,23.12.2025 04:21:00,31.36,-,paid
3193,4150,Терновый сундук,booster,epic,2026-02-28 02:10:00,3.64,WINTER30,refunded
3194,4162,Костяной клинок,cosmetic,common,2026-01-09 08:57:00,17.78,,paid
3195,4162,Лунный венец,currency,epic,14.11.2025 13:00:00,31.36,NaN,paid
3196,4166,Багровый сундук,booster,legendary,2025-11-29 06:57:00,2.09,WELCOME15,paid
3197,4172,Ледяной плащ,battlepass,epic,2026-02-02 06:28:00,15.54,-,paid
3198,4172,Терновый рог,bundle,epic,2026-01-13 09:56:00,12.17,WINTER30,paid
3199,4172,Пепельный посох,booster,RARE,2026-01-03 23:33:00,9.85,-,paid
3200,4172,Костяной венец,currency,common,18.05.2026 18:11:00,95.16,,paid
3201,4172,Изумрудный посох,booster,COMMON,2025-12-04 11:36:00,6.73,-,paid
3202,4182,Терновый сундук,booster,epic,2025-12-05 19:56:00,5.20,null,paid
3203,4188,Ледяной рог,battlepass,common,2026-05-12 15:43:00,13.34,,paid
3204,4202,Золочёный сундук,booster,EPIC,19.02.2026 10:10:00,9.83,н/д,paid
3205,4202,Золочёный компас,bundle,RARE,21.02.2026 17:31:00,57.62,,paid
3206,4251,Ледяной перчатки,battlepass,epic,2025-11-26 09:45:00,10.34,SPRING10,paid
3207,4265,Тенистый рог,cosmetic,epic,2025-10-12 06:51:00,11.87,н/д,paid
3208,4265,Костяной печать,battlepass,common,2025-10-12 14:21:00,12.41,,paid
3209,4265,Ледяной плащ,battlepass,epic,12.10.2025 22:34:00,15.54,н/д,paid
3210,4265,Ледяной перчатки,battlepass,epic,2025-10-12 15:56:00,11.49,NaN,paid
3211,4265,Багровый печать,currency,legendary,2025-10-12 17:22:00,51.22,NaN,paid
3212,4265,Древний венец,cosmetic,common,12.10.2025 16:59:00,7.99,,paid
3213,4265,Ржавый печать,cosmetic,epic,12.10.2025 19:00:00,13.19,RETURN20,paid
3214,4265,Пепельный печать,battlepass,common,2025-10-12 12:48:00,7.38,WINTER30,paid
3215,4265,Костяной перчатки,battlepass,rare,2025-10-12 02:07:00,16.91,-,paid
3216,4265,Костяной венец,currency,COMMON,2025-10-12 08:02:00,95.16,,paid
3217,4265,Ржавый амулет,currency,common,2025-10-12 10:17:00,51.66,н/д,paid
3218,4265,Древний посох,cosmetic,epic,2025-10-12 01:08:00,4.91,,paid
3219,4265,Пепельный посох,booster,RARE,12.10.2025 09:44:00,7.39,AUTUMN25,paid
3220,4265,Изумрудный плащ,currency,COMMON,12.10.2025 23:13:00,41.79,,paid
3221,4265,Терновый сундук,booster,epic,2025-10-12 05:16:00,5.20,-,paid
3222,4265,Золочёный рог,currency,common,2025-10-12 23:22:00,74.57,NaN,paid
3223,4265,Терновый венец,cosmetic,rare,12.10.2025 03:29:00,5.89 USD,NaN,paid
3224,4265,Ледяной амулет,booster,rare,2025-10-12 08:42:00,,,paid
3225,4265,Ледяной плащ,battlepass,epic,2025-10-12 02:32:00,10.88,WINTER30,paid
3226,4265,Ледяной перчатки,battlepass,EPIC,2025-10-12 13:35:00,11.49,,paid
3227,4265,Ледяной перчатки,battlepass,epic,2025-10-12 06:22:00,"9,77",WELCOME15,paid
3228,4265,Багровый плащ,currency,epic,2025-10-12 21:24:00,75.44,-,paid
3229,4265,Ледяной рог,battlepass,COMMON,2025-10-12 21:49:00,13.34,н/д,paid
3230,4265,Костяной посох,currency,common,2025-10-12 13:30:00,28.34,SPRING10,paid
3231,4265,Терновый венец,cosmetic,RARE,2025-10-12 14:04:00,5.89,,paid
3232,4265,Костяной перчатки,battlepass,RARE,12.10.2025 09:56:00,16.91,н/д,paid
3233,4265,Изумрудный посох,booster,COMMON,12.10.2025 23:15:00,6.73,,paid
3234,4265,Терновый венец,cosmetic,rare,12.10.2025 22:08:00,5.89,null,paid
3235,4265,Золочёный компас,bundle,rare,2025-10-12 04:24:00,57.62,н/д,paid
3236,4265,Золочёный посох,booster,rare,12.10.2025 17:32:00,"1,69",NaN,paid
3237,4265,Тенистый плащ,bundle,epic,2025-10-12 14:25:00,27.96,null,paid
3238,4265,Тенистый фонарь,battlepass,rare,2025-10-12 19:46:00,19.53,NaN,paid
3239,4265,Золочёный перчатки,cosmetic,rare,2025-10-12 07:45:00,18.76,null,paid
3240,4265,Золочёный посох,booster,rare,12.10.2025 21:35:00,1.69,null,paid
3241,4265,Тенистый плащ,bundle,epic,12.10.2025 21:03:00,27.96,,paid
3242,4265,Древний венец,cosmetic,common,2025-10-12 16:56:00,7.19,SPRING10,paid
3243,4265,Изумрудный перчатки,booster,epic,2025-10-12 21:55:00,4.79,WINTER30,paid
3244,4265,Костяной венец,currency,common,2025-10-12 21:05:00,95.16,null,paid
3245,4265,Ржавый печать,cosmetic,epic,2025-10-12 14:07:00,16.49,,paid
3246,4265,Медный амулет,cosmetic,COMMON,12.10.2025 06:36:00,8.10,,paid
3247,4265,Тенистый посох,bundle,common,12.10.2025 00:55:00,17.19,,paid
3248,4265,Терновый печать,booster,rare,12.10.2025 05:25:00,"7,48",NaN,paid
3249,4265,Золочёный перчатки,cosmetic,rare,12.10.2025 08:32:00,"18,76",н/д,paid
3250,4265,Тенистый рог,cosmetic,epic,2025-10-12 16:22:00,11.87,н/д,paid
3251,4265,Ржавый амулет,currency,common,2025-10-12 16:30:00,41.33,RETURN20,paid
3252,4265,Ледяной плащ,battlepass,epic,2025-10-12 08:32:00,13.21,WELCOME15,paid
3253,4265,Тенистый фонарь,battlepass,rare,2025-10-12 05:23:00,19.53,,paid
3254,4265,Костяной венец,currency,common,2025-10-12 02:34:00,95.16,,paid
3255,4265,Лунный венец,currency,epic,2025-10-12 02:00:00,28.22 USD,SPRING10,paid
3256,4265,Пепельный плащ,currency,COMMON,2025-10-12 00:04:00,54.75 USD,н/д,paid
3257,4265,Лунный плащ,cosmetic,common,2025-10-12 23:21:00,21.65,,paid
3258,4265,Ржавый амулет,currency,common,2025-10-12 08:57:00,46.49,SPRING10,paid
3259,4265,Медный перчатки,currency,rare,2025-10-12 10:03:00,48.43,RETURN20,paid
3260,4265,Костяной венец,currency,common,2025-10-12 18:32:00,95.16,н/д,paid
3261,4265,Костяной рог,currency,rare,2025-10-12 15:37:00,"28,86",null,paid
3262,4265,Изумрудный плащ,currency,common,2025-10-12 13:43:00,31.34,AUTUMN25,paid
3263,4265,Терновый сундук,booster,EPIC,2025-10-12 15:47:00,5.20,-,paid
3264,4265,Ледяной плащ,battlepass,epic,2025-10-12 07:28:00,"15,54",-,paid
3265,4265,Изумрудный печать,cosmetic,common,2025-10-12 00:03:00,"19,61",SPRING10,paid
3266,4265,Изумрудный плащ,currency,common,2025-10-12 05:42:00,41.79,,paid
3267,4265,Золочёный сундук,booster,epic,2025-10-12 16:51:00,7.86,RETURN20,paid
3268,4265,Тенистый клинок,bundle,LEGENDARY,2025-10-12 22:25:00,70.79,,paid
3269,4265,Терновый венец,cosmetic,RARE,12.10.2025 18:49:00,"5,89",,paid
3270,4265,Пепельный плащ,currency,common,12.10.2025 15:20:00,54.75,,paid
3271,4265,Багровый печать,currency,legendary,2025-10-12 11:43:00,51.22,,paid
3272,4265,Костяной печать,battlepass,common,2025-10-12 14:28:00,12.41,н/д,paid
3273,4265,Костяной рог,currency,rare,2025-10-12 09:56:00,28.86,,paid
3274,4265,Пепельный компас,booster,epic,2025-10-12 18:39:00,6.67,NaN,paid
3275,4265,Ржавый амулет,currency,COMMON,2025-10-12 22:20:00,36.16,WINTER30,paid
3276,4265,Багровый сундук,booster,LEGENDARY,2025-10-12 03:50:00,2.46,,paid
3277,4265,Костяной венец,currency,COMMON,2025-10-12 23:35:00,95.16,,paid
3278,4265,Древний посох,cosmetic,EPIC,2025-10-12 05:41:00,4.91,null,paid
3279,4265,Тенистый фонарь,battlepass,rare,12.10.2025 17:37:00,19.53,-,paid
3280,4265,Тенистый плащ,bundle,EPIC,2025-10-12 08:34:00,23.77,WELCOME15,paid
3281,4265,Золочёный посох,booster,rare,12.10.2025 04:14:00,1.35,RETURN20,paid
3282,4265,Ржавый компас,bundle,common,12.10.2025 08:23:00,53.98,null,paid
3283,4265,Лунный плащ,cosmetic,COMMON,2025-10-12 07:27:00,18.40,WELCOME15,paid
3284,4265,Изумрудный перчатки,booster,EPIC,2025-10-12 23:33:00,5.47,RETURN20,paid
3285,4265,Тенистый посох,bundle,COMMON,12.10.2025 19:00:00,"17,19",null,paid
3286,4265,Багровый фонарь,booster,COMMON,12.10.2025 14:09:00,9.82,,paid
3287,4265,Костяной венец,currency,common,2025-10-12 06:37:00,76.13,RETURN20,paid
3288,4265,Терновый венец,cosmetic,rare,12.10.2025 16:31:00,5.89,-,paid
3289,4265,Терновый рог,bundle,epic,12.10.2025 20:19:00,17.39,,paid
3290,4265,Золочёный посох,booster,RARE,12.10.2025 13:27:00,1.69,,paid
3291,4265,Ледяной перчатки,battlepass,EPIC,2025-10-12 07:00:00,9.77 USD,WELCOME15,paid
3292,4265,Ледяной плащ,battlepass,epic,12.10.2025 03:32:00,15.54,,paid
3293,4265,Лунный плащ,cosmetic,COMMON,2025-10-12 06:37:00,17.32,RETURN20,paid
3294,4265,Изумрудный посох,booster,common,2025-10-12 05:31:00,6.06,SPRING10,paid
3295,4265,Костяной печать,battlepass,common,2025-10-12 14:00:00,8.69 USD,WINTER30,paid
3296,4265,Изумрудный перчатки,booster,epic,2025-10-12 16:00:00,"6,84",,paid
3297,4265,Багровый сундук,booster,legendary,2025-10-12 08:46:00,2.46,,paid
3298,4265,Тенистый клинок,bundle,legendary,2025-10-12 02:53:00,70.79,null,paid
3299,4265,Золочёный перчатки,cosmetic,rare,2025-10-12 06:08:00,16.88 USD,SPRING10,paid
3300,4265,Пепельный рог,booster,epic,12.10.2025 06:52:00,"7,12",null,paid
3301,4265,Медный посох,booster,common,2025-10-12 16:44:00,7.75,SPRING10,paid
3302,4265,Ледяной рог,battlepass,common,12.10.2025 18:59:00,13.34,-,paid
3303,4265,Терновый сундук,booster,EPIC,2025-10-12 13:37:00,5.20,NaN,paid
3304,4265,Медный амулет,cosmetic,COMMON,2025-10-12 15:09:00,8.10 USD,,paid
3305,4265,Золочёный посох,booster,RARE,12.10.2025 23:33:00,1.69,н/д,paid
3306,4265,Ржавый печать,cosmetic,epic,2025-10-12 15:13:00,16.49,NaN,paid
3307,4265,Лунный сундук,currency,common,2025-10-12 08:44:00,73.48,н/д,paid
3308,4265,Ледяной рог,battlepass,common,12.10.2025 13:53:00,13.34,NaN,paid
3309,4265,Костяной венец,currency,common,2025-10-12 04:30:00,71.37,AUTUMN25,paid
3310,4265,Багровый плащ,currency,epic,12.10.2025 02:00:00,75.44,,paid
3311,4265,Ледяной перчатки,battlepass,epic,2025-10-12 03:37:00,11.49,-,paid
3312,4265,Костяной посох,currency,common,12.10.2025 22:32:00,31.49,,paid
3313,4265,Терновый сундук,booster,epic,2025-10-12 15:54:00,5.20,null,paid
3314,4265,Терновый сундук,booster,epic,12.10.2025 03:38:00,"5,20",NaN,paid
3315,4265,Золочёный перчатки,cosmetic,rare,2025-10-12 23:46:00,14.07,AUTUMN25,paid
3316,4265,Золочёный перчатки,cosmetic,RARE,2025-10-12 08:59:00,18.76 USD,-,paid
3317,4265,Ледяной рог,battlepass,common,2025-10-12 03:18:00,10.67,RETURN20,paid
3318,4265,Медный перчатки,currency,rare,2025-10-12 01:03:00,60.54 USD,null,paid
3319,4265,Костяной венец,currency,common,2025-10-12 11:57:00,95.16,NaN,paid
3320,4265,Изумрудный перчатки,booster,epic,12.10.2025 20:21:00,6.84,,paid
3321,4265,Костяной венец,currency,common,2025-10-12 20:56:00,95.16,null,paid
3322,4265,Терновый рог,bundle,epic,2025-10-12 00:11:00,15.65,SPRING10,paid
3323,4265,Ледяной плащ,battlepass,epic,12.10.2025 11:08:00,15.54,,paid
3324,4265,Костяной рог,currency,rare,12.10.2025 13:48:00,28.86,,paid
3325,4265,Ледяной плащ,battlepass,epic,12.10.2025 13:39:00,15.54,,paid
3326,4265,Багровый сундук,booster,LEGENDARY,2025-10-12 00:15:00,2.46,,paid
3327,4265,Медный маска,battlepass,common,2025-10-12 19:33:00,11.25 USD,,refunded
3328,4265,Медный перчатки,currency,rare,2025-10-12 05:56:00,60.54,-,paid
3329,4265,Костяной посох,currency,common,2025-10-12 23:50:00,31.49,,paid
3330,4265,Костяной печать,battlepass,common,2025-10-12 21:01:00,12.41,,paid
3331,4265,Костяной венец,currency,common,12.10.2025 13:33:00,95.16 USD,,paid
3332,4265,Ледяной плащ,battlepass,epic,2025-10-12 20:57:00,"15,54",,paid
3333,4265,Лунный посох,battlepass,legendary,2025-10-12 14:26:00,12.81,NaN,paid
3334,4265,Золочёный рог,currency,common,12.10.2025 04:14:00,"74,57",,paid
3335,4265,Костяной печать,battlepass,COMMON,2025-10-12 05:46:00,11.17 USD,SPRING10,paid
3336,4265,Изумрудный плащ,currency,common,2025-10-12 11:48:00,41.79,-,refunded
3337,4265,Пепельный посох,booster,rare,2025-10-12 04:06:00,9.85,,paid
3338,4265,Ледяной рог,battlepass,common,2025-10-12 05:47:00,12.01,SPRING10,paid
3339,4265,Лунный посох,battlepass,LEGENDARY,2025-10-12 15:02:00,"12,81",н/д,paid
3340,4265,Древний сундук,bundle,common,2025-10-12 20:28:00,53.74,,paid
3341,4265,Ледяной плащ,battlepass,epic,2025-10-12 00:20:00,15.54,,paid
3342,4265,Пепельный плащ,currency,COMMON,2025-10-12 00:43:00,46.54 USD,WELCOME15,paid
3343,4265,Ржавый печать,cosmetic,epic,2025-10-12 16:33:00,16.49,н/д,paid
3344,4265,Лунный посох,battlepass,legendary,2025-10-12 03:08:00,12.81,NaN,paid
3345,4265,Ржавый печать,cosmetic,EPIC,2025-10-12 13:31:00,12.37,AUTUMN25,paid
3346,4265,Ледяной плащ,battlepass,epic,2025-10-12 19:58:00,15.54,NaN,paid
3347,4265,Терновый сундук,booster,EPIC,12.10.2025 03:31:00,5.20,-,paid
3348,4265,Золочёный маска,currency,rare,2025-10-12 10:25:00,33.25 USD,null,refunded
3349,4265,Терновый печать,booster,RARE,2025-10-12 15:11:00,7.48,,paid
3350,4265,Костяной печать,battlepass,common,2025-10-12 12:32:00,12.41,,paid
3351,4265,Золочёный посох,booster,rare,12.10.2025 16:53:00,1.69,,paid
3352,4265,Золочёный рог,currency,common,2025-10-12 02:14:00,74.57,,paid
3353,4265,Багровый плащ,currency,EPIC,2025-10-12 20:40:00,64.12,WELCOME15,paid
3354,4265,Костяной рог,currency,rare,2025-10-12 18:16:00,28.86,,paid
3355,4265,Багровый плащ,currency,epic,2025-10-12 15:43:00,75.44,,paid
3356,4265,Пепельный плащ,currency,common,2025-10-12 13:35:00,54.75 USD,,paid
3357,4265,Пепельный компас,booster,epic,2025-10-12 13:56:00,6.67,н/д,paid
3358,4265,Древний венец,cosmetic,common,12.10.2025 12:09:00,7.19,SPRING10,paid
3359,4265,Тенистый посох,bundle,common,2025-10-12 06:04:00,"13,75",RETURN20,paid
3360,4265,Терновый сундук,booster,epic,2025-10-12 11:54:00,5.20,,paid
3361,4265,Ледяной перчатки,battlepass,epic,2025-10-12 00:32:00,8.62,AUTUMN25,paid
3362,4265,Лунный посох,battlepass,legendary,12.10.2025 14:37:00,12.81,н/д,paid
3363,4265,Ледяной плащ,battlepass,EPIC,2025-10-12 23:18:00,15.54,-,paid
3364,4265,Ледяной плащ,battlepass,epic,2025-10-12 03:39:00,15.54,,paid
3365,4265,Золочёный посох,booster,rare,2025-10-12 02:02:00,1.69,null,paid
3366,4265,Багровый сундук,booster,legendary,2025-10-12 01:38:00,1.84,AUTUMN25,paid
3367,4265,Пепельный посох,booster,rare,2025-10-12 03:13:00,9.85,,paid
3368,4265,Медный печать,bundle,rare,12.10.2025 05:12:00,25.47,AUTUMN25,paid
3369,4265,Костяной венец,currency,common,2025-10-12 16:25:00,95.16,,paid
3370,4265,Ржавый плащ,currency,legendary,12.10.2025 19:13:00,60.75,,paid
3371,4265,Лунный сундук,currency,COMMON,2025-10-12 14:43:00,73.48,NaN,paid
3372,4265,Ледяной перчатки,battlepass,EPIC,2025-10-12 12:07:00,н/д,null,paid
3373,4265,Пепельный посох,booster,rare,2025-10-12 11:31:00,9.85,NaN,paid
3374,4265,Древний венец,cosmetic,common,2025-10-12 05:36:00,6.79,WELCOME15,paid
3375,4265,Древний сундук,bundle,COMMON,2025-10-12 11:46:00,45.68,WELCOME15,paid
3376,4265,Терновый сундук,booster,epic,12.10.2025 00:34:00,5.20,null,paid
3377,4265,Золочёный рог,currency,COMMON,2025-10-12 15:24:00,74.57,NaN,paid
3378,4265,Багровый сундук,booster,legendary,2025-10-12 15:13:00,2.46,-,paid
3379,4265,Золочёный посох,booster,rare,12.10.2025 07:43:00,1.52,SPRING10,paid
3380,4265,Костяной печать,battlepass,common,12.10.2025 00:56:00,12.41,н/д,paid
3381,4265,Лунный посох,battlepass,legendary,2025-10-12 13:14:00,11.53 USD,SPRING10,paid
3382,4265,Терновый сундук,booster,epic,2025-10-12 17:26:00,5.20,,paid
3383,4265,Багровый сундук,booster,legendary,2025-10-12 15:08:00,2.46,н/д,paid
3384,4265,Лунный венец,currency,epic,2025-10-12 07:15:00,31.36 USD,-,paid
3385,4265,Костяной печать,battlepass,common,2025-10-12 05:47:00,"12,41",,paid
3386,4265,Ледяной перчатки,battlepass,EPIC,2025-10-12 23:47:00,-,WELCOME15,refunded
3387,4265,Костяной венец,currency,common,2025-10-12 00:31:00,95.16,,paid
3388,4265,Тенистый венец,currency,common,2025-10-12 10:43:00,56.47,,paid
3389,4265,Золочёный посох,booster,rare,2025-10-12 22:42:00,1.69 USD,,paid
3390,4265,Золочёный перчатки,cosmetic,rare,2025-10-12 12:35:00,13.13,WINTER30,paid
3391,4265,Изумрудный маска,booster,legendary,2025-10-12 05:23:00,8.24,,paid
3392,4265,Пепельный печать,battlepass,common,2025-10-12 11:14:00,8.96,WELCOME15,paid
3393,4265,Ледяной перчатки,battlepass,epic,2025-10-12 22:34:00,11.49,null,paid
3394,4265,Багровый плащ,currency,epic,2025-10-12 10:27:00,н/д,н/д,paid
3395,4265,Лунный сундук,currency,common,2025-10-12 18:13:00,73.48,,paid
3396,4265,Терновый венец,cosmetic,rare,2025-10-12 09:17:00,5.89,null,paid
3397,4265,Терновый печать,booster,rare,2025-10-12 00:45:00,7.48 USD,,paid
3398,4265,Костяной венец,currency,common,12.10.2025 05:43:00,95.16,NaN,paid
3399,4265,Золочёный посох,booster,rare,2025-10-12 16:12:00,1.69,н/д,paid
3400,4265,Изумрудный перчатки,booster,epic,2025-10-12 13:43:00,6.84,,paid
3401,4265,Лунный плащ,cosmetic,common,2025-10-12 06:39:00,21.65,,paid
3402,4265,Ржавый печать,cosmetic,epic,2025-10-12 09:46:00,16.49,null,paid
3403,4265,Костяной венец,currency,COMMON,12.10.2025 01:18:00,95.16,,paid
3404,4265,Тенистый рог,cosmetic,epic,2025-10-12 01:42:00,11.87,,paid
3405,4265,Тенистый венец,currency,COMMON,2025-10-12 01:55:00,56.47 USD,н/д,paid
3406,4265,Ржавый плащ,currency,legendary,2025-10-12 09:42:00,60.75,,paid
3407,4300,Багровый печать,currency,legendary,2025-11-22 11:22:00,51.22,н/д,paid
3408,4300,Ледяной плащ,battlepass,epic,2025-11-22 18:40:00,"15,54",,paid
3409,4300,Багровый сундук,booster,legendary,2025-11-22 04:43:00,2.46,,paid
3410,4320,Ледяной рог,battlepass,COMMON,2025-09-22 10:11:00,13.34,,paid
3411,4320,Ржавый компас,bundle,common,2025-09-25 00:10:00,53.98,null,paid
3412,4320,Терновый венец,cosmetic,rare,2025-12-31 07:25:00,4.71,RETURN20,paid
3413,4320,Ледяной плащ,battlepass,epic,2025-09-22 21:46:00,"15,54",,paid
3414,4320,Костяной венец,currency,COMMON,2025-09-22 00:14:00,95.16,,paid
3415,4326,Ледяной маска,cosmetic,common,2025-09-30 17:24:00,"6,26",RETURN20,paid
3416,4331,Костяной печать,battlepass,COMMON,23.10.2025 15:34:00,12.41,н/д,paid
3417,4331,Изумрудный маска,booster,LEGENDARY,08.01.2026 18:24:00,8.24,,paid
3418,4368,Ржавый амулет,currency,common,2026-01-15 08:01:00,51.66,,paid
3419,4368,Золочёный посох,booster,RARE,04.01.2026 09:10:00,1.18,WINTER30,paid
3420,4368,Золочёный компас,bundle,rare,2026-01-09 13:32:00,NaN,SPRING10,paid
3421,4372,Медный посох,booster,common,2026-02-11 11:43:00,8.61,,paid
3422,4372,Ледяной рог,battlepass,COMMON,2026-02-20 20:50:00,13.34 USD,null,paid
3423,4372,Золочёный рог,currency,common,2026-03-10 09:39:00,55.93,AUTUMN25,paid
3424,4408,Лунный венец,currency,epic,2026-05-03 11:20:00,"23,52",AUTUMN25,refunded
3425,4408,Багровый сундук,booster,legendary,2026-05-03 23:11:00,1.84,AUTUMN25,paid
3426,4412,Тенистый рог,cosmetic,epic,2025-11-23 20:31:00,10.68,SPRING10,paid
3427,4412,Медный амулет,cosmetic,common,2025-11-21 01:51:00,8.10,,paid
3428,4412,Терновый венец,cosmetic,rare,2025-11-21 03:41:00,5.89,н/д,paid
3429,4413,Золочёный компас,bundle,rare,2025-10-13 18:54:00,"57,62",-,paid
3430,4480,Медный маска,battlepass,COMMON,2025-11-30 23:53:00,11.25,null,paid
3431,4494,Костяной венец,currency,common,13.10.2025 16:37:00,95.16,,paid
3432,4494,Ледяной плащ,battlepass,epic,30.04.2026 17:57:00,15.54,,paid
3433,4494,Багровый сундук,booster,legendary,2025-10-09 14:18:00,2.46,null,paid
3434,4494,Ледяной плащ,battlepass,epic,2026-03-02 05:58:00,10.88,WINTER30,paid
3435,4494,Костяной венец,currency,common,2026-02-16 01:36:00,95.16,,paid
3436,4501,Пепельный рог,booster,epic,06.04.2026 10:23:00,"7,12",NaN,paid
3437,4501,Древний посох,cosmetic,epic,2026-04-06 17:16:00,4.91,,paid
3438,4501,Костяной венец,currency,COMMON,2026-04-06 22:50:00,95.16,NaN,paid
3439,4503,Терновый сундук,booster,epic,2025-10-20 06:03:00,5.20,,paid
3440,4504,Тенистый посох,bundle,common,05.10.2025 08:18:00,17.19,null,paid
3441,4518,Золочёный посох,booster,RARE,23.09.2025 12:21:00,1.69,-,paid
3442,4533,Изумрудный посох,booster,common,2025-11-17 10:17:00,6.73,,paid
3443,4553,Пепельный плащ,currency,common,25.10.2025 03:21:00,54.75,-,paid
3444,4553,Лунный венец,currency,epic,2025-12-02 01:14:00,31.36,,paid
3445,4553,Тенистый венец,currency,common,2025-12-05 10:12:00,56.47,,paid
3446,4553,Багровый сундук,booster,legendary,2025-12-31 17:22:00,2.46,н/д,paid
3447,4553,Ледяной плащ,battlepass,EPIC,2025-11-12 00:42:00,NaN,null,paid
3448,4553,Ржавый фонарь,battlepass,rare,23.10.2025 20:37:00,10.83,,paid
3449,4553,Ржавый амулет,currency,common,2025-11-06 13:33:00,51.66,,paid
3450,4553,Тенистый рог,cosmetic,epic,2025-12-21 16:03:00,11.87,null,paid
3451,4553,Ледяной рог,battlepass,common,2025-11-19 11:24:00,12.01,SPRING10,paid
3452,4553,Терновый венец,cosmetic,rare,09.11.2025 01:20:00,5.89,,paid
3453,4553,Багровый плащ,currency,epic,2025-12-13 03:59:00,75.44,н/д,refunded
3454,4553,Золочёный посох,booster,RARE,23.10.2025 03:40:00,1.35,RETURN20,paid
3455,4553,Ледяной плащ,battlepass,EPIC,2025-10-26 15:47:00,15.54,н/д,paid
3456,4553,Костяной рог,currency,rare,2026-01-21 19:21:00,28.86,,paid
3457,4553,Золочёный сундук,booster,EPIC,2025-11-06 12:15:00,9.83,NaN,paid
3458,4553,Ледяной рог,battlepass,common,2025-12-21 03:06:00,11.34,WELCOME15,paid
3459,4553,Терновый венец,cosmetic,RARE,23.12.2025 01:41:00,5.89 USD,,paid
3460,4553,Костяной рог,currency,rare,2025-11-10 06:32:00,28.86 USD,NaN,paid
3461,4553,Ледяной рог,battlepass,common,07.12.2025 20:52:00,13.34,null,paid
3462,4553,Багровый плащ,currency,epic,2025-12-17 17:21:00,75.44,null,paid
3463,4553,Пепельный плащ,currency,common,2025-10-30 05:02:00,46.54,WELCOME15,paid
3464,4553,Золочёный рог,currency,common,2025-10-27 13:49:00,74.57,null,paid
3465,4553,Костяной посох,currency,COMMON,09.01.2026 05:25:00,"31,49",-,paid
3466,4553,Пепельный печать,battlepass,common,2025-10-28 03:43:00,8.43 USD,RETURN20,paid
3467,4553,Медный посох,booster,common,27.11.2025 12:23:00,,SPRING10,paid
3468,4553,Костяной посох,currency,common,2025-12-08 11:19:00,31.49,-,paid
3469,4553,Золочёный посох,booster,rare,2025-11-06 20:31:00,1.69,null,paid
3470,4553,Костяной перчатки,battlepass,RARE,2025-10-23 00:54:00,15.22,SPRING10,paid
3471,4553,Изумрудный печать,cosmetic,common,09.11.2025 17:44:00,21.79 USD,,paid
3472,4553,Ржавый печать,cosmetic,epic,2025-11-20 03:55:00,16.49,н/д,paid
3473,4553,Костяной посох,currency,common,2025-10-25 00:18:00,31.49 USD,null,refunded
3474,4553,Костяной печать,battlepass,COMMON,2025-10-29 04:36:00,12.41 USD,-,paid
3475,4553,Костяной венец,currency,common,2025-11-30 00:45:00,95.16,,paid
3476,4553,Костяной клинок,cosmetic,COMMON,25.12.2025 04:01:00,16.00 USD,SPRING10,paid
3477,4553,Тенистый клинок,bundle,legendary,2025-11-21 07:44:00,70.79,,paid
3478,4553,Тенистый венец,currency,common,2025-11-15 09:59:00,"45,18",RETURN20,paid
3479,4553,Тенистый плащ,bundle,epic,2025-11-24 00:41:00,27.96,,paid
3480,4553,Лунный плащ,cosmetic,common,2025-10-24 01:42:00,18.40,WELCOME15,paid
3481,4553,Ледяной рог,battlepass,common,2026-01-20 00:00:00,9.34,WINTER30,paid
3482,4553,Золочёный посох,booster,rare,2025-11-03 07:13:00,"1,69",,paid
3483,4553,Костяной венец,currency,common,2025-12-30 09:03:00,95.16,NaN,paid
3484,4553,Ржавый плащ,currency,legendary,04.01.2026 12:17:00,60.75,null,paid
3485,4553,Ржавый амулет,currency,common,2025-12-12 23:57:00,51.66,,paid
3486,4553,Ржавый печать,cosmetic,epic,13.11.2025 22:44:00,16.49,-,refunded
3487,4553,Тенистый посох,bundle,COMMON,09.01.2026 19:52:00,17.19,,paid
3488,4553,Ледяной перчатки,battlepass,epic,2025-12-05 06:05:00,11.49 USD,NaN,paid
3489,4553,Золочёный посох,booster,rare,31.12.2025 10:55:00,1.69,null,paid
3490,4553,Золочёный рог,currency,common,2026-01-24 03:55:00,74.57,,paid
3491,4553,Пепельный печать,battlepass,common,2026-01-03 15:17:00,10.54,NaN,paid
3492,4553,Ржавый печать,cosmetic,epic,05.11.2025 05:37:00,11.54,WINTER30,paid
3493,4553,Изумрудный плащ,currency,common,2025-11-06 00:00:00,"41,79",,paid
3494,4553,Багровый фонарь,booster,common,28.11.2025 11:01:00,9.82,,paid
3495,4553,Ледяной рог,battlepass,common,14.12.2025 04:02:00,13.34,н/д,paid
3496,4553,Терновый венец,cosmetic,rare,15.01.2026 16:00:00,5.89,,paid
3497,4553,Костяной венец,currency,common,2025-12-28 11:33:00,95.16,,paid
3498,4553,Ледяной плащ,battlepass,epic,2025-10-26 07:03:00,15.54,,paid
3499,4553,Терновый венец,cosmetic,rare,2025-12-30 16:48:00,5.89,null,paid
3500,4553,Костяной перчатки,battlepass,RARE,2025-12-21 05:17:00,16.91,null,paid
3501,4553,Ледяной перчатки,battlepass,epic,2025-10-23 03:37:00,11.49,,paid
3502,4553,Золочёный рог,currency,common,2025-10-28 07:48:00,63.38,WELCOME15,paid
3503,4553,Ледяной перчатки,battlepass,epic,2025-11-21 02:09:00,11.49,null,paid
3504,4553,Костяной венец,currency,COMMON,2025-10-25 14:21:00,80.89,WELCOME15,paid
3505,4553,Ледяной перчатки,battlepass,epic,2025-10-28 21:17:00,11.49,-,paid
3506,4553,Багровый плащ,currency,EPIC,2026-01-14 19:50:00,75.44,NaN,paid
3507,4553,Золочёный сундук,booster,EPIC,2025-11-04 11:40:00,8.85,SPRING10,paid
3508,4553,Ржавый печать,cosmetic,epic,2026-01-08 19:23:00,11.54,WINTER30,paid
3509,4553,Костяной посох,currency,common,19.12.2025 05:56:00,25.19,RETURN20,paid
3510,4553,Ржавый печать,cosmetic,epic,2025-10-26 07:22:00,16.49,null,paid
3511,4553,Медный амулет,cosmetic,COMMON,2025-12-14 05:17:00,8.10,н/д,paid
3512,4553,Багровый сундук,booster,legendary,2025-11-16 01:01:00,2.46,null,paid
3513,4553,Пепельный печать,battlepass,common,2025-12-11 13:27:00,10.54,-,paid
3514,4553,Костяной венец,currency,common,2025-11-01 04:16:00,76.13,RETURN20,refunded
3515,4553,Пепельный компас,booster,epic,03.11.2025 02:44:00,6.67,NaN,paid
3516,4555,Костяной печать,battlepass,common,20.11.2025 14:03:00,12.41,,paid
3517,4555,Ледяной маска,cosmetic,common,12.12.2025 22:16:00,7.82,н/д,paid
3518,4555,Тенистый рог,cosmetic,epic,22.11.2025 22:22:00,11.87,,paid
3519,4561,Ржавый печать,cosmetic,epic,2026-05-06 08:39:00,16.49 USD,-,paid
3520,4575,Ржавый печать,cosmetic,epic,2026-02-11 10:03:00,14.84,SPRING10,paid
3521,4616,Ледяной плащ,battlepass,epic,2026-02-16 06:53:00,15.54,,paid
3522,4616,Ржавый печать,cosmetic,epic,2026-01-29 02:32:00,14.02,WELCOME15,paid
3523,4616,Терновый рог,bundle,epic,2026-01-13 02:49:00,17.39,NaN,paid
3524,4636,Терновый рог,bundle,epic,2025-12-20 12:54:00,17.39,NaN,paid
3525,4636,Медный печать,bundle,rare,2026-04-14 15:08:00,33.96,-,paid
3526,4636,Медный маска,battlepass,common,2026-04-12 13:54:00,11.25,,paid
3527,4636,Изумрудный сундук,booster,COMMON,2026-06-08 07:42:00,6.33,NaN,paid
3528,4636,Терновый печать,booster,rare,2026-04-26 22:06:00,7.48,null,paid
3529,4636,Багровый сундук,booster,LEGENDARY,2026-03-07 03:15:00,2.46 USD,null,paid
3530,4636,Ржавый фонарь,battlepass,RARE,2026-02-14 15:37:00,-,,paid
3531,4636,Древний венец,cosmetic,common,20.12.2025 00:55:00,6.39,RETURN20,paid
3532,4639,Медный печать,bundle,rare,2025-10-25 22:59:00,33.96,NaN,paid
3533,4639,Медный маска,battlepass,common,2025-09-11 19:45:00,9.56,WELCOME15,paid
3534,4639,Костяной венец,currency,COMMON,2025-09-22 08:35:00,95.16,н/д,paid
3535,4639,Ржавый печать,cosmetic,epic,2025-09-24 21:37:00,"16,49",,paid
3536,4639,Терновый венец,cosmetic,rare,03.10.2025 08:49:00,5.89,,paid
3537,4639,Багровый плащ,currency,EPIC,2025-09-15 23:12:00,75.44,н/д,paid
3538,4639,Тенистый фонарь,battlepass,rare,2025-10-25 20:38:00,19.53,NaN,paid
3539,4639,Костяной печать,battlepass,common,2025-10-08 20:34:00,12.41,null,paid
3540,4639,Терновый сундук,booster,epic,2025-09-18 10:43:00,5.20,,paid
3541,4639,Тенистый рог,cosmetic,epic,2025-09-11 20:53:00,8.90,AUTUMN25,paid
3542,4639,Пепельный плащ,currency,common,2025-09-27 05:06:00,54.75,н/д,paid
3543,4639,Ледяной плащ,battlepass,EPIC,2025-10-14 23:26:00,12.43,RETURN20,paid
3544,4639,Медный амулет,cosmetic,common,2025-09-16 23:51:00,NaN,,paid
3545,4646,Терновый венец,cosmetic,RARE,05.09.2025 21:24:00,5.89,null,paid
3546,4646,Ржавый амулет,currency,common,2025-09-08 14:53:00,51.66,,paid
3547,4646,Ледяной плащ,battlepass,epic,2025-09-03 06:07:00,11.65,AUTUMN25,paid
3548,4646,Костяной рог,currency,RARE,2025-09-04 13:03:00,28.86,,paid
3549,4646,Лунный сундук,currency,common,2025-09-06 15:02:00,73.48,-,paid
3550,4646,Костяной печать,battlepass,common,2025-09-02 08:16:00,12.41,-,refunded
3551,4646,Багровый плащ,currency,EPIC,07.09.2025 12:41:00,75.44,н/д,paid
3552,4646,Тенистый фонарь,battlepass,rare,02.09.2025 17:32:00,19.53,-,paid
3553,4646,Терновый сундук,booster,epic,2025-09-02 03:43:00,5.20 USD,,paid
3554,4646,Ледяной плащ,battlepass,epic,2025-09-11 23:51:00,"10,88",WINTER30,paid
3555,4646,Ледяной плащ,battlepass,epic,2025-09-09 05:27:00,15.54 USD,н/д,paid
3556,4646,Лунный венец,currency,epic,2025-09-02 12:32:00,31.36,,paid
3557,4646,Пепельный компас,booster,epic,2025-09-02 12:07:00,6.67,н/д,paid
3558,4646,Медный перчатки,currency,rare,2025-09-03 01:48:00,60.54 USD,NaN,paid
3559,4646,Костяной рог,currency,rare,2025-09-07 04:06:00,28.86,null,paid
3560,4646,Терновый сундук,booster,epic,05.09.2025 07:11:00,5.20,,paid
3561,4646,Пепельный плащ,currency,common,05.09.2025 04:58:00,54.75,н/д,paid
3562,4646,Костяной перчатки,battlepass,rare,10.09.2025 03:21:00,16.91,,paid
3563,4646,Тенистый рог,cosmetic,epic,2025-09-03 22:38:00,11.87,,paid
3564,4646,Изумрудный маска,booster,legendary,2025-09-02 09:51:00,6.59,RETURN20,paid
3565,4646,Костяной венец,currency,common,03.09.2025 21:45:00,95.16,-,paid
3566,4646,Изумрудный сундук,booster,common,2025-09-05 21:34:00,6.33,-,paid
3567,4646,Ржавый печать,cosmetic,epic,2025-09-09 16:29:00,16.49,NaN,paid
3568,4646,Изумрудный сундук,booster,COMMON,2025-09-03 13:06:00,6.33,,paid
3569,4646,Пепельный плащ,currency,common,2025-09-07 07:29:00,54.75,NaN,paid
3570,4646,Медный печать,bundle,rare,2025-09-02 11:38:00,33.96,null,paid
3571,4646,Тенистый фонарь,battlepass,RARE,06.09.2025 17:59:00,19.53,н/д,paid
3572,4646,Багровый плащ,currency,epic,05.09.2025 06:56:00,67.90,SPRING10,paid
3573,4646,Золочёный маска,currency,rare,2025-09-03 19:17:00,33.25 USD,null,paid
3574,4646,Тенистый плащ,bundle,epic,04.09.2025 03:46:00,"19,57",WINTER30,paid
3575,4646,Багровый печать,currency,legendary,2025-09-02 02:57:00,51.22,null,paid
3576,4646,Пепельный плащ,currency,common,2025-09-05 06:36:00,54.75,null,paid
3577,4646,Костяной посох,currency,COMMON,04.09.2025 21:06:00,31.49,null,paid
3578,4646,Костяной маска,currency,legendary,2025-09-02 20:22:00,23.03,-,paid
3579,4646,Ледяной маска,cosmetic,common,2025-09-02 02:46:00,7.82,н/д,paid
3580,4646,Золочёный компас,bundle,rare,03.09.2025 02:41:00,57.62,NaN,paid
3581,4646,Лунный венец,currency,epic,2025-09-05 19:12:00,25.09 USD,RETURN20,paid
3582,4646,Лунный плащ,cosmetic,common,2025-09-02 09:47:00,21.65,NaN,paid
3583,4646,Ледяной плащ,battlepass,EPIC,07.09.2025 00:14:00,12.43,RETURN20,paid
3584,4646,Медный амулет,cosmetic,common,2025-09-04 17:15:00,8.10,NaN,refunded
3585,4646,Костяной маска,currency,LEGENDARY,03.09.2025 02:22:00,23.03,null,paid
3586,4646,Пепельный посох,booster,RARE,10.09.2025 10:02:00,"9,85",,paid
3587,4646,Тенистый клинок,bundle,legendary,2025-09-09 15:55:00,70.79,-,paid
3588,4646,Тенистый фонарь,battlepass,rare,2025-09-03 01:10:00,17.58,SPRING10,paid
3589,4670,Золочёный посох,booster,rare,2025-10-18 23:31:00,1.69,,paid
3590,4678,Лунный посох,battlepass,legendary,2025-09-06 23:36:00,"12,81",,paid
3591,4685,Ледяной амулет,booster,rare,2025-11-05 02:46:00,4.52,,paid
3592,4696,Ржавый печать,cosmetic,epic,2025-10-01 14:12:00,16.49,,paid
3593,4720,Ледяной плащ,battlepass,epic,21.12.2025 20:58:00,15.54,н/д,paid
3594,4722,Ледяной плащ,battlepass,epic,2026-01-08 03:53:00,15.54,н/д,paid
3595,4723,Древний венец,cosmetic,common,31.10.2025 06:05:00,7.99,,paid
3596,4748,Изумрудный печать,cosmetic,common,2025-12-18 06:44:00,21.79,null,paid
3597,4794,Лунный венец,currency,epic,2026-02-18 19:08:00,31.36,NaN,paid
3598,4794,Багровый сундук,booster,LEGENDARY,18.02.2026 19:52:00,2.46,-,paid
3599,4794,Лунный венец,currency,epic,2026-02-18 19:02:00,31.36,н/д,paid
3600,4794,Медный амулет,cosmetic,common,18.02.2026 08:13:00,8.10,н/д,paid
3601,4794,Костяной посох,currency,common,18.02.2026 00:54:00,31.49,,paid
3602,4794,Ледяной плащ,battlepass,epic,18.02.2026 07:18:00,15.54 USD,NaN,paid
3603,4794,Медный перчатки,currency,rare,18.02.2026 12:34:00,42.38,WINTER30,paid
3604,4794,Медный маска,battlepass,COMMON,2026-02-18 13:28:00,11.25,,paid
3605,4794,Золочёный посох,booster,rare,2026-02-18 13:39:00,1.18,WINTER30,paid
3606,4794,Ледяной плащ,battlepass,epic,2026-02-18 11:34:00,15.54,н/д,paid
3607,4794,Изумрудный маска,booster,legendary,18.02.2026 14:53:00,8.24,,paid
3608,4799,Костяной печать,battlepass,common,2026-03-31 21:37:00,12.41,,paid
3609,4818,Багровый плащ,currency,epic,29.11.2025 13:34:00,75.44,NaN,paid
3610,4826,Золочёный посох,booster,rare,2025-11-29 23:50:00,1.69,н/д,paid
3611,4826,Костяной венец,currency,COMMON,2026-03-07 14:19:00,95.16,,paid
3612,4827,Медный маска,battlepass,common,2026-03-26 15:36:00,9.56,WELCOME15,paid
3613,4882,Тенистый венец,currency,common,2026-04-02 16:32:00,42.35,AUTUMN25,paid
3614,4906,Ледяной плащ,battlepass,epic,2026-05-24 20:27:00,15.54,null,refunded
3615,4959,Золочёный посох,booster,rare,2026-01-17 20:23:00,1.69,-,paid
3616,4980,Терновый печать,booster,rare,2026-02-09 11:02:00,7.48,null,paid
3617,4980,Изумрудный маска,booster,legendary,2026-02-05 11:22:00,6.18,AUTUMN25,paid
3618,4980,Костяной посох,currency,common,2026-02-09 13:29:00,31.49,null,paid
3619,4980,Медный амулет,cosmetic,common,06.02.2026 23:49:00,8.10,,paid
3620,4980,Костяной венец,currency,common,2026-02-24 21:20:00,66.61,WINTER30,paid
3621,4980,Медный амулет,cosmetic,common,2026-02-10 14:03:00,8.10 USD,,paid
3622,4980,Багровый сундук,booster,legendary,2026-02-26 22:55:00,2.21,SPRING10,paid
3623,4980,Пепельный печать,battlepass,common,2026-02-18 11:10:00,8.96,WELCOME15,paid
3624,4980,Медный маска,battlepass,common,2026-02-24 12:11:00,11.25,-,paid
3625,4980,Изумрудный печать,cosmetic,common,2026-03-05 13:50:00,21.79 USD,NaN,paid
3626,4992,Древний венец,cosmetic,common,2026-03-07 00:38:00,7.99,,paid
3627,4995,Костяной печать,battlepass,common,23.02.2026 05:57:00,10.55,WELCOME15,paid
3628,4996,Тенистый фонарь,battlepass,rare,2026-03-25 00:35:00,19.53,null,paid
3629,5002,Медный маска,battlepass,common,2025-11-18 03:40:00,11.25,null,paid
3630,5013,Ржавый амулет,currency,common,2025-12-21 01:18:00,51.66,,paid
3631,5027,Ледяной плащ,battlepass,epic,2026-02-21 13:49:00,15.54,null,paid
3632,5049,Изумрудный посох,booster,common,20.12.2025 05:14:00,6.73,null,paid
3633,5053,Изумрудный плащ,currency,common,2026-03-02 01:34:00,41.79,-,paid
3634,5054,Ледяной рог,battlepass,common,2025-12-18 01:46:00,10.67,RETURN20,paid
3635,5054,Ледяной плащ,battlepass,epic,23.12.2025 23:32:00,"15,54",null,paid
3636,5054,Изумрудный плащ,currency,common,2025-12-16 07:20:00,41.79,,paid
3637,5054,Терновый сундук,booster,epic,21.12.2025 06:46:00,5.20,,paid
3638,5058,Лунный посох,battlepass,legendary,2026-06-03 21:26:00,12.81,,paid
3639,5058,Ржавый амулет,currency,COMMON,2026-06-01 22:13:00,"41,33",RETURN20,paid
3640,5072,Багровый плащ,currency,epic,2025-09-10 23:10:00,75.44,null,paid
3641,5086,Изумрудный плащ,currency,common,2026-01-19 05:24:00,37.61,SPRING10,paid
3642,5086,Ледяной рог,battlepass,COMMON,2026-03-27 23:42:00,13.34,,paid
3643,5087,Золочёный компас,bundle,rare,2025-12-22 03:44:00,57.62,-,paid
3644,5093,Ржавый печать,cosmetic,EPIC,2026-03-05 01:02:00,16.49 USD,,paid
3645,5105,Костяной маска,currency,legendary,2026-01-17 07:24:00,23.03,н/д,paid
3646,5107,Пепельный рог,booster,EPIC,23.06.2026 19:38:00,7.12,,paid
3647,5107,Тенистый рог,cosmetic,epic,2026-06-30 23:29:00,11.87 USD,,paid
3648,5107,Древний посох,cosmetic,epic,2026-06-23 07:52:00,4.91,,paid
3649,5107,Медный маска,battlepass,common,25.06.2026 08:46:00,11.25,NaN,paid
3650,5107,Костяной венец,currency,COMMON,25.06.2026 19:27:00,95.16,-,paid
3651,5107,Ледяной перчатки,battlepass,EPIC,2026-06-28 22:37:00,"8,04",WINTER30,paid
3652,5107,Золочёный рог,currency,COMMON,2026-06-24 02:21:00,74.57,,paid
3653,5107,Ледяной плащ,battlepass,epic,2026-06-23 10:19:00,15.54,null,paid
3654,5107,Костяной перчатки,battlepass,rare,29.06.2026 04:48:00,16.91,,paid
3655,5118,Костяной венец,currency,common,2025-12-16 14:02:00,95.16,,paid
3656,5118,Медный амулет,cosmetic,common,2025-11-23 12:07:00,8.10 USD,-,paid
3657,5118,Костяной венец,currency,COMMON,2026-01-02 13:29:00,80.89,WELCOME15,paid
3658,5118,Тенистый плащ,bundle,epic,14.01.2026 23:18:00,23.77 USD,WELCOME15,paid
3659,5118,Пепельный плащ,currency,common,2025-12-02 18:01:00,54.75,,paid
3660,5118,Изумрудный печать,cosmetic,common,2025-11-26 11:33:00,21.79,,paid
3661,5118,Лунный посох,battlepass,legendary,21.01.2026 22:15:00,12.81,null,paid
3662,5118,Пепельный компас,booster,epic,2025-12-13 01:37:00,6.67,,paid
3663,5118,Древний венец,cosmetic,common,2025-11-29 22:30:00,6.39,RETURN20,paid
3664,5118,Ледяной плащ,battlepass,epic,2026-01-05 09:17:00,"15,54",null,paid
3665,5118,Костяной печать,battlepass,common,2026-01-19 17:03:00,8.69 USD,WINTER30,paid
3666,5118,Лунный сундук,currency,COMMON,28.11.2025 13:05:00,73.48,,paid
3667,5125,Тенистый рог,cosmetic,EPIC,2026-05-22 06:05:00,8.31,WINTER30,paid
3668,5131,Золочёный посох,booster,rare,2025-12-28 15:24:00,1.69 USD,,paid
3669,5143,Ледяной рог,battlepass,COMMON,2025-10-13 05:08:00,12.01,SPRING10,paid
3670,5147,Древний посох,cosmetic,epic,2026-02-27 05:52:00,4.91,null,paid
3671,5155,Багровый сундук,booster,legendary,22.10.2025 08:48:00,1.84 USD,AUTUMN25,paid
3672,5155,Пепельный посох,booster,rare,22.10.2025 11:02:00,9.85,н/д,paid
3673,5155,Костяной венец,currency,common,2025-10-23 12:14:00,95.16,,paid
3674,5155,Тенистый плащ,bundle,epic,22.10.2025 04:13:00,20.97 USD,AUTUMN25,paid
3675,5155,Древний венец,cosmetic,COMMON,2025-10-22 04:46:00,7.19,SPRING10,paid
3676,5155,Тенистый фонарь,battlepass,rare,2025-10-23 14:56:00,19.53,,refunded
3677,5155,Пепельный печать,battlepass,common,2025-10-23 18:13:00,"10,54",NaN,paid
3678,5155,Ржавый амулет,currency,common,23.10.2025 22:03:00,51.66,NaN,paid
3679,5155,Костяной венец,currency,common,2025-10-23 11:52:00,95.16,,paid
3680,5155,Медный амулет,cosmetic,common,2025-10-23 04:53:00,8.10,н/д,paid
3681,5155,Костяной маска,currency,legendary,22.10.2025 10:09:00,23.03,null,paid
3682,5155,Золочёный посох,booster,rare,2025-10-22 01:10:00,1.35,RETURN20,paid
3683,5155,Золочёный перчатки,cosmetic,rare,22.10.2025 02:27:00,18.76 USD,н/д,paid
3684,5155,Костяной венец,currency,common,22.10.2025 19:53:00,95.16 USD,н/д,paid
3685,5155,Изумрудный печать,cosmetic,common,2025-10-22 02:27:00,21.79,null,paid
3686,5155,Костяной венец,currency,common,2025-10-23 18:21:00,71.37,AUTUMN25,paid
3687,5155,Пепельный рог,booster,EPIC,22.10.2025 15:10:00,7.12,,paid
3688,5155,Тенистый фонарь,battlepass,rare,2025-12-24 00:00:00,14.65,AUTUMN25,paid
3689,5155,Костяной маска,currency,legendary,22.10.2025 12:13:00,23.03,null,paid
3690,5155,Терновый сундук,booster,epic,22.10.2025 01:24:00,5.20,,paid
3691,5155,Лунный посох,battlepass,legendary,2025-10-22 12:40:00,8.97,WINTER30,paid
3692,5155,Терновый венец,cosmetic,rare,2025-10-22 02:56:00,5.89,н/д,paid
3693,5155,Тенистый рог,cosmetic,epic,2025-10-22 22:02:00,10.09,WELCOME15,paid
3694,5155,Тенистый рог,cosmetic,epic,2025-10-22 21:04:00,8.90 USD,AUTUMN25,paid
3695,5155,Костяной перчатки,battlepass,RARE,23.10.2025 02:49:00,13.53,RETURN20,paid
3696,5155,Багровый плащ,currency,epic,2025-10-22 21:08:00,75.44,-,paid
3697,5155,Ржавый печать,cosmetic,epic,2025-10-23 10:14:00,"14,84",SPRING10,paid
3698,5155,Ледяной рог,battlepass,common,22.10.2025 15:04:00,13.34,NaN,paid
3699,5155,Тенистый посох,bundle,common,2025-10-22 16:10:00,17.19,NaN,paid
3700,5179,Терновый печать,booster,rare,2026-03-10 04:16:00,"7,48",NaN,paid
3701,5179,Терновый рог,bundle,epic,2026-03-19 02:28:00,17.39,,paid
3702,5179,Лунный венец,currency,epic,2026-03-10 11:05:00,31.36,,paid
3703,5179,Костяной посох,currency,common,2026-03-19 11:43:00,31.49,,paid
3704,5179,Пепельный рог,booster,epic,28.02.2026 20:55:00,7.12,null,paid
3705,5179,Костяной печать,battlepass,common,2026-02-28 01:40:00,12.41,-,paid
3706,5179,Изумрудный маска,booster,LEGENDARY,02.03.2026 03:12:00,8.24,null,paid
3707,5179,Костяной венец,currency,common,2026-03-04 20:19:00,95.16 USD,н/д,paid
3708,5179,Костяной венец,currency,common,2026-03-06 08:22:00,95.16,,paid
3709,5179,Золочёный посох,booster,rare,2026-03-13 02:50:00,1.52,SPRING10,paid
3710,5179,Терновый венец,cosmetic,RARE,2026-03-02 21:51:00,4.71,RETURN20,paid
3711,5179,Золочёный рог,currency,common,2026-03-01 22:44:00,74.57,-,paid
3712,5179,Медный перчатки,currency,rare,2026-03-21 14:53:00,60.54,-,paid
3713,5179,Ледяной амулет,booster,rare,06.03.2026 05:36:00,4.52,-,paid
3714,5179,Багровый плащ,currency,epic,2026-03-06 07:06:00,56.58,AUTUMN25,paid
3715,5189,Багровый сундук,booster,legendary,2025-12-04 15:52:00,"2,46",-,paid
3716,5189,Древний венец,cosmetic,common,2025-09-20 09:21:00,6.39,RETURN20,paid
3717,5193,Пепельный рог,booster,epic,2026-05-29 05:07:00,5.34,AUTUMN25,paid
3718,5193,Тенистый венец,currency,common,2026-06-02 16:37:00,56.47,,paid
3719,5193,Пепельный компас,booster,epic,2026-06-03 20:47:00,6.67,,paid
3720,5196,Тенистый венец,currency,common,2025-09-21 01:15:00,45.18,RETURN20,paid
3721,5203,Пепельный печать,battlepass,common,2025-10-26 21:24:00,10.54,н/д,paid
3722,5219,Золочёный компас,bundle,rare,2026-06-26 12:18:00,57.62,null,paid
3723,5228,Ржавый амулет,currency,common,2026-01-30 14:56:00,51.66,,paid
3724,5230,Лунный венец,currency,epic,2025-11-29 13:10:00,31.36,,paid
3725,5230,Медный перчатки,currency,rare,2025-10-29 13:05:00,60.54,н/д,paid
3726,5230,Костяной посох,currency,common,2025-11-11 23:09:00,31.49,null,paid
3727,5242,Ледяной маска,cosmetic,common,2025-11-16 20:00:00,7.82,н/д,paid
3728,5247,Древний венец,cosmetic,COMMON,2025-11-03 16:00:00,7.99,NaN,paid
3729,5247,Тенистый фонарь,battlepass,rare,2025-11-01 07:27:00,19.53,-,paid
3730,5247,Багровый сундук,booster,legendary,2025-11-01 21:05:00,2.46,н/д,paid
3731,5247,Лунный плащ,cosmetic,common,2025-11-01 13:26:00,21.65 USD,,paid
3732,5247,Медный посох,booster,common,2025-11-01 18:40:00,8.61,null,paid
3733,5247,Золочёный посох,booster,RARE,03.11.2025 05:58:00,1.69,,paid
3734,5247,Костяной посох,currency,COMMON,2025-11-02 18:05:00,31.49,,paid
3735,5247,Лунный посох,battlepass,legendary,2025-11-01 04:45:00,"12,81",,paid
3736,5247,Изумрудный маска,booster,legendary,2025-11-01 05:26:00,5.77,WINTER30,paid
3737,5247,Костяной венец,currency,common,2025-11-03 06:38:00,95.16,,paid
3738,5247,Тенистый рог,cosmetic,epic,2025-11-01 10:27:00,11.87 USD,-,paid
3739,5247,Тенистый рог,cosmetic,EPIC,2025-11-02 06:53:00,"11,87",,refunded
3740,5247,Изумрудный печать,cosmetic,common,2025-11-01 20:08:00,21.79,null,paid
3741,5247,Ледяной плащ,battlepass,epic,2025-11-01 04:26:00,15.54,null,paid
3742,5247,Лунный венец,currency,epic,02.11.2025 20:53:00,23.52,AUTUMN25,paid
3743,5247,Древний сундук,bundle,COMMON,2025-11-02 23:41:00,53.74,NaN,paid
3744,5256,Терновый сундук,booster,epic,2025-10-03 08:42:00,4.16,RETURN20,paid
3745,5297,Золочёный компас,bundle,rare,2026-01-21 16:21:00,57.62,,paid
3746,5297,Ледяной рог,battlepass,common,26.12.2025 00:06:00,13.34,,paid
3747,5297,Багровый сундук,booster,legendary,2026-04-21 17:50:00,2.46 USD,NaN,paid
3748,5297,Костяной венец,currency,common,2026-03-07 04:58:00,95.16,н/д,paid
3749,5297,Багровый печать,currency,legendary,2026-05-08 23:57:00,43.54,WELCOME15,paid
3750,5300,Медный маска,battlepass,common,2026-05-14 14:20:00,11.25,-,paid
3751,5302,Пепельный посох,booster,RARE,18.06.2026 17:27:00,9.85,,paid
3752,5302,Терновый венец,cosmetic,rare,2026-06-18 20:06:00,5.89,н/д,refunded
3753,5302,Лунный посох,battlepass,LEGENDARY,2026-06-18 21:30:00,"12,81",null,paid
3754,5302,Ледяной перчатки,battlepass,epic,2026-06-18 05:18:00,"11,49",-,paid
3755,5302,Ледяной перчатки,battlepass,epic,18.06.2026 12:43:00,11.49,,paid
3756,5302,Пепельный плащ,currency,common,18.06.2026 17:57:00,54.75,NaN,paid
3757,5302,Золочёный перчатки,cosmetic,RARE,2026-06-18 03:35:00,,null,paid
3758,5306,Ржавый амулет,currency,common,2026-03-29 15:33:00,51.66,,paid
3759,5306,Медный посох,booster,common,2026-05-22 12:37:00,8.61,null,paid
3760,5313,Ржавый печать,cosmetic,epic,2026-01-05 20:04:00,16.49,,paid
3761,5313,Ледяной рог,battlepass,common,2025-12-24 21:29:00,10.67,RETURN20,paid
3762,5313,Золочёный посох,booster,rare,2026-02-24 17:36:00,1.27,AUTUMN25,paid
3763,5313,Ледяной рог,battlepass,common,13.07.2026 00:00:00,"11,34",WELCOME15,paid
3764,5313,Лунный венец,currency,epic,02.03.2026 06:10:00,28.22,SPRING10,paid
3765,5313,Терновый венец,cosmetic,rare,2026-01-06 08:50:00,5.89,NaN,paid
3766,5313,Костяной печать,battlepass,common,26.12.2025 19:19:00,12.41,,paid
3767,5313,Ржавый печать,cosmetic,epic,2025-12-18 05:31:00,16.49 USD,,paid
3768,5313,Золочёный рог,currency,common,2025-12-17 18:30:00,74.57,,paid
3769,5313,Лунный плащ,cosmetic,common,2026-01-26 19:03:00,17.32,RETURN20,paid
3770,5313,Ледяной амулет,booster,rare,30.12.2025 05:55:00,н/д,н/д,paid
3771,5313,Тенистый рог,cosmetic,epic,2026-01-10 20:08:00,11.87 USD,н/д,paid
3772,5313,Древний посох,cosmetic,EPIC,2026-01-07 11:20:00,4.91,,paid
3773,5313,Тенистый рог,cosmetic,epic,2025-12-28 07:05:00,11.87,,paid
3774,5313,Тенистый посох,bundle,COMMON,2026-03-18 08:33:00,17.19,,paid
3775,5313,Пепельный печать,battlepass,COMMON,31.12.2025 11:41:00,10.54,-,paid
3776,5313,Багровый фонарь,booster,common,17.02.2026 23:45:00,9.82,-,paid
3777,5313,Ледяной рог,battlepass,common,2026-02-08 21:24:00,13.34,NaN,paid
3778,5313,Терновый сундук,booster,EPIC,2026-02-24 14:36:00,"3,64",WINTER30,paid
3779,5313,Костяной венец,currency,COMMON,21.03.2026 03:34:00,95.16 USD,,paid
3780,5313,Тенистый венец,currency,common,2025-12-17 03:24:00,56.47,-,paid
3781,5313,Ледяной плащ,battlepass,epic,2026-01-26 16:17:00,15.54,,paid
3782,5313,Лунный сундук,currency,common,2026-02-05 01:56:00,73.48,NaN,paid
3783,5313,Ледяной плащ,battlepass,epic,2026-02-11 21:49:00,11.65,AUTUMN25,paid
3784,5313,Тенистый фонарь,battlepass,rare,22.01.2026 06:11:00,19.53 USD,-,refunded
3785,5313,Лунный венец,currency,epic,27.03.2026 16:16:00,31.36,,paid
3786,5313,Ледяной плащ,battlepass,epic,13.02.2026 04:21:00,15.54,н/д,paid
3787,5313,Ледяной плащ,battlepass,EPIC,2026-01-30 08:06:00,15.54,NaN,paid
3788,5313,Ледяной перчатки,battlepass,epic,2025-12-18 09:15:00,,н/д,paid
3789,5313,Медный амулет,cosmetic,common,2026-02-06 12:26:00,6.07,AUTUMN25,paid
3790,5313,Ледяной рог,battlepass,COMMON,28.01.2026 13:00:00,13.34,null,paid
3791,5313,Костяной печать,battlepass,common,2026-01-09 13:35:00,12.41,,paid
3792,5313,Ледяной рог,battlepass,common,21.03.2026 20:32:00,13.34,null,paid
3793,5313,Ледяной рог,battlepass,common,21.12.2025 19:24:00,13.34,,paid
3794,5313,Пепельный печать,battlepass,common,20.02.2026 18:08:00,9.49,SPRING10,paid
3795,5313,Пепельный рог,booster,epic,2026-03-08 12:59:00,7.12,null,paid
3796,5313,Терновый сундук,booster,epic,2026-02-18 06:07:00,5.20,,paid
3797,5313,Костяной печать,battlepass,COMMON,2026-03-21 23:10:00,12.41,NaN,paid
3798,5313,Золочёный посох,booster,rare,2025-12-17 16:27:00,1.27,AUTUMN25,paid
3799,5313,Костяной посох,currency,common,2026-02-16 00:10:00,26.77,WELCOME15,paid
3800,5313,Пепельный плащ,currency,common,2026-03-17 04:18:00,54.75,,paid
3801,5313,Медный маска,battlepass,COMMON,2026-02-07 05:04:00,11.25,-,paid
3802,5313,Ледяной маска,cosmetic,COMMON,2026-03-09 11:24:00,"7,82",null,paid
3803,5313,Терновый сундук,booster,epic,2025-12-17 12:41:00,4.68 USD,SPRING10,paid
3804,5313,Костяной венец,currency,COMMON,2026-02-09 08:09:00,95.16 USD,,paid
3805,5313,Ледяной плащ,battlepass,epic,2025-12-17 17:55:00,15.54,н/д,paid
3806,5313,Ледяной плащ,battlepass,EPIC,2026-03-21 01:44:00,15.54,NaN,paid
3807,5313,Терновый венец,cosmetic,RARE,2026-03-14 19:35:00,5.89,,paid
3808,5313,Ледяной плащ,battlepass,epic,20.12.2025 09:52:00,12.43,RETURN20,paid
3809,5313,Ледяной плащ,battlepass,epic,2025-12-24 13:39:00,15.54,-,paid
3810,5313,Ржавый плащ,currency,legendary,2026-01-14 09:23:00,60.75,NaN,paid
3811,5313,Золочёный рог,currency,common,2026-01-10 23:23:00,74.57,-,paid
3812,5313,Терновый венец,cosmetic,RARE,17.02.2026 15:26:00,"5,89",-,paid
3813,5313,Пепельный плащ,currency,common,2026-02-07 02:14:00,54.75 USD,,paid
3814,5313,Тенистый рог,cosmetic,epic,07.02.2026 14:17:00,9.50 USD,RETURN20,paid
3815,5313,Ледяной плащ,battlepass,EPIC,2026-02-19 14:04:00,15.54,NaN,paid
3816,5313,Тенистый рог,cosmetic,epic,2025-12-25 09:21:00,11.87,,paid
3817,5313,Ледяной перчатки,battlepass,EPIC,2026-01-26 22:23:00,11.49,NaN,paid
3818,5313,Костяной венец,currency,common,21.03.2026 15:54:00,95.16,null,paid
3819,5313,Тенистый рог,cosmetic,epic,2026-03-19 02:33:00,11.87,,paid
3820,5313,Костяной венец,currency,common,2025-12-19 19:44:00,95.16 USD,н/д,paid
3821,5313,Терновый венец,cosmetic,rare,2025-12-29 09:43:00,5.89,-,paid
3822,5313,Древний сундук,bundle,common,2025-12-20 03:08:00,53.74 USD,,paid
3823,5313,Тенистый рог,cosmetic,epic,2025-12-26 02:21:00,11.87,-,paid
3824,5313,Костяной венец,currency,COMMON,2026-02-21 00:12:00,95.16,-,paid
3825,5313,Ледяной маска,cosmetic,COMMON,2026-03-16 20:47:00,7.82,NaN,paid
3826,5313,Костяной венец,currency,common,2026-01-04 15:50:00,95.16,,paid
3827,5313,Ржавый амулет,currency,common,2026-01-12 12:31:00,51.66,NaN,paid
3828,5313,Тенистый фонарь,battlepass,rare,2026-02-20 01:28:00,19.53,NaN,paid
3829,5313,Тенистый рог,cosmetic,epic,2026-01-26 05:32:00,11.87,null,paid
3830,5313,Ледяной рог,battlepass,COMMON,2026-03-26 22:54:00,13.34 USD,-,paid
3831,5313,Тенистый рог,cosmetic,epic,2026-02-28 03:13:00,9.50,RETURN20,paid
3832,5313,Изумрудный маска,booster,legendary,14.03.2026 15:26:00,8.24,-,paid
3833,5313,Костяной венец,currency,common,03.01.2026 14:07:00,95.16,,paid
3834,5313,Костяной печать,battlepass,COMMON,2026-01-08 11:35:00,,RETURN20,paid
3835,5313,Древний венец,cosmetic,common,2026-03-09 03:16:00,7.99,н/д,paid
3836,5313,Золочёный рог,currency,COMMON,14.01.2026 02:50:00,74.57,н/д,paid
3837,5313,Лунный посох,battlepass,legendary,2025-12-31 05:57:00,9.61,AUTUMN25,paid
3838,5313,Ледяной плащ,battlepass,epic,26.12.2025 10:58:00,15.54,н/д,paid
3839,5313,Багровый фонарь,booster,COMMON,2025-12-22 08:39:00,9.82,-,paid
3840,5313,Ржавый амулет,currency,common,2026-02-03 13:56:00,51.66,NaN,paid
3841,5313,Ледяной рог,battlepass,common,2026-02-17 18:56:00,"13,34",NaN,paid
3842,5313,Ледяной плащ,battlepass,epic,2026-01-11 19:10:00,15.54,,paid
3843,5313,Ледяной перчатки,battlepass,EPIC,2026-01-04 00:39:00,11.49,,paid
3844,5313,Золочёный посох,booster,RARE,17.12.2025 17:49:00,1.44,WELCOME15,paid
3845,5313,Медный перчатки,currency,rare,25.01.2026 15:16:00,60.54,null,paid
3846,5313,Костяной маска,currency,legendary,2026-01-24 16:32:00,23.03,н/д,paid
3847,5313,Ледяной рог,battlepass,common,2026-02-11 02:34:00,13.34,,paid
3848,5313,Ледяной рог,battlepass,common,23.01.2026 01:37:00,"10,00",AUTUMN25,paid
3849,5313,Костяной венец,currency,common,2026-03-13 23:26:00,95.16,null,paid
3850,5313,Пепельный посох,booster,rare,2026-03-09 08:48:00,9.85,null,paid
3851,5313,Изумрудный перчатки,booster,epic,2026-02-04 18:34:00,6.84,,paid
3852,5313,Тенистый фонарь,battlepass,rare,20.12.2025 22:59:00,19.53,NaN,paid
3853,5313,Тенистый посох,bundle,common,29.01.2026 12:12:00,14.61,WELCOME15,paid
3854,5313,Золочёный перчатки,cosmetic,rare,03.01.2026 05:19:00,null,,paid
3855,5313,Ржавый амулет,currency,COMMON,2025-12-20 14:26:00,51.66,NaN,paid
3856,5313,Ледяной перчатки,battlepass,epic,2025-12-26 02:03:00,11.49,-,paid
3857,5313,Ржавый компас,bundle,common,2025-12-20 04:15:00,53.98,-,paid
3858,5313,Костяной рог,currency,rare,2026-02-20 23:04:00,28.86,,paid
3859,5313,Багровый печать,currency,legendary,2026-03-05 11:27:00,51.22,н/д,paid
3860,5313,Багровый сундук,booster,legendary,2026-01-01 19:19:00,2.46,,paid
3861,5313,Изумрудный перчатки,booster,epic,2025-12-28 12:58:00,6.84,,refunded
3862,5313,Пепельный печать,battlepass,common,2025-12-27 07:27:00,9.49,SPRING10,paid
3863,5313,Ржавый плащ,currency,LEGENDARY,2026-03-16 10:56:00,60.75,н/д,paid
3864,5313,Ржавый амулет,currency,common,2025-12-21 16:35:00,"38,74",AUTUMN25,paid
3865,5313,Медный печать,bundle,rare,10.03.2026 02:19:00,33.96,,paid
3866,5313,Багровый плащ,currency,epic,2026-02-09 04:19:00,60.35,RETURN20,paid
3867,5313,Золочёный компас,bundle,rare,2025-12-18 18:45:00,57.62,,paid
3868,5313,Пепельный плащ,currency,common,2025-12-24 02:23:00,49.27,SPRING10,paid
3869,5313,Костяной венец,currency,common,22.02.2026 14:43:00,71.37,AUTUMN25,paid
3870,5313,Костяной венец,currency,common,2026-02-18 05:40:00,95.16,NaN,paid
3871,5313,Тенистый фонарь,battlepass,rare,2026-03-28 12:14:00,19.53,null,paid
3872,5313,Пепельный рог,booster,epic,2026-03-22 04:26:00,7.12,,paid
3873,5313,Ледяной рог,battlepass,common,2026-01-23 10:24:00,13.34,NaN,paid
3874,5313,Костяной перчатки,battlepass,RARE,2026-02-11 06:10:00,16.91,NaN,paid
3875,5313,Багровый печать,currency,legendary,2026-03-10 23:17:00,51.22,null,paid
3876,5313,Ржавый амулет,currency,common,2026-01-27 03:51:00,51.66,,paid
3877,5313,Ржавый плащ,currency,legendary,2026-01-05 00:56:00,60.75,н/д,paid
3878,5313,Терновый рог,bundle,epic,20.12.2025 15:47:00,13.91,RETURN20,paid
3879,5313,Костяной венец,currency,common,2026-02-04 15:33:00,95.16,,paid
3880,5313,Ржавый амулет,currency,common,19.03.2026 11:24:00,51.66,null,paid
3881,5313,Терновый сундук,booster,epic,2025-12-21 17:39:00,4.16,RETURN20,paid
3882,5313,Ледяной плащ,battlepass,EPIC,2026-01-11 01:10:00,15.54,н/д,paid
3883,5313,Медный маска,battlepass,common,2026-02-05 13:31:00,NaN,null,paid
3884,5313,Костяной венец,currency,common,2025-12-24 21:54:00,"95,16",н/д,paid
3885,5313,Золочёный рог,currency,common,31.12.2025 15:22:00,59.66,RETURN20,paid
3886,5313,Пепельный рог,booster,epic,2025-12-17 12:38:00,"7,12",,paid
3887,5313,Древний посох,cosmetic,EPIC,01.01.2026 20:05:00,4.91,,paid
3888,5313,Ржавый фонарь,battlepass,rare,24.01.2026 07:38:00,10.83,н/д,paid
3889,5313,Тенистый рог,cosmetic,epic,2025-12-25 00:35:00,11.87,NaN,paid
3890,5313,Ржавый амулет,currency,common,2025-12-26 14:29:00,51.66,-,paid
3891,5313,Ржавый амулет,currency,common,2026-03-06 22:01:00,46.49,SPRING10,paid
3892,5313,Костяной посох,currency,common,21.12.2025 20:50:00,31.49,,paid
3893,5313,Пепельный рог,booster,epic,2026-01-20 07:40:00,7.12,,paid
3894,5313,Пепельный рог,booster,epic,2026-03-18 21:28:00,7.12,,paid
3895,5313,Тенистый фонарь,battlepass,rare,2026-02-04 14:58:00,15.62,RETURN20,paid
3896,5337,Изумрудный маска,booster,legendary,2026-03-27 09:37:00,6.59,RETURN20,paid
3897,5337,Ржавый печать,cosmetic,epic,2026-03-27 21:29:00,16.49,,paid
3898,5337,Тенистый рог,cosmetic,epic,27.03.2026 07:05:00,10.09,WELCOME15,paid
3899,5337,Костяной посох,currency,common,2026-03-27 06:28:00,31.49,null,paid
3900,5337,Пепельный посох,booster,rare,2026-03-27 12:17:00,9.85,NaN,paid
3901,5337,Тенистый клинок,bundle,LEGENDARY,27.03.2026 02:06:00,70.79,null,paid
3902,5337,Медный перчатки,currency,rare,2026-03-27 16:11:00,54.49,SPRING10,paid
3903,5337,Изумрудный плащ,currency,common,2026-03-27 03:29:00,41.79,NaN,paid
3904,5348,Пепельный посох,booster,rare,09.11.2025 15:42:00,9.85,,paid
3905,5348,Золочёный перчатки,cosmetic,rare,2025-11-11 18:53:00,18.76,-,paid
3906,5348,Багровый сундук,booster,legendary,18.11.2025 14:31:00,2.46,-,paid
3907,5348,Золочёный посох,booster,RARE,11.11.2025 16:59:00,1.69,NaN,paid
3908,5348,Ледяной перчатки,battlepass,epic,2025-11-10 00:28:00,11.49,-,paid
3909,5348,Ледяной перчатки,battlepass,epic,20.11.2025 07:30:00,11.49,,paid
3910,5348,Медный перчатки,currency,RARE,2025-11-09 12:13:00,60.54 USD,,paid
3911,5348,Костяной венец,currency,COMMON,2025-11-13 23:03:00,95.16,null,paid
3912,5348,Костяной венец,currency,common,2025-11-18 18:54:00,95.16,,paid
3913,5348,Ледяной плащ,battlepass,epic,12.11.2025 05:11:00,15.54,,paid
3914,5348,Золочёный перчатки,cosmetic,RARE,09.11.2025 01:38:00,18.76,NaN,paid
3915,5348,Багровый сундук,booster,legendary,19.11.2025 15:06:00,1.72,WINTER30,paid
3916,5348,Изумрудный перчатки,booster,epic,2025-11-09 11:16:00,"6,84",null,refunded
3917,5348,Тенистый плащ,bundle,epic,2025-11-11 12:21:00,27.96 USD,,paid
3918,5348,Багровый сундук,booster,legendary,2025-11-09 10:34:00,2.46,,paid
3919,5348,Медный амулет,cosmetic,common,11.11.2025 08:53:00,8.10,NaN,paid
3920,5348,Ржавый печать,cosmetic,epic,2025-11-17 09:47:00,16.49,н/д,paid
3921,5348,Древний посох,cosmetic,epic,2025-11-12 08:04:00,4.91,н/д,paid
3922,5348,Древний сундук,bundle,common,16.11.2025 20:15:00,"53,74",,paid
3923,5348,Ржавый амулет,currency,common,13.11.2025 19:09:00,51.66,,paid
3924,5348,Ледяной плащ,battlepass,epic,2025-11-13 02:07:00,12.43,RETURN20,paid
3925,5359,Золочёный компас,bundle,rare,26.10.2025 22:54:00,57.62,NaN,paid
3926,5359,Пепельный рог,booster,epic,2025-10-10 07:39:00,7.12,-,paid
3927,5359,Терновый венец,cosmetic,rare,2025-09-28 15:55:00,5.30,SPRING10,paid
3928,5359,Тенистый рог,cosmetic,EPIC,2025-09-21 20:21:00,11.87,NaN,paid
3929,5359,Золочёный рог,currency,common,2025-10-24 21:17:00,"74,57",-,paid
3930,5359,Ледяной плащ,battlepass,EPIC,2025-10-26 19:59:00,15.54,,paid
3931,5359,Тенистый фонарь,battlepass,rare,2025-09-23 18:05:00,19.53,NaN,paid
3932,5359,Пепельный компас,booster,epic,2025-10-24 20:11:00,5.00 USD,AUTUMN25,paid
3933,5359,Ледяной рог,battlepass,common,20.09.2025 01:55:00,13.34,null,paid
3934,5359,Золочёный посох,booster,rare,2025-09-22 13:37:00,1.18,WINTER30,paid
3935,5359,Ледяной рог,battlepass,common,2025-10-05 06:54:00,12.01,SPRING10,paid
3936,5359,Изумрудный маска,booster,legendary,2025-09-25 03:21:00,8.24,NaN,paid
3937,5359,Ледяной рог,battlepass,common,2025-09-20 01:25:00,10.67,RETURN20,paid
3938,5359,Медный маска,battlepass,COMMON,2025-10-23 12:09:00,11.25,null,paid
3939,5359,Лунный сундук,currency,common,2025-10-15 19:36:00,73.48,,paid
3940,5360,Костяной венец,currency,common,2025-09-25 03:33:00,95.16 USD,null,paid
3941,5360,Изумрудный посох,booster,common,2025-10-17 15:56:00,6.73,,paid
3942,5382,Ледяной рог,battlepass,common,2025-12-23 19:34:00,13.34,,paid
3943,5422,Костяной клинок,cosmetic,common,2025-11-30 18:10:00,17.78,NaN,paid
3944,5422,Костяной венец,currency,common,2026-05-08 07:51:00,95.16,null,paid
3945,5437,Пепельный плащ,currency,common,2026-05-27 23:50:00,54.75 USD,null,paid
3946,5437,Тенистый рог,cosmetic,epic,2026-05-18 11:34:00,11.87,NaN,paid
3947,5437,Терновый сундук,booster,epic,16.05.2026 11:21:00,3.64,WINTER30,paid
3948,5437,Тенистый клинок,bundle,legendary,2026-06-07 13:47:00,70.79,NaN,paid
3949,5451,Изумрудный маска,booster,legendary,20.01.2026 04:48:00,6.18,AUTUMN25,paid
3950,5451,Пепельный печать,battlepass,common,2026-01-14 02:04:00,10.54,,paid
3951,5451,Костяной венец,currency,common,2025-10-27 08:12:00,95.16,NaN,paid
3952,5451,Тенистый рог,cosmetic,epic,25.09.2025 14:29:00,11.87,null,paid
3953,5457,Ржавый плащ,currency,LEGENDARY,29.09.2025 14:15:00,60.75,н/д,paid
3954,5469,Ледяной плащ,battlepass,epic,03.01.2026 14:26:00,13.99,SPRING10,paid
3955,5469,Костяной печать,battlepass,common,2026-01-24 19:13:00,12.41,-,paid
3956,5469,Ледяной рог,battlepass,COMMON,2026-01-08 08:57:00,13.34,,paid
3957,5469,Ледяной плащ,battlepass,EPIC,14.12.2025 03:57:00,15.54,н/д,paid
3958,5469,Ржавый печать,cosmetic,epic,2026-02-03 21:08:00,16.49,-,paid
3959,5481,Багровый сундук,booster,legendary,2026-01-27 13:27:00,2.46,н/д,paid
3960,5483,Тенистый клинок,bundle,LEGENDARY,2025-09-24 03:56:00,70.79,н/д,paid
3961,5483,Костяной рог,currency,rare,2025-09-24 21:18:00,28.86,н/д,paid
3962,5491,Багровый сундук,booster,legendary,2026-03-03 02:15:00,,null,paid
3963,5500,Ледяной маска,cosmetic,common,27.04.2026 21:56:00,7.82,,paid
3964,5526,Терновый венец,cosmetic,RARE,03.10.2025 09:09:00,5.89,null,paid
3965,5526,Пепельный печать,battlepass,common,03.10.2025 02:20:00,10.54,,paid
3966,5527,Пепельный печать,battlepass,common,2025-09-09 12:41:00,10.54,,paid
3967,5527,Медный маска,battlepass,common,10.09.2025 23:08:00,9.00,RETURN20,paid
3968,5527,Ржавый печать,cosmetic,EPIC,2025-09-10 20:29:00,16.49,,paid
3969,5527,Ледяной амулет,booster,rare,2025-09-09 17:48:00,4.52,-,paid
3970,5527,Костяной венец,currency,COMMON,2025-09-09 10:05:00,95.16,,paid
3971,5527,Изумрудный плащ,currency,COMMON,2025-09-10 06:25:00,41.79,NaN,paid
3972,5527,Багровый печать,currency,legendary,2025-09-09 16:30:00,"51,22",,paid
3973,5527,Изумрудный посох,booster,common,2025-09-11 01:39:00,6.73,,paid
3974,5527,Медный маска,battlepass,common,09.09.2025 16:20:00,11.25,,paid
3975,5527,Ржавый печать,cosmetic,epic,2025-09-11 15:51:00,14.84,SPRING10,paid
3976,5527,Изумрудный печать,cosmetic,common,2025-09-09 09:37:00,21.79,,paid
3977,5527,Медный маска,battlepass,COMMON,2025-09-10 00:04:00,11.25,н/д,paid
3978,5527,Лунный венец,currency,epic,2025-09-09 09:03:00,31.36,,paid
3979,5527,Ржавый плащ,currency,legendary,09.09.2025 13:00:00,60.75,,paid
3980,5527,Ледяной перчатки,battlepass,epic,2025-09-09 08:38:00,11.49,,paid
3981,5527,Тенистый фонарь,battlepass,rare,2025-09-10 02:32:00,19.53,NaN,paid
3982,5527,Пепельный рог,booster,epic,2025-09-10 05:07:00,7.12,,paid
3983,5527,Изумрудный перчатки,booster,EPIC,2025-09-10 22:40:00,4.79 USD,WINTER30,paid
3984,5527,Ржавый амулет,currency,common,2025-09-11 19:49:00,51.66,-,paid
3985,5527,Медный перчатки,currency,rare,2025-09-10 02:08:00,"60,54",-,paid
3986,5527,Изумрудный посох,booster,common,2025-09-11 21:53:00,6.73,н/д,paid
3987,5527,Ржавый амулет,currency,common,2025-09-10 09:06:00,51.66,,paid
3988,5527,Медный посох,booster,common,2025-09-11 08:56:00,7.75 USD,SPRING10,paid
3989,5527,Лунный плащ,cosmetic,common,11.09.2025 00:51:00,21.65,,paid
3990,5527,Терновый сундук,booster,epic,2025-09-10 04:04:00,5.20,н/д,paid
3991,5527,Костяной венец,currency,common,2025-09-09 21:01:00,76.13,RETURN20,paid
3992,5527,Ледяной перчатки,battlepass,epic,09.09.2025 22:18:00,"11,49",н/д,paid
3993,5527,Терновый сундук,booster,epic,2025-09-10 18:33:00,5.20,NaN,paid
3994,5527,Изумрудный посох,booster,COMMON,2025-09-11 17:34:00,5.05,AUTUMN25,paid
3995,5527,Ржавый плащ,currency,legendary,2025-09-09 17:06:00,45.56,AUTUMN25,paid
3996,5527,Золочёный рог,currency,common,2025-09-09 12:23:00,74.57,,paid
3997,5527,Ржавый амулет,currency,common,2025-09-09 08:00:00,"51,66",н/д,paid
3998,5527,Ржавый печать,cosmetic,epic,2025-09-10 23:53:00,16.49,,paid
3999,5527,Терновый сундук,booster,epic,09.09.2025 11:02:00,5.20,н/д,paid
4000,5527,Тенистый фонарь,battlepass,rare,2025-09-10 13:44:00,null,,paid
4001,5527,Золочёный рог,currency,common,2025-09-10 18:33:00,74.57,NaN,paid
4002,5527,Багровый фонарь,booster,common,2025-09-09 15:26:00,9.82 USD,NaN,paid
4003,5527,Лунный венец,currency,epic,09.09.2025 01:34:00,21.95,WINTER30,paid
4004,5527,Ледяной плащ,battlepass,EPIC,2025-09-10 18:31:00,10.88,WINTER30,paid
4005,5527,Костяной маска,currency,legendary,09.09.2025 10:39:00,23.03 USD,null,paid
4006,5527,Тенистый рог,cosmetic,epic,2025-09-09 01:41:00,9.50,RETURN20,paid
4007,5527,Костяной печать,battlepass,common,2025-09-09 03:10:00,12.41,н/д,paid
4008,5527,Изумрудный плащ,currency,common,09.09.2025 18:57:00,29.25,WINTER30,paid
4009,5527,Лунный плащ,cosmetic,common,2025-09-11 09:27:00,21.65,NaN,paid
4010,5527,Ржавый фонарь,battlepass,RARE,11.09.2025 12:40:00,10.83,null,paid
4011,5527,Золочёный компас,bundle,rare,09.09.2025 07:05:00,57.62,-,paid
4012,5527,Тенистый плащ,bundle,epic,2025-09-09 19:13:00,27.96,null,paid
4013,5527,Ледяной плащ,battlepass,epic,10.09.2025 23:55:00,15.54,-,paid
4014,5527,Ледяной перчатки,battlepass,EPIC,09.09.2025 06:48:00,11.49 USD,,paid
4015,5527,Лунный сундук,currency,common,2025-09-10 21:22:00,66.13,SPRING10,paid
4016,5527,Ледяной плащ,battlepass,epic,09.09.2025 02:01:00,15.54,,paid
4017,5527,Терновый сундук,booster,epic,2025-09-09 09:41:00,4.42 USD,WELCOME15,paid
4018,5527,Терновый венец,cosmetic,rare,09.09.2025 02:47:00,"5,89",null,paid
4019,5527,Лунный посох,battlepass,legendary,10.09.2025 10:00:00,12.81,-,paid
4020,5527,Лунный посох,battlepass,legendary,2025-09-11 12:15:00,12.81,,paid
4021,5527,Ледяной рог,battlepass,common,2025-09-11 23:39:00,13.34,,paid
4022,5527,Ледяной рог,battlepass,common,2025-09-09 04:34:00,13.34,NaN,paid
4023,5527,Медный амулет,cosmetic,common,2025-09-09 22:02:00,8.10,NaN,paid
4024,5527,Ржавый амулет,currency,common,11.09.2025 20:32:00,51.66,null,paid
4025,5527,Костяной венец,currency,COMMON,09.09.2025 01:22:00,95.16,н/д,paid
4026,5527,Ледяной рог,battlepass,common,2025-09-09 10:39:00,"13,34",,paid
4027,5527,Медный печать,bundle,RARE,2025-09-09 00:21:00,33.96,,paid
4028,5527,Ржавый амулет,currency,common,2025-09-11 09:07:00,51.66,,paid
4029,5527,Изумрудный посох,booster,common,2025-09-09 17:16:00,6.73,н/д,paid
4030,5527,Терновый рог,bundle,epic,2025-09-09 22:40:00,17.39,,paid
4031,5527,Медный амулет,cosmetic,COMMON,2025-09-10 16:45:00,8.10,н/д,paid
4032,5527,Ледяной плащ,battlepass,epic,2025-09-09 16:34:00,13.99 USD,SPRING10,paid
4033,5527,Ледяной рог,battlepass,common,2025-09-10 07:21:00,13.34,null,paid
4034,5527,Лунный посох,battlepass,legendary,2025-09-09 14:49:00,12.81,н/д,paid
4035,5527,Изумрудный плащ,currency,common,2025-09-10 07:10:00,41.79,null,paid
4036,5527,Золочёный рог,currency,common,2025-09-09 06:35:00,74.57,,paid
4037,5527,Тенистый рог,cosmetic,EPIC,2025-09-10 17:50:00,11.87,,paid
4038,5527,Тенистый посох,bundle,common,2025-09-09 00:33:00,17.19,,paid
4039,5527,Медный амулет,cosmetic,common,2025-09-10 12:49:00,8.10,NaN,paid
4040,5527,Ржавый фонарь,battlepass,rare,09.09.2025 02:55:00,7.58 USD,WINTER30,paid
4041,5527,Медный маска,battlepass,COMMON,09.09.2025 20:37:00,10.12,SPRING10,paid
4042,5527,Пепельный печать,battlepass,common,09.09.2025 13:38:00,9.49,SPRING10,paid
4043,5527,Ледяной рог,battlepass,common,2025-09-10 03:19:00,10.67,RETURN20,paid
4044,5527,Древний сундук,bundle,common,11.09.2025 04:17:00,53.74,,paid
4045,5527,Терновый венец,cosmetic,rare,2025-09-09 21:45:00,5.89,,paid
4046,5527,Ледяной рог,battlepass,common,2025-09-09 22:12:00,10.67,RETURN20,paid
4047,5527,Терновый венец,cosmetic,rare,10.09.2025 03:27:00,5.89,NaN,paid
4048,5527,Ледяной перчатки,battlepass,epic,2025-09-11 13:37:00,11.49 USD,,paid
4049,5527,Костяной венец,currency,common,2025-09-09 10:11:00,"85,64",SPRING10,paid
4050,5527,Костяной венец,currency,common,2025-09-10 00:05:00,95.16,null,paid
4051,5527,Изумрудный печать,cosmetic,common,2025-09-09 08:05:00,15.25,WINTER30,paid
4052,5527,Костяной печать,battlepass,common,2025-09-09 21:06:00,"12,41",NaN,paid
4053,5527,Ржавый плащ,currency,legendary,2025-09-10 16:43:00,60.75,NaN,paid
4054,5527,Костяной печать,battlepass,common,2025-09-11 13:02:00,12.41,,paid
4055,5527,Костяной венец,currency,common,09.09.2025 11:55:00,95.16,,paid
4056,5527,Ледяной перчатки,battlepass,EPIC,2025-09-09 01:28:00,11.49,,paid
4057,5527,Ржавый амулет,currency,common,09.09.2025 07:11:00,51.66,,paid
4058,5527,Терновый рог,bundle,epic,2025-09-10 15:12:00,17.39,,paid
4059,5527,Лунный сундук,currency,common,2025-09-09 08:03:00,73.48,NaN,paid
4060,5527,Древний сундук,bundle,common,2025-09-09 22:49:00,37.62,WINTER30,paid
4061,5527,Ледяной плащ,battlepass,EPIC,2025-09-09 15:48:00,15.54,-,paid
4062,5527,Пепельный компас,booster,epic,2025-09-09 12:08:00,6.67 USD,,paid
4063,5527,Тенистый фонарь,battlepass,rare,10.09.2025 08:02:00,19.53,,paid
4064,5527,Багровый плащ,currency,EPIC,2025-09-11 21:54:00,75.44,-,paid
4065,5527,Костяной венец,currency,common,11.09.2025 16:37:00,76.13,RETURN20,paid
4066,5527,Ледяной амулет,booster,RARE,2025-09-09 20:28:00,4.52,NaN,paid
4067,5527,Ржавый компас,bundle,common,2025-09-09 05:48:00,53.98,null,paid
4068,5527,Медный печать,bundle,rare,2025-09-09 01:43:00,33.96 USD,NaN,paid
4069,5527,Лунный посох,battlepass,legendary,2025-09-10 08:57:00,12.81,null,paid
4070,5527,Изумрудный маска,booster,legendary,2025-09-10 22:49:00,8.24 USD,н/д,paid
4071,5527,Костяной рог,currency,rare,2025-09-09 03:38:00,28.86,,paid
4072,5527,Багровый плащ,currency,epic,09.09.2025 07:57:00,75.44,,refunded
4073,5527,Ледяной маска,cosmetic,common,09.09.2025 10:35:00,7.04,SPRING10,paid
4074,5527,Костяной печать,battlepass,common,2025-09-10 13:29:00,12.41,,paid
4075,5527,Изумрудный посох,booster,common,2025-09-11 03:25:00,6.06,SPRING10,paid
4076,5527,Лунный плащ,cosmetic,common,2025-09-11 08:29:00,19.48,SPRING10,paid
4077,5527,Терновый венец,cosmetic,RARE,2025-09-09 01:02:00,5.89,,paid
4078,5527,Костяной венец,currency,common,2025-09-11 13:54:00,66.61,WINTER30,paid
4079,5527,Медный печать,bundle,rare,2025-09-10 09:08:00,33.96,NaN,paid
4080,5527,Ледяной плащ,battlepass,epic,2025-09-11 16:05:00,13.99,SPRING10,paid
4081,5527,Пепельный печать,battlepass,common,2025-09-09 18:03:00,10.54,,paid
4082,5527,Ржавый печать,cosmetic,EPIC,2025-09-09 18:43:00,16.49 USD,,paid
4083,5527,Ледяной рог,battlepass,common,2025-09-11 18:05:00,13.34 USD,н/д,paid
4084,5527,Ледяной плащ,battlepass,epic,09.09.2025 15:09:00,11.65,AUTUMN25,paid
4085,5527,Медный маска,battlepass,common,11.09.2025 21:59:00,11.25,null,paid
4086,5527,Костяной венец,currency,common,2025-09-09 02:28:00,"95,16",null,paid
4087,5527,Багровый сундук,booster,legendary,2025-09-10 09:41:00,1.97,RETURN20,paid
4088,5527,Изумрудный маска,booster,legendary,09.09.2025 05:01:00,8.24,,paid
4089,5527,Ржавый амулет,currency,COMMON,2025-09-10 14:55:00,51.66,,paid
4090,5527,Ржавый амулет,currency,common,2025-09-10 13:40:00,51.66 USD,null,paid
4091,5527,Медный амулет,cosmetic,COMMON,11.09.2025 01:26:00,8.10,NaN,paid
4092,5527,Пепельный печать,battlepass,common,2025-09-09 04:43:00,10.54 USD,н/д,paid
4093,5527,Пепельный печать,battlepass,common,09.09.2025 14:27:00,10.54,,paid
4094,5527,Терновый сундук,booster,epic,09.09.2025 14:08:00,5.20,NaN,paid
4095,5527,Ледяной перчатки,battlepass,epic,09.09.2025 23:51:00,11.49,-,paid
4096,5527,Терновый сундук,booster,epic,2025-09-10 16:17:00,4.68,SPRING10,paid
4097,5527,Терновый рог,bundle,EPIC,2025-09-10 05:36:00,17.39,,paid
4098,5527,Костяной перчатки,battlepass,rare,2025-09-09 12:04:00,16.91,н/д,refunded
4099,5527,Ржавый амулет,currency,common,2025-09-09 13:37:00,36.16,WINTER30,paid
4100,5527,Ледяной рог,battlepass,common,2025-09-09 13:55:00,13.34,,paid
4101,5527,Ржавый печать,cosmetic,epic,2025-09-11 03:01:00,16.49,NaN,paid
4102,5527,Ледяной рог,battlepass,common,2025-09-09 10:23:00,13.34,,paid
4103,5527,Изумрудный сундук,booster,common,2025-09-09 23:39:00,6.33,,paid
4104,5527,Ржавый печать,cosmetic,epic,09.09.2025 15:39:00,16.49,,paid
4105,5527,Медный перчатки,currency,rare,2025-09-09 02:55:00,60.54,,paid
4106,5527,Ледяной плащ,battlepass,epic,09.09.2025 17:21:00,15.54,-,paid
4107,5527,Медный перчатки,currency,rare,2025-09-09 17:58:00,45.41,AUTUMN25,paid
4108,5527,Медный маска,battlepass,common,09.09.2025 18:17:00,9.56,WELCOME15,paid
4109,5527,Тенистый фонарь,battlepass,rare,2025-09-09 19:14:00,19.53,,paid
4110,5527,Багровый плащ,currency,epic,2025-09-10 17:06:00,56.58 USD,AUTUMN25,paid
4111,5527,Ржавый компас,bundle,common,09.09.2025 16:35:00,53.98,NaN,paid
4112,5527,Ледяной плащ,battlepass,epic,09.09.2025 10:29:00,15.54,,paid
4113,5527,Ледяной плащ,battlepass,epic,2025-09-09 06:51:00,"15,54",NaN,paid
4114,5527,Костяной венец,currency,common,2025-09-11 00:45:00,95.16,,paid
4115,5527,Костяной венец,currency,common,2025-09-09 07:24:00,95.16,,paid
4116,5527,Медный печать,bundle,rare,09.09.2025 07:55:00,33.96,,paid
4117,5527,Пепельный компас,booster,epic,2025-09-10 09:11:00,5.67,WELCOME15,paid
4118,5527,Пепельный печать,battlepass,common,2025-09-10 12:40:00,10.54,,paid
4119,5527,Костяной перчатки,battlepass,RARE,2025-09-11 10:43:00,16.91,-,paid
4120,5527,Пепельный плащ,currency,common,2025-09-09 15:13:00,54.75,,refunded
4121,5527,Ржавый плащ,currency,legendary,2025-09-10 15:52:00,60.75,н/д,paid
4122,5527,Золочёный компас,bundle,rare,09.09.2025 14:34:00,51.86,SPRING10,paid
4123,5527,Изумрудный маска,booster,legendary,11.09.2025 04:43:00,8.24,н/д,paid
4124,5527,Медный печать,bundle,rare,2025-09-11 13:17:00,25.47,AUTUMN25,paid
4125,5535,Золочёный маска,currency,rare,2026-04-23 11:21:00,33.25,-,paid
4126,5536,Пепельный рог,booster,epic,06.12.2025 02:49:00,7.12,н/д,paid
4127,5541,Медный перчатки,currency,rare,25.01.2026 01:15:00,60.54,,paid
4128,5541,Пепельный компас,booster,epic,2026-01-25 20:45:00,6.67,,paid
4129,5541,Ледяной плащ,battlepass,epic,26.01.2026 02:37:00,15.54,-,paid
4130,5541,Золочёный перчатки,cosmetic,RARE,25.01.2026 09:17:00,"18,76",,paid
4131,5541,Древний сундук,bundle,COMMON,2026-01-25 01:11:00,53.74 USD,-,paid
4132,5541,Медный печать,bundle,rare,25.01.2026 08:30:00,33.96,,paid
4133,5541,Ледяной рог,battlepass,COMMON,2026-01-25 00:35:00,13.34,null,paid
4134,5577,Пепельный компас,booster,epic,2025-10-02 18:40:00,6.67,,paid
4135,5577,Тенистый рог,cosmetic,epic,2025-09-29 16:46:00,11.87,н/д,paid
4136,5583,Терновый сундук,booster,epic,2025-10-22 15:02:00,3.64 USD,WINTER30,paid
4137,5589,Костяной венец,currency,common,26.12.2025 18:59:00,95.16,NaN,paid
4138,5589,Костяной венец,currency,COMMON,31.12.2025 12:30:00,95.16 USD,-,refunded
4139,5589,Изумрудный маска,booster,legendary,2025-10-15 00:23:00,8.24,NaN,paid
4140,5589,Ледяной плащ,battlepass,EPIC,18.11.2025 19:44:00,12.43,RETURN20,paid
4141,5589,Ржавый печать,cosmetic,epic,2025-12-16 22:33:00,16.49,-,paid
4142,5589,Тенистый венец,currency,common,2026-01-04 18:45:00,45.18,RETURN20,paid
4143,5589,Лунный посох,battlepass,legendary,2026-01-21 09:51:00,12.81,,paid
4144,5589,Ржавый печать,cosmetic,epic,2025-12-16 13:11:00,16.49,н/д,paid
4145,5589,Лунный плащ,cosmetic,common,21.10.2025 20:01:00,21.65,,paid
4146,5589,Ледяной плащ,battlepass,epic,2026-02-18 02:35:00,15.54,null,paid
4147,5589,Медный печать,bundle,RARE,2026-02-09 00:58:00,33.96,н/д,paid
4148,5620,Терновый венец,cosmetic,rare,2025-12-21 14:04:00,5.30,SPRING10,paid
4149,5651,Золочёный посох,booster,rare,02.05.2026 09:04:00,null,,paid
4150,5651,Золочёный компас,bundle,rare,29.04.2026 02:08:00,57.62,,paid
4151,5651,Медный посох,booster,COMMON,2026-04-29 05:38:00,8.61,,paid
4152,5659,Тенистый рог,cosmetic,epic,02.12.2025 18:45:00,11.87,,paid
4153,5662,Ржавый плащ,currency,legendary,2026-03-28 22:01:00,60.75,,paid
4154,5662,Лунный посох,battlepass,legendary,26.03.2026 18:09:00,NaN,н/д,paid
4155,5662,Терновый рог,bundle,epic,2026-03-27 11:50:00,14.78 USD,WELCOME15,paid
4156,5675,Терновый печать,booster,rare,2025-10-09 12:23:00,7.48,-,paid
4157,5714,Костяной рог,currency,rare,2025-09-30 07:50:00,28.86,н/д,paid
4158,5714,Ледяной рог,battlepass,common,2025-09-30 08:54:00,"13,34",-,paid
4159,5714,Медный амулет,cosmetic,common,01.10.2025 11:13:00,6.88,WELCOME15,paid
4160,5722,Древний посох,cosmetic,epic,2025-09-27 01:21:00,4.17,WELCOME15,paid
4161,5724,Медный амулет,cosmetic,common,2025-10-04 18:26:00,6.88,WELCOME15,paid
4162,5724,Ржавый амулет,currency,COMMON,08.12.2025 19:32:00,51.66,-,paid
4163,5724,Терновый венец,cosmetic,rare,16.10.2025 03:41:00,5.89 USD,null,paid
4164,5724,Тенистый венец,currency,common,2025-10-05 06:06:00,56.47,NaN,paid
4165,5743,Тенистый клинок,bundle,legendary,18.04.2026 14:39:00,53.09,AUTUMN25,paid
4166,5743,Ледяной плащ,battlepass,epic,2026-05-03 22:27:00,15.54,-,paid
4167,5743,Ледяной рог,battlepass,common,2026-04-20 21:28:00,13.34,-,paid
4168,5743,Багровый сундук,booster,legendary,2026-04-22 08:03:00,2.46,-,paid
4169,5743,Терновый венец,cosmetic,RARE,2026-04-12 11:52:00,5.89,null,paid
4170,5743,Тенистый плащ,bundle,epic,2026-04-14 12:54:00,27.96,null,paid
4171,5743,Ржавый плащ,currency,LEGENDARY,2026-04-30 01:49:00,60.75,NaN,paid
4172,5743,Тенистый плащ,bundle,epic,2026-03-29 18:15:00,,,paid
4173,5743,Изумрудный перчатки,booster,epic,2026-03-28 02:33:00,6.84,,paid
4174,5743,Ледяной рог,battlepass,common,2026-03-30 20:00:00,13.34,,paid
4175,5743,Тенистый посох,bundle,COMMON,2026-04-04 07:43:00,17.19,,paid
4176,5743,Изумрудный маска,booster,legendary,02.04.2026 20:08:00,8.24,-,paid
4177,5743,Медный посох,booster,common,2026-04-03 20:57:00,7.32,WELCOME15,paid
4178,5743,Изумрудный перчатки,booster,EPIC,2026-03-31 17:40:00,6.84,NaN,paid
4179,5773,Золочёный посох,booster,rare,2026-06-24 22:46:00,1.69,,paid
4180,5802,Терновый рог,bundle,epic,2025-10-05 07:18:00,17.39,,paid
4181,5802,Золочёный посох,booster,rare,2025-10-12 02:17:00,1.69,-,paid
4182,5802,Изумрудный сундук,booster,common,2025-10-06 05:00:00,,н/д,paid
4183,5821,Костяной печать,battlepass,common,14.05.2026 18:08:00,12.41,NaN,paid
4184,5821,Костяной венец,currency,common,2025-12-28 04:26:00,85.64,SPRING10,paid
4185,5821,Ржавый печать,cosmetic,epic,2026-02-09 18:42:00,16.49,-,paid
4186,5821,Пепельный плащ,currency,common,2025-12-07 02:37:00,54.75,,paid
4187,5821,Терновый печать,booster,rare,2025-11-02 10:45:00,7.48,,paid
4188,5821,Ледяной рог,battlepass,common,2026-01-21 10:07:00,13.34,,paid
4189,5821,Пепельный посох,booster,RARE,22.02.2026 19:49:00,9.85,,paid
4190,5821,Золочёный перчатки,cosmetic,RARE,2025-11-28 21:58:00,18.76 USD,,paid
4191,5821,Тенистый рог,cosmetic,epic,2025-12-14 17:32:00,"11,87",NaN,paid
4192,5821,Изумрудный печать,cosmetic,common,2025-11-10 08:44:00,21.79,,paid
4193,5821,Лунный плащ,cosmetic,common,2025-12-19 22:52:00,17.32,RETURN20,paid
4194,5821,Костяной венец,currency,common,15.07.2026 00:00:00,80.89 USD,WELCOME15,paid
4195,5821,Тенистый рог,cosmetic,epic,14.02.2026 08:16:00,8.90,AUTUMN25,paid
4196,5821,Тенистый плащ,bundle,epic,2026-04-11 13:14:00,27.96,н/д,paid
4197,5821,Тенистый посох,bundle,common,2026-03-23 15:08:00,12.03,WINTER30,paid
4198,5821,Ржавый компас,bundle,common,01.11.2025 04:31:00,53.98,null,paid
4199,5821,Костяной перчатки,battlepass,rare,14.02.2026 16:56:00,11.84,WINTER30,paid
4200,5824,Тенистый рог,cosmetic,epic,2026-02-09 12:41:00,11.87,null,paid
4201,5824,Терновый венец,cosmetic,RARE,17.03.2026 04:32:00,5.89 USD,-,paid
4202,5824,Пепельный компас,booster,epic,2026-03-11 01:27:00,6.67,,paid
4203,5824,Ржавый амулет,currency,COMMON,2026-02-13 09:06:00,51.66,NaN,paid
4204,5824,Ржавый амулет,currency,common,2026-03-09 12:23:00,51.66 USD,-,paid
4205,5824,Костяной венец,currency,common,2026-01-22 08:02:00,95.16,,paid
4206,5835,Медный посох,booster,common,2025-11-20 14:02:00,7.75,SPRING10,paid
4207,5835,Багровый плащ,currency,epic,2025-11-09 08:34:00,52.81,WINTER30,paid
4208,5856,Медный перчатки,currency,rare,2026-02-05 05:53:00,60.54,-,paid
4209,5884,Древний венец,cosmetic,common,2026-05-11 09:25:00,7.99,NaN,paid
4210,5901,Багровый плащ,currency,epic,2026-01-31 06:16:00,75.44,,paid
4211,5906,Лунный венец,currency,EPIC,2026-02-08 14:56:00,28.22,SPRING10,paid
4212,5907,Ледяной плащ,battlepass,epic,2025-12-20 19:34:00,12.43,RETURN20,paid
4213,5907,Пепельный печать,battlepass,common,2026-01-16 12:13:00,10.54,-,refunded
4214,5916,Лунный венец,currency,epic,01.05.2026 07:05:00,31.36,,paid
4215,5916,Медный печать,bundle,rare,2026-05-01 15:51:00,33.96,,paid
4216,5916,Терновый сундук,booster,epic,2026-05-01 12:03:00,5.20,null,paid
4217,5916,Тенистый плащ,bundle,EPIC,2026-05-01 02:17:00,27.96,,paid
4218,5916,Ржавый амулет,currency,common,2026-05-01 20:03:00,51.66,NaN,paid
4219,5916,Золочёный посох,booster,RARE,2026-05-01 04:36:00,1.69,,paid
4220,5916,Ледяной рог,battlepass,common,01.05.2026 20:52:00,13.34,,paid
4221,5916,Терновый рог,bundle,epic,2026-05-01 17:50:00,17.39,,paid
4222,5916,Ледяной рог,battlepass,common,2026-05-01 15:59:00,13.34,н/д,paid
4223,5926,Пепельный плащ,currency,common,2026-02-03 00:32:00,54.75,,paid
4224,5934,Лунный венец,currency,EPIC,2026-01-14 06:45:00,31.36,,paid
4225,5934,Золочёный маска,currency,rare,2026-01-13 07:46:00,33.25,н/д,paid
4226,5966,Терновый сундук,booster,EPIC,2025-09-15 15:26:00,3.64,WINTER30,paid
4227,5972,Ржавый компас,bundle,common,20.10.2025 10:42:00,53.98,н/д,paid
4228,5984,Костяной венец,currency,common,2026-02-19 11:48:00,95.16,,paid
4229,5984,Костяной венец,currency,common,19.02.2026 20:22:00,76.13,RETURN20,paid
4230,5984,Терновый сундук,booster,epic,2026-02-20 22:08:00,5.20 USD,null,paid
4231,5984,Костяной венец,currency,common,2026-02-19 16:41:00,71.37,AUTUMN25,paid
4232,5988,Золочёный рог,currency,COMMON,2026-04-02 21:52:00,74.57,,paid
4233,5994,Костяной печать,battlepass,COMMON,2026-04-24 22:23:00,12.41 USD,,paid
4234,5995,Золочёный посох,booster,rare,2025-12-28 18:55:00,1.69,,paid
4235,5995,Тенистый рог,cosmetic,EPIC,2026-05-21 20:24:00,11.87,,paid
4236,5995,Терновый венец,cosmetic,rare,2026-03-21 01:48:00,"5,01",WELCOME15,paid
4237,5995,Багровый сундук,booster,legendary,2026-06-26 15:54:00,2.46,,paid
4238,5995,Ржавый печать,cosmetic,EPIC,2025-12-01 08:06:00,16.49,NaN,paid
4239,5995,Пепельный плащ,currency,common,2026-03-14 02:46:00,54.75 USD,н/д,paid
4240,5995,Ледяной перчатки,battlepass,EPIC,2026-06-23 18:07:00,11.49 USD,,paid
4241,5995,Лунный венец,currency,epic,23.01.2026 09:20:00,21.95,WINTER30,paid
4242,5995,Золочёный посох,booster,rare,2026-02-11 05:37:00,1.69,-,paid
4243,5995,Медный амулет,cosmetic,common,03.05.2026 21:17:00,8.10,-,paid
4244,5995,Багровый фонарь,booster,COMMON,2025-12-08 18:45:00,6.87,WINTER30,paid
4245,5995,Изумрудный плащ,currency,common,23.05.2026 12:35:00,41.79,,paid
4246,5995,Пепельный печать,battlepass,common,08.05.2026 16:42:00,10.54,null,paid
4247,5995,Ледяной плащ,battlepass,EPIC,2026-01-08 20:04:00,15.54,,paid
4248,5995,Ржавый печать,cosmetic,epic,18.06.2026 02:05:00,16.49 USD,-,paid
4249,5995,Пепельный плащ,currency,common,30.11.2025 09:53:00,38.32,WINTER30,paid
4250,5998,Ледяной рог,battlepass,common,2026-06-27 08:58:00,13.34,,refunded
4251,5998,Ледяной плащ,battlepass,epic,2026-02-28 17:02:00,15.54,,paid
4252,5998,Пепельный печать,battlepass,common,2026-06-01 02:53:00,10.54,н/д,paid
4253,5998,Золочёный посох,booster,RARE,11.03.2026 04:04:00,1.69,null,paid
4254,5998,Ледяной перчатки,battlepass,epic,13.05.2026 19:58:00,9.19,RETURN20,paid
4255,5998,Багровый плащ,currency,epic,2026-04-27 05:15:00,52.81,WINTER30,paid
4256,5998,Ржавый амулет,currency,common,2026-04-01 05:54:00,36.16,WINTER30,paid
4257,5998,Пепельный компас,booster,epic,2026-03-28 12:47:00,-,NaN,paid
4258,5998,Багровый сундук,booster,legendary,2026-03-19 10:09:00,"2,46",NaN,paid
4259,5998,Терновый печать,booster,rare,2026-05-06 04:50:00,7.48,NaN,paid
4260,5998,Ржавый амулет,currency,COMMON,24.06.2026 09:03:00,43.91,WELCOME15,paid
4261,6036,Ледяной рог,battlepass,common,2025-11-19 07:38:00,13.34,н/д,paid
4262,6049,Терновый рог,bundle,epic,2025-11-19 07:33:00,17.39,null,paid
4263,6049,Багровый сундук,booster,legendary,30.10.2025 11:56:00,2.21,SPRING10,paid
4264,6049,Ледяной рог,battlepass,common,2025-11-14 08:08:00,"11,34",WELCOME15,paid
4265,6049,Пепельный печать,battlepass,COMMON,2025-11-20 09:47:00,8.43,RETURN20,paid
4266,6070,Медный посох,booster,common,2026-04-18 16:07:00,8.61 USD,-,paid
4267,6072,Изумрудный печать,cosmetic,common,2026-01-22 11:15:00,21.79,н/д,paid
4268,6084,Изумрудный маска,booster,legendary,2025-11-28 01:36:00,7.00 USD,WELCOME15,paid
4269,6084,Ледяной плащ,battlepass,epic,2025-12-19 20:44:00,15.54,-,paid
4270,6087,Лунный сундук,currency,common,2026-02-09 12:57:00,73.48,NaN,refunded
4271,6093,Лунный посох,battlepass,legendary,2026-05-04 08:40:00,12.81,null,paid
4272,6094,Костяной венец,currency,common,2026-04-02 03:45:00,95.16,,paid
4273,6094,Медный печать,bundle,rare,2026-03-17 10:56:00,30.56,SPRING10,paid
4274,6094,Изумрудный плащ,currency,common,2026-05-24 05:06:00,33.43,RETURN20,paid
4275,6094,Ледяной перчатки,battlepass,epic,2026-03-01 22:41:00,10.34,SPRING10,paid
4276,6094,Золочёный посох,booster,rare,2026-06-05 06:50:00,1.69,NaN,paid
4277,6094,Ледяной рог,battlepass,common,05.03.2026 22:24:00,13.34,-,paid
4278,6094,Терновый сундук,booster,epic,2026-04-20 03:35:00,5.20,null,paid
4279,6094,Ледяной рог,battlepass,common,2026-05-06 11:12:00,13.34,null,paid
4280,6094,Медный печать,bundle,rare,2026-06-06 11:59:00,33.96,,paid
4281,6117,Золочёный рог,currency,common,2025-12-23 12:55:00,74.57,,paid
4282,6121,Ледяной маска,cosmetic,common,2025-11-15 16:17:00,7.82,,paid
4283,6121,Изумрудный перчатки,booster,epic,2025-11-12 11:08:00,6.84,,paid
4284,6121,Костяной венец,currency,COMMON,2025-11-12 19:21:00,95.16 USD,null,paid
4285,6121,Пепельный рог,booster,epic,2025-11-13 10:04:00,7.12,null,paid
4286,6121,Медный печать,bundle,rare,2025-11-15 20:46:00,33.96 USD,,paid
4287,6156,Терновый печать,booster,rare,2026-02-20 11:24:00,7.48,,paid
4288,6158,Лунный плащ,cosmetic,common,2026-06-13 22:26:00,21.65,null,paid
4289,6170,Ледяной рог,battlepass,common,2025-09-11 16:22:00,13.34,NaN,paid
4290,6171,Багровый плащ,currency,epic,13.04.2026 23:07:00,75.44,-,paid
4291,6171,Ледяной плащ,battlepass,EPIC,2026-06-09 21:18:00,13.99,SPRING10,paid
4292,6171,Тенистый плащ,bundle,epic,25.05.2026 20:30:00,27.96,NaN,paid
4293,6176,Багровый плащ,currency,epic,2025-11-22 16:52:00,75.44,,paid
4294,6231,Лунный венец,currency,epic,2026-01-05 11:36:00,31.36,н/д,paid
4295,6236,Костяной венец,currency,common,31.03.2026 09:26:00,95.16,-,paid
4296,6236,Медный амулет,cosmetic,COMMON,20.03.2026 18:53:00,"8,10",,paid
4297,6237,Терновый сундук,booster,EPIC,2026-06-19 01:31:00,5.20,-,paid
4298,6247,Багровый плащ,currency,epic,2026-05-23 20:18:00,75.44,,paid
4299,6262,Ледяной плащ,battlepass,epic,2026-04-04 06:53:00,15.54,,paid
4300,6262,Изумрудный сундук,booster,common,08.04.2026 07:28:00,6.33 USD,,refunded
4301,6262,Золочёный компас,bundle,rare,04.04.2026 06:06:00,57.62,NaN,paid
4302,6263,Золочёный маска,currency,rare,20.09.2025 05:58:00,33.25,,paid
4303,6263,Золочёный посох,booster,RARE,31.10.2025 15:03:00,1.18,WINTER30,paid
4304,6270,Костяной венец,currency,common,2026-06-18 19:07:00,95.16,н/д,paid
4305,6270,Костяной венец,currency,common,2026-06-10 10:09:00,76.13,RETURN20,paid
4306,6270,Медный посох,booster,common,2026-06-09 16:47:00,8.61,,paid
4307,6270,Ледяной рог,battlepass,common,2026-06-09 19:40:00,"12,01",SPRING10,paid
4308,6354,Золочёный посох,booster,rare,15.02.2026 02:15:00,1.69,null,paid
4309,6354,Багровый печать,currency,legendary,14.02.2026 03:03:00,51.22,-,paid
4310,6364,Пепельный посох,booster,rare,2025-09-23 20:21:00,9.85,null,paid
4311,6364,Тенистый клинок,bundle,legendary,2025-10-01 09:19:00,49.55,WINTER30,paid
4312,6364,Изумрудный маска,booster,legendary,2025-09-29 04:22:00,8.24,н/д,paid
4313,6414,Лунный посох,battlepass,legendary,2025-12-14 01:45:00,12.81,,paid
4314,6414,Костяной венец,currency,common,2025-12-08 21:30:00,95.16,н/д,paid
4315,6414,Тенистый посох,bundle,common,2025-12-01 15:19:00,17.19,,paid
4316,6414,Костяной венец,currency,common,2025-11-30 06:20:00,95.16 USD,,refunded
4317,6414,Багровый сундук,booster,legendary,2025-12-18 00:26:00,2.46,null,paid
4318,6414,Ледяной маска,cosmetic,common,2025-12-16 08:15:00,7.82,-,paid
4319,6414,Изумрудный печать,cosmetic,common,07.12.2025 00:01:00,21.79,н/д,paid
4320,6414,Багровый плащ,currency,epic,2025-11-30 03:01:00,67.90,SPRING10,paid
4321,6414,Пепельный плащ,currency,common,2025-12-15 09:08:00,54.75,-,paid
4322,6414,Ржавый печать,cosmetic,EPIC,2025-12-07 00:54:00,14.84,SPRING10,paid
4323,6414,Багровый печать,currency,legendary,2025-12-03 07:37:00,51.22,null,paid
4324,6414,Ледяной плащ,battlepass,epic,2025-12-17 09:15:00,15.54,null,paid
4325,6414,Изумрудный сундук,booster,COMMON,2025-12-09 15:51:00,6.33,null,paid
4326,6414,Изумрудный перчатки,booster,epic,30.11.2025 12:43:00,"5,81",WELCOME15,paid
4327,6414,Терновый венец,cosmetic,rare,16.12.2025 07:34:00,5.89,,paid
4328,6414,Багровый плащ,currency,epic,14.12.2025 01:18:00,64.12,WELCOME15,paid
4329,6414,Изумрудный маска,booster,LEGENDARY,11.12.2025 20:20:00,8.24,,paid
4330,6414,Пепельный рог,booster,epic,2025-12-07 17:16:00,6.05,WELCOME15,paid
4331,6414,Ледяной перчатки,battlepass,epic,2025-12-03 19:01:00,11.49,null,paid
4332,6414,Терновый печать,booster,RARE,2025-12-12 17:46:00,7.48,,paid
4333,6414,Медный маска,battlepass,common,2025-12-07 01:42:00,9.00,RETURN20,paid
4334,6414,Ледяной перчатки,battlepass,epic,30.11.2025 21:38:00,11.49,н/д,paid
4335,6414,Терновый сундук,booster,epic,2025-12-04 14:46:00,5.20,null,paid
4336,6414,Тенистый фонарь,battlepass,rare,2025-12-05 08:36:00,19.53,,paid
4337,6414,Багровый печать,currency,legendary,2025-12-08 12:34:00,51.22,,paid
4338,6414,Костяной печать,battlepass,common,2025-12-01 14:30:00,9.93,RETURN20,paid
4339,6414,Пепельный рог,booster,EPIC,2025-11-30 21:29:00,7.12 USD,,paid
4340,6414,Изумрудный маска,booster,legendary,2025-12-17 13:12:00,5.77,WINTER30,paid
4341,6414,Древний посох,cosmetic,epic,2025-12-10 01:46:00,4.91,null,paid
4342,6414,Медный амулет,cosmetic,COMMON,2025-12-03 22:08:00,8.10,,paid
4343,6414,Ледяной рог,battlepass,common,2025-12-04 03:21:00,13.34,NaN,paid
4344,6414,Терновый сундук,booster,epic,12.12.2025 15:04:00,null,,paid
4345,6414,Ржавый печать,cosmetic,EPIC,02.12.2025 18:22:00,16.49,,paid
4346,6414,Багровый плащ,currency,EPIC,2025-12-18 16:48:00,75.44,NaN,paid
4347,6414,Ржавый печать,cosmetic,epic,2025-12-03 14:00:00,16.49,,paid
4348,6414,Ледяной плащ,battlepass,epic,15.12.2025 06:00:00,15.54,,paid
4349,6414,Терновый сундук,booster,epic,2025-12-02 14:09:00,5.20,,paid
4350,6414,Золочёный рог,currency,COMMON,2025-12-02 03:39:00,74.57,,paid
4351,6414,Медный печать,bundle,rare,2025-12-02 10:17:00,NaN,,paid
4352,6414,Костяной печать,battlepass,COMMON,2025-12-03 20:36:00,12.41,null,paid
4353,6414,Терновый сундук,booster,epic,18.12.2025 17:19:00,5.20,-,paid
4354,6414,Тенистый фонарь,battlepass,rare,2025-12-07 00:41:00,13.67,WINTER30,paid
4355,6414,Ржавый плащ,currency,legendary,2025-11-30 13:57:00,45.56,AUTUMN25,paid
4356,6414,Ледяной плащ,battlepass,epic,03.12.2025 09:23:00,15.54 USD,-,paid
4357,6414,Костяной посох,currency,common,03.12.2025 09:36:00,31.49 USD,NaN,paid
4358,6414,Золочёный рог,currency,common,2025-12-06 05:36:00,63.38,WELCOME15,paid
4359,6414,Тенистый посох,bundle,common,2025-12-15 11:14:00,15.47,SPRING10,paid
4360,6414,Лунный венец,currency,epic,2025-12-16 10:34:00,"31,36",,paid
4361,6414,Костяной посох,currency,common,2025-12-07 14:45:00,31.49,-,paid
4362,6414,Тенистый посох,bundle,common,13.12.2025 14:59:00,17.19,,paid
4363,6414,Костяной венец,currency,common,2025-12-09 21:16:00,95.16,null,paid
4364,6414,Медный посох,booster,common,2025-12-11 12:34:00,8.61,null,paid
4365,6414,Лунный посох,battlepass,legendary,2025-12-03 17:08:00,null,WELCOME15,paid
4366,6414,Тенистый венец,currency,common,05.12.2025 17:52:00,56.47,н/д,paid
4367,6414,Тенистый плащ,bundle,EPIC,06.12.2025 00:34:00,22.37,RETURN20,paid
4368,6414,Терновый сундук,booster,EPIC,04.12.2025 21:56:00,5.20,null,paid
4369,6414,Изумрудный перчатки,booster,EPIC,2025-12-06 13:22:00,6.84 USD,,paid
4370,6417,Медный посох,booster,common,2026-01-11 02:40:00,8.61,н/д,paid
4371,6417,Пепельный печать,battlepass,common,24.01.2026 11:08:00,10.54,,paid
4372,6465,Лунный посох,battlepass,legendary,2025-10-19 09:38:00,12.81 USD,-,paid
4373,6467,Тенистый фонарь,battlepass,RARE,2026-03-01 11:58:00,19.53,NaN,paid
4374,6483,Золочёный рог,currency,COMMON,2026-06-24 20:27:00,59.66,RETURN20,paid
4375,6485,Ледяной плащ,battlepass,epic,2026-04-01 06:02:00,н/д,null,paid
4376,6505,Костяной венец,currency,common,2025-09-04 10:39:00,95.16,н/д,paid
4377,6510,Ледяной маска,cosmetic,common,23.06.2026 08:06:00,7.82,,paid
4378,6510,Костяной венец,currency,COMMON,2026-06-23 20:44:00,95.16 USD,null,paid
4379,6510,Терновый печать,booster,RARE,2026-06-23 13:14:00,7.48,,paid
4380,6510,Лунный сундук,currency,common,2026-06-23 02:42:00,,SPRING10,paid
4381,6510,Медный амулет,cosmetic,common,2026-06-23 23:41:00,8.10,,paid
4382,6510,Золочёный посох,booster,rare,2026-06-23 22:31:00,1.69,null,paid
4383,6510,Ледяной перчатки,battlepass,epic,2026-06-23 05:11:00,11.49,null,paid
4384,6510,Древний венец,cosmetic,common,23.06.2026 16:33:00,7.99 USD,null,paid
4385,6515,Золочёный сундук,booster,epic,02.12.2025 20:42:00,9.83,-,paid
4386,6515,Золочёный маска,currency,rare,03.12.2025 01:27:00,33.25,,paid
4387,6515,Ледяной плащ,battlepass,epic,2025-12-02 11:06:00,"15,54",-,paid
4388,6515,Костяной венец,currency,common,2025-12-02 15:27:00,"95,16",н/д,paid
4389,6523,Лунный плащ,cosmetic,common,2025-11-11 15:46:00,21.65,н/д,paid
4390,6523,Изумрудный плащ,currency,common,2025-11-12 22:51:00,41.79,н/д,paid
4391,6523,Золочёный компас,bundle,rare,2025-11-11 10:44:00,40.33,WINTER30,paid
4392,6523,Золочёный сундук,booster,epic,2025-11-12 06:09:00,9.83,-,paid
4393,6523,Терновый венец,cosmetic,rare,2025-11-12 21:38:00,5.89,н/д,paid
4394,6523,Ледяной маска,cosmetic,common,2025-11-12 18:44:00,7.82,-,paid
4395,6523,Золочёный компас,bundle,rare,2025-11-12 00:49:00,57.62,-,paid
4396,6523,Костяной венец,currency,common,2025-11-11 07:45:00,95.16,-,paid
4397,6523,Древний посох,cosmetic,epic,2025-11-11 16:46:00,4.91,н/д,paid
4398,6523,Багровый печать,currency,legendary,2025-11-12 17:40:00,51.22,,paid
4399,6523,Ледяной рог,battlepass,COMMON,2025-11-12 22:55:00,11.34,WELCOME15,paid
4400,6523,Ржавый плащ,currency,LEGENDARY,11.11.2025 07:34:00,60.75,,paid
4401,6523,Ледяной амулет,booster,rare,2025-11-11 23:08:00,"4,52",,paid
4402,6523,Пепельный рог,booster,epic,2025-11-11 06:24:00,7.12,н/д,paid
4403,6523,Золочёный посох,booster,rare,11.11.2025 05:53:00,1.69,null,paid
4404,6523,Костяной венец,currency,common,2025-11-11 02:07:00,"80,89",WELCOME15,paid
4405,6523,Ледяной перчатки,battlepass,epic,2025-11-11 06:01:00,9.77,WELCOME15,paid
4406,6523,Ржавый фонарь,battlepass,rare,2025-11-11 04:51:00,8.12,AUTUMN25,paid
4407,6523,Тенистый рог,cosmetic,epic,2025-11-12 12:31:00,11.87,,paid
4408,6523,Золочёный посох,booster,rare,2025-11-12 09:13:00,1.27,AUTUMN25,paid
4409,6523,Ледяной плащ,battlepass,EPIC,2025-11-11 01:13:00,13.21,WELCOME15,paid
4410,6523,Терновый венец,cosmetic,RARE,2025-11-11 07:47:00,5.89,,paid
4411,6523,Костяной маска,currency,legendary,12.11.2025 19:33:00,23.03,,paid
4412,6523,Ржавый печать,cosmetic,epic,11.11.2025 20:08:00,16.49,-,paid
4413,6523,Ледяной перчатки,battlepass,epic,2025-11-12 08:47:00,11.49,,paid
4414,6523,Ржавый печать,cosmetic,epic,11.11.2025 18:04:00,16.49,null,paid
4415,6523,Терновый сундук,booster,epic,2025-11-12 17:51:00,,н/д,paid
4416,6523,Лунный плащ,cosmetic,common,2025-11-12 13:17:00,21.65,н/д,paid
4417,6546,Ледяной рог,battlepass,common,2025-12-18 14:56:00,13.34,,paid
4418,6547,Золочёный сундук,booster,epic,2025-11-04 05:47:00,9.83,,paid
4419,6547,Багровый сундук,booster,LEGENDARY,2025-11-03 22:55:00,2.46,,paid
4420,6547,Ледяной рог,battlepass,COMMON,2025-11-02 17:50:00,10.00,AUTUMN25,paid
4421,6547,Ледяной плащ,battlepass,epic,2025-11-02 03:55:00,11.65,AUTUMN25,paid
4422,6547,Ржавый фонарь,battlepass,rare,2025-11-02 22:54:00,9.21,WELCOME15,paid
4423,6547,Багровый плащ,currency,epic,2025-11-02 10:46:00,60.35,RETURN20,paid
4424,6547,Изумрудный сундук,booster,common,2025-11-03 03:11:00,6.33,,paid
4425,6547,Ледяной рог,battlepass,common,03.11.2025 14:43:00,13.34,-,paid
4426,6547,Костяной венец,currency,common,02.11.2025 06:41:00,95.16,NaN,paid
4427,6547,Медный посох,booster,common,2025-11-04 17:14:00,8.61,н/д,paid
4428,6547,Древний сундук,bundle,common,2025-11-03 13:28:00,53.74 USD,NaN,paid
4429,6547,Ржавый амулет,currency,COMMON,2025-11-04 09:30:00,36.16,WINTER30,paid
4430,6547,Тенистый плащ,bundle,epic,2025-11-02 01:48:00,27.96,н/д,paid
4431,6547,Ледяной плащ,battlepass,epic,2025-11-02 05:47:00,15.54,,paid
4432,6547,Ледяной плащ,battlepass,epic,2025-11-02 02:41:00,15.54,-,paid
4433,6547,Костяной перчатки,battlepass,rare,2025-11-02 14:06:00,16.91,null,paid
4434,6547,Костяной венец,currency,common,2025-11-04 17:16:00,95.16,,paid
4435,6547,Ржавый печать,cosmetic,epic,02.11.2025 08:22:00,16.49 USD,,paid
4436,6547,Изумрудный маска,booster,legendary,2025-11-02 04:49:00,7.42,SPRING10,paid
4437,6547,Пепельный компас,booster,epic,02.11.2025 11:01:00,6.67,-,paid
4438,6547,Ледяной перчатки,battlepass,epic,2025-11-02 16:03:00,11.49 USD,,paid
4439,6547,Ледяной перчатки,battlepass,EPIC,2025-11-02 21:55:00,11.49,,paid
4440,6547,Ржавый печать,cosmetic,EPIC,2025-11-02 07:51:00,16.49 USD,,paid
4441,6547,Тенистый рог,cosmetic,epic,03.11.2025 09:03:00,11.87,NaN,paid
4442,6547,Тенистый рог,cosmetic,epic,2025-11-04 16:24:00,9.50,RETURN20,paid
4443,6547,Лунный посох,battlepass,legendary,03.11.2025 15:36:00,9.61,AUTUMN25,paid
4444,6547,Изумрудный посох,booster,COMMON,03.11.2025 04:28:00,5.38,RETURN20,paid
4445,6547,Ледяной перчатки,battlepass,epic,2025-11-02 00:30:00,11.49,н/д,paid
4446,6547,Тенистый венец,currency,common,2025-11-04 06:01:00,56.47,null,paid
4447,6547,Ржавый амулет,currency,common,2025-11-02 16:46:00,51.66,-,paid
4448,6547,Золочёный компас,bundle,rare,04.11.2025 02:09:00,57.62 USD,,paid
4449,6547,Костяной венец,currency,common,2025-11-04 20:37:00,66.61,WINTER30,paid
4450,6547,Лунный плащ,cosmetic,common,2025-11-04 15:59:00,21.65,н/д,paid
4451,6547,Тенистый рог,cosmetic,epic,02.11.2025 08:50:00,11.87,null,paid
4452,6547,Терновый рог,bundle,epic,2025-11-02 05:22:00,14.78,WELCOME15,paid
4453,6547,Лунный венец,currency,epic,2025-11-03 07:07:00,23.52,AUTUMN25,paid
4454,6547,Ржавый печать,cosmetic,epic,2025-11-02 09:59:00,16.49 USD,NaN,paid
4455,6547,Пепельный посох,booster,rare,2025-11-03 04:09:00,9.85 USD,,paid
4456,6547,Медный маска,battlepass,COMMON,2025-11-02 14:03:00,11.25,,paid
4457,6571,Костяной венец,currency,common,10.03.2026 17:15:00,"95,16",,paid
4458,6573,Багровый сундук,booster,legendary,2025-09-21 16:34:00,2.46 USD,-,paid
4459,6578,Ледяной плащ,battlepass,epic,2025-10-16 02:06:00,15.54,NaN,paid
4460,6578,Тенистый плащ,bundle,epic,2025-10-18 10:02:00,27.96,NaN,paid
4461,6591,Лунный сундук,currency,common,2026-04-18 07:45:00,73.48,-,paid
4462,6591,Лунный посох,battlepass,legendary,2026-04-26 13:11:00,"12,81",н/д,paid
4463,6600,Медный амулет,cosmetic,common,2025-12-08 12:58:00,8.10,-,paid
4464,6600,Тенистый клинок,bundle,legendary,2025-12-06 04:02:00,70.79,NaN,paid
4465,6600,Ржавый печать,cosmetic,epic,2025-12-11 04:01:00,16.49,-,paid
4466,6600,Ржавый печать,cosmetic,epic,2025-12-10 09:54:00,16.49,н/д,paid
4467,6600,Тенистый венец,currency,COMMON,06.12.2025 23:58:00,"56,47",,paid
4468,6600,Пепельный печать,battlepass,common,2025-12-08 12:38:00,10.54,null,paid
4469,6600,Ледяной плащ,battlepass,epic,2025-12-07 13:42:00,15.54,null,paid
4470,6600,Изумрудный плащ,currency,common,2025-12-07 13:02:00,33.43 USD,RETURN20,paid
4471,6603,Костяной венец,currency,common,28.11.2025 09:17:00,95.16,NaN,paid
4472,6603,Ржавый печать,cosmetic,EPIC,2025-11-20 02:39:00,16.49,,paid
4473,6603,Ледяной плащ,battlepass,epic,2025-11-23 05:06:00,10.88,WINTER30,paid
4474,6603,Золочёный компас,bundle,rare,2025-11-20 00:40:00,48.98,WELCOME15,paid
4475,6615,Костяной посох,currency,common,2025-11-24 21:34:00,31.49,NaN,paid
4476,6615,Костяной венец,currency,common,2025-11-24 14:40:00,95.16,,paid
4477,6615,Золочёный рог,currency,common,24.11.2025 07:21:00,63.38,WELCOME15,paid
4478,6615,Костяной венец,currency,common,2025-11-24 12:41:00,95.16,,paid
4479,6615,Изумрудный перчатки,booster,epic,2025-11-24 02:55:00,6.84,,paid
4480,6615,Ледяной плащ,battlepass,epic,24.11.2025 21:34:00,15.54,NaN,refunded
4481,6615,Лунный посох,battlepass,legendary,2025-11-24 20:16:00,10.25,RETURN20,paid
4482,6615,Костяной венец,currency,common,2025-11-24 10:13:00,95.16,н/д,paid
4483,6615,Лунный венец,currency,epic,2025-11-24 00:33:00,н/д,WINTER30,paid
4484,6615,Ледяной плащ,battlepass,epic,2025-11-24 13:29:00,15.54,,paid
4485,6615,Тенистый посох,bundle,common,2025-11-24 10:40:00,14.61,WELCOME15,paid
4486,6616,Лунный посох,battlepass,legendary,2025-10-22 18:19:00,12.81,null,paid
4487,6616,Изумрудный посох,booster,common,2025-10-23 17:09:00,6.73,,paid
4488,6616,Ледяной амулет,booster,RARE,2025-10-22 02:56:00,3.84 USD,WELCOME15,paid
4489,6616,Пепельный рог,booster,epic,23.10.2025 03:58:00,7.12,null,paid
4490,6617,Золочёный рог,currency,common,2026-01-02 05:47:00,67.11,SPRING10,paid
4491,6639,Костяной венец,currency,common,2026-02-03 23:14:00,"95,16",,paid
4492,6651,Ржавый печать,cosmetic,epic,2025-09-17 22:47:00,11.54 USD,WINTER30,paid
4493,6684,Костяной печать,battlepass,common,2026-01-05 10:32:00,12.41,,paid
4494,6704,Ржавый фонарь,battlepass,rare,19.11.2025 02:49:00,9.75 USD,SPRING10,paid
4495,6716,Ржавый амулет,currency,common,2026-05-04 14:07:00,51.66,NaN,paid
4496,6716,Ржавый амулет,currency,common,2026-06-01 00:32:00,51.66,NaN,paid
4497,6716,Ледяной рог,battlepass,common,2026-04-14 18:42:00,12.01,SPRING10,paid
4498,6716,Багровый сундук,booster,LEGENDARY,2026-05-05 22:39:00,"2,46",NaN,paid
4499,6716,Пепельный компас,booster,epic,28.06.2026 08:52:00,6.67,,paid
4500,6716,Изумрудный перчатки,booster,epic,04.06.2026 10:00:00,6.84 USD,,paid
4501,6716,Багровый сундук,booster,legendary,2026-06-10 04:35:00,2.46,,paid
4502,6716,Багровый фонарь,booster,COMMON,09.06.2026 17:45:00,9.82,,paid
4503,6717,Пепельный плащ,currency,common,2025-11-25 02:14:00,54.75 USD,null,paid
4504,6721,Лунный плащ,cosmetic,COMMON,17.05.2026 20:26:00,21.65,null,paid
4505,6735,Костяной венец,currency,common,2026-06-10 08:42:00,95.16,,paid
4506,6735,Золочёный рог,currency,common,2026-02-02 02:05:00,74.57,null,paid
4507,6735,Лунный венец,currency,epic,2026-04-30 07:36:00,31.36,null,paid
4508,6735,Лунный плащ,cosmetic,common,2026-01-02 19:54:00,21.65,,paid
4509,6742,Костяной венец,currency,common,2026-06-26 07:37:00,95.16,NaN,paid
4510,6752,Терновый сундук,booster,epic,30.04.2026 21:00:00,5.20,NaN,paid
4511,6765,Лунный посох,battlepass,legendary,2026-01-11 16:43:00,10.25,RETURN20,paid
4512,6765,Терновый сундук,booster,epic,12.01.2026 15:54:00,5.20,NaN,paid
4513,6765,Ржавый фонарь,battlepass,rare,2026-01-11 16:16:00,8.12,AUTUMN25,paid
4514,6765,Ржавый печать,cosmetic,EPIC,2026-01-01 08:08:00,16.49,н/д,paid
4515,6765,Древний венец,cosmetic,common,2026-01-07 06:57:00,"7,99",null,paid
4516,6765,Костяной посох,currency,common,04.01.2026 16:37:00,31.49,-,paid
4517,6765,Изумрудный маска,booster,LEGENDARY,2026-01-13 22:55:00,8.24,,paid
4518,6765,Ледяной рог,battlepass,common,2026-01-01 07:42:00,13.34,,refunded
4519,6766,Ржавый печать,cosmetic,epic,2026-04-28 17:55:00,16.49,,paid
4520,6766,Тенистый фонарь,battlepass,rare,2026-04-28 15:03:00,19.53,,paid
4521,6782,Пепельный посох,booster,rare,2026-05-08 04:53:00,9.85,null,paid
4522,6797,Костяной венец,currency,COMMON,2026-02-24 22:52:00,95.16 USD,-,paid
4523,6797,Медный перчатки,currency,rare,2026-02-23 01:47:00,60.54,,paid
4524,6797,Ледяной перчатки,battlepass,EPIC,2026-02-27 08:59:00,11.49,,paid
4525,6797,Ржавый печать,cosmetic,epic,23.02.2026 12:22:00,16.49 USD,null,paid
4526,6803,Изумрудный сундук,booster,COMMON,24.05.2026 09:15:00,6.33,н/д,paid
4527,6803,Багровый сундук,booster,legendary,2026-05-24 14:34:00,2.46,null,paid
4528,6803,Золочёный перчатки,cosmetic,rare,2026-05-24 14:43:00,18.76,,paid
4529,6803,Костяной венец,currency,common,2026-05-25 14:49:00,95.16,-,paid
4530,6803,Ледяной плащ,battlepass,epic,25.05.2026 22:16:00,"15,54",,paid
4531,6803,Ледяной плащ,battlepass,epic,2026-05-24 01:36:00,15.54,,paid
4532,6803,Костяной печать,battlepass,common,24.05.2026 21:16:00,12.41,-,paid
4533,6803,Тенистый венец,currency,COMMON,2026-05-25 15:53:00,56.47,-,paid
4534,6803,Ледяной рог,battlepass,COMMON,2026-05-25 14:10:00,13.34 USD,,paid
4535,6803,Пепельный печать,battlepass,common,2026-05-24 00:21:00,10.54,-,paid
4536,6803,Костяной печать,battlepass,COMMON,25.05.2026 01:26:00,10.55,WELCOME15,paid
4537,6803,Костяной печать,battlepass,common,25.05.2026 11:08:00,11.17,SPRING10,paid
4538,6803,Ледяной плащ,battlepass,epic,2026-05-24 12:03:00,15.54,,paid
4539,6803,Ледяной амулет,booster,RARE,2026-05-24 21:56:00,4.52,NaN,paid
4540,6803,Терновый сундук,booster,epic,2026-05-24 13:07:00,5.20,NaN,paid
4541,6803,Изумрудный сундук,booster,common,2026-05-24 21:09:00,6.33,-,paid
4542,6803,Костяной венец,currency,common,24.05.2026 09:17:00,"80,89",WELCOME15,paid
4543,6803,Ледяной рог,battlepass,common,2026-05-25 21:23:00,13.34,,paid
4544,6803,Золочёный посох,booster,rare,2026-05-24 11:17:00,1.69,-,paid
4545,6803,Ржавый печать,cosmetic,epic,2026-05-24 06:18:00,16.49,NaN,paid
4546,6803,Ледяной рог,battlepass,common,25.05.2026 07:55:00,13.34 USD,н/д,paid
4547,6803,Лунный венец,currency,EPIC,2026-05-25 06:01:00,31.36,,paid
4548,6803,Лунный венец,currency,epic,2026-05-24 22:23:00,31.36,н/д,paid
4549,6803,Костяной печать,battlepass,common,2026-05-24 08:40:00,9.93,RETURN20,paid
4550,6808,Терновый венец,cosmetic,rare,2026-01-28 23:59:00,5.89 USD,,paid
4551,6812,Ржавый компас,bundle,common,2026-03-14 10:10:00,53.98,,paid
4552,6812,Древний посох,cosmetic,EPIC,2026-03-19 14:58:00,3.68,AUTUMN25,paid
4553,6812,Ледяной плащ,battlepass,epic,2026-04-19 19:15:00,15.54,NaN,paid
4554,6812,Ржавый печать,cosmetic,EPIC,14.03.2026 09:49:00,16.49,NaN,paid
4555,6812,Лунный плащ,cosmetic,common,14.03.2026 15:29:00,21.65,,paid
4556,6812,Ледяной плащ,battlepass,epic,2026-03-30 17:32:00,"15,54",,paid
4557,6812,Золочёный маска,currency,rare,2026-03-15 22:12:00,33.25,,paid
4558,6812,Костяной венец,currency,common,2026-03-22 12:41:00,95.16,-,paid
4559,6812,Древний сундук,bundle,common,11.04.2026 09:12:00,53.74,null,paid
4560,6812,Ледяной рог,battlepass,COMMON,14.03.2026 18:58:00,13.34,NaN,paid
4561,6814,Золочёный рог,currency,common,2025-11-22 23:10:00,74.57,null,paid
4562,6814,Древний посох,cosmetic,epic,2025-12-17 13:16:00,4.91,NaN,paid
4563,6814,Ледяной плащ,battlepass,epic,2025-11-15 21:31:00,15.54,н/д,paid
4564,6834,Золочёный рог,currency,common,2026-01-04 02:03:00,74.57,,paid
4565,6834,Ледяной амулет,booster,rare,29.11.2025 13:20:00,4.52 USD,,paid
4566,6842,Тенистый посох,bundle,COMMON,2026-01-05 18:36:00,"17,19",,paid
4567,6842,Ржавый печать,cosmetic,epic,2026-01-04 15:33:00,13.19,RETURN20,paid
4568,6842,Ледяной рог,battlepass,common,2026-02-25 20:16:00,9.34,WINTER30,paid
4569,6842,Костяной перчатки,battlepass,rare,21.01.2026 17:41:00,12.68,AUTUMN25,paid
4570,6842,Костяной венец,currency,common,2026-01-07 10:26:00,95.16,NaN,paid
4571,6842,Лунный плащ,cosmetic,common,03.01.2026 16:29:00,17.32,RETURN20,paid
4572,6842,Лунный венец,currency,epic,2026-01-12 16:25:00,31.36,,paid
4573,6842,Терновый сундук,booster,epic,2026-03-11 15:42:00,5.20,NaN,paid
4574,6845,Терновый венец,cosmetic,rare,2026-03-31 14:13:00,5.89,,paid
4575,6879,Золочёный сундук,booster,epic,2026-05-22 12:51:00,9.83,null,paid
4576,6882,Костяной маска,currency,legendary,18.05.2026 10:12:00,23.03,н/д,paid
4577,6894,Ледяной плащ,battlepass,epic,19.05.2026 14:17:00,15.54,,paid
4578,6894,Медный посох,booster,COMMON,15.05.2026 16:56:00,8.61 USD,null,paid
4579,6894,Изумрудный перчатки,booster,EPIC,2026-05-13 00:13:00,6.84,-,paid
4580,6894,Ржавый печать,cosmetic,EPIC,2026-06-07 08:07:00,16.49,н/д,paid
4581,6894,Терновый сундук,booster,epic,2026-04-30 12:14:00,5.20,,paid
4582,6894,Ржавый компас,bundle,common,2026-06-11 15:33:00,53.98,,paid
4583,6894,Тенистый плащ,bundle,EPIC,2026-05-02 19:51:00,"20,97",AUTUMN25,paid
4584,6894,Костяной венец,currency,common,11.06.2026 12:44:00,76.13 USD,RETURN20,paid
4585,6894,Костяной венец,currency,common,2026-04-30 00:10:00,95.16,NaN,paid
4586,6894,Медный маска,battlepass,common,2026-05-05 10:40:00,11.25,,paid
4587,6894,Лунный плащ,cosmetic,common,2026-06-06 00:38:00,21.65,,paid
4588,6894,Золочёный рог,currency,common,2026-05-03 11:08:00,74.57,-,paid
4589,6894,Тенистый рог,cosmetic,epic,2026-06-16 01:50:00,11.87,NaN,paid
4590,6894,Медный перчатки,currency,rare,2026-06-19 23:17:00,60.54,NaN,paid
4591,6894,Древний венец,cosmetic,common,2026-04-30 11:12:00,7.99 USD,н/д,paid
4592,6894,Лунный плащ,cosmetic,common,02.05.2026 19:46:00,21.65,,paid
4593,6894,Пепельный печать,battlepass,common,2026-05-09 01:11:00,10.54,н/д,paid
4594,6894,Древний венец,cosmetic,common,2026-05-24 18:03:00,7.99,,paid
4595,6894,Медный печать,bundle,RARE,2026-05-07 13:47:00,33.96,,paid
4596,6894,Ржавый амулет,currency,common,09.06.2026 07:42:00,36.16,WINTER30,paid
4597,6898,Костяной венец,currency,common,2025-10-13 10:33:00,95.16,NaN,paid
4598,6898,Терновый рог,bundle,epic,03.10.2025 23:21:00,13.04,AUTUMN25,paid
4599,6898,Пепельный посох,booster,rare,2025-09-26 21:30:00,9.85,NaN,paid
4600,6898,Ледяной рог,battlepass,common,2025-10-01 03:31:00,13.34,NaN,paid
4601,6898,Костяной посох,currency,common,25.09.2025 09:28:00,31.49,,paid
4602,6898,Тенистый рог,cosmetic,EPIC,2025-10-11 23:11:00,11.87,,paid
4603,6898,Изумрудный печать,cosmetic,common,2025-10-30 08:13:00,21.79,,paid
4604,6904,Ржавый печать,cosmetic,epic,2025-10-07 05:29:00,16.49,,paid
4605,6906,Ледяной плащ,battlepass,epic,2025-12-16 23:53:00,15.54,,paid
4606,6906,Золочёный посох,booster,rare,2025-12-25 12:11:00,1.69,,paid
4607,6906,Тенистый рог,cosmetic,epic,21.02.2026 12:43:00,11.87,-,paid
4608,6913,Пепельный посох,booster,rare,2025-12-09 21:38:00,9.85,NaN,paid
4609,6936,Изумрудный посох,booster,common,2026-05-23 00:36:00,5.05,AUTUMN25,paid
4610,6969,Ледяной рог,battlepass,common,2026-01-13 20:36:00,13.34 USD,NaN,paid
4611,6969,Тенистый плащ,bundle,epic,14.03.2026 21:50:00,27.96,,paid
4612,6969,Костяной посох,currency,common,13.12.2025 00:32:00,31.49,н/д,paid
4613,6984,Золочёный посох,booster,rare,2026-06-12 00:29:00,1.69,,paid
4614,6988,Изумрудный перчатки,booster,EPIC,2025-09-01 22:14:00,5.13,AUTUMN25,paid
4615,6991,Терновый печать,booster,RARE,17.06.2026 13:00:00,7.48,,paid
4616,6991,Багровый плащ,currency,epic,2026-06-19 05:53:00,75.44,,paid
4617,6991,Ледяной амулет,booster,rare,2026-06-19 05:40:00,4.52,,paid
4618,6991,Костяной венец,currency,common,2026-06-18 08:57:00,66.61,WINTER30,paid
4619,6991,Ржавый компас,bundle,common,2026-06-18 02:14:00,53.98,,paid
4620,6991,Пепельный рог,booster,EPIC,2026-06-18 10:30:00,7.12 USD,null,paid
4621,6991,Костяной венец,currency,common,2026-06-17 13:06:00,71.37,AUTUMN25,paid
4622,6991,Костяной венец,currency,common,2026-06-17 00:20:00,66.61,WINTER30,paid
4623,6991,Пепельный компас,booster,epic,2026-06-17 08:48:00,5.34,RETURN20,paid
4624,6991,Тенистый фонарь,battlepass,rare,2026-06-17 20:45:00,19.53,,paid
4625,6991,Тенистый посох,bundle,common,17.06.2026 23:42:00,17.19,,paid
4626,6991,Медный амулет,cosmetic,common,2026-06-17 22:20:00,8.10,н/д,paid
4627,6991,Ледяной плащ,battlepass,epic,2026-06-18 14:29:00,15.54 USD,-,paid
4628,6991,Терновый рог,bundle,epic,18.06.2026 16:01:00,17.39,,paid
4629,6991,Изумрудный посох,booster,COMMON,2026-06-18 17:20:00,6.73,NaN,paid
4630,6991,Тенистый рог,cosmetic,epic,2026-06-17 14:23:00,11.87,н/д,paid
4631,6991,Костяной клинок,cosmetic,common,2026-06-19 14:01:00,17.78,н/д,paid
4632,6991,Ледяной рог,battlepass,common,2026-06-17 18:47:00,10.00,AUTUMN25,paid
4633,6991,Ледяной перчатки,battlepass,epic,18.06.2026 09:23:00,11.49,,paid
4634,6991,Ледяной плащ,battlepass,epic,2026-06-17 00:22:00,11.65,AUTUMN25,paid
4635,6991,Костяной венец,currency,common,2026-06-18 17:59:00,95.16,н/д,paid
4636,6991,Ледяной рог,battlepass,common,2026-06-18 19:31:00,11.34,WELCOME15,paid
4637,6991,Ржавый амулет,currency,common,2026-06-17 00:10:00,"51,66",,paid
4638,6991,Тенистый посох,bundle,common,2026-06-17 15:31:00,17.19,NaN,paid
4639,6991,Ледяной плащ,battlepass,epic,2026-06-18 16:24:00,15.54,,paid
4640,6992,Ледяной рог,battlepass,common,2026-03-14 18:47:00,13.34,NaN,paid
4641,6992,Терновый сундук,booster,epic,2026-02-28 13:22:00,"5,20",-,paid
4642,6992,Пепельный печать,battlepass,common,12.02.2026 14:11:00,10.54 USD,,paid
4643,6992,Ледяной перчатки,battlepass,epic,2026-04-05 05:12:00,9.77,WELCOME15,paid
4644,6992,Костяной венец,currency,common,14.02.2026 22:06:00,66.61,WINTER30,paid
4645,6992,Тенистый рог,cosmetic,epic,2026-03-06 16:52:00,11.87,н/д,paid
4646,6992,Багровый сундук,booster,legendary,2026-03-06 22:47:00,2.46,-,paid
4647,6992,Ледяной плащ,battlepass,epic,2026-03-16 03:43:00,15.54,,paid
4648,6992,Багровый печать,currency,legendary,20.03.2026 08:36:00,38.41,AUTUMN25,paid
4649,6992,Костяной печать,battlepass,common,2026-02-21 15:43:00,12.41 USD,н/д,paid
4650,6992,Ледяной плащ,battlepass,epic,2026-02-12 11:33:00,15.54,н/д,paid
4651,6992,Терновый венец,cosmetic,rare,2026-02-13 13:29:00,5.01,WELCOME15,paid
4652,6992,Тенистый плащ,bundle,epic,2026-02-14 06:48:00,27.96,null,paid
4653,6992,Ледяной перчатки,battlepass,epic,2026-02-15 07:30:00,11.49,,paid
4654,6992,Тенистый рог,cosmetic,epic,2026-02-27 12:36:00,10.68,SPRING10,paid
4655,7005,Костяной посох,currency,common,2025-10-11 05:19:00,"26,77",WELCOME15,paid
4656,7009,Костяной венец,currency,COMMON,2025-12-24 17:53:00,,AUTUMN25,paid
4657,7024,Ледяной рог,battlepass,common,2026-03-25 14:37:00,13.34,-,paid
4658,7045,Терновый венец,cosmetic,rare,2025-09-04 10:46:00,5.89,null,paid
4659,7045,Багровый сундук,booster,legendary,2025-09-05 19:06:00,2.46,н/д,refunded
4660,7045,Багровый сундук,booster,LEGENDARY,2025-09-04 22:24:00,2.46,,paid
4661,7045,Пепельный печать,battlepass,common,04.09.2025 09:40:00,10.54,,paid
4662,7045,Костяной венец,currency,COMMON,2025-09-04 12:59:00,95.16,,paid
4663,7045,Тенистый посох,bundle,COMMON,2025-09-05 22:06:00,17.19,,paid
4664,7045,Терновый сундук,booster,epic,2025-09-04 19:44:00,3.90,AUTUMN25,paid
4665,7046,Ледяной маска,cosmetic,common,2025-10-06 12:33:00,6.26,RETURN20,paid
4666,7046,Древний венец,cosmetic,common,06.10.2025 05:05:00,6.79 USD,WELCOME15,paid
4667,7046,Костяной печать,battlepass,common,2025-10-19 00:36:00,12.41,-,paid
4668,7046,Ледяной перчатки,battlepass,epic,2025-10-06 19:25:00,"11,49",NaN,paid
4669,7046,Лунный сундук,currency,COMMON,13.10.2025 00:18:00,58.78,RETURN20,paid
4670,7046,Костяной венец,currency,common,2025-10-10 07:57:00,66.61,WINTER30,paid
4671,7046,Золочёный перчатки,cosmetic,rare,05.10.2025 04:40:00,"13,13",WINTER30,paid
4672,7050,Изумрудный посох,booster,common,2026-02-28 01:33:00,5.05,AUTUMN25,paid
4673,7050,Изумрудный маска,booster,legendary,2026-01-29 16:09:00,8.24,н/д,paid
4674,7060,Терновый венец,cosmetic,rare,2026-06-04 22:29:00,5.89,н/д,paid
4675,7060,Костяной венец,currency,COMMON,2026-06-05 17:10:00,95.16,-,paid
4676,7060,Золочёный компас,bundle,rare,04.06.2026 08:21:00,"57,62",,paid
4677,7071,Ледяной плащ,battlepass,epic,2026-03-25 18:03:00,15.54,,paid
4678,7071,Ледяной плащ,battlepass,epic,2025-12-26 22:11:00,15.54,,paid
4679,7071,Ледяной плащ,battlepass,epic,2025-11-23 01:41:00,13.21,WELCOME15,paid
4680,7071,Золочёный посох,booster,rare,24.11.2025 18:28:00,1.69,NaN,paid
4681,7071,Ржавый печать,cosmetic,epic,2025-12-10 09:31:00,16.49,NaN,paid
4682,7084,Ледяной перчатки,battlepass,EPIC,2025-09-08 19:22:00,11.49,-,paid
4683,7084,Золочёный посох,booster,rare,2025-09-08 19:23:00,1.69 USD,,paid
4684,7084,Пепельный посох,booster,rare,2025-09-08 01:32:00,9.85,null,paid
4685,7084,Терновый венец,cosmetic,rare,2025-09-09 02:14:00,5.89,,paid
4686,7084,Ледяной рог,battlepass,common,2025-09-08 10:46:00,13.34,н/д,paid
4687,7088,Ледяной перчатки,battlepass,epic,2026-01-29 22:34:00,11.49 USD,,paid
4688,7103,Ледяной плащ,battlepass,EPIC,2025-10-04 16:14:00,15.54,NaN,paid
4689,7118,Золочёный посох,booster,rare,2026-02-05 18:59:00,1.69 USD,null,paid
4690,7118,Древний посох,cosmetic,EPIC,01.02.2026 04:04:00,"4,91",,paid
4691,7118,Ледяной рог,battlepass,common,01.02.2026 17:18:00,13.34,-,paid
4692,7118,Терновый сундук,booster,epic,2026-01-31 22:19:00,5.20,-,paid
4693,7118,Медный амулет,cosmetic,common,2026-02-03 15:15:00,8.10,,paid
4694,7118,Лунный венец,currency,EPIC,02.02.2026 15:58:00,"31,36",null,paid
4695,7128,Ледяной перчатки,battlepass,epic,21.09.2025 00:59:00,"11,49",,paid
4696,7128,Пепельный рог,booster,epic,2025-09-17 08:05:00,"7,12",н/д,paid
4697,7128,Изумрудный маска,booster,legendary,2025-09-20 22:47:00,8.24,-,paid
4698,7128,Ледяной плащ,battlepass,epic,2025-09-08 04:47:00,15.54,,paid
4699,7135,Ржавый фонарь,battlepass,RARE,2026-06-11 03:07:00,10.83,NaN,paid
4700,7135,Ледяной рог,battlepass,COMMON,2026-05-18 06:29:00,10.67,RETURN20,paid
4701,7135,Лунный венец,currency,epic,2026-06-10 16:13:00,31.36,-,paid
4702,7135,Ледяной рог,battlepass,common,05.05.2026 21:37:00,13.34,,paid
4703,7140,Тенистый рог,cosmetic,epic,2025-11-14 03:46:00,11.87 USD,null,paid
4704,7140,Терновый печать,booster,rare,2025-11-18 00:53:00,6.73,SPRING10,paid
4705,7143,Костяной посох,currency,COMMON,2025-11-10 19:07:00,31.49,,paid
4706,7143,Ржавый печать,cosmetic,epic,2025-11-10 05:05:00,14.02,WELCOME15,paid
4707,7143,Изумрудный маска,booster,legendary,15.11.2025 01:53:00,8.24,н/д,paid
4708,7143,Костяной венец,currency,common,2025-11-16 22:56:00,76.13,RETURN20,paid
4709,7146,Лунный плащ,cosmetic,COMMON,2025-12-30 01:02:00,21.65,н/д,paid
4710,7188,Изумрудный перчатки,booster,epic,13.04.2026 02:21:00,6.84,н/д,paid
4711,7188,Тенистый рог,cosmetic,EPIC,2026-01-08 19:25:00,11.87,NaN,paid
4712,7188,Ледяной плащ,battlepass,epic,22.05.2026 14:56:00,15.54,NaN,paid
4713,7188,Медный посох,booster,COMMON,2025-12-04 16:37:00,8.61,,paid
4714,7197,Ржавый печать,cosmetic,epic,2025-12-29 08:03:00,16.49,,paid
4715,7197,Изумрудный плащ,currency,common,2026-01-27 23:46:00,41.79,,paid
4716,7197,Костяной перчатки,battlepass,rare,18.11.2025 20:32:00,16.91,н/д,paid
4717,7200,Ржавый амулет,currency,common,20.12.2025 06:51:00,51.66,-,paid
4718,7204,Ржавый печать,cosmetic,epic,2026-02-24 21:48:00,16.49 USD,-,paid
4719,7204,Тенистый фонарь,battlepass,rare,2026-02-25 21:39:00,16.60,WELCOME15,paid
4720,7204,Тенистый рог,cosmetic,epic,2026-01-12 11:18:00,11.87,-,paid
4721,7216,Ледяной маска,cosmetic,common,07.09.2025 23:54:00,7.82,NaN,paid
4722,7229,Ледяной рог,battlepass,common,04.03.2026 23:04:00,13.34,,paid
4723,7242,Золочёный посох,booster,RARE,2025-12-18 02:55:00,1.69,null,paid
4724,7288,Ржавый печать,cosmetic,epic,2025-11-01 06:01:00,16.49,н/д,paid
4725,7288,Золочёный посох,booster,rare,2025-12-25 16:59:00,1.27,AUTUMN25,paid
4726,7304,Пепельный компас,booster,EPIC,2026-01-19 11:46:00,6.67,-,paid
4727,7305,Ледяной перчатки,battlepass,epic,2026-06-04 01:58:00,10.34,SPRING10,paid
4728,7309,Терновый рог,bundle,epic,2025-09-10 23:48:00,13.91,RETURN20,paid
4729,7322,Ледяной плащ,battlepass,epic,2026-06-30 17:41:00,10.88,WINTER30,paid
4730,7329,Ледяной плащ,battlepass,epic,2026-04-17 05:56:00,15.54,-,paid
4731,7381,Тенистый рог,cosmetic,epic,19.11.2025 19:58:00,11.87,,paid
4732,7381,Ржавый печать,cosmetic,epic,2025-10-05 15:46:00,16.49,NaN,paid
4733,7381,Костяной маска,currency,legendary,19.10.2025 08:51:00,23.03 USD,NaN,paid
4734,7381,Древний венец,cosmetic,COMMON,06.11.2025 13:00:00,7.99,NaN,paid
4735,7386,Терновый сундук,booster,epic,2026-02-22 08:47:00,5.20,,paid
4736,7386,Пепельный посох,booster,rare,2026-01-29 11:03:00,9.85,н/д,paid
4737,7386,Изумрудный перчатки,booster,epic,2026-01-24 20:11:00,6.84,-,paid
4738,7395,Золочёный посох,booster,RARE,2026-04-25 07:02:00,1.69,,paid
4739,7395,Ржавый фонарь,battlepass,RARE,2026-03-04 11:09:00,9.75,SPRING10,paid
4740,7395,Золочёный посох,booster,rare,07.03.2026 11:20:00,1.52,SPRING10,refunded
4741,7395,Лунный посох,battlepass,legendary,2026-03-18 17:28:00,12.81,NaN,paid
4742,7395,Золочёный перчатки,cosmetic,rare,02.04.2026 02:20:00,18.76,н/д,paid
4743,7395,Лунный плащ,cosmetic,common,2026-03-04 15:59:00,21.65,-,paid
4744,7395,Медный амулет,cosmetic,common,15.04.2026 20:58:00,8.10,,paid
4745,7395,Терновый печать,booster,RARE,14.04.2026 22:17:00,6.73,SPRING10,paid
4746,7395,Ледяной перчатки,battlepass,EPIC,2026-03-04 00:19:00,11.49 USD,,paid
4747,7395,Костяной печать,battlepass,common,2026-03-04 07:02:00,12.41,-,paid
4748,7414,Багровый печать,currency,legendary,2025-10-18 21:19:00,51.22,-,paid
4749,7414,Лунный посох,battlepass,legendary,22.10.2025 19:34:00,12.81,NaN,paid
4750,7414,Костяной посох,currency,common,02.11.2025 14:15:00,"31,49",-,paid
4751,7414,Изумрудный перчатки,booster,epic,16.10.2025 14:05:00,6.84,NaN,paid
4752,7414,Костяной маска,currency,legendary,2025-10-31 16:21:00,23.03 USD,,paid
4753,7422,Костяной венец,currency,common,2026-02-27 10:38:00,95.16,,paid
4754,7422,Пепельный рог,booster,EPIC,2026-02-27 13:10:00,5.34 USD,AUTUMN25,paid
4755,7422,Ледяной амулет,booster,rare,2026-02-27 04:48:00,3.39,AUTUMN25,paid
4756,7422,Тенистый рог,cosmetic,epic,27.02.2026 00:18:00,11.87,н/д,paid
4757,7447,Пепельный плащ,currency,common,29.09.2025 09:14:00,54.75,-,paid
4758,7447,Тенистый плащ,bundle,epic,29.09.2025 13:39:00,27.96,,paid
4759,7447,Лунный венец,currency,epic,03.10.2025 13:17:00,21.95,WINTER30,paid
4760,7447,Пепельный плащ,currency,common,2025-09-30 05:15:00,38.32,WINTER30,paid
4761,7447,Ледяной плащ,battlepass,epic,2025-09-30 03:45:00,13.99,SPRING10,paid
4762,7447,Ледяной плащ,battlepass,EPIC,2025-09-29 11:01:00,15.54,NaN,paid
4763,7447,Ржавый печать,cosmetic,epic,2025-10-01 12:57:00,16.49,-,paid
4764,7447,Золочёный посох,booster,rare,2025-09-29 05:38:00,1.69,,paid
4765,7447,Золочёный рог,currency,common,2025-09-30 01:24:00,74.57,н/д,paid
4766,7447,Золочёный компас,bundle,rare,2025-10-01 09:57:00,57.62,null,paid
4767,7447,Изумрудный маска,booster,LEGENDARY,2025-09-29 05:46:00,8.24,null,paid
4768,7447,Ледяной перчатки,battlepass,epic,2025-09-29 01:25:00,8.04,WINTER30,paid
4769,7447,Ледяной плащ,battlepass,epic,30.09.2025 20:11:00,15.54,,paid
4770,7447,Костяной венец,currency,common,2025-09-30 04:19:00,80.89 USD,WELCOME15,paid
4771,7447,Ледяной плащ,battlepass,epic,30.09.2025 07:06:00,15.54,н/д,paid
4772,7447,Багровый плащ,currency,epic,2025-10-01 02:45:00,75.44,-,paid
4773,7447,Изумрудный сундук,booster,common,2025-10-03 16:00:00,6.33,,paid
4774,7447,Ледяной рог,battlepass,common,2025-10-03 23:34:00,13.34,NaN,paid
4775,7447,Медный перчатки,currency,rare,2025-10-02 16:54:00,60.54,н/д,paid
4776,7447,Тенистый венец,currency,common,30.09.2025 04:47:00,56.47 USD,NaN,paid
4777,7447,Терновый рог,bundle,epic,2025-10-01 18:44:00,17.39,,paid
4778,7462,Изумрудный маска,booster,legendary,2025-10-23 18:24:00,8.24,null,paid
4779,7465,Ледяной плащ,battlepass,epic,2026-06-23 07:50:00,15.54,,paid
4780,7485,Ледяной перчатки,battlepass,EPIC,2025-09-02 10:28:00,11.49,н/д,paid
4781,7506,Ледяной рог,battlepass,common,2026-06-27 21:50:00,13.34 USD,null,refunded
4782,7507,Костяной венец,currency,common,28.09.2025 23:56:00,95.16 USD,н/д,paid
4783,7508,Ледяной амулет,booster,rare,2026-02-04 15:28:00,4.52,,paid
4784,7513,Багровый печать,currency,LEGENDARY,2026-06-08 14:54:00,40.98 USD,RETURN20,paid
4785,7513,Изумрудный маска,booster,legendary,2026-06-04 21:01:00,8.24,,paid
4786,7513,Костяной венец,currency,COMMON,2026-06-25 17:12:00,95.16,,refunded
4787,7513,Багровый фонарь,booster,COMMON,2026-06-18 04:49:00,9.82,н/д,paid
4788,7513,Изумрудный маска,booster,legendary,2026-06-04 05:46:00,"8,24",,paid
4789,7513,Медный маска,battlepass,common,2026-06-02 20:30:00,11.25,NaN,paid
4790,7513,Изумрудный перчатки,booster,epic,2026-06-18 17:22:00,6.84,,paid
4791,7513,Тенистый рог,cosmetic,epic,2026-06-08 04:08:00,"11,87",,paid
4792,7513,Ржавый компас,bundle,common,20.06.2026 23:44:00,53.98,,paid
4793,7513,Костяной венец,currency,common,02.06.2026 02:42:00,95.16,-,paid
4794,7513,Костяной венец,currency,common,2026-06-02 19:42:00,95.16,-,paid
4795,7513,Терновый сундук,booster,EPIC,2026-06-05 18:47:00,5.20,NaN,paid
4796,7513,Терновый рог,bundle,epic,03.06.2026 00:35:00,17.39,н/д,paid
4797,7513,Ледяной маска,cosmetic,COMMON,2026-06-06 21:36:00,7.82,,paid
4798,7513,Тенистый рог,cosmetic,epic,2026-06-27 19:01:00,8.31,WINTER30,paid
4799,7513,Костяной венец,currency,common,15.06.2026 04:25:00,71.37,AUTUMN25,paid
4800,7513,Лунный венец,currency,epic,2026-06-20 05:47:00,"31,36",NaN,paid
4801,7513,Тенистый фонарь,battlepass,rare,2026-06-08 04:35:00,19.53,,paid
4802,7513,Ржавый амулет,currency,common,2026-06-05 17:39:00,51.66 USD,,paid
4803,7513,Костяной венец,currency,common,23.06.2026 12:59:00,95.16,,paid
4804,7513,Ржавый печать,cosmetic,epic,2026-06-14 10:24:00,16.49,,paid
4805,7513,Костяной перчатки,battlepass,rare,02.06.2026 21:23:00,16.91,-,paid
4806,7513,Терновый сундук,booster,epic,2026-06-19 23:36:00,5.20,null,paid
4807,7513,Лунный венец,currency,epic,2026-06-27 07:45:00,31.36,н/д,paid
4808,7513,Ржавый компас,bundle,common,02.06.2026 14:49:00,53.98,,paid
4809,7513,Ледяной плащ,battlepass,epic,07.06.2026 00:00:00,15.54,н/д,paid
4810,7513,Тенистый рог,cosmetic,epic,2026-06-15 09:49:00,11.87,null,paid
4811,7513,Золочёный маска,currency,rare,2026-06-16 01:11:00,24.94,AUTUMN25,paid
4812,7513,Ледяной рог,battlepass,common,2026-06-06 09:11:00,13.34,,paid
4813,7513,Ледяной плащ,battlepass,epic,13.06.2026 11:50:00,15.54,,paid
4814,7513,Ржавый фонарь,battlepass,RARE,2026-06-26 03:06:00,10.83,,paid
4815,7513,Пепельный печать,battlepass,common,2026-06-02 10:16:00,10.54,,paid
4816,7513,Тенистый клинок,bundle,legendary,2026-06-07 20:22:00,70.79,,paid
4817,7513,Изумрудный плащ,currency,common,2026-06-15 18:45:00,41.79,NaN,paid
4818,7513,Медный амулет,cosmetic,common,09.06.2026 16:17:00,8.10,,paid
4819,7513,Медный маска,battlepass,common,2026-06-02 06:53:00,"11,25",н/д,paid
4820,7513,Тенистый фонарь,battlepass,rare,07.06.2026 08:02:00,19.53,null,paid
4821,7513,Багровый плащ,currency,epic,15.06.2026 17:19:00,"67,90",SPRING10,paid
4822,7513,Ржавый амулет,currency,common,2026-06-02 03:50:00,"51,66",-,paid
4823,7513,Багровый сундук,booster,LEGENDARY,2026-06-13 12:46:00,1.72 USD,WINTER30,paid
4824,7513,Ледяной рог,battlepass,common,02.06.2026 21:34:00,9.34,WINTER30,paid
4825,7513,Ледяной рог,battlepass,common,2026-06-02 06:37:00,13.34 USD,-,paid
4826,7513,Ржавый амулет,currency,common,2026-06-16 19:38:00,51.66,NaN,paid
4827,7513,Ледяной плащ,battlepass,epic,2026-06-27 10:27:00,15.54,-,paid
4828,7513,Ржавый печать,cosmetic,epic,26.06.2026 14:05:00,"16,49",н/д,paid
4829,7513,Ледяной рог,battlepass,common,2026-06-16 05:08:00,13.34,-,paid
4830,7513,Тенистый рог,cosmetic,epic,05.06.2026 01:56:00,11.87,NaN,paid
4831,7513,Пепельный рог,booster,EPIC,2026-06-21 06:25:00,6.05,WELCOME15,paid
4832,7513,Терновый сундук,booster,epic,18.06.2026 15:28:00,5.20,н/д,paid
4833,7513,Ржавый печать,cosmetic,EPIC,2026-06-25 10:53:00,"16,49",,paid
4834,7513,Ржавый плащ,currency,LEGENDARY,29.06.2026 09:09:00,54.68,SPRING10,paid
4835,7513,Ржавый печать,cosmetic,epic,05.06.2026 16:55:00,16.49,NaN,paid
4836,7513,Медный амулет,cosmetic,common,2026-06-05 06:17:00,7.29,SPRING10,paid
4837,7513,Терновый рог,bundle,epic,03.06.2026 18:23:00,17.39,,paid
4838,7513,Терновый печать,booster,RARE,2026-06-23 18:00:00,7.48,,paid
4839,7513,Золочёный посох,booster,rare,2026-06-17 18:21:00,1.69,NaN,paid
4840,7513,Древний сундук,bundle,common,2026-06-15 04:41:00,53.74,null,paid
4841,7513,Изумрудный посох,booster,common,2026-06-02 04:22:00,6.73,,paid
4842,7513,Древний венец,cosmetic,COMMON,12.06.2026 10:23:00,7.99,,paid
4843,7513,Изумрудный маска,booster,legendary,2026-06-02 03:34:00,6.18,AUTUMN25,paid
4844,7513,Золочёный рог,currency,common,2026-06-25 08:51:00,74.57,NaN,paid
4845,7513,Изумрудный плащ,currency,COMMON,2026-06-09 18:18:00,"41,79",null,paid
4846,7513,Ледяной маска,cosmetic,COMMON,2026-06-10 11:27:00,7.82,NaN,paid
4847,7513,Ледяной рог,battlepass,common,02.06.2026 04:18:00,13.34,,paid
4848,7513,Ледяной плащ,battlepass,epic,2026-06-30 18:27:00,13.99,SPRING10,paid
4849,7513,Золочёный посох,booster,RARE,2026-06-13 18:28:00,1.69 USD,,paid
4850,7513,Медный амулет,cosmetic,common,2026-06-02 14:12:00,8.10,,paid
4851,7513,Ржавый амулет,currency,common,2026-06-08 05:28:00,51.66 USD,,paid
4852,7513,Тенистый рог,cosmetic,epic,03.06.2026 18:13:00,11.87,,paid
4853,7513,Медный маска,battlepass,common,2026-06-04 13:35:00,11.25,н/д,paid
4854,7513,Терновый рог,bundle,epic,2026-06-10 00:12:00,17.39 USD,н/д,paid
4855,7513,Ледяной рог,battlepass,common,2026-06-09 04:36:00,13.34,н/д,paid
4856,7513,Медный печать,bundle,rare,2026-06-08 07:57:00,33.96,,paid
4857,7513,Тенистый рог,cosmetic,epic,2026-06-03 21:46:00,11.87,,paid
4858,7513,Ржавый печать,cosmetic,EPIC,2026-06-08 02:03:00,16.49,NaN,paid
4859,7513,Ржавый амулет,currency,common,2026-06-23 09:40:00,46.49,SPRING10,paid
4860,7513,Медный амулет,cosmetic,common,2026-06-05 04:16:00,8.10,null,paid
4861,7513,Багровый плащ,currency,epic,2026-06-27 04:47:00,75.44,-,paid
4862,7513,Ледяной плащ,battlepass,EPIC,2026-06-03 00:24:00,"15,54",,paid
4863,7532,Пепельный плащ,currency,common,2026-01-04 00:00:00,41.06,AUTUMN25,paid
4864,7552,Ржавый печать,cosmetic,epic,2025-12-20 15:50:00,13.19,RETURN20,paid
4865,7552,Изумрудный маска,booster,legendary,2025-12-18 11:56:00,8.24,NaN,paid
4866,7552,Ледяной амулет,booster,rare,2025-12-10 16:14:00,4.52,,paid
4867,7554,Терновый рог,bundle,epic,2026-06-25 04:19:00,12.17,WINTER30,paid
4868,7566,Медный печать,bundle,rare,2026-05-31 03:06:00,33.96,,paid
4869,7571,Ледяной плащ,battlepass,EPIC,19.09.2025 22:28:00,10.88,WINTER30,paid
4870,7574,Медный печать,bundle,rare,03.06.2026 06:01:00,23.77,WINTER30,paid
4871,7578,Лунный посох,battlepass,legendary,2026-05-09 23:13:00,12.81,null,paid
4872,7578,Пепельный печать,battlepass,common,2026-05-08 02:00:00,8.43 USD,RETURN20,paid
4873,7578,Ледяной плащ,battlepass,epic,08.05.2026 20:15:00,15.54,null,paid
4874,7578,Пепельный рог,booster,epic,2026-05-08 02:34:00,6.41,SPRING10,paid
4875,7578,Тенистый фонарь,battlepass,RARE,2026-05-09 02:10:00,19.53,,paid
4876,7578,Тенистый фонарь,battlepass,rare,09.05.2026 08:52:00,"19,53",null,paid
4877,7578,Тенистый венец,currency,common,2026-05-09 11:45:00,56.47,,paid
4878,7578,Тенистый посох,bundle,common,2026-05-09 03:06:00,17.19,,paid
4879,7578,Терновый рог,bundle,epic,2026-05-08 18:56:00,17.39,-,paid
4880,7578,Золочёный посох,booster,RARE,09.05.2026 06:31:00,1.18,WINTER30,paid
4881,7578,Костяной рог,currency,rare,2026-05-08 06:30:00,20.20,WINTER30,paid
4882,7578,Багровый сундук,booster,LEGENDARY,2026-05-08 00:45:00,2.46,null,paid
4883,7578,Тенистый фонарь,battlepass,rare,2026-05-09 05:15:00,19.53,н/д,paid
4884,7578,Тенистый фонарь,battlepass,RARE,2026-05-08 14:01:00,19.53 USD,null,paid
4885,7578,Ржавый фонарь,battlepass,rare,2026-05-08 08:08:00,10.83,,paid
4886,7578,Ледяной рог,battlepass,common,2026-05-08 22:27:00,13.34,NaN,paid
4887,7578,Костяной венец,currency,common,2026-05-08 17:44:00,95.16,,paid
4888,7578,Тенистый плащ,bundle,epic,2026-05-08 13:38:00,27.96,-,paid
4889,7578,Тенистый рог,cosmetic,epic,08.05.2026 07:51:00,11.87,,paid
4890,7578,Лунный плащ,cosmetic,common,2026-05-08 02:01:00,21.65,,paid
4891,7578,Костяной венец,currency,common,08.05.2026 05:03:00,95.16,,paid
4892,7578,Пепельный посох,booster,rare,2026-05-09 07:37:00,9.85,-,paid
4893,7578,Ржавый амулет,currency,COMMON,2026-05-08 01:48:00,51.66 USD,,paid
4894,7578,Лунный сундук,currency,common,2026-05-08 14:06:00,73.48,,paid
4895,7578,Пепельный плащ,currency,common,2026-05-08 00:15:00,54.75,null,paid
4896,7578,Костяной перчатки,battlepass,rare,08.05.2026 10:40:00,16.91,null,paid
4897,7578,Пепельный посох,booster,rare,2026-05-08 03:55:00,9.85,,paid
4898,7578,Золочёный компас,bundle,rare,2026-05-08 14:58:00,57.62,NaN,paid
4899,7578,Пепельный плащ,currency,common,08.05.2026 13:03:00,54.75,NaN,paid
4900,7578,Тенистый рог,cosmetic,epic,2026-05-09 03:41:00,11.87,,paid
4901,7578,Медный амулет,cosmetic,COMMON,2026-05-08 20:20:00,8.10,,paid
4902,7578,Терновый сундук,booster,epic,2026-05-08 00:28:00,4.16 USD,RETURN20,paid
4903,7578,Изумрудный плащ,currency,common,2026-05-08 05:51:00,41.79,-,paid
4904,7578,Пепельный плащ,currency,common,2026-05-09 10:51:00,54.75 USD,-,paid
4905,7578,Золочёный посох,booster,rare,09.05.2026 01:14:00,1.69,,paid
4906,7578,Золочёный компас,bundle,rare,2026-05-08 07:19:00,57.62,,paid
4907,7578,Тенистый фонарь,battlepass,rare,08.05.2026 10:50:00,19.53,н/д,paid
4908,7578,Ледяной перчатки,battlepass,epic,09.05.2026 21:38:00,9.19,RETURN20,paid
4909,7578,Ледяной перчатки,battlepass,EPIC,2026-05-09 22:43:00,"11,49",-,paid
4910,7578,Ледяной рог,battlepass,common,2026-05-08 15:04:00,13.34,н/д,paid
4911,7578,Костяной венец,currency,common,2026-05-08 04:40:00,95.16,,paid
4912,7578,Тенистый плащ,bundle,epic,2026-05-09 04:11:00,22.37,RETURN20,paid
4913,7578,Костяной венец,currency,common,2026-05-08 05:34:00,66.61,WINTER30,paid
4914,7578,Ледяной плащ,battlepass,epic,2026-05-09 21:01:00,15.54,н/д,paid
4915,7578,Костяной венец,currency,common,2026-05-08 08:43:00,80.89,WELCOME15,paid
4916,7578,Ржавый фонарь,battlepass,RARE,09.05.2026 08:41:00,10.83,NaN,paid
4917,7578,Тенистый венец,currency,common,08.05.2026 19:54:00,56.47,NaN,paid
4918,7578,Изумрудный сундук,booster,COMMON,2026-05-09 04:35:00,6.33,-,paid
4919,7578,Ржавый компас,bundle,common,08.05.2026 17:13:00,53.98,NaN,paid
4920,7578,Тенистый клинок,bundle,legendary,08.05.2026 16:22:00,70.79,,paid
4921,7578,Ледяной рог,battlepass,common,2026-05-08 23:46:00,13.34,,paid
4922,7578,Костяной рог,currency,rare,2026-05-09 01:32:00,28.86,-,paid
4923,7578,Лунный посох,battlepass,legendary,2026-05-09 13:08:00,12.81,,paid
4924,7578,Костяной венец,currency,common,2026-05-09 12:43:00,95.16,,paid
4925,7578,Золочёный посох,booster,rare,2026-05-09 12:31:00,1.69,NaN,paid
4926,7578,Ледяной плащ,battlepass,epic,2026-05-08 07:23:00,15.54,н/д,paid
4927,7578,Золочёный компас,bundle,rare,2026-05-08 14:05:00,57.62 USD,,paid
4928,7578,Ржавый плащ,currency,legendary,2026-05-08 07:45:00,60.75,-,paid
4929,7578,Ржавый печать,cosmetic,epic,2026-05-08 19:04:00,16.49,NaN,paid
4930,7578,Тенистый посох,bundle,common,2026-05-09 18:23:00,17.19,,paid
4931,7578,Терновый венец,cosmetic,RARE,2026-05-08 07:41:00,5.89 USD,null,paid
4932,7578,Ледяной плащ,battlepass,EPIC,2026-05-08 02:57:00,15.54,,paid
4933,7578,Медный печать,bundle,rare,2026-05-08 02:16:00,33.96,,paid
4934,7578,Тенистый фонарь,battlepass,rare,2026-05-09 22:34:00,19.53,,paid
4935,7578,Багровый сундук,booster,legendary,2026-05-08 02:29:00,2.46,-,paid
4936,7578,Костяной венец,currency,common,08.05.2026 13:18:00,95.16,NaN,paid
4937,7578,Костяной маска,currency,legendary,2026-05-08 05:22:00,16.12,WINTER30,paid
4938,7578,Ледяной перчатки,battlepass,epic,08.05.2026 10:42:00,11.49,н/д,paid
4939,7578,Изумрудный печать,cosmetic,common,2026-05-08 18:27:00,21.79,-,paid
4940,7578,Изумрудный посох,booster,common,2026-05-08 03:10:00,6.73,null,paid
4941,7578,Багровый печать,currency,legendary,2026-05-08 07:01:00,51.22 USD,null,paid
4942,7578,Золочёный сундук,booster,epic,2026-05-08 12:06:00,8.36,WELCOME15,paid
4943,7578,Ледяной перчатки,battlepass,epic,08.05.2026 00:06:00,11.49,,paid
4944,7578,Костяной рог,currency,RARE,2026-05-08 18:21:00,28.86,,paid
4945,7578,Костяной венец,currency,common,2026-05-08 05:13:00,95.16,н/д,paid
4946,7578,Тенистый рог,cosmetic,epic,2026-05-09 07:07:00,11.87,NaN,paid
4947,7578,Костяной венец,currency,COMMON,09.05.2026 20:12:00,95.16 USD,,paid
4948,7578,Медный посох,booster,common,09.05.2026 10:51:00,8.61,null,paid
4949,7578,Медный амулет,cosmetic,COMMON,2026-05-09 22:14:00,6.88,WELCOME15,paid
4950,7578,Костяной венец,currency,common,2026-05-09 15:08:00,95.16,-,paid
4951,7578,Ледяной плащ,battlepass,EPIC,2026-05-08 09:43:00,"15,54",NaN,paid
4952,7578,Ржавый печать,cosmetic,epic,2026-05-08 17:28:00,16.49,null,paid
4953,7578,Ледяной плащ,battlepass,EPIC,09.05.2026 02:12:00,15.54 USD,NaN,paid
4954,7578,Багровый плащ,currency,EPIC,2026-05-08 15:20:00,60.35,RETURN20,refunded
4955,7578,Золочёный маска,currency,RARE,2026-05-08 19:55:00,33.25,н/д,paid
4956,7578,Пепельный компас,booster,EPIC,2026-05-08 00:31:00,"6,67",,paid
4957,7578,Ржавый амулет,currency,common,2026-05-08 04:34:00,51.66,н/д,paid
4958,7578,Пепельный посох,booster,rare,2026-05-08 22:27:00,9.85,NaN,paid
4959,7578,Пепельный плащ,currency,common,2026-05-08 10:12:00,54.75,-,paid
4960,7578,Ледяной плащ,battlepass,epic,2026-05-08 11:37:00,15.54,-,paid
4961,7578,Изумрудный маска,booster,legendary,2026-05-08 09:17:00,8.24,NaN,paid
4962,7578,Ледяной плащ,battlepass,epic,2026-05-08 06:24:00,15.54,NaN,paid
4963,7578,Изумрудный плащ,currency,common,09.05.2026 09:51:00,35.52 USD,WELCOME15,paid
4964,7578,Древний сундук,bundle,common,2026-05-09 20:09:00,53.74,,paid
4965,7578,Костяной венец,currency,common,2026-05-09 02:14:00,95.16,-,paid
4966,7578,Ржавый амулет,currency,common,2026-05-09 10:14:00,51.66,н/д,paid
4967,7578,Ледяной плащ,battlepass,epic,2026-05-09 23:29:00,15.54,,paid
4968,7578,Костяной венец,currency,COMMON,2026-05-08 12:42:00,95.16,NaN,paid
4969,7578,Тенистый фонарь,battlepass,rare,2026-05-09 20:34:00,"19,53",,paid
4970,7578,Пепельный посох,booster,rare,2026-05-09 16:59:00,9.85,null,paid
4971,7578,Тенистый венец,currency,common,2026-05-08 23:42:00,56.47,-,paid
4972,7578,Древний венец,cosmetic,common,2026-05-08 07:39:00,7.99,null,paid
4973,7578,Лунный плащ,cosmetic,common,08.05.2026 10:02:00,21.65,NaN,paid
4974,7578,Золочёный сундук,booster,epic,2026-05-08 11:06:00,9.83,н/д,paid
4975,7578,Костяной печать,battlepass,common,2026-05-09 16:10:00,12.41,NaN,paid
4976,7578,Лунный сундук,currency,common,2026-05-08 06:39:00,73.48,,paid
4977,7578,Ржавый амулет,currency,COMMON,2026-05-08 07:38:00,51.66,,paid
4978,7578,Терновый рог,bundle,epic,09.05.2026 00:12:00,17.39,-,paid
4979,7578,Пепельный рог,booster,epic,2026-05-09 02:20:00,4.98,WINTER30,paid
4980,7578,Терновый печать,booster,rare,08.05.2026 23:34:00,7.48,NaN,paid
4981,7578,Ледяной перчатки,battlepass,epic,2026-05-09 22:11:00,11.49 USD,,paid
4982,7578,Золочёный посох,booster,rare,2026-05-08 03:48:00,1.69,NaN,paid
4983,7578,Медный посох,booster,common,09.05.2026 05:55:00,8.61,,paid
4984,7578,Тенистый рог,cosmetic,epic,09.05.2026 21:06:00,"11,87",null,paid
4985,7578,Ледяной плащ,battlepass,EPIC,2026-05-09 10:44:00,15.54 USD,,paid
4986,7578,Ржавый компас,bundle,common,2026-05-08 05:16:00,53.98,-,paid
4987,7578,Терновый рог,bundle,epic,2026-05-08 07:34:00,14.78,WELCOME15,paid
4988,7578,Древний венец,cosmetic,common,2026-05-08 23:13:00,7.99,,paid
4989,7578,Древний венец,cosmetic,common,09.05.2026 19:05:00,7.99,null,paid
4990,7578,Костяной венец,currency,common,2026-05-09 20:30:00,95.16,,paid
4991,7578,Костяной посох,currency,common,2026-05-09 21:34:00,22.04,WINTER30,paid
4992,7578,Пепельный печать,battlepass,COMMON,2026-05-08 01:06:00,7.90 USD,AUTUMN25,paid
4993,7578,Костяной посох,currency,common,2026-05-08 21:01:00,25.19,RETURN20,paid
4994,7578,Костяной посох,currency,common,2026-05-08 06:07:00,26.77 USD,WELCOME15,paid
4995,7578,Изумрудный маска,booster,legendary,2026-05-08 13:06:00,8.24,-,paid
4996,7578,Пепельный печать,battlepass,common,2026-05-08 20:41:00,10.54,,paid
4997,7578,Медный амулет,cosmetic,common,2026-05-09 21:37:00,8.10,null,paid
4998,7578,Изумрудный плащ,currency,common,2026-05-08 15:02:00,37.61,SPRING10,paid
4999,7578,Изумрудный печать,cosmetic,COMMON,08.05.2026 12:46:00,21.79,-,paid
5000,7578,Ржавый компас,bundle,COMMON,2026-05-08 06:31:00,53.98,н/д,paid
5001,7578,Костяной венец,currency,common,08.05.2026 05:10:00,95.16,н/д,paid
5002,7578,Ледяной плащ,battlepass,epic,2026-05-08 08:09:00,11.65,AUTUMN25,paid
5003,7578,Ледяной перчатки,battlepass,EPIC,2026-05-08 12:16:00,11.49,н/д,paid
5004,7578,Ржавый амулет,currency,common,2026-05-09 01:51:00,51.66,null,paid
5005,7578,Костяной венец,currency,common,2026-05-09 20:31:00,95.16,,paid
5006,7578,Терновый венец,cosmetic,rare,08.05.2026 09:40:00,5.30 USD,SPRING10,paid
5007,7578,Пепельный компас,booster,epic,2026-05-08 22:15:00,6.67 USD,н/д,paid
5008,7578,Золочёный компас,bundle,rare,2026-05-09 17:49:00,57.62 USD,,paid
5009,7578,Древний венец,cosmetic,COMMON,2026-05-08 11:42:00,"7,99",н/д,paid
5010,7578,Тенистый плащ,bundle,epic,2026-05-08 18:52:00,20.97,AUTUMN25,paid
5011,7578,Багровый фонарь,booster,common,2026-05-08 15:13:00,9.82,-,paid
5012,7578,Терновый сундук,booster,epic,2026-05-09 07:49:00,5.20 USD,,paid
5013,7578,Костяной маска,currency,LEGENDARY,2026-05-08 20:50:00,23.03,NaN,paid
5014,7578,Ржавый печать,cosmetic,epic,2026-05-09 03:14:00,16.49,-,paid
5015,7578,Костяной венец,currency,common,2026-05-09 04:22:00,95.16,,paid
5016,7578,Костяной венец,currency,COMMON,2026-05-08 06:38:00,85.64,SPRING10,paid
5017,7578,Медный амулет,cosmetic,common,2026-05-09 14:34:00,8.10,,paid
5018,7578,Багровый печать,currency,LEGENDARY,2026-05-08 22:19:00,51.22,,paid
5019,7578,Медный маска,battlepass,common,2026-05-08 00:35:00,11.25,н/д,paid
5020,7578,Золочёный посох,booster,rare,08.05.2026 23:15:00,"1,69",,paid
5021,7578,Ледяной плащ,battlepass,epic,2026-05-08 22:40:00,13.21 USD,WELCOME15,paid
5022,7578,Золочёный посох,booster,rare,2026-05-08 20:04:00,"1,69",,paid
5023,7578,Медный посох,booster,COMMON,2026-05-08 15:51:00,6.89,RETURN20,paid
5024,7578,Ледяной рог,battlepass,common,2026-05-08 03:05:00,13.34,,paid
5025,7578,Лунный плащ,cosmetic,common,08.05.2026 17:56:00,"21,65",н/д,paid
5026,7578,Изумрудный перчатки,booster,epic,2026-05-09 14:59:00,6.84,NaN,paid
5027,7578,Терновый рог,bundle,epic,2026-05-08 10:50:00,17.39,,paid
5028,7578,Древний сундук,bundle,common,2026-05-08 17:12:00,53.74,н/д,paid
5029,7578,Пепельный плащ,currency,common,2026-05-09 00:10:00,54.75,,paid
5030,7578,Лунный посох,battlepass,LEGENDARY,2026-05-09 05:55:00,12.81,NaN,paid
5031,7578,Багровый плащ,currency,epic,08.05.2026 23:00:00,75.44,,paid
5032,7578,Ледяной амулет,booster,rare,2026-05-08 23:06:00,4.52,,paid
5033,7578,Костяной венец,currency,common,2026-05-08 09:21:00,95.16,NaN,paid
5034,7578,Костяной венец,currency,COMMON,09.05.2026 14:27:00,76.13,RETURN20,paid
5035,7578,Ледяной перчатки,battlepass,epic,08.05.2026 12:33:00,11.49,н/д,paid
5036,7578,Костяной венец,currency,common,08.05.2026 06:20:00,95.16,null,paid
5037,7578,Тенистый рог,cosmetic,EPIC,2026-05-08 14:32:00,11.87,,paid
5038,7578,Тенистый рог,cosmetic,epic,08.05.2026 18:27:00,10.09,WELCOME15,paid
5039,7578,Пепельный печать,battlepass,common,09.05.2026 05:32:00,10.54,null,paid
5040,7578,Ледяной плащ,battlepass,EPIC,2026-05-09 14:52:00,"15,54",null,paid
5041,7578,Костяной печать,battlepass,common,2026-05-09 06:52:00,"12,41",,paid
5042,7578,Костяной венец,currency,common,2026-05-09 23:29:00,95.16,н/д,paid
5043,7578,Медный перчатки,currency,rare,2026-05-08 02:41:00,60.54,NaN,paid
5044,7578,Тенистый фонарь,battlepass,rare,2026-05-08 02:10:00,19.53,,paid
5045,7578,Ледяной рог,battlepass,common,2026-05-09 16:31:00,9.34 USD,WINTER30,paid
5046,7578,Ледяной плащ,battlepass,epic,2026-05-09 23:51:00,15.54,NaN,paid
5047,7578,Изумрудный посох,booster,common,2026-05-09 14:01:00,6.73,,paid
5048,7578,Ржавый амулет,currency,common,08.05.2026 10:14:00,51.66,null,paid
5049,7578,Костяной венец,currency,common,2026-05-08 18:10:00,95.16,-,paid
5050,7578,Пепельный печать,battlepass,COMMON,2026-05-08 00:51:00,10.54,NaN,paid
5051,7578,Костяной венец,currency,COMMON,08.05.2026 02:40:00,95.16,,paid
5052,7578,Древний посох,cosmetic,epic,2026-05-08 06:53:00,4.91,NaN,paid
5053,7578,Изумрудный маска,booster,legendary,2026-05-08 01:54:00,6.59,RETURN20,paid
5054,7578,Ржавый печать,cosmetic,epic,09.05.2026 14:30:00,16.49,null,paid
5055,7578,Медный перчатки,currency,RARE,2026-05-08 20:27:00,60.54,,paid
5056,7578,Тенистый клинок,bundle,legendary,2026-05-08 07:54:00,70.79,,paid
5057,7578,Костяной венец,currency,common,2026-05-09 20:30:00,95.16,null,paid
5058,7578,Тенистый венец,currency,common,2026-05-09 14:39:00,56.47,,paid
5059,7578,Ледяной рог,battlepass,common,2026-05-08 09:35:00,13.34,-,paid
5060,7578,Тенистый посох,bundle,COMMON,2026-05-08 05:17:00,12.89,AUTUMN25,paid
5061,7578,Древний сундук,bundle,common,2026-05-08 20:18:00,53.74,,paid
5062,7578,Лунный венец,currency,epic,2026-05-08 19:37:00,31.36,,paid
5063,7578,Костяной рог,currency,RARE,2026-05-09 19:48:00,20.20,WINTER30,paid
5064,7578,Ледяной плащ,battlepass,epic,2026-05-09 22:14:00,11.65,AUTUMN25,paid
5065,7578,Костяной венец,currency,common,2026-05-08 12:18:00,76.13,RETURN20,paid
5066,7578,Ледяной рог,battlepass,common,2026-05-09 23:21:00,13.34 USD,,paid
5067,7578,Пепельный плащ,currency,common,2026-05-09 05:08:00,41.06,AUTUMN25,paid
5068,7578,Ледяной рог,battlepass,common,2026-05-08 19:28:00,12.01,SPRING10,paid
5069,7578,Золочёный маска,currency,rare,09.05.2026 01:06:00,33.25,-,paid
5070,7578,Костяной венец,currency,COMMON,2026-05-09 13:54:00,95.16,,paid
5071,7579,Ржавый печать,cosmetic,epic,2026-06-23 15:46:00,16.49,,paid
5072,7579,Костяной венец,currency,common,2026-06-18 21:21:00,95.16,-,paid
5073,7579,Ледяной маска,cosmetic,common,2026-05-13 14:15:00,7.82,,paid
5074,7579,Медный печать,bundle,rare,2026-06-05 12:55:00,33.96,null,paid
5075,7579,Костяной перчатки,battlepass,rare,2026-06-13 01:00:00,16.91,-,paid
5076,7579,Золочёный сундук,booster,EPIC,16.05.2026 19:13:00,,NaN,paid
5077,7579,Ржавый компас,bundle,common,17.05.2026 20:34:00,53.98,NaN,paid
5078,7587,Ледяной плащ,battlepass,epic,30.10.2025 13:28:00,13.99,SPRING10,paid
5079,7587,Костяной печать,battlepass,common,2025-10-20 16:49:00,12.41,-,paid
5080,7587,Медный маска,battlepass,COMMON,2025-10-23 19:13:00,11.25,-,paid
5081,7587,Лунный посох,battlepass,legendary,2025-10-23 04:11:00,12.81,,paid
5082,7587,Ледяной рог,battlepass,common,2025-10-26 07:08:00,10.67,RETURN20,paid
5083,7606,Золочёный сундук,booster,epic,2026-06-22 12:58:00,9.83 USD,,paid
5084,7606,Ледяной рог,battlepass,common,2026-06-21 08:38:00,13.34,н/д,paid
5085,7606,Пепельный рог,booster,epic,2026-06-22 23:51:00,4.98,WINTER30,paid
5086,7606,Золочёный посох,booster,rare,2026-06-21 13:28:00,1.69 USD,н/д,paid
5087,7606,Лунный венец,currency,EPIC,2026-06-20 21:29:00,25.09,RETURN20,paid
5088,7606,Ледяной перчатки,battlepass,epic,20.06.2026 06:00:00,"11,49",,paid
5089,7606,Пепельный печать,battlepass,common,2026-06-21 15:44:00,null,AUTUMN25,paid
5090,7613,Пепельный посох,booster,rare,2025-09-24 22:38:00,9.85,н/д,paid
5091,7613,Тенистый венец,currency,common,24.09.2025 02:04:00,56.47,,paid
5092,7613,Пепельный печать,battlepass,common,2025-09-24 19:10:00,10.54,,paid
5093,7613,Пепельный печать,battlepass,common,2025-09-24 15:16:00,8.96,WELCOME15,paid
5094,7613,Багровый сундук,booster,legendary,24.09.2025 05:13:00,2.09,WELCOME15,paid
5095,7613,Ледяной рог,battlepass,common,2025-09-24 21:22:00,"13,34",,paid
5096,7613,Пепельный печать,battlepass,COMMON,2025-09-24 15:55:00,NaN,,paid
5097,7613,Костяной венец,currency,COMMON,2025-09-24 06:00:00,95.16,-,paid
5098,7613,Терновый венец,cosmetic,rare,24.09.2025 10:37:00,5.89,null,paid
5099,7613,Ледяной рог,battlepass,COMMON,24.09.2025 15:23:00,13.34,н/д,paid
5100,7613,Пепельный компас,booster,epic,2025-09-24 02:18:00,6.67,-,paid
5101,7613,Костяной венец,currency,COMMON,2025-09-24 05:00:00,95.16,н/д,paid
5102,7613,Лунный посох,battlepass,LEGENDARY,2025-09-24 03:42:00,12.81,null,paid
5103,7613,Медный маска,battlepass,common,2025-09-24 22:55:00,11.25 USD,-,paid
5104,7613,Ржавый амулет,currency,common,2025-09-24 06:38:00,51.66,,paid
5105,7613,Пепельный компас,booster,epic,24.09.2025 20:36:00,5.34,RETURN20,paid
5106,7613,Ржавый амулет,currency,common,24.09.2025 08:56:00,51.66,,paid
5107,7613,Ледяной перчатки,battlepass,EPIC,24.09.2025 19:13:00,9.19,RETURN20,paid
5108,7613,Золочёный посох,booster,rare,2025-09-24 16:21:00,1.69,null,paid
5109,7613,Изумрудный маска,booster,legendary,2025-09-24 17:06:00,8.24,н/д,paid
5110,7613,Ледяной плащ,battlepass,epic,2025-09-24 21:31:00,15.54,,paid
5111,7613,Ледяной рог,battlepass,COMMON,24.09.2025 13:56:00,"13,34",,paid
5112,7613,Терновый рог,bundle,epic,24.09.2025 01:08:00,17.39,,paid
5113,7613,Медный амулет,cosmetic,common,2025-09-24 17:27:00,8.10,null,paid
5114,7613,Костяной рог,currency,rare,2025-09-24 00:40:00,23.09,RETURN20,paid
5115,7613,Терновый венец,cosmetic,rare,2025-09-24 05:12:00,5.89,,paid
5116,7613,Ледяной плащ,battlepass,epic,2025-09-24 19:20:00,15.54,NaN,paid
5117,7613,Ржавый печать,cosmetic,epic,2025-09-24 00:39:00,16.49,н/д,paid
5118,7613,Костяной печать,battlepass,common,2025-09-24 11:17:00,12.41,,paid
5119,7613,Тенистый рог,cosmetic,epic,2025-09-24 16:02:00,11.87,,paid
5120,7613,Костяной венец,currency,common,2025-09-24 01:27:00,95.16,null,paid
5121,7613,Костяной венец,currency,common,2025-09-24 21:51:00,95.16,NaN,paid
5122,7613,Костяной венец,currency,COMMON,24.09.2025 22:15:00,95.16,,paid
5123,7613,Костяной печать,battlepass,common,24.09.2025 15:12:00,12.41,н/д,paid
5124,7613,Тенистый рог,cosmetic,epic,2025-09-24 10:59:00,10.68,SPRING10,paid
5125,7613,Пепельный посох,booster,rare,24.09.2025 19:29:00,8.37,WELCOME15,paid
5126,7613,Медный амулет,cosmetic,common,24.09.2025 21:41:00,8.10,,paid
5127,7613,Золочёный компас,bundle,rare,24.09.2025 20:32:00,null,,paid
5128,7613,Ледяной рог,battlepass,common,2025-09-24 10:13:00,10.00,AUTUMN25,paid
5129,7613,Золочёный рог,currency,common,2025-09-24 22:02:00,63.38 USD,WELCOME15,paid
5130,7613,Терновый венец,cosmetic,rare,2025-09-24 07:37:00,5.89,,paid
5131,7613,Медный амулет,cosmetic,COMMON,2025-09-24 09:18:00,8.10 USD,,paid
5132,7613,Ледяной плащ,battlepass,epic,2025-09-24 13:34:00,15.54,null,paid
5133,7613,Костяной посох,currency,common,2025-09-24 22:16:00,31.49,,paid
5134,7613,Ледяной плащ,battlepass,epic,2025-09-24 23:05:00,11.65,AUTUMN25,paid
5135,7613,Золочёный маска,currency,rare,24.09.2025 10:51:00,23.27,WINTER30,paid
5136,7613,Костяной посох,currency,common,2025-09-24 10:50:00,31.49 USD,,paid
5137,7613,Лунный венец,currency,epic,2025-09-24 07:58:00,31.36,,paid
5138,7613,Золочёный перчатки,cosmetic,rare,2025-09-24 10:50:00,18.76,,paid
5139,7613,Костяной венец,currency,COMMON,2025-09-24 09:45:00,95.16,,paid
5140,7613,Багровый фонарь,booster,COMMON,2025-09-24 18:09:00,9.82,-,paid
5141,7613,Терновый венец,cosmetic,RARE,2025-09-24 13:40:00,5.01,WELCOME15,paid
5142,7613,Тенистый рог,cosmetic,epic,2025-09-24 13:28:00,11.87,,paid
5143,7613,Пепельный плащ,currency,COMMON,2025-09-24 18:22:00,49.27,SPRING10,paid
5144,7613,Багровый плащ,currency,epic,2025-09-24 14:52:00,75.44,-,paid
5145,7613,Медный посох,booster,COMMON,2025-09-24 23:43:00,7.75,SPRING10,paid
5146,7613,Ржавый амулет,currency,common,2025-09-24 12:22:00,51.66,,paid
5147,7613,Терновый сундук,booster,epic,2025-09-24 21:02:00,5.20,,paid
5148,7613,Багровый плащ,currency,epic,2025-09-24 17:25:00,75.44,н/д,paid
5149,7613,Багровый сундук,booster,legendary,2025-09-24 11:35:00,"2,09",WELCOME15,paid
5150,7613,Пепельный посох,booster,rare,2025-09-24 11:23:00,7.39,AUTUMN25,paid
5151,7613,Костяной рог,currency,rare,24.09.2025 00:55:00,28.86,,paid
5152,7613,Костяной венец,currency,common,2025-09-24 10:41:00,85.64,SPRING10,paid
5153,7613,Медный перчатки,currency,rare,24.09.2025 01:07:00,60.54,,paid
5154,7613,Изумрудный сундук,booster,common,24.09.2025 04:15:00,"6,33",,paid
5155,7613,Багровый сундук,booster,legendary,2025-09-24 19:06:00,"1,72",WINTER30,paid
5156,7613,Ледяной рог,battlepass,COMMON,2025-09-24 04:27:00,13.34,,paid
5157,7613,Костяной перчатки,battlepass,rare,2025-09-24 04:35:00,13.53,RETURN20,paid
5158,7613,Пепельный печать,battlepass,common,24.09.2025 09:57:00,10.54 USD,,paid
5159,7613,Медный маска,battlepass,common,2025-09-24 00:03:00,11.25,,paid
5160,7613,Багровый фонарь,booster,common,24.09.2025 15:00:00,9.82,-,paid
5161,7613,Изумрудный сундук,booster,COMMON,2025-09-24 00:36:00,6.33 USD,,paid
5162,7613,Древний посох,cosmetic,epic,2025-09-24 09:25:00,"4,91",NaN,paid
5163,7613,Ледяной рог,battlepass,common,2025-09-24 08:34:00,13.34,н/д,paid
5164,7613,Изумрудный перчатки,booster,EPIC,2025-09-24 10:30:00,6.84,,refunded
5165,7613,Золочёный рог,currency,common,2025-09-24 07:19:00,74.57,,paid
5166,7613,Терновый рог,bundle,epic,24.09.2025 02:14:00,17.39,,paid
5167,7613,Тенистый плащ,bundle,EPIC,2025-09-24 04:32:00,27.96,,paid
5168,7613,Ржавый печать,cosmetic,epic,2025-09-24 09:55:00,16.49,-,paid
5169,7613,Золочёный перчатки,cosmetic,RARE,2025-09-24 03:40:00,18.76,,paid
5170,7613,Багровый фонарь,booster,COMMON,24.09.2025 10:14:00,"9,82",NaN,paid
5171,7613,Изумрудный посох,booster,common,2025-09-24 05:37:00,6.73,н/д,paid
5172,7613,Костяной венец,currency,COMMON,2025-09-24 00:01:00,95.16,н/д,paid
5173,7613,Тенистый плащ,bundle,epic,2025-09-24 21:05:00,27.96,NaN,paid
5174,7613,Терновый венец,cosmetic,rare,24.09.2025 03:43:00,5.89,н/д,paid
5175,7613,Терновый венец,cosmetic,RARE,2025-09-24 14:30:00,5.89,,refunded
5176,7613,Костяной венец,currency,common,2025-09-24 16:33:00,95.16,-,paid
5177,7613,Багровый сундук,booster,legendary,2025-09-24 11:59:00,2.21 USD,SPRING10,paid
5178,7613,Костяной венец,currency,common,2025-09-24 20:46:00,95.16,null,paid
5179,7613,Костяной венец,currency,COMMON,2025-09-24 04:36:00,95.16 USD,NaN,paid
5180,7613,Ржавый фонарь,battlepass,rare,2025-09-24 12:40:00,10.83,,paid
5181,7613,Золочёный посох,booster,rare,2025-09-24 21:23:00,1.69,null,paid
5182,7613,Ледяной плащ,battlepass,epic,2025-09-24 00:23:00,15.54,н/д,paid
5183,7613,Костяной венец,currency,common,2025-09-24 17:23:00,95.16,,paid
5184,7613,Лунный плащ,cosmetic,common,2025-09-24 01:11:00,18.40,WELCOME15,paid
5185,7613,Ледяной перчатки,battlepass,epic,24.09.2025 06:30:00,11.49,,paid
5186,7613,Ледяной плащ,battlepass,EPIC,2025-09-24 16:54:00,15.54,null,paid
5187,7613,Ледяной рог,battlepass,common,2025-09-24 15:08:00,13.34 USD,н/д,paid
5188,7613,Пепельный плащ,currency,common,2025-09-24 08:31:00,43.80,RETURN20,paid
5189,7613,Ржавый компас,bundle,common,24.09.2025 13:10:00,53.98,н/д,paid
5190,7613,Костяной посох,currency,common,2025-09-24 15:16:00,31.49,н/д,paid
5191,7613,Ледяной плащ,battlepass,epic,2025-09-24 18:19:00,10.88,WINTER30,paid
5192,7613,Золочёный рог,currency,common,2025-09-24 12:08:00,74.57,н/д,paid
5193,7613,Золочёный посох,booster,rare,2025-09-24 05:06:00,1.35,RETURN20,paid
5194,7613,Изумрудный посох,booster,common,2025-09-24 10:13:00,6.73,null,paid
5195,7613,Ледяной рог,battlepass,COMMON,2025-09-24 01:33:00,13.34,н/д,paid
5196,7613,Медный перчатки,currency,rare,2025-09-24 23:21:00,,WINTER30,paid
5197,7613,Золочёный маска,currency,rare,2025-09-24 19:04:00,33.25,,paid
5198,7613,Лунный плащ,cosmetic,common,24.09.2025 10:55:00,21.65,,paid
5199,7613,Тенистый фонарь,battlepass,rare,24.09.2025 06:17:00,15.62,RETURN20,paid
5200,7613,Золочёный сундук,booster,epic,2025-09-24 03:59:00,9.83,,paid
5201,7613,Тенистый рог,cosmetic,epic,24.09.2025 06:58:00,11.87 USD,-,paid
5202,7613,Медный посох,booster,COMMON,2025-09-24 15:54:00,8.61,-,paid
5203,7613,Медный печать,bundle,RARE,24.09.2025 02:34:00,33.96,,paid
5204,7613,Терновый сундук,booster,epic,2025-09-24 16:55:00,5.20,,paid
5205,7613,Костяной печать,battlepass,common,2025-09-24 22:41:00,12.41,,paid
5206,7613,Ржавый печать,cosmetic,EPIC,2025-09-24 11:54:00,16.49 USD,,paid
5207,7613,Золочёный посох,booster,rare,2025-09-24 10:34:00,1.69,,paid
5208,7613,Ржавый амулет,currency,common,2025-09-24 06:20:00,51.66,,paid
5209,7613,Терновый сундук,booster,epic,2025-09-24 11:56:00,5.20,-,paid
5210,7613,Лунный посох,battlepass,LEGENDARY,2025-09-24 20:33:00,12.81,,paid
5211,7613,Лунный сундук,currency,common,24.09.2025 15:09:00,55.11 USD,AUTUMN25,paid
5212,7613,Терновый сундук,booster,epic,2025-09-24 01:46:00,"5,20",-,paid
5213,7613,Костяной венец,currency,common,24.09.2025 18:07:00,"95,16",NaN,paid
5214,7613,Ледяной плащ,battlepass,EPIC,2025-09-24 22:55:00,15.54,NaN,paid
5215,7613,Ледяной плащ,battlepass,epic,2025-09-24 15:49:00,15.54,,paid
5216,7613,Медный амулет,cosmetic,COMMON,24.09.2025 07:09:00,8.10,,paid
5217,7613,Ледяной плащ,battlepass,epic,2025-09-24 03:54:00,,NaN,paid
5218,7613,Древний посох,cosmetic,EPIC,24.09.2025 13:36:00,4.91,,paid
5219,7613,Багровый сундук,booster,legendary,2025-09-24 02:25:00,null,,paid
5220,7613,Ржавый плащ,currency,legendary,24.09.2025 12:33:00,60.75,-,paid
5221,7613,Ледяной рог,battlepass,common,2025-09-24 07:11:00,13.34 USD,-,paid
5222,7613,Багровый фонарь,booster,common,2025-09-24 16:12:00,9.82,null,paid
5223,7613,Лунный венец,currency,epic,2025-12-07 00:00:00,23.52,AUTUMN25,paid
5224,7613,Золочёный компас,bundle,rare,2025-09-24 06:32:00,57.62,,paid
5225,7613,Багровый фонарь,booster,common,2025-09-24 18:34:00,9.82,-,paid
5226,7613,Костяной печать,battlepass,COMMON,2025-09-24 03:17:00,12.41,н/д,paid
5227,7613,Ледяной перчатки,battlepass,epic,2025-09-24 18:13:00,11.49,-,paid
5228,7613,Ледяной плащ,battlepass,EPIC,2025-09-24 11:32:00,15.54,н/д,refunded
5229,7613,Тенистый венец,currency,common,2025-09-24 20:02:00,39.53,WINTER30,paid
5230,7613,Багровый фонарь,booster,common,2025-09-24 21:34:00,9.82,-,paid
5231,7613,Медный перчатки,currency,RARE,24.09.2025 15:13:00,60.54,null,paid
5232,7613,Золочёный посох,booster,rare,24.09.2025 12:57:00,1.69 USD,,paid
5233,7613,Ледяной маска,cosmetic,common,24.09.2025 02:27:00,5.47 USD,WINTER30,paid
5234,7613,Ржавый печать,cosmetic,EPIC,24.09.2025 16:20:00,16.49,н/д,paid
5235,7613,Костяной венец,currency,common,24.09.2025 18:26:00,95.16,н/д,paid
5236,7613,Багровый сундук,booster,legendary,24.09.2025 19:00:00,2.46,null,paid
5237,7613,Медный амулет,cosmetic,common,2025-09-24 07:28:00,8.10,-,paid
5238,7613,Древний сундук,bundle,COMMON,2025-09-24 01:25:00,53.74,,paid
5239,7613,Костяной венец,currency,COMMON,24.09.2025 17:20:00,95.16,-,paid
5240,7613,Золочёный посох,booster,rare,2025-09-24 04:38:00,1.69 USD,,paid
5241,7613,Ржавый плащ,currency,legendary,2025-09-24 05:32:00,42.52,WINTER30,paid
5242,7613,Лунный плащ,cosmetic,COMMON,24.09.2025 18:47:00,16.24,AUTUMN25,paid
5243,7613,Костяной венец,currency,COMMON,2025-09-24 07:50:00,95.16,,paid
5244,7613,Костяной венец,currency,COMMON,2025-09-24 18:37:00,95.16 USD,,paid
5245,7613,Пепельный рог,booster,epic,24.09.2025 09:40:00,7.12 USD,null,paid
5246,7613,Пепельный компас,booster,epic,2025-09-24 14:28:00,6.67,,paid
5247,7613,Терновый сундук,booster,epic,24.09.2025 19:28:00,5.20 USD,-,paid
5248,7613,Медный посох,booster,common,2025-09-24 06:28:00,8.61,,paid
5249,7613,Ледяной рог,battlepass,common,2025-09-24 21:43:00,13.34,,paid
5250,7613,Древний сундук,bundle,common,2025-09-24 15:26:00,53.74,н/д,paid
5251,7613,Ледяной плащ,battlepass,epic,2025-09-24 16:54:00,"15,54",,paid
5252,7613,Золочёный рог,currency,COMMON,24.09.2025 09:50:00,74.57,,paid
5253,7613,Тенистый венец,currency,common,2025-09-24 01:41:00,56.47,-,refunded
5254,7613,Багровый фонарь,booster,common,24.09.2025 21:48:00,9.82,null,paid
5255,7613,Ледяной перчатки,battlepass,epic,2025-09-24 14:37:00,11.49,null,paid
5256,7613,Багровый печать,currency,legendary,2025-09-24 22:09:00,51.22,н/д,paid
5257,7613,Ржавый фонарь,battlepass,rare,2025-09-24 17:48:00,10.83,-,paid
5258,7613,Древний посох,cosmetic,epic,2025-09-24 13:56:00,4.91 USD,,paid
5259,7613,Золочёный посох,booster,rare,2025-09-24 16:15:00,1.69,,paid
5260,7613,Терновый печать,booster,RARE,24.09.2025 06:32:00,7.48,н/д,paid
5261,7613,Тенистый рог,cosmetic,epic,24.09.2025 13:55:00,11.87,,paid
5262,7613,Костяной венец,currency,common,2025-09-24 13:57:00,71.37,AUTUMN25,paid
5263,7613,Ржавый компас,bundle,COMMON,24.09.2025 13:12:00,53.98,,paid
5264,7613,Ледяной плащ,battlepass,epic,2025-09-24 05:18:00,13.99,SPRING10,paid
5265,7613,Костяной венец,currency,common,2025-09-24 16:54:00,95.16,-,paid
5266,7613,Костяной венец,currency,common,2025-09-24 04:50:00,95.16,-,paid
5267,7613,Терновый венец,cosmetic,rare,2025-09-24 10:21:00,5.30,SPRING10,paid
5268,7613,Терновый венец,cosmetic,rare,2025-09-24 07:30:00,5.89,,paid
5269,7613,Ржавый печать,cosmetic,EPIC,24.09.2025 01:05:00,16.49,null,paid
5270,7613,Костяной венец,currency,common,2025-09-24 05:09:00,95.16,null,paid
5271,7613,Ржавый печать,cosmetic,epic,24.09.2025 23:12:00,16.49,,refunded
5272,7613,Ледяной плащ,battlepass,EPIC,2025-09-24 07:45:00,13.99,SPRING10,paid
5273,7613,Терновый венец,cosmetic,rare,2025-09-24 01:22:00,5.89,,paid
5274,7613,Тенистый фонарь,battlepass,rare,2025-09-24 08:29:00,19.53,,paid
5275,7613,Ледяной плащ,battlepass,epic,2025-09-24 09:08:00,15.54,-,paid
5276,7613,Древний венец,cosmetic,common,24.09.2025 00:25:00,7.19,SPRING10,paid
5277,7613,Ледяной перчатки,battlepass,EPIC,24.09.2025 21:20:00,11.49,н/д,paid
5278,7613,Золочёный маска,currency,rare,2025-09-24 17:13:00,"24,94",AUTUMN25,paid
5279,7613,Ледяной рог,battlepass,COMMON,2025-09-24 18:22:00,13.34,-,paid
5280,7613,Ржавый амулет,currency,common,2025-09-24 00:11:00,51.66,-,paid
5281,7613,Ледяной плащ,battlepass,epic,24.09.2025 07:37:00,10.88,WINTER30,paid
5282,7613,Костяной венец,currency,common,2025-09-24 23:51:00,80.89,WELCOME15,paid
5283,7613,Терновый сундук,booster,epic,2025-09-24 01:32:00,"3,90",AUTUMN25,paid
5284,7613,Изумрудный маска,booster,LEGENDARY,2025-09-24 23:45:00,8.24,null,paid
5285,7613,Ледяной рог,battlepass,common,2025-09-24 18:47:00,13.34,-,paid
5286,7613,Пепельный плащ,currency,common,2025-09-24 12:17:00,41.06 USD,AUTUMN25,paid
5287,7613,Ледяной плащ,battlepass,epic,2025-09-24 13:53:00,,-,paid
5288,7613,Золочёный посох,booster,rare,24.09.2025 12:43:00,1.69,null,paid
5289,7613,Пепельный печать,battlepass,common,2025-09-24 03:35:00,10.54,,paid
5290,7626,Изумрудный перчатки,booster,epic,2026-01-30 19:01:00,6.84 USD,н/д,paid
5291,7626,Лунный венец,currency,EPIC,2026-03-20 23:16:00,31.36,-,paid
5292,7626,Багровый фонарь,booster,common,2026-03-11 11:41:00,9.82,null,paid
5293,7655,Ледяной перчатки,battlepass,epic,14.06.2026 12:36:00,11.49,,paid
5294,7655,Костяной венец,currency,common,07.06.2026 23:49:00,95.16,,paid
5295,7655,Тенистый рог,cosmetic,EPIC,2026-05-31 23:25:00,11.87,null,paid
5296,7655,Изумрудный перчатки,booster,epic,2026-06-20 10:13:00,5.47,RETURN20,paid
5297,7657,Золочёный посох,booster,rare,2025-12-10 14:00:00,1.69 USD,н/д,paid
5298,7657,Изумрудный перчатки,booster,epic,2025-12-10 13:00:00,"6,84",,paid
5299,7657,Терновый сундук,booster,epic,2025-12-10 04:23:00,5.20,,paid
5300,7657,Ржавый амулет,currency,common,2025-12-10 09:14:00,46.49,SPRING10,paid
5301,7657,Золочёный рог,currency,common,10.12.2025 18:46:00,52.20,WINTER30,paid
5302,7657,Костяной венец,currency,common,2025-12-10 22:58:00,95.16,NaN,paid
5303,7657,Золочёный сундук,booster,epic,2025-12-10 10:09:00,9.83,н/д,paid
5304,7657,Костяной венец,currency,common,10.12.2025 09:20:00,95.16,,paid
5305,7657,Терновый печать,booster,rare,10.12.2025 12:11:00,7.48,н/д,paid
5306,7657,Терновый рог,bundle,epic,10.12.2025 19:44:00,17.39,н/д,paid
5307,7657,Изумрудный плащ,currency,COMMON,2025-12-10 08:27:00,41.79,,paid
5308,7657,Тенистый рог,cosmetic,epic,2025-12-10 09:12:00,"11,87",,paid
5309,7657,Костяной венец,currency,common,2025-12-10 19:36:00,95.16,NaN,paid
5310,7657,Медный печать,bundle,rare,10.12.2025 09:32:00,33.96,,paid
5311,7657,Ржавый печать,cosmetic,epic,2025-12-10 23:30:00,16.49,н/д,paid
5312,7657,Изумрудный плащ,currency,COMMON,2025-12-10 17:15:00,33.43,RETURN20,paid
5313,7657,Изумрудный посох,booster,common,10.12.2025 03:44:00,6.73,NaN,paid
5314,7657,Ледяной плащ,battlepass,epic,10.12.2025 02:09:00,15.54,null,paid
5315,7657,Лунный венец,currency,epic,10.12.2025 12:21:00,31.36 USD,-,paid
5316,7657,Тенистый рог,cosmetic,EPIC,2025-12-10 22:52:00,11.87,null,paid
5317,7657,Изумрудный сундук,booster,common,2025-12-10 23:21:00,6.33,,paid
5318,7657,Ржавый фонарь,battlepass,RARE,10.12.2025 05:20:00,10.83,,paid
5319,7657,Лунный посох,battlepass,legendary,2025-12-10 15:48:00,12.81,-,paid
5320,7657,Ледяной рог,battlepass,common,2025-12-10 20:18:00,13.34,,paid
5321,7657,Изумрудный посох,booster,common,2025-12-10 16:31:00,5.72 USD,WELCOME15,paid
5322,7657,Древний посох,cosmetic,epic,2025-12-10 17:12:00,4.91,н/д,paid
5323,7657,Ржавый компас,bundle,common,2025-12-10 12:33:00,53.98,null,paid
5324,7657,Ледяной рог,battlepass,common,10.12.2025 20:12:00,13.34,,paid
5325,7657,Тенистый рог,cosmetic,EPIC,2025-12-10 23:19:00,10.09,WELCOME15,paid
5326,7657,Ржавый компас,bundle,common,2025-12-10 11:51:00,53.98,,paid
5327,7657,Ледяной перчатки,battlepass,epic,2025-12-10 23:18:00,11.49,,paid
5328,7657,Костяной печать,battlepass,COMMON,2025-12-10 18:19:00,"9,93",RETURN20,paid
5329,7657,Древний посох,cosmetic,EPIC,10.12.2025 08:41:00,4.91,null,paid
5330,7657,Тенистый рог,cosmetic,epic,2025-12-10 13:08:00,11.87,,paid
5331,7657,Медный посох,booster,common,2025-12-10 03:16:00,8.61,null,paid
5332,7657,Терновый венец,cosmetic,rare,2025-12-10 10:01:00,5.89,н/д,paid
5333,7657,Ледяной рог,battlepass,COMMON,2025-12-10 11:09:00,13.34,,paid
5334,7657,Костяной венец,currency,common,2025-12-10 21:33:00,95.16,,paid
5335,7657,Золочёный посох,booster,rare,2025-12-10 21:25:00,1.69,-,paid
5336,7657,Тенистый рог,cosmetic,epic,10.12.2025 06:59:00,11.87 USD,NaN,paid
5337,7657,Ледяной плащ,battlepass,epic,2025-12-10 11:40:00,15.54 USD,н/д,paid
5338,7657,Золочёный рог,currency,common,10.12.2025 07:11:00,,,paid
5339,7657,Тенистый клинок,bundle,legendary,10.12.2025 05:53:00,70.79,null,paid
5340,7657,Древний венец,cosmetic,common,2025-12-10 23:25:00,7.99,,paid
5341,7657,Ржавый плащ,currency,legendary,10.12.2025 18:39:00,42.52,WINTER30,paid
5342,7657,Ржавый печать,cosmetic,epic,2025-12-10 09:04:00,13.19,RETURN20,paid
5343,7657,Ледяной амулет,booster,rare,2025-12-10 12:36:00,3.39,AUTUMN25,paid
5344,7657,Лунный венец,currency,epic,10.12.2025 16:24:00,31.36,,paid
5345,7657,Тенистый рог,cosmetic,epic,2025-12-10 09:17:00,"10,68",SPRING10,paid
5346,7657,Ледяной перчатки,battlepass,epic,2025-12-10 02:23:00,8.04,WINTER30,paid
5347,7657,Тенистый рог,cosmetic,epic,10.12.2025 18:23:00,"11,87",,paid
5348,7657,Ледяной перчатки,battlepass,epic,2025-12-10 06:10:00,"11,49",-,paid
5349,7657,Пепельный плащ,currency,common,2025-12-10 04:00:00,54.75,NaN,paid
5350,7657,Золочёный посох,booster,rare,2025-12-10 08:35:00,1.44,WELCOME15,paid
5351,7657,Золочёный перчатки,cosmetic,rare,10.12.2025 08:06:00,15.01,RETURN20,paid
5352,7657,Лунный венец,currency,EPIC,2025-12-10 05:45:00,31.36,,paid
5353,7657,Терновый рог,bundle,epic,10.12.2025 17:41:00,12.17,WINTER30,paid
5354,7657,Изумрудный печать,cosmetic,COMMON,2025-12-10 03:31:00,21.79,н/д,paid
5355,7657,Багровый сундук,booster,legendary,2025-12-10 12:00:00,2.46,-,paid
5356,7657,Терновый сундук,booster,EPIC,10.12.2025 10:01:00,5.20,null,paid
5357,7657,Изумрудный сундук,booster,common,2025-12-10 21:59:00,4.75,AUTUMN25,paid
5358,7657,Медный перчатки,currency,rare,2025-12-10 06:24:00,60.54,NaN,paid
5359,7657,Ледяной рог,battlepass,COMMON,10.12.2025 09:36:00,13.34,н/д,paid
5360,7657,Медный маска,battlepass,COMMON,2025-12-10 14:56:00,7.87,WINTER30,paid
5361,7657,Терновый сундук,booster,EPIC,2025-12-10 00:34:00,5.20,,paid
5362,7657,Пепельный печать,battlepass,COMMON,2025-12-10 20:03:00,10.54,,paid
5363,7657,Золочёный рог,currency,common,2025-12-10 20:07:00,52.20,WINTER30,paid
5364,7657,Пепельный печать,battlepass,common,2025-12-10 13:22:00,9.49,SPRING10,paid
5365,7657,Ржавый печать,cosmetic,epic,2025-12-10 16:33:00,16.49 USD,,paid
5366,7657,Костяной венец,currency,COMMON,2025-12-10 09:01:00,95.16,null,paid
5367,7657,Золочёный рог,currency,common,2025-12-10 05:56:00,74.57 USD,,paid
5368,7657,Изумрудный маска,booster,legendary,2025-12-10 12:15:00,8.24,,paid
5369,7657,Медный маска,battlepass,common,2025-12-10 06:20:00,н/д,,paid
5370,7657,Медный маска,battlepass,common,10.12.2025 09:46:00,11.25,,paid
5371,7657,Древний сундук,bundle,COMMON,10.12.2025 11:59:00,53.74,,paid
5372,7657,Багровый фонарь,booster,COMMON,2025-12-10 16:01:00,"9,82",-,refunded
5373,7657,Терновый сундук,booster,epic,10.12.2025 04:28:00,5.20,null,paid
5374,7657,Пепельный печать,battlepass,common,10.12.2025 03:49:00,10.54,,paid
5375,7657,Пепельный посох,booster,rare,2025-12-10 10:13:00,9.85,NaN,paid
5376,7657,Древний сундук,bundle,common,2025-12-10 15:15:00,53.74,н/д,paid
5377,7657,Ледяной перчатки,battlepass,epic,2025-12-10 11:13:00,11.49,null,paid
5378,7657,Костяной перчатки,battlepass,rare,2025-12-10 09:09:00,-,н/д,paid
5379,7657,Ледяной перчатки,battlepass,EPIC,2025-12-10 06:25:00,11.49,null,paid
5380,7657,Ледяной рог,battlepass,common,10.12.2025 08:46:00,13.34,,paid
5381,7657,Золочёный компас,bundle,RARE,2025-12-10 05:33:00,57.62,-,paid
5382,7657,Ледяной рог,battlepass,common,2025-12-10 10:01:00,12.01,SPRING10,paid
5383,7657,Ржавый компас,bundle,common,2025-12-10 15:37:00,53.98,NaN,paid
5384,7657,Ледяной амулет,booster,rare,2025-12-10 12:58:00,4.52,,paid
5385,7657,Золочёный посох,booster,rare,2025-12-10 11:14:00,1.69,-,paid
5386,7657,Багровый фонарь,booster,common,10.12.2025 09:52:00,9.82 USD,,paid
5387,7657,Ржавый печать,cosmetic,epic,2025-12-10 04:44:00,16.49,,paid
5388,7657,Ледяной амулет,booster,rare,2025-12-10 10:57:00,4.52,,paid
5389,7657,Костяной венец,currency,common,2025-12-10 15:04:00,80.89,WELCOME15,refunded
5390,7657,Изумрудный плащ,currency,common,2025-12-10 02:03:00,31.34,AUTUMN25,paid
5391,7657,Ледяной рог,battlepass,common,2025-12-10 20:28:00,13.34,null,paid
5392,7657,Ледяной плащ,battlepass,epic,10.12.2025 07:58:00,15.54,н/д,paid
5393,7657,Золочёный рог,currency,common,2025-12-10 03:22:00,74.57,NaN,paid
5394,7657,Медный посох,booster,common,2025-12-10 14:49:00,8.61 USD,-,paid
5395,7657,Костяной печать,battlepass,common,2025-12-10 19:33:00,12.41,NaN,paid
5396,7657,Терновый венец,cosmetic,rare,2025-12-10 01:05:00,5.89,NaN,paid
5397,7657,Золочёный рог,currency,common,2025-12-10 04:33:00,63.38,WELCOME15,paid
5398,7657,Терновый венец,cosmetic,rare,2025-12-10 00:57:00,5.89,,paid
5399,7657,Костяной венец,currency,COMMON,2025-12-10 05:28:00,"95,16",,paid
5400,7657,Багровый плащ,currency,epic,2025-12-10 12:57:00,75.44,NaN,paid
5401,7657,Ледяной плащ,battlepass,epic,10.12.2025 21:44:00,15.54,,paid
5402,7657,Ледяной плащ,battlepass,epic,2025-12-10 21:37:00,15.54,-,paid
5403,7657,Терновый сундук,booster,epic,2025-12-10 18:09:00,4.16,RETURN20,paid
5404,7657,Тенистый рог,cosmetic,epic,10.12.2025 14:48:00,11.87,NaN,paid
5405,7657,Ржавый фонарь,battlepass,rare,2025-12-10 17:55:00,10.83,NaN,paid
5406,7657,Золочёный посох,booster,rare,2025-12-10 18:23:00,1.69,NaN,paid
5407,7657,Ледяной перчатки,battlepass,epic,10.12.2025 18:58:00,11.49,н/д,paid
5408,7657,Ледяной плащ,battlepass,EPIC,2025-12-10 03:06:00,15.54,null,paid
5409,7657,Древний посох,cosmetic,epic,2025-12-10 15:18:00,3.93,RETURN20,paid
5410,7657,Ледяной перчатки,battlepass,epic,2025-12-10 13:53:00,11.49,,paid
5411,7657,Пепельный посох,booster,rare,2025-12-10 16:41:00,9.85,н/д,paid
5412,7657,Костяной венец,currency,common,2025-12-10 23:24:00,95.16,,paid
5413,7657,Ледяной маска,cosmetic,common,2025-12-10 16:47:00,5.87,AUTUMN25,paid
5414,7657,Костяной печать,battlepass,common,10.12.2025 23:39:00,12.41,н/д,paid
5415,7657,Багровый печать,currency,legendary,2025-12-10 04:30:00,51.22,,paid
5416,7657,Тенистый плащ,bundle,epic,2025-12-10 20:41:00,"27,96",,paid
5417,7657,Тенистый венец,currency,common,2025-12-10 06:21:00,56.47,NaN,paid
5418,7657,Пепельный печать,battlepass,common,10.12.2025 15:13:00,7.38,WINTER30,paid
5419,7657,Костяной венец,currency,common,2025-12-10 08:58:00,95.16,,paid
5420,7657,Изумрудный маска,booster,legendary,10.12.2025 12:17:00,8.24 USD,н/д,paid
5421,7657,Костяной венец,currency,common,2025-12-10 19:35:00,71.37,AUTUMN25,paid
5422,7657,Костяной перчатки,battlepass,rare,2025-12-10 14:20:00,14.37,WELCOME15,paid
5423,7657,Костяной посох,currency,common,2025-12-10 06:45:00,26.77,WELCOME15,paid
5424,7657,Ледяной плащ,battlepass,epic,2025-12-10 10:35:00,15.54,,paid
5425,7657,Багровый сундук,booster,LEGENDARY,2025-12-10 08:40:00,2.46,-,paid
5426,7657,Ледяной рог,battlepass,common,2025-12-10 11:51:00,13.34,null,paid
5427,7657,Ледяной плащ,battlepass,epic,2025-12-10 19:28:00,15.54,NaN,paid
5428,7657,Золочёный рог,currency,common,2025-12-10 14:28:00,74.57,н/д,paid
5429,7657,Золочёный сундук,booster,epic,2025-12-10 09:22:00,9.83 USD,null,paid
5430,7657,Изумрудный маска,booster,legendary,10.12.2025 18:50:00,7.42,SPRING10,paid
5431,7657,Костяной перчатки,battlepass,rare,10.12.2025 03:49:00,16.91,null,paid
5432,7657,Тенистый фонарь,battlepass,rare,2025-12-10 02:16:00,19.53,н/д,paid
5433,7657,Ржавый фонарь,battlepass,RARE,2025-12-10 21:37:00,10.83,null,paid
5434,7657,Изумрудный плащ,currency,common,2025-12-10 09:35:00,41.79,null,paid
5435,7657,Багровый сундук,booster,legendary,2025-12-10 20:14:00,1.97,RETURN20,paid
5436,7657,Ледяной плащ,battlepass,EPIC,2025-12-10 08:15:00,15.54,,paid
5437,7657,Терновый венец,cosmetic,rare,10.12.2025 20:21:00,5.89,н/д,paid
5438,7657,Ржавый печать,cosmetic,epic,10.12.2025 19:04:00,16.49 USD,,paid
5439,7657,Ледяной плащ,battlepass,epic,10.12.2025 14:13:00,13.21,WELCOME15,paid
5440,7657,Ржавый амулет,currency,common,10.12.2025 12:50:00,41.33,RETURN20,paid
5441,7657,Ржавый амулет,currency,common,10.12.2025 10:33:00,46.49,SPRING10,paid
5442,7657,Багровый сундук,booster,legendary,2025-12-10 17:15:00,2.46,null,paid
5443,7657,Лунный венец,currency,epic,2025-12-10 17:30:00,31.36,н/д,paid
5444,7657,Пепельный посох,booster,rare,10.12.2025 17:43:00,9.85,-,paid
5445,7657,Ржавый компас,bundle,common,2025-12-10 16:48:00,53.98,null,paid
5446,7657,Ледяной плащ,battlepass,epic,10.12.2025 14:11:00,15.54,,refunded
5447,7657,Ледяной рог,battlepass,common,2025-12-10 17:53:00,13.34,,paid
5448,7657,Костяной печать,battlepass,common,2025-12-10 20:08:00,12.41,-,paid
5449,7657,Костяной венец,currency,COMMON,10.12.2025 21:05:00,95.16,null,paid
5450,7657,Тенистый фонарь,battlepass,rare,2025-12-10 02:47:00,16.60,WELCOME15,paid
5451,7657,Ржавый амулет,currency,common,2025-12-10 03:57:00,"51,66",NaN,paid
5452,7657,Золочёный посох,booster,rare,2025-12-10 10:27:00,1.69 USD,-,paid
5453,7657,Костяной венец,currency,COMMON,2025-12-10 13:42:00,95.16,-,paid
5454,7657,Костяной перчатки,battlepass,RARE,2025-12-10 23:07:00,16.91,н/д,paid
5455,7657,Ледяной плащ,battlepass,epic,2025-12-10 17:35:00,15.54,,paid
5456,7657,Лунный посох,battlepass,legendary,10.12.2025 14:49:00,"12,81",н/д,paid
5457,7657,Лунный венец,currency,epic,2025-12-10 12:06:00,н/д,null,paid
5458,7657,Тенистый венец,currency,COMMON,2025-12-10 08:07:00,56.47,null,paid
5459,7657,Ржавый печать,cosmetic,EPIC,10.12.2025 13:48:00,16.49,,paid
5460,7657,Костяной венец,currency,common,10.12.2025 22:28:00,95.16,-,paid
5461,7657,Ржавый амулет,currency,common,10.12.2025 14:47:00,"51,66",-,paid
5462,7657,Изумрудный сундук,booster,COMMON,10.12.2025 15:54:00,6.33,-,paid
5463,7657,Костяной печать,battlepass,common,2025-12-10 12:46:00,11.17,SPRING10,paid
5464,7657,Золочёный рог,currency,common,2025-12-10 17:16:00,74.57,,paid
5465,7657,Костяной венец,currency,COMMON,10.12.2025 01:46:00,80.89,WELCOME15,paid
5466,7657,Ледяной плащ,battlepass,EPIC,2025-12-10 21:53:00,13.99,SPRING10,paid
5467,7657,Костяной венец,currency,common,2025-12-10 06:07:00,"85,64",SPRING10,paid
5468,7657,Костяной посох,currency,common,2025-12-10 22:48:00,31.49,null,paid
5469,7657,Ледяной рог,battlepass,common,10.12.2025 05:39:00,10.67,RETURN20,paid
5470,7657,Ледяной рог,battlepass,common,10.12.2025 06:23:00,13.34,-,paid
5471,7657,Костяной венец,currency,common,2025-12-10 00:57:00,95.16,,paid
5472,7657,Тенистый рог,cosmetic,epic,2025-12-10 20:31:00,11.87,,paid
5473,7657,Костяной перчатки,battlepass,rare,2025-12-10 11:23:00,16.91,н/д,paid
5474,7657,Костяной венец,currency,COMMON,2025-12-10 03:45:00,71.37,AUTUMN25,paid
5475,7657,Пепельный печать,battlepass,common,2025-12-10 11:55:00,10.54,,paid
5476,7657,Лунный сундук,currency,common,2025-12-10 01:43:00,66.13,SPRING10,paid
5477,7657,Золочёный перчатки,cosmetic,rare,10.12.2025 10:46:00,18.76,NaN,paid
5478,7657,Изумрудный сундук,booster,common,2025-12-10 21:15:00,6.33,null,paid
5479,7657,Медный маска,battlepass,common,2025-12-10 18:43:00,11.25,н/д,paid
5480,7657,Ржавый печать,cosmetic,EPIC,10.12.2025 13:38:00,16.49,н/д,paid
5481,7657,Пепельный печать,battlepass,common,10.12.2025 06:19:00,10.54,,paid
5482,7657,Багровый плащ,currency,epic,2025-12-10 15:20:00,75.44,,paid
5483,7657,Древний сундук,bundle,common,2025-12-10 01:11:00,53.74 USD,,paid
5484,7657,Ржавый печать,cosmetic,epic,10.12.2025 22:27:00,16.49,NaN,paid
5485,7657,Тенистый фонарь,battlepass,RARE,2025-12-10 00:42:00,19.53,-,paid
5486,7657,Терновый венец,cosmetic,RARE,2025-12-10 16:20:00,5.89,-,paid
5487,7657,Лунный сундук,currency,common,2025-12-10 01:06:00,73.48,,paid
5488,7657,Ледяной плащ,battlepass,epic,10.12.2025 02:55:00,13.99,SPRING10,paid
5489,7657,Ржавый печать,cosmetic,epic,2025-12-10 09:52:00,11.54,WINTER30,paid
5490,7657,Багровый печать,currency,legendary,2025-12-10 09:31:00,51.22,NaN,paid
5491,7657,Древний сундук,bundle,common,10.12.2025 11:01:00,"53,74",,paid
5492,7657,Ледяной плащ,battlepass,epic,2025-12-10 00:28:00,15.54,-,paid
5493,7657,Пепельный компас,booster,epic,10.12.2025 03:44:00,6.67,,paid
5494,7657,Ледяной перчатки,battlepass,epic,2025-12-10 00:06:00,11.49,null,paid
5495,7657,Багровый плащ,currency,EPIC,2025-12-10 11:33:00,75.44,null,paid
5496,7657,Ржавый амулет,currency,common,10.12.2025 20:22:00,51.66,-,paid
5497,7660,Багровый сундук,booster,legendary,2025-09-23 10:53:00,2.46,,paid
5498,7663,Костяной венец,currency,common,2026-05-15 17:59:00,76.13,RETURN20,paid
5499,7680,Пепельный печать,battlepass,COMMON,11.02.2026 00:30:00,10.54,null,paid
5500,7680,Ледяной перчатки,battlepass,epic,2026-02-11 22:54:00,11.49 USD,-,paid
5501,7705,Древний посох,cosmetic,EPIC,2026-01-01 10:51:00,4.91 USD,н/д,paid
5502,7728,Изумрудный маска,booster,legendary,2025-12-01 19:23:00,8.24,,paid
5503,7728,Ледяной рог,battlepass,common,2025-12-27 00:03:00,13.34,,paid
5504,7770,Лунный плащ,cosmetic,common,2025-10-20 16:27:00,18.40,WELCOME15,paid
5505,7770,Лунный венец,currency,epic,2025-10-05 15:18:00,25.09,RETURN20,paid
5506,7770,Костяной венец,currency,COMMON,2025-10-07 11:10:00,95.16 USD,н/д,paid
5507,7783,Пепельный компас,booster,epic,2026-02-05 21:42:00,4.67,WINTER30,paid
5508,7783,Терновый сундук,booster,epic,2026-02-16 06:13:00,4.68,SPRING10,paid
5509,7783,Ледяной плащ,battlepass,epic,2026-01-28 21:51:00,15.54,NaN,paid
5510,7783,Терновый венец,cosmetic,rare,2026-02-03 12:14:00,"5,89",null,paid
5511,7783,Изумрудный сундук,booster,COMMON,2026-02-01 05:50:00,6.33,н/д,paid
5512,7789,Костяной перчатки,battlepass,RARE,2025-11-03 10:43:00,16.91,NaN,paid
5513,7789,Ледяной перчатки,battlepass,epic,03.11.2025 23:45:00,11.49,-,paid
5514,7789,Золочёный перчатки,cosmetic,rare,03.11.2025 10:22:00,18.76,null,paid
5515,7789,Костяной маска,currency,legendary,2025-11-03 05:26:00,23.03 USD,н/д,paid
5516,7789,Изумрудный сундук,booster,common,03.11.2025 05:25:00,6.33 USD,-,paid
5517,7789,Ржавый компас,bundle,common,03.11.2025 06:33:00,40.48,AUTUMN25,paid
5518,7789,Пепельный плащ,currency,common,03.11.2025 15:46:00,41.06,AUTUMN25,paid
5519,7789,Пепельный печать,battlepass,common,03.11.2025 18:45:00,10.54,NaN,paid
5520,7789,Костяной венец,currency,common,2025-11-03 21:29:00,95.16,,paid
5521,7789,Золочёный посох,booster,RARE,2025-11-03 14:24:00,1.52,SPRING10,paid
5522,7789,Ледяной плащ,battlepass,epic,2025-11-03 00:01:00,15.54,,paid
5523,7789,Костяной венец,currency,common,2025-11-03 18:30:00,95.16,NaN,paid
5524,7789,Ледяной плащ,battlepass,epic,03.11.2025 09:35:00,15.54,н/д,paid
5525,7789,Тенистый фонарь,battlepass,rare,2025-11-03 01:39:00,19.53,null,paid
5526,7789,Костяной печать,battlepass,common,2025-11-03 00:33:00,,null,paid
5527,7789,Костяной венец,currency,common,2025-11-03 00:36:00,95.16 USD,-,paid
5528,7789,Древний посох,cosmetic,epic,2025-11-03 02:48:00,4.91,null,paid
5529,7789,Пепельный посох,booster,rare,2025-11-03 10:49:00,9.85,н/д,paid
5530,7789,Золочёный рог,currency,common,2025-11-03 02:19:00,74.57,,paid
5531,7789,Пепельный посох,booster,rare,2025-11-03 20:33:00,9.85,н/д,paid
5532,7789,Костяной печать,battlepass,COMMON,2025-11-03 05:36:00,12.41,-,paid
5533,7789,Древний венец,cosmetic,common,03.11.2025 18:03:00,"5,99",AUTUMN25,paid
5534,7789,Ржавый печать,cosmetic,epic,03.11.2025 00:33:00,16.49,NaN,paid
5535,7789,Ледяной рог,battlepass,common,2025-11-03 09:26:00,13.34,,paid
5536,7789,Ледяной перчатки,battlepass,epic,2025-11-03 02:09:00,"10,34",SPRING10,paid
5537,7789,Терновый сундук,booster,epic,03.11.2025 04:22:00,5.20,NaN,paid
5538,7789,Багровый фонарь,booster,COMMON,03.11.2025 13:48:00,8.84 USD,SPRING10,paid
5539,7789,Костяной венец,currency,common,2025-11-03 01:46:00,95.16,,paid
5540,7789,Тенистый фонарь,battlepass,rare,2025-11-03 15:16:00,19.53,,paid
5541,7789,Костяной печать,battlepass,common,03.11.2025 11:41:00,"12,41",н/д,paid
5542,7789,Тенистый рог,cosmetic,EPIC,2025-11-03 07:37:00,10.68,SPRING10,paid
5543,7789,Лунный венец,currency,epic,2025-11-03 20:32:00,31.36,NaN,paid
5544,7789,Костяной посох,currency,common,2025-11-03 02:54:00,31.49,,paid
5545,7789,Золочёный посох,booster,RARE,2025-11-03 17:15:00,1.69,,refunded
5546,7789,Тенистый рог,cosmetic,epic,2025-11-03 04:16:00,10.68,SPRING10,paid
5547,7789,Золочёный посох,booster,rare,2025-11-03 04:28:00,1.69,NaN,paid
5548,7789,Лунный венец,currency,epic,2025-11-03 04:27:00,31.36,-,paid
5549,7789,Костяной венец,currency,common,2025-11-03 21:34:00,95.16,н/д,paid
5550,7789,Ледяной плащ,battlepass,epic,03.11.2025 15:22:00,15.54,-,paid
5551,7789,Пепельный компас,booster,epic,2025-11-03 17:09:00,6.67,NaN,refunded
5552,7789,Ржавый амулет,currency,common,2025-11-03 22:57:00,"51,66",-,paid
5553,7789,Лунный венец,currency,epic,2025-11-03 23:00:00,31.36,NaN,paid
5554,7789,Ледяной плащ,battlepass,epic,03.11.2025 20:54:00,15.54,null,paid
5555,7789,Костяной перчатки,battlepass,rare,2025-11-03 11:32:00,"16,91",null,paid
5556,7789,Багровый сундук,booster,legendary,2025-11-03 15:08:00,2.46,,paid
5557,7789,Ледяной перчатки,battlepass,epic,2025-11-03 14:31:00,8.04 USD,WINTER30,paid
5558,7789,Золочёный перчатки,cosmetic,rare,03.11.2025 11:22:00,18.76,-,paid
5559,7789,Пепельный посох,booster,rare,2025-11-03 04:59:00,9.85,н/д,paid
5560,7789,Золочёный посох,booster,rare,03.11.2025 06:56:00,1.69,,paid
5561,7789,Костяной венец,currency,common,2025-11-03 06:11:00,"95,16",,paid
5562,7789,Ржавый амулет,currency,common,2025-11-03 02:11:00,38.74,AUTUMN25,paid
5563,7789,Пепельный печать,battlepass,common,2025-11-03 11:12:00,"8,43",RETURN20,paid
5564,7789,Багровый сундук,booster,LEGENDARY,2025-11-03 20:46:00,1.84,AUTUMN25,paid
5565,7789,Терновый рог,bundle,epic,2025-11-03 07:48:00,17.39,,paid
5566,7789,Терновый венец,cosmetic,rare,2025-11-03 12:39:00,5.89,,paid
5567,7789,Изумрудный маска,booster,legendary,2025-11-03 14:02:00,7.42,SPRING10,paid
5568,7789,Костяной перчатки,battlepass,rare,2025-11-03 16:47:00,16.91,null,paid
5569,7789,Тенистый рог,cosmetic,EPIC,03.11.2025 10:26:00,11.87,,paid
5570,7789,Медный маска,battlepass,common,2025-11-03 11:13:00,11.25,,paid
5571,7789,Изумрудный перчатки,booster,epic,2025-11-03 12:27:00,6.84,-,paid
5572,7789,Костяной венец,currency,common,2025-11-03 15:58:00,95.16,-,paid
5573,7789,Костяной венец,currency,common,2025-11-03 05:59:00,85.64,SPRING10,paid
5574,7789,Тенистый посох,bundle,common,2025-11-03 01:42:00,17.19,,paid
5575,7789,Ледяной плащ,battlepass,epic,03.11.2025 23:37:00,"13,99",SPRING10,paid
5576,7789,Лунный плащ,cosmetic,common,2025-11-03 21:29:00,17.32,RETURN20,paid
5577,7789,Багровый плащ,currency,epic,2025-11-03 01:38:00,75.44,,paid
5578,7789,Ледяной перчатки,battlepass,epic,03.11.2025 19:39:00,11.49,NaN,paid
5579,7789,Тенистый клинок,bundle,legendary,2025-11-03 11:33:00,49.55,WINTER30,refunded
5580,7789,Ржавый печать,cosmetic,epic,2025-11-03 17:57:00,16.49,,paid
5581,7789,Изумрудный плащ,currency,common,2025-11-03 17:04:00,41.79 USD,,paid
5582,7789,Лунный венец,currency,epic,03.11.2025 19:14:00,31.36,-,paid
5583,7789,Ржавый печать,cosmetic,epic,03.11.2025 22:44:00,16.49,NaN,paid
5584,7789,Костяной венец,currency,common,2025-11-03 12:29:00,95.16,null,paid
5585,7789,Ржавый печать,cosmetic,epic,2025-11-03 07:17:00,12.37,AUTUMN25,paid
5586,7789,Костяной венец,currency,COMMON,2025-11-03 12:35:00,95.16,-,paid
5587,7789,Костяной посох,currency,common,2025-11-03 09:59:00,31.49,,paid
5588,7789,Ледяной рог,battlepass,common,2025-11-03 09:43:00,13.34,,paid
5589,7789,Багровый сундук,booster,legendary,2025-11-03 11:49:00,2.46,-,paid
5590,7789,Ледяной плащ,battlepass,epic,2025-11-03 03:59:00,15.54 USD,NaN,paid
5591,7789,Терновый рог,bundle,EPIC,2025-11-03 19:55:00,13.91,RETURN20,paid
5592,7789,Терновый сундук,booster,EPIC,2025-11-03 18:54:00,5.20,-,paid
5593,7789,Ржавый компас,bundle,COMMON,03.11.2025 14:35:00,45.88,WELCOME15,paid
5594,7789,Тенистый рог,cosmetic,epic,03.11.2025 11:50:00,11.87,н/д,paid
5595,7789,Ледяной плащ,battlepass,epic,2025-11-03 03:32:00,15.54,NaN,paid
5596,7789,Костяной венец,currency,common,03.11.2025 10:56:00,95.16,н/д,paid
5597,7789,Лунный посох,battlepass,legendary,2025-11-03 23:10:00,12.81,н/д,paid
5598,7789,Пепельный посох,booster,rare,2025-11-03 03:01:00,9.85,н/д,paid
5599,7790,Золочёный маска,currency,RARE,2026-02-11 10:57:00,28.26,WELCOME15,paid
5600,7796,Тенистый фонарь,battlepass,rare,2026-01-13 11:14:00,13.67,WINTER30,paid
5601,7817,Ледяной перчатки,battlepass,epic,2025-12-15 22:35:00,"8,04",WINTER30,paid
5602,7826,Ледяной рог,battlepass,common,2025-12-03 16:50:00,13.34,,paid
5603,7826,Ледяной плащ,battlepass,EPIC,2025-12-03 11:34:00,13.21,WELCOME15,paid
5604,7826,Ледяной маска,cosmetic,common,03.12.2025 01:29:00,7.82,,paid
5605,7828,Золочёный сундук,booster,EPIC,2026-06-26 09:42:00,9.83,,paid
5606,7828,Костяной венец,currency,COMMON,28.06.2026 16:58:00,95.16,н/д,paid
5607,7828,Ржавый амулет,currency,common,29.06.2026 08:18:00,51.66,н/д,paid
5608,7838,Багровый плащ,currency,EPIC,2025-11-20 09:23:00,75.44 USD,-,paid
5609,7838,Костяной венец,currency,common,20.11.2025 07:17:00,95.16,-,paid
5610,7838,Ледяной рог,battlepass,common,2025-11-20 00:50:00,13.34,,paid
5611,7838,Изумрудный посох,booster,COMMON,20.11.2025 09:25:00,6.73,,paid
5612,7838,Пепельный посох,booster,rare,20.11.2025 01:43:00,7.88 USD,RETURN20,paid
5613,7838,Костяной венец,currency,common,2025-11-20 12:01:00,71.37,AUTUMN25,paid
5614,7838,Золочёный рог,currency,common,2025-11-20 07:21:00,74.57,,paid
5615,7838,Терновый сундук,booster,epic,2025-11-20 17:49:00,5.20,,paid
5616,7838,Терновый сундук,booster,epic,20.11.2025 17:19:00,5.20,,paid
5617,7838,Ржавый печать,cosmetic,EPIC,20.11.2025 22:25:00,14.84,SPRING10,paid
5618,7838,Медный печать,bundle,rare,2025-11-20 03:22:00,33.96,н/д,paid
5619,7838,Багровый сундук,booster,LEGENDARY,20.11.2025 10:05:00,1.72,WINTER30,paid
5620,7838,Терновый сундук,booster,epic,2025-11-20 04:00:00,5.20,,paid
5621,7838,Изумрудный посох,booster,common,2025-11-20 15:55:00,null,,paid
5622,7838,Багровый фонарь,booster,common,20.11.2025 01:12:00,9.82,,paid
5623,7838,Медный перчатки,currency,rare,20.11.2025 08:22:00,42.38,WINTER30,paid
5624,7838,Древний сундук,bundle,common,20.11.2025 19:03:00,53.74 USD,,paid
5625,7838,Пепельный печать,battlepass,common,2025-11-20 00:59:00,10.54,,paid
5626,7838,Тенистый рог,cosmetic,EPIC,2025-11-20 19:27:00,11.87,-,paid
5627,7838,Ледяной рог,battlepass,COMMON,20.11.2025 06:45:00,13.34,,paid
5628,7838,Пепельный компас,booster,EPIC,2025-11-20 04:36:00,5.00 USD,AUTUMN25,paid
5629,7838,Костяной венец,currency,common,20.11.2025 07:49:00,95.16 USD,null,paid
5630,7838,Ржавый печать,cosmetic,epic,2025-11-20 05:42:00,16.49,,paid
5631,7838,Тенистый фонарь,battlepass,RARE,2025-11-20 16:29:00,19.53,-,paid
5632,7838,Золочёный посох,booster,rare,20.11.2025 20:42:00,1.44,WELCOME15,paid
5633,7838,Лунный венец,currency,EPIC,2025-11-20 09:59:00,31.36,-,paid
5634,7838,Ржавый плащ,currency,LEGENDARY,2025-11-20 17:21:00,60.75,null,paid
5635,7838,Ледяной плащ,battlepass,epic,20.11.2025 01:58:00,15.54,н/д,paid
5636,7838,Ржавый амулет,currency,common,2025-11-20 16:29:00,46.49,SPRING10,paid
5637,7838,Ледяной плащ,battlepass,epic,2025-11-20 04:37:00,11.65 USD,AUTUMN25,paid
5638,7838,Тенистый фонарь,battlepass,RARE,20.11.2025 21:01:00,19.53,-,paid
5639,7838,Багровый печать,currency,legendary,2025-11-20 03:29:00,51.22,NaN,paid
5640,7838,Изумрудный маска,booster,legendary,2025-11-20 03:29:00,8.24 USD,,paid
5641,7838,Ржавый печать,cosmetic,EPIC,2025-11-20 17:20:00,16.49,null,paid
5642,7838,Медный амулет,cosmetic,common,2025-11-20 20:10:00,8.10,null,paid
5643,7838,Багровый сундук,booster,legendary,2025-11-20 09:28:00,2.46,,paid
5644,7838,Медный перчатки,currency,rare,2025-11-20 03:57:00,60.54,null,paid
5645,7838,Костяной клинок,cosmetic,common,20.11.2025 08:00:00,17.78,null,paid
5646,7838,Костяной венец,currency,common,20.11.2025 14:12:00,"95,16",-,paid
5647,7838,Медный посох,booster,common,20.11.2025 14:53:00,"7,75",SPRING10,paid
5648,7838,Костяной печать,battlepass,COMMON,2025-11-20 09:15:00,12.41,null,paid
5649,7838,Ледяной плащ,battlepass,epic,2025-11-20 05:19:00,15.54,н/д,paid
5650,7838,Медный амулет,cosmetic,common,2025-11-20 08:05:00,"7,29",SPRING10,paid
5651,7838,Золочёный компас,bundle,RARE,2025-11-20 01:55:00,40.33,WINTER30,paid
5652,7838,Ледяной перчатки,battlepass,epic,20.11.2025 22:18:00,11.49,null,paid
5653,7838,Золочёный перчатки,cosmetic,rare,20.11.2025 07:00:00,18.76,н/д,paid
5654,7838,Тенистый рог,cosmetic,epic,20.11.2025 16:30:00,11.87,null,paid
5655,7838,Костяной маска,currency,legendary,20.11.2025 19:54:00,16.12,WINTER30,paid
5656,7838,Костяной печать,battlepass,common,2025-11-20 11:42:00,,,paid
5657,7838,Древний сундук,bundle,COMMON,2025-11-20 04:48:00,53.74 USD,,paid
5658,7838,Медный маска,battlepass,common,20.11.2025 19:33:00,11.25,,paid
5659,7838,Терновый печать,booster,rare,2025-11-20 19:30:00,6.73,SPRING10,paid
5660,7838,Золочёный компас,bundle,RARE,2025-11-20 18:12:00,51.86,SPRING10,paid
5661,7838,Терновый печать,booster,rare,20.11.2025 18:37:00,7.48,,paid
5662,7838,Ледяной перчатки,battlepass,EPIC,2025-11-20 06:37:00,11.49,null,paid
5663,7838,Ледяной рог,battlepass,COMMON,2025-11-20 19:46:00,13.34,,paid
5664,7838,Медный амулет,cosmetic,common,20.11.2025 07:41:00,8.10 USD,NaN,paid
5665,7838,Терновый сундук,booster,epic,2025-11-20 17:07:00,5.20,,paid
5666,7838,Терновый сундук,booster,EPIC,2025-11-20 12:39:00,3.64,WINTER30,paid
5667,7838,Костяной рог,currency,rare,2025-11-20 16:45:00,"28,86",,paid
5668,7838,Ржавый печать,cosmetic,EPIC,2025-11-20 09:32:00,16.49 USD,-,paid
5669,7838,Медный маска,battlepass,common,20.11.2025 23:31:00,9.56,WELCOME15,paid
5670,7838,Лунный венец,currency,epic,2025-11-20 14:22:00,31.36,NaN,paid
5671,7838,Ледяной плащ,battlepass,epic,2025-11-20 16:13:00,13.99,SPRING10,paid
5672,7838,Ржавый печать,cosmetic,epic,20.11.2025 19:16:00,14.84,SPRING10,paid
5673,7838,Костяной венец,currency,common,20.11.2025 13:33:00,80.89,WELCOME15,paid
5674,7838,Костяной венец,currency,common,2025-11-20 10:03:00,71.37,AUTUMN25,paid
5675,7838,Костяной венец,currency,common,2025-11-20 13:34:00,95.16,-,paid
5676,7838,Костяной венец,currency,common,2025-11-20 19:28:00,95.16 USD,,paid
5677,7838,Ледяной плащ,battlepass,epic,20.11.2025 17:44:00,15.54,,paid
5678,7838,Ржавый компас,bundle,common,20.11.2025 21:40:00,53.98,null,paid
5679,7838,Ледяной плащ,battlepass,epic,2025-11-20 19:04:00,15.54,NaN,paid
5680,7838,Тенистый рог,cosmetic,EPIC,20.11.2025 11:16:00,10.68,SPRING10,paid
5681,7838,Багровый сундук,booster,legendary,20.11.2025 10:47:00,1.84,AUTUMN25,paid
5682,7838,Терновый печать,booster,rare,2025-11-20 05:07:00,7.48,NaN,paid
5683,7838,Золочёный рог,currency,common,2025-11-20 02:43:00,67.11,SPRING10,paid
5684,7838,Ледяной плащ,battlepass,EPIC,20.11.2025 16:26:00,15.54,-,paid
5685,7838,Пепельный компас,booster,epic,2025-11-20 19:22:00,4.67,WINTER30,paid
5686,7838,Древний сундук,bundle,common,2025-11-20 23:28:00,"37,62",WINTER30,paid
5687,7838,Золочёный маска,currency,rare,20.11.2025 00:32:00,"33,25",,paid
5688,7838,Терновый рог,bundle,epic,2025-11-20 18:20:00,17.39,null,paid
5689,7838,Пепельный плащ,currency,common,20.11.2025 04:03:00,54.75,н/д,paid
5690,7838,Ржавый печать,cosmetic,epic,20.11.2025 10:20:00,16.49,н/д,paid
5691,7838,Костяной венец,currency,COMMON,20.11.2025 01:18:00,95.16,-,paid
5692,7838,Лунный венец,currency,epic,2025-11-20 08:24:00,31.36,н/д,paid
5693,7838,Костяной перчатки,battlepass,RARE,20.11.2025 23:01:00,16.91,null,paid
5694,7838,Древний венец,cosmetic,common,2025-11-20 18:13:00,7.99,-,paid
5695,7838,Изумрудный перчатки,booster,epic,2025-11-20 05:49:00,"6,84",,paid
5696,7838,Пепельный посох,booster,rare,2025-11-20 14:46:00,8.37 USD,WELCOME15,paid
5697,7838,Ледяной плащ,battlepass,epic,2025-11-20 17:19:00,15.54,,paid
5698,7838,Тенистый посох,bundle,common,2025-11-20 04:05:00,17.19,null,paid
5699,7838,Ржавый фонарь,battlepass,rare,2025-11-20 19:34:00,"10,83",,paid
5700,7838,Ржавый печать,cosmetic,EPIC,2025-11-20 16:16:00,16.49 USD,,paid
5701,7838,Ледяной плащ,battlepass,epic,2025-11-20 17:53:00,15.54,-,paid
5702,7838,Костяной венец,currency,common,2025-11-20 20:44:00,95.16,-,paid
5703,7838,Пепельный плащ,currency,common,2025-11-20 01:52:00,54.75,,paid
5704,7838,Медный печать,bundle,rare,2025-11-20 14:59:00,33.96,н/д,paid
5705,7838,Тенистый рог,cosmetic,epic,2025-11-20 10:51:00,11.87,,paid
5706,7838,Пепельный посох,booster,rare,2025-11-20 21:40:00,"9,85",-,paid
5707,7838,Ржавый амулет,currency,common,20.11.2025 11:58:00,51.66,null,paid
5708,7838,Багровый плащ,currency,epic,2025-11-20 09:40:00,75.44,null,paid
5709,7838,Изумрудный печать,cosmetic,common,2025-11-20 17:47:00,21.79,н/д,paid
5710,7838,Багровый сундук,booster,LEGENDARY,2025-11-20 20:16:00,2.46,,paid
5711,7838,Костяной перчатки,battlepass,rare,2025-11-20 10:57:00,16.91,null,paid
5712,7838,Ржавый амулет,currency,common,20.11.2025 23:15:00,51.66,null,paid
5713,7838,Костяной перчатки,battlepass,rare,2025-11-20 14:57:00,16.91,-,paid
5714,7838,Древний сундук,bundle,common,2025-11-20 06:22:00,"45,68",WELCOME15,paid
5715,7838,Медный амулет,cosmetic,common,2025-11-20 02:06:00,8.10,н/д,paid
5716,7838,Тенистый рог,cosmetic,epic,20.11.2025 01:59:00,11.87 USD,,paid
5717,7838,Тенистый рог,cosmetic,epic,2025-11-20 09:45:00,10.68,SPRING10,paid
5718,7838,Ледяной перчатки,battlepass,epic,20.11.2025 12:54:00,11.49,,paid
5719,7838,Изумрудный маска,booster,legendary,2025-11-20 18:27:00,7.00,WELCOME15,paid
5720,7838,Терновый сундук,booster,EPIC,2025-11-20 14:17:00,3.90,AUTUMN25,paid
5721,7838,Пепельный печать,battlepass,common,2025-11-20 03:00:00,8.43,RETURN20,paid
5722,7838,Пепельный печать,battlepass,common,2025-11-20 15:43:00,10.54,,paid
5723,7838,Ржавый печать,cosmetic,epic,2025-11-20 03:33:00,16.49,,paid
5724,7838,Костяной венец,currency,common,2025-11-20 14:02:00,95.16,NaN,paid
5725,7838,Терновый рог,bundle,epic,20.11.2025 00:47:00,12.17,WINTER30,paid
5726,7838,Тенистый клинок,bundle,LEGENDARY,2025-11-20 15:55:00,70.79,,paid
5727,7838,Пепельный печать,battlepass,COMMON,2025-11-20 21:57:00,7.38,WINTER30,paid
5728,7838,Ледяной перчатки,battlepass,epic,2025-11-20 02:46:00,11.49,null,paid
5729,7838,Ржавый печать,cosmetic,epic,2025-11-20 16:09:00,16.49,null,paid
5730,7838,Тенистый фонарь,battlepass,rare,2025-11-20 16:01:00,15.62,RETURN20,paid
5731,7838,Ржавый печать,cosmetic,epic,20.11.2025 22:26:00,16.49,,paid
5732,7838,Медный печать,bundle,rare,20.11.2025 19:44:00,33.96 USD,,paid
5733,7838,Ледяной рог,battlepass,common,20.11.2025 12:08:00,13.34,null,paid
5734,7838,Древний посох,cosmetic,epic,20.11.2025 12:41:00,4.91,,paid
5735,7838,Ледяной рог,battlepass,common,2025-11-20 02:48:00,13.34,NaN,paid
5736,7838,Лунный посох,battlepass,legendary,20.11.2025 14:54:00,9.61,AUTUMN25,paid
5737,7838,Золочёный перчатки,cosmetic,RARE,2025-11-20 00:21:00,18.76,-,paid
5738,7838,Ржавый амулет,currency,common,2025-11-20 10:20:00,51.66,null,paid
5739,7838,Костяной посох,currency,common,2025-11-20 04:20:00,31.49 USD,,paid
5740,7838,Пепельный плащ,currency,common,2025-11-20 14:08:00,54.75,NaN,paid
5741,7838,Костяной венец,currency,common,20.11.2025 02:31:00,"71,37",AUTUMN25,paid
5742,7838,Костяной венец,currency,common,2025-11-20 16:54:00,95.16,н/д,paid
5743,7838,Костяной посох,currency,common,2025-11-20 20:11:00,31.49,,paid
5744,7852,Тенистый венец,currency,COMMON,2025-09-18 15:42:00,56.47,,paid
5745,7855,Золочёный посох,booster,rare,2026-01-19 07:52:00,1.44 USD,WELCOME15,paid
5746,7862,Изумрудный маска,booster,legendary,15.02.2026 13:03:00,8.24,,paid
5747,7862,Ледяной рог,battlepass,common,2026-02-15 01:07:00,13.34,,paid
5748,7862,Медный амулет,cosmetic,COMMON,2026-02-15 06:26:00,"8,10",null,paid
5749,7862,Изумрудный перчатки,booster,epic,2026-02-15 02:57:00,"6,84",NaN,paid
5750,7862,Пепельный компас,booster,epic,2026-02-15 03:29:00,"5,00",AUTUMN25,paid
5751,7862,Пепельный посох,booster,rare,15.02.2026 12:23:00,"9,85",,paid
5752,7862,Костяной венец,currency,common,2026-02-15 15:15:00,95.16,null,paid
5753,7862,Ржавый амулет,currency,common,2026-02-15 10:52:00,51.66,н/д,paid
5754,7862,Терновый сундук,booster,epic,15.02.2026 09:27:00,5.20,н/д,paid
5755,7862,Багровый сундук,booster,LEGENDARY,2026-02-15 08:38:00,2.46,,paid
5756,7862,Медный посох,booster,common,2026-02-15 15:12:00,8.61,null,paid
5757,7862,Пепельный компас,booster,epic,2026-02-15 13:37:00,6.67,null,paid
5758,7862,Пепельный рог,booster,EPIC,2026-02-15 00:05:00,4.98,WINTER30,refunded
5759,7862,Костяной венец,currency,common,2026-02-15 18:41:00,71.37,AUTUMN25,paid
5760,7862,Пепельный посох,booster,RARE,2026-02-15 00:54:00,8.87,SPRING10,paid
5761,7862,Изумрудный перчатки,booster,epic,2026-02-15 12:06:00,6.84,н/д,paid
5762,7862,Ржавый печать,cosmetic,epic,15.02.2026 09:42:00,16.49,null,paid
5763,7862,Багровый плащ,currency,epic,2026-02-15 00:15:00,75.44,null,paid
5764,7862,Ржавый компас,bundle,common,2026-02-15 08:23:00,53.98,н/д,paid
5765,7881,Костяной клинок,cosmetic,common,03.01.2026 13:18:00,17.78,,paid
5766,7902,Ржавый плащ,currency,legendary,01.05.2026 13:05:00,60.75,,paid
5767,7902,Тенистый рог,cosmetic,epic,2026-04-24 11:33:00,10.09,WELCOME15,paid
5768,7902,Пепельный печать,battlepass,COMMON,2026-05-03 16:06:00,10.54,null,paid
5769,7902,Ледяной перчатки,battlepass,epic,2026-04-07 19:12:00,"11,49",,paid
5770,7902,Лунный посох,battlepass,legendary,2026-05-01 06:39:00,12.81,NaN,paid
5771,7902,Древний сундук,bundle,common,2026-05-10 23:37:00,"53,74",NaN,paid
5772,7902,Изумрудный сундук,booster,common,2026-05-19 02:42:00,6.33,-,paid
5773,7902,Костяной перчатки,battlepass,rare,2026-04-04 19:43:00,16.91 USD,null,paid
5774,7902,Костяной посох,currency,common,20.04.2026 15:56:00,31.49 USD,NaN,paid
5775,7902,Ледяной маска,cosmetic,common,2026-05-07 00:30:00,7.82,,paid
5776,7902,Тенистый рог,cosmetic,epic,2026-04-13 00:31:00,11.87,null,paid
5777,7902,Ледяной маска,cosmetic,common,2026-04-06 02:45:00,7.82,,paid
5778,7902,Костяной венец,currency,common,2026-05-13 15:42:00,"95,16",NaN,paid
5779,7902,Древний сундук,bundle,common,2026-04-09 03:49:00,48.37,SPRING10,paid
5780,7902,Лунный посох,battlepass,LEGENDARY,04.04.2026 21:26:00,11.53,SPRING10,paid
5781,7935,Тенистый фонарь,battlepass,rare,2026-06-25 06:51:00,19.53,,paid
5782,7935,Ржавый печать,cosmetic,epic,2026-06-02 03:11:00,13.19,RETURN20,paid
5783,7935,Костяной венец,currency,common,2026-04-27 22:13:00,95.16,,paid
5784,7967,Лунный посох,battlepass,LEGENDARY,2025-11-18 21:46:00,12.81,,paid
5785,7967,Пепельный печать,battlepass,common,2025-12-08 02:27:00,10.54,,paid
5786,7967,Изумрудный сундук,booster,common,2025-11-18 21:19:00,5.70,SPRING10,paid
5787,8023,Ржавый плащ,currency,legendary,20.12.2025 03:05:00,60.75,н/д,paid
5788,8029,Костяной перчатки,battlepass,rare,2026-06-10 16:01:00,16.91,н/д,paid
5789,8035,Ледяной плащ,battlepass,epic,2025-11-28 11:54:00,15.54 USD,,paid
5790,8036,Костяной венец,currency,common,2025-11-19 22:13:00,"95,16",-,paid
5791,8036,Багровый плащ,currency,EPIC,2025-11-18 08:25:00,75.44,null,paid
5792,8036,Золочёный рог,currency,common,2025-11-19 01:20:00,74.57,NaN,paid
5793,8036,Терновый сундук,booster,epic,2025-11-19 17:54:00,5.20,,paid
5794,8036,Костяной клинок,cosmetic,common,2025-11-18 07:53:00,17.78,NaN,paid
5795,8115,Костяной клинок,cosmetic,common,2026-06-03 10:19:00,17.78,,paid
5796,8115,Лунный посох,battlepass,legendary,2026-06-13 17:49:00,12.81,,paid
5797,8115,Ледяной рог,battlepass,COMMON,2026-06-19 19:05:00,13.34,,paid
5798,8115,Багровый фонарь,booster,COMMON,2026-05-14 17:01:00,7.86,RETURN20,paid
5799,8115,Терновый сундук,booster,EPIC,28.06.2026 03:13:00,4.68,SPRING10,paid
5800,8115,Золочёный посох,booster,rare,2026-05-18 04:03:00,1.69,NaN,paid
5801,8115,Терновый венец,cosmetic,rare,2026-05-30 16:34:00,5.89,-,paid
5802,8115,Терновый печать,booster,RARE,2026-06-16 14:17:00,6.36,WELCOME15,paid
5803,8115,Тенистый венец,currency,COMMON,18.05.2026 16:24:00,56.47,,paid
5804,8115,Ледяной рог,battlepass,common,2026-06-30 09:29:00,13.34,,paid
5805,8115,Древний посох,cosmetic,epic,14.05.2026 20:51:00,"4,91",-,paid
5806,8115,Лунный посох,battlepass,legendary,2026-06-27 18:48:00,12.81,,paid
5807,8115,Костяной венец,currency,COMMON,2026-05-15 20:46:00,95.16,-,paid
5808,8115,Медный перчатки,currency,rare,2026-05-14 16:45:00,60.54,null,paid
5809,8115,Тенистый плащ,bundle,EPIC,18.05.2026 04:50:00,27.96,,paid
5810,8115,Золочёный перчатки,cosmetic,rare,2026-06-10 09:46:00,18.76,NaN,refunded
5811,8115,Ледяной рог,battlepass,common,2026-05-14 01:05:00,"13,34",-,paid
5812,8115,Медный маска,battlepass,COMMON,2026-06-24 05:57:00,7.87,WINTER30,paid
5813,8115,Костяной печать,battlepass,common,14.05.2026 06:21:00,,NaN,paid
5814,8115,Медный маска,battlepass,common,2026-06-08 21:45:00,11.25 USD,,paid
5815,8115,Пепельный печать,battlepass,common,19.06.2026 18:07:00,10.54,,paid
5816,8115,Ледяной рог,battlepass,common,2026-05-29 07:48:00,9.34,WINTER30,paid
5817,8115,Ледяной плащ,battlepass,epic,2026-05-18 17:21:00,15.54,NaN,paid
5818,8119,Ледяной перчатки,battlepass,epic,2026-02-12 02:10:00,11.49,null,paid
5819,8138,Лунный посох,battlepass,legendary,2026-06-03 18:01:00,12.81,н/д,paid
5820,8138,Ледяной рог,battlepass,common,2026-05-29 08:50:00,11.34,WELCOME15,paid
5821,8138,Костяной посох,currency,common,2026-06-02 09:52:00,31.49,-,paid
5822,8146,Пепельный печать,battlepass,common,2025-09-16 21:41:00,10.54,,paid
5823,8146,Лунный сундук,currency,COMMON,2025-10-01 19:38:00,51.44,WINTER30,paid
5824,8147,Терновый рог,bundle,epic,2026-01-20 03:57:00,"17,39",-,paid
5825,8147,Ледяной маска,cosmetic,common,22.01.2026 01:58:00,5.47,WINTER30,paid
5826,8147,Костяной посох,currency,common,2026-01-21 11:12:00,31.49,NaN,paid
5827,8147,Лунный посох,battlepass,legendary,20.01.2026 04:18:00,12.81,,paid
5828,8147,Костяной венец,currency,common,2026-01-21 23:23:00,95.16,,paid
5829,8147,Ледяной амулет,booster,rare,2026-01-20 18:36:00,4.52,,paid
5830,8147,Тенистый рог,cosmetic,epic,2026-01-22 13:27:00,11.87,null,paid
5831,8147,Ржавый амулет,currency,common,21.01.2026 13:22:00,"51,66",-,paid
5832,8147,Ржавый плащ,currency,legendary,2026-01-20 18:57:00,60.75,н/д,paid
5833,8147,Багровый фонарь,booster,common,2026-01-21 16:06:00,9.82,-,paid
5834,8147,Ледяной плащ,battlepass,epic,07.07.2026 00:00:00,"13,21",WELCOME15,paid
5835,8147,Золочёный посох,booster,rare,2026-01-20 08:00:00,1.27,AUTUMN25,paid
5836,8147,Ледяной маска,cosmetic,common,2026-01-20 02:05:00,7.82,,paid
5837,8160,Тенистый фонарь,battlepass,rare,2026-04-02 11:26:00,16.60,WELCOME15,paid
5838,8160,Пепельный печать,battlepass,COMMON,02.04.2026 00:45:00,10.54 USD,,paid
5839,8160,Костяной клинок,cosmetic,common,2026-04-03 12:43:00,17.78,null,paid
5840,8160,Лунный венец,currency,epic,2026-04-02 13:19:00,31.36,NaN,paid
5841,8160,Ржавый плащ,currency,legendary,2026-04-03 13:25:00,60.75,,paid
5842,8160,Ледяной плащ,battlepass,epic,2026-04-02 00:54:00,15.54,null,paid
5843,8160,Ржавый печать,cosmetic,epic,2026-04-02 04:08:00,13.19,RETURN20,paid
5844,8160,Костяной венец,currency,common,2026-04-03 17:07:00,80.89,WELCOME15,paid
5845,8160,Ржавый печать,cosmetic,epic,2026-04-03 00:20:00,16.49,NaN,paid
5846,8160,Костяной маска,currency,legendary,04.04.2026 08:04:00,23.03,н/д,paid
5847,8160,Лунный посох,battlepass,legendary,2026-04-02 11:09:00,12.81,NaN,paid
5848,8160,Ржавый амулет,currency,COMMON,2026-04-03 09:55:00,,,paid
5849,8160,Багровый плащ,currency,epic,02.04.2026 13:44:00,75.44 USD,,paid
5850,8160,Костяной печать,battlepass,common,04.04.2026 07:51:00,12.41,,paid
5851,8160,Костяной венец,currency,COMMON,2026-04-04 03:08:00,95.16,-,paid
5852,8160,Медный перчатки,currency,rare,2026-04-03 16:44:00,60.54,,paid
5853,8160,Ледяной плащ,battlepass,epic,2026-04-03 09:46:00,15.54,,paid
5854,8160,Терновый сундук,booster,epic,2026-04-04 10:42:00,5.20,,paid
5855,8160,Пепельный плащ,currency,common,2026-04-02 13:54:00,"49,27",SPRING10,paid
5856,8160,Костяной печать,battlepass,COMMON,2026-04-02 22:39:00,12.41,н/д,paid
5857,8160,Багровый плащ,currency,epic,2026-04-02 04:22:00,67.90,SPRING10,paid
5858,8160,Лунный венец,currency,epic,2026-04-04 01:52:00,31.36,NaN,paid
5859,8160,Изумрудный печать,cosmetic,common,2026-04-02 01:55:00,21.79,,paid
5860,8160,Терновый венец,cosmetic,rare,2026-04-02 09:58:00,5.89,н/д,paid
5861,8160,Костяной венец,currency,COMMON,2026-04-03 03:41:00,95.16,null,paid
5862,8160,Пепельный плащ,currency,common,2026-04-03 09:21:00,"38,32",WINTER30,paid
5863,8160,Багровый сундук,booster,legendary,2026-04-03 00:34:00,"2,46",NaN,paid
5864,8160,Костяной венец,currency,common,2026-04-02 15:45:00,95.16,-,paid
5865,8160,Лунный сундук,currency,common,2026-04-02 01:17:00,73.48,н/д,paid
5866,8160,Костяной посох,currency,common,2026-04-03 04:26:00,31.49,null,paid
5867,8160,Тенистый посох,bundle,common,2026-04-02 00:36:00,13.75,RETURN20,paid
5868,8160,Золочёный перчатки,cosmetic,RARE,02.04.2026 04:56:00,18.76 USD,,paid
5869,8160,Лунный плащ,cosmetic,COMMON,2026-04-02 17:50:00,21.65,null,paid
5870,8160,Ржавый печать,cosmetic,epic,2026-04-03 03:50:00,16.49,,paid
5871,8160,Ледяной рог,battlepass,common,2026-04-02 01:06:00,12.01,SPRING10,paid
5872,8160,Костяной венец,currency,common,2026-04-02 21:20:00,95.16,,paid
5873,8160,Золочёный посох,booster,rare,2026-04-02 06:12:00,1.69,,paid
5874,8160,Тенистый плащ,bundle,epic,03.04.2026 07:04:00,27.96,,paid
5875,8160,Терновый печать,booster,rare,2026-04-02 11:26:00,7.48,,paid
5876,8160,Костяной венец,currency,common,2026-04-02 01:48:00,"95,16",NaN,paid
5877,8160,Пепельный посох,booster,rare,02.04.2026 09:01:00,7.88,RETURN20,paid
5878,8160,Ржавый печать,cosmetic,epic,2026-04-03 16:48:00,16.49,NaN,paid
5879,8160,Ледяной плащ,battlepass,epic,03.04.2026 17:10:00,15.54 USD,-,paid
5880,8160,Ржавый амулет,currency,COMMON,2026-04-04 15:23:00,41.33 USD,RETURN20,paid
5881,8160,Ржавый амулет,currency,COMMON,2026-04-03 07:27:00,51.66,,paid
5882,8160,Медный посох,booster,COMMON,2026-04-04 10:53:00,8.61,,paid
5883,8160,Костяной венец,currency,common,2026-04-02 10:26:00,80.89,WELCOME15,paid
5884,8160,Ржавый печать,cosmetic,EPIC,2026-04-02 21:52:00,16.49 USD,-,refunded
5885,8160,Лунный посох,battlepass,legendary,2026-04-02 03:28:00,null,,paid
5886,8160,Костяной венец,currency,common,2026-04-04 04:16:00,95.16 USD,,paid
5887,8160,Золочёный рог,currency,common,2026-04-02 14:10:00,74.57 USD,н/д,paid
5888,8160,Золочёный маска,currency,rare,2026-04-02 05:54:00,24.94,AUTUMN25,paid
5889,8160,Костяной посох,currency,common,2026-04-02 20:57:00,31.49,-,paid
5890,8160,Терновый печать,booster,RARE,2026-04-04 07:26:00,7.48,-,paid
5891,8160,Тенистый рог,cosmetic,epic,02.04.2026 12:28:00,11.87,,paid
5892,8160,Пепельный печать,battlepass,common,2026-04-02 06:26:00,10.54,н/д,paid
5893,8160,Багровый плащ,currency,epic,2026-04-04 03:07:00,75.44,н/д,paid
5894,8160,Изумрудный маска,booster,legendary,2026-04-02 04:00:00,"8,24",,refunded
5895,8160,Багровый плащ,currency,epic,2026-04-03 17:28:00,75.44,NaN,paid
5896,8160,Медный амулет,cosmetic,common,2026-04-04 19:36:00,8.10,,paid
5897,8160,Ледяной рог,battlepass,common,2026-04-02 01:45:00,12.01,SPRING10,paid
5898,8160,Ледяной плащ,battlepass,epic,2026-04-03 13:11:00,"15,54",,paid
5899,8160,Ржавый амулет,currency,common,03.04.2026 22:58:00,36.16,WINTER30,paid
5900,8160,Золочёный посох,booster,rare,2026-04-02 00:10:00,"1,52",SPRING10,paid
5901,8160,Костяной венец,currency,common,2026-04-02 02:50:00,95.16,-,paid
5902,8160,Костяной клинок,cosmetic,common,2026-04-02 23:57:00,17.78,NaN,paid
5903,8160,Багровый плащ,currency,epic,2026-04-03 08:46:00,75.44,NaN,paid
5904,8160,Лунный сундук,currency,common,2026-04-04 00:25:00,62.46,WELCOME15,paid
5905,8160,Костяной печать,battlepass,COMMON,2026-04-02 12:15:00,12.41,,paid
5906,8160,Костяной венец,currency,common,2026-04-04 03:43:00,95.16,н/д,paid
5907,8160,Медный печать,bundle,RARE,04.04.2026 13:21:00,33.96,,paid
5908,8160,Ледяной плащ,battlepass,epic,2026-04-04 21:53:00,15.54,null,paid
5909,8160,Тенистый плащ,bundle,epic,02.04.2026 08:56:00,27.96,null,refunded
5910,8160,Багровый сундук,booster,legendary,2026-04-04 07:26:00,2.46,null,paid
5911,8160,Костяной маска,currency,legendary,03.04.2026 04:42:00,23.03,,paid
5912,8160,Пепельный плащ,currency,common,2026-04-02 07:19:00,54.75,null,paid
5913,8160,Пепельный компас,booster,epic,2026-04-02 08:42:00,6.67,-,paid
5914,8160,Ржавый печать,cosmetic,epic,03.04.2026 04:29:00,16.49,,paid
5915,8160,Ржавый амулет,currency,common,2026-04-02 04:35:00,51.66,-,paid
5916,8160,Костяной рог,currency,rare,03.04.2026 16:42:00,28.86,-,paid
5917,8160,Ржавый печать,cosmetic,epic,2026-04-02 16:34:00,16.49,NaN,paid
5918,8160,Тенистый рог,cosmetic,epic,2026-04-04 02:50:00,11.87,н/д,paid
5919,8160,Изумрудный плащ,currency,common,2026-04-02 15:00:00,41.79 USD,,paid
5920,8160,Костяной венец,currency,common,2026-04-02 12:47:00,95.16,null,paid
5921,8160,Ледяной перчатки,battlepass,epic,2026-04-02 23:48:00,10.34 USD,SPRING10,paid
5922,8160,Древний венец,cosmetic,common,2026-04-02 05:09:00,7.99,-,refunded
5923,8160,Тенистый фонарь,battlepass,rare,2026-04-03 02:08:00,19.53,null,paid
5924,8160,Лунный венец,currency,epic,2026-04-02 23:00:00,31.36,,paid
5925,8163,Пепельный плащ,currency,common,15.06.2026 20:17:00,43.80,RETURN20,paid
5926,8163,Багровый плащ,currency,epic,25.05.2026 21:25:00,75.44 USD,,paid
5927,8163,Костяной венец,currency,common,2026-06-23 11:55:00,76.13,RETURN20,paid
5928,8163,Медный перчатки,currency,RARE,2026-05-19 16:51:00,60.54,,refunded
5929,8163,Изумрудный сундук,booster,common,14.06.2026 08:06:00,4.75,AUTUMN25,paid
5930,8163,Изумрудный печать,cosmetic,common,23.05.2026 08:45:00,21.79,,paid
5931,8179,Изумрудный печать,cosmetic,common,2026-02-16 07:19:00,21.79 USD,NaN,paid
5932,8181,Изумрудный перчатки,booster,epic,15.09.2025 02:14:00,6.84,NaN,paid
5933,8181,Костяной венец,currency,common,2025-09-15 10:53:00,80.89,WELCOME15,paid
5934,8181,Костяной венец,currency,common,15.09.2025 15:15:00,95.16,,paid
5935,8181,Медный амулет,cosmetic,common,2025-09-15 12:06:00,"8,10",null,paid
5936,8181,Изумрудный маска,booster,legendary,2025-09-15 02:59:00,8.24,NaN,paid
5937,8181,Терновый сундук,booster,epic,2025-09-15 01:59:00,3.64,WINTER30,paid
5938,8181,Изумрудный сундук,booster,common,2025-09-15 21:43:00,6.33,NaN,paid
5939,8183,Ледяной перчатки,battlepass,epic,30.05.2026 06:04:00,8.62,AUTUMN25,paid
5940,8187,Тенистый рог,cosmetic,epic,21.11.2025 07:58:00,11.87,,paid
5941,8195,Терновый рог,bundle,epic,04.06.2026 16:44:00,17.39,,paid
5942,8195,Лунный сундук,currency,common,2026-03-24 20:42:00,73.48,NaN,paid
5943,8195,Ледяной перчатки,battlepass,epic,2026-01-11 03:03:00,9.19,RETURN20,paid
5944,8220,Костяной венец,currency,common,06.12.2025 17:09:00,95.16,,paid
5945,8220,Костяной посох,currency,common,2026-01-20 00:32:00,31.49,,paid
5946,8222,Терновый сундук,booster,EPIC,15.10.2025 15:06:00,5.20,NaN,paid
5947,8230,Багровый фонарь,booster,COMMON,2026-04-13 18:22:00,9.82,,paid
5948,8235,Костяной перчатки,battlepass,RARE,2026-05-03 03:35:00,16.91,,paid
5949,8241,Пепельный посох,booster,rare,2026-04-12 17:38:00,9.85,NaN,paid
5950,8241,Золочёный сундук,booster,epic,2026-04-10 13:44:00,9.83,,paid
5951,8241,Ледяной плащ,battlepass,epic,2026-04-10 21:03:00,15.54,null,paid
5952,8241,Золочёный посох,booster,rare,2026-04-11 04:51:00,1.69 USD,,paid
5953,8241,Пепельный печать,battlepass,COMMON,11.04.2026 13:23:00,10.54,-,paid
5954,8241,Древний сундук,bundle,common,2026-04-12 07:28:00,53.74,null,paid
5955,8241,Ледяной плащ,battlepass,epic,2026-04-10 03:58:00,15.54,н/д,paid
5956,8241,Костяной венец,currency,common,10.04.2026 13:18:00,95.16 USD,NaN,paid
5957,8241,Медный перчатки,currency,RARE,2026-04-11 04:53:00,60.54,н/д,paid
5958,8241,Ледяной плащ,battlepass,epic,10.04.2026 05:04:00,15.54,,paid
5959,8241,Тенистый посох,bundle,COMMON,2026-04-10 01:21:00,17.19,NaN,paid
5960,8241,Костяной венец,currency,common,10.04.2026 19:05:00,95.16,,paid
5961,8241,Терновый рог,bundle,epic,2026-04-12 06:38:00,13.91,RETURN20,paid
5962,8241,Изумрудный сундук,booster,common,2026-04-12 21:00:00,4.43 USD,WINTER30,paid
5963,8241,Изумрудный сундук,booster,common,2026-04-11 16:11:00,6.33,-,paid
5964,8241,Медный маска,battlepass,COMMON,2026-04-10 08:35:00,11.25,NaN,paid
5965,8241,Лунный венец,currency,EPIC,11.04.2026 10:57:00,31.36,-,paid
5966,8241,Костяной венец,currency,common,11.04.2026 16:21:00,71.37,AUTUMN25,paid
5967,8241,Золочёный перчатки,cosmetic,rare,10.04.2026 16:28:00,18.76,null,paid
5968,8241,Тенистый клинок,bundle,legendary,2026-04-10 05:04:00,70.79,NaN,refunded
5969,8241,Медный маска,battlepass,common,2026-04-12 10:30:00,11.25,-,paid
5970,8241,Лунный венец,currency,epic,10.04.2026 20:52:00,31.36,NaN,paid
5971,8241,Пепельный посох,booster,rare,2026-04-10 11:05:00,8.37,WELCOME15,paid
5972,8241,Тенистый посох,bundle,common,2026-04-10 06:57:00,17.19,,paid
5973,8241,Костяной венец,currency,COMMON,2026-04-10 14:36:00,76.13,RETURN20,paid
5974,8241,Ледяной плащ,battlepass,EPIC,2026-04-12 01:16:00,15.54,NaN,paid
5975,8241,Костяной венец,currency,common,2026-04-11 08:36:00,95.16,,paid
5976,8241,Терновый рог,bundle,epic,12.04.2026 12:19:00,"17,39",,paid
5977,8254,Лунный венец,currency,epic,2025-10-31 11:43:00,31.36,,paid
5978,8260,Терновый венец,cosmetic,rare,2026-05-08 20:16:00,5.89,null,refunded
5979,8260,Терновый венец,cosmetic,rare,2026-04-27 08:57:00,5.30,SPRING10,paid
5980,8260,Золочёный компас,bundle,rare,2025-12-06 08:45:00,57.62,,paid
5981,8279,Пепельный посох,booster,rare,2026-04-29 00:13:00,9.85,NaN,paid
5982,8287,Ледяной перчатки,battlepass,EPIC,29.05.2026 21:09:00,11.49,н/д,paid
5983,8292,Ледяной плащ,battlepass,epic,2026-02-07 07:05:00,13.21,WELCOME15,paid
5984,8292,Лунный венец,currency,EPIC,2026-02-07 14:04:00,31.36,,paid
5985,8292,Ржавый амулет,currency,common,2026-02-05 02:41:00,51.66,,paid
5986,8292,Лунный плащ,cosmetic,common,2026-02-07 05:04:00,"21,65",null,paid
5987,8292,Тенистый фонарь,battlepass,rare,05.02.2026 23:15:00,19.53,null,paid
5988,8292,Костяной венец,currency,common,2026-02-06 18:23:00,80.89,WELCOME15,paid
5989,8299,Лунный сундук,currency,common,22.06.2026 02:12:00,73.48 USD,NaN,paid
5990,8299,Терновый венец,cosmetic,rare,26.05.2026 03:00:00,5.89,null,paid
5991,8299,Золочёный перчатки,cosmetic,rare,2026-06-09 23:37:00,14.07 USD,AUTUMN25,paid
5992,8299,Лунный венец,currency,epic,13.06.2026 16:37:00,31.36,NaN,paid
5993,8299,Ржавый амулет,currency,common,2026-05-28 05:59:00,51.66,н/д,paid
5994,8299,Лунный венец,currency,epic,2026-06-03 17:02:00,31.36,н/д,paid
5995,8299,Терновый сундук,booster,epic,2026-05-23 05:19:00,5.20,н/д,paid
5996,8299,Пепельный рог,booster,epic,2026-05-23 04:54:00,"7,12",-,paid
5997,8299,Костяной перчатки,battlepass,rare,31.05.2026 11:30:00,16.91 USD,NaN,paid
5998,8299,Ледяной рог,battlepass,COMMON,2026-05-23 20:43:00,13.34 USD,,paid
5999,8299,Древний венец,cosmetic,COMMON,2026-05-24 12:40:00,7.99 USD,,paid
6000,8299,Пепельный плащ,currency,COMMON,05.06.2026 08:52:00,54.75,-,paid
6001,8299,Костяной клинок,cosmetic,COMMON,2026-06-05 13:15:00,17.78 USD,,paid
6002,8299,Пепельный рог,booster,epic,2026-06-11 08:20:00,5.70,RETURN20,paid
6003,8299,Золочёный посох,booster,rare,2026-05-31 19:26:00,"1,69",null,paid
6004,8299,Золочёный маска,currency,rare,13.06.2026 10:41:00,33.25 USD,,paid
6005,8299,Костяной печать,battlepass,common,19.06.2026 09:49:00,12.41,null,paid
6006,8299,Ржавый амулет,currency,common,2026-06-26 06:28:00,51.66,-,paid
6007,8299,Лунный посох,battlepass,legendary,23.05.2026 01:02:00,12.81,,paid
6008,8299,Костяной венец,currency,COMMON,2026-06-14 11:53:00,85.64,SPRING10,paid
6009,8299,Тенистый фонарь,battlepass,rare,2026-06-13 14:58:00,"19,53",н/д,paid
6010,8299,Ледяной рог,battlepass,common,2026-05-23 10:22:00,11.34,WELCOME15,paid
6011,8299,Золочёный перчатки,cosmetic,rare,2026-06-19 21:02:00,14.07,AUTUMN25,paid
6012,8299,Ледяной плащ,battlepass,epic,2026-05-26 09:49:00,11.65,AUTUMN25,paid
6013,8307,Костяной печать,battlepass,common,2026-04-09 16:56:00,12.41,н/д,paid
6014,8307,Багровый плащ,currency,EPIC,2026-04-09 04:09:00,75.44 USD,,paid
6015,8307,Ржавый амулет,currency,common,2026-04-08 14:55:00,51.66,,paid
6016,8307,Пепельный компас,booster,epic,2026-04-09 10:14:00,6.67,н/д,paid
6017,8307,Ржавый амулет,currency,common,2026-04-08 05:32:00,"43,91",WELCOME15,paid
6018,8307,Древний посох,cosmetic,EPIC,2026-04-08 08:29:00,4.91 USD,null,paid
6019,8307,Ледяной перчатки,battlepass,epic,2026-04-09 13:16:00,11.49,-,paid
6020,8307,Пепельный компас,booster,epic,2026-04-09 19:26:00,6.67,null,paid
6021,8307,Терновый рог,bundle,epic,2026-04-08 21:06:00,17.39,,paid
6022,8307,Костяной венец,currency,COMMON,2026-04-08 12:03:00,95.16,,paid
6023,8307,Золочёный посох,booster,rare,2026-04-09 19:35:00,1.27 USD,AUTUMN25,paid
6024,8307,Костяной венец,currency,common,2026-04-08 07:52:00,95.16,-,paid
6025,8307,Ледяной плащ,battlepass,epic,2026-04-08 10:05:00,15.54,NaN,paid
6026,8307,Медный амулет,cosmetic,common,2026-04-09 21:24:00,8.10,,paid
6027,8307,Изумрудный маска,booster,legendary,2026-04-08 17:37:00,6.18,AUTUMN25,paid
6028,8307,Изумрудный сундук,booster,COMMON,2026-04-08 00:51:00,5.38 USD,WELCOME15,paid
6029,8307,Тенистый рог,cosmetic,epic,2026-04-09 17:48:00,11.87 USD,-,paid
6030,8307,Ледяной плащ,battlepass,EPIC,2026-04-08 13:01:00,15.54 USD,н/д,paid
6031,8307,Ржавый печать,cosmetic,EPIC,2026-04-08 01:16:00,16.49,,paid
6032,8307,Ледяной плащ,battlepass,epic,2026-04-08 02:50:00,15.54,,paid
6033,8307,Костяной печать,battlepass,common,2026-04-08 18:28:00,12.41,null,paid
6034,8307,Терновый рог,bundle,epic,2026-04-08 14:02:00,14.78,WELCOME15,paid
6035,8307,Ледяной плащ,battlepass,epic,2026-04-09 03:34:00,13.99,SPRING10,paid
6036,8307,Ледяной перчатки,battlepass,epic,2026-04-09 17:35:00,11.49,н/д,paid
6037,8307,Ржавый печать,cosmetic,epic,2026-04-08 03:06:00,16.49,,paid
6038,8307,Терновый рог,bundle,epic,2026-04-08 20:54:00,17.39,null,paid
6039,8307,Тенистый плащ,bundle,EPIC,2026-04-08 08:14:00,27.96,,paid
6040,8307,Древний венец,cosmetic,common,2026-04-08 19:53:00,7.99,н/д,paid
6041,8307,Медный печать,bundle,rare,2026-04-08 12:56:00,33.96,NaN,paid
6042,8307,Медный амулет,cosmetic,COMMON,2026-04-09 21:22:00,8.10,,paid
6043,8307,Ржавый печать,cosmetic,epic,2026-04-09 00:43:00,12.37,AUTUMN25,paid
6044,8307,Золочёный компас,bundle,rare,08.04.2026 21:59:00,43.21,AUTUMN25,paid
6045,8307,Багровый печать,currency,legendary,2026-04-08 16:37:00,51.22,NaN,paid
6046,8307,Медный амулет,cosmetic,common,2026-04-08 12:22:00,8.10,null,paid
6047,8307,Ледяной рог,battlepass,common,2026-04-08 17:45:00,13.34,,paid
6048,8307,Медный амулет,cosmetic,COMMON,2026-04-08 05:00:00,8.10,-,paid
6049,8307,Ледяной перчатки,battlepass,EPIC,2026-04-08 09:01:00,11.49,null,paid
6050,8307,Костяной печать,battlepass,common,2026-04-08 16:50:00,12.41,null,paid
6051,8307,Ледяной рог,battlepass,COMMON,2026-04-08 20:30:00,11.34,WELCOME15,paid
6052,8307,Костяной венец,currency,common,08.04.2026 12:02:00,95.16 USD,-,paid
6053,8307,Лунный плащ,cosmetic,common,09.04.2026 05:56:00,21.65,,paid
6054,8307,Ледяной перчатки,battlepass,epic,2026-04-09 03:02:00,11.49,н/д,refunded
6055,8307,Костяной маска,currency,legendary,2026-04-09 18:54:00,"23,03",,paid
6056,8307,Золочёный маска,currency,rare,2026-04-08 17:23:00,23.27,WINTER30,paid
6057,8307,Медный посох,booster,common,2026-04-08 21:06:00,8.61 USD,,paid
6058,8307,Тенистый рог,cosmetic,epic,09.04.2026 00:21:00,8.90,AUTUMN25,paid
6059,8307,Терновый печать,booster,rare,2026-06-21 00:00:00,6.73,SPRING10,paid
6060,8307,Ледяной перчатки,battlepass,epic,2026-04-08 09:39:00,11.49,,paid
6061,8307,Пепельный рог,booster,EPIC,2026-04-09 18:00:00,7.12,н/д,paid
6062,8307,Древний венец,cosmetic,common,2026-04-08 07:17:00,7.99,,paid
6063,8307,Ледяной рог,battlepass,common,2026-04-08 03:06:00,13.34 USD,,paid
6064,8307,Ледяной плащ,battlepass,epic,2026-04-09 14:55:00,15.54,,paid
6065,8307,Терновый венец,cosmetic,rare,2026-04-09 11:34:00,5.89,NaN,paid
6066,8307,Медный печать,bundle,rare,2026-04-08 11:05:00,"23,77",WINTER30,paid
6067,8307,Ржавый амулет,currency,common,08.04.2026 21:26:00,51.66,NaN,paid
6068,8307,Тенистый рог,cosmetic,epic,2026-04-08 16:38:00,11.87,null,paid
6069,8307,Лунный венец,currency,EPIC,2026-04-08 15:51:00,31.36,-,paid
6070,8307,Изумрудный посох,booster,common,03.08.2026 00:00:00,5.72,WELCOME15,paid
6071,8307,Ледяной плащ,battlepass,epic,2026-04-08 03:53:00,15.54,н/д,paid
6072,8322,Терновый сундук,booster,epic,2026-03-09 11:04:00,5.20,,paid
6073,8335,Костяной венец,currency,COMMON,2025-10-12 12:25:00,95.16,NaN,paid
6074,8335,Золочёный маска,currency,rare,2025-10-12 01:36:00,33.25,NaN,paid
6075,8335,Ржавый печать,cosmetic,epic,2025-10-14 07:36:00,16.49,,paid
6076,8335,Лунный посох,battlepass,legendary,2025-10-13 18:11:00,12.81,NaN,paid
6077,8342,Костяной рог,currency,rare,2026-06-20 17:52:00,28.86,NaN,paid
6078,8342,Тенистый рог,cosmetic,EPIC,2026-05-07 11:35:00,11.87,,paid
6079,8342,Лунный посох,battlepass,legendary,2026-05-19 08:44:00,12.81,,paid
6080,8342,Изумрудный маска,booster,legendary,2026-04-20 23:34:00,8.24,NaN,paid
6081,8342,Ледяной перчатки,battlepass,EPIC,2026-05-12 17:27:00,11.49,-,paid
6082,8342,Ледяной рог,battlepass,common,2026-04-11 02:14:00,13.34,,paid
6083,8342,Тенистый рог,cosmetic,epic,11.04.2026 16:12:00,9.50,RETURN20,paid
6084,8342,Пепельный плащ,currency,common,2026-04-11 02:02:00,54.75,-,paid
6085,8342,Золочёный сундук,booster,epic,2026-04-21 17:07:00,9.83,,paid
6086,8360,Ледяной плащ,battlepass,epic,2025-10-19 18:00:00,15.54,,paid
6087,8365,Костяной посох,currency,COMMON,2026-04-04 01:07:00,31.49,NaN,paid
6088,8365,Терновый венец,cosmetic,RARE,2026-06-30 19:51:00,5.30,SPRING10,refunded
6089,8376,Костяной венец,currency,common,27.12.2025 03:31:00,"95,16",н/д,paid
6090,8376,Древний сундук,bundle,common,2025-11-19 20:02:00,53.74,,paid
6091,8376,Ледяной рог,battlepass,common,2025-12-07 13:46:00,9.34 USD,WINTER30,paid
6092,8376,Тенистый фонарь,battlepass,rare,2025-12-21 05:00:00,19.53,-,paid
6093,8376,Пепельный печать,battlepass,COMMON,2025-11-19 16:23:00,NaN,,paid
6094,8376,Терновый рог,bundle,epic,2025-11-21 15:21:00,15.65,SPRING10,paid
6095,8376,Костяной венец,currency,common,2025-12-15 09:19:00,95.16,,paid
6096,8381,Лунный венец,currency,EPIC,2026-03-02 02:19:00,31.36,NaN,paid
6097,8394,Ржавый амулет,currency,COMMON,2026-03-22 05:48:00,51.66 USD,,paid
6098,8394,Терновый сундук,booster,epic,2026-03-21 03:34:00,4.68 USD,SPRING10,paid
6099,8401,Багровый сундук,booster,legendary,2026-05-29 12:36:00,2.21,SPRING10,paid
6100,8401,Древний сундук,bundle,common,2026-05-29 20:06:00,53.74,,paid
6101,8401,Терновый сундук,booster,EPIC,2026-05-29 09:49:00,5.20,NaN,paid
6102,8401,Багровый сундук,booster,legendary,2026-05-29 03:16:00,2.46,null,paid
6103,8401,Ледяной плащ,battlepass,epic,2026-05-29 21:59:00,12.43,RETURN20,paid
6104,8401,Тенистый венец,currency,common,2026-05-29 02:18:00,56.47 USD,,paid
6105,8401,Медный маска,battlepass,common,2026-05-29 16:19:00,11.25,null,paid
6106,8411,Ледяной рог,battlepass,common,2025-10-26 01:55:00,11.34,WELCOME15,paid
6107,8418,Ледяной плащ,battlepass,epic,2025-09-30 06:18:00,10.88,WINTER30,paid
6108,8418,Ржавый фонарь,battlepass,rare,2025-09-28 20:12:00,"10,83",,paid
6109,8424,Пепельный плащ,currency,common,08.06.2026 08:53:00,38.32,WINTER30,paid
6110,8433,Ржавый печать,cosmetic,epic,2025-11-04 23:58:00,13.19,RETURN20,paid
6111,8433,Тенистый фонарь,battlepass,rare,2025-11-04 17:04:00,15.62,RETURN20,paid
6112,8433,Терновый рог,bundle,epic,05.11.2025 05:02:00,"17,39",,refunded
6113,8451,Костяной венец,currency,common,2026-05-29 20:50:00,80.89,WELCOME15,paid
6114,8463,Ледяной плащ,battlepass,epic,2025-11-23 12:59:00,15.54,null,paid
6115,8463,Костяной венец,currency,common,2025-11-23 08:14:00,66.61,WINTER30,paid
6116,8463,Багровый сундук,booster,legendary,2025-11-23 16:47:00,2.46,н/д,paid
6117,8463,Костяной посох,currency,COMMON,23.11.2025 22:29:00,31.49,NaN,paid
6118,8463,Костяной венец,currency,COMMON,2025-11-21 19:36:00,80.89,WELCOME15,paid
6119,8463,Изумрудный посох,booster,common,21.11.2025 10:27:00,6.73,н/д,paid
6120,8471,Костяной посох,currency,common,2026-04-20 05:04:00,23.62,AUTUMN25,paid
6121,8471,Тенистый фонарь,battlepass,rare,2025-10-22 09:39:00,19.53,,paid
6122,8471,Ледяной перчатки,battlepass,epic,29.10.2025 23:59:00,8.04,WINTER30,paid
6123,8471,Терновый рог,bundle,epic,2026-02-16 00:55:00,17.39,н/д,paid
6124,8471,Древний венец,cosmetic,COMMON,19.01.2026 19:03:00,7.99,null,paid
6125,8479,Тенистый посох,bundle,common,2026-05-16 16:02:00,17.19,null,paid
6126,8486,Тенистый клинок,bundle,legendary,2026-01-14 11:05:00,70.79 USD,,paid
6127,8486,Пепельный печать,battlepass,common,05.02.2026 09:23:00,10.54,,paid
6128,8486,Медный перчатки,currency,rare,2026-01-13 15:23:00,60.54,NaN,paid
6129,8486,Терновый сундук,booster,EPIC,2026-03-20 03:37:00,null,,paid
6130,8486,Терновый венец,cosmetic,rare,2026-01-24 10:26:00,5.01,WELCOME15,paid
6131,8486,Ледяной рог,battlepass,common,02.02.2026 09:45:00,13.34,null,paid
6132,8486,Костяной венец,currency,common,01.02.2026 00:38:00,95.16,NaN,paid
6133,8486,Костяной венец,currency,common,2026-01-12 18:09:00,85.64,SPRING10,paid
6134,8486,Пепельный печать,battlepass,common,2026-02-14 23:16:00,10.54,null,paid
6135,8488,Ледяной рог,battlepass,common,2026-02-19 15:32:00,13.34,н/д,paid
6136,8488,Ледяной рог,battlepass,COMMON,2026-02-20 09:26:00,13.34,,paid
6137,8488,Терновый сундук,booster,epic,2026-02-09 07:47:00,5.20,,paid
6138,8488,Ржавый амулет,currency,COMMON,2026-04-16 16:09:00,51.66,,paid
6139,8488,Ледяной плащ,battlepass,epic,2026-02-25 02:09:00,15.54,,paid
6140,8488,Багровый сундук,booster,legendary,2026-03-03 04:44:00,2.46,,paid
6141,8488,Костяной печать,battlepass,COMMON,2026-02-15 03:46:00,8.69,WINTER30,paid
6142,8488,Древний венец,cosmetic,common,2026-02-04 17:55:00,6.79,WELCOME15,paid
6143,8488,Пепельный печать,battlepass,COMMON,26.01.2026 01:22:00,10.54,,paid
6144,8488,Лунный посох,battlepass,legendary,10.03.2026 20:16:00,12.81,-,paid
6145,8488,Медный амулет,cosmetic,COMMON,2026-04-03 09:51:00,8.10,NaN,paid
6146,8488,Ледяной перчатки,battlepass,EPIC,08.05.2026 11:37:00,11.49,,paid
6147,8488,Изумрудный печать,cosmetic,common,2026-03-12 19:24:00,18.52,WELCOME15,paid
6148,8488,Багровый печать,currency,legendary,2026-04-08 22:57:00,51.22,н/д,paid
6149,8488,Изумрудный плащ,currency,common,24.01.2026 05:02:00,41.79,,paid
6150,8488,Багровый сундук,booster,legendary,2026-05-07 05:11:00,2.46,,paid
6151,8488,Багровый сундук,booster,legendary,2026-02-13 03:52:00,2.46,,paid
6152,8488,Ледяной плащ,battlepass,epic,2026-01-24 19:24:00,15.54,,paid
6153,8488,Тенистый фонарь,battlepass,rare,2026-01-29 23:00:00,19.53,NaN,paid
6154,8488,Пепельный печать,battlepass,common,27.01.2026 16:03:00,7.38,WINTER30,paid
6155,8488,Багровый плащ,currency,epic,2026-03-07 17:20:00,75.44,,paid
6156,8497,Медный печать,bundle,RARE,2025-12-18 03:06:00,30.56,SPRING10,paid
6157,8497,Медный маска,battlepass,common,07.12.2025 16:08:00,11.25,н/д,paid
6158,8511,Костяной венец,currency,common,2025-10-25 13:55:00,95.16,н/д,paid
6159,8511,Багровый плащ,currency,EPIC,2025-10-14 08:52:00,67.90,SPRING10,paid
6160,8547,Лунный венец,currency,epic,2025-10-09 17:12:00,28.22,SPRING10,paid
6161,8547,Медный маска,battlepass,common,2025-10-09 13:12:00,11.25,null,paid
6162,8547,Ледяной плащ,battlepass,epic,2025-10-09 06:21:00,15.54,null,paid
6163,8547,Лунный плащ,cosmetic,common,09.10.2025 11:36:00,21.65,,paid
6164,8547,Ржавый компас,bundle,common,09.10.2025 09:03:00,"53,98",,paid
6165,8564,Ледяной перчатки,battlepass,epic,10.11.2025 08:50:00,11.49,,paid
6166,8564,Изумрудный маска,booster,legendary,04.11.2025 05:19:00,8.24,,paid
6167,8564,Ржавый амулет,currency,common,2025-11-01 01:24:00,51.66,,paid
6168,8564,Тенистый фонарь,battlepass,RARE,2025-11-02 08:40:00,19.53,,paid
6169,8564,Ледяной плащ,battlepass,epic,2025-11-01 01:22:00,15.54,null,paid
6170,8564,Изумрудный перчатки,booster,EPIC,2025-11-10 16:06:00,"6,16",SPRING10,paid
6171,8572,Медный маска,battlepass,common,27.05.2026 13:28:00,11.25,н/д,paid
6172,8572,Ледяной плащ,battlepass,epic,2026-05-26 11:17:00,15.54,-,paid
6173,8572,Ржавый амулет,currency,common,2026-05-26 03:31:00,51.66,null,paid
6174,8572,Ржавый печать,cosmetic,epic,2026-05-26 10:56:00,16.49,,paid
6175,8572,Терновый печать,booster,RARE,2026-05-26 12:13:00,7.48,NaN,paid
6176,8572,Золочёный посох,booster,rare,26.05.2026 18:06:00,1.69 USD,NaN,paid
6177,8572,Терновый рог,bundle,epic,2026-05-27 11:16:00,"17,39",,paid
6178,8572,Золочёный посох,booster,RARE,27.05.2026 04:22:00,1.69,н/д,paid
6179,8572,Ледяной рог,battlepass,common,2026-05-26 20:20:00,13.34,н/д,paid
6180,8572,Лунный сундук,currency,COMMON,2026-05-26 17:56:00,73.48,,paid
6181,8572,Ледяной плащ,battlepass,epic,2026-05-26 12:32:00,15.54,,paid
6182,8572,Багровый плащ,currency,epic,2026-05-26 00:59:00,75.44 USD,,paid
6183,8572,Медный печать,bundle,rare,2026-05-26 19:38:00,33.96,,paid
6184,8572,Ледяной рог,battlepass,common,2026-05-26 16:55:00,12.01 USD,SPRING10,paid
6185,8572,Тенистый рог,cosmetic,EPIC,2026-05-26 04:04:00,8.31,WINTER30,paid
6186,8572,Костяной венец,currency,common,26.05.2026 04:20:00,95.16,н/д,paid
6187,8572,Золочёный компас,bundle,rare,2026-05-26 08:29:00,57.62,,paid
6188,8572,Ледяной рог,battlepass,common,2026-05-26 09:10:00,13.34 USD,н/д,paid
6189,8572,Изумрудный посох,booster,COMMON,2026-05-26 23:04:00,5.72 USD,WELCOME15,paid
6190,8572,Золочёный перчатки,cosmetic,rare,2026-05-27 21:37:00,18.76,,paid
6191,8572,Костяной венец,currency,common,26.05.2026 00:08:00,95.16,,refunded
6192,8572,Ржавый фонарь,battlepass,rare,2026-05-26 16:15:00,10.83,-,paid
6193,8572,Изумрудный сундук,booster,common,2026-05-26 03:41:00,6.33,null,paid
6194,8575,Лунный плащ,cosmetic,COMMON,10.02.2026 02:15:00,21.65 USD,н/д,paid
6195,8575,Пепельный компас,booster,EPIC,2026-02-15 02:34:00,6.67,null,paid
6196,8581,Ржавый амулет,currency,COMMON,2025-11-20 15:49:00,36.16,WINTER30,paid
6197,8581,Изумрудный сундук,booster,common,18.11.2025 17:02:00,5.38,WELCOME15,paid
6198,8586,Медный амулет,cosmetic,COMMON,30.06.2026 04:52:00,8.10,,paid
6199,8588,Медный печать,bundle,rare,2026-03-01 02:10:00,33.96,,paid
6200,8588,Пепельный компас,booster,epic,14.03.2026 12:50:00,6.67,,paid
6201,8614,Золочёный посох,booster,rare,2026-06-04 13:21:00,1.69,,paid
6202,8619,Тенистый плащ,bundle,epic,2025-09-08 10:47:00,27.96,,paid
6203,8624,Изумрудный печать,cosmetic,COMMON,16.05.2026 07:54:00,"17,43",RETURN20,paid
6204,8629,Ржавый амулет,currency,common,2026-01-06 10:54:00,41.33,RETURN20,paid
6205,8629,Древний венец,cosmetic,common,18.01.2026 10:29:00,7.99,,paid
6206,8636,Терновый венец,cosmetic,rare,2025-12-22 06:25:00,5.89,-,paid
6207,8685,Медный маска,battlepass,common,2025-10-25 15:04:00,11.25,NaN,paid
6208,8685,Медный маска,battlepass,common,2025-10-25 14:03:00,11.25,NaN,paid
6209,8685,Медный печать,bundle,rare,2025-10-25 23:26:00,33.96,н/д,paid
6210,8685,Костяной рог,currency,rare,2025-10-25 13:38:00,28.86 USD,н/д,paid
6211,8688,Ледяной рог,battlepass,COMMON,25.09.2025 09:20:00,11.34,WELCOME15,paid
6212,8688,Золочёный рог,currency,common,18.09.2025 11:10:00,63.38,WELCOME15,paid
6213,8705,Лунный венец,currency,epic,2025-11-30 08:58:00,31.36,,refunded
6214,8705,Костяной венец,currency,common,21.12.2025 11:32:00,95.16,,paid
6215,8705,Ледяной рог,battlepass,common,09.12.2025 04:16:00,13.34,,paid
6216,8705,Медный амулет,cosmetic,COMMON,2026-01-16 12:31:00,6.88,WELCOME15,paid
6217,8714,Тенистый посох,bundle,common,2026-01-18 02:13:00,13.75,RETURN20,paid
6218,8725,Пепельный плащ,currency,COMMON,2026-02-27 22:55:00,54.75,NaN,paid
6219,8725,Лунный плащ,cosmetic,common,2026-01-25 15:48:00,15.15,WINTER30,paid
6220,8741,Багровый фонарь,booster,common,2026-04-22 02:23:00,8.84,SPRING10,paid
6221,8741,Ледяной плащ,battlepass,epic,2026-06-22 05:43:00,15.54,,paid
6222,8741,Пепельный рог,booster,epic,2026-04-25 08:09:00,7.12,-,paid
6223,8741,Костяной венец,currency,common,2026-04-08 02:25:00,95.16,,paid
6224,8741,Ледяной рог,battlepass,common,2026-05-09 23:30:00,13.34,-,paid
6225,8741,Ледяной маска,cosmetic,COMMON,2026-04-01 14:01:00,7.82,null,paid
6226,8743,Тенистый рог,cosmetic,epic,2026-04-29 22:22:00,8.31 USD,WINTER30,paid
6227,8747,Ледяной перчатки,battlepass,epic,2026-01-02 16:58:00,11.49,,paid
6228,8771,Пепельный печать,battlepass,COMMON,25.04.2026 05:14:00,10.54,н/д,paid
6229,8776,Тенистый венец,currency,COMMON,2025-12-19 21:23:00,56.47,н/д,paid
6230,8776,Золочёный сундук,booster,epic,2025-10-08 01:44:00,9.83,,paid
6231,8782,Золочёный перчатки,cosmetic,rare,2026-06-09 00:23:00,18.76,н/д,paid
6232,8808,Ржавый амулет,currency,common,29.05.2026 16:37:00,51.66 USD,,paid
6233,8815,Ледяной рог,battlepass,common,2026-05-17 19:38:00,"13,34",,paid
6234,8815,Изумрудный посох,booster,common,23.05.2026 18:11:00,6.73,null,paid
6235,8826,Ржавый амулет,currency,common,2025-12-18 22:31:00,46.49,SPRING10,paid
6236,8826,Золочёный посох,booster,rare,2025-12-19 17:10:00,"1,69",NaN,paid
6237,8835,Тенистый клинок,bundle,legendary,2025-09-23 23:03:00,53.09,AUTUMN25,paid
6238,8839,Ледяной плащ,battlepass,epic,2026-02-28 03:57:00,15.54,-,paid
6239,8851,Золочёный рог,currency,COMMON,2025-11-07 20:48:00,74.57,,paid
6240,8879,Ледяной плащ,battlepass,EPIC,2026-01-15 13:56:00,15.54 USD,NaN,paid
6241,8886,Ледяной маска,cosmetic,common,2025-10-16 20:15:00,н/д,н/д,paid
6242,8889,Ржавый амулет,currency,COMMON,2026-04-21 19:13:00,51.66,н/д,paid
6243,8889,Медный перчатки,currency,rare,20.05.2026 06:12:00,"42,38",WINTER30,paid
6244,8889,Терновый сундук,booster,EPIC,2026-05-27 19:21:00,"5,20",-,paid
6245,8895,Изумрудный посох,booster,common,2026-02-02 09:42:00,6.73,н/д,paid
6246,8895,Ржавый фонарь,battlepass,RARE,2026-02-01 23:39:00,10.83,,paid
6247,8895,Багровый плащ,currency,epic,2025-12-04 03:34:00,75.44,NaN,paid
6248,8895,Ржавый амулет,currency,common,10.12.2025 14:16:00,"51,66",,paid
6249,8895,Медный перчатки,currency,rare,2026-02-01 05:13:00,60.54,NaN,paid
6250,8895,Багровый плащ,currency,epic,30.01.2026 06:44:00,75.44,н/д,paid
6251,8895,Костяной венец,currency,common,01.02.2026 09:55:00,95.16,NaN,paid
6252,8912,Костяной венец,currency,common,2026-05-19 01:06:00,95.16,-,paid
6253,8912,Ледяной перчатки,battlepass,epic,2026-05-15 03:54:00,11.49,null,paid
6254,8964,Пепельный печать,battlepass,COMMON,2026-01-06 03:05:00,7.38,WINTER30,paid
6255,8964,Тенистый рог,cosmetic,epic,2025-11-02 05:19:00,11.87,,paid
6256,8988,Костяной венец,currency,common,2025-11-10 15:59:00,95.16,,paid
6257,8990,Костяной печать,battlepass,common,26.06.2026 12:16:00,9.31,AUTUMN25,paid
6258,8997,Костяной венец,currency,common,26.06.2026 15:05:00,95.16,,paid
6259,9001,Терновый сундук,booster,epic,2025-11-04 00:38:00,5.20,-,paid
6260,9031,Ледяной перчатки,battlepass,epic,2026-04-14 15:22:00,11.49,,paid
6261,9031,Медный маска,battlepass,common,2026-04-14 14:02:00,11.25,null,paid
6262,9033,Пепельный плащ,currency,COMMON,2026-01-14 02:27:00,54.75,NaN,paid
6263,9037,Медный посох,booster,common,31.05.2026 03:53:00,6.89,RETURN20,paid
6264,9041,Ржавый печать,cosmetic,EPIC,08.04.2026 13:25:00,16.49,,paid
6265,9046,Багровый сундук,booster,legendary,2026-02-18 20:18:00,2.21,SPRING10,paid
6266,9046,Ледяной плащ,battlepass,EPIC,2026-02-18 05:36:00,15.54,,paid
6267,9046,Пепельный рог,booster,epic,2026-02-18 22:27:00,"7,12",-,paid
6268,9046,Золочёный компас,bundle,RARE,2026-02-18 04:12:00,57.62,,paid
6269,9046,Лунный венец,currency,epic,2026-02-18 23:28:00,31.36,,paid
6270,9054,Тенистый рог,cosmetic,epic,2026-04-12 03:18:00,11.87,,paid
6271,9059,Ледяной маска,cosmetic,COMMON,2025-09-05 03:17:00,"7,82",н/д,paid
6272,9085,Костяной перчатки,battlepass,rare,2026-04-03 06:41:00,14.37,WELCOME15,paid
6273,9085,Золочёный посох,booster,rare,03.04.2026 04:58:00,1.69,,paid
6274,9085,Золочёный посох,booster,rare,2026-04-03 17:52:00,1.69,,paid
6275,9085,Ледяной плащ,battlepass,epic,2026-04-03 21:33:00,15.54,,paid
6276,9085,Ледяной плащ,battlepass,epic,2026-04-03 10:20:00,"15,54",-,paid
6277,9101,Лунный посох,battlepass,LEGENDARY,2026-02-09 07:57:00,12.81,NaN,paid
6278,9104,Тенистый рог,cosmetic,EPIC,2026-03-16 11:21:00,8.90,AUTUMN25,paid
6279,9104,Ледяной плащ,battlepass,epic,2026-03-22 09:10:00,15.54,,paid
6280,9123,Ржавый фонарь,battlepass,rare,2026-01-15 07:03:00,"10,83",null,paid
6281,9123,Тенистый рог,cosmetic,epic,2026-02-08 13:11:00,9.50,RETURN20,paid
6282,9123,Изумрудный маска,booster,legendary,30.01.2026 10:46:00,8.24,,paid
6283,9148,Багровый сундук,booster,LEGENDARY,2026-06-11 14:11:00,2.46,,paid
6284,9161,Пепельный компас,booster,epic,2025-10-04 17:33:00,6.67,н/д,paid
6285,9161,Ледяной рог,battlepass,common,06.10.2025 08:39:00,11.34,WELCOME15,paid
6286,9161,Золочёный рог,currency,common,2025-10-04 11:28:00,74.57,н/д,paid
6287,9161,Ледяной рог,battlepass,COMMON,2025-10-04 23:00:00,,,paid
6288,9161,Медный печать,bundle,rare,2025-10-04 15:50:00,33.96,,refunded
6289,9161,Пепельный компас,booster,EPIC,2025-10-04 17:28:00,6.67,,paid
6290,9161,Медный перчатки,currency,rare,2025-10-04 01:41:00,60.54,,paid
6291,9161,Багровый сундук,booster,legendary,2025-10-04 01:30:00,2.46,,paid
6292,9161,Ледяной плащ,battlepass,epic,2025-10-05 05:52:00,15.54,н/д,paid
6293,9161,Изумрудный сундук,booster,common,2025-10-06 02:29:00,6.33,null,paid
6294,9185,Лунный сундук,currency,common,2026-03-08 00:57:00,73.48,-,paid
6295,9202,Костяной маска,currency,LEGENDARY,2026-05-19 20:39:00,20.73,SPRING10,paid
6296,9203,Медный маска,battlepass,common,2025-09-10 07:42:00,11.25,,paid
6297,9203,Ледяной рог,battlepass,common,12.09.2025 18:18:00,13.34,NaN,paid
6298,9203,Медный посох,booster,common,2025-09-10 16:06:00,8.61,,paid
6299,9203,Древний посох,cosmetic,epic,2025-09-17 09:35:00,4.91,NaN,paid
6300,9203,Пепельный посох,booster,rare,2025-09-09 00:05:00,6.89,WINTER30,paid
6301,9203,Костяной печать,battlepass,common,14.09.2025 02:29:00,12.41,,paid
6302,9203,Костяной венец,currency,common,2025-09-25 09:19:00,76.13,RETURN20,paid
6303,9203,Ржавый печать,cosmetic,EPIC,12.09.2025 00:13:00,16.49,,paid
6304,9203,Костяной рог,currency,RARE,2025-09-25 10:44:00,28.86,,paid
6305,9203,Тенистый фонарь,battlepass,rare,2025-09-09 22:41:00,19.53,,paid
6306,9203,Изумрудный плащ,currency,common,2025-09-17 15:49:00,35.52,WELCOME15,paid
6307,9203,Костяной венец,currency,common,2025-09-25 10:29:00,71.37,AUTUMN25,paid
6308,9203,Костяной венец,currency,common,2025-09-10 11:35:00,95.16,,paid
6309,9203,Ледяной плащ,battlepass,EPIC,2025-09-11 13:41:00,"15,54",NaN,paid
6310,9203,Багровый плащ,currency,epic,26.09.2025 08:43:00,75.44,,paid
6311,9203,Золочёный маска,currency,rare,2025-09-14 21:35:00,33.25 USD,null,paid
6312,9203,Багровый фонарь,booster,common,2025-09-10 06:41:00,9.82,NaN,paid
6313,9203,Ржавый фонарь,battlepass,rare,2025-09-14 01:18:00,8.66,RETURN20,paid
6314,9203,Тенистый рог,cosmetic,epic,2025-09-19 15:41:00,11.87 USD,,paid
6315,9203,Золочёный рог,currency,common,2025-09-27 21:10:00,74.57,,paid
6316,9203,Терновый рог,bundle,EPIC,2025-09-24 04:23:00,12.17,WINTER30,paid
6317,9203,Изумрудный перчатки,booster,epic,2025-09-09 05:08:00,6.84,н/д,paid
6318,9203,Ржавый печать,cosmetic,EPIC,11.09.2025 06:26:00,16.49,,paid
6319,9203,Багровый сундук,booster,legendary,2025-09-09 05:46:00,2.46,,paid
6320,9203,Золочёный рог,currency,common,2025-09-24 13:33:00,74.57 USD,-,paid
6321,9203,Золочёный маска,currency,rare,2025-09-15 20:01:00,33.25,,paid
6322,9203,Ледяной рог,battlepass,common,09.09.2025 11:39:00,13.34,,paid
6323,9203,Ледяной плащ,battlepass,epic,2025-09-27 08:48:00,15.54,,paid
6324,9203,Медный печать,bundle,rare,2025-09-09 20:35:00,33.96,,paid
6325,9203,Ржавый плащ,currency,legendary,2025-09-13 16:17:00,60.75,,paid
6326,9203,Костяной венец,currency,common,26.09.2025 21:03:00,85.64,SPRING10,paid
6327,9203,Багровый печать,currency,legendary,2025-09-15 00:59:00,51.22,,paid
6328,9203,Пепельный печать,battlepass,common,2025-09-12 00:15:00,10.54,,paid
6329,9203,Костяной посох,currency,common,14.12.2025 00:00:00,23.62,AUTUMN25,paid
6330,9203,Ледяной плащ,battlepass,epic,2025-09-28 06:33:00,13.21 USD,WELCOME15,paid
6331,9203,Ржавый амулет,currency,common,2025-09-23 16:52:00,51.66,-,paid
6332,9203,Золочёный посох,booster,rare,18.09.2025 08:58:00,1.69,,paid
6333,9203,Тенистый рог,cosmetic,epic,2025-09-23 23:41:00,11.87,,paid
6334,9203,Костяной венец,currency,common,11.09.2025 15:33:00,95.16,н/д,paid
6335,9203,Лунный плащ,cosmetic,common,2025-09-28 03:48:00,21.65,,paid
6336,9203,Костяной посох,currency,common,2025-09-23 23:22:00,28.34,SPRING10,paid
6337,9203,Ледяной рог,battlepass,common,2025-09-20 22:55:00,13.34,null,paid
6338,9203,Багровый сундук,booster,legendary,09.09.2025 15:02:00,2.46,,paid
6339,9203,Пепельный посох,booster,rare,10.09.2025 08:29:00,9.85,,paid
6340,9203,Багровый плащ,currency,EPIC,2025-09-13 21:24:00,56.58,AUTUMN25,paid
6341,9203,Золочёный посох,booster,rare,09.09.2025 14:33:00,1.69,NaN,paid
6342,9203,Костяной венец,currency,common,24.09.2025 09:22:00,71.37,AUTUMN25,paid
6343,9203,Ледяной рог,battlepass,COMMON,2025-09-10 22:16:00,11.34,WELCOME15,paid
6344,9203,Костяной венец,currency,common,2025-09-21 18:34:00,-,null,paid
6345,9203,Золочёный посох,booster,rare,2025-09-12 10:48:00,1.69,null,paid
6346,9203,Золочёный компас,bundle,rare,2025-09-16 23:54:00,51.86,SPRING10,paid
6347,9203,Терновый сундук,booster,epic,11.09.2025 05:18:00,5.20,NaN,paid
6348,9203,Ледяной плащ,battlepass,epic,2025-09-13 10:47:00,15.54,н/д,paid
6349,9203,Костяной перчатки,battlepass,rare,2025-09-28 21:02:00,16.91,NaN,paid
6350,9203,Багровый плащ,currency,epic,2025-09-14 03:24:00,60.35,RETURN20,paid
6351,9203,Лунный венец,currency,epic,2025-09-17 06:58:00,31.36,,paid
6352,9203,Тенистый рог,cosmetic,epic,24.09.2025 13:47:00,8.31 USD,WINTER30,paid
6353,9203,Костяной венец,currency,COMMON,2025-09-15 23:16:00,95.16,,paid
6354,9203,Ледяной амулет,booster,RARE,2025-09-10 00:07:00,4.52,,paid
6355,9203,Ледяной плащ,battlepass,epic,2025-09-18 15:18:00,15.54,null,paid
6356,9203,Лунный сундук,currency,common,2025-09-22 15:27:00,58.78,RETURN20,paid
6357,9203,Золочёный перчатки,cosmetic,RARE,2025-09-21 20:05:00,18.76,,paid
6358,9203,Ледяной рог,battlepass,common,25.09.2025 03:26:00,13.34,,paid
6359,9203,Терновый сундук,booster,epic,2025-09-18 01:09:00,5.20,,paid
6360,9203,Изумрудный маска,booster,legendary,2025-09-13 04:28:00,5.77,WINTER30,paid
6361,9203,Терновый сундук,booster,epic,2025-09-11 11:31:00,5.20,-,paid
6362,9203,Ледяной рог,battlepass,common,2025-09-15 21:49:00,13.34 USD,н/д,paid
6363,9209,Ледяной рог,battlepass,common,2026-05-11 08:02:00,13.34,,paid
6364,9209,Терновый рог,bundle,epic,2026-06-14 17:37:00,13.91,RETURN20,paid
6365,9209,Золочёный маска,currency,rare,24.06.2026 22:15:00,33.25 USD,NaN,paid
6366,9209,Пепельный печать,battlepass,common,2026-05-16 00:34:00,10.54,,paid
6367,9214,Медный амулет,cosmetic,common,07.03.2026 00:47:00,8.10,NaN,paid
6368,9220,Золочёный сундук,booster,epic,2026-03-22 08:18:00,9.83,н/д,paid
6369,9220,Золочёный компас,bundle,RARE,29.03.2026 01:43:00,46.10,RETURN20,paid
6370,9220,Ледяной перчатки,battlepass,epic,2026-03-29 22:12:00,11.49,-,paid
6371,9220,Ледяной рог,battlepass,common,2026-03-30 07:10:00,"13,34",,refunded
6372,9255,Ледяной перчатки,battlepass,epic,2025-10-17 20:20:00,11.49,-,paid
6373,9255,Изумрудный плащ,currency,COMMON,2025-10-07 14:50:00,41.79,,paid
6374,9255,Тенистый фонарь,battlepass,rare,2025-10-08 20:17:00,19.53,,paid
6375,9288,Ржавый амулет,currency,common,11.11.2025 04:59:00,51.66 USD,,paid
6376,9288,Ржавый печать,cosmetic,epic,2026-02-08 19:46:00,16.49,н/д,paid
6377,9288,Костяной венец,currency,common,2025-12-17 10:56:00,95.16,н/д,paid
6378,9288,Багровый сундук,booster,legendary,2026-03-11 03:47:00,2.21,SPRING10,paid
6379,9288,Золочёный рог,currency,common,2026-02-09 15:28:00,74.57,,paid
6380,9288,Древний сундук,bundle,common,2025-11-11 15:03:00,53.74 USD,-,paid
6381,9298,Багровый фонарь,booster,common,2025-10-30 01:55:00,9.82 USD,-,paid
6382,9312,Изумрудный сундук,booster,common,2025-11-10 15:00:00,5.38,WELCOME15,paid
6383,9328,Костяной печать,battlepass,common,17.12.2025 08:07:00,12.41,NaN,paid
6384,9331,Костяной венец,currency,common,2026-02-06 05:52:00,95.16,н/д,paid
6385,9331,Ледяной плащ,battlepass,epic,06.02.2026 13:03:00,15.54,н/д,paid
6386,9331,Ржавый фонарь,battlepass,rare,06.02.2026 03:06:00,10.83,,paid
6387,9331,Багровый плащ,currency,epic,06.02.2026 06:07:00,"56,58",AUTUMN25,paid
6388,9331,Терновый венец,cosmetic,rare,2026-02-06 00:43:00,5.89,н/д,paid
6389,9331,Костяной венец,currency,common,2026-02-06 01:29:00,71.37,AUTUMN25,paid
6390,9331,Костяной венец,currency,common,2026-02-06 01:28:00,71.37 USD,AUTUMN25,paid
6391,9331,Ледяной рог,battlepass,common,06.02.2026 11:33:00,13.34,н/д,paid
6392,9331,Багровый плащ,currency,epic,2026-02-06 21:40:00,75.44,null,paid
6393,9331,Тенистый плащ,bundle,epic,2026-02-06 19:05:00,27.96,-,paid
6394,9331,Медный амулет,cosmetic,common,06.02.2026 04:37:00,8.10,,paid
6395,9331,Костяной венец,currency,common,2026-02-06 07:32:00,95.16,,paid
6396,9331,Багровый сундук,booster,LEGENDARY,2026-02-06 21:49:00,2.46,н/д,paid
6397,9331,Тенистый клинок,bundle,LEGENDARY,2026-02-06 05:42:00,70.79,-,paid
6398,9331,Золочёный сундук,booster,epic,06.02.2026 15:33:00,9.83 USD,-,paid
6399,9381,Пепельный рог,booster,epic,2026-02-01 12:19:00,7.12,-,paid
6400,9381,Золочёный рог,currency,common,2026-02-02 04:19:00,74.57,NaN,refunded
6401,9381,Костяной венец,currency,common,2026-02-01 22:30:00,95.16,,paid
6402,9381,Золочёный компас,bundle,rare,2026-02-01 08:18:00,"57,62",,paid
6403,9381,Ледяной плащ,battlepass,epic,2026-02-01 04:55:00,15.54,NaN,paid
6404,9381,Костяной венец,currency,common,2026-02-01 16:33:00,95.16,,paid
6405,9381,Ржавый фонарь,battlepass,rare,2026-02-02 17:38:00,10.83,,paid
6406,9381,Тенистый фонарь,battlepass,rare,2026-02-01 14:08:00,19.53,-,paid
6407,9381,Тенистый рог,cosmetic,epic,01.02.2026 05:15:00,11.87,null,paid
6408,9381,Ржавый печать,cosmetic,EPIC,2026-02-01 08:02:00,16.49,,paid
6409,9381,Багровый плащ,currency,epic,2026-02-01 02:27:00,75.44,NaN,paid
6410,9381,Ржавый амулет,currency,common,2026-02-01 16:09:00,51.66,,paid
6411,9381,Древний посох,cosmetic,epic,2026-02-01 06:29:00,4.91,null,paid
6412,9381,Ржавый печать,cosmetic,epic,02.02.2026 01:57:00,16.49,,paid
6413,9381,Медный маска,battlepass,common,2026-02-02 02:29:00,11.25,NaN,refunded
6414,9381,Костяной перчатки,battlepass,rare,2026-02-01 06:58:00,16.91,,paid
6415,9381,Золочёный компас,bundle,RARE,2026-02-01 21:45:00,46.10,RETURN20,paid
6416,9381,Ржавый амулет,currency,common,02.02.2026 14:40:00,,,paid
6417,9381,Изумрудный перчатки,booster,epic,2026-02-01 21:59:00,6.84,,paid
6418,9381,Ледяной плащ,battlepass,EPIC,2026-02-02 20:27:00,15.54,,paid
6419,9381,Лунный посох,battlepass,legendary,2026-02-02 15:29:00,12.81,-,paid
6420,9381,Золочёный посох,booster,RARE,01.02.2026 12:27:00,1.69,-,paid
6421,9381,Багровый плащ,currency,epic,2026-02-02 19:21:00,75.44,,paid
6422,9381,Медный маска,battlepass,common,02.02.2026 17:43:00,"11,25",null,paid
6423,9381,Ледяной плащ,battlepass,epic,2026-02-01 02:11:00,"15,54",NaN,paid
6424,9381,Терновый сундук,booster,EPIC,2026-02-01 05:15:00,5.20,-,paid
6425,9381,Терновый венец,cosmetic,rare,01.02.2026 06:26:00,5.89,,paid
6426,9381,Терновый сундук,booster,epic,01.02.2026 09:55:00,"5,20",NaN,paid
6427,9381,Костяной печать,battlepass,common,2026-02-02 11:13:00,12.41,NaN,paid
6428,9396,Золочёный компас,bundle,rare,2026-02-17 09:46:00,"57,62",,paid
6429,9396,Багровый плащ,currency,epic,2026-06-10 00:00:00,67.90,SPRING10,paid
6430,9412,Ледяной рог,battlepass,common,2026-02-12 13:38:00,13.34,NaN,paid
6431,9440,Медный перчатки,currency,rare,2026-05-03 15:41:00,"48,43",RETURN20,paid
6432,9446,Золочёный сундук,booster,epic,2025-10-16 03:30:00,9.83,null,paid
6433,9446,Ледяной рог,battlepass,common,2025-09-26 15:03:00,13.34,,paid
6434,9446,Медный посох,booster,common,2025-09-25 01:26:00,6.89,RETURN20,paid
6435,9446,Ледяной плащ,battlepass,epic,29.10.2025 06:22:00,15.54,-,paid
6436,9446,Тенистый фонарь,battlepass,rare,2025-10-02 17:09:00,19.53,null,paid
6437,9446,Изумрудный печать,cosmetic,common,2025-09-25 17:18:00,"21,79",-,paid
6438,9446,Костяной венец,currency,common,2025-10-24 02:13:00,95.16,,paid
6439,9446,Багровый сундук,booster,legendary,2025-10-03 10:21:00,"2,46",null,paid
6440,9446,Терновый печать,booster,rare,15.10.2025 06:59:00,7.48,NaN,paid
6441,9446,Медный амулет,cosmetic,common,25.09.2025 06:46:00,"6,07",AUTUMN25,paid
6442,9446,Изумрудный плащ,currency,common,2025-10-01 04:58:00,33.43,RETURN20,paid
6443,9446,Терновый венец,cosmetic,rare,2025-09-28 13:25:00,4.42,AUTUMN25,paid
6444,9446,Ржавый печать,cosmetic,epic,2025-10-31 23:51:00,16.49,н/д,paid
6445,9451,Золочёный рог,currency,common,2026-01-31 06:45:00,74.57,,paid
6446,9457,Медный амулет,cosmetic,common,30.01.2026 15:35:00,8.10,,paid
6447,9457,Ржавый печать,cosmetic,epic,2026-01-31 18:01:00,н/д,RETURN20,paid
6448,9457,Тенистый рог,cosmetic,epic,2026-01-31 04:37:00,11.87,,paid
6449,9457,Ледяной рог,battlepass,COMMON,30.01.2026 14:02:00,10.67,RETURN20,paid
6450,9457,Древний венец,cosmetic,common,2026-01-30 21:44:00,5.59,WINTER30,paid
6451,9457,Золочёный посох,booster,rare,2026-02-02 00:30:00,1.69,,paid
6452,9457,Пепельный печать,battlepass,common,2026-02-05 13:20:00,9.49,SPRING10,paid
6453,9457,Лунный венец,currency,epic,2026-02-01 17:44:00,31.36,,paid
6454,9457,Пепельный плащ,currency,COMMON,2026-01-30 07:03:00,54.75 USD,,paid
6455,9457,Терновый сундук,booster,epic,2026-02-01 15:10:00,5.20,NaN,paid
6456,9457,Пепельный плащ,currency,common,2026-02-05 12:51:00,"54,75",,paid
6457,9457,Тенистый рог,cosmetic,epic,2026-01-31 19:08:00,11.87 USD,null,paid
6458,9457,Багровый сундук,booster,LEGENDARY,2026-02-02 10:10:00,"2,46",н/д,paid
6459,9457,Лунный плащ,cosmetic,common,2026-02-05 08:19:00,21.65,,paid
6460,9457,Ледяной плащ,battlepass,epic,2026-01-30 08:50:00,15.54,,paid
6461,9457,Костяной посох,currency,common,04.02.2026 11:16:00,31.49,,paid
6462,9457,Багровый плащ,currency,EPIC,2026-01-30 15:54:00,64.12,WELCOME15,paid
6463,9457,Тенистый клинок,bundle,LEGENDARY,30.01.2026 04:06:00,70.79,,paid
6464,9457,Золочёный рог,currency,common,2026-02-07 11:47:00,74.57,н/д,paid
6465,9457,Костяной печать,battlepass,COMMON,2026-01-30 17:13:00,12.41,,paid
6466,9457,Золочёный компас,bundle,rare,2026-01-31 22:51:00,57.62,NaN,paid
6467,9457,Медный печать,bundle,rare,2026-01-30 13:21:00,33.96,н/д,paid
6468,9457,Лунный посох,battlepass,legendary,2026-01-31 02:09:00,12.81,,paid
6469,9458,Ржавый печать,cosmetic,epic,2026-01-03 17:56:00,"16,49",,paid
6470,9471,Ржавый амулет,currency,COMMON,2025-11-21 16:19:00,51.66,null,paid
6471,9471,Ледяной плащ,battlepass,epic,2025-11-13 08:27:00,15.54,null,paid
6472,9471,Изумрудный печать,cosmetic,COMMON,2025-11-15 04:39:00,21.79,,paid
6473,9471,Тенистый фонарь,battlepass,RARE,2025-11-10 22:07:00,19.53,,paid
6474,9471,Тенистый рог,cosmetic,epic,2025-11-20 00:20:00,8.90,AUTUMN25,paid
6475,9471,Древний посох,cosmetic,epic,2025-11-12 01:06:00,4.91,,paid
6476,9471,Изумрудный сундук,booster,common,2025-11-19 22:41:00,6.33,NaN,paid
6477,9471,Изумрудный посох,booster,common,2025-11-20 16:27:00,6.73,,paid
6478,9481,Ледяной рог,battlepass,COMMON,2025-11-30 21:51:00,13.34 USD,NaN,paid
6479,9503,Лунный сундук,currency,COMMON,06.03.2026 19:05:00,73.48,,paid
6480,9510,Изумрудный маска,booster,legendary,2025-09-10 08:59:00,5.77,WINTER30,paid
6481,9510,Ледяной плащ,battlepass,epic,2025-09-10 19:52:00,15.54,null,paid
6482,9510,Ледяной рог,battlepass,COMMON,2025-09-10 16:49:00,13.34 USD,null,paid
6483,9527,Костяной венец,currency,common,2025-10-26 11:18:00,95.16,,paid
6484,9527,Ледяной перчатки,battlepass,epic,2025-10-17 12:47:00,11.49,н/д,paid
6485,9530,Золочёный рог,currency,common,2026-02-19 22:02:00,74.57,,paid
6486,9533,Терновый сундук,booster,EPIC,2025-12-01 23:49:00,5.20,н/д,paid
6487,9545,Медный печать,bundle,rare,2026-06-30 02:25:00,27.17,RETURN20,paid
6488,9545,Изумрудный печать,cosmetic,COMMON,2026-06-12 01:34:00,21.79,NaN,paid
6489,9545,Изумрудный перчатки,booster,epic,2026-06-10 00:00:00,5.13 USD,AUTUMN25,paid
6490,9545,Костяной венец,currency,common,2026-06-13 19:11:00,95.16,NaN,paid
6491,9545,Тенистый посох,bundle,common,2026-06-09 17:12:00,17.19,-,paid
6492,9556,Пепельный компас,booster,EPIC,2026-01-08 15:56:00,6.67,,paid
6493,9556,Медный маска,battlepass,common,2026-01-11 06:28:00,8.44,AUTUMN25,paid
6494,9590,Ледяной рог,battlepass,common,2026-04-10 00:58:00,13.34,NaN,paid
6495,9590,Костяной венец,currency,common,2026-04-06 06:57:00,95.16,,paid
6496,9590,Ледяной плащ,battlepass,epic,2026-04-06 02:06:00,15.54,-,paid
6497,9590,Терновый печать,booster,rare,2026-04-08 22:17:00,7.48,н/д,paid
6498,9590,Ржавый амулет,currency,common,2026-04-10 01:41:00,51.66,,paid
6499,9590,Багровый плащ,currency,epic,2026-04-07 01:28:00,75.44,,paid
6500,9590,Пепельный плащ,currency,COMMON,10.04.2026 04:57:00,54.75,-,paid
6501,9590,Золочёный рог,currency,common,07.04.2026 12:48:00,74.57,-,paid
6502,9590,Медный печать,bundle,rare,2026-04-06 15:11:00,33.96,-,paid
6503,9601,Ржавый амулет,currency,common,2025-10-12 01:44:00,"51,66",,paid
6504,9601,Ржавый печать,cosmetic,epic,2025-10-03 21:59:00,16.49,null,paid
6505,9601,Ледяной рог,battlepass,common,02.10.2025 07:04:00,13.34,,paid
6506,9601,Багровый плащ,currency,epic,2025-12-04 00:32:00,64.12,WELCOME15,paid
6507,9607,Костяной венец,currency,common,2026-05-12 02:49:00,"95,16",,paid
6508,9609,Лунный плащ,cosmetic,common,2026-01-20 17:35:00,21.65,NaN,paid
6509,9621,Пепельный компас,booster,epic,2025-10-18 13:37:00,6.67,,paid
6510,9621,Тенистый венец,currency,common,2025-11-29 23:13:00,56.47,-,paid
6511,9624,Ледяной перчатки,battlepass,epic,2026-06-05 23:38:00,null,н/д,paid
6512,9635,Тенистый фонарь,battlepass,rare,2026-03-17 20:20:00,19.53,н/д,paid
6513,9638,Терновый сундук,booster,epic,24.11.2025 05:32:00,5.20,-,paid
6514,9654,Изумрудный маска,booster,legendary,02.04.2026 00:35:00,"8,24",,paid
6515,9654,Пепельный печать,battlepass,common,2026-04-02 08:06:00,10.54,null,paid
6516,9654,Медный маска,battlepass,common,02.04.2026 05:51:00,11.25,,paid
6517,9654,Ледяной перчатки,battlepass,epic,2026-04-02 14:59:00,"11,49",,paid
6518,9654,Ледяной плащ,battlepass,epic,03.04.2026 22:42:00,15.54,,paid
6519,9654,Изумрудный плащ,currency,common,03.04.2026 15:12:00,41.79,,paid
6520,9656,Изумрудный маска,booster,legendary,2026-03-11 09:11:00,8.24,,paid
6521,9656,Лунный посох,battlepass,legendary,19.01.2026 21:45:00,12.81,,paid
6522,9656,Ржавый печать,cosmetic,EPIC,2026-01-25 07:29:00,16.49,,paid
6523,9656,Терновый рог,bundle,EPIC,28.01.2026 23:51:00,14.78 USD,WELCOME15,paid
6524,9675,Ржавый печать,cosmetic,epic,2025-11-21 17:13:00,16.49,,paid
6525,9675,Ледяной плащ,battlepass,EPIC,2025-11-20 15:51:00,15.54,н/д,paid
6526,9675,Ледяной рог,battlepass,common,11.01.2026 20:56:00,13.34,NaN,paid
6527,9675,Ледяной рог,battlepass,common,05.12.2025 20:44:00,13.34,,paid
6528,9675,Костяной венец,currency,common,2026-01-18 10:37:00,95.16,NaN,paid
6529,9675,Древний венец,cosmetic,common,20.01.2026 12:14:00,7.99,н/д,paid
6530,9675,Ледяной перчатки,battlepass,EPIC,2025-12-08 04:53:00,11.49,-,paid
6531,9679,Тенистый рог,cosmetic,epic,2026-05-18 18:17:00,11.87,-,paid
6532,9695,Терновый рог,bundle,epic,2025-10-28 11:18:00,17.39 USD,-,paid
6533,9695,Костяной венец,currency,common,2025-09-29 20:11:00,95.16,н/д,paid
6534,9695,Древний венец,cosmetic,common,2025-09-21 08:33:00,7.99,н/д,paid
6535,9695,Ржавый фонарь,battlepass,rare,28.12.2025 00:00:00,8.12,AUTUMN25,paid
6536,9695,Ледяной рог,battlepass,common,2025-11-20 19:09:00,13.34,NaN,paid
6537,9695,Терновый печать,booster,rare,29.09.2025 06:06:00,7.48,,paid
6538,9695,Золочёный рог,currency,COMMON,12.11.2025 18:24:00,74.57,NaN,paid
6539,9695,Золочёный посох,booster,RARE,26.09.2025 14:45:00,1.27,AUTUMN25,paid
6540,9695,Пепельный печать,battlepass,COMMON,2025-10-10 23:46:00,10.54,NaN,paid
6541,9695,Ледяной перчатки,battlepass,epic,23.09.2025 16:23:00,11.49,,paid
6542,9699,Тенистый рог,cosmetic,epic,2026-03-09 18:00:00,11.87,н/д,paid
6543,9701,Древний сундук,bundle,common,2026-05-28 13:30:00,"42,99",RETURN20,paid
6544,9701,Медный маска,battlepass,common,2026-05-26 06:44:00,10.12,SPRING10,paid
6545,9701,Тенистый венец,currency,COMMON,2026-05-25 16:23:00,56.47,NaN,paid
6546,9701,Костяной печать,battlepass,common,2026-05-28 17:28:00,12.41 USD,NaN,paid
6547,9701,Ржавый печать,cosmetic,epic,2026-06-01 03:21:00,16.49,,paid
6548,9701,Медный маска,battlepass,common,28.05.2026 11:54:00,11.25 USD,null,paid
6549,9701,Костяной перчатки,battlepass,rare,2026-05-28 07:54:00,16.91,-,paid
6550,9701,Пепельный рог,booster,EPIC,30.05.2026 08:43:00,"5,70",RETURN20,paid
6551,9701,Изумрудный сундук,booster,common,2026-05-27 09:22:00,6.33,,paid
6552,9701,Изумрудный маска,booster,legendary,2026-05-29 14:17:00,5.77,WINTER30,paid
6553,9701,Костяной маска,currency,legendary,01.06.2026 22:18:00,17.27,AUTUMN25,paid
6554,9701,Терновый печать,booster,RARE,27.05.2026 09:27:00,7.48,,paid
6555,9701,Лунный венец,currency,epic,2026-05-26 20:22:00,31.36,,paid
6556,9701,Костяной маска,currency,legendary,2026-05-25 10:05:00,23.03,,paid
6557,9722,Ледяной рог,battlepass,common,2025-11-21 22:25:00,13.34,н/д,paid
6558,9722,Ржавый амулет,currency,common,2025-11-24 05:02:00,51.66,,refunded
6559,9722,Багровый сундук,booster,legendary,27.11.2025 13:58:00,2.46,NaN,paid
6560,9722,Изумрудный плащ,currency,common,23.11.2025 01:01:00,41.79,,paid
6561,9722,Терновый сундук,booster,epic,2025-12-04 09:23:00,5.20,н/д,paid
6562,9722,Костяной перчатки,battlepass,rare,02.12.2025 17:31:00,14.37 USD,WELCOME15,paid
6563,9722,Медный амулет,cosmetic,common,23.11.2025 02:17:00,6.07,AUTUMN25,paid
6564,9722,Ледяной плащ,battlepass,epic,2025-11-21 14:54:00,15.54,,paid
6565,9722,Тенистый рог,cosmetic,epic,29.11.2025 05:47:00,11.87,н/д,paid
6566,9722,Золочёный рог,currency,common,2025-12-01 03:29:00,67.11,SPRING10,paid
6567,9722,Медный амулет,cosmetic,common,2025-11-25 15:12:00,"8,10",null,paid
6568,9722,Ледяной рог,battlepass,common,2025-11-26 17:58:00,10.00,AUTUMN25,paid
6569,9722,Древний посох,cosmetic,epic,25.11.2025 07:11:00,4.91 USD,null,paid
6570,9722,Ржавый амулет,currency,common,2025-12-02 23:55:00,51.66,н/д,paid
6571,9722,Костяной посох,currency,common,2025-11-29 22:21:00,31.49 USD,,paid
6572,9726,Пепельный плащ,currency,common,2026-04-09 21:45:00,54.75,-,paid
6573,9726,Багровый сундук,booster,LEGENDARY,2026-04-09 23:39:00,2.46 USD,-,paid
6574,9726,Костяной венец,currency,common,2026-04-09 09:32:00,95.16,NaN,paid
6575,9726,Костяной венец,currency,common,2026-04-09 18:13:00,95.16,,refunded
6576,9726,Ледяной рог,battlepass,common,2026-04-09 10:38:00,13.34,,paid
6577,9726,Костяной венец,currency,common,2026-04-10 17:58:00,95.16,NaN,paid
6578,9726,Изумрудный посох,booster,common,2026-04-09 14:45:00,6.73,null,paid
6579,9726,Багровый фонарь,booster,common,2026-04-09 18:58:00,9.82,,paid
6580,9726,Багровый плащ,currency,epic,09.04.2026 04:18:00,52.81 USD,WINTER30,paid
6581,9726,Костяной посох,currency,COMMON,09.04.2026 14:59:00,31.49 USD,null,paid
6582,9728,Костяной венец,currency,common,2026-04-07 23:30:00,85.64,SPRING10,paid
6583,9728,Золочёный рог,currency,common,2026-04-13 23:45:00,74.57,,paid
6584,9764,Терновый рог,bundle,epic,2025-11-17 23:53:00,17.39,null,paid
6585,9764,Тенистый рог,cosmetic,epic,18.11.2025 14:23:00,11.87,NaN,paid
6586,9766,Ледяной плащ,battlepass,epic,2025-09-26 02:30:00,10.88,WINTER30,paid
6587,9766,Костяной печать,battlepass,common,2025-09-08 09:46:00,12.41,,refunded
6588,9766,Ледяной плащ,battlepass,epic,11.09.2025 09:11:00,11.65,AUTUMN25,paid
6589,9766,Ржавый амулет,currency,common,2025-09-12 07:43:00,51.66,н/д,paid
6590,9766,Тенистый фонарь,battlepass,rare,2025-09-26 04:00:00,19.53,-,paid
6591,9766,Костяной маска,currency,LEGENDARY,2025-09-19 08:43:00,20.73,SPRING10,paid
6592,9766,Ржавый печать,cosmetic,EPIC,09.09.2025 22:02:00,12.37,AUTUMN25,paid
6593,9766,Терновый венец,cosmetic,rare,23.09.2025 00:24:00,5.89,null,paid
6594,9766,Лунный посох,battlepass,LEGENDARY,2025-09-15 17:58:00,12.81,н/д,paid
6595,9766,Древний сундук,bundle,COMMON,2025-09-21 20:57:00,37.62,WINTER30,refunded
6596,9766,Золочёный маска,currency,rare,09.09.2025 17:50:00,33.25,,paid
6597,9766,Ржавый компас,bundle,common,2025-09-19 13:24:00,53.98,,paid
6598,9766,Багровый плащ,currency,EPIC,2025-09-24 16:37:00,75.44 USD,,paid
6599,9766,Золочёный посох,booster,rare,2025-09-13 07:38:00,1.27,AUTUMN25,paid
6600,9766,Костяной посох,currency,COMMON,2025-09-10 12:13:00,23.62,AUTUMN25,paid
6601,9766,Золочёный компас,bundle,rare,2025-09-09 12:42:00,57.62,-,paid
6602,9766,Ржавый компас,bundle,COMMON,2025-09-28 18:58:00,53.98,-,paid
6603,9766,Изумрудный перчатки,booster,epic,2025-09-28 05:09:00,"6,84",NaN,paid
6604,9766,Изумрудный сундук,booster,COMMON,2025-09-27 16:36:00,6.33,н/д,paid
6605,9766,Изумрудный печать,cosmetic,common,22.09.2025 15:12:00,21.79,н/д,paid
6606,9766,Ледяной плащ,battlepass,epic,2025-09-14 04:15:00,15.54,,paid
6607,9766,Пепельный печать,battlepass,common,2025-09-08 14:44:00,"7,38",WINTER30,paid
6608,9766,Пепельный рог,booster,epic,2025-09-08 02:19:00,7.12,,refunded
6609,9766,Тенистый посох,bundle,common,2025-09-08 23:20:00,17.19,,paid
6610,9766,Ржавый амулет,currency,common,2025-09-11 16:16:00,51.66,,paid
6611,9766,Тенистый рог,cosmetic,epic,2025-09-15 04:36:00,10.09,WELCOME15,paid
6612,9766,Терновый рог,bundle,epic,2025-09-09 11:05:00,17.39 USD,,refunded
6613,9766,Древний венец,cosmetic,common,2025-09-18 14:23:00,7.99,н/д,paid
6614,9766,Ржавый печать,cosmetic,EPIC,2025-09-24 11:35:00,12.37,AUTUMN25,paid
6615,9766,Ледяной перчатки,battlepass,epic,16.09.2025 12:38:00,11.49,null,paid
6616,9766,Изумрудный сундук,booster,common,09.09.2025 22:14:00,4.75,AUTUMN25,paid
6617,9766,Тенистый посох,bundle,common,2025-09-09 15:44:00,17.19,н/д,paid
6618,9766,Ржавый амулет,currency,COMMON,21.09.2025 09:58:00,51.66,н/д,paid
6619,9766,Ледяной плащ,battlepass,epic,2025-09-08 21:37:00,15.54,null,paid
6620,9766,Костяной перчатки,battlepass,rare,2025-09-10 01:33:00,16.91,,paid
6621,9766,Золочёный компас,bundle,RARE,2025-09-11 20:04:00,51.86 USD,SPRING10,paid
6622,9766,Ледяной рог,battlepass,common,2025-09-20 19:53:00,13.34 USD,,paid
6623,9766,Терновый печать,booster,rare,2025-09-08 11:44:00,7.48,,paid
6624,9766,Ржавый фонарь,battlepass,rare,2025-09-24 02:58:00,"10,83",,paid
6625,9766,Костяной венец,currency,common,2025-09-23 02:40:00,95.16,,paid
6626,9766,Тенистый фонарь,battlepass,rare,2025-09-08 13:05:00,19.53,NaN,paid
6627,9766,Золочёный посох,booster,rare,09.09.2025 09:36:00,1.35,RETURN20,paid
6628,9766,Тенистый рог,cosmetic,epic,2025-09-27 20:50:00,"9,50",RETURN20,paid
6629,9766,Костяной венец,currency,COMMON,14.09.2025 05:55:00,95.16,,paid
6630,9766,Пепельный печать,battlepass,common,2025-09-18 15:28:00,10.54 USD,,paid
6631,9766,Ржавый печать,cosmetic,EPIC,2025-09-25 19:33:00,16.49,,paid
6632,9766,Ледяной плащ,battlepass,epic,2025-09-08 21:19:00,15.54,NaN,paid
6633,9766,Древний посох,cosmetic,epic,2025-09-27 16:45:00,3.68,AUTUMN25,paid
6634,9766,Ржавый фонарь,battlepass,RARE,2025-09-08 20:13:00,10.83 USD,null,refunded
6635,9766,Костяной венец,currency,common,09.09.2025 01:44:00,95.16,null,paid
6636,9766,Изумрудный маска,booster,legendary,2025-09-15 08:21:00,8.24,null,paid
6637,9766,Ледяной перчатки,battlepass,epic,09.09.2025 03:23:00,11.49,null,paid
6638,9766,Ледяной плащ,battlepass,epic,2025-09-08 01:21:00,15.54,н/д,paid
6639,9766,Золочёный посох,booster,RARE,19.09.2025 07:00:00,1.69,NaN,paid
6640,9766,Терновый сундук,booster,epic,2025-09-13 02:55:00,4.68,SPRING10,paid
6641,9766,Костяной посох,currency,common,2025-09-19 04:58:00,31.49,null,paid
6642,9766,Ледяной плащ,battlepass,epic,2025-09-08 14:56:00,15.54,-,paid
6643,9766,Костяной рог,currency,rare,2025-09-08 04:33:00,28.86,NaN,paid
6644,9766,Ледяной плащ,battlepass,epic,2025-09-19 16:02:00,15.54,,paid
6645,9766,Терновый сундук,booster,epic,2025-09-21 02:16:00,3.64,WINTER30,paid
6646,9766,Багровый печать,currency,legendary,19.09.2025 06:45:00,51.22,н/д,paid
6647,9766,Ржавый компас,bundle,common,2025-09-20 22:23:00,53.98,,paid
6648,9766,Медный амулет,cosmetic,common,2025-09-10 16:42:00,6.88,WELCOME15,paid
6649,9766,Костяной венец,currency,common,2025-09-08 16:53:00,95.16,,paid
6650,9766,Ржавый амулет,currency,common,2025-09-11 17:59:00,51.66,,paid
6651,9766,Терновый рог,bundle,epic,2025-09-23 20:34:00,17.39,-,paid
6652,9766,Изумрудный маска,booster,LEGENDARY,25.09.2025 01:57:00,8.24,н/д,paid
6653,9766,Тенистый фонарь,battlepass,rare,2025-09-18 23:32:00,19.53,н/д,paid
6654,9766,Пепельный рог,booster,EPIC,2025-09-26 06:58:00,7.12,,paid
6655,9766,Золочёный рог,currency,common,2025-09-17 13:24:00,74.57 USD,NaN,paid
6656,9766,Ледяной маска,cosmetic,common,2025-09-23 15:01:00,7.82,,paid
6657,9766,Багровый сундук,booster,legendary,25.09.2025 07:46:00,2.46,-,paid
6658,9766,Тенистый рог,cosmetic,epic,2025-09-27 09:41:00,11.87,NaN,paid
6659,9766,Изумрудный маска,booster,legendary,2025-09-19 08:40:00,"8,24",,paid
6660,9766,Изумрудный перчатки,booster,epic,2025-09-08 14:45:00,6.84,NaN,paid
6661,9766,Терновый сундук,booster,epic,26.09.2025 03:27:00,5.20,,paid
6662,9766,Костяной венец,currency,common,2025-09-16 14:47:00,95.16,NaN,paid
6663,9766,Тенистый фонарь,battlepass,rare,2025-09-08 22:52:00,15.62,RETURN20,paid
6664,9766,Ледяной рог,battlepass,common,2025-09-21 08:47:00,13.34,,paid
6665,9766,Медный маска,battlepass,common,2025-09-23 00:38:00,11.25,,paid
6666,9766,Ржавый амулет,currency,common,26.09.2025 10:43:00,51.66,,paid
6667,9766,Костяной посох,currency,common,2025-09-11 00:13:00,31.49,null,paid
6668,9766,Костяной перчатки,battlepass,rare,2025-09-09 15:14:00,14.37,WELCOME15,paid
6669,9766,Золочёный перчатки,cosmetic,rare,2025-09-08 11:21:00,13.13,WINTER30,paid
6670,9766,Ледяной амулет,booster,rare,2025-09-13 16:20:00,4.52,-,paid
6671,9766,Ржавый компас,bundle,COMMON,2025-09-14 21:17:00,53.98,,refunded
6672,9772,Ледяной рог,battlepass,common,2026-04-05 07:05:00,13.34,,paid
6673,9780,Тенистый рог,cosmetic,EPIC,2025-09-11 22:12:00,"11,87",NaN,paid
6674,9801,Древний венец,cosmetic,common,05.09.2025 03:19:00,7.99 USD,NaN,paid
6675,9803,Костяной рог,currency,rare,24.02.2026 15:23:00,28.86,NaN,paid
6676,9803,Золочёный компас,bundle,rare,2026-06-23 15:17:00,43.21,AUTUMN25,paid
6677,9831,Тенистый фонарь,battlepass,rare,2025-09-16 09:29:00,17.58,SPRING10,paid
6678,9831,Изумрудный печать,cosmetic,common,2025-09-21 17:22:00,21.79,,paid
6679,9831,Золочёный посох,booster,rare,2025-09-26 05:45:00,1.69,,refunded
6680,9831,Тенистый посох,bundle,common,21.09.2025 04:15:00,17.19,,paid
6681,9831,Костяной перчатки,battlepass,rare,2025-09-15 23:19:00,16.91,,paid
6682,9831,Изумрудный сундук,booster,common,2025-09-14 23:00:00,6.33,,paid
6683,9831,Золочёный компас,bundle,rare,2025-09-19 15:59:00,46.10 USD,RETURN20,paid
6684,9831,Ледяной перчатки,battlepass,epic,2025-09-17 07:02:00,11.49,NaN,paid
6685,9831,Золочёный сундук,booster,EPIC,2025-09-24 13:33:00,9.83,,paid
6686,9831,Костяной рог,currency,rare,18.09.2025 23:52:00,"28,86",NaN,paid
6687,9831,Ледяной рог,battlepass,common,2025-09-14 16:45:00,"13,34",null,paid
6688,9831,Ледяной плащ,battlepass,epic,27.09.2025 05:57:00,15.54,,paid
6689,9831,Костяной венец,currency,common,2025-09-15 14:10:00,66.61,WINTER30,paid
6690,9831,Ледяной плащ,battlepass,EPIC,2025-09-18 22:07:00,15.54,null,paid
6691,9831,Костяной перчатки,battlepass,rare,2025-09-17 08:44:00,16.91,-,paid
6692,9849,Терновый рог,bundle,epic,14.03.2026 01:56:00,17.39,NaN,paid
6693,9849,Медный амулет,cosmetic,common,17.03.2026 00:44:00,6.48,RETURN20,refunded
6694,9856,Ледяной перчатки,battlepass,epic,2026-02-13 12:26:00,10.34,SPRING10,paid
6695,9856,Ледяной плащ,battlepass,epic,2025-12-06 07:14:00,15.54,,paid
6696,9856,Медный посох,booster,common,2026-01-08 10:43:00,8.61 USD,,paid
6697,9856,Костяной венец,currency,common,2026-01-12 08:40:00,95.16,NaN,paid
6698,9856,Багровый плащ,currency,epic,20.12.2025 19:43:00,75.44,,paid
6699,9868,Ржавый компас,bundle,common,2026-05-19 05:03:00,53.98,null,paid
6700,9868,Багровый плащ,currency,epic,2026-04-10 00:29:00,75.44,,paid
6701,9868,Костяной перчатки,battlepass,rare,2026-05-28 05:13:00,16.91,н/д,paid
6702,9868,Ледяной маска,cosmetic,common,2026-04-25 08:01:00,7.82,-,paid
6703,9868,Ледяной плащ,battlepass,epic,2026-05-20 13:54:00,15.54,н/д,paid
6704,9868,Золочёный перчатки,cosmetic,rare,2026-05-11 10:51:00,18.76,,paid
6705,9868,Ледяной рог,battlepass,common,2026-05-02 08:10:00,13.34,,paid
6706,9896,Древний посох,cosmetic,epic,2025-10-31 16:42:00,4.91,-,paid
6707,9902,Ржавый амулет,currency,common,30.01.2026 18:44:00,51.66,,paid
6708,9902,Медный амулет,cosmetic,common,2026-01-30 16:32:00,8.10,,paid
6709,9904,Ледяной перчатки,battlepass,epic,16.12.2025 00:48:00,11.49,,paid
6710,9904,Костяной венец,currency,common,2025-10-18 22:47:00,95.16,NaN,paid
6711,9904,Медный маска,battlepass,common,2025-12-06 12:10:00,9.00,RETURN20,paid
6712,9904,Костяной рог,currency,rare,2025-12-15 07:35:00,28.86,-,paid
6713,9904,Ледяной плащ,battlepass,epic,2025-09-23 16:28:00,15.54 USD,-,paid
6714,9904,Ледяной плащ,battlepass,epic,2025-09-22 06:00:00,10.88,WINTER30,paid
6715,9904,Ледяной амулет,booster,RARE,09.11.2025 19:53:00,4.52,,paid
6716,9904,Тенистый рог,cosmetic,epic,28.11.2025 16:17:00,8.31,WINTER30,paid
6717,9904,Пепельный компас,booster,epic,2025-09-22 15:58:00,4.67,WINTER30,paid
6718,9904,Пепельный печать,battlepass,common,2025-11-14 17:04:00,10.54,-,paid
6719,9904,Тенистый фонарь,battlepass,rare,2025-11-15 05:50:00,19.53 USD,,paid
6720,9910,Ледяной плащ,battlepass,EPIC,2025-09-05 01:10:00,15.54,н/д,paid
6721,9910,Ледяной плащ,battlepass,epic,2025-09-05 09:24:00,15.54,null,paid
6722,9910,Пепельный компас,booster,epic,2025-09-05 06:07:00,6.67,,paid
6723,9910,Ледяной перчатки,battlepass,epic,2025-09-05 11:21:00,11.49,,paid
6724,9910,Тенистый рог,cosmetic,epic,05.09.2025 08:24:00,"11,87",,paid
6725,9910,Золочёный рог,currency,common,2025-09-05 10:56:00,74.57,-,paid
6726,9910,Багровый печать,currency,legendary,2025-09-05 21:10:00,43.54 USD,WELCOME15,paid
6727,9910,Ледяной плащ,battlepass,epic,05.09.2025 20:15:00,15.54,NaN,paid
6728,9910,Ледяной рог,battlepass,common,2025-09-05 13:28:00,13.34,-,paid
6729,9910,Костяной венец,currency,common,2025-09-05 04:44:00,95.16,NaN,paid
6730,9910,Золочёный сундук,booster,epic,2025-09-05 07:19:00,9.83,-,paid
6731,9910,Тенистый рог,cosmetic,epic,2025-09-05 17:19:00,11.87,NaN,paid
6732,9910,Ледяной перчатки,battlepass,epic,2025-09-05 09:49:00,"11,49",null,paid
6733,9910,Ледяной перчатки,battlepass,epic,2025-09-05 13:34:00,11.49,,paid
6734,9910,Медный перчатки,currency,rare,05.09.2025 14:09:00,60.54,,paid
6735,9910,Изумрудный печать,cosmetic,common,05.09.2025 12:45:00,21.79,NaN,paid
6736,9910,Пепельный печать,battlepass,common,2025-09-05 14:30:00,10.54,-,paid
6737,9918,Пепельный компас,booster,EPIC,2026-03-03 11:39:00,6.67,,paid
6738,9927,Терновый сундук,booster,epic,2026-06-02 04:46:00,5.20,-,paid
6739,9934,Ржавый печать,cosmetic,EPIC,2025-11-29 20:38:00,16.49,,paid
6740,9936,Костяной венец,currency,COMMON,2026-01-24 13:02:00,95.16,NaN,paid
6741,9987,Костяной венец,currency,common,2026-01-02 19:54:00,95.16,NaN,paid
6742,9987,Ледяной плащ,battlepass,EPIC,2026-01-02 04:41:00,15.54,,paid
6743,9987,Терновый венец,cosmetic,rare,14.01.2026 09:31:00,5.89,,paid
6744,9987,Древний венец,cosmetic,common,2026-01-05 01:23:00,7.99,,paid
6745,9987,Багровый плащ,currency,epic,2026-01-07 23:44:00,67.90,SPRING10,paid
6746,9987,Ледяной перчатки,battlepass,epic,07.01.2026 23:43:00,11.49,,refunded
6747,9987,Терновый печать,booster,rare,2026-01-14 10:29:00,"7,48",н/д,paid
6748,9987,Медный маска,battlepass,common,2026-01-07 15:12:00,9.56,WELCOME15,paid
6749,10007,Изумрудный маска,booster,legendary,2026-03-25 07:00:00,6.59,RETURN20,paid
6750,10014,Изумрудный перчатки,booster,EPIC,2025-11-05 01:53:00,6.84 USD,-,paid
6751,10014,Терновый рог,bundle,EPIC,2025-12-02 03:37:00,17.39,,paid
6752,10014,Ледяной рог,battlepass,COMMON,2026-01-29 10:59:00,13.34,-,paid
6753,10014,Медный амулет,cosmetic,COMMON,2025-12-13 20:24:00,"8,10",null,paid
6754,10014,Багровый сундук,booster,legendary,2025-11-30 15:14:00,2.46,,paid
6755,10014,Тенистый рог,cosmetic,epic,06.11.2025 11:34:00,11.87 USD,,paid
6756,10014,Ледяной перчатки,battlepass,epic,28.02.2026 21:09:00,8.62,AUTUMN25,paid
6757,10014,Пепельный посох,booster,rare,2026-02-03 23:19:00,9.85,null,paid
6758,10014,Ржавый амулет,currency,COMMON,2025-11-07 23:57:00,51.66,н/д,paid
6759,10014,Изумрудный печать,cosmetic,common,2025-11-21 19:19:00,21.79,NaN,paid
6760,10014,Тенистый рог,cosmetic,epic,2025-10-18 10:16:00,11.87,NaN,paid
6761,10014,Пепельный рог,booster,EPIC,2025-10-04 06:18:00,7.12,null,paid
6762,10014,Изумрудный печать,cosmetic,common,23.02.2026 08:52:00,21.79,-,paid
6763,10014,Костяной венец,currency,common,07.11.2025 11:35:00,95.16,-,paid
6764,10014,Ледяной перчатки,battlepass,EPIC,2025-10-08 16:55:00,11.49,NaN,paid
6765,10014,Багровый плащ,currency,epic,2026-01-03 13:16:00,75.44,-,paid
6766,10014,Ледяной рог,battlepass,common,14.11.2025 02:30:00,13.34,NaN,paid
6767,10014,Ржавый печать,cosmetic,EPIC,12.10.2025 01:23:00,16.49,,paid
6768,10014,Костяной венец,currency,COMMON,2026-04-09 08:17:00,71.37,AUTUMN25,paid
6769,10014,Пепельный плащ,currency,common,2025-12-15 21:28:00,54.75,,paid
6770,10014,Пепельный посох,booster,rare,22.11.2025 09:25:00,7.88 USD,RETURN20,paid
6771,10014,Пепельный посох,booster,rare,2025-10-20 03:19:00,9.85,,paid
6772,10014,Ледяной плащ,battlepass,EPIC,01.04.2026 16:11:00,15.54,,paid
6773,10014,Ржавый печать,cosmetic,EPIC,2025-10-07 01:18:00,16.49,,paid
6774,10014,Золочёный посох,booster,RARE,2026-01-11 06:45:00,1.69,,paid
6775,10014,Ледяной перчатки,battlepass,epic,2026-02-11 14:11:00,11.49,,paid
6776,10014,Медный амулет,cosmetic,common,2026-01-18 22:02:00,6.48,RETURN20,paid
6777,10014,Ржавый фонарь,battlepass,rare,2025-10-15 08:00:00,10.83,null,paid
6778,10014,Медный маска,battlepass,COMMON,2025-12-08 21:22:00,11.25,null,paid
6779,10014,Ледяной рог,battlepass,common,2026-08-02 00:00:00,11.34,WELCOME15,paid
6780,10014,Золочёный рог,currency,common,2026-05-12 10:04:00,74.57 USD,-,paid
6781,10014,Ледяной перчатки,battlepass,epic,08.03.2026 17:23:00,11.49 USD,null,paid
6782,10014,Костяной венец,currency,common,2026-02-17 20:28:00,85.64,SPRING10,paid
6783,10014,Ледяной плащ,battlepass,epic,2025-10-11 10:00:00,15.54,NaN,paid
6784,10014,Пепельный плащ,currency,common,03.10.2025 00:35:00,54.75,,paid
6785,10014,Ледяной амулет,booster,rare,2026-02-02 05:19:00,4.52,,paid
6786,10014,Ржавый амулет,currency,common,2025-10-15 20:28:00,51.66 USD,NaN,paid
6787,10014,Изумрудный перчатки,booster,epic,2026-05-25 07:29:00,6.84,,paid
6788,10014,Лунный посох,battlepass,LEGENDARY,30.12.2025 11:32:00,"12,81",-,paid
6789,10014,Пепельный печать,battlepass,common,2026-01-07 06:32:00,10.54,н/д,paid
6790,10014,Изумрудный маска,booster,legendary,2025-12-03 06:03:00,8.24,н/д,paid
6791,10014,Тенистый плащ,bundle,EPIC,2026-03-22 07:05:00,27.96,н/д,paid
6792,10014,Ледяной плащ,battlepass,epic,2025-10-10 23:25:00,15.54,,paid
6793,10014,Багровый плащ,currency,epic,03.10.2025 19:08:00,75.44,н/д,paid
6794,10014,Пепельный печать,battlepass,common,2026-03-04 19:38:00,8.43,RETURN20,paid
6795,10014,Костяной печать,battlepass,common,13.10.2025 20:02:00,12.41,null,paid
6796,10027,Терновый венец,cosmetic,rare,2025-11-27 06:20:00,5.01 USD,WELCOME15,paid
6797,10033,Ржавый печать,cosmetic,epic,2025-12-22 02:14:00,13.19,RETURN20,paid
6798,10033,Тенистый клинок,bundle,legendary,2026-01-03 18:16:00,70.79,null,paid
6799,10033,Медный маска,battlepass,common,2025-12-27 12:28:00,11.25,н/д,paid
6800,10033,Ледяной маска,cosmetic,common,27.12.2025 12:16:00,6.65,WELCOME15,paid
6801,10033,Лунный посох,battlepass,LEGENDARY,2025-12-25 12:06:00,8.97,WINTER30,paid
6802,10033,Изумрудный сундук,booster,common,2026-01-02 16:25:00,6.33,н/д,paid
6803,10033,Терновый венец,cosmetic,rare,2025-12-21 21:51:00,5.89,NaN,paid
6804,10033,Медный перчатки,currency,rare,2025-12-23 10:18:00,42.38,WINTER30,paid
6805,10033,Костяной венец,currency,common,2025-12-25 03:55:00,95.16,-,paid
6806,10033,Костяной венец,currency,COMMON,2025-12-27 07:19:00,85.64,SPRING10,paid
6807,10033,Древний посох,cosmetic,EPIC,2025-12-28 03:41:00,4.91,,paid
6808,10033,Ледяной перчатки,battlepass,epic,2025-12-21 13:21:00,11.49,-,paid
6809,10033,Лунный сундук,currency,COMMON,2025-12-22 03:51:00,66.13 USD,SPRING10,paid
6810,10033,Лунный плащ,cosmetic,common,26.12.2025 01:34:00,21.65,null,paid
6811,10033,Изумрудный маска,booster,legendary,2025-12-30 08:03:00,8.24,,paid
6812,10033,Медный посох,booster,common,2025-12-24 11:26:00,8.61,,paid
6813,10043,Ржавый печать,cosmetic,epic,12.04.2026 05:59:00,12.37,AUTUMN25,paid
6814,10043,Костяной посох,currency,COMMON,2026-04-17 06:26:00,31.49,-,paid
6815,10043,Изумрудный посох,booster,common,14.04.2026 21:59:00,null,null,paid
6816,10043,Ржавый печать,cosmetic,epic,18.04.2026 01:32:00,16.49,null,paid
6817,10043,Ржавый фонарь,battlepass,rare,14.04.2026 07:30:00,"10,83",,paid
6818,10043,Тенистый фонарь,battlepass,rare,2026-04-16 07:30:00,"19,53",,paid
6819,10043,Костяной посох,currency,common,12.04.2026 20:37:00,31.49,н/д,paid
6820,10043,Ледяной плащ,battlepass,EPIC,2026-04-13 01:46:00,15.54,,paid
6821,10043,Терновый сундук,booster,EPIC,12.04.2026 22:27:00,5.20,н/д,paid
6822,10054,Тенистый рог,cosmetic,epic,27.09.2025 22:00:00,11.87,,paid
6823,10054,Ржавый печать,cosmetic,epic,2025-10-30 15:51:00,11.54,WINTER30,paid
6824,10054,Золочёный маска,currency,rare,18.09.2025 02:18:00,26.60,RETURN20,paid
6825,10054,Медный посох,booster,common,2025-10-06 08:53:00,8.61,н/д,paid
6826,10054,Ржавый печать,cosmetic,epic,2025-09-19 01:48:00,16.49,н/д,paid
6827,10054,Багровый печать,currency,legendary,27.09.2025 08:29:00,51.22,null,paid
6828,10054,Багровый сундук,booster,legendary,2025-10-31 16:55:00,-,SPRING10,paid
6829,10054,Лунный плащ,cosmetic,common,2025-09-21 18:45:00,21.65,н/д,paid
6830,10067,Ржавый амулет,currency,common,2025-10-10 15:04:00,51.66,null,paid
6831,10067,Тенистый рог,cosmetic,epic,2025-10-11 21:08:00,11.87,н/д,paid
6832,10085,Золочёный посох,booster,RARE,06.03.2026 03:02:00,1.69 USD,,paid
6833,10085,Пепельный посох,booster,RARE,2026-03-06 14:09:00,8.37 USD,WELCOME15,paid
6834,10090,Изумрудный перчатки,booster,epic,2026-03-10 06:55:00,6.84,NaN,paid
6835,10090,Золочёный сундук,booster,epic,2026-01-12 12:47:00,н/д,null,paid
6836,10090,Пепельный плащ,currency,common,2026-01-07 04:43:00,54.75,,paid
6837,10090,Медный маска,battlepass,common,2026-04-16 01:06:00,7.87,WINTER30,paid
6838,10090,Изумрудный перчатки,booster,epic,2026-02-08 23:12:00,6.16,SPRING10,paid
6839,10090,Пепельный посох,booster,rare,2026-01-20 16:18:00,9.85,,paid
6840,10101,Ледяной перчатки,battlepass,epic,2026-03-02 21:09:00,11.49,,paid
6841,10101,Древний сундук,bundle,common,05.04.2026 01:23:00,53.74,-,paid
6842,10101,Костяной венец,currency,common,2026-02-21 09:50:00,95.16,NaN,paid
6843,10104,Тенистый рог,cosmetic,epic,21.04.2026 12:53:00,9.50,RETURN20,paid
6844,10104,Изумрудный перчатки,booster,epic,19.04.2026 05:48:00,6.84,,paid
6845,10104,Костяной венец,currency,COMMON,2026-05-26 10:25:00,95.16,,paid
6846,10113,Тенистый рог,cosmetic,epic,2025-09-27 06:59:00,11.87,-,paid
6847,10119,Изумрудный маска,booster,legendary,2025-12-30 05:51:00,"6,18",AUTUMN25,paid
6848,10133,Костяной печать,battlepass,common,2025-10-17 07:41:00,12.41,null,paid
6849,10133,Багровый плащ,currency,EPIC,2025-10-17 23:24:00,75.44 USD,,paid
6850,10148,Ржавый компас,bundle,common,2026-01-08 23:48:00,53.98,null,paid
6851,10148,Медный перчатки,currency,rare,2026-01-17 18:08:00,60.54,NaN,paid
6852,10148,Ледяной плащ,battlepass,epic,07.01.2026 05:09:00,15.54,-,paid
6853,10155,Ледяной плащ,battlepass,EPIC,2025-09-24 19:32:00,15.54,,paid
6854,10157,Костяной венец,currency,COMMON,26.05.2026 16:42:00,95.16,NaN,paid
6855,10180,Изумрудный посох,booster,common,2025-10-16 13:27:00,6.73,NaN,paid
6856,10183,Ледяной рог,battlepass,common,11.01.2026 23:09:00,NaN,,paid
6857,10187,Тенистый фонарь,battlepass,rare,2026-04-30 18:59:00,13.67,WINTER30,paid
6858,10187,Ржавый амулет,currency,COMMON,02.05.2026 04:54:00,51.66,,paid
6859,10187,Ледяной плащ,battlepass,epic,2026-04-27 16:47:00,11.65,AUTUMN25,paid
6860,10187,Ржавый печать,cosmetic,epic,26.04.2026 05:41:00,"16,49",,paid
6861,10190,Лунный плащ,cosmetic,common,2026-06-03 07:39:00,15.15,WINTER30,paid
6862,10190,Ржавый амулет,currency,common,2026-05-11 18:48:00,46.49,SPRING10,paid
6863,10190,Пепельный плащ,currency,common,2026-04-24 21:57:00,54.75,н/д,paid
6864,10190,Ржавый печать,cosmetic,epic,2026-05-04 08:22:00,16.49,NaN,paid
6865,10190,Тенистый рог,cosmetic,EPIC,20.06.2026 03:46:00,11.87,,paid
6866,10195,Костяной рог,currency,rare,2026-05-20 16:28:00,28.86 USD,н/д,paid
6867,10195,Багровый печать,currency,legendary,2026-05-19 13:36:00,51.22,,paid
6868,10195,Тенистый рог,cosmetic,epic,19.05.2026 02:23:00,10.68,SPRING10,paid
6869,10195,Терновый сундук,booster,epic,20.05.2026 03:07:00,4.16,RETURN20,paid
6870,10195,Костяной венец,currency,common,2026-05-20 17:36:00,66.61,WINTER30,paid
6871,10195,Пепельный рог,booster,epic,19.05.2026 08:22:00,6.05,WELCOME15,paid
6872,10195,Золочёный посох,booster,RARE,2026-05-19 03:47:00,1.69,н/д,paid
6873,10195,Тенистый посох,bundle,common,2026-05-19 23:46:00,13.75,RETURN20,paid
6874,10195,Пепельный печать,battlepass,common,2026-05-19 15:15:00,10.54,н/д,paid
6875,10195,Багровый фонарь,booster,common,2026-05-20 21:53:00,8.35,WELCOME15,paid
6876,10195,Ржавый фонарь,battlepass,rare,2026-05-19 22:25:00,"10,83",-,paid
6877,10195,Лунный сундук,currency,common,20.05.2026 03:50:00,73.48,,paid
6878,10195,Лунный посох,battlepass,legendary,19.05.2026 00:31:00,12.81 USD,н/д,paid
6879,10197,Изумрудный сундук,booster,COMMON,2026-02-12 21:42:00,6.33,-,paid
6880,10202,Тенистый рог,cosmetic,epic,2026-06-17 04:37:00,"10,09",WELCOME15,paid
6881,10202,Золочёный перчатки,cosmetic,rare,2026-06-08 11:40:00,18.76,,paid
6882,10203,Костяной венец,currency,COMMON,2026-05-16 23:08:00,95.16,-,paid
6883,10211,Костяной клинок,cosmetic,common,18.04.2026 15:37:00,NaN,,paid
6884,10217,Костяной венец,currency,common,20.10.2025 06:53:00,95.16,NaN,paid
6885,10238,Лунный венец,currency,epic,2026-05-28 12:34:00,31.36 USD,н/д,paid
6886,10239,Ледяной перчатки,battlepass,epic,2026-04-13 07:45:00,11.49,null,paid
6887,10239,Тенистый посох,bundle,common,25.02.2026 20:41:00,14.61,WELCOME15,paid
6888,10242,Пепельный посох,booster,rare,2025-09-27 00:41:00,9.85,-,paid
6889,10252,Золочёный посох,booster,rare,19.10.2025 14:08:00,1.69,-,paid
6890,10259,Ржавый амулет,currency,common,2026-04-06 16:06:00,51.66,null,paid
6891,10296,Костяной венец,currency,common,17.05.2026 16:33:00,95.16,null,paid
6892,10300,Терновый сундук,booster,epic,2026-02-09 22:20:00,5.20 USD,-,paid
6893,10300,Пепельный печать,battlepass,common,2026-02-09 13:25:00,7.38,WINTER30,paid
6894,10302,Костяной венец,currency,common,05.11.2025 09:25:00,н/д,NaN,paid
6895,10302,Пепельный плащ,currency,common,2025-11-07 05:13:00,54.75,,paid
6896,10302,Костяной венец,currency,common,2025-11-07 15:07:00,95.16,н/д,paid
6897,10302,Костяной венец,currency,common,2025-11-04 09:42:00,95.16,-,paid
6898,10302,Ледяной плащ,battlepass,EPIC,12.11.2025 22:13:00,11.65,AUTUMN25,paid
6899,10302,Терновый венец,cosmetic,RARE,19.11.2025 13:46:00,5.89,,paid
6900,10320,Костяной печать,battlepass,common,2026-05-30 05:33:00,12.41,н/д,paid
6901,10326,Тенистый венец,currency,common,2026-04-26 23:45:00,48.00,WELCOME15,paid
6902,10326,Багровый фонарь,booster,common,2026-06-13 02:13:00,9.82,н/д,paid
6903,10326,Изумрудный маска,booster,legendary,2026-04-23 08:27:00,8.24,-,refunded
6904,10326,Пепельный плащ,currency,common,24.04.2026 22:42:00,54.75,,paid
6905,10328,Ледяной плащ,battlepass,epic,2026-02-11 00:44:00,15.54,,paid
6906,10342,Ледяной перчатки,battlepass,EPIC,2026-03-14 03:54:00,11.49,null,paid
6907,10342,Медный маска,battlepass,common,15.03.2026 20:05:00,11.25,-,paid
6908,10342,Изумрудный посох,booster,common,14.03.2026 02:03:00,6.73,-,paid
6909,10342,Ледяной плащ,battlepass,epic,2026-03-15 00:03:00,,NaN,paid
6910,10342,Ледяной перчатки,battlepass,epic,2026-03-15 06:38:00,11.49,-,paid
6911,10350,Ржавый печать,cosmetic,epic,28.10.2025 02:49:00,14.84,SPRING10,paid
6912,10350,Медный маска,battlepass,common,25.10.2025 08:51:00,10.12,SPRING10,paid
6913,10351,Пепельный печать,battlepass,common,2025-12-20 00:28:00,10.54,,paid
6914,10351,Костяной венец,currency,COMMON,04.12.2025 13:27:00,95.16,н/д,paid
6915,10351,Тенистый посох,bundle,common,2025-10-25 17:56:00,17.19,,paid
6916,10356,Медный амулет,cosmetic,common,2026-02-01 02:17:00,8.10,,paid
6917,10356,Золочёный перчатки,cosmetic,RARE,08.03.2026 17:48:00,18.76 USD,null,paid
6918,10356,Терновый сундук,booster,epic,2026-01-16 07:17:00,5.20,null,paid
6919,10356,Медный посох,booster,COMMON,2026-02-13 17:50:00,7.75,SPRING10,paid
6920,10363,Пепельный печать,battlepass,COMMON,2025-09-05 15:42:00,9.49,SPRING10,paid
6921,10363,Ледяной плащ,battlepass,epic,2025-09-04 01:47:00,15.54,-,paid
6922,10363,Тенистый рог,cosmetic,epic,05.09.2025 12:27:00,11.87,н/д,paid
6923,10363,Терновый венец,cosmetic,rare,2025-09-04 06:05:00,5.89,н/д,paid
6924,10363,Тенистый посох,bundle,COMMON,2025-09-04 04:56:00,13.75,RETURN20,paid
6925,10363,Багровый сундук,booster,legendary,2025-09-04 06:01:00,2.46,,paid
6926,10363,Терновый венец,cosmetic,rare,04.09.2025 01:44:00,"5,01",WELCOME15,paid
6927,10363,Изумрудный печать,cosmetic,common,2025-09-04 06:27:00,21.79,,paid
6928,10363,Медный печать,bundle,rare,2025-09-04 00:58:00,33.96,,paid
6929,10363,Ледяной перчатки,battlepass,epic,2025-09-04 16:50:00,11.49,,paid
6930,10364,Ледяной перчатки,battlepass,EPIC,29.12.2025 13:27:00,11.49,,paid
6931,10381,Медный маска,battlepass,COMMON,2026-04-29 16:17:00,11.25,н/д,paid
6932,10386,Тенистый рог,cosmetic,epic,2025-09-30 07:56:00,11.87,null,paid
6933,10386,Золочёный посох,booster,rare,2025-09-29 15:50:00,1.18,WINTER30,paid
6934,10388,Костяной венец,currency,COMMON,2026-03-27 19:08:00,95.16,NaN,paid
6935,10388,Ржавый печать,cosmetic,EPIC,2026-04-28 20:57:00,16.49,null,paid
6936,10388,Изумрудный сундук,booster,common,2026-04-26 10:42:00,6.33,NaN,paid
6937,10388,Багровый печать,currency,legendary,2026-04-20 23:56:00,46.10 USD,SPRING10,paid
6938,10388,Ледяной рог,battlepass,COMMON,2026-05-24 18:12:00,13.34,,paid
6939,10388,Изумрудный маска,booster,LEGENDARY,2026-05-25 17:55:00,8.24 USD,null,paid
6940,10388,Древний венец,cosmetic,COMMON,2026-06-12 21:50:00,7.99,,paid
6941,10388,Ржавый печать,cosmetic,epic,2026-04-06 02:01:00,16.49,,paid
6942,10388,Тенистый фонарь,battlepass,rare,2026-05-22 21:44:00,13.67,WINTER30,paid
6943,10388,Медный амулет,cosmetic,common,14.05.2026 15:43:00,8.10,,paid
6944,10388,Ледяной перчатки,battlepass,epic,2026-04-23 20:42:00,11.49,NaN,paid
6945,10388,Ржавый печать,cosmetic,epic,02.04.2026 12:47:00,16.49 USD,null,paid
6946,10388,Багровый печать,currency,legendary,30.04.2026 08:23:00,35.85,WINTER30,paid
6947,10388,Пепельный печать,battlepass,common,2026-04-15 12:46:00,10.54,-,paid
6948,10388,Изумрудный сундук,booster,common,31.05.2026 06:50:00,6.33,null,paid
6949,10388,Тенистый фонарь,battlepass,rare,2026-05-01 11:54:00,19.53,,paid
6950,10388,Изумрудный сундук,booster,common,2026-04-29 07:49:00,6.33,NaN,paid
6951,10388,Медный амулет,cosmetic,COMMON,2026-06-21 10:28:00,8.10,null,paid
6952,10388,Тенистый фонарь,battlepass,rare,2026-04-04 00:47:00,19.53 USD,,paid
6953,10388,Терновый венец,cosmetic,rare,2026-04-16 03:36:00,5.89,NaN,paid
6954,10406,Костяной клинок,cosmetic,common,2026-04-15 12:56:00,"17,78",null,paid
6955,10406,Ледяной плащ,battlepass,epic,2026-04-15 21:12:00,15.54 USD,,paid
6956,10406,Пепельный компас,booster,epic,2026-04-15 18:55:00,4.67 USD,WINTER30,paid
6957,10406,Терновый венец,cosmetic,rare,2026-04-15 05:54:00,5.89,,paid
6958,10406,Багровый плащ,currency,epic,2026-04-16 11:27:00,75.44,н/д,paid
6959,10406,Терновый печать,booster,RARE,2026-04-15 02:31:00,,NaN,paid
6960,10406,Золочёный посох,booster,RARE,16.04.2026 04:35:00,1.69,null,paid
6961,10406,Ржавый компас,bundle,common,15.04.2026 10:01:00,"53,98",н/д,paid
6962,10406,Костяной венец,currency,common,16.04.2026 18:30:00,95.16,,paid
6963,10420,Лунный посох,battlepass,legendary,2025-09-16 08:28:00,8.97,WINTER30,paid
6964,10434,Багровый фонарь,booster,common,2026-02-07 23:24:00,9.82,,paid
6965,10445,Костяной венец,currency,common,2025-12-08 19:35:00,95.16,NaN,paid
6966,10445,Изумрудный перчатки,booster,epic,2026-04-22 14:36:00,"6,84",NaN,paid
6967,10451,Золочёный перчатки,cosmetic,rare,2026-05-07 03:30:00,"18,76",-,paid
6968,10451,Ржавый фонарь,battlepass,rare,2026-05-07 14:59:00,10.83,null,paid
6969,10463,Лунный плащ,cosmetic,common,24.01.2026 17:25:00,21.65,-,paid
6970,10472,Ледяной перчатки,battlepass,EPIC,2026-03-25 19:24:00,11.49 USD,,paid
6971,10480,Медный амулет,cosmetic,common,2025-11-30 17:45:00,8.10,,paid
6972,10501,Тенистый фонарь,battlepass,rare,2026-05-26 13:44:00,19.53,-,paid
6973,10508,Древний сундук,bundle,common,06.05.2026 17:14:00,53.74,,paid
6974,10508,Золочёный компас,bundle,RARE,06.05.2026 03:55:00,"57,62",NaN,paid
6975,10508,Ржавый амулет,currency,common,06.05.2026 13:23:00,51.66,,paid
6976,10514,Лунный венец,currency,epic,2025-10-06 14:08:00,"31,36",,paid
6977,10514,Золочёный посох,booster,rare,06.10.2025 04:10:00,1.69,null,paid
6978,10517,Терновый сундук,booster,epic,2025-12-29 11:51:00,5.20,,refunded
6979,10517,Изумрудный сундук,booster,common,2025-12-29 05:41:00,6.33,-,paid
6980,10519,Костяной печать,battlepass,common,2026-04-18 01:52:00,9.31,AUTUMN25,paid
6981,10519,Ледяной плащ,battlepass,epic,2026-04-17 09:29:00,15.54,,paid
6982,10519,Золочёный перчатки,cosmetic,RARE,2026-04-17 04:02:00,15.01,RETURN20,paid
6983,10519,Терновый венец,cosmetic,rare,2026-04-18 18:05:00,5.89,,paid
6984,10519,Костяной посох,currency,common,2026-04-17 05:42:00,31.49,null,paid
6985,10519,Ледяной плащ,battlepass,epic,18.04.2026 07:35:00,15.54,н/д,paid
6986,10538,Ледяной рог,battlepass,COMMON,2026-04-21 00:21:00,13.34,-,paid
6987,10538,Терновый сундук,booster,epic,2026-05-14 18:05:00,5.20,null,paid
6988,10538,Изумрудный плащ,currency,common,2026-05-21 13:53:00,41.79,,paid
6989,10538,Лунный венец,currency,epic,2026-04-10 09:16:00,26.66,WELCOME15,paid
6990,10538,Тенистый клинок,bundle,legendary,24.06.2026 09:58:00,70.79,NaN,paid
6991,10540,Ледяной плащ,battlepass,epic,22.03.2026 15:29:00,15.54,,paid
6992,10540,Лунный венец,currency,epic,28.01.2026 09:39:00,31.36,-,paid
6993,10540,Костяной посох,currency,common,2026-02-13 17:29:00,н/д,н/д,paid
6994,10540,Изумрудный маска,booster,legendary,2026-06-11 06:44:00,,null,paid
6995,10550,Ржавый амулет,currency,common,22.06.2026 23:49:00,51.66,NaN,paid
6996,10550,Тенистый рог,cosmetic,epic,2026-05-04 04:45:00,11.87,,paid
6997,10550,Ледяной плащ,battlepass,epic,10.06.2026 12:44:00,15.54,н/д,paid
6998,10550,Костяной маска,currency,legendary,2026-05-29 05:30:00,23.03,-,paid
6999,10550,Лунный венец,currency,epic,17.05.2026 13:53:00,"28,22",SPRING10,paid
7000,10550,Ледяной плащ,battlepass,EPIC,2026-05-06 10:58:00,15.54,-,paid
7001,10550,Медный маска,battlepass,common,2026-06-03 22:18:00,11.25,,paid
7002,10550,Медный маска,battlepass,COMMON,2026-05-26 23:50:00,11.25,н/д,paid
7003,10550,Пепельный рог,booster,epic,2026-05-04 09:29:00,7.12,null,paid
7004,10550,Пепельный плащ,currency,common,2026-05-16 20:47:00,54.75 USD,NaN,paid
7005,10550,Ржавый плащ,currency,legendary,2026-06-11 05:24:00,60.75,н/д,paid
7006,10550,Древний венец,cosmetic,COMMON,2026-05-05 20:36:00,7.99,-,paid
7007,10550,Медный печать,bundle,RARE,14.05.2026 08:57:00,33.96,,paid
7008,10550,Терновый венец,cosmetic,rare,07.05.2026 06:17:00,5.89,-,paid
7009,10550,Золочёный посох,booster,rare,2026-05-30 19:34:00,1.69,,paid
7010,10550,Костяной посох,currency,common,2026-06-30 15:53:00,31.49,,paid
7011,10550,Костяной печать,battlepass,COMMON,2026-05-18 13:11:00,12.41,н/д,paid
7012,10550,Ледяной перчатки,battlepass,EPIC,2026-05-12 15:54:00,11.49,,paid
7013,10550,Изумрудный печать,cosmetic,common,2026-05-10 01:34:00,21.79 USD,н/д,paid
7014,10550,Ржавый печать,cosmetic,epic,16.06.2026 08:36:00,11.54,WINTER30,paid
7015,10550,Ржавый фонарь,battlepass,RARE,04.05.2026 09:20:00,10.83,,paid
7016,10550,Костяной венец,currency,common,16.05.2026 04:02:00,95.16,NaN,paid
7017,10550,Ледяной плащ,battlepass,epic,2026-05-06 22:40:00,11.65,AUTUMN25,paid
7018,10550,Тенистый клинок,bundle,LEGENDARY,2026-05-06 21:20:00,70.79,,paid
7019,10550,Ржавый печать,cosmetic,epic,2026-05-18 00:08:00,16.49,,paid
7020,10550,Терновый венец,cosmetic,RARE,2026-06-11 11:52:00,4.42,AUTUMN25,paid
7021,10550,Тенистый плащ,bundle,epic,2026-05-20 01:14:00,27.96,,paid
7022,10550,Терновый рог,bundle,EPIC,2026-06-29 08:29:00,17.39,,paid
7023,10550,Пепельный плащ,currency,common,2026-05-04 09:44:00,46.54,WELCOME15,refunded
7024,10550,Костяной рог,currency,RARE,2026-06-17 23:40:00,28.86,NaN,paid
7025,10550,Костяной венец,currency,common,2026-06-29 03:54:00,95.16,н/д,refunded
7026,10550,Костяной венец,currency,common,10.06.2026 05:14:00,95.16,н/д,paid
7027,10550,Золочёный компас,bundle,rare,2026-06-24 09:54:00,57.62,NaN,paid
7028,10550,Костяной венец,currency,common,2026-06-01 23:47:00,95.16,NaN,paid
7029,10550,Золочёный посох,booster,RARE,2026-05-21 11:17:00,1.69 USD,,paid
7030,10550,Костяной венец,currency,common,2026-05-04 05:36:00,71.37,AUTUMN25,paid
7031,10550,Изумрудный маска,booster,legendary,2026-05-04 00:19:00,8.24,,paid
7032,10550,Ледяной рог,battlepass,common,2026-06-26 22:53:00,13.34,,paid
7033,10550,Ледяной рог,battlepass,common,2026-05-05 18:16:00,13.34,н/д,paid
7034,10550,Тенистый фонарь,battlepass,rare,04.05.2026 11:08:00,19.53,NaN,paid
7035,10550,Ледяной перчатки,battlepass,epic,2026-06-10 17:25:00,11.49,,paid
7036,10550,Багровый сундук,booster,legendary,04.05.2026 19:15:00,2.46,,paid
7037,10550,Ледяной плащ,battlepass,epic,2026-05-29 04:16:00,15.54,,paid
7038,10550,Тенистый рог,cosmetic,epic,2026-06-23 23:59:00,11.87,,paid
7039,10550,Костяной маска,currency,LEGENDARY,11.05.2026 10:45:00,23.03,,paid
7040,10550,Тенистый рог,cosmetic,EPIC,2026-06-28 19:27:00,11.87,null,paid
7041,10550,Терновый венец,cosmetic,rare,06.06.2026 08:00:00,5.89,,paid
7042,10550,Тенистый клинок,bundle,legendary,2026-06-18 08:29:00,70.79,null,paid
7043,10550,Золочёный рог,currency,common,2026-05-15 01:41:00,"55,93",AUTUMN25,paid
7044,10550,Ржавый амулет,currency,common,2026-05-04 06:38:00,51.66 USD,,paid
7045,10550,Терновый сундук,booster,EPIC,2026-05-18 05:35:00,4.42,WELCOME15,paid
7046,10550,Костяной венец,currency,common,2026-05-23 13:47:00,95.16,,paid
7047,10550,Ледяной плащ,battlepass,EPIC,2026-06-19 17:34:00,15.54,,paid
7048,10550,Терновый рог,bundle,epic,25.06.2026 16:53:00,17.39,,paid
7049,10550,Медный маска,battlepass,common,2026-06-10 14:52:00,11.25,,paid
7050,10550,Тенистый фонарь,battlepass,rare,2026-06-09 20:35:00,19.53,,paid
7051,10550,Ржавый плащ,currency,legendary,2026-05-05 20:07:00,"51,64",WELCOME15,paid
7052,10550,Ледяной рог,battlepass,common,2026-05-16 18:47:00,13.34,-,paid
7053,10550,Лунный посох,battlepass,legendary,2026-05-22 19:12:00,9.61,AUTUMN25,paid
7054,10550,Ледяной плащ,battlepass,epic,2026-05-04 01:29:00,15.54,,paid
7055,10550,Ржавый печать,cosmetic,epic,2026-06-19 13:16:00,12.37,AUTUMN25,paid
7056,10550,Костяной венец,currency,common,14.05.2026 00:40:00,95.16,,paid
7057,10550,Изумрудный посох,booster,common,2026-05-12 21:47:00,6.73,н/д,paid
7058,10550,Пепельный печать,battlepass,common,2026-06-19 01:56:00,8.43,RETURN20,paid
7059,10550,Багровый сундук,booster,legendary,2026-05-25 13:07:00,2.46,null,paid
7060,10550,Медный амулет,cosmetic,common,2026-05-17 07:26:00,8.10,NaN,paid
7061,10550,Багровый сундук,booster,LEGENDARY,2026-06-07 15:54:00,2.46,NaN,paid
7062,10550,Медный маска,battlepass,common,2026-05-18 07:43:00,11.25,,paid
7063,10550,Ледяной плащ,battlepass,epic,2026-05-10 06:50:00,15.54,NaN,paid
7064,10550,Костяной маска,currency,legendary,22.05.2026 10:17:00,"19,58",WELCOME15,paid
7065,10550,Костяной рог,currency,rare,2026-06-29 01:14:00,28.86,н/д,paid
7066,10550,Ледяной перчатки,battlepass,epic,2026-05-13 11:11:00,11.49 USD,,paid
7067,10550,Ледяной рог,battlepass,common,2026-05-30 10:40:00,13.34,,paid
7068,10550,Терновый венец,cosmetic,rare,2026-05-13 23:43:00,"5,89",,paid
7069,10550,Ледяной плащ,battlepass,epic,2026-06-20 09:15:00,15.54,-,paid
7070,10550,Багровый плащ,currency,epic,23.05.2026 00:20:00,"75,44",NaN,paid
7071,10550,Багровый плащ,currency,epic,2026-05-22 18:31:00,"75,44",-,paid
7072,10550,Тенистый рог,cosmetic,epic,16.05.2026 20:18:00,8.90,AUTUMN25,paid
7073,10550,Древний сундук,bundle,common,26.06.2026 02:41:00,53.74,,paid
7074,10550,Тенистый венец,currency,common,2026-06-25 02:07:00,48.00,WELCOME15,paid
7075,10550,Лунный сундук,currency,common,2026-06-13 19:10:00,51.44,WINTER30,paid
7076,10550,Ледяной плащ,battlepass,epic,2026-06-03 18:15:00,"15,54",,paid
7077,10550,Лунный венец,currency,epic,2026-06-20 21:14:00,23.52,AUTUMN25,paid
7078,10550,Костяной венец,currency,common,2026-05-19 10:39:00,95.16 USD,-,paid
7079,10550,Костяной венец,currency,common,09.06.2026 18:50:00,95.16 USD,,paid
7080,10550,Терновый сундук,booster,EPIC,06.05.2026 11:41:00,,,paid
7081,10550,Лунный плащ,cosmetic,COMMON,2026-05-25 10:34:00,21.65,null,paid
7082,10550,Багровый сундук,booster,legendary,05.05.2026 18:00:00,2.46,-,paid
7083,10550,Костяной венец,currency,common,2026-05-06 12:47:00,95.16,,paid
7084,10550,Ледяной перчатки,battlepass,EPIC,2026-05-21 01:39:00,11.49,,paid
7085,10550,Костяной венец,currency,common,2026-05-09 04:25:00,80.89,WELCOME15,paid
7086,10550,Костяной посох,currency,common,2026-05-06 23:15:00,31.49,,paid
7087,10550,Пепельный плащ,currency,common,02.06.2026 01:58:00,38.32,WINTER30,paid
7088,10550,Терновый рог,bundle,epic,2026-06-22 17:54:00,17.39,null,paid
7089,10550,Терновый венец,cosmetic,rare,2026-05-14 09:56:00,5.89 USD,,paid
7090,10550,Костяной венец,currency,common,2026-05-30 03:09:00,"95,16",-,paid
7091,10550,Лунный плащ,cosmetic,COMMON,24.05.2026 09:02:00,21.65,,paid
7092,10550,Тенистый венец,currency,common,04.05.2026 11:56:00,56.47,,paid
7093,10550,Пепельный плащ,currency,common,2026-05-04 08:54:00,54.75,null,paid
7094,10550,Ржавый фонарь,battlepass,rare,31.05.2026 16:37:00,8.12,AUTUMN25,paid
7095,10550,Костяной печать,battlepass,COMMON,2026-06-26 11:03:00,11.17,SPRING10,paid
7096,10550,Золочёный компас,bundle,rare,2026-06-08 23:03:00,57.62,null,paid
7097,10550,Ледяной плащ,battlepass,epic,2026-05-04 14:46:00,15.54,,paid
7098,10550,Золочёный компас,bundle,rare,2026-05-17 04:33:00,46.10,RETURN20,paid
7099,10550,Костяной посох,currency,common,2026-05-04 14:56:00,31.49,,paid
7100,10550,Пепельный плащ,currency,common,2026-06-15 18:49:00,54.75,н/д,paid
7101,10550,Медный перчатки,currency,rare,2026-06-18 21:35:00,51.46,WELCOME15,paid
7102,10550,Тенистый фонарь,battlepass,RARE,2026-05-04 09:47:00,19.53,null,paid
7103,10550,Костяной венец,currency,common,2026-05-04 09:26:00,95.16,null,paid
7104,10550,Изумрудный плащ,currency,COMMON,2026-05-24 05:48:00,41.79,н/д,paid
7105,10550,Ржавый амулет,currency,common,2026-06-25 16:19:00,51.66,н/д,paid
7106,10550,Ржавый амулет,currency,common,2026-06-26 06:25:00,51.66,,paid
7107,10550,Медный перчатки,currency,RARE,2026-05-23 05:05:00,60.54,,paid
7108,10550,Золочёный посох,booster,rare,25.05.2026 15:52:00,1.69 USD,,paid
7109,10550,Пепельный печать,battlepass,common,2026-06-10 07:13:00,10.54 USD,NaN,paid
7110,10550,Пепельный печать,battlepass,common,2026-06-02 02:41:00,10.54,NaN,paid
7111,10550,Костяной венец,currency,COMMON,27.05.2026 03:34:00,95.16,,paid
7112,10550,Ржавый фонарь,battlepass,rare,2026-06-21 18:39:00,10.83,null,paid
7113,10550,Костяной венец,currency,common,2026-05-09 20:22:00,95.16,-,paid
7114,10550,Изумрудный посох,booster,common,2026-05-17 04:48:00,6.73,NaN,paid
7115,10550,Тенистый венец,currency,common,2026-05-18 03:03:00,56.47,,paid
7116,10550,Ледяной плащ,battlepass,epic,13.05.2026 10:24:00,,,paid
7117,10550,Костяной посох,currency,common,2026-06-02 23:07:00,31.49,н/д,paid
7118,10550,Костяной печать,battlepass,common,2026-05-17 16:20:00,9.31,AUTUMN25,paid
7119,10550,Изумрудный плащ,currency,common,2026-05-04 00:26:00,33.43 USD,RETURN20,paid
7120,10550,Пепельный компас,booster,epic,2026-05-30 21:15:00,5.67 USD,WELCOME15,paid
7121,10550,Ледяной рог,battlepass,common,28.06.2026 05:46:00,12.01,SPRING10,paid
7122,10550,Тенистый венец,currency,common,2026-05-05 02:34:00,50.82,SPRING10,paid
7123,10550,Костяной венец,currency,common,2026-05-09 22:01:00,95.16,-,paid
7124,10550,Золочёный посох,booster,rare,2026-06-08 03:50:00,1.69,-,paid
7125,10550,Ледяной перчатки,battlepass,epic,2026-05-27 13:59:00,11.49,,paid
7126,10550,Изумрудный сундук,booster,COMMON,2026-05-05 07:48:00,6.33,,paid
7127,10550,Терновый печать,booster,rare,20.05.2026 08:00:00,7.48,,paid
7128,10550,Изумрудный сундук,booster,common,2026-06-21 08:11:00,6.33,NaN,paid
7129,10550,Ледяной перчатки,battlepass,epic,2026-05-04 19:35:00,8.04 USD,WINTER30,paid
7130,10550,Ледяной плащ,battlepass,epic,2026-05-16 05:17:00,15.54,,paid
7131,10550,Золочёный рог,currency,common,25.06.2026 19:50:00,52.20,WINTER30,paid
7132,10550,Ржавый амулет,currency,COMMON,05.05.2026 17:09:00,51.66,,paid
7133,10550,Ржавый амулет,currency,common,2026-05-31 18:10:00,51.66,NaN,paid
7134,10550,Костяной венец,currency,common,17.05.2026 10:20:00,95.16,,paid
7135,10550,Медный посох,booster,common,07.05.2026 04:35:00,6.03,WINTER30,paid
7136,10550,Багровый фонарь,booster,common,03.06.2026 11:49:00,9.82,-,paid
7137,10550,Ледяной плащ,battlepass,EPIC,09.05.2026 00:59:00,15.54,-,paid
7138,10550,Костяной венец,currency,common,2026-05-23 07:25:00,66.61 USD,WINTER30,refunded
7139,10550,Медный маска,battlepass,common,15.06.2026 06:18:00,11.25,,paid
7140,10550,Ледяной плащ,battlepass,epic,2026-05-15 15:20:00,15.54,н/д,paid
7141,10550,Багровый сундук,booster,legendary,2026-05-06 06:13:00,1.84,AUTUMN25,paid
7142,10550,Костяной венец,currency,common,31.05.2026 13:24:00,95.16,н/д,paid
7143,10550,Золочёный посох,booster,rare,28.05.2026 15:44:00,1.69,,paid
7144,10550,Изумрудный сундук,booster,common,2026-05-10 19:13:00,"6,33",,paid
7145,10550,Ледяной плащ,battlepass,epic,2026-06-09 04:30:00,15.54,null,paid
7146,10550,Ледяной амулет,booster,rare,2026-06-16 16:07:00,3.62,RETURN20,paid
7147,10550,Костяной печать,battlepass,COMMON,2026-05-09 09:22:00,"12,41",,paid
7148,10550,Костяной маска,currency,LEGENDARY,2026-05-16 20:02:00,23.03,,paid
7149,10550,Медный перчатки,currency,rare,10.05.2026 07:19:00,60.54,null,paid
7150,10550,Изумрудный посох,booster,common,2026-05-30 01:06:00,6.73 USD,,paid
7151,10550,Тенистый фонарь,battlepass,rare,2026-05-07 03:03:00,19.53,,paid
7152,10550,Костяной перчатки,battlepass,rare,2026-05-30 09:23:00,16.91,-,paid
7153,10550,Костяной венец,currency,common,2026-06-04 15:18:00,95.16,NaN,paid
7154,10550,Костяной перчатки,battlepass,rare,2026-06-08 17:43:00,16.91,-,paid
7155,10550,Ржавый фонарь,battlepass,rare,2026-06-09 03:07:00,10.83 USD,-,paid
7156,10550,Костяной венец,currency,COMMON,2026-06-11 11:37:00,95.16,н/д,paid
7157,10550,Пепельный плащ,currency,common,05.05.2026 20:46:00,54.75,,paid
7158,10550,Золочёный посох,booster,RARE,2026-06-03 18:29:00,"1,69",,paid
7159,10550,Костяной венец,currency,common,2026-05-06 14:13:00,95.16,NaN,paid
7160,10550,Багровый сундук,booster,legendary,2026-05-04 21:54:00,2.46,-,paid
7161,10550,Ледяной рог,battlepass,common,2026-06-14 15:06:00,"13,34",null,paid
7162,10550,Ледяной плащ,battlepass,epic,2026-06-16 23:19:00,"11,65",AUTUMN25,paid
7163,10550,Золочёный посох,booster,RARE,12.06.2026 09:51:00,1.27 USD,AUTUMN25,paid
7164,10550,Лунный венец,currency,epic,2026-06-16 06:50:00,31.36,null,paid
7165,10550,Багровый сундук,booster,legendary,2026-05-31 19:27:00,1.97 USD,RETURN20,paid
7166,10550,Золочёный компас,bundle,rare,30.05.2026 03:15:00,57.62,,paid
7167,10550,Пепельный посох,booster,RARE,2026-06-23 06:50:00,9.85,,paid
7168,10550,Ледяной плащ,battlepass,epic,2026-06-28 20:48:00,15.54,-,paid
7169,10550,Костяной венец,currency,COMMON,07.05.2026 21:46:00,95.16,,paid
7170,10550,Ледяной рог,battlepass,common,30.05.2026 17:58:00,13.34,NaN,paid
7171,10550,Изумрудный плащ,currency,common,2026-05-05 09:52:00,31.34 USD,AUTUMN25,paid
7172,10550,Золочёный посох,booster,rare,2026-05-11 17:02:00,1.69,,paid
7173,10550,Ледяной рог,battlepass,common,2026-05-16 01:12:00,"13,34",NaN,paid
7174,10550,Терновый сундук,booster,epic,2026-05-21 02:38:00,5.20,null,paid
7175,10550,Медный амулет,cosmetic,common,2026-05-30 07:02:00,8.10 USD,-,paid
7176,10550,Костяной венец,currency,COMMON,26.05.2026 18:45:00,95.16,,paid
7177,10550,Костяной венец,currency,common,2026-06-20 18:33:00,95.16,,paid
7178,10550,Костяной печать,battlepass,common,2026-06-16 02:59:00,12.41,,paid
7179,10550,Ржавый компас,bundle,common,2026-05-04 13:58:00,53.98,NaN,paid
7180,10550,Терновый печать,booster,RARE,2026-05-19 16:37:00,7.48,,paid
7181,10550,Тенистый рог,cosmetic,epic,2026-05-12 23:20:00,11.87,,paid
7182,10550,Костяной венец,currency,common,08.05.2026 19:02:00,80.89,WELCOME15,paid
7183,10550,Золочёный посох,booster,rare,2026-05-04 22:47:00,"1,69",,paid
7184,10550,Тенистый венец,currency,COMMON,2026-05-12 07:22:00,56.47,,paid
7185,10550,Тенистый фонарь,battlepass,rare,2026-05-21 22:27:00,19.53,,paid
7186,10550,Пепельный плащ,currency,common,2026-05-17 13:10:00,54.75,NaN,paid
7187,10550,Медный печать,bundle,rare,13.05.2026 14:21:00,33.96,NaN,refunded
7188,10550,Медный перчатки,currency,rare,2026-05-07 22:33:00,60.54,-,paid
7189,10555,Изумрудный перчатки,booster,epic,2025-09-08 22:24:00,5.47,RETURN20,paid
7190,10555,Лунный посох,battlepass,LEGENDARY,07.09.2025 05:26:00,10.25,RETURN20,paid
7191,10555,Костяной венец,currency,common,07.09.2025 22:09:00,95.16,,paid
7192,10572,Костяной печать,battlepass,common,2026-02-07 15:41:00,12.41,,paid
7193,10572,Золочёный посох,booster,rare,11.02.2026 05:50:00,1.69,,paid
7194,10572,Костяной венец,currency,common,2026-02-06 04:00:00,95.16,NaN,paid
7195,10572,Ржавый амулет,currency,common,2026-02-10 11:47:00,51.66,null,paid
7196,10606,Изумрудный маска,booster,legendary,2026-06-23 00:20:00,8.24,-,paid
7197,10606,Терновый рог,bundle,epic,02.05.2026 06:06:00,17.39,-,paid
7198,10611,Ледяной рог,battlepass,common,2025-10-17 19:51:00,13.34,,paid
7199,10611,Древний венец,cosmetic,COMMON,2025-10-18 11:08:00,7.99,н/д,paid
7200,10611,Медный маска,battlepass,common,2025-10-17 13:35:00,11.25,н/д,paid
7201,10611,Пепельный компас,booster,epic,18.10.2025 15:43:00,6.67,null,paid
7202,10613,Золочёный рог,currency,common,2025-09-29 01:13:00,55.93,AUTUMN25,paid
7203,10613,Ледяной плащ,battlepass,epic,2025-10-02 04:07:00,"15,54",н/д,paid
7204,10613,Ледяной амулет,booster,rare,2025-09-13 21:37:00,4.52,,paid
7205,10613,Пепельный печать,battlepass,common,2025-09-13 16:12:00,8.43,RETURN20,paid
7206,10629,Ржавый плащ,currency,legendary,26.09.2025 10:16:00,60.75,,paid
7207,10629,Ржавый фонарь,battlepass,rare,2025-09-26 08:14:00,10.83 USD,,paid
7208,10649,Костяной венец,currency,common,2025-11-17 08:38:00,95.16,,paid
7209,10649,Тенистый рог,cosmetic,epic,2025-11-17 02:21:00,8.31,WINTER30,refunded
7210,10649,Медный маска,battlepass,common,2025-11-17 13:30:00,11.25,-,paid
7211,10651,Изумрудный печать,cosmetic,common,2026-04-27 23:08:00,21.79,н/д,paid
7212,10651,Изумрудный сундук,booster,common,2026-04-25 22:24:00,6.33,,paid
7213,10651,Багровый сундук,booster,legendary,2026-04-21 14:11:00,"2,46",null,paid
7214,10651,Изумрудный плащ,currency,COMMON,2026-04-22 13:22:00,41.79,,paid
7215,10655,Терновый венец,cosmetic,rare,2026-03-28 08:49:00,5.89,н/д,paid
7216,10655,Изумрудный плащ,currency,common,14.03.2026 09:11:00,41.79,н/д,paid
7217,10658,Терновый сундук,booster,epic,2026-02-13 11:54:00,5.20,,paid
7218,10658,Ледяной перчатки,battlepass,EPIC,2026-02-12 17:41:00,11.49 USD,,paid
7219,10658,Костяной венец,currency,common,2026-02-12 04:17:00,95.16 USD,,paid
7220,10658,Медный амулет,cosmetic,common,18.02.2026 06:17:00,8.10,н/д,paid
7221,10658,Золочёный посох,booster,rare,2026-02-20 21:11:00,1.69,null,paid
7222,10658,Ледяной плащ,battlepass,epic,2026-02-25 15:24:00,15.54,,paid
7223,10658,Пепельный плащ,currency,common,2026-02-17 09:40:00,54.75,,paid
7224,10658,Золочёный сундук,booster,epic,2026-02-28 03:58:00,9.83,,paid
7225,10663,Золочёный посох,booster,rare,24.12.2025 08:35:00,1.69,н/д,paid
7226,10664,Древний посох,cosmetic,epic,2026-05-30 06:29:00,4.91,NaN,paid
7227,10666,Ржавый печать,cosmetic,epic,2025-12-17 20:19:00,16.49,-,paid
7228,10683,Ржавый печать,cosmetic,epic,2026-02-03 14:21:00,12.37,AUTUMN25,paid
7229,10716,Ледяной плащ,battlepass,epic,2025-12-22 09:01:00,15.54,,paid
7230,10731,Тенистый клинок,bundle,LEGENDARY,15.12.2025 07:40:00,70.79,н/д,paid
7231,10731,Костяной печать,battlepass,common,2025-12-12 11:28:00,12.41,н/д,paid
7232,10732,Тенистый клинок,bundle,legendary,2026-05-19 23:48:00,70.79,,paid
7233,10732,Ледяной амулет,booster,rare,20.05.2026 20:16:00,4.52,null,paid
7234,10732,Пепельный плащ,currency,common,2026-05-20 17:39:00,54.75,,paid
7235,10746,Багровый сундук,booster,legendary,27.02.2026 15:56:00,2.46,null,paid
7236,10770,Золочёный перчатки,cosmetic,rare,2025-11-20 14:37:00,15.01,RETURN20,paid
7237,10770,Тенистый рог,cosmetic,EPIC,20.11.2025 00:33:00,11.87,null,paid
7238,10783,Ржавый фонарь,battlepass,rare,31.01.2026 11:13:00,8.66,RETURN20,paid
7239,10783,Золочёный маска,currency,rare,09.02.2026 09:28:00,33.25 USD,,paid
7240,10783,Медный посох,booster,COMMON,2026-02-05 11:00:00,7.32,WELCOME15,paid
7241,10783,Пепельный рог,booster,epic,2026-02-04 13:54:00,7.12,н/д,paid
7242,10783,Ледяной плащ,battlepass,epic,2026-02-07 19:59:00,13.21,WELCOME15,paid
7243,10783,Пепельный печать,battlepass,common,10.02.2026 05:55:00,10.54,-,paid
7244,10783,Медный маска,battlepass,common,2026-01-29 10:33:00,9.56,WELCOME15,paid
7245,10783,Ржавый амулет,currency,common,2026-01-30 00:50:00,51.66,,paid
7246,10783,Изумрудный печать,cosmetic,common,2026-02-04 02:48:00,21.79,,paid
7247,10783,Терновый сундук,booster,epic,2026-01-30 21:18:00,5.20,,paid
7248,10783,Ржавый печать,cosmetic,epic,2026-02-09 14:21:00,16.49,,paid
7249,10783,Пепельный рог,booster,epic,10.02.2026 22:26:00,7.12,null,paid
7250,10783,Костяной печать,battlepass,common,2026-01-29 03:48:00,12.41,,paid
7251,10783,Тенистый фонарь,battlepass,rare,09.02.2026 19:20:00,19.53,,paid
7252,10783,Терновый печать,booster,rare,2026-01-29 11:05:00,6.36,WELCOME15,paid
7253,10783,Тенистый клинок,bundle,legendary,2026-01-30 18:04:00,70.79,null,paid
7254,10783,Тенистый рог,cosmetic,epic,2026-02-02 11:08:00,11.87,-,paid
7255,10783,Пепельный печать,battlepass,common,2026-02-05 23:38:00,7.90,AUTUMN25,paid
7256,10783,Медный посох,booster,common,2026-02-03 15:01:00,8.61,н/д,paid
7257,10783,Медный амулет,cosmetic,COMMON,2026-02-09 23:17:00,8.10,null,paid
7258,10783,Древний сундук,bundle,common,2026-01-31 08:00:00,53.74 USD,NaN,paid
7259,10783,Багровый печать,currency,legendary,2026-02-06 23:29:00,51.22 USD,,paid
7260,10783,Изумрудный сундук,booster,common,11.02.2026 11:04:00,6.33,,paid
7261,10783,Ржавый печать,cosmetic,epic,2026-02-05 22:03:00,"16,49",null,paid
7262,10783,Ледяной перчатки,battlepass,epic,2026-02-05 21:17:00,8.62,AUTUMN25,paid
7263,10783,Древний посох,cosmetic,epic,2026-02-02 15:53:00,4.91,,paid
7264,10783,Костяной маска,currency,legendary,04.02.2026 23:57:00,19.58,WELCOME15,paid
7265,10783,Багровый плащ,currency,epic,29.01.2026 09:17:00,52.81,WINTER30,paid
7266,10783,Ржавый амулет,currency,common,2026-01-30 02:02:00,41.33,RETURN20,paid
7267,10783,Пепельный печать,battlepass,common,30.01.2026 20:01:00,9.49,SPRING10,paid
7268,10783,Костяной посох,currency,common,2026-02-05 05:37:00,31.49,н/д,paid
7269,10783,Костяной венец,currency,common,2026-02-04 01:18:00,95.16 USD,-,paid
7270,10783,Тенистый плащ,bundle,EPIC,2026-01-30 21:38:00,27.96,,paid
7271,10783,Тенистый фонарь,battlepass,rare,2026-01-30 06:34:00,19.53,NaN,paid
7272,10783,Золочёный перчатки,cosmetic,rare,2026-02-06 21:46:00,18.76,-,paid
7273,10787,Лунный посох,battlepass,legendary,2026-02-22 14:19:00,12.81,null,paid
7274,10787,Медный маска,battlepass,common,2026-04-27 01:09:00,11.25,null,paid
7275,10800,Багровый печать,currency,legendary,2025-12-18 07:17:00,51.22 USD,NaN,paid
7276,10815,Ледяной плащ,battlepass,epic,2026-06-15 18:59:00,15.54,NaN,paid
7277,10815,Ледяной рог,battlepass,common,2026-06-24 19:21:00,10.00,AUTUMN25,paid
7278,10816,Лунный венец,currency,epic,2026-03-26 20:35:00,31.36,,paid
7279,10816,Ледяной рог,battlepass,COMMON,2026-03-06 12:10:00,9.34 USD,WINTER30,paid
7280,10832,Изумрудный плащ,currency,common,2025-10-19 13:38:00,41.79,,paid
7281,10832,Костяной венец,currency,common,2025-10-19 20:26:00,95.16,,paid
7282,10832,Терновый сундук,booster,epic,2025-10-19 02:31:00,4.16,RETURN20,paid
7283,10832,Медный посох,booster,COMMON,2025-10-19 14:19:00,8.61,,paid
7284,10832,Багровый сундук,booster,legendary,2025-10-20 07:22:00,2.46,,paid
7285,10832,Костяной венец,currency,common,19.10.2025 06:43:00,95.16,,paid
7286,10832,Ржавый печать,cosmetic,epic,2025-10-20 10:32:00,16.49,,paid
7287,10845,Пепельный компас,booster,epic,2026-01-05 04:37:00,6.67,,paid
7288,10853,Изумрудный сундук,booster,common,2026-02-19 17:53:00,6.33,null,paid
7289,10853,Ледяной плащ,battlepass,epic,2026-02-18 14:30:00,15.54,н/д,paid
7290,10853,Медный амулет,cosmetic,common,2026-02-19 04:20:00,8.10,н/д,paid
7291,10853,Ржавый плащ,currency,LEGENDARY,2026-02-20 14:52:00,60.75,null,paid
7292,10853,Ледяной плащ,battlepass,epic,2026-02-19 06:40:00,15.54,-,paid
7293,10853,Ледяной перчатки,battlepass,epic,2026-02-18 07:28:00,"10,34",SPRING10,paid
7294,10853,Изумрудный перчатки,booster,EPIC,2026-02-18 16:12:00,6.84,null,paid
7295,10853,Пепельный печать,battlepass,common,2026-02-18 16:34:00,10.54 USD,,paid
7296,10853,Терновый сундук,booster,EPIC,2026-02-18 10:10:00,5.20 USD,,paid
7297,10853,Багровый сундук,booster,legendary,2026-02-20 09:18:00,2.46 USD,null,paid
7298,10853,Ледяной рог,battlepass,common,2026-02-19 11:48:00,13.34,,paid
7299,10853,Ледяной маска,cosmetic,COMMON,2026-02-18 08:22:00,7.82,,paid
7300,10853,Ледяной плащ,battlepass,epic,19.02.2026 09:57:00,15.54 USD,,paid
7301,10853,Ледяной плащ,battlepass,epic,2026-02-18 10:09:00,15.54,н/д,refunded
7302,10853,Медный маска,battlepass,common,20.02.2026 16:50:00,11.25,null,paid
7303,10861,Ледяной перчатки,battlepass,epic,2026-06-29 19:51:00,11.49,,paid
7304,10861,Пепельный печать,battlepass,common,2026-06-27 22:15:00,10.54,н/д,paid
7305,10861,Пепельный печать,battlepass,COMMON,2026-06-27 15:44:00,10.54,,paid
7306,10861,Лунный венец,currency,epic,2026-06-29 02:26:00,31.36,,paid
7307,10861,Медный амулет,cosmetic,common,2026-06-27 13:03:00,8.10,,paid
7308,10861,Лунный плащ,cosmetic,common,2026-06-28 13:27:00,21.65,н/д,paid
7309,10861,Ледяной плащ,battlepass,epic,29.06.2026 09:31:00,15.54,-,paid
7310,10861,Ржавый амулет,currency,common,28.06.2026 07:29:00,51.66,-,paid
7311,10861,Ледяной перчатки,battlepass,epic,2026-06-29 08:52:00,"10,34",SPRING10,paid
7312,10861,Терновый венец,cosmetic,rare,2026-06-28 20:34:00,5.89 USD,,paid
7313,10861,Древний венец,cosmetic,common,2026-06-27 15:45:00,7.99 USD,null,paid
7314,10861,Тенистый фонарь,battlepass,rare,2026-06-29 10:09:00,"19,53",,paid
7315,10861,Изумрудный сундук,booster,common,2026-06-27 21:11:00,6.33,н/д,paid
7316,10861,Медный маска,battlepass,common,2026-06-27 06:54:00,11.25,,paid
7317,10861,Ледяной рог,battlepass,common,27.06.2026 05:23:00,13.34 USD,н/д,paid
7318,10866,Золочёный посох,booster,rare,2026-02-23 08:58:00,1.69,-,paid
7319,10866,Медный амулет,cosmetic,common,02.02.2026 18:33:00,8.10,н/д,paid
7320,10868,Костяной посох,currency,common,25.12.2025 13:29:00,31.49,-,paid
7321,10868,Терновый рог,bundle,epic,2026-04-29 20:04:00,17.39,-,paid
7322,10868,Терновый венец,cosmetic,rare,2025-12-15 07:22:00,5.89,NaN,paid
7323,10868,Терновый сундук,booster,epic,2026-03-02 12:48:00,5.20,NaN,paid
7324,10868,Золочёный компас,bundle,rare,2026-02-18 16:49:00,40.33,WINTER30,paid
7325,10868,Багровый сундук,booster,legendary,2026-04-13 08:53:00,2.46,,paid
7326,10868,Ледяной плащ,battlepass,EPIC,2025-12-06 18:00:00,15.54 USD,-,paid
7327,10868,Ржавый печать,cosmetic,epic,2025-12-13 07:57:00,16.49,-,paid
7328,10868,Ржавый компас,bundle,common,2026-03-25 21:13:00,48.58,SPRING10,paid
7329,10868,Тенистый фонарь,battlepass,rare,2026-03-10 12:58:00,19.53,н/д,paid
7330,10868,Терновый печать,booster,rare,2025-12-22 04:22:00,7.48,NaN,paid
7331,10868,Древний посох,cosmetic,epic,2026-02-06 21:12:00,4.91,н/д,paid
7332,10878,Медный посох,booster,common,2025-10-06 21:40:00,8.61,,paid
7333,10889,Багровый сундук,booster,legendary,2026-05-31 21:45:00,1.84,AUTUMN25,paid
7334,10907,Костяной перчатки,battlepass,rare,2026-03-09 02:22:00,16.91,,paid
7335,10929,Костяной печать,battlepass,COMMON,2026-05-27 17:13:00,12.41,н/д,paid
7336,10957,Ледяной рог,battlepass,common,2025-10-03 10:15:00,13.34,,paid
7337,10957,Багровый сундук,booster,legendary,2025-10-01 06:54:00,2.46 USD,,paid
7338,10957,Золочёный посох,booster,rare,2025-10-04 03:04:00,1.69,н/д,paid
7339,10957,Изумрудный посох,booster,common,02.11.2025 16:19:00,5.38,RETURN20,paid
7340,10957,Тенистый посох,bundle,common,2025-09-26 06:59:00,15.47,SPRING10,paid
7341,10957,Медный печать,bundle,rare,16.11.2025 03:42:00,33.96,,paid
7342,10957,Ржавый амулет,currency,common,29.09.2025 15:17:00,51.66,NaN,paid
7343,10957,Терновый венец,cosmetic,rare,27.09.2025 01:52:00,5.89,,paid
7344,10957,Терновый венец,cosmetic,rare,2025-10-03 08:53:00,5.89,н/д,paid
7345,10957,Терновый сундук,booster,EPIC,2025-12-08 14:08:00,5.20,,paid
7346,10957,Тенистый венец,currency,COMMON,2025-09-27 11:29:00,56.47,,paid
7347,10957,Ледяной плащ,battlepass,epic,2025-10-21 02:45:00,15.54,-,paid
7348,10957,Ледяной перчатки,battlepass,epic,2025-10-11 12:35:00,11.49,н/д,paid
7349,10957,Багровый фонарь,booster,common,30.11.2025 22:22:00,9.82,NaN,paid
7350,10957,Медный маска,battlepass,COMMON,2025-10-01 15:12:00,11.25,,paid
7351,10957,Терновый венец,cosmetic,rare,2025-11-29 00:29:00,4.12,WINTER30,paid
7352,10968,Ледяной рог,battlepass,COMMON,2025-10-17 09:15:00,13.34,,paid
7353,10968,Багровый плащ,currency,epic,16.10.2025 22:59:00,"75,44",н/д,paid
7354,11009,Золочёный компас,bundle,rare,2025-12-18 10:19:00,43.21,AUTUMN25,paid
7355,11030,Терновый венец,cosmetic,rare,2025-09-28 02:57:00,5.89,,paid
7356,11030,Тенистый рог,cosmetic,epic,2025-09-28 15:36:00,8.90,AUTUMN25,paid
7357,11030,Костяной венец,currency,common,2025-09-28 13:50:00,"95,16",,paid
7358,11036,Костяной печать,battlepass,common,2026-06-30 07:54:00,12.41,,paid
7359,11039,Лунный сундук,currency,common,2026-06-11 02:27:00,73.48,,paid
7360,11049,Пепельный посох,booster,rare,2025-09-18 16:28:00,9.85,,paid
7361,11049,Изумрудный посох,booster,common,2025-09-13 21:30:00,6.73,null,paid
7362,11049,Костяной печать,battlepass,common,19.09.2025 17:17:00,10.55,WELCOME15,paid
7363,11049,Терновый сундук,booster,epic,2025-09-11 00:03:00,3.90,AUTUMN25,paid
7364,11049,Ледяной плащ,battlepass,epic,2025-09-22 17:02:00,15.54,NaN,paid
7365,11049,Костяной маска,currency,LEGENDARY,2025-09-11 05:42:00,23.03,null,paid
7366,11049,Багровый сундук,booster,LEGENDARY,2025-09-23 18:08:00,2.46,,paid
7367,11049,Ледяной плащ,battlepass,epic,2025-09-12 18:22:00,15.54,,paid
7368,11049,Древний сундук,bundle,common,2026-07-07 00:00:00,45.68,WELCOME15,paid
7369,11049,Медный маска,battlepass,common,2025-09-11 13:01:00,9.56 USD,WELCOME15,paid
7370,11057,Золочёный рог,currency,common,2025-10-14 01:58:00,74.57,н/д,paid
7371,11082,Пепельный рог,booster,EPIC,2025-09-04 00:12:00,7.12 USD,н/д,paid
7372,11082,Медный амулет,cosmetic,common,2025-09-02 22:22:00,"6,48",RETURN20,paid
7373,11082,Золочёный посох,booster,rare,2025-09-24 10:52:00,1.69,null,paid
7374,11082,Ледяной плащ,battlepass,epic,2025-09-05 17:06:00,-,WELCOME15,paid
7375,11082,Медный перчатки,currency,rare,2025-09-24 15:11:00,48.43,RETURN20,paid
7376,11082,Ржавый амулет,currency,common,2025-09-20 10:08:00,46.49,SPRING10,paid
7377,11082,Ржавый амулет,currency,common,21.09.2025 07:23:00,51.66,,paid
7378,11082,Медный посох,booster,common,2025-09-02 12:06:00,8.61,,paid
7379,11082,Ледяной плащ,battlepass,EPIC,2025-09-10 09:36:00,15.54 USD,,paid
7380,11082,Медный маска,battlepass,common,2025-10-01 01:03:00,11.25,NaN,paid
7381,11085,Багровый сундук,booster,legendary,2025-11-10 14:50:00,2.46,,paid
7382,11085,Ржавый амулет,currency,common,2025-11-09 03:13:00,"51,66",н/д,paid
7383,11085,Терновый сундук,booster,epic,2025-11-09 02:15:00,5.20,null,paid
7384,11134,Ледяной амулет,booster,rare,2026-01-25 16:09:00,4.52,-,paid
7385,11156,Медный печать,bundle,rare,2026-05-21 06:59:00,33.96,,paid
7386,11164,Ржавый амулет,currency,common,29.06.2026 00:00:00,46.49,SPRING10,paid
7387,11164,Тенистый рог,cosmetic,epic,2026-03-12 01:25:00,11.87 USD,-,paid
7388,11164,Изумрудный сундук,booster,COMMON,2026-03-24 12:01:00,6.33,NaN,paid
7389,11193,Костяной венец,currency,common,2026-05-27 04:56:00,95.16,н/д,paid
7390,11193,Костяной посох,currency,COMMON,15.04.2026 12:34:00,31.49,,paid
7391,11193,Золочёный компас,bundle,RARE,2026-04-15 18:42:00,57.62,,paid
7392,11193,Терновый печать,booster,rare,2026-05-04 14:42:00,5.24,WINTER30,paid
7393,11193,Изумрудный посох,booster,common,2026-06-09 19:13:00,6.73,-,paid
7394,11193,Медный посох,booster,common,2026-05-15 02:40:00,6.03,WINTER30,paid
7395,11193,Пепельный посох,booster,rare,02.06.2026 23:28:00,9.85,NaN,paid
7396,11193,Лунный посох,battlepass,legendary,22.05.2026 08:51:00,12.81,NaN,paid
7397,11231,Ледяной рог,battlepass,common,16.01.2026 12:07:00,13.34,-,refunded
7398,11234,Ржавый печать,cosmetic,EPIC,18.10.2025 00:47:00,16.49,,paid
7399,11263,Ржавый плащ,currency,legendary,2026-05-29 13:38:00,60.75,,paid
7400,11263,Ледяной рог,battlepass,COMMON,2026-06-05 19:47:00,10.67,RETURN20,paid
7401,11263,Багровый плащ,currency,epic,2026-05-30 12:33:00,75.44,NaN,paid
7402,11292,Тенистый клинок,bundle,legendary,2025-11-21 03:31:00,"63,71",SPRING10,paid
7403,11292,Ледяной плащ,battlepass,EPIC,17.11.2025 13:02:00,15.54,null,paid
7404,11304,Золочёный рог,currency,COMMON,2026-06-03 14:36:00,74.57,NaN,paid
7405,11308,Тенистый рог,cosmetic,epic,2025-09-25 12:53:00,11.87,null,paid
7406,11308,Костяной венец,currency,common,01.09.2025 09:36:00,66.61 USD,WINTER30,paid
7407,11322,Пепельный плащ,currency,common,25.11.2025 20:05:00,54.75,NaN,paid
7408,11322,Тенистый рог,cosmetic,epic,2025-11-26 04:21:00,"11,87",н/д,paid
7409,11322,Костяной перчатки,battlepass,rare,2025-11-25 05:13:00,16.91,,paid
7410,11323,Ледяной рог,battlepass,COMMON,2026-01-17 17:01:00,13.34,,paid
7411,11353,Костяной посох,currency,common,2025-11-12 23:29:00,31.49,,paid
7412,11369,Тенистый фонарь,battlepass,rare,2026-02-19 07:38:00,16.60,WELCOME15,paid
7413,11369,Ледяной рог,battlepass,common,2026-02-19 18:50:00,13.34,-,paid
7414,11372,Багровый сундук,booster,legendary,2026-05-03 23:46:00,2.46 USD,,paid
7415,11377,Золочёный посох,booster,rare,2026-03-15 13:55:00,1.69,,paid
7416,11401,Багровый сундук,booster,legendary,2025-12-15 05:46:00,"2,46",,paid
7417,11417,Изумрудный маска,booster,legendary,01.12.2025 21:33:00,8.24,,paid
7418,11417,Древний сундук,bundle,common,29.11.2025 11:48:00,53.74,NaN,paid
7419,11417,Медный печать,bundle,rare,2025-11-30 04:23:00,27.17,RETURN20,paid
7420,11417,Изумрудный печать,cosmetic,common,2025-11-28 15:10:00,21.79 USD,-,paid
7421,11417,Пепельный печать,battlepass,common,2025-12-06 09:21:00,10.54,н/д,paid
7422,11417,Медный амулет,cosmetic,COMMON,2025-12-09 08:13:00,8.10,,paid
7423,11417,Пепельный компас,booster,EPIC,2025-11-28 22:30:00,5.34,RETURN20,paid
7424,11417,Костяной венец,currency,COMMON,2025-11-29 16:03:00,NaN,null,paid
7425,11417,Костяной венец,currency,common,2025-11-28 01:21:00,95.16,-,paid
7426,11417,Золочёный перчатки,cosmetic,rare,2025-12-05 22:11:00,18.76,н/д,paid
7427,11417,Ледяной плащ,battlepass,epic,2025-11-28 01:07:00,13.99,SPRING10,paid
7428,11417,Пепельный плащ,currency,common,28.11.2025 02:02:00,54.75,null,paid
7429,11417,Терновый рог,bundle,epic,2025-12-07 15:34:00,17.39,NaN,paid
7430,11417,Изумрудный печать,cosmetic,common,2025-11-29 01:32:00,16.34,AUTUMN25,paid
7431,11417,Ледяной плащ,battlepass,epic,2025-12-01 11:53:00,15.54,null,paid
7432,11425,Ледяной маска,cosmetic,common,30.05.2026 03:24:00,7.82,,paid
7433,11437,Ледяной перчатки,battlepass,epic,09.03.2026 13:48:00,11.49,NaN,paid
7434,11456,Ледяной рог,battlepass,common,2026-07-07 00:00:00,11.34,WELCOME15,paid
7435,11482,Ржавый компас,bundle,common,2025-12-09 12:43:00,48.58,SPRING10,paid
7436,11489,Костяной печать,battlepass,COMMON,2026-02-26 14:00:00,12.41,,paid
7437,11489,Костяной венец,currency,common,2026-02-27 14:54:00,95.16,null,paid
7438,11493,Пепельный плащ,currency,common,04.05.2026 02:05:00,46.54,WELCOME15,paid
7439,11496,Багровый сундук,booster,LEGENDARY,2026-03-17 03:07:00,2.46,,paid
7440,11496,Тенистый рог,cosmetic,epic,2026-03-17 16:08:00,11.87,н/д,paid
7441,11496,Терновый сундук,booster,epic,2026-03-21 19:11:00,5.20,,paid
7442,11496,Пепельный печать,battlepass,common,2026-03-18 08:25:00,10.54,NaN,paid
7443,11499,Изумрудный маска,booster,legendary,28.09.2025 00:55:00,"8,24",н/д,paid
7444,11499,Тенистый рог,cosmetic,epic,2025-09-25 19:19:00,11.87 USD,н/д,paid
7445,11499,Золочёный компас,bundle,rare,2025-09-25 16:59:00,57.62 USD,null,paid
7446,11499,Лунный венец,currency,epic,2025-09-23 17:16:00,25.09,RETURN20,paid
7447,11499,Тенистый посох,bundle,COMMON,2025-09-28 21:19:00,17.19 USD,,paid
7448,11505,Тенистый рог,cosmetic,epic,2026-06-22 01:05:00,11.87,,paid
7449,11506,Медный посох,booster,common,09.10.2025 23:06:00,8.61,,paid
7450,11506,Багровый фонарь,booster,common,19.09.2025 11:10:00,9.82,,paid
7451,11506,Костяной клинок,cosmetic,common,2025-09-30 20:04:00,"17,78",,paid
7452,11506,Ледяной плащ,battlepass,epic,2025-09-27 15:20:00,11.65,AUTUMN25,paid
7453,11506,Золочёный маска,currency,RARE,13.11.2025 23:10:00,24.94,AUTUMN25,paid
7454,11555,Тенистый посох,bundle,common,2026-04-20 00:46:00,17.19,null,paid
7455,11555,Багровый сундук,booster,legendary,2026-06-21 22:34:00,н/д,RETURN20,paid
7456,11555,Ржавый фонарь,battlepass,RARE,2026-04-13 18:41:00,10.83,NaN,paid
7457,11555,Медный посох,booster,COMMON,2026-04-19 23:38:00,8.61,,paid
7458,11555,Ледяной рог,battlepass,COMMON,2026-05-28 01:02:00,11.34,WELCOME15,paid
7459,11555,Костяной маска,currency,legendary,2026-05-08 08:18:00,23.03,,paid
7460,11555,Ржавый амулет,currency,common,21.04.2026 08:55:00,46.49,SPRING10,paid
7461,11555,Лунный венец,currency,epic,02.05.2026 11:29:00,31.36,,paid
7462,11555,Костяной венец,currency,common,2026-05-17 19:54:00,95.16,,paid
7463,11555,Костяной венец,currency,common,2026-05-08 06:29:00,76.13,RETURN20,paid
7464,11555,Золочёный перчатки,cosmetic,rare,13.06.2026 17:10:00,18.76,-,paid
7465,11555,Пепельный рог,booster,epic,2026-04-13 03:43:00,7.12,NaN,paid
7466,11555,Ледяной перчатки,battlepass,epic,2026-04-15 04:56:00,11.49 USD,,paid
7467,11555,Ледяной рог,battlepass,common,2026-04-21 14:11:00,13.34,NaN,paid
7468,11555,Древний сундук,bundle,common,2026-04-24 10:58:00,53.74 USD,null,paid
7469,11555,Лунный венец,currency,epic,2026-06-06 15:24:00,28.22,SPRING10,paid
7470,11555,Золочёный рог,currency,common,20.06.2026 05:54:00,74.57,,paid
7471,11555,Лунный венец,currency,epic,2026-04-27 15:35:00,31.36,,refunded
7472,11555,Костяной венец,currency,common,2026-05-01 12:36:00,95.16,NaN,paid
7473,11555,Тенистый рог,cosmetic,epic,2026-04-13 10:28:00,11.87,н/д,paid
7474,11555,Изумрудный печать,cosmetic,common,2026-06-28 19:35:00,18.52 USD,WELCOME15,paid
7475,11555,Тенистый фонарь,battlepass,rare,2026-04-13 05:56:00,"19,53",,paid
7476,11555,Ржавый печать,cosmetic,epic,2026-06-06 13:08:00,16.49 USD,null,paid
7477,11555,Ледяной плащ,battlepass,EPIC,2026-05-05 17:07:00,15.54,,paid
7478,11555,Золочёный посох,booster,rare,2026-05-16 03:55:00,1.69,-,paid
7479,11555,Костяной маска,currency,legendary,2026-05-18 06:01:00,23.03,н/д,paid
7480,11555,Тенистый фонарь,battlepass,rare,2026-05-31 08:46:00,19.53,,paid
7481,11555,Пепельный печать,battlepass,common,2026-04-15 16:10:00,10.54,-,paid
7482,11555,Пепельный посох,booster,rare,2026-06-25 14:35:00,9.85,null,paid
7483,11555,Ледяной перчатки,battlepass,epic,2026-06-25 06:59:00,11.49,NaN,paid
7484,11555,Костяной венец,currency,common,2026-05-21 11:38:00,95.16,,paid
7485,11555,Золочёный рог,currency,common,2026-06-21 12:27:00,74.57,,paid
7486,11555,Изумрудный сундук,booster,common,2026-05-14 05:03:00,6.33,NaN,paid
7487,11557,Ржавый компас,bundle,common,2026-02-22 13:48:00,53.98,null,paid
7488,11564,Тенистый венец,currency,common,2025-12-24 16:47:00,48.00,WELCOME15,paid
7489,11571,Костяной венец,currency,common,2025-12-21 23:20:00,95.16 USD,н/д,paid
7490,11571,Пепельный печать,battlepass,common,2025-12-19 09:06:00,7.38,WINTER30,paid
7491,11571,Золочёный перчатки,cosmetic,rare,19.12.2025 15:17:00,18.76,,paid
7492,11579,Тенистый рог,cosmetic,epic,2025-10-16 22:28:00,"11,87",,paid
7493,11586,Терновый рог,bundle,epic,2026-05-06 10:51:00,17.39 USD,,paid
7494,11586,Ржавый плащ,currency,legendary,2026-05-06 18:50:00,42.52,WINTER30,paid
7495,11586,Ржавый фонарь,battlepass,RARE,2026-05-03 15:34:00,10.83,,paid
7496,11586,Терновый сундук,booster,epic,2026-04-29 14:08:00,5.20,NaN,paid
7497,11586,Костяной венец,currency,common,2026-05-06 20:57:00,66.61,WINTER30,paid
7498,11586,Тенистый рог,cosmetic,epic,25.04.2026 19:38:00,11.87,NaN,paid
7499,11586,Терновый печать,booster,rare,2026-05-13 01:48:00,7.48 USD,null,paid
7500,11586,Пепельный печать,battlepass,common,2026-04-21 04:39:00,10.54,NaN,paid
7501,11586,Терновый венец,cosmetic,RARE,2026-04-28 03:12:00,5.89,,paid
7502,11586,Золочёный сундук,booster,epic,2026-04-24 00:52:00,7.86,RETURN20,paid
7503,11586,Медный амулет,cosmetic,COMMON,02.05.2026 20:28:00,8.10,NaN,paid
7504,11586,Ледяной рог,battlepass,common,2026-04-26 05:31:00,13.34,-,paid
7505,11586,Терновый венец,cosmetic,rare,2026-05-13 18:20:00,5.89,,paid
7506,11586,Золочёный рог,currency,common,11.05.2026 19:22:00,-,-,paid
7507,11586,Костяной венец,currency,COMMON,2026-05-06 08:54:00,95.16 USD,,paid
7508,11586,Ледяной рог,battlepass,common,2026-04-23 02:25:00,13.34,,paid
7509,11586,Ледяной маска,cosmetic,common,2026-04-22 09:41:00,7.82,,paid
7510,11586,Лунный венец,currency,epic,2026-05-01 01:22:00,23.52,AUTUMN25,paid
7511,11586,Ледяной плащ,battlepass,epic,2026-04-21 07:27:00,15.54,,paid
7512,11586,Терновый сундук,booster,epic,2026-04-24 20:53:00,5.20,н/д,paid
7513,11586,Ледяной перчатки,battlepass,EPIC,2026-05-03 17:32:00,11.49,NaN,paid
7514,11586,Ржавый компас,bundle,common,2026-05-14 06:44:00,53.98,null,paid
7515,11586,Терновый печать,booster,rare,2026-04-22 21:22:00,7.48,н/д,paid
7516,11586,Костяной рог,currency,rare,2026-04-25 06:48:00,28.86,null,paid
7517,11586,Багровый фонарь,booster,common,02.05.2026 18:14:00,9.82 USD,н/д,paid
7518,11586,Тенистый посох,bundle,common,2026-04-21 05:25:00,12.89,AUTUMN25,paid
7519,11586,Пепельный рог,booster,epic,2026-04-25 00:05:00,7.12,NaN,paid
7520,11586,Костяной венец,currency,COMMON,2026-05-01 10:31:00,95.16,,paid
7521,11586,Тенистый фонарь,battlepass,RARE,2026-04-21 11:26:00,NaN,-,paid
7522,11586,Ледяной плащ,battlepass,epic,2026-05-03 15:59:00,15.54,-,paid
7523,11586,Медный печать,bundle,rare,2026-04-29 09:55:00,33.96,,paid
7524,11586,Багровый сундук,booster,legendary,2026-04-21 11:14:00,1.97,RETURN20,paid
7525,11586,Ледяной плащ,battlepass,epic,2026-05-12 21:42:00,10.88,WINTER30,paid
7526,11586,Костяной венец,currency,common,2026-04-29 15:20:00,95.16,,paid
7527,11591,Пепельный рог,booster,epic,2026-02-08 13:08:00,7.12,,paid
7528,11592,Багровый сундук,booster,legendary,2025-09-29 15:11:00,2.46,null,paid
7529,11592,Ледяной плащ,battlepass,epic,2025-09-29 07:11:00,12.43 USD,RETURN20,paid
7530,11592,Ледяной рог,battlepass,common,29.09.2025 00:41:00,9.34,WINTER30,paid
7531,11592,Костяной венец,currency,COMMON,2025-09-29 01:53:00,95.16,,paid
7532,11592,Багровый фонарь,booster,COMMON,29.09.2025 14:37:00,9.82,-,paid
7533,11592,Лунный венец,currency,epic,2025-09-29 17:25:00,31.36,null,paid
7534,11592,Лунный сундук,currency,common,2026-07-28 00:00:00,62.46,WELCOME15,paid
7535,11592,Ржавый фонарь,battlepass,rare,2025-09-29 15:35:00,10.83,,paid
7536,11592,Лунный венец,currency,EPIC,2025-09-29 12:26:00,31.36,,paid
7537,11592,Ледяной рог,battlepass,common,2025-09-29 21:28:00,13.34,-,paid
7538,11592,Пепельный компас,booster,epic,2025-09-29 21:18:00,6.00,SPRING10,paid
7539,11592,Костяной венец,currency,common,2026-07-31 00:00:00,80.89,WELCOME15,paid
7540,11592,Ледяной плащ,battlepass,EPIC,2025-09-29 22:05:00,13.99,SPRING10,paid
7541,11592,Ледяной плащ,battlepass,EPIC,2025-09-29 20:43:00,15.54,,paid
7542,11592,Медный амулет,cosmetic,COMMON,2025-09-29 23:30:00,8.10,н/д,paid
7543,11592,Тенистый рог,cosmetic,epic,2025-09-29 15:41:00,11.87,NaN,paid
7544,11592,Золочёный рог,currency,common,2025-09-29 21:59:00,74.57,,paid
7545,11592,Ледяной плащ,battlepass,epic,2025-09-29 15:39:00,15.54,,paid
7546,11592,Древний сундук,bundle,common,29.09.2025 07:38:00,40.30,AUTUMN25,paid
7547,11592,Ржавый амулет,currency,common,2025-09-29 10:31:00,41.33,RETURN20,paid
7548,11592,Изумрудный маска,booster,legendary,29.09.2025 15:44:00,8.24,NaN,paid
7549,11592,Костяной венец,currency,common,2025-09-29 11:31:00,95.16,,refunded
7550,11592,Пепельный посох,booster,rare,2025-09-29 16:38:00,9.85,,paid
7551,11592,Терновый сундук,booster,epic,2025-09-29 07:06:00,4.42,WELCOME15,paid
7552,11592,Медный печать,bundle,rare,29.09.2025 05:40:00,33.96 USD,,paid
7553,11592,Золочёный компас,bundle,rare,29.09.2025 15:06:00,н/д,,paid
7554,11595,Костяной маска,currency,legendary,2025-09-22 07:20:00,23.03,NaN,paid
7555,11602,Костяной венец,currency,common,13.09.2025 16:10:00,95.16,,paid
7556,11602,Терновый сундук,booster,epic,21.09.2025 04:56:00,5.20,,paid
7557,11602,Ледяной плащ,battlepass,epic,09.10.2025 06:06:00,"15,54",,paid
7558,11602,Костяной клинок,cosmetic,common,2025-09-28 21:46:00,17.78,,paid
7559,11602,Костяной печать,battlepass,common,2025-09-11 08:04:00,12.41,null,paid
7560,11602,Терновый сундук,booster,epic,2025-09-10 13:46:00,,NaN,paid
7561,11602,Ржавый амулет,currency,common,2025-09-20 20:10:00,51.66,н/д,paid
7562,11602,Ржавый амулет,currency,common,2025-10-02 07:56:00,51.66,null,paid
7563,11602,Изумрудный сундук,booster,common,2025-09-10 01:17:00,6.33,н/д,paid
7564,11602,Изумрудный перчатки,booster,epic,2025-09-20 19:45:00,6.84,-,paid
7565,11602,Древний посох,cosmetic,epic,14.09.2025 17:04:00,4.91,н/д,paid
7566,11602,Костяной венец,currency,COMMON,2025-09-10 19:33:00,95.16,,paid
7567,11602,Золочёный перчатки,cosmetic,rare,2025-09-20 19:40:00,18.76,,paid
7568,11602,Медный посох,booster,COMMON,2025-09-15 22:19:00,7.75,SPRING10,paid
7569,11602,Костяной венец,currency,common,2025-09-19 20:00:00,95.16,,paid
7570,11602,Золочёный посох,booster,rare,2025-10-09 04:35:00,1.69,,paid
7571,11602,Медный амулет,cosmetic,common,2025-09-15 03:42:00,5.67,WINTER30,paid
7572,11602,Лунный венец,currency,epic,2025-09-22 18:18:00,31.36,null,paid
7573,11602,Пепельный плащ,currency,common,29.09.2025 11:40:00,54.75,н/д,paid
7574,11602,Тенистый рог,cosmetic,epic,08.10.2025 06:11:00,,-,paid
7575,11602,Золочёный маска,currency,rare,2025-10-03 12:20:00,29.93,SPRING10,paid
7576,11602,Пепельный компас,booster,epic,29.09.2025 08:03:00,6.67,NaN,paid
7577,11602,Изумрудный перчатки,booster,epic,2025-09-11 08:13:00,"6,16",SPRING10,paid
7578,11610,Медный перчатки,currency,rare,28.01.2026 07:31:00,60.54,-,paid
7579,11616,Тенистый посох,bundle,COMMON,2025-09-28 19:18:00,17.19,-,paid
7580,11630,Изумрудный маска,booster,legendary,2026-02-19 13:44:00,"6,18",AUTUMN25,refunded
7581,11630,Золочёный сундук,booster,epic,2026-04-06 01:40:00,9.83,н/д,paid
7582,11630,Тенистый рог,cosmetic,epic,20.02.2026 15:15:00,н/д,WELCOME15,paid
7583,11630,Терновый сундук,booster,epic,2026-03-07 12:14:00,"5,20",,paid
7584,11630,Золочёный перчатки,cosmetic,rare,2026-03-22 20:28:00,18.76,,paid
7585,11630,Терновый венец,cosmetic,rare,2026-03-12 03:11:00,"5,89",н/д,paid
7586,11630,Костяной маска,currency,legendary,2026-03-07 00:23:00,23.03,,paid
7587,11630,Медный печать,bundle,rare,2026-03-20 11:15:00,33.96,NaN,refunded
7588,11630,Тенистый рог,cosmetic,epic,2026-02-11 01:41:00,9.50 USD,RETURN20,paid
7589,11630,Изумрудный сундук,booster,common,2026-02-09 00:09:00,6.33,NaN,paid
7590,11630,Терновый печать,booster,RARE,2026-02-09 08:24:00,7.48,,paid
7591,11630,Ржавый печать,cosmetic,EPIC,2026-03-05 23:36:00,16.49,null,paid
7592,11630,Ледяной амулет,booster,rare,2026-03-04 19:01:00,4.52,,paid
7593,11630,Ржавый компас,bundle,common,2026-02-13 22:50:00,53.98,null,paid
7594,11630,Ледяной плащ,battlepass,epic,2026-02-13 09:21:00,15.54,,paid
7595,11630,Тенистый фонарь,battlepass,rare,2026-02-25 00:21:00,19.53,,paid
7596,11630,Ржавый печать,cosmetic,epic,30.03.2026 23:16:00,13.19,RETURN20,refunded
7597,11630,Лунный венец,currency,epic,2026-02-19 05:01:00,31.36,null,paid
7598,11630,Ржавый печать,cosmetic,epic,2026-03-29 00:43:00,14.84,SPRING10,paid
7599,11630,Медный маска,battlepass,common,2026-03-16 17:42:00,11.25,,paid
7600,11630,Медный печать,bundle,rare,12.03.2026 12:51:00,33.96,-,paid
7601,11630,Древний венец,cosmetic,common,12.03.2026 06:02:00,7.99,,paid
7602,11630,Багровый печать,currency,LEGENDARY,2026-02-28 22:57:00,51.22,-,paid
7603,11630,Ледяной плащ,battlepass,epic,2026-03-28 21:12:00,13.99,SPRING10,paid
7604,11630,Тенистый рог,cosmetic,EPIC,2026-03-06 19:51:00,11.87,null,paid
7605,11630,Медный перчатки,currency,rare,2026-03-19 18:55:00,60.54,,paid
7606,11630,Тенистый плащ,bundle,EPIC,2026-02-10 04:10:00,"27,96",,paid
7607,11630,Терновый венец,cosmetic,RARE,10.02.2026 04:52:00,5.89,н/д,paid
7608,11630,Пепельный плащ,currency,common,2026-02-27 01:52:00,54.75 USD,null,paid
7609,11630,Золочёный маска,currency,rare,10.02.2026 07:39:00,"23,27",WINTER30,paid
7610,11630,Золочёный маска,currency,rare,2026-02-23 15:59:00,33.25,н/д,paid
7611,11630,Пепельный печать,battlepass,COMMON,26.02.2026 02:04:00,7.38,WINTER30,paid
7612,11630,Ржавый печать,cosmetic,epic,2026-02-12 15:00:00,16.49,-,paid
7613,11630,Терновый сундук,booster,epic,11.02.2026 00:19:00,5.20,,paid
7614,11630,Изумрудный маска,booster,legendary,2026-02-09 22:56:00,8.24,н/д,paid
7615,11630,Тенистый посох,bundle,common,2026-04-03 12:33:00,17.19,null,paid
7616,11630,Костяной печать,battlepass,common,2026-03-08 08:31:00,12.41,н/д,paid
7617,11630,Костяной клинок,cosmetic,common,14.02.2026 17:41:00,12.45,WINTER30,paid
7618,11630,Изумрудный перчатки,booster,epic,2026-03-19 01:42:00,6.84,,paid
7619,11630,Лунный сундук,currency,common,2026-02-12 08:14:00,73.48,-,paid
7620,11630,Лунный плащ,cosmetic,common,2026-03-29 23:10:00,21.65,,paid
7621,11630,Ржавый плащ,currency,legendary,2026-03-29 08:15:00,60.75,,paid
7622,11630,Ледяной рог,battlepass,common,2026-02-09 23:58:00,10.00 USD,AUTUMN25,paid
7623,11630,Терновый венец,cosmetic,rare,2026-02-18 05:30:00,5.89 USD,null,paid
7624,11630,Медный перчатки,currency,RARE,05.04.2026 05:45:00,"60,54",,paid
7625,11630,Костяной венец,currency,COMMON,25.02.2026 03:55:00,95.16,,paid
7626,11630,Ледяной плащ,battlepass,EPIC,2026-03-17 15:01:00,10.88,WINTER30,paid
7627,11630,Тенистый плащ,bundle,epic,2026-02-24 02:12:00,27.96,,paid
7628,11630,Золочёный посох,booster,rare,2026-03-23 12:24:00,1.69,-,paid
7629,11630,Ледяной рог,battlepass,common,2026-02-28 17:55:00,13.34,-,paid
7630,11630,Ледяной плащ,battlepass,EPIC,20.02.2026 06:40:00,13.21,WELCOME15,paid
7631,11630,Пепельный плащ,currency,common,2026-02-14 15:47:00,54.75,-,paid
7632,11630,Костяной венец,currency,COMMON,2026-02-16 04:44:00,"95,16",null,paid
7633,11630,Тенистый рог,cosmetic,epic,2026-02-22 11:47:00,11.87,NaN,paid
7634,11630,Терновый венец,cosmetic,RARE,2026-04-04 03:14:00,4.42,AUTUMN25,paid
7635,11630,Тенистый рог,cosmetic,epic,11.02.2026 04:09:00,11.87,null,paid
7636,11630,Ледяной рог,battlepass,common,2026-02-11 09:31:00,12.01,SPRING10,paid
7637,11630,Терновый рог,bundle,epic,2026-02-25 15:18:00,17.39,-,paid
7638,11630,Изумрудный посох,booster,common,2026-04-05 05:07:00,6.73,,paid
7639,11630,Лунный посох,battlepass,LEGENDARY,2026-03-20 02:03:00,9.61,AUTUMN25,paid
7640,11630,Костяной клинок,cosmetic,COMMON,2026-03-17 05:43:00,17.78,null,paid
7641,11630,Древний посох,cosmetic,epic,2026-02-09 17:00:00,4.91,н/д,paid
7642,11630,Древний посох,cosmetic,epic,2026-02-20 23:17:00,4.91,NaN,paid
7643,11630,Терновый венец,cosmetic,rare,22.03.2026 04:00:00,5.89,н/д,refunded
7644,11630,Лунный плащ,cosmetic,common,28.03.2026 00:57:00,"21,65",,paid
7645,11630,Ледяной перчатки,battlepass,epic,14.03.2026 01:54:00,10.34,SPRING10,paid
7646,11630,Тенистый рог,cosmetic,epic,06.03.2026 22:17:00,"11,87",,paid
7647,11630,Изумрудный сундук,booster,common,16.02.2026 17:02:00,4.75,AUTUMN25,paid
7648,11630,Ледяной плащ,battlepass,EPIC,2026-03-17 11:57:00,15.54,,paid
7649,11630,Багровый сундук,booster,legendary,2026-03-19 11:20:00,2.46,null,paid
7650,11630,Костяной маска,currency,legendary,11.03.2026 11:07:00,23.03,-,paid
7651,11630,Костяной венец,currency,common,2026-03-09 17:12:00,95.16,н/д,paid
7652,11630,Пепельный печать,battlepass,COMMON,2026-02-13 03:41:00,10.54,NaN,paid
7653,11630,Лунный венец,currency,epic,2026-03-20 21:40:00,21.95,WINTER30,paid
7654,11630,Ледяной плащ,battlepass,epic,2026-02-09 04:17:00,15.54,-,paid
7655,11630,Ледяной перчатки,battlepass,epic,2026-02-15 19:10:00,11.49,null,paid
7656,11630,Костяной венец,currency,COMMON,2026-02-22 05:02:00,95.16,-,paid
7657,11630,Изумрудный перчатки,booster,epic,25.02.2026 09:30:00,6.84,-,paid
7658,11630,Золочёный маска,currency,rare,2026-02-09 17:04:00,33.25,,paid
7659,11630,Костяной печать,battlepass,common,2026-03-06 05:12:00,9.31,AUTUMN25,paid
7660,11630,Ледяной плащ,battlepass,epic,2026-02-10 03:37:00,15.54 USD,,paid
7661,11630,Ржавый печать,cosmetic,epic,2026-03-10 16:45:00,16.49,-,paid
7662,11630,Ледяной рог,battlepass,common,2026-02-11 10:13:00,13.34,,paid
7663,11630,Ледяной плащ,battlepass,epic,21.07.2026 00:00:00,13.21,WELCOME15,paid
7664,11630,Ледяной плащ,battlepass,epic,2026-03-24 19:44:00,15.54,null,paid
7665,11630,Костяной венец,currency,COMMON,2026-02-26 17:12:00,95.16,NaN,paid
7666,11630,Ржавый амулет,currency,COMMON,2026-02-21 11:28:00,38.74,AUTUMN25,paid
7667,11630,Лунный венец,currency,EPIC,10.02.2026 05:52:00,31.36,,paid
7668,11630,Ледяной перчатки,battlepass,epic,13.02.2026 13:59:00,10.34,SPRING10,paid
7669,11630,Багровый сундук,booster,legendary,2026-03-22 06:29:00,2.46,н/д,paid
7670,11630,Тенистый рог,cosmetic,epic,06.04.2026 18:46:00,11.87,,paid
7671,11630,Костяной венец,currency,common,2026-02-17 04:33:00,95.16,null,paid
7672,11630,Пепельный печать,battlepass,common,04.04.2026 14:01:00,"10,54",н/д,paid
7673,11630,Изумрудный плащ,currency,common,2026-03-08 03:22:00,41.79,-,paid
7674,11630,Костяной печать,battlepass,common,2026-04-05 14:55:00,12.41,null,paid
7675,11630,Тенистый рог,cosmetic,EPIC,2026-02-27 10:51:00,11.87 USD,,paid
7676,11630,Древний венец,cosmetic,common,2026-03-21 07:14:00,7.99 USD,,paid
7677,11630,Багровый фонарь,booster,COMMON,2026-04-04 04:26:00,9.82,н/д,paid
7678,11630,Золочёный посох,booster,rare,2026-04-06 10:51:00,1.27,AUTUMN25,paid
7679,11630,Костяной маска,currency,legendary,2026-03-13 19:12:00,23.03,,paid
7680,11630,Изумрудный печать,cosmetic,common,2026-03-02 09:28:00,21.79,,paid
7681,11630,Костяной перчатки,battlepass,rare,2026-04-04 00:28:00,15.22,SPRING10,paid
7682,11630,Ледяной плащ,battlepass,epic,23.02.2026 00:51:00,15.54,null,paid
7683,11630,Пепельный печать,battlepass,common,2026-02-28 10:50:00,"10,54",,paid
7684,11630,Ледяной плащ,battlepass,epic,2026-03-05 10:37:00,15.54,,paid
7685,11630,Медный амулет,cosmetic,common,2026-02-12 09:32:00,"8,10",NaN,paid
7686,11630,Ледяной плащ,battlepass,epic,2026-03-03 00:14:00,15.54,,paid
7687,11630,Терновый венец,cosmetic,rare,2026-02-12 05:59:00,4.71,RETURN20,paid
7688,11630,Ледяной перчатки,battlepass,epic,22.03.2026 07:49:00,11.49,null,paid
7689,11630,Пепельный посох,booster,rare,2026-04-02 05:23:00,9.85,,paid
7690,11630,Терновый печать,booster,rare,2026-02-15 09:43:00,5.24,WINTER30,paid
7691,11630,Тенистый рог,cosmetic,EPIC,2026-02-19 12:21:00,11.87,-,paid
7692,11630,Древний сундук,bundle,common,2026-02-09 20:46:00,53.74,null,paid
7693,11630,Костяной венец,currency,common,26.02.2026 12:19:00,95.16,,paid
7694,11630,Багровый плащ,currency,epic,2026-03-01 23:35:00,75.44,NaN,paid
7695,11630,Медный посох,booster,common,26.03.2026 07:43:00,8.61,,paid
7696,11630,Лунный сундук,currency,common,2026-03-01 23:57:00,73.48,,paid
7697,11630,Пепельный рог,booster,epic,2026-03-12 03:14:00,7.12,,paid
7698,11630,Костяной венец,currency,COMMON,2026-02-11 10:37:00,95.16,,paid
7699,11630,Багровый печать,currency,legendary,2026-02-23 10:33:00,51.22,-,paid
7700,11630,Золочёный компас,bundle,rare,2026-03-12 19:13:00,57.62,,paid
7701,11630,Костяной венец,currency,common,31.03.2026 08:19:00,95.16 USD,-,paid
7702,11630,Пепельный компас,booster,epic,2026-04-02 00:48:00,6.67,NaN,paid
7703,11630,Ржавый печать,cosmetic,epic,2026-02-14 06:56:00,16.49,null,paid
7704,11630,Лунный посох,battlepass,LEGENDARY,09.03.2026 22:18:00,12.81,null,paid
7705,11630,Изумрудный плащ,currency,common,2026-03-14 16:46:00,41.79,н/д,paid
7706,11630,Ледяной рог,battlepass,COMMON,2026-03-01 18:58:00,13.34,,paid
7707,11630,Тенистый фонарь,battlepass,rare,2026-02-10 14:46:00,19.53,,paid
7708,11630,Ледяной рог,battlepass,COMMON,2026-02-09 04:08:00,13.34,,paid
7709,11630,Древний венец,cosmetic,common,12.02.2026 04:32:00,6.39,RETURN20,paid
7710,11630,Ледяной плащ,battlepass,epic,2026-02-27 09:20:00,15.54,-,paid
7711,11630,Ржавый амулет,currency,common,2026-02-28 21:46:00,51.66,н/д,paid
7712,11630,Тенистый посох,bundle,common,2026-02-14 14:29:00,12.89,AUTUMN25,paid
7713,11630,Терновый венец,cosmetic,rare,2026-03-08 14:27:00,5.01,WELCOME15,paid
7714,11630,Ледяной перчатки,battlepass,EPIC,2026-03-08 03:51:00,11.49,,paid
7715,11630,Ржавый амулет,currency,common,2026-02-10 10:32:00,38.74 USD,AUTUMN25,paid
7716,11668,Медный маска,battlepass,common,2026-01-19 04:47:00,"11,25",,paid
7717,11668,Тенистый фонарь,battlepass,rare,2026-02-27 10:42:00,19.53,NaN,paid
7718,11668,Пепельный посох,booster,rare,03.02.2026 05:07:00,9.85,,paid
7719,11668,Ледяной плащ,battlepass,epic,2026-01-27 22:57:00,15.54,н/д,paid
7720,11668,Ледяной плащ,battlepass,epic,2026-02-09 13:22:00,15.54,,paid
7721,11668,Пепельный плащ,currency,common,2025-12-18 20:38:00,54.75,н/д,paid
7722,11668,Тенистый рог,cosmetic,epic,2026-01-18 03:19:00,11.87,,paid
7723,11668,Тенистый фонарь,battlepass,RARE,2025-12-26 04:33:00,19.53,н/д,paid
7724,11668,Тенистый рог,cosmetic,epic,2026-02-01 10:57:00,10.09,WELCOME15,refunded
7725,11668,Багровый плащ,currency,epic,2025-12-18 14:48:00,75.44,null,paid
7726,11668,Золочёный посох,booster,rare,06.03.2026 13:51:00,1.69 USD,,paid
7727,11668,Медный амулет,cosmetic,common,2026-02-14 10:46:00,6.88,WELCOME15,paid
7728,11668,Костяной венец,currency,COMMON,17.12.2025 15:29:00,95.16,,paid
7729,11680,Тенистый посох,bundle,common,30.09.2025 16:51:00,13.75,RETURN20,paid
7730,11693,Ледяной амулет,booster,rare,13.06.2026 14:36:00,null,,paid
7731,11731,Лунный венец,currency,epic,26.04.2026 06:08:00,23.52,AUTUMN25,paid
7732,11731,Ржавый амулет,currency,COMMON,2026-04-12 13:19:00,51.66,,paid
7733,11740,Терновый венец,cosmetic,rare,2026-04-01 02:03:00,,,paid
7734,11748,Костяной венец,currency,COMMON,28.04.2026 11:57:00,95.16,,paid
7735,11757,Медный посох,booster,common,26.10.2025 19:31:00,"8,61",NaN,paid
7736,11772,Тенистый клинок,bundle,LEGENDARY,12.11.2025 08:00:00,"70,79",NaN,paid
7737,11776,Тенистый рог,cosmetic,EPIC,2025-12-01 18:11:00,8.31,WINTER30,paid
7738,11776,Пепельный компас,booster,epic,2025-12-01 05:10:00,6.67,-,paid
7739,11802,Костяной перчатки,battlepass,rare,2025-12-13 16:34:00,16.91,,paid
7740,11812,Пепельный печать,battlepass,common,2026-05-13 12:48:00,"10,54",,paid
7741,11831,Тенистый венец,currency,common,2025-11-19 07:09:00,56.47,,paid
7742,11855,Терновый сундук,booster,EPIC,2025-12-22 13:48:00,5.20,-,paid
7743,11855,Костяной перчатки,battlepass,RARE,2025-11-23 05:36:00,16.91,,paid
7744,11855,Костяной перчатки,battlepass,rare,2025-12-04 22:12:00,16.91,,paid
7745,11855,Ледяной плащ,battlepass,epic,2025-11-01 21:38:00,15.54,,paid
7746,11855,Костяной венец,currency,COMMON,2025-10-31 01:10:00,95.16,,paid
7747,11855,Тенистый рог,cosmetic,EPIC,29.12.2025 17:22:00,"11,87",,paid
7748,11855,Ледяной плащ,battlepass,epic,2025-12-17 21:36:00,15.54,,paid
7749,11855,Багровый плащ,currency,epic,2025-12-13 19:43:00,75.44,NaN,paid
7750,11855,Изумрудный посох,booster,common,2026-01-14 23:50:00,6.73,null,paid
7751,11855,Терновый сундук,booster,epic,2025-12-11 17:46:00,-,SPRING10,paid
7752,11875,Терновый рог,bundle,epic,09.03.2026 02:48:00,17.39,-,paid
7753,11875,Багровый сундук,booster,legendary,2026-03-31 12:15:00,2.46,null,paid
7754,11875,Золочёный посох,booster,rare,2026-02-21 07:00:00,1.69,,paid
7755,11875,Ледяной рог,battlepass,common,2026-05-03 22:10:00,13.34,,paid
7756,11875,Костяной печать,battlepass,common,2026-03-01 20:46:00,12.41,,paid
7757,11875,Костяной венец,currency,COMMON,2026-03-02 07:59:00,-,AUTUMN25,paid
7758,11890,Древний посох,cosmetic,epic,2025-10-04 02:53:00,3.68,AUTUMN25,paid
7759,11890,Золочёный рог,currency,COMMON,04.10.2025 03:01:00,74.57,NaN,paid
7760,11890,Изумрудный маска,booster,legendary,2025-10-04 05:42:00,7.42,SPRING10,paid
7761,11890,Пепельный печать,battlepass,common,2025-10-04 03:00:00,8.43,RETURN20,paid
7762,11902,Изумрудный посох,booster,common,2025-11-02 13:43:00,6.73 USD,-,paid
7763,11902,Тенистый рог,cosmetic,EPIC,2025-11-17 18:34:00,11.87,null,paid
7764,11902,Пепельный рог,booster,epic,2025-12-27 00:00:00,5.34,AUTUMN25,paid
7765,11902,Ледяной рог,battlepass,COMMON,2025-11-07 10:01:00,13.34,NaN,paid
7766,11902,Ржавый амулет,currency,common,2025-11-01 08:12:00,51.66,,paid
7767,11913,Ржавый амулет,currency,common,29.01.2026 16:42:00,51.66,н/д,paid
7768,11934,Пепельный плащ,currency,common,2026-01-19 18:06:00,54.75,null,paid
7769,11957,Ледяной плащ,battlepass,epic,2026-04-28 21:22:00,13.99,SPRING10,paid
7770,11968,Медный амулет,cosmetic,COMMON,2025-09-25 10:45:00,8.10,null,paid
7771,11968,Древний посох,cosmetic,epic,2025-09-23 21:34:00,4.42,SPRING10,paid
7772,11968,Пепельный плащ,currency,common,2025-09-30 10:32:00,54.75 USD,,paid
7773,11968,Лунный плащ,cosmetic,common,2025-09-23 07:48:00,21.65 USD,null,paid
7774,11968,Костяной печать,battlepass,common,2025-10-01 03:11:00,10.55,WELCOME15,paid
7775,11968,Костяной венец,currency,common,2025-09-23 14:28:00,95.16,н/д,paid
7776,11970,Терновый сундук,booster,epic,2026-04-07 07:19:00,5.20,-,paid
7777,11970,Терновый венец,cosmetic,rare,23.02.2026 12:39:00,5.89,-,paid
7778,11970,Багровый печать,currency,legendary,2026-02-25 13:30:00,"51,22",,paid
7779,11970,Изумрудный печать,cosmetic,common,2026-06-28 23:10:00,21.79,н/д,paid
7780,11970,Терновый венец,cosmetic,RARE,2026-04-04 13:18:00,4.12,WINTER30,paid
7781,11970,Ржавый плащ,currency,legendary,2026-02-23 05:33:00,"60,75",-,paid
7782,11970,Изумрудный перчатки,booster,epic,2026-02-20 02:28:00,6.84,-,paid
7783,11970,Костяной венец,currency,common,2026-03-15 10:57:00,95.16,н/д,paid
7784,11970,Костяной венец,currency,common,2026-02-19 19:07:00,85.64,SPRING10,paid
7785,11970,Костяной клинок,cosmetic,COMMON,2026-02-17 14:43:00,17.78,null,paid
7786,11970,Пепельный посох,booster,rare,2026-02-12 15:37:00,9.85,,paid
7787,11970,Костяной венец,currency,common,2026-02-22 19:20:00,95.16,,paid
7788,11970,Костяной клинок,cosmetic,common,2026-04-26 11:40:00,17.78,,paid
7789,11970,Тенистый фонарь,battlepass,rare,21.04.2026 15:20:00,16.60,WELCOME15,paid
7790,11970,Багровый сундук,booster,LEGENDARY,2026-05-30 10:11:00,2.46,,paid
7791,11970,Тенистый плащ,bundle,epic,2026-04-15 02:57:00,27.96,null,paid
7792,11970,Багровый фонарь,booster,common,2026-04-15 20:43:00,9.82,,paid
7793,11970,Тенистый плащ,bundle,epic,11.02.2026 16:12:00,27.96 USD,null,paid
7794,11970,Костяной венец,currency,common,2026-06-18 23:26:00,95.16,-,paid
7795,11970,Изумрудный маска,booster,legendary,2026-02-13 01:39:00,8.24,н/д,paid
7796,11970,Медный маска,battlepass,common,2026-04-07 09:39:00,"9,56",WELCOME15,paid
7797,11970,Лунный плащ,cosmetic,COMMON,2026-02-26 11:24:00,21.65,,refunded
7798,11970,Изумрудный печать,cosmetic,common,02.06.2026 05:46:00,21.79 USD,null,paid
7799,11970,Ржавый фонарь,battlepass,rare,2026-07-11 00:00:00,"8,66",RETURN20,paid
7800,11970,Ржавый амулет,currency,common,2026-02-13 14:35:00,51.66,,paid
7801,11970,Изумрудный перчатки,booster,epic,2026-03-28 14:37:00,6.16,SPRING10,paid
7802,11970,Лунный плащ,cosmetic,common,18.02.2026 15:45:00,21.65 USD,,paid
7803,11970,Тенистый плащ,bundle,epic,2026-05-03 10:09:00,27.96,-,paid
7804,11970,Костяной венец,currency,common,14.04.2026 23:27:00,85.64,SPRING10,paid
7805,11970,Изумрудный печать,cosmetic,COMMON,05.03.2026 20:44:00,19.61,SPRING10,paid
7806,11970,Ледяной перчатки,battlepass,epic,2026-03-26 09:37:00,8.62,AUTUMN25,paid
7807,11970,Ледяной рог,battlepass,COMMON,2026-03-18 04:22:00,13.34,н/д,paid
7808,11970,Золочёный перчатки,cosmetic,rare,2026-03-15 07:24:00,18.76 USD,,paid
7809,11970,Медный маска,battlepass,common,07.06.2026 15:01:00,11.25,-,paid
7810,11970,Ржавый плащ,currency,legendary,2026-03-15 05:05:00,60.75,-,paid
7811,11970,Изумрудный плащ,currency,common,2026-05-06 23:20:00,41.79,NaN,paid
7812,11970,Терновый печать,booster,rare,2026-06-16 23:26:00,7.48,NaN,paid
7813,11970,Изумрудный маска,booster,legendary,2026-04-03 18:45:00,8.24,,paid
7814,11970,Ржавый амулет,currency,common,2026-03-19 11:18:00,46.49 USD,SPRING10,paid
7815,11970,Терновый венец,cosmetic,rare,2026-02-14 20:55:00,4.71,RETURN20,paid
7816,11970,Ледяной рог,battlepass,common,28.05.2026 03:50:00,13.34,,paid
7817,11970,Золочёный рог,currency,COMMON,2026-03-15 05:34:00,74.57,null,paid
7818,11970,Ледяной плащ,battlepass,epic,2026-03-01 15:12:00,15.54 USD,,paid
7819,11970,Ледяной перчатки,battlepass,epic,2026-04-20 20:15:00,11.49,null,paid
7820,11970,Ржавый печать,cosmetic,epic,2026-05-26 15:26:00,16.49,,paid
7821,11970,Пепельный плащ,currency,common,08.04.2026 19:46:00,54.75,н/д,paid
7822,11970,Костяной печать,battlepass,common,2026-02-12 19:37:00,9.93,RETURN20,paid
7823,11970,Лунный венец,currency,epic,2026-05-27 05:39:00,23.52,AUTUMN25,paid
7824,11970,Изумрудный маска,booster,legendary,2026-05-10 02:35:00,8.24,-,paid
7825,11970,Тенистый венец,currency,common,2026-03-18 22:51:00,56.47,NaN,paid
7826,11970,Ледяной рог,battlepass,common,2026-04-25 02:41:00,13.34,null,paid
7827,11970,Тенистый клинок,bundle,legendary,2026-02-11 04:56:00,70.79 USD,,paid
7828,11970,Лунный плащ,cosmetic,COMMON,2026-02-11 12:37:00,21.65,н/д,paid
7829,11970,Ледяной рог,battlepass,COMMON,2026-02-11 06:02:00,11.34,WELCOME15,paid
7830,11970,Тенистый фонарь,battlepass,RARE,2026-03-02 23:06:00,16.60,WELCOME15,paid
7831,11970,Ледяной рог,battlepass,COMMON,2026-03-12 04:33:00,9.34,WINTER30,paid
7832,11970,Изумрудный маска,booster,legendary,2026-02-16 08:25:00,8.24,,paid
7833,11970,Ледяной рог,battlepass,common,30.05.2026 05:57:00,12.01,SPRING10,paid
7834,11970,Ледяной маска,cosmetic,common,2026-05-23 21:29:00,5.87,AUTUMN25,paid
7835,11970,Костяной венец,currency,common,27.03.2026 05:09:00,"95,16",,paid
7836,11970,Костяной венец,currency,COMMON,31.03.2026 15:50:00,95.16,-,paid
7837,11970,Золочёный компас,bundle,rare,2026-06-04 15:59:00,57.62,NaN,paid
7838,11970,Ледяной рог,battlepass,common,2026-02-16 02:13:00,13.34,н/д,paid
7839,11970,Терновый сундук,booster,epic,10.06.2026 19:05:00,"3,90",AUTUMN25,paid
7840,11970,Терновый рог,bundle,epic,2026-02-18 19:47:00,17.39,,paid
7841,11970,Терновый сундук,booster,epic,10.03.2026 21:42:00,5.20,NaN,paid
7842,11970,Ржавый печать,cosmetic,epic,2026-02-15 08:32:00,12.37,AUTUMN25,refunded
7843,11970,Ржавый печать,cosmetic,epic,2026-03-19 21:24:00,13.19,RETURN20,paid
7844,11970,Золочёный посох,booster,rare,2026-03-24 21:53:00,1.35,RETURN20,paid
7845,11970,Изумрудный маска,booster,legendary,25.06.2026 20:45:00,8.24 USD,н/д,paid
7846,11970,Лунный посох,battlepass,legendary,2026-04-27 23:37:00,12.81,,paid
7847,11970,Пепельный посох,booster,rare,2026-05-02 20:53:00,8.87,SPRING10,paid
7848,11970,Золочёный перчатки,cosmetic,rare,12.02.2026 10:02:00,13.13,WINTER30,paid
7849,11970,Багровый сундук,booster,legendary,2026-03-15 06:06:00,,null,paid
7850,11970,Костяной венец,currency,common,2026-02-11 08:03:00,95.16,,paid
7851,11970,Лунный венец,currency,epic,20.06.2026 00:20:00,23.52,AUTUMN25,paid
7852,11970,Терновый сундук,booster,epic,2026-02-15 06:07:00,5.20,,paid
7853,11970,Ледяной плащ,battlepass,epic,2026-05-16 08:40:00,15.54,,paid
7854,11970,Изумрудный посох,booster,common,2026-06-01 16:53:00,6.73,-,paid
7855,11970,Медный амулет,cosmetic,common,13.06.2026 07:47:00,8.10,null,paid
7856,11970,Ледяной плащ,battlepass,epic,2026-03-23 16:32:00,10.88 USD,WINTER30,paid
7857,11970,Пепельный рог,booster,epic,2026-03-20 16:27:00,7.12,-,paid
7858,11970,Медный амулет,cosmetic,common,2026-03-01 04:06:00,8.10,н/д,paid
7859,11970,Изумрудный сундук,booster,common,2026-03-15 19:40:00,4.75,AUTUMN25,paid
7860,11970,Ледяной маска,cosmetic,common,29.03.2026 05:18:00,7.04,SPRING10,paid
7861,11970,Ледяной рог,battlepass,common,07.03.2026 23:32:00,13.34,н/д,paid
7862,11970,Золочёный перчатки,cosmetic,rare,2026-02-19 16:42:00,18.76 USD,NaN,paid
7863,11970,Ржавый амулет,currency,common,17.03.2026 03:29:00,51.66,н/д,paid
7864,11970,Золочёный посох,booster,rare,21.04.2026 18:06:00,1.27 USD,AUTUMN25,paid
7865,11970,Костяной посох,currency,common,2026-02-16 06:52:00,31.49,null,paid
7866,11970,Лунный венец,currency,epic,2026-06-07 02:26:00,31.36,-,paid
7867,11970,Костяной венец,currency,COMMON,2026-03-10 14:17:00,95.16,н/д,paid
7868,11970,Костяной печать,battlepass,common,2026-03-23 15:38:00,8.69,WINTER30,paid
7869,11970,Золочёный рог,currency,common,2026-03-22 18:42:00,59.66,RETURN20,paid
7870,11970,Ржавый печать,cosmetic,epic,2026-02-12 04:47:00,11.54,WINTER30,paid
7871,11970,Багровый сундук,booster,legendary,2026-02-21 07:54:00,2.46,,paid
7872,11970,Ледяной плащ,battlepass,epic,2026-02-22 00:55:00,15.54,null,paid
7873,11970,Медный печать,bundle,rare,2026-02-12 07:38:00,33.96,NaN,paid
7874,11970,Костяной печать,battlepass,common,2026-03-11 03:33:00,12.41,null,paid
7875,11970,Медный посох,booster,common,2026-02-23 00:53:00,8.61,null,paid
7876,11970,Ледяной перчатки,battlepass,epic,2026-03-25 19:08:00,11.49 USD,,paid
7877,11970,Ржавый амулет,currency,common,18.03.2026 00:36:00,51.66,NaN,paid
7878,11970,Ледяной плащ,battlepass,EPIC,2026-06-09 22:23:00,10.88,WINTER30,paid
7879,11970,Пепельный рог,booster,epic,26.06.2026 08:57:00,7.12,,paid
7880,11970,Ледяной плащ,battlepass,epic,2026-03-07 13:30:00,15.54,,paid
7881,11970,Тенистый венец,currency,common,2026-02-14 08:36:00,48.00,WELCOME15,paid
7882,11970,Лунный посох,battlepass,LEGENDARY,2026-03-19 16:48:00,"12,81",,paid
7883,11970,Золочёный посох,booster,rare,2026-05-18 17:36:00,1.44,WELCOME15,paid
7884,11970,Золочёный компас,bundle,rare,2026-02-28 22:57:00,57.62 USD,,paid
7885,11970,Золочёный посох,booster,RARE,2026-02-27 03:02:00,1.69,,paid
7886,11970,Ржавый амулет,currency,common,18.02.2026 17:01:00,51.66,,paid
7887,11970,Терновый сундук,booster,epic,2026-04-15 10:06:00,5.20,,paid
7888,11970,Золочёный компас,bundle,rare,2026-03-21 10:56:00,57.62,,paid
7889,11970,Золочёный посох,booster,rare,2026-02-11 02:36:00,1.27,AUTUMN25,paid
7890,11970,Медный маска,battlepass,common,2026-04-16 21:51:00,"11,25",н/д,paid
7891,11970,Тенистый фонарь,battlepass,rare,2026-04-03 11:09:00,19.53,н/д,paid
7892,11970,Пепельный посох,booster,rare,2026-05-25 23:52:00,9.85,,paid
7893,11970,Ледяной плащ,battlepass,epic,2026-02-17 18:49:00,15.54,null,paid
7894,11970,Ржавый печать,cosmetic,epic,2026-05-15 07:22:00,16.49,NaN,paid
7895,11970,Пепельный компас,booster,EPIC,2026-03-05 21:26:00,6.67,,paid
7896,11970,Медный печать,bundle,rare,21.07.2026 00:00:00,28.87,WELCOME15,paid
7897,11970,Медный посох,booster,common,2026-05-30 07:06:00,8.61,,paid
7898,11970,Багровый сундук,booster,legendary,2026-04-24 03:28:00,2.46,NaN,paid
7899,11970,Медный амулет,cosmetic,common,2026-02-20 11:47:00,8.10,-,paid
7900,11970,Золочёный рог,currency,common,17.02.2026 10:00:00,74.57,NaN,paid
7901,11970,Ледяной перчатки,battlepass,epic,2026-03-23 20:06:00,"11,49",,paid
7902,11970,Багровый сундук,booster,legendary,2026-04-01 12:01:00,2.46,-,paid
7903,11970,Костяной печать,battlepass,common,22.03.2026 04:33:00,12.41,н/д,paid
7904,11970,Ледяной плащ,battlepass,epic,18.06.2026 09:41:00,15.54,,paid
7905,11970,Древний венец,cosmetic,common,26.02.2026 01:22:00,6.79,WELCOME15,paid
7906,11970,Изумрудный маска,booster,legendary,2026-03-22 19:50:00,8.24,-,paid
7907,11970,Костяной венец,currency,COMMON,2026-03-05 23:35:00,null,null,paid
7908,11970,Костяной венец,currency,COMMON,2026-05-05 07:55:00,95.16,null,paid
7909,11970,Ледяной плащ,battlepass,epic,2026-04-22 08:33:00,10.88,WINTER30,paid
7910,11988,Ржавый фонарь,battlepass,rare,25.09.2025 22:19:00,10.83,NaN,paid
7911,12000,Костяной печать,battlepass,common,2026-04-10 07:58:00,12.41,null,paid
7912,875,Лунный сундук,currency,common,2026-05-21 21:42:00,73.48,,paid
7913,3928,Ржавый печать,cosmetic,epic,2026-04-13 09:08:00,16.49,null,paid
7914,427,Медный перчатки,currency,RARE,2026-01-14 12:05:00,"60,54",null,paid
7915,846,Пепельный компас,booster,epic,2026-05-26 06:35:00,6.67 USD,NaN,paid
7916,7657,Тенистый рог,cosmetic,epic,2025-12-10 22:52:00,"11,87",,paid
7917,1687,Изумрудный плащ,currency,common,2026-05-28 19:44:00,41.79,,paid
7918,6603,Костяной венец,currency,common,2025-11-28 09:17:00,95.16,,paid
7919,1080,Ржавый амулет,currency,common,2025-11-20 17:48:00,51.66,-,paid
7920,875,Лунный посох,battlepass,legendary,2026-05-30 10:24:00,12.81,NaN,paid
7921,7578,Ржавый амулет,currency,common,2026-05-08 10:14:00,51.66,,paid
7922,10550,Тенистый фонарь,battlepass,rare,2026-06-09 20:35:00,19.53,-,paid
7923,10550,Костяной венец,currency,common,2026-05-16 04:02:00,95.16,,paid
7924,10014,Ржавый амулет,currency,common,2025-10-15 20:28:00,51.66,,paid
7925,11630,Ледяной плащ,battlepass,epic,10.02.2026 03:37:00,15.54,н/д,paid
7926,3928,Пепельный рог,booster,epic,2026-04-14 08:12:00,7.12,,paid
7927,875,Тенистый посох,bundle,common,22.05.2026 08:36:00,17.19,,paid
7928,11890,Изумрудный маска,booster,legendary,2025-10-04 05:42:00,7.42,SPRING10,paid
7929,1751,Тенистый фонарь,battlepass,rare,2026-04-22 16:13:00,13.67,WINTER30,paid
7930,4127,Лунный плащ,cosmetic,common,2026-04-12 01:20:00,21.65,,refunded
7931,3928,Золочёный маска,currency,rare,2026-04-19 12:58:00,"23,27",WINTER30,paid
7932,5995,Ледяной перчатки,battlepass,EPIC,2026-06-23 18:07:00,11.49,,paid
7933,2022,Лунный венец,currency,epic,15.09.2025 15:15:00,31.36,NaN,paid
7934,7881,Костяной клинок,cosmetic,common,2026-01-03 13:18:00,17.78,NaN,paid
7935,11630,Терновый сундук,booster,epic,2026-02-11 00:19:00,5.20,null,paid
7936,10868,Золочёный компас,bundle,rare,2026-02-18 16:49:00,40.33,WINTER30,paid
7937,5348,Ржавый амулет,currency,common,2025-11-13 19:09:00,51.66,,paid
7938,4646,Золочёный маска,currency,RARE,2025-09-03 19:17:00,33.25,н/д,paid
7939,8160,Ржавый амулет,currency,COMMON,2026-04-03 22:58:00,36.16,WINTER30,paid
7940,6049,Багровый сундук,booster,legendary,2025-10-30 11:56:00,2.21 USD,SPRING10,paid
7941,8725,Пепельный плащ,currency,common,2026-02-27 22:55:00,54.75,-,paid
7942,7060,Золочёный компас,bundle,rare,2026-06-04 08:21:00,57.62,,paid
7943,3256,Костяной маска,currency,legendary,09.05.2026 13:55:00,19.58,WELCOME15,paid
7944,1522,Ржавый печать,cosmetic,epic,2025-10-27 17:17:00,16.49,,paid
7945,10550,Ржавый печать,cosmetic,epic,2026-06-19 13:16:00,12.37,AUTUMN25,paid
7946,8572,Костяной венец,currency,common,26.05.2026 00:08:00,95.16 USD,null,refunded
7947,8160,Ржавый печать,cosmetic,EPIC,2026-04-02 21:52:00,16.49,NaN,refunded
7948,1730,Ржавый печать,cosmetic,epic,23.02.2026 21:48:00,"16,49",н/д,paid
7949,8160,Ледяной рог,battlepass,common,2026-04-02 01:06:00,"12,01",SPRING10,paid
7950,8115,Золочёный перчатки,cosmetic,RARE,2026-06-10 09:46:00,18.76,,refunded
7951,4001,Тенистый венец,currency,common,2026-04-09 23:47:00,56.47,,paid
7952,875,Костяной печать,battlepass,common,2026-06-23 20:33:00,9.31,AUTUMN25,paid
7953,869,Медный печать,bundle,rare,2026-01-17 12:05:00,30.56,SPRING10,paid
7954,9203,Костяной венец,currency,common,2025-09-10 11:35:00,95.16,null,paid
7955,11630,Золочёный маска,currency,rare,2026-02-23 15:59:00,33.25,null,paid
7956,8488,Лунный посох,battlepass,LEGENDARY,2026-03-10 20:16:00,12.81,null,paid
7957,7613,Пепельный плащ,currency,common,2025-09-24 12:17:00,41.06,AUTUMN25,paid
7958,1475,Золочёный компас,bundle,rare,2025-09-06 00:12:00,51.86,SPRING10,paid
7959,9607,Костяной венец,currency,COMMON,12.05.2026 02:49:00,"95,16",,paid
7960,9701,Костяной перчатки,battlepass,rare,2026-05-28 07:54:00,16.91,,paid
7961,7578,Ледяной рог,battlepass,common,2026-05-09 23:21:00,13.34,NaN,paid
7962,9203,Пепельный печать,battlepass,common,2025-09-12 00:15:00,10.54 USD,NaN,paid
7963,6615,Изумрудный перчатки,booster,epic,2025-11-24 02:55:00,6.84,-,paid
7964,10550,Пепельный печать,battlepass,common,2026-06-10 07:13:00,10.54,null,paid
7965,1079,Ледяной плащ,battlepass,epic,2025-11-04 04:46:00,"15,54",,paid
7966,11970,Костяной венец,currency,common,2026-03-15 10:57:00,95.16,,paid
7967,9701,Медный маска,battlepass,common,28.05.2026 11:54:00,11.25 USD,null,paid
7968,9288,Ржавый амулет,currency,common,11.11.2025 04:59:00,51.66 USD,,paid
7969,5118,Пепельный плащ,currency,common,2025-12-02 18:01:00,54.75,,paid
7970,7770,Костяной венец,currency,COMMON,2025-10-07 11:10:00,95.16 USD,н/д,paid
7971,10550,Ледяной перчатки,battlepass,epic,2026-05-13 11:11:00,11.49 USD,,paid
7972,3928,Костяной рог,currency,rare,2026-04-20 22:47:00,28.86,NaN,paid
7973,4555,Тенистый рог,cosmetic,epic,22.11.2025 22:22:00,11.87,,paid
7974,680,Ледяной рог,battlepass,common,2026-04-09 09:41:00,13.34,,paid
7975,5527,Тенистый рог,cosmetic,EPIC,2025-09-10 17:50:00,11.87,,paid
7976,1080,Терновый сундук,booster,EPIC,2025-10-14 08:20:00,5.20,,paid
7977,4001,Костяной венец,currency,common,04.04.2026 17:23:00,95.16 USD,,paid
7978,11757,Медный посох,booster,common,26.10.2025 19:31:00,"8,61",NaN,paid
7979,7578,Лунный посох,battlepass,legendary,2026-05-09 13:08:00,12.81,,paid
7980,8394,Ржавый амулет,currency,COMMON,2026-03-22 05:48:00,51.66 USD,,paid
7981,6510,Ледяной маска,cosmetic,common,23.06.2026 08:06:00,7.82,,paid
7982,1452,Ледяной перчатки,battlepass,epic,2026-05-13 02:33:00,11.49 USD,,paid
7983,869,Багровый фонарь,booster,common,2026-01-11 02:56:00,9.82,NaN,paid
7984,9772,Ледяной рог,battlepass,common,2026-04-05 07:05:00,13.34,,paid
7985,10550,Ржавый фонарь,battlepass,rare,31.05.2026 16:37:00,8.12,AUTUMN25,paid
7986,4001,Ледяной рог,battlepass,COMMON,2026-05-21 06:02:00,13.34,,paid
7987,846,Ледяной перчатки,battlepass,epic,2026-02-25 22:08:00,11.49,н/д,paid
7988,2781,Терновый венец,cosmetic,rare,2025-10-16 04:50:00,5.01,WELCOME15,paid
7989,846,Терновый рог,bundle,epic,07.01.2026 08:54:00,13.91,RETURN20,paid
7990,10356,Медный посох,booster,COMMON,2026-02-13 17:50:00,7.75,SPRING10,paid
7991,7902,Лунный посох,battlepass,LEGENDARY,04.04.2026 21:26:00,11.53,SPRING10,paid
7992,1589,Лунный плащ,cosmetic,common,03.04.2026 23:02:00,17.32,RETURN20,paid
7993,11970,Ледяной рог,battlepass,common,28.05.2026 03:50:00,13.34,,paid
7994,5527,Терновый венец,cosmetic,rare,10.09.2025 03:27:00,5.89,NaN,paid
7995,2529,Ржавый печать,cosmetic,epic,11.10.2025 05:08:00,16.49,,paid
7996,10550,Терновый венец,cosmetic,rare,2026-05-13 23:43:00,"5,89",,paid
7997,11630,Изумрудный перчатки,booster,epic,25.02.2026 09:30:00,6.84,-,paid
7998,4188,Ледяной рог,battlepass,common,2026-05-12 15:43:00,13.34,,paid
7999,9904,Ледяной перчатки,battlepass,epic,16.12.2025 00:48:00,11.49,,paid
8000,2529,Медный посох,booster,common,2025-10-13 00:16:00,8.61,,paid
8001,3568,Ледяной плащ,battlepass,EPIC,2025-09-24 23:50:00,15.54,NaN,paid
8002,8181,Изумрудный маска,booster,legendary,2025-09-15 02:59:00,8.24,NaN,paid
8003,8179,Изумрудный печать,cosmetic,common,2026-02-16 07:19:00,21.79 USD,NaN,paid
8004,3834,Багровый сундук,booster,legendary,2026-04-04 00:52:00,2.46,null,paid
8005,4127,Тенистый посох,bundle,common,2026-01-25 19:49:00,17.19,,paid
8006,6797,Костяной венец,currency,COMMON,2026-02-24 22:52:00,95.16 USD,-,paid
8007,7613,Багровый сундук,booster,legendary,24.09.2025 05:13:00,2.09,WELCOME15,paid
8008,4001,Изумрудный посох,booster,COMMON,2026-04-11 09:54:00,5.05,AUTUMN25,paid
8009,2529,Терновый рог,bundle,epic,2025-10-17 14:32:00,13.91,RETURN20,paid
8010,8964,Пепельный печать,battlepass,COMMON,2026-01-06 03:05:00,7.38,WINTER30,paid
8011,7789,Лунный венец,currency,epic,03.11.2025 19:14:00,31.36,-,paid
8012,11630,Терновый венец,cosmetic,rare,22.03.2026 04:00:00,5.89,н/д,refunded
8013,4001,Ржавый печать,cosmetic,epic,22.04.2026 12:50:00,16.49,,paid
8014,1522,Багровый сундук,booster,legendary,2025-11-21 21:17:00,2.46,-,paid
8015,7513,Изумрудный маска,booster,legendary,2026-06-04 21:01:00,8.24,,paid
8016,10550,Лунный плащ,cosmetic,COMMON,2026-05-25 10:34:00,21.65,null,paid
8017,846,Пепельный посох,booster,rare,2026-01-02 09:40:00,9.85,н/д,paid
8018,9766,Ржавый компас,bundle,common,2025-09-20 22:23:00,53.98,,paid
8019,7613,Ледяной рог,battlepass,common,2025-09-24 18:47:00,13.34,-,paid
8020,6765,Лунный посох,battlepass,legendary,2026-01-11 16:43:00,10.25,RETURN20,paid
8021,6894,Лунный плащ,cosmetic,common,2026-06-06 00:38:00,21.65,,paid
8022,171,Ледяной перчатки,battlepass,epic,2026-04-16 15:10:00,11.49,null,paid
8023,4127,Костяной посох,currency,common,2026-02-12 07:37:00,25.19,RETURN20,paid
8024,8035,Ледяной плащ,battlepass,epic,2025-11-28 11:54:00,15.54 USD,,paid
8025,3367,Костяной венец,currency,COMMON,18.10.2025 23:43:00,95.16 USD,null,paid
8026,3654,Ледяной плащ,battlepass,epic,2026-05-18 05:40:00,15.54,NaN,paid
8027,11586,Пепельный рог,booster,epic,2026-04-25 00:05:00,7.12,NaN,paid
8028,4265,Тенистый рог,cosmetic,epic,2025-10-12 01:42:00,11.87,,paid
8029,7789,Лунный венец,currency,epic,2025-11-03 23:00:00,31.36,NaN,paid
8030,2883,Багровый сундук,booster,legendary,2025-09-29 09:28:00,"1,72",WINTER30,paid
8031,80,Ледяной перчатки,battlepass,epic,2026-02-24 08:32:00,11.49,null,paid
8032,10550,Терновый венец,cosmetic,rare,2026-05-14 09:56:00,5.89 USD,,paid
8033,8115,Золочёный перчатки,cosmetic,RARE,2026-06-10 09:46:00,18.76,,refunded
8034,5527,Лунный посох,battlepass,legendary,2025-09-09 14:49:00,12.81,н/д,paid
8035,1475,Пепельный печать,battlepass,common,2025-09-15 15:01:00,10.54,,paid
8036,9766,Костяной рог,currency,rare,2025-09-08 04:33:00,28.86,NaN,paid
8037,2883,Костяной венец,currency,common,2025-09-29 19:47:00,95.16,null,paid
8038,875,Изумрудный перчатки,booster,epic,30.05.2026 19:38:00,6.84,н/д,paid
8039,846,Терновый рог,bundle,epic,2026-04-10 23:43:00,"17,39",-,paid
8040,10957,Золочёный посох,booster,rare,2025-10-04 03:04:00,1.69,н/д,paid
8041,7657,Ледяной плащ,battlepass,EPIC,2025-12-10 03:06:00,15.54,null,paid
8042,869,Ледяной рог,battlepass,common,2026-01-20 18:31:00,13.34,-,paid
8043,11417,Ледяной плащ,battlepass,epic,2025-12-01 11:53:00,15.54,null,paid
8044,846,Терновый печать,booster,rare,2026-02-17 17:14:00,7.48,,paid
8045,3256,Багровый сундук,booster,legendary,2026-05-03 02:41:00,2.46,null,paid
8046,6842,Терновый сундук,booster,epic,2026-03-11 15:42:00,5.20,NaN,paid
8047,9849,Медный амулет,cosmetic,common,17.03.2026 00:44:00,6.48,RETURN20,refunded
8048,321,Ледяной плащ,battlepass,EPIC,2026-06-03 12:46:00,15.54,null,paid
8049,5527,Изумрудный плащ,currency,COMMON,2025-09-10 06:25:00,41.79,NaN,paid
8050,10783,Пепельный печать,battlepass,common,10.02.2026 05:55:00,10.54,-,paid
8051,4265,Ржавый амулет,currency,common,2025-10-12 10:17:00,51.66,н/д,paid
8052,8401,Багровый сундук,booster,legendary,2026-05-29 12:36:00,2.21,SPRING10,paid
8053,3256,Золочёный посох,booster,rare,2026-05-03 13:51:00,1.69,-,paid
8054,11049,Ледяной плащ,battlepass,epic,2025-09-12 18:22:00,15.54,,paid
8055,3928,Пепельный печать,battlepass,common,2026-05-06 19:34:00,10.54,,paid
8056,5313,Ржавый плащ,currency,LEGENDARY,2026-03-16 10:56:00,60.75,н/д,paid
